"PointID","x","y","z","Pressure","Velocity_x","Velocity_y","Velocity_z"
0, 0.000000000000000e+00, 0.000000000000000e+00, 0.000000000000000e+00, -1.002949210185052e-02, -2.766125284289596e-11, -2.497387260403874e-01, -5.437943952630947e-11
1, 3.926990816987241e-01, 0.000000000000000e+00, 0.000000000000000e+00, -9.490206774688119e-03, 6.180451742839823e-11, -1.762229728506772e-10, -5.678848911541221e-11
2, 7.853981633974483e-01, 0.000000000000000e+00, 0.000000000000000e+00, -1.002953399859892e-02, 1.093354254001672e-10, 2.497387256983734e-01, -5.661660948550166e-11
3, 1.178097245096172e+00, 0.000000000000000e+00, 0.000000000000000e+00, -9.490285673341928e-03, 1.193077384127083e-10, -1.589999773311424e-10, -5.552405334410299e-11
4, 1.570796326794897e+00, 0.000000000000000e+00, 0.000000000000000e+00, -1.002962277233999e-02, 1.070187533650884e-10, -2.497387260192079e-01, -5.407448837010857e-11
5, 1.963495408493621e+00, 0.000000000000000e+00, 0.000000000000000e+00, -9.490367216541820e-03, 8.388201118436546e-11, -1.453890201438136e-10, -5.260780862921925e-11
6, 2.356194490192345e+00, 0.000000000000000e+00, 0.000000000000000e+00, -1.002968786907180e-02, 5.670424645188104e-11, 2.497387257300628e-01, -5.142532074842231e-11
7, 2.748893571891069e+00, 0.000000000000000e+00, 0.000000000000000e+00, -9.490411766021304e-03, 3.101055650879469e-11, -1.336140691661481e-10, -5.063398732266332e-11
8, 3.141592653589793e+00, 0.000000000000000e+00, 0.000000000000000e+00, -1.002971237058265e-02, 8.669880551959043e-12, -2.497387259989755e-01, -5.027929271352679e-11
9, 3.534291735288517e+00, 0.000000000000000e+00, 0.000000000000000e+00, -9.490418577861559e-03, -1.346919644582951e-11, -1.321444902704802e-10, -5.030827439432049e-11
10, 3.926990816987241e+00, 0.000000000000000e+00, 0.000000000000000e+00, -1.002970157039729e-02, -3.898837869534017e-11, 2.497387257331292e-01, -5.078557849273837e-11
11, 4.319689898685965e+00, 0.000000000000000e+00, 0.000000000000000e+00, -9.490387649395674e-03, -6.717927918805895e-11, -1.410754447957384e-10, -5.168538187365315e-11
12, 4.712388980384690e+00, 0.000000000000000e+00, 0.000000000000000e+00, -1.002964896793511e-02, -9.433686920648287e-11, -2.497387260148083e-01, -5.293555196217735e-11
13, 5.105088062083414e+00, 0.000000000000000e+00, 0.000000000000000e+00, -9.490315057137452e-03, -1.158252613194792e-10, -1.549209852691904e-10, -5.429133945224836e-11
14, 5.497787143782138e+00, 0.000000000000000e+00, 0.000000000000000e+00, -1.002956164630603e-02, -1.222766001772225e-10, 2.497387257021950e-01, -5.548768317936194e-11
15, 5.890486225480862e+00, 0.000000000000000e+00, 0.000000000000000e+00, -9.490225032502813e-03, -9.798899907747237e-11, -1.744102099877710e-10, -5.604994991454369e-11
16, 6.283185307179586e+00, 0.000000000000000e+00, 0.000000000000000e+00, -1.002949210185052e-02, -2.766125284289596e-11, -2.497387260403874e-01, -5.437943952630947e-11
17, 0.000000000000000e+00, 3.926990816987241e-01, 0.000000000000000e+00, -1.100868787837229e-02, -2.830333190139312e-11, -2.138222163650263e-01, -5.435313329232100e-11
18, 3.926990816987241e-01, 3.926990816987241e-01, 0.000000000000000e+00, -7.595754813801364e-03, -4.252470323645682e-02, -2.070704129205354e-05, -5.842191171716276e-11
19, 7.853981633974483e-01, 3.926990816987241e-01, 0.000000000000000e+00, -3.283862448985251e-03, 9.768175156828576e-11, 2.138209664024067e-01, -5.831827187739071e-11
20, 1.178097245096172e+00, 3.926990816987241e-01, 0.000000000000000e+00, -7.595825865877292e-03, 4.252470340056567e-02, -2.070709006134107e-05, -5.719382385030234e-11
21, 1.570796326794897e+00, 3.926990816987241e-01, 0.000000000000000e+00, -1.100880465293107e-02, 9.218589172779081e-11, -2.138222164582270e-01, -5.572827715164191e-11
22, 1.963495408493621e+00, 3.926990816987241e-01, 0.000000000000000e+00, -7.595896086946858e-03, -4.252470322529801e-02, -2.070716549152200e-05, -5.434509156231844e-11
23, 2.356194490192345e+00, 3.926990816987241e-01, 0.000000000000000e+00, -3.283995499460056e-03, 4.683344402787362e-11, 2.138209662666684e-01, -5.323719617143826e-11
24, 2.748893571891069e+00, 3.926990816987241e-01, 0.000000000000000e+00, -7.595933049042132e-03, 4.252470332116415e-02, -2.070721531218332e-05, -5.245847580905950e-11
25, 3.141592653589793e+00, 3.926990816987241e-01, 0.000000000000000e+00, -1.100887974948265e-02, 7.408573515576988e-12, -2.138222165534685e-01, -5.208508816798921e-11
26, 3.534291735288517e+00, 3.926990816987241e-01, 0.000000000000000e+00, -7.595938906122883e-03, -4.252470330601985e-02, -2.070722165211085e-05, -5.214346630790289e-11
27, 3.926990816987241e+00, 3.926990816987241e-01, 0.000000000000000e+00, -3.284007378367294e-03, -3.121984654342234e-11, 2.138209662545900e-01, -5.261606078570731e-11
28, 4.319689898685965e+00, 3.926990816987241e-01, 0.000000000000000e+00, -7.595913994456432e-03, 4.252470324047058e-02, -2.070718204096579e-05, -5.344534360205296e-11
29, 4.712388980384690e+00, 3.926990816987241e-01, 0.000000000000000e+00, -1.100882787997053e-02, -8.008288758511811e-11, -2.138222164778987e-01, -5.461122773227036e-11
30, 5.105088062083414e+00, 3.926990816987241e-01, 0.000000000000000e+00, -7.595852246848681e-03, -4.252470339653800e-02, -2.070711041370072e-05, -5.597514162869990e-11
31, 5.497787143782138e+00, 3.926990816987241e-01, 0.000000000000000e+00, -3.283887654557298e-03, -1.082342714643040e-10, 2.138209663858942e-01, -5.718865949264798e-11
32, 5.890486225480862e+00, 3.926990816987241e-01, 0.000000000000000e+00, -7.595771906551232e-03, 4.252470320503430e-02, -2.070705040032069e-05, -5.766240006665677e-11
33, 6.283185307179586e+00, 3.926990816987241e-01, 0.000000000000000e+00, -1.100868787837229e-02, -2.830333190139312e-11, -2.138222163650263e-01, -5.435313329232100e-11
34, 0.000000000000000e+00, 7.853981633974483e-01, 0.000000000000000e+00, -7.453386074897086e-03, -1.920334209446645e-11, -1.325593737133236e-01, -4.436951644717639e-11
35, 3.926990816987241e-01, 7.853981633974483e-01, 0.000000000000000e+00, -3.488823501371792e-03, -5.489645804899147e-02, -2.039939215349029e-05, -4.759026274509539e-11
36, 7.853981633974483e-01, 7.853981633974483e-01, 0.000000000000000e+00, 3.118278672053823e-03, 5.289068841809563e-11, 1.325583889730505e-01, -4.765489565922355e-11
37, 1.178097245096172e+00, 7.853981633974483e-01, 0.000000000000000e+00, -3.488861330223325e-03, 5.489645813387227e-02, -2.039950577132266e-05, -4.699570354832702e-11
38, 1.570796326794897e+00, 7.853981633974483e-01, 0.000000000000000e+00, -7.453444425058846e-03, 3.389306310739499e-11, -1.325593739155664e-01, -4.612872053437962e-11
39, 1.963495408493621e+00, 7.853981633974483e-01, 0.000000000000000e+00, -3.488887585041780e-03, -5.489645806655601e-02, -2.039965641946461e-05, -4.532758158553220e-11
40, 2.356194490192345e+00, 7.853981633974483e-01, 0.000000000000000e+00, 3.118227305002593e-03, 8.025896923554687e-12, 1.325583886921145e-01, -4.471739968061846e-11
41, 2.748893571891069e+00, 7.853981633974483e-01, 0.000000000000000e+00, -3.488894708802980e-03, 5.489645808805907e-02, -2.039975879114159e-05, -4.430946106851315e-11
42, 3.141592653589793e+00, 7.853981633974483e-01, 0.000000000000000e+00, -7.453462781109532e-03, 2.447923109041709e-12, -1.325593741086762e-01, -4.411412647260394e-11
43, 3.534291735288517e+00, 7.853981633974483e-01, 0.000000000000000e+00, -3.488896771250536e-03, -5.489645808238539e-02, -2.039977172431951e-05, -4.411511574529536e-11
44, 3.926990816987241e+00, 7.853981633974483e-01, 0.000000000000000e+00, 3.118222691306876e-03, -5.947373164746980e-13, 1.325583886671614e-01, -4.432671010671704e-11
45, 4.319689898685965e+00, 7.853981633974483e-01, 0.000000000000000e+00, -3.488895445096434e-03, 5.489645807570896e-02, -2.039969069393731e-05, -4.474519604237581e-11
46, 4.712388980384690e+00, 7.853981633974483e-01, 0.000000000000000e+00, -7.453455899784863e-03, -2.448515022185051e-11, -1.325593739555957e-01, -4.538081836422889e-11
47, 5.105088062083414e+00, 7.853981633974483e-01, 0.000000000000000e+00, -3.488875779273306e-03, -5.489645812796549e-02, -2.039954695343684e-05, -4.614962082984662e-11
48, 5.497787143782138e+00, 7.853981633974483e-01, 0.000000000000000e+00, 3.118263598703132e-03, -5.608562768995355e-11, 1.325583889378659e-01, -4.683979256525335e-11
49, 5.890486225480862e+00, 7.853981633974483e-01, 0.000000000000000e+00, -3.488834494485667e-03, 5.489645803053621e-02, -2.039941355592148e-05, -4.702037496674248e-11
50, 6.283185307179586e+00, 7.853981633974483e-01, 0.000000000000000e+00, -7.453386074897086e-03, -1.920334209446645e-11, -1.325593737133236e-01, -4.436951644717639e-11
51, 0.000000000000000e+00, 1.178097245096172e+00, 0.000000000000000e+00, -2.957393548450677e-03, -3.479869290341364e-12, -5.706396217599480e-02, -2.756649622595857e-11
52, 3.926990816987241e-01, 1.178097245096172e+00, 0.000000000000000e+00, 2.100196619282488e-04, -3.811269650934916e-02, -1.059520437140306e-05, -2.931830880295393e-11
53, 7.853981633974483e-01, 1.178097245096172e+00, 0.000000000000000e+00, 4.869029121972206e-03, -2.002580461964381e-11, 5.706037157790465e-02, -2.960002059063759e-11
54, 1.178097245096172e+00, 1.178097245096172e+00, 0.000000000000000e+00, 2.100362229535807e-04, 3.811269646455386e-02, -1.059536528789733e-05, -2.969073707803635e-11
55, 1.570796326794897e+00, 1.178097245096172e+00, 0.000000000000000e+00, -2.957356692678549e-03, -5.806041289131851e-11, -5.706396245714362e-02, -2.979561423896903e-11
56, 1.963495408493621e+00, 1.178097245096172e+00, 0.000000000000000e+00, 2.100794695411471e-04, -3.811269656833197e-02, -1.059556867572281e-05, -2.996562293261259e-11
57, 2.356194490192345e+00, 1.178097245096172e+00, 0.000000000000000e+00, 4.869107358978344e-03, -5.336768732870664e-11, 5.706037119608330e-02, -3.017725932486176e-11
58, 2.748893571891069e+00, 1.178097245096172e+00, 0.000000000000000e+00, 2.101194199416909e-04, 3.811269647258481e-02, -1.059570680005879e-05, -3.035876079326483e-11
59, 3.141592653589793e+00, 1.178097245096172e+00, 0.000000000000000e+00, -2.957285510470369e-03, -5.353134402336217e-12, -5.706396271814750e-02, -3.043548202869819e-11
60, 3.534291735288517e+00, 1.178097245096172e+00, 0.000000000000000e+00, 2.101233401918486e-04, -3.811269648184206e-02, -1.059572424458365e-05, -3.036020881016276e-11
61, 3.926990816987241e+00, 1.178097245096172e+00, 0.000000000000000e+00, 4.869114197304331e-03, 4.788482594318025e-11, 5.706037116246557e-02, -3.016100612715161e-11
62, 4.319689898685965e+00, 1.178097245096172e+00, 0.000000000000000e+00, 2.100874642691039e-04, 3.811269656795905e-02, -1.059561505793594e-05, -2.990073474512122e-11
63, 4.712388980384690e+00, 1.178097245096172e+00, 0.000000000000000e+00, -2.957349583400951e-03, 6.297528903447787e-11, -5.706396251136616e-02, -2.965328754884541e-11
64, 5.105088062083414e+00, 1.178097245096172e+00, 0.000000000000000e+00, 2.100407497943156e-04, -3.811269645619320e-02, -1.059542108924571e-05, -2.946279057226082e-11
65, 5.497787143782138e+00, 1.178097245096172e+00, 0.000000000000000e+00, 4.869030416025689e-03, 2.790417353499136e-11, 5.706037152943615e-02, -2.932014851466867e-11
66, 5.890486225480862e+00, 1.178097245096172e+00, 0.000000000000000e+00, 2.100188129938585e-04, 3.811269651182485e-02, -1.059523439067265e-05, -2.908569804287852e-11
67, 6.283185307179586e+00, 1.178097245096172e+00, 0.000000000000000e+00, -2.957393548450677e-03, -3.479869290341364e-12, -5.706396217599480e-02, -2.756649622595857e-11
68, 0.000000000000000e+00, 1.570796326794897e+00, 0.000000000000000e+00, 1.223470613777334e-03, 1.564287125422325e-11, -1.562031363816938e-02, -6.916803837702204e-12
69, 3.926990816987241e-01, 1.570796326794897e+00, 0.000000000000000e+00, 2.514186730228385e-03, -1.560507917058989e-02, -4.614752349174794e-06, -6.904102207196472e-12
70, 7.853981633974483e-01, 1.570796326794897e+00, 0.000000000000000e+00, 4.070947631461088e-03, -1.109646869710804e-10, 1.561466051556067e-02, -7.460838208197207e-12
71, 1.178097245096172e+00, 1.570796326794897e+00, 0.000000000000000e+00, 2.514270558211957e-03, 1.560507896604838e-02, -4.614933849744831e-06, -8.460929094327241e-12
72, 1.570796326794897e+00, 1.570796326794897e+00, 0.000000000000000e+00, 1.223624755513224e-03, -1.693072456306877e-10, -1.562031395457533e-02, -9.751679721121444e-12
73, 1.963495408493621e+00, 1.570796326794897e+00, 0.000000000000000e+00, 2.514398291353694e-03, -1.560507927827573e-02, -4.615160143023964e-06, -1.111875333942318e-11
74, 2.356194490192345e+00, 1.570796326794897e+00, 0.000000000000000e+00, 4.071183697739747e-03, -1.278066704158669e-10, 1.561466009141350e-02, -1.234441846359542e-11
75, 2.748893571891069e+00, 1.570796326794897e+00, 0.000000000000000e+00, 2.514495168839169e-03, 1.560507904081966e-02, -4.615312580293012e-06, -1.323239575927705e-11
76, 3.141592653589793e+00, 1.570796326794897e+00, 0.000000000000000e+00, 1.223804317368103e-03, -1.474932407840764e-11, -1.562031424408056e-02, -1.363213978847676e-11
77, 3.534291735288517e+00, 1.570796326794897e+00, 0.000000000000000e+00, 2.514506315203946e-03, -1.560507906812547e-02, -4.615331870856666e-06, -1.347182726362590e-11
78, 3.926990816987241e+00, 1.570796326794897e+00, 0.000000000000000e+00, 4.071204371954446e-03, 1.066438826045635e-10, 1.561466005436274e-02, -1.278368513208688e-11
79, 4.319689898685965e+00, 1.570796326794897e+00, 0.000000000000000e+00, 2.514425465943586e-03, 1.560507926633646e-02, -4.615211460772474e-06, -1.168499466733923e-11
80, 4.712388980384690e+00, 1.570796326794897e+00, 0.000000000000000e+00, 1.223654405757915e-03, 1.686093181088684e-10, -1.562031401484378e-02, -1.035106967926113e-11
81, 5.105088062083414e+00, 1.570796326794897e+00, 0.000000000000000e+00, 2.514298214978998e-03, -1.560507895513890e-02, -4.614995923167645e-06, -8.995396485719029e-12
82, 5.497787143782138e+00, 1.570796326794897e+00, 0.000000000000000e+00, 4.070969021021697e-03, 1.319957785926908e-10, 1.561466046142418e-02, -7.847616644172297e-12
83, 5.890486225480862e+00, 1.570796326794897e+00, 0.000000000000000e+00, 2.514198428785108e-03, 1.560507919885438e-02, -4.614786133424637e-06, -7.095665601295272e-12
84, 6.283185307179586e+00, 1.570796326794897e+00, 0.000000000000000e+00, 1.223470613777334e-03, 1.564287125422325e-11, -1.562031363816938e-02, -6.916803837702204e-12
85, 0.000000000000000e+00, 1.963495408493621e+00, 0.000000000000000e+00, 4.066999431300830e-03, 3.511567557237811e-11, -2.270689628088627e-03, 1.423802025546629e-11
86, 3.926990816987241e-01, 1.963495408493621e+00, 0.000000000000000e+00, 3.798758428265579e-03, -3.389398122222812e-03, -2.367176358672181e-06, 1.603707175393301e-11
87, 7.853981633974483e-01, 1.963495408493621e+00, 0.000000000000000e+00, 3.508704449126127e-03, -2.055657225723683e-10, 2.266046737871115e-03, 1.518492222725171e-11
88, 1.178097245096172e+00, 1.963495408493621e+00, 0.000000000000000e+00, 3.798911850954405e-03, 3.389397752768538e-03, -2.367349475776460e-06, 1.324586168925060e-11
89, 1.570796326794897e+00, 1.963495408493621e+00, 0.000000000000000e+00, 4.067274676991405e-03, -2.833391165946951e-10, -2.270689930150435e-03, 1.073422925967452e-11
90, 1.963495408493621e+00, 1.963495408493621e+00, 0.000000000000000e+00, 3.799126337115602e-03, -3.389398279205139e-03, -2.367564643815036e-06, 8.138500187273544e-12
91, 2.356194490192345e+00, 1.963495408493621e+00, 0.000000000000000e+00, 3.509102671342473e-03, -2.038350186242804e-10, 2.266046335397031e-03, 5.873062939229240e-12
92, 2.748893571891069e+00, 1.963495408493621e+00, 0.000000000000000e+00, 3.799281359556070e-03, 3.389397896965077e-03, -2.367708600414206e-06, 4.264319972568374e-12
93, 3.141592653589793e+00, 1.963495408493621e+00, 0.000000000000000e+00, 4.067565054381222e-03, -2.432980442875190e-11, -2.270690204481452e-03, 3.534669522671858e-12
94, 3.534291735288517e+00, 1.963495408493621e+00, 0.000000000000000e+00, 3.799299878611133e-03, -3.389397942694527e-03, -2.367726834284179e-06, 3.781868444889008e-12
95, 3.926990816987241e+00, 1.963495408493621e+00, 0.000000000000000e+00, 3.509137470342948e-03, 1.666152419095917e-10, 2.266046300431878e-03, 4.968213115775736e-12
96, 4.319689898685965e+00, 1.963495408493621e+00, 0.000000000000000e+00, 3.799173116156475e-03, 3.389398255371484e-03, -2.367613190619653e-06, 6.925970421560552e-12
97, 4.712388980384690e+00, 1.963495408493621e+00, 0.000000000000000e+00, 4.067327417577324e-03, 2.767748604985642e-10, -2.270689987360541e-03, 9.373017226009986e-12
98, 5.105088062083414e+00, 1.963495408493621e+00, 0.000000000000000e+00, 3.798963277313238e-03, -3.389397739471855e-03, -2.367408455816539e-06, 1.192512636171541e-11
99, 5.497787143782138e+00, 1.963495408493621e+00, 0.000000000000000e+00, 3.508746558433151e-03, 2.399233243212291e-10, 2.266046686388977e-03, 1.410780165125906e-11
100, 5.890486225480862e+00, 1.963495408493621e+00, 0.000000000000000e+00, 3.798783096144810e-03, 3.389398177137144e-03, -2.367208586623290e-06, 1.540484093195770e-11
101, 6.283185307179586e+00, 1.963495408493621e+00, 0.000000000000000e+00, 4.066999431300830e-03, 3.511567557237811e-11, -2.270689628088627e-03, 1.423802025546629e-11
102, 0.000000000000000e+00, 2.356194490192345e+00, 0.000000000000000e+00, 5.172275483552070e-03, 5.214574291027742e-11, -1.148313383449522e-04, 3.267386800868425e-11
103, 3.926990816987241e-01, 2.356194490192345e+00, 0.000000000000000e+00, 4.533406753709668e-03, -2.747354192451937e-04, -1.347489376450888e-06, 3.602123563591205e-11
104, 7.853981633974483e-01, 2.356194490192345e+00, 0.000000000000000e+00, 3.878893937604291e-03, -2.886033455619391e-10, 1.120207456047639e-04, 3.490443084806780e-11
105, 1.178097245096172e+00, 2.356194490192345e+00, 0.000000000000000e+00, 4.533621246519789e-03, 2.747349051373460e-04, -1.347627331739838e-06, 3.213910544475605e-11
106, 1.570796326794897e+00, 2.356194490192345e+00, 0.000000000000000e+00, 5.172656920704163e-03, -3.831858514645218e-10, -1.148315791192565e-04, 2.855749477697299e-11
107, 1.963495408493621e+00, 2.356194490192345e+00, 0.000000000000000e+00, 4.533911634577666e-03, -2.747356189558398e-04, -1.347798615946877e-06, 2.489035521093075e-11
108, 2.356194490192345e+00, 2.356194490192345e+00, 0.000000000000000e+00, 3.879434037990278e-03, -2.699903172780340e-10, 1.120204254464424e-04, 2.171973347732805e-11
109, 2.748893571891069e+00, 2.356194490192345e+00, 0.000000000000000e+00, 4.534117328460992e-03, 2.747351104412875e-04, -1.347912774765331e-06, 1.948275291241329e-11
110, 3.141592653589793e+00, 2.356194490192345e+00, 0.000000000000000e+00, 5.173043954104201e-03, -3.267834523786633e-11, -1.148317969627392e-04, 1.846483047277779e-11
111, 3.534291735288517e+00, 2.356194490192345e+00, 0.000000000000000e+00, 4.534142267700585e-03, -2.747351722159212e-04, -1.347927235307087e-06, 1.878880802694391e-11
112, 3.926990816987241e+00, 2.356194490192345e+00, 0.000000000000000e+00, 3.879481145014148e-03, 2.187628042990247e-10, 1.120203977149216e-04, 2.040936512973046e-11
113, 4.319689898685965e+00, 2.356194490192345e+00, 0.000000000000000e+00, 4.533975514743860e-03, 2.747355846763793e-04, -1.347837168087300e-06, 2.311411669398342e-11
114, 4.712388980384690e+00, 2.356194490192345e+00, 0.000000000000000e+00, 5.172729834106695e-03, 3.714125379609248e-10, -1.148316246271529e-04, 2.653051001315613e-11
115, 5.105088062083414e+00, 2.356194490192345e+00, 0.000000000000000e+00, 4.533693475447052e-03, -2.747348898273288e-04, -1.347674289832638e-06, 3.012978032739449e-11
116, 5.497787143782138e+00, 2.356194490192345e+00, 0.000000000000000e+00, 3.878954204621955e-03, 3.345700855408768e-10, 1.120207046014655e-04, 3.322174621469802e-11
117, 5.890486225480862e+00, 2.356194490192345e+00, 0.000000000000000e+00, 4.533442792999750e-03, 2.747354975278020e-04, -1.347515055199620e-06, 3.500213784215712e-11
118, 6.283185307179586e+00, 2.356194490192345e+00, 0.000000000000000e+00, 5.172275483552070e-03, 5.214574291027742e-11, -1.148313383449522e-04, 3.267386800868425e-11
119, 0.000000000000000e+00, 2.748893571891069e+00, 0.000000000000000e+00, 5.266455811005300e-03, 6.418605439445612e-11, 1.564743912908901e-07, 4.566900408964287e-11
120, 3.926990816987241e-01, 2.748893571891069e+00, 0.000000000000000e+00, 4.927269085224654e-03, -1.347505345897012e-06, -6.319230574453560e-07, 5.010384400517807e-11
121, 7.853981633974483e-01, 2.748893571891069e+00, 0.000000000000000e+00, 4.586572483151606e-03, -3.471956667221432e-10, -1.444686299755863e-06, 4.879899309740425e-11
122, 1.178097245096172e+00, 2.748893571891069e+00, 0.000000000000000e+00, 4.927526703085304e-03, 1.346889085570769e-06, -6.320047371493371e-07, 4.544972912713720e-11
123, 1.570796326794897e+00, 2.748893571891069e+00, 0.000000000000000e+00, 5.266912215431979e-03, -4.536617088116664e-10, 1.563318637352478e-07, 4.111380861212838e-11
124, 1.963495408493621e+00, 2.748893571891069e+00, 0.000000000000000e+00, 4.927870623555109e-03, -1.347735023288869e-06, -6.321060578459991e-07, 3.669361894494787e-11
125, 2.356194490192345e+00, 2.748893571891069e+00, 0.000000000000000e+00, 4.587212637969797e-03, -3.164830404985556e-10, -1.444875661690103e-06, 3.288771491230516e-11
126, 2.748893571891069e+00, 2.748893571891069e+00, 0.000000000000000e+00, 4.928111965114183e-03, 1.347137618415771e-06, -6.321734441088104e-07, 3.020939118418314e-11
127, 3.141592653589793e+00, 2.748893571891069e+00, 0.000000000000000e+00, 5.267367288525487e-03, -3.855577575262272e-11, 1.562032019618393e-07, 2.898869146897622e-11
128, 3.534291735288517e+00, 2.748893571891069e+00, 0.000000000000000e+00, 4.928141422380451e-03, -1.347210685650611e-06, -6.321819938904550e-07, 2.936680453057882e-11
129, 3.926990816987241e+00, 2.748893571891069e+00, 0.000000000000000e+00, 4.587268411178761e-03, 2.553835537342277e-10, -1.444892065576145e-06, 3.129215851716704e-11
130, 4.319689898685965e+00, 2.748893571891069e+00, 0.000000000000000e+00, 4.927946554779458e-03, 1.347693345832587e-06, -6.321288789721098e-07, 3.452055129606008e-11
131, 4.712388980384690e+00, 2.748893571891069e+00, 0.000000000000000e+00, 5.266999358821444e-03, 4.381731004473437e-10, 1.563049019027568e-07, 3.861759322242141e-11
132, 5.105088062083414e+00, 2.748893571891069e+00, 0.000000000000000e+00, 4.927613619475199e-03, -1.346872373779759e-06, -6.320325782673150e-07, 4.295458393091896e-11
133, 5.497787143782138e+00, 2.748893571891069e+00, 0.000000000000000e+00, 4.586645576340520e-03, 4.013559130331369e-10, -1.444710618429841e-06, 4.668881313950452e-11
134, 5.890486225480862e+00, 2.748893571891069e+00, 0.000000000000000e+00, 4.927313155772477e-03, 1.347600136641913e-06, -6.319382844106871e-07, 4.881165112616346e-11
135, 6.283185307179586e+00, 2.748893571891069e+00, 0.000000000000000e+00, 5.266455811005300e-03, 6.418605439445612e-11, 1.564743912908901e-07, 4.566900408964287e-11
136, 0.000000000000000e+00, 3.141592653589793e+00, 0.000000000000000e+00, 5.052741459775072e-03, 6.940372859893847e-11, 9.236714267739047e-07, 5.133705395379680e-11
137, 3.926990816987241e-01, 3.141592653589793e+00, 0.000000000000000e+00, 5.052352434366457e-03, -1.937240494055441e-10, 1.507095685249235e-10, 5.624349500676183e-11
138, 7.853981633974483e-01, 3.141592653589793e+00, 0.000000000000000e+00, 5.052878997576836e-03, -3.724375012905784e-10, -9.233740175896692e-07, 5.485939597287258e-11
139, 1.178097245096172e+00, 3.141592653589793e+00, 0.000000000000000e+00, 5.052628631183593e-03, -4.665355131785606e-10, 1.377691799042355e-10, 5.126048446135581e-11
140, 1.570796326794897e+00, 3.141592653589793e+00, 0.000000000000000e+00, 5.053230145218109e-03, -4.839807739903876e-10, 9.236489008023201e-07, 4.660203877677024e-11
141, 1.963495408493621e+00, 3.141592653589793e+00, 0.000000000000000e+00, 5.052995578391894e-03, -4.362297698763368e-10, 1.218290397126227e-10, 4.186036093152302e-11
142, 2.356194490192345e+00, 3.141592653589793e+00, 0.000000000000000e+00, 5.053562190800263e-03, -3.364358653805231e-10, -9.234038244927575e-07, 3.778352798741361e-11
143, 2.748893571891069e+00, 3.141592653589793e+00, 0.000000000000000e+00, 5.053252224860428e-03, -1.993541647368136e-10, 1.112764302537151e-10, 3.491686478309989e-11
144, 3.141592653589793e+00, 3.141592653589793e+00, 0.000000000000000e+00, 5.053714446428509e-03, -4.109216627793171e-11, 9.236287196006970e-07, 3.360943394295195e-11
145, 3.534291735288517e+00, 3.141592653589793e+00, 0.000000000000000e+00, 5.053283631975132e-03, 1.214127285201065e-10, 1.098956427327517e-10, 3.401034593815266e-11
146, 3.926990816987241e+00, 3.141592653589793e+00, 0.000000000000000e+00, 5.053621705428470e-03, 2.710703660535141e-10, -9.234064745960010e-07, 3.606526275296241e-11
147, 4.319689898685965e+00, 3.141592653589793e+00, 0.000000000000000e+00, 5.053076715602246e-03, 3.913456495694400e-10, 1.181383185075378e-10, 3.951643905699744e-11
148, 4.712388980384690e+00, 3.141592653589793e+00, 0.000000000000000e+00, 5.053323441001726e-03, 4.668710775393117e-10, 9.236445309493100e-07, 4.390362764429613e-11
149, 5.105088062083414e+00, 3.141592653589793e+00, 0.000000000000000e+00, 5.052721903272942e-03, 4.838412264987982e-10, 1.332421500555844e-10, 4.855581285383160e-11
150, 5.497787143782138e+00, 3.141592653589793e+00, 0.000000000000000e+00, 5.052957644751703e-03, 4.301386762150943e-10, -9.233779861238055e-07, 5.256471388863891e-11
151, 5.890486225480862e+00, 3.141592653589793e+00, 0.000000000000000e+00, 5.052399983581416e-03, 2.956635476945537e-10, 1.482175998447720e-10, 5.483339373115507e-11
152, 6.283185307179586e+00, 3.141592653589793e+00, 0.000000000000000e+00, 5.052741459775072e-03, 6.940372859893847e-11, 9.236714267739047e-07, 5.133705395379680e-11
153, 0.000000000000000e+00, 3.534291735288517e+00, 0.000000000000000e+00, 4.586329307673448e-03, 6.701599847597283e-11, 1.444926679470954e-06, 4.886603285846483e-11
154, 3.926990816987241e-01, 3.534291735288517e+00, 0.000000000000000e+00, 4.927154912549719e-03, 1.347137997702291e-06, 6.322031991292363e-07, 5.356156613055657e-11
155, 7.853981633974483e-01, 3.534291735288517e+00, 0.000000000000000e+00, 5.266473738798168e-03, -3.604760989456555e-10, -1.561618860836556e-07, 5.222070326504362e-11
156, 1.178097245096172e+00, 3.534291735288517e+00, 0.000000000000000e+00, 4.927422297501475e-03, -1.347777363151685e-06, 6.322610234444045e-07, 4.874569656300652e-11
157, 1.570796326794897e+00, 3.534291735288517e+00, 0.000000000000000e+00, 4.586802645451991e-03, -4.695107258631334e-10, 1.445027673584726e-06, 4.424610599232842e-11
158, 1.963495408493621e+00, 3.534291735288517e+00, 0.000000000000000e+00, 4.927778258160331e-03, 1.346901702224203e-06, 6.323329174450025e-07, 3.966298832402675e-11
159, 2.356194490192345e+00, 3.534291735288517e+00, 0.000000000000000e+00, 5.267136409127589e-03, -3.268822245544249e-10, -1.560275531325822e-07, 3.571987645713586e-11
160, 2.748893571891069e+00, 3.534291735288517e+00, 0.000000000000000e+00, 4.928027581382876e-03, -1.347519030440293e-06, 6.323807665339538e-07, 3.294581575419440e-11
161, 3.141592653589793e+00, 3.534291735288517e+00, 0.000000000000000e+00, 4.587272978183354e-03, -3.991552356632841e-11, 1.445118993173090e-06, 3.168051814179413e-11
162, 3.534291735288517e+00, 3.534291735288517e+00, 0.000000000000000e+00, 4.928058083955786e-03, 1.347443350911899e-06, 6.323867538366258e-07, 3.206939796310750e-11
163, 3.926990816987241e+00, 3.534291735288517e+00, 0.000000000000000e+00, 5.267194187990679e-03, 2.634958273540807e-10, -1.560160630600993e-07, 3.405938900134685e-11
164, 4.319689898685965e+00, 3.534291735288517e+00, 0.000000000000000e+00, 4.927856981249252e-03, -1.346945104999257e-06, 6.323489031692463e-07, 3.739948071527199e-11
165, 4.712388980384690e+00, 3.534291735288517e+00, 0.000000000000000e+00, 4.586893092446889e-03, 4.531359157704915e-10, 1.445046552688747e-06, 4.164273873694125e-11
166, 5.105088062083414e+00, 3.534291735288517e+00, 0.000000000000000e+00, 4.927512634586077e-03, 1.347794369582371e-06, 6.322804995276237e-07, 4.613927906415600e-11
167, 5.497787143782138e+00, 3.534291735288517e+00, 0.000000000000000e+00, 5.266549830285986e-03, 4.165229676635259e-10, -1.561449008978101e-07, 5.001224722443066e-11
168, 5.890486225480862e+00, 3.534291735288517e+00, 0.000000000000000e+00, 4.927200866534214e-03, -1.347039349294028e-06, 6.322138149936200e-07, 5.220636529526593e-11
169, 6.283185307179586e+00, 3.534291735288517e+00, 0.000000000000000e+00, 4.586329307673448e-03, 6.701599847597283e-11, 1.444926679470954e-06, 4.886603285846483e-11
170, 0.000000000000000e+00, 3.926990816987241e+00, 0.000000000000000e+00, 3.878573966129469e-03, 5.736996464506285e-11, -1.120205960224563e-04, 3.862243151274306e-11
171, 3.926990816987241e-01, 3.926990816987241e+00, 0.000000000000000e+00, 4.533194574022819e-03, 2.747351091636321e-04, 1.347708452865649e-06, 4.245471132662439e-11
172, 7.853981633974483e-01, 3.926990816987241e+00, 0.000000000000000e+00, 5.172176808519351e-03, -3.131024398797703e-10, 1.148316212897430e-04, 4.127244664266259e-11
173, 1.178097245096172e+00, 3.926990816987241e+00, 0.000000000000000e+00, 4.533427067199314e-03, -2.747356658498752e-04, 1.347828335034369e-06, 3.827600597289163e-11
174, 1.570796326794897e+00, 3.926990816987241e+00, 0.000000000000000e+00, 3.878986616945203e-03, -4.124217699268929e-10, -1.120203867313745e-04, 3.439268402281765e-11
175, 1.963495408493621e+00, 3.926990816987241e+00, 0.000000000000000e+00, 4.533739682819022e-03, 2.747348971445482e-04, 1.347977185284330e-06, 3.042408302761280e-11
176, 2.356194490192345e+00, 3.926990816987241e+00, 0.000000000000000e+00, 5.172758479672285e-03, -2.892663211264429e-10, 1.148318994710592e-04, 2.699900567390873e-11
177, 2.748893571891069e+00, 3.926990816987241e+00, 0.000000000000000e+00, 4.533960156839746e-03, -2.747354425287137e-04, 1.348076252792557e-06, 2.458450898447742e-11
178, 3.141592653589793e+00, 3.926990816987241e+00, 0.000000000000000e+00, 3.879401887941147e-03, -3.520058305782481e-11, -1.120201976466662e-04, 2.348391984295918e-11
179, 3.534291735288517e+00, 3.926990816987241e+00, 0.000000000000000e+00, 4.533987035591058e-03, 2.747353759080235e-04, 1.348088721825267e-06, 2.382770066143029e-11
180, 3.926990816987241e+00, 3.926990816987241e+00, 0.000000000000000e+00, 5.172809305675911e-03, 2.338040199418438e-10, 1.148319233913150e-04, 2.556804242863342e-11
181, 4.319689898685965e+00, 3.926990816987241e+00, 0.000000000000000e+00, 4.533808734193238e-03, -2.747349346001356e-04, 1.348010454696392e-06, 2.848001199503671e-11
182, 4.712388980384690e+00, 3.926990816987241e+00, 0.000000000000000e+00, 3.879065641182372e-03, 3.990329131125908e-10, -1.120203474379085e-04, 3.216708140447591e-11
183, 5.105088062083414e+00, 3.926990816987241e+00, 0.000000000000000e+00, 4.533505616284269e-03, 2.747356817146380e-04, 1.347868896104970e-06, 3.606065357362800e-11
184, 5.497787143782138e+00, 3.926990816987241e+00, 0.000000000000000e+00, 5.172242613566452e-03, 3.625487980208452e-10, 1.148316566977792e-04, 3.940787192030966e-11
185, 5.890486225480862e+00, 3.926990816987241e+00, 0.000000000000000e+00, 4.533234095052150e-03, -2.747350237572809e-04, 1.347730601670582e-06, 4.131890855723594e-11
186, 6.283185307179586e+00, 3.926990816987241e+00, 0.000000000000000e+00, 3.878573966129469e-03, 5.736996464506285e-11, -1.120205960224563e-04, 3.862243151274306e-11
187, 0.000000000000000e+00, 4.319689898685965e+00, 0.000000000000000e+00, 3.508347357348630e-03, 4.186270364141664e-11, -2.266046700313311e-03, 2.210377200804082e-11
188, 3.926990816987241e-01, 4.319689898685965e+00, 0.000000000000000e+00, 3.798478476184463e-03, 3.389397897884584e-03, 2.367302541077728e-06, 2.454271361938147e-11
189, 7.853981633974483e-01, 4.319689898685965e+00, 0.000000000000000e+00, 4.066804045931053e-03, -2.375765279258725e-10, 2.270689839821138e-03, 2.360703454045797e-11
190, 1.178097245096172e+00, 4.319689898685965e+00, 0.000000000000000e+00, 3.798655284757352e-03, -3.389398322600487e-03, 2.367466184309240e-06, 2.137038600132559e-11
191, 1.570796326794897e+00, 4.319689898685965e+00, 0.000000000000000e+00, 3.508663184259294e-03, -3.212934186140061e-10, -2.266046414459185e-03, 1.846742702507560e-11
192, 1.963495408493621e+00, 4.319689898685965e+00, 0.000000000000000e+00, 3.798898767125323e-03, 3.389397724470322e-03, 2.367669475345002e-06, 1.547565282471130e-11
193, 2.356194490192345e+00, 4.319689898685965e+00, 0.000000000000000e+00, 4.067256500668128e-03, -2.292682675184321e-10, 2.270690219578061e-03, 1.287428976818132e-11
194, 2.748893571891069e+00, 4.319689898685965e+00, 0.000000000000000e+00, 3.799073189127374e-03, -3.389398155001328e-03, 2.367804892261114e-06, 1.103299088013915e-11
195, 3.141592653589793e+00, 4.319689898685965e+00, 0.000000000000000e+00, 3.508990574953139e-03, -2.763613128350420e-11, -2.266046155917557e-03, 1.019572223567319e-11
196, 3.534291735288517e+00, 4.319689898685965e+00, 0.000000000000000e+00, 3.799094259961117e-03, 3.389398102890667e-03, 2.367822010341973e-06, 1.046763131338375e-11
197, 3.926990816987241e+00, 4.319689898685965e+00, 0.000000000000000e+00, 4.067296188904752e-03, 1.864712647207342e-10, 2.270690252373640e-03, 1.181045598749739e-11
198, 4.319689898685965e+00, 4.319689898685965e+00, 0.000000000000000e+00, 3.798952334873859e-03, -3.389397752419224e-03, 2.367715056892629e-06, 1.404208817968393e-11
199, 4.712388980384690e+00, 4.319689898685965e+00, 0.000000000000000e+00, 3.508723928456914e-03, 3.126836279401523e-10, -2.266046360643047e-03, 1.684515064357000e-11
200, 5.105088062083414e+00, 4.319689898685965e+00, 0.000000000000000e+00, 3.798714965241514e-03, 3.389398336653873e-03, 2.367521719152720e-06, 1.977957403328570e-11
201, 5.497787143782138e+00, 4.319689898685965e+00, 0.000000000000000e+00, 4.066853373133688e-03, 2.764907387045397e-10, 2.270689888326592e-03, 2.229200044111016e-11
202, 5.890486225480862e+00, 4.319689898685965e+00, 0.000000000000000e+00, 3.798507683118898e-03, -3.389397833678939e-03, 2.367332936951499e-06, 2.375784498053801e-11
203, 6.283185307179586e+00, 4.319689898685965e+00, 0.000000000000000e+00, 3.508347357348630e-03, 4.186270364141664e-11, -2.266046700313311e-03, 2.210377200804082e-11
204, 0.000000000000000e+00, 4.712388980384690e+00, 0.000000000000000e+00, 4.070598495014493e-03, 2.283531894310957e-11, -1.561466059616686e-02, 1.748202585163487e-12
205, 3.926990816987241e-01, 4.712388980384690e+00, 0.000000000000000e+00, 2.513879396143841e-03, 1.560507904727418e-02, 4.614765825922795e-06, 2.461393893774369e-12
206, 7.853981633974483e-01, 4.712388980384690e+00, 0.000000000000000e+00, 1.223213022068432e-03, -1.454742277341415e-10, 1.562031374539291e-02, 1.816785539332871e-12
207, 1.178097245096172e+00, 4.712388980384690e+00, 0.000000000000000e+00, 2.513988262315424e-03, -1.560507931090235e-02, 4.614947825295923e-06, 5.051666998152284e-13
208, 1.570796326794897e+00, 4.712388980384690e+00, 0.000000000000000e+00, 4.070796178349166e-03, -2.098885219738973e-10, -1.561466027730205e-02, -1.201948501025235e-12
209, 1.963495408493621e+00, 4.712388980384690e+00, 0.000000000000000e+00, 2.514147314013004e-03, 1.560507892105719e-02, 4.615174904712762e-06, -3.004121390114356e-12
210, 2.356194490192345e+00, 4.712388980384690e+00, 0.000000000000000e+00, 1.223507644438526e-03, -1.559078516863742e-10, 1.562031416855792e-02, -4.601928244907394e-12
211, 2.748893571891069e+00, 4.712388980384690e+00, 0.000000000000000e+00, 2.514265366087886e-03, -1.560507921101828e-02, 4.615326307319196e-06, -5.740831547064444e-12
212, 3.141592653589793e+00, 4.712388980384690e+00, 0.000000000000000e+00, 4.071016054788316e-03, -1.832707992250264e-11, -1.561465998770885e-02, -6.254243112499309e-12
213, 3.534291735288517e+00, 4.712388980384690e+00, 0.000000000000000e+00, 2.514279300807038e-03, 1.560507917672248e-02, 4.615345569475332e-06, -6.071179216851838e-12
214, 3.926990816987241e+00, 4.712388980384690e+00, 0.000000000000000e+00, 1.223533658774266e-03, 1.286060466897524e-10, 1.562031420533711e-02, -5.215562159351335e-12
215, 4.319689898685965e+00, 4.712388980384690e+00, 0.000000000000000e+00, 2.514181896283191e-03, -1.560507893740468e-02, 4.615225999155259e-06, -3.812663879844257e-12
216, 4.712388980384690e+00, 4.712388980384690e+00, 0.000000000000000e+00, 4.070834535890933e-03, 2.070696750807245e-10, -1.561466021699131e-02, -2.086796534734572e-12
217, 5.105088062083414e+00, 4.712388980384690e+00, 0.000000000000000e+00, 2.514024847453095e-03, 1.560507932272558e-02, 4.615009898578942e-06, -3.230717956719345e-13
218, 5.497787143782138e+00, 4.712388980384690e+00, 0.000000000000000e+00, 1.223242168030592e-03, 1.715771862088883e-10, 1.562031379955505e-02, 1.172948464026600e-12
219, 5.890486225480862e+00, 4.712388980384690e+00, 0.000000000000000e+00, 2.513895951052109e-03, -1.560507900901462e-02, 4.614799915143432e-06, 2.105870321298629e-12
220, 6.283185307179586e+00, 4.712388980384690e+00, 0.000000000000000e+00, 4.070598495014493e-03, 2.283531894310957e-11, -1.561466059616686e-02, 1.748202585163487e-12
221, 0.000000000000000e+00, 5.105088062083414e+00, 0.000000000000000e+00, 4.868732299497136e-03, 3.431867052376867e-12, -5.706037176733663e-02, -1.936738427216908e-11
222, 3.926990816987241e-01, 5.105088062083414e+00, 0.000000000000000e+00, 2.097302671869747e-04, 3.811269648617076e-02, 1.059509922153817e-05, -2.046198881965954e-11
223, 7.853981633974483e-01, 5.105088062083414e+00, 0.000000000000000e+00, -2.957668367302141e-03, -5.076518790207766e-11, 5.706396215816167e-02, -2.081896177365375e-11
224, 1.178097245096172e+00, 5.105088062083414e+00, 0.000000000000000e+00, 2.097695322364775e-04, -3.811269658470993e-02, 1.059527115232892e-05, -2.118259236109976e-11
225, 1.570796326794897e+00, 5.105088062083414e+00, 0.000000000000000e+00, 4.868808832615812e-03, -9.533715671802430e-11, -5.706037146477021e-02, -2.166319868008127e-11
226, 1.963495408493621e+00, 5.105088062083414e+00, 0.000000000000000e+00, 2.098416674414682e-04, 3.811269640929258e-02, 1.059548761700435e-05, -2.224501325937151e-11
227, 2.356194490192345e+00, 5.105088062083414e+00, 0.000000000000000e+00, -2.957536183803450e-03, -8.001431175583258e-11, 5.706396255987801e-02, -2.281253036671766e-11
228, 2.748893571891069e+00, 5.105088062083414e+00, 0.000000000000000e+00, 2.099014457087928e-04, -3.811269655405215e-02, 1.059563227011990e-05, -2.322491499594871e-11
229, 3.141592653589793e+00, 5.105088062083414e+00, 0.000000000000000e+00, 4.868917660864626e-03, -8.662230012900489e-12, -5.706037118717298e-02, -2.340272205195030e-11
230, 3.534291735288517e+00, 5.105088062083414e+00, 0.000000000000000e+00, 2.099079722947564e-04, 3.811269653824752e-02, 1.059565082735886e-05, -2.331180390409041e-11
231, 3.926990816987241e+00, 5.105088062083414e+00, 0.000000000000000e+00, -2.957524352367871e-03, 6.875396628649894e-11, 5.706396259513490e-02, -2.296030711382751e-11
232, 4.319689898685965e+00, 5.105088062083414e+00, 0.000000000000000e+00, 2.098565913545336e-04, -3.811269641374714e-02, 1.059553662417279e-05, -2.240817821116106e-11
233, 4.712388980384690e+00, 5.105088062083414e+00, 0.000000000000000e+00, 4.868824063044464e-03, 9.830499599296130e-11, -5.706037140696025e-02, -2.178886238634353e-11
234, 5.105088062083414e+00, 5.105088062083414e+00, 0.000000000000000e+00, 2.097823116700141e-04, 3.811269659413756e-02, 1.059533023144561e-05, -2.122828487894859e-11
235, 5.497787143782138e+00, 5.105088062083414e+00, 0.000000000000000e+00, -2.957660002467406e-03, 6.376425329225973e-11, 5.706396220947753e-02, -2.077527262214545e-11
236, 5.890486225480862e+00, 5.105088062083414e+00, 0.000000000000000e+00, 2.097337731219052e-04, -3.811269647462558e-02, 1.059513167000769e-05, -2.037698589857447e-11
237, 6.283185307179586e+00, 5.105088062083414e+00, 0.000000000000000e+00, 4.868732299497136e-03, 3.431867052376867e-12, -5.706037176733663e-02, -1.936738427216908e-11
238, 0.000000000000000e+00, 5.497787143782138e+00, 0.000000000000000e+00, 3.118071975284190e-03, -1.312875530619486e-11, -1.325583892481375e-01, -3.790215922654572e-11
239, 3.926990816987241e-01, 5.497787143782138e+00, 0.000000000000000e+00, -3.489050534885753e-03, 5.489645810805219e-02, 2.039917625211200e-05, -4.059740133485532e-11
240, 7.853981633974483e-01, 5.497787143782138e+00, 0.000000000000000e+00, -7.453628158624342e-03, 3.156284036536878e-11, 1.325593735655240e-01, -4.070103957048412e-11
241, 1.178097245096172e+00, 5.497787143782138e+00, 0.000000000000000e+00, -3.489071443920042e-03, -5.489645806363667e-02, 2.039931192864933e-05, -4.024621052419107e-11
242, 1.570796326794897e+00, 5.497787143782138e+00, 0.000000000000000e+00, 3.118043401217374e-03, 4.779496307986070e-12, -1.325583890101081e-01, -3.966946222967897e-11
243, 1.963495408493621e+00, 5.497787143782138e+00, 0.000000000000000e+00, -3.489075539440159e-03, 5.489645807625300e-02, 2.039948433207071e-05, -3.918586419488941e-11
244, 2.356194490192345e+00, 5.497787143782138e+00, 0.000000000000000e+00, -7.453638241411674e-03, -1.275878178079360e-11, 1.325593738852844e-01, -3.885171970077212e-11
245, 2.748893571891069e+00, 5.497787143782138e+00, 0.000000000000000e+00, -3.489067209148873e-03, -5.489645809300396e-02, 2.039960061765673e-05, -3.862841254524601e-11
246, 3.141592653589793e+00, 5.497787143782138e+00, 0.000000000000000e+00, 3.118054302984690e-03, -1.196653680579663e-13, -1.325583887867781e-01, -3.851520820966332e-11
247, 3.534291735288517e+00, 5.497787143782138e+00, 0.000000000000000e+00, -3.489067248050291e-03, 5.489645809360211e-02, 2.039961561945692e-05, -3.850098145334365e-11
248, 3.926990816987241e+00, 5.497787143782138e+00, 0.000000000000000e+00, -7.453638973781714e-03, 1.573552014702974e-11, 1.325593739137275e-01, -3.858971720513428e-11
249, 4.319689898685965e+00, 5.497787143782138e+00, 0.000000000000000e+00, -3.489078005182664e-03, -5.489645807031819e-02, 2.039952393835945e-05, -3.878249108871427e-11
250, 4.712388980384690e+00, 5.497787143782138e+00, 0.000000000000000e+00, 3.118038234185573e-03, 3.015115297603961e-12, -1.325583889635626e-01, -3.913140744638366e-11
251, 5.105088062083414e+00, 5.497787143782138e+00, 0.000000000000000e+00, -3.489079547514355e-03, 5.489645807065414e-02, 2.039935890127988e-05, -3.961271340477528e-11
252, 5.497787143782138e+00, 5.497787143782138e+00, 0.000000000000000e+00, -7.453637900154247e-03, -3.023090926774740e-11, 1.325593736059469e-01, -4.006608284966696e-11
253, 5.890486225480862e+00, 5.497787143782138e+00, 0.000000000000000e+00, -3.489058348694529e-03, -5.489645811977795e-02, 2.039920155118011e-05, -4.013579495909866e-11
254, 6.283185307179586e+00, 5.497787143782138e+00, 0.000000000000000e+00, 3.118071975284190e-03, -1.312875530619486e-11, -1.325583892481375e-01, -3.790215922654572e-11
255, 0.000000000000000e+00, 5.890486225480862e+00, 0.000000000000000e+00, -3.283952028201225e-03, -2.444783239933951e-11, -2.138209667330755e-01, -5.073132523488049e-11
256, 3.926990816987241e-01, 5.890486225480862e+00, 0.000000000000000e+00, -7.595881546792208e-03, 4.252470334627444e-02, 2.070673670704285e-05, -5.447316466930313e-11
257, 7.853981633974483e-01, 5.890486225480862e+00, 0.000000000000000e+00, -1.100884887012047e-02, 8.753810684823368e-11, 2.138222161012661e-01, -5.435969836040736e-11
258, 1.178097245096172e+00, 5.890486225480862e+00, 0.000000000000000e+00, -7.595943684348840e-03, -4.252470320345350e-02, 2.070681694839712e-05, -5.336333965374523e-11
259, 1.570796326794897e+00, 5.890486225480862e+00, 0.000000000000000e+00, -3.284053138980844e-03, 7.571844014901915e-11, -2.138209665977930e-01, -5.207669661057786e-11
260, 1.963495408493621e+00, 5.890486225480862e+00, 0.000000000000000e+00, -7.596001783733169e-03, 4.252470334901638e-02, 2.070691817712865e-05, -5.085113584827228e-11
261, 2.356194490192345e+00, 5.890486225480862e+00, 0.000000000000000e+00, -1.100895937845457e-02, 3.548012741928811e-11, 2.138222162917914e-01, -4.987883800745592e-11
262, 2.748893571891069e+00, 5.890486225480862e+00, 0.000000000000000e+00, -7.596030212282037e-03, -4.252470327437705e-02, 2.070698831538355e-05, -4.922147883556031e-11
263, 3.141592653589793e+00, 5.890486225480862e+00, 0.000000000000000e+00, -3.284112121549707e-03, 5.980632673477057e-12, -2.138209664643164e-01, -4.891183932319777e-11
264, 3.534291735288517e+00, 5.890486225480862e+00, 0.000000000000000e+00, -7.596034954058251e-03, 4.252470328673548e-02, 2.070699733601062e-05, -4.894387652760439e-11
265, 3.926990816987241e+00, 5.890486225480862e+00, 0.000000000000000e+00, -1.100896911318075e-02, -2.227230788256057e-11, 2.138222163090400e-01, -4.932985796880711e-11
266, 4.319689898685965e+00, 5.890486225480862e+00, 0.000000000000000e+00, -7.596016711084144e-03, -4.252470333566494e-02, 2.070694226546720e-05, -5.005149522366614e-11
267, 4.712388980384690e+00, 5.890486225480862e+00, 0.000000000000000e+00, -3.284072889968130e-03, -6.461114712153601e-11, -2.138209665698340e-01, -5.107654510997015e-11
268, 5.105088062083414e+00, 5.890486225480862e+00, 0.000000000000000e+00, -7.595966588071377e-03, 4.252470320823996e-02, 2.070684468418268e-05, -5.226283911647160e-11
269, 5.497787143782138e+00, 5.890486225480862e+00, 0.000000000000000e+00, -1.100887119790335e-02, -9.532167312243921e-11, 2.138222161248338e-01, -5.332903658893364e-11
270, 5.890486225480862e+00, 5.890486225480862e+00, 0.000000000000000e+00, -7.595896986469876e-03, -4.252470337408656e-02, 2.070675036354846e-05, -5.377059764241753e-11
271, 6.283185307179586e+00, 5.890486225480862e+00, 0.000000000000000e+00, -3.283952028201225e-03, -2.444783239933951e-11, -2.138209667330755e-01, -5.073132523488049e-11
272, 0.000000000000000e+00, 6.283185307179586e+00, 0.000000000000000e+00, -1.002949210185052e-02, -2.766125284289596e-11, -2.497387260403874e-01, -5.437943952630947e-11
273, 3.926990816987241e-01, 6.283185307179586e+00, 0.000000000000000e+00, -9.490206774688119e-03, 6.180451742839823e-11, -1.762229728506772e-10, -5.678848911541221e-11
274, 7.853981633974483e-01, 6.283185307179586e+00, 0.000000000000000e+00, -1.002953399859892e-02, 1.093354254001672e-10, 2.497387256983734e-01, -5.661660948550166e-11
275, 1.178097245096172e+00, 6.283185307179586e+00, 0.000000000000000e+00, -9.490285673341928e-03, 1.193077384127083e-10, -1.589999773311424e-10, -5.552405334410299e-11
276, 1.570796326794897e+00, 6.283185307179586e+00, 0.000000000000000e+00, -1.002962277233999e-02, 1.070187533650884e-10, -2.497387260192079e-01, -5.407448837010857e-11
277, 1.963495408493621e+00, 6.283185307179586e+00, 0.000000000000000e+00, -9.490367216541820e-03, 8.388201118436546e-11, -1.453890201438136e-10, -5.260780862921925e-11
278, 2.356194490192345e+00, 6.283185307179586e+00, 0.000000000000000e+00, -1.002968786907180e-02, 5.670424645188104e-11, 2.497387257300628e-01, -5.142532074842231e-11
279, 2.748893571891069e+00, 6.283185307179586e+00, 0.000000000000000e+00, -9.490411766021304e-03, 3.101055650879469e-11, -1.336140691661481e-10, -5.063398732266332e-11
280, 3.141592653589793e+00, 6.283185307179586e+00, 0.000000000000000e+00, -1.002971237058265e-02, 8.669880551959043e-12, -2.497387259989755e-01, -5.027929271352679e-11
281, 3.534291735288517e+00, 6.283185307179586e+00, 0.000000000000000e+00, -9.490418577861559e-03, -1.346919644582951e-11, -1.321444902704802e-10, -5.030827439432049e-11
282, 3.926990816987241e+00, 6.283185307179586e+00, 0.000000000000000e+00, -1.002970157039729e-02, -3.898837869534017e-11, 2.497387257331292e-01, -5.078557849273837e-11
283, 4.319689898685965e+00, 6.283185307179586e+00, 0.000000000000000e+00, -9.490387649395674e-03, -6.717927918805895e-11, -1.410754447957384e-10, -5.168538187365315e-11
284, 4.712388980384690e+00, 6.283185307179586e+00, 0.000000000000000e+00, -1.002964896793511e-02, -9.433686920648287e-11, -2.497387260148083e-01, -5.293555196217735e-11
285, 5.105088062083414e+00, 6.283185307179586e+00, 0.000000000000000e+00, -9.490315057137452e-03, -1.158252613194792e-10, -1.549209852691904e-10, -5.429133945224836e-11
286, 5.497787143782138e+00, 6.283185307179586e+00, 0.000000000000000e+00, -1.002956164630603e-02, -1.222766001772225e-10, 2.497387257021950e-01, -5.548768317936194e-11
287, 5.890486225480862e+00, 6.283185307179586e+00, 0.000000000000000e+00, -9.490225032502813e-03, -9.798899907747237e-11, -1.744102099877710e-10, -5.604994991454369e-11
288, 6.283185307179586e+00, 6.283185307179586e+00, 0.000000000000000e+00, -1.002949210185052e-02, -2.766125284289596e-11, -2.497387260403874e-01, -5.437943952630947e-11
289, 0.000000000000000e+00, 0.000000000000000e+00, 3.926990816987241e-01, -9.060732438515582e-03, -2.970957724002853e-11, -2.138338259212963e-01, -4.649886417336074e-06
290, 3.926990816987241e-01, 0.000000000000000e+00, 3.926990816987241e-01, -8.657173601290247e-03, 6.385343079915977e-11, -1.785966994572835e-10, -4.051911310542370e-06
291, 7.853981633974483e-01, 0.000000000000000e+00, 3.926990816987241e-01, -9.060774475925041e-03, 1.081704540544689e-10, 2.138338255762833e-01, -4.649886303026717e-06
292, 1.178097245096172e+00, 0.000000000000000e+00, 3.926990816987241e-01, -8.657251583535877e-03, 1.160746276844075e-10, -1.615790228001300e-10, -4.051918839285927e-06
293, 1.570796326794897e+00, 0.000000000000000e+00, 3.926990816987241e-01, -9.060861029268782e-03, 1.036746135849966e-10, -2.138338259012705e-01, -4.649899352807706e-06
294, 1.963495408493621e+00, 0.000000000000000e+00, 3.926990816987241e-01, -8.657330709561940e-03, 8.114874216762940e-11, -1.473171177625627e-10, -4.051933732224077e-06
295, 2.356194490192345e+00, 0.000000000000000e+00, 3.926990816987241e-01, -9.060924067569498e-03, 5.443166850114864e-11, 2.138338256079801e-01, -4.649913027430455e-06
296, 2.748893571891069e+00, 0.000000000000000e+00, 3.926990816987241e-01, -8.657373559356757e-03, 2.941191388229427e-11, -1.356659593081930e-10, -4.051944156440262e-06
297, 3.141592653589793e+00, 0.000000000000000e+00, 3.926990816987241e-01, -9.060947406575077e-03, 8.378200712468364e-12, -2.138338258807855e-01, -4.649919152015576e-06
298, 3.534291735288517e+00, 0.000000000000000e+00, 3.926990816987241e-01, -8.657380152794172e-03, -1.243227670329926e-11, -1.341805259067661e-10, -4.051945563846244e-06
299, 3.926990816987241e+00, 0.000000000000000e+00, 3.926990816987241e-01, -9.060937350969122e-03, -3.719868592660083e-11, 2.138338256110218e-01, -4.649915731441672e-06
300, 4.319689898685965e+00, 0.000000000000000e+00, 3.926990816987241e-01, -8.657350570946161e-03, -6.477776264056619e-11, -1.430444604493012e-10, -4.051937472833770e-06
301, 4.712388980384690e+00, 0.000000000000000e+00, 3.926990816987241e-01, -9.060886579303906e-03, -9.106177512642638e-11, -2.138338258967970e-01, -4.649903664629239e-06
302, 5.105088062083414e+00, 0.000000000000000e+00, 3.926990816987241e-01, -8.657280387747174e-03, -1.121475587707580e-10, -1.573388638117185e-10, -4.051922939636686e-06
303, 5.497787143782138e+00, 0.000000000000000e+00, 3.926990816987241e-01, -9.060801849056254e-03, -1.196981499647373e-10, 2.138338255802392e-01, -4.649889099863806e-06
304, 5.890486225480862e+00, 0.000000000000000e+00, 3.926990816987241e-01, -8.657192119668871e-03, -9.810461663737374e-11, -1.761234278980607e-10, -4.051911921126837e-06
305, 6.283185307179586e+00, 0.000000000000000e+00, 3.926990816987241e-01, -9.060732438515582e-03, -2.970957724002853e-11, -2.138338259212963e-01, -4.649886417336074e-06
306, 0.000000000000000e+00, 3.926990816987241e-01, 3.926990816987241e-01, -1.000558008050342e-02, -3.221122122195938e-11, -1.830846764347809e-01, -5.022249001844810e-06
307, 3.926990816987241e-01, 3.926990816987241e-01, 3.926990816987241e-01, -6.986133858774760e-03, -3.641116097565237e-02, -1.652778144288066e-05, -2.968975481830742e-06
308, 7.853981633974483e-01, 3.926990816987241e-01, 3.926990816987241e-01, -3.288966773261319e-03, 9.696904892570930e-11, 1.830809448097717e-01, 6.058126584659359e-08
309, 1.178097245096172e+00, 3.926990816987241e-01, 3.926990816987241e-01, -6.986204243452900e-03, 3.641116114020030e-02, -1.652782961183112e-05, -2.968982233543692e-06
310, 1.570796326794897e+00, 3.926990816987241e-01, 3.926990816987241e-01, -1.000569511236289e-02, 8.885897522976039e-11, -1.830846765260615e-01, -5.022259386690291e-06
311, 1.963495408493621e+00, 3.926990816987241e-01, 3.926990816987241e-01, -6.986272168489911e-03, -3.641116097070134e-02, -1.652790397682889e-05, -2.968996423190482e-06
312, 2.356194490192345e+00, 3.926990816987241e-01, 3.926990816987241e-01, -3.289095800429300e-03, 4.464549520344196e-11, 1.830809446750915e-01, 6.055586547534438e-08
313, 2.748893571891069e+00, 3.926990816987241e-01, 3.926990816987241e-01, -6.986307515348134e-03, 3.641116106236401e-02, -1.652795337762498e-05, -2.969006330328120e-06
314, 3.141592653589793e+00, 3.926990816987241e-01, 3.926990816987241e-01, -1.000576714198396e-02, 7.124893082247312e-12, -1.830846766202251e-01, -5.022278210871653e-06
315, 3.534291735288517e+00, 3.926990816987241e-01, 3.926990816987241e-01, -6.986313164578453e-03, -3.641116104776292e-02, -1.652795964638104e-05, -2.969007672670849e-06
316, 3.926990816987241e+00, 3.926990816987241e-01, 3.926990816987241e-01, -3.289107281962509e-03, -2.949596823112186e-11, 1.830809446631051e-01, 6.055328096012080e-08
317, 4.319689898685965e+00, 3.926990816987241e-01, 3.926990816987241e-01, -6.986289529692932e-03, 3.641116098553490e-02, -1.652792043363855e-05, -2.969000008772280e-06
318, 4.712388980384690e+00, 3.926990816987241e-01, 3.926990816987241e-01, -1.000571771893944e-02, -7.686764803999869e-11, -1.830846765455629e-01, -5.022263528838041e-06
319, 5.105088062083414e+00, 3.926990816987241e-01, 3.926990816987241e-01, -6.986230072210251e-03, -3.641116113571908e-02, -1.652784976563893e-05, -2.968986165855027e-06
320, 5.497787143782138e+00, 3.926990816987241e-01, 3.926990816987241e-01, -3.288991759547271e-03, -1.058294796199701e-10, 1.830809447934118e-01, 6.057868550154026e-08
321, 5.890486225480862e+00, 3.926990816987241e-01, 3.926990816987241e-01, -6.986151388437033e-03, 3.641116094738864e-02, -1.652778956456293e-05, -2.968975652337211e-06
322, 6.283185307179586e+00, 3.926990816987241e-01, 3.926990816987241e-01, -1.000558008050342e-02, -3.221122122195938e-11, -1.830846764347809e-01, -5.022249001844810e-06
323, 0.000000000000000e+00, 7.853981633974483e-01, 3.926990816987241e-01, -6.921999290883181e-03, -2.230647639668660e-11, -1.135050551227603e-01, -2.870721001021446e-06
324, 3.926990816987241e-01, 7.853981633974483e-01, 3.926990816987241e-01, -3.318610492540277e-03, -4.700430025081594e-02, -1.682246633829500e-05, -8.358090443509646e-07
325, 7.853981633974483e-01, 7.853981633974483e-01, 3.926990816987241e-01, 2.275158335884207e-03, 5.231268239049265e-11, 1.135005887666269e-01, 4.081337973505064e-06
326, 1.178097245096172e+00, 7.853981633974483e-01, 3.926990816987241e-01, -3.318647772059435e-03, 4.700430033613231e-02, -1.682257957632794e-05, -8.358143132244162e-07
327, 1.570796326794897e+00, 7.853981633974483e-01, 3.926990816987241e-01, -6.922056305119942e-03, 3.125487515977767e-11, -1.135050553246537e-01, -2.870728867169856e-06
328, 1.963495408493621e+00, 7.853981633974483e-01, 3.926990816987241e-01, -3.318672152347851e-03, -4.700430027347689e-02, -1.682272841720481e-05, -8.358253070280537e-07
329, 2.356194490192345e+00, 7.853981633974483e-01, 3.926990816987241e-01, 2.275110260623638e-03, 6.294306830388583e-12, 1.135005884888368e-01, 4.081318310690008e-06
330, 2.748893571891069e+00, 7.853981633974483e-01, 3.926990816987241e-01, -3.318677991597191e-03, 4.700430029171453e-02, -1.682282947171445e-05, -8.358327797102882e-07
331, 3.141592653589793e+00, 7.853981633974483e-01, 3.926990816987241e-01, -6.922072214669816e-03, 2.228039102246854e-12, -1.135050555154846e-01, -2.870743151770121e-06
332, 3.534291735288517e+00, 7.853981633974483e-01, 3.926990816987241e-01, -3.318679886866108e-03, -4.700430028647468e-02, -1.682284224643939e-05, -8.358338065603824e-07
333, 3.926990816987241e+00, 7.853981633974483e-01, 3.926990816987241e-01, 2.275105969354853e-03, 7.568393809349946e-13, 1.135005884642023e-01, 4.081316319607300e-06
334, 4.319689898685965e+00, 7.853981633974483e-01, 3.926990816987241e-01, -3.318679565730985e-03, 4.700430028235093e-02, -1.682276231087691e-05, -8.358281001387373e-07
335, 4.712388980384690e+00, 7.853981633974483e-01, 3.926990816987241e-01, -6.922067267450642e-03, -2.196383917316076e-11, -1.135050553642773e-01, -2.870732134301001e-06
336, 5.105088062083414e+00, 7.853981633974483e-01, 3.926990816987241e-01, -3.318661756558679e-03, -4.700430032987261e-02, -1.682262035162868e-05, -8.358174523622029e-07
337, 5.497787143782138e+00, 7.853981633974483e-01, 3.926990816987241e-01, 2.275143452952301e-03, -5.411148836874850e-11, 1.135005887315950e-01, 4.081335906984905e-06
338, 5.890486225480862e+00, 7.853981633974483e-01, 3.926990816987241e-01, -3.318621840199873e-03, 4.700430023479911e-02, -1.682248781110254e-05, -8.358091631241731e-07
339, 6.283185307179586e+00, 7.853981633974483e-01, 3.926990816987241e-01, -6.921999290883181e-03, -2.230647639668660e-11, -1.135050551227603e-01, -2.870721001021446e-06
340, 0.000000000000000e+00, 1.178097245096172e+00, 3.926990816987241e-01, -2.761075327913780e-03, -5.006741947996899e-12, -4.886187949416054e-02, -1.147651666457321e-06
341, 3.926990816987241e-01, 1.178097245096172e+00, 3.926990816987241e-01, 8.261197093008323e-05, -3.263348979060762e-02, -9.386941389556318e-06, 6.205540466764587e-07
342, 7.853981633974483e-01, 1.178097245096172e+00, 3.926990816987241e-01, 4.053611897455443e-03, -2.064219029487197e-11, 4.885609595689379e-02, 4.004399030302496e-06
343, 1.178097245096172e+00, 1.178097245096172e+00, 3.926990816987241e-01, 8.262904439677777e-05, 3.263348974568995e-02, -9.387102018164512e-06, 6.205505783718831e-07
344, 1.570796326794897e+00, 1.178097245096172e+00, 3.926990816987241e-01, -2.761037419601976e-03, -5.953748132132437e-11, -4.886187977549270e-02, -1.147656749986809e-06
345, 1.963495408493621e+00, 1.178097245096172e+00, 3.926990816987241e-01, 8.267345873406431e-05, -3.263348985225564e-02, -9.387303110440014e-06, 6.205447156734773e-07
346, 2.356194490192345e+00, 1.178097245096172e+00, 3.926990816987241e-01, 4.053692216485771e-03, -5.432332197238482e-11, 4.885609557937012e-02, 4.004388460326958e-06
347, 2.748893571891069e+00, 1.178097245096172e+00, 3.926990816987241e-01, 8.271414639272551e-05, 3.263348975476315e-02, -9.387439386984032e-06, 6.205411608467940e-07
348, 3.141592653589793e+00, 1.178097245096172e+00, 3.926990816987241e-01, -2.760964809105253e-03, -5.469843720769913e-12, -4.886188003335121e-02, -1.147663734190098e-06
349, 3.534291735288517e+00, 1.178097245096172e+00, 3.926990816987241e-01, 8.271816541084991e-05, -3.263348976426762e-02, -9.387456614631109e-06, 6.205406424566040e-07
350, 3.926990816987241e+00, 1.178097245096172e+00, 3.926990816987241e-01, 4.053699248934783e-03, 4.860414749548744e-11, 4.885609554619787e-02, 4.004387429194313e-06
351, 4.319689898685965e+00, 1.178097245096172e+00, 3.926990816987241e-01, 8.268172986711499e-05, 3.263348985170193e-02, -9.387348931864783e-06, 6.205432125080833e-07
352, 4.712388980384690e+00, 1.178097245096172e+00, 3.926990816987241e-01, -2.761029981291699e-03, 6.434912357255024e-11, -4.886187982914322e-02, -1.147658591711096e-06
353, 5.105088062083414e+00, 1.178097245096172e+00, 3.926990816987241e-01, 8.263388941073563e-05, -3.263348973718237e-02, -9.387157306575370e-06, 6.205487037182169e-07
354, 5.497787143782138e+00, 1.178097245096172e+00, 3.926990816987241e-01, 4.053613365404222e-03, 2.928125354296027e-11, 4.885609590855852e-02, 4.004397662222741e-06
355, 5.890486225480862e+00, 1.178097245096172e+00, 3.926990816987241e-01, 8.261098558434918e-05, 3.263348979446199e-02, -9.386971966211661e-06, 6.205537495846202e-07
356, 6.283185307179586e+00, 1.178097245096172e+00, 3.926990816987241e-01, -2.761075327913780e-03, -5.006741947996899e-12, -4.886187949416054e-02, -1.147651666457321e-06
357, 0.000000000000000e+00, 1.570796326794897e+00, 3.926990816987241e-01, 1.164880459642028e-03, 1.593666459837949e-11, -1.337550252427189e-02, 2.266590985204524e-07
358, 3.926990816987241e-01, 1.570796326794897e+00, 3.926990816987241e-01, 2.306360766148307e-03, -1.336164968430217e-02, -4.515891666749142e-06, 1.030593397935744e-06
359, 7.853981633974483e-01, 1.570796326794897e+00, 3.926990816987241e-01, 3.650456440966777e-03, -1.116006917517973e-10, 1.336914267634528e-02, 2.117780948560428e-06
360, 1.178097245096172e+00, 1.570796326794897e+00, 3.926990816987241e-01, 2.306445109523647e-03, 1.336164947876619e-02, -4.516072945712492e-06, 1.030591923436756e-06
361, 1.570796326794897e+00, 1.570796326794897e+00, 3.926990816987241e-01, 1.165035399407663e-03, -1.694620601757658e-10, -1.337550284093637e-02, 2.266570530274373e-07
362, 1.963495408493621e+00, 1.570796326794897e+00, 3.926990816987241e-01, 2.306573155339698e-03, -1.336164979148047e-02, -4.516296717785928e-06, 1.030592261099575e-06
363, 2.356194490192345e+00, 1.570796326794897e+00, 3.926990816987241e-01, 3.650693135969143e-03, -1.277795675138707e-10, 1.336914225672237e-02, 2.117781310210689e-06
364, 2.748893571891069e+00, 1.570796326794897e+00, 3.926990816987241e-01, 2.306670108844279e-03, 1.336164955408579e-02, -4.516447166338078e-06, 1.030593433698647e-06
365, 3.141592653589793e+00, 1.570796326794897e+00, 3.926990816987241e-01, 1.165215160927172e-03, -1.474647204848376e-11, -1.337550312688441e-02, 2.266588805140528e-07
366, 3.534291735288517e+00, 1.570796326794897e+00, 3.926990816987241e-01, 2.306681271065249e-03, -1.336164958140885e-02, -4.516466215398603e-06, 1.030593529208172e-06
367, 3.926990816987241e+00, 1.570796326794897e+00, 3.926990816987241e-01, 3.650713848354136e-03, 1.065666024803352e-10, 1.336914222014495e-02, 2.117781439048454e-06
368, 4.319689898685965e+00, 1.570796326794897e+00, 3.926990816987241e-01, 2.306600399224971e-03, 1.336164977947025e-02, -4.516347416666203e-06, 1.030592319986124e-06
369, 4.712388980384690e+00, 1.570796326794897e+00, 3.926990816987241e-01, 1.165065156668879e-03, 1.686629947586818e-10, -1.337550290055459e-02, 2.266569365430071e-07
370, 5.105088062083414e+00, 1.570796326794897e+00, 3.926990816987241e-01, 2.306472909783176e-03, -1.336164946796113e-02, -4.516134474631183e-06, 1.030591570555981e-06
371, 5.497787143782138e+00, 1.570796326794897e+00, 3.926990816987241e-01, 3.650477993196267e-03, 1.325895809814259e-10, 1.336914262231942e-02, 2.117780398439193e-06
372, 5.890486225480862e+00, 1.570796326794897e+00, 3.926990816987241e-01, 2.306372603605973e-03, 1.336164971265109e-02, -4.515926153145198e-06, 1.030592859792507e-06
373, 6.283185307179586e+00, 1.570796326794897e+00, 3.926990816987241e-01, 1.164880459642028e-03, 1.593666459837949e-11, -1.337550252427189e-02, 2.266590985204524e-07
374, 0.000000000000000e+00, 1.963495408493621e+00, 3.926990816987241e-01, 3.840188050105379e-03, 3.717759644835508e-11, -1.944712396596328e-03, 1.114242943125757e-06
375, 3.926990816987241e-01, 1.963495408493621e+00, 3.926990816987241e-01, 3.608231997682220e-03, -2.902104798931568e-03, -2.455496906015681e-06, 9.589791856304725e-07
376, 7.853981633974483e-01, 1.963495408493621e+00, 3.926990816987241e-01, 3.359704620186827e-03, -2.061774293209986e-10, 1.939873391005452e-03, 7.803691959460453e-07
377, 1.178097245096172e+00, 1.963495408493621e+00, 3.926990816987241e-01, 3.608385953071097e-03, 2.902104427525944e-03, -2.455669845726538e-06, 9.589797119504271e-07
378, 1.570796326794897e+00, 1.963495408493621e+00, 3.926990816987241e-01, 3.840463855216686e-03, -2.821930264313204e-10, -1.944712698878753e-03, 1.114243942382078e-06
379, 1.963495408493621e+00, 1.963495408493621e+00, 3.926990816987241e-01, 3.608599887630494e-03, -2.902104952114889e-03, -2.455882622858954e-06, 9.589863533633996e-07
380, 2.356194490192345e+00, 1.963495408493621e+00, 3.926990816987241e-01, 3.360102007524949e-03, -2.028040413046924e-10, 1.939872992667929e-03, 7.803806551510475e-07
381, 2.748893571891069e+00, 1.963495408493621e+00, 3.926990816987241e-01, 3.608754319118640e-03, 2.902104571754998e-03, -2.456024749319674e-06, 9.589923111286459e-07
382, 3.141592653589793e+00, 1.963495408493621e+00, 3.926990816987241e-01, 3.840753191829286e-03, -2.420756551767123e-11, -1.944712969825649e-03, 1.114254697165446e-06
383, 3.534291735288517e+00, 1.963495408493621e+00, 3.926990816987241e-01, 3.608772770356084e-03, -2.902104617268675e-03, -2.456042755156208e-06, 9.589930287299698e-07
384, 3.926990816987241e+00, 1.963495408493621e+00, 3.926990816987241e-01, 3.360136687403915e-03, 1.657269802551596e-10, 1.939872958135829e-03, 7.803819594278951e-07
385, 4.319689898685965e+00, 1.963495408493621e+00, 3.926990816987241e-01, 3.608646526984553e-03, 2.902104928318972e-03, -2.455930593726545e-06, 9.589879955874093e-07
386, 4.712388980384690e+00, 1.963495408493621e+00, 3.926990816987241e-01, 3.840516478931042e-03, 2.755190966435435e-10, -1.944712755468855e-03, 1.114245575649839e-06
387, 5.105088062083414e+00, 1.963495408493621e+00, 3.926990816987241e-01, 3.608437347069806e-03, -2.902104414584150e-03, -2.455728317559669e-06, 9.589809072410803e-07
388, 5.497787143782138e+00, 1.963495408493621e+00, 3.926990816987241e-01, 3.359746881810196e-03, 2.396661997985620e-10, 1.939873339618429e-03, 7.803694880206964e-07
389, 5.890486225480862e+00, 1.963495408493621e+00, 3.926990816987241e-01, 3.608257086227106e-03, 2.902104852589157e-03, -2.455529791532910e-06, 9.589784195044621e-07
390, 6.283185307179586e+00, 1.963495408493621e+00, 3.926990816987241e-01, 3.840188050105379e-03, 3.717759644835508e-11, -1.944712396596328e-03, 1.114242943125757e-06
391, 0.000000000000000e+00, 2.356194490192345e+00, 3.926990816987241e-01, 4.926916219018109e-03, 5.572662599055382e-11, -9.857368048251419e-05, 1.226481586360377e-06
392, 3.926990816987241e-01, 2.356194490192345e+00, 3.926990816987241e-01, 4.370226938074866e-03, -2.352026716846010e-04, -1.409298253091042e-06, 8.286378974601795e-07
393, 7.853981633974483e-01, 2.356194490192345e+00, 3.926990816987241e-01, 3.801426994804305e-03, -2.891972050950864e-10, 9.566696984880630e-05, 4.147915671883729e-07
394, 1.178097245096172e+00, 2.356194490192345e+00, 3.926990816987241e-01, 4.370441981448310e-03, 2.352021547904007e-04, -1.409436073814199e-06, 8.286401681823060e-07
395, 1.570796326794897e+00, 2.356194490192345e+00, 3.926990816987241e-01, 4.927298014088485e-03, -3.809034228576510e-10, -9.857392142986296e-05, 1.226485233600127e-06
396, 1.963495408493621e+00, 2.356194490192345e+00, 3.926990816987241e-01, 4.370731072003303e-03, -2.352028647548175e-04, -1.409605469867010e-06, 8.286522748049713e-07
397, 2.356194490192345e+00, 2.356194490192345e+00, 3.926990816987241e-01, 3.801964999275307e-03, -2.681075765848555e-10, 9.566665292258147e-05, 4.148126451220636e-07
398, 2.748893571891069e+00, 2.356194490192345e+00, 3.926990816987241e-01, 4.370935601664830e-03, 2.352023596937572e-04, -1.409718201354862e-06, 8.286623616691240e-07
399, 3.141592653589793e+00, 2.356194490192345e+00, 3.926990816987241e-01, 4.927682938885408e-03, -3.245203605858121e-11, -9.857413660822554e-05, 1.226503699831162e-06
400, 3.534291735288517e+00, 2.356194490192345e+00, 3.926990816987241e-01, 4.370960401170657e-03, -2.352024210530527e-04, -1.409732482855939e-06, 8.286636162975283e-07
401, 3.926990816987241e+00, 2.356194490192345e+00, 3.926990816987241e-01, 3.802011852096356e-03, 2.171871599646092e-10, 9.566662552824258e-05, 4.148149642082990e-07
402, 4.319689898685965e+00, 2.356194490192345e+00, 3.926990816987241e-01, 4.370794632917061e-03, 2.352028306092833e-04, -1.409643571547446e-06, 8.286552846388084e-07
403, 4.712388980384690e+00, 2.356194490192345e+00, 3.926990816987241e-01, 4.927370617856932e-03, 3.690131062280778e-10, -9.857396644852949e-05, 1.226488381135364e-06
404, 5.105088062083414e+00, 2.356194490192345e+00, 3.926990816987241e-01, 4.370514025936444e-03, -2.352021400510147e-04, -1.409482630803427e-06, 8.286427101761021e-07
405, 5.497787143782138e+00, 2.356194490192345e+00, 3.926990816987241e-01, 3.801487404191324e-03, 3.335812394346702e-10, 9.566692892150069e-05, 4.147926027314427e-07
406, 5.890486225480862e+00, 2.356194490192345e+00, 3.926990816987241e-01, 4.370263641539771e-03, 2.352027475419754e-04, -1.409324444749219e-06, 8.286369474578686e-07
407, 6.283185307179586e+00, 2.356194490192345e+00, 3.926990816987241e-01, 4.926916219018109e-03, 5.572662599055382e-11, -9.857368048251419e-05, 1.226481586360377e-06
408, 0.000000000000000e+00, 2.748893571891069e+00, 3.926990816987241e-01, 5.076411808584912e-03, 6.883635286458883e-11, 3.298977543115752e-08, 9.593950390194273e-07
409, 3.926990816987241e-01, 2.748893571891069e+00, 3.926990816987241e-01, 4.780033841871093e-03, -1.131247900315367e-06, -6.579639668114353e-07, 7.499832906539960e-07
410, 7.853981633974483e-01, 2.748893571891069e+00, 3.926990816987241e-01, 4.482473775752686e-03, -3.477873624363287e-10, -1.367953080160047e-06, 5.390611839091616e-07
411, 1.178097245096172e+00, 2.748893571891069e+00, 3.926990816987241e-01, 4.780292025218677e-03, 1.130628265567655e-06, -6.580455773870777e-07, 7.499867795346549e-07
412, 1.570796326794897e+00, 2.748893571891069e+00, 3.926990816987241e-01, 5.076868434865530e-03, -4.505784383594109e-10, 3.284712433729163e-08, 9.594005274864783e-07
413, 1.963495408493621e+00, 2.748893571891069e+00, 3.926990816987241e-01, 4.780634129439218e-03, -1.131468957760454e-06, -6.581457996355740e-07, 7.500027019494444e-07
414, 2.356194490192345e+00, 2.748893571891069e+00, 3.926990816987241e-01, 4.483110958782207e-03, -3.140155836303198e-10, -1.368140565987154e-06, 5.390889754368546e-07
415, 2.748893571891069e+00, 2.748893571891069e+00, 3.926990816987241e-01, 4.780873909386552e-03, 1.130876102532334e-06, -6.582123581724789e-07, 7.500156624920506e-07
416, 3.141592653589793e+00, 2.748893571891069e+00, 3.926990816987241e-01, 5.077320658304942e-03, -3.825659984387928e-11, 3.272001038599344e-08, 9.594243649284645e-07
417, 3.534291735288517e+00, 2.748893571891069e+00, 3.926990816987241e-01, 4.780903177117918e-03, -1.130948616493843e-06, -6.582208041777291e-07, 7.500172908415391e-07
418, 3.926990816987241e+00, 2.748893571891069e+00, 3.926990816987241e-01, 4.483166384253078e-03, 2.533361508342170e-10, -1.368156774486296e-06, 5.390920010354056e-07
419, 4.319689898685965e+00, 2.748893571891069e+00, 3.926990816987241e-01, 4.780709616937101e-03, 1.131427482772890e-06, -6.581683593138627e-07, 7.500066649667158e-07
420, 4.712388980384690e+00, 2.748893571891069e+00, 3.926990816987241e-01, 5.076955134630224e-03, 4.349696109505822e-10, 3.282044737546758e-08, 9.594047329492737e-07
421, 5.105088062083414e+00, 2.748893571891069e+00, 3.926990816987241e-01, 4.780378651023836e-03, -1.130612274846365e-06, -6.580731842980926e-07, 7.499902660843781e-07
422, 5.497787143782138e+00, 2.748893571891069e+00, 3.926990816987241e-01, 4.482547004095350e-03, 3.998670505275869e-10, -1.367977354973195e-06, 5.390627448068283e-07
423, 5.890486225480862e+00, 2.748893571891069e+00, 3.926990816987241e-01, 4.780078746982840e-03, 1.131339446220668e-06, -6.579794963424571e-07, 7.499822152669202e-07
424, 6.283185307179586e+00, 2.748893571891069e+00, 3.926990816987241e-01, 5.076411808584912e-03, 6.883635286458883e-11, 3.298977543115752e-08, 9.593950390194273e-07
425, 0.000000000000000e+00, 3.141592653589793e+00, 3.926990816987241e-01, 4.910315468907144e-03, 7.451844036239753e-11, 8.077233167276492e-07, 7.258469757057401e-07
426, 3.926990816987241e-01, 3.141592653589793e+00, 3.926990816987241e-01, 4.910020504351026e-03, -1.998245697795817e-10, 1.489177680477420e-10, 7.254169230266600e-07
427, 7.853981633974483e-01, 3.141592653589793e+00, 3.926990816987241e-01, 4.910454408532612e-03, -3.730384534963221e-10, -8.074294156600915e-07, 7.258400857081676e-07
428, 1.178097245096172e+00, 3.141592653589793e+00, 3.926990816987241e-01, 4.910297279827063e-03, -4.640809255160877e-10, 1.359605166971093e-10, 7.254209012337769e-07
429, 1.570796326794897e+00, 3.141592653589793e+00, 3.926990816987241e-01, 4.910804329590261e-03, -4.805629627526309e-10, 8.077007193519696e-07, 7.258531915409969e-07
430, 1.963495408493621e+00, 3.141592653589793e+00, 3.926990816987241e-01, 4.910662195610895e-03, -4.328611571613750e-10, 1.201648484200676e-10, 7.254384215156742e-07
431, 2.356194490192345e+00, 3.141592653589793e+00, 3.926990816987241e-01, 4.911134268344890e-03, -3.337256068281444e-10, -8.074589817340716e-07, 7.258706829392735e-07
432, 2.748893571891069e+00, 3.141592653589793e+00, 3.926990816987241e-01, 4.910917115479561e-03, -1.977164846143160e-10, 1.097225719847557e-10, 7.254525852743035e-07
433, 3.141592653589793e+00, 3.141592653589793e+00, 3.926990816987241e-01, 4.911285473387543e-03, -4.076262237039782e-11, 8.076807442586244e-07, 7.258792787058408e-07
434, 3.534291735288517e+00, 3.141592653589793e+00, 3.926990816987241e-01, 4.910948312408053e-03, 1.203856655407692e-10, 1.083556858672674e-10, 7.254543705322377e-07
435, 3.926990816987241e+00, 3.141592653589793e+00, 3.926990816987241e-01, 4.911193396445015e-03, 2.688271296617607e-10, -8.074616057051263e-07, 7.258740052945838e-07
436, 4.319689898685965e+00, 3.141592653589793e+00, 3.926990816987241e-01, 4.910742837413315e-03, 3.882084552885148e-10, 1.165091206942205e-10, 7.254427854329851e-07
437, 4.712388980384690e+00, 3.141592653589793e+00, 3.926990816987241e-01, 4.910897125997288e-03, 4.633322227305451e-10, 8.076963877494045e-07, 7.258578430154612e-07
438, 5.105088062083414e+00, 3.141592653589793e+00, 3.926990816987241e-01, 4.910390217242940e-03, 4.806018417925165e-10, 1.314643981380230e-10, 7.254247868095005e-07
439, 5.497787143782138e+00, 3.141592653589793e+00, 3.926990816987241e-01, 4.910533188955752e-03, 4.284455190790074e-10, -8.074333825477960e-07, 7.258418674582812e-07
440, 5.890486225480862e+00, 3.141592653589793e+00, 3.926990816987241e-01, 4.910068962455181e-03, 2.981661036489839e-10, 1.463728514628973e-10, 7.254157899819452e-07
441, 6.283185307179586e+00, 3.141592653589793e+00, 3.926990816987241e-01, 4.910315468907144e-03, 7.451844036239753e-11, 8.077233167276492e-07, 7.258469757057401e-07
442, 0.000000000000000e+00, 3.534291735288517e+00, 3.926990816987241e-01, 4.482230496388667e-03, 7.192406136251389e-11, 1.368189418997603e-06, 5.390586832440264e-07
443, 3.926990816987241e-01, 3.534291735288517e+00, 3.926990816987241e-01, 4.779920887580144e-03, 1.130869113942882e-06, 6.582407811526645e-07, 7.499741396943590e-07
444, 7.853981633974483e-01, 3.534291735288517e+00, 3.926990816987241e-01, 5.076432293084597e-03, -3.610995297637575e-10, -3.267974801052576e-08, 9.593794962289130e-07
445, 1.178097245096172e+00, 3.534291735288517e+00, 3.926990816987241e-01, 4.780188863947289e-03, -1.131512049962793e-06, 6.582984974653045e-07, 7.499777882705040e-07
446, 1.570796326794897e+00, 3.534291735288517e+00, 3.926990816987241e-01, 4.482704063585208e-03, -4.662770127734573e-10, 1.368290393950022e-06, 5.390643768677490e-07
447, 1.963495408493621e+00, 3.534291735288517e+00, 3.926990816987241e-01, 4.780542914053044e-03, 1.130641889727786e-06, 6.583695577449012e-07, 7.499944464931902e-07
448, 2.356194490192345e+00, 3.534291735288517e+00, 3.926990816987241e-01, 5.077091837587585e-03, -3.243045669417914e-10, -3.254685059566282e-08, 9.594085641163787e-07
449, 2.748893571891069e+00, 3.534291735288517e+00, 3.926990816987241e-01, 4.780790601691787e-03, -1.131254461443328e-06, 6.584167836769783e-07, 7.500079688048416e-07
450, 3.141592653589793e+00, 3.534291735288517e+00, 3.926990816987241e-01, 4.483171409108914e-03, -3.960242297467832e-11, 1.368380546389703e-06, 5.390892633002031e-07
451, 3.534291735288517e+00, 3.534291735288517e+00, 3.926990816987241e-01, 4.780820905416559e-03, 1.131179361378293e-06, 6.584226932777240e-07, 7.500096721506771e-07
452, 3.926990816987241e+00, 3.534291735288517e+00, 3.926990816987241e-01, 5.077149251295081e-03, 2.613594213525646e-10, -3.253550712587187e-08, 9.594117312399919e-07
453, 4.319689898685965e+00, 3.534291735288517e+00, 3.926990816987241e-01, 4.780621170337492e-03, -1.130685077069301e-06, 6.583853465290235e-07, 7.499986004499731e-07
454, 4.712388980384690e+00, 3.534291735288517e+00, 3.926990816987241e-01, 4.482794042215148e-03, 4.497814167001485e-10, 1.368309057588428e-06, 5.390687948740237e-07
455, 5.105088062083414e+00, 3.534291735288517e+00, 3.926990816987241e-01, 4.780278891578085e-03, 1.131528303151545e-06, 6.583177944297836e-07, 7.499814642641985e-07
456, 5.497787143782138e+00, 3.534291735288517e+00, 3.926990816987241e-01, 5.076508522587994e-03, 4.149532569298545e-10, -3.266280591732802e-08, 9.593811564040007e-07
457, 5.890486225480862e+00, 3.534291735288517e+00, 3.926990816987241e-01, 4.779967718958900e-03, -1.130773898710092e-06, 6.582515995041383e-07, 7.499730209609801e-07
458, 6.283185307179586e+00, 3.534291735288517e+00, 3.926990816987241e-01, 4.482230496388667e-03, 7.192406136251389e-11, 1.368189418997603e-06, 5.390586832440264e-07
459, 0.000000000000000e+00, 3.926990816987241e+00, 3.926990816987241e-01, 3.801108174553345e-03, 6.142985061606429e-11, -9.566682426104573e-05, 4.147802699247136e-07
460, 3.926990816987241e-01, 3.926990816987241e+00, 3.926990816987241e-01, 4.370017019362400e-03, 2.352023523462798e-04, 1.409514741821064e-06, 8.286208998323004e-07
461, 7.853981633974483e-01, 3.926990816987241e+00, 3.926990816987241e-01, 4.926820946975347e-03, -3.137594059231021e-10, 9.857396233723681e-05, 1.226459359156774e-06
462, 1.178097245096172e+00, 3.926990816987241e+00, 3.926990816987241e-01, 4.370250116619259e-03, -2.352029121971568e-04, 1.409634436855836e-06, 8.286234388631113e-07
463, 1.570796326794897e+00, 3.926990816987241e+00, 3.926990816987241e-01, 3.801521205013751e-03, -4.098676513597536e-10, -9.566661493801146e-05, 4.147842542613581e-07
464, 1.963495408493621e+00, 3.926990816987241e+00, 3.926990816987241e-01, 4.370561262254743e-03, 2.352021478148668e-04, 1.409781592551342e-06, 8.286368958960017e-07
465, 2.356194490192345e+00, 3.926990816987241e+00, 3.926990816987241e-01, 4.927400241129289e-03, -2.871762908948833e-10, 9.857423761165569e-05, 1.226482776326319e-06
466, 2.748893571891069e+00, 3.926990816987241e+00, 3.926990816987241e-01, 4.370780434735557e-03, -2.352026893639076e-04, 1.409879393664113e-06, 8.286480252312186e-07
467, 3.141592653589793e+00, 3.926990816987241e+00, 3.926990816987241e-01, 3.801934113099925e-03, -3.494842304091372e-11, -9.566642822737309e-05, 4.148046624708632e-07
468, 3.534291735288517e+00, 3.926990816987241e+00, 3.926990816987241e-01, 4.370807156285796e-03, 2.352026232076902e-04, 1.409891704500896e-06, 8.286494200443910e-07
469, 3.926990816987241e+00, 3.926990816987241e+00, 3.926990816987241e-01, 4.927450780408071e-03, 2.320604040471491e-10, 9.857426123372855e-05, 1.226485359004676e-06
470, 4.319689898685965e+00, 3.926990816987241e+00, 3.926990816987241e-01, 4.370629951805783e-03, -2.352021851146534e-04, 1.409814460983927e-06, 8.286402587730041e-07
471, 4.712388980384690e+00, 3.926990816987241e+00, 3.926990816987241e-01, 3.801599874773217e-03, 3.963582337920417e-10, -9.566657608410795e-05, 4.147877908405789e-07
472, 5.105088062083414e+00, 3.926990816987241e+00, 3.926990816987241e-01, 4.370328447965439e-03, 2.352029274308112e-04, 1.409674632658050e-06, 8.286263234370025e-07
473, 5.497787143782138e+00, 3.926990816987241e+00, 3.926990816987241e-01, 4.926886901624085e-03, 3.614132515059495e-10, 9.857399766155194e-05, 1.226460569473559e-06
474, 5.890486225480862e+00, 3.926990816987241e+00, 3.926990816987241e-01, 4.370057285701423e-03, -2.352022697136276e-04, 1.409537316401816e-06, 8.286198632790466e-07
475, 6.283185307179586e+00, 3.926990816987241e+00, 3.926990816987241e-01, 3.801108174553345e-03, 6.142985061606429e-11, -9.566682426104573e-05, 4.147802699247136e-07
476, 0.000000000000000e+00, 4.319689898685965e+00, 3.926990816987241e-01, 3.359349708362177e-03, 4.454968559801843e-11, -1.939873356821291e-03, 7.803509737464805e-07
477, 3.926990816987241e-01, 4.319689898685965e+00, 3.926990816987241e-01, 3.607955017730287e-03, 2.902104568629444e-03, 2.455621632461747e-06, 9.589568009493148e-07
478, 7.853981633974483e-01, 4.319689898685965e+00, 3.926990816987241e-01, 3.839996478560888e-03, -2.382611158489059e-10, 1.944712608814802e-03, 1.114216991639689e-06
479, 1.178097245096172e+00, 4.319689898685965e+00, 3.926990816987241e-01, 3.608132441563845e-03, -2.902104995839287e-03, 2.455785046881068e-06, 9.589576150090369e-07
480, 1.570796326794897e+00, 4.319689898685965e+00, 3.926990816987241e-01, 3.359666139688122e-03, -3.198318526515351e-10, -1.939873070891944e-03, 7.803523168346143e-07
481, 1.963495408493621e+00, 4.319689898685965e+00, 3.926990816987241e-01, 3.608375151648406e-03, 2.902104400175260e-03, 2.455986013604350e-06, 9.589659966969569e-07
482, 2.356194490192345e+00, 4.319689898685965e+00, 3.926990816987241e-01, 3.840447739342022e-03, -2.279409559146114e-10, 1.944712984634103e-03, 1.114231459889576e-06
483, 2.748893571891069e+00, 4.319689898685965e+00, 3.926990816987241e-01, 3.608548801089494e-03, -2.902104828335781e-03, 2.456119711325812e-06, 9.589733305615844e-07
484, 3.141592653589793e+00, 4.319689898685965e+00, 3.926990816987241e-01, 3.359992156534042e-03, -2.748182433296021e-11, -1.939872815604014e-03, 7.803656216407749e-07
485, 3.534291735288517e+00, 4.319689898685965e+00, 3.926990816987241e-01, 3.608569780764714e-03, 2.902104776507821e-03, 2.456136612250502e-06, 9.589742346198807e-07
486, 3.926990816987241e+00, 4.319689898685965e+00, 3.926990816987241e-01, 3.840487265128450e-03, 1.853419200542349e-10, 1.944713017024365e-03, 1.114233113465906e-06
487, 4.319689898685965e+00, 4.319689898685965e+00, 3.926990816987241e-01, 3.608428524001351e-03, -2.902104428064853e-03, 2.456031048240233e-06, 9.589681020713076e-07
488, 4.712388980384690e+00, 4.319689898685965e+00, 3.926990816987241e-01, 3.359726710211423e-03, 3.110999581718154e-10, -1.939873017679809e-03, 7.803544513855317e-07
489, 5.105088062083414e+00, 4.319689898685965e+00, 3.926990816987241e-01, 3.608192050042285e-03, 2.902105009457766e-03, 2.455840081280310e-06, 9.589592391273862e-07
490, 5.497787143782138e+00, 4.319689898685965e+00, 3.926990816987241e-01, 3.840045973005243e-03, 2.760222899519280e-10, 1.944712657208388e-03, 1.114217485881088e-06
491, 5.890486225480862e+00, 4.319689898685965e+00, 3.926990816987241e-01, 3.607984757332868e-03, -2.902104506140155e-03, 2.455652609088807e-06, 9.589558998974156e-07
492, 6.283185307179586e+00, 4.319689898685965e+00, 3.926990816987241e-01, 3.359349708362177e-03, 4.454968559801843e-11, -1.939873356821291e-03, 7.803509737464805e-07
493, 0.000000000000000e+00, 4.712388980384690e+00, 3.926990816987241e-01, 3.650110127366540e-03, 2.383383257842800e-11, -1.336914275918787e-02, 2.117758748497151e-06
494, 3.926990816987241e-01, 4.712388980384690e+00, 3.926990816987241e-01, 2.306056667448277e-03, 1.336164955895228e-02, 4.515905067975595e-06, 1.030568962988704e-06
495, 7.853981633974483e-01, 4.712388980384690e+00, 3.926990816987241e-01, 1.164626580509694e-03, -1.461707995382247e-10, 1.337550263355107e-02, 2.266330367658501e-07
496, 1.178097245096172e+00, 4.712388980384690e+00, 3.926990816987241e-01, 2.306166152861291e-03, -1.336164982422519e-02, 4.516086874111851e-06, 1.030567707091453e-06
497, 1.570796326794897e+00, 4.712388980384690e+00, 3.926990816987241e-01, 3.650308676173290e-03, -2.097849942684282e-10, -1.336914244021950e-02, 2.117756935008802e-06
498, 1.963495408493621e+00, 4.712388980384690e+00, 3.926990816987241e-01, 2.306325287107044e-03, 1.336164943458668e-02, 4.516311301557371e-06, 1.030569880923616e-06
499, 2.356194490192345e+00, 4.712388980384690e+00, 3.926990816987241e-01, 1.164921454630099e-03, -1.554972424032162e-10, 1.337550305240503e-02, 2.266365708340556e-07
500, 2.748893571891069e+00, 4.712388980384690e+00, 3.926990816987241e-01, 2.306443214152995e-03, -1.336164972397858e-02, 4.516460806325343e-06, 1.030572573306160e-06
501, 3.141592653589793e+00, 4.712388980384690e+00, 3.926990816987241e-01, 3.650528390607653e-03, -1.829488122969169e-11, -1.336914215434604e-02, 2.117761551716714e-06
502, 3.534291735288517e+00, 4.712388980384690e+00, 3.926990816987241e-01, 2.306457138813997e-03, 1.336164968974361e-02, 4.516479820251594e-06, 1.030572874671430e-06
503, 3.926990816987241e+00, 4.712388980384690e+00, 3.926990816987241e-01, 1.164947458833957e-03, 1.282145058158781e-10, 1.337550308873710e-02, 2.266370849519291e-07
504, 4.319689898685965e+00, 4.712388980384690e+00, 3.926990816987241e-01, 2.306359877888793e-03, -1.336164945099565e-02, 4.516361783681236e-06, 1.030570446351219e-06
505, 4.712388980384690e+00, 4.712388980384690e+00, 3.926990816987241e-01, 3.650347081871276e-03, 2.068420057343706e-10, -1.336914238060163e-02, 2.117757353281566e-06
506, 5.105088062083414e+00, 4.712388980384690e+00, 3.926990816987241e-01, 2.306202845223820e-03, 1.336164983585647e-02, 4.516148384685151e-06, 1.030567785878880e-06
507, 5.497787143782138e+00, 4.712388980384690e+00, 3.926990816987241e-01, 1.164655915330330e-03, 1.719075472569344e-10, 1.337550268760108e-02, 2.266326506622817e-07
508, 5.890486225480862e+00, 4.712388980384690e+00, 3.926990816987241e-01, 2.306073491955837e-03, -1.336164952110308e-02, 4.515939813417972e-06, 1.030568228557298e-06
509, 6.283185307179586e+00, 4.712388980384690e+00, 3.926990816987241e-01, 3.650110127366540e-03, 2.383383257842800e-11, -1.336914275918787e-02, 2.117758748497151e-06
510, 0.000000000000000e+00, 5.105088062083414e+00, 3.926990816987241e-01, 4.053318010117365e-03, 2.727919340706442e-12, -4.885609614679117e-02, 4.004376591707082e-06
511, 3.926990816987241e-01, 5.105088062083414e+00, 3.926990816987241e-01, 8.232554515026490e-05, 3.263348976936943e-02, 9.386837724448961e-06, 6.205314172786284e-07
512, 7.853981633974483e-01, 5.105088062083414e+00, 3.926990816987241e-01, -2.761347079115043e-03, -5.150799411035338e-11, 4.886187947975044e-02, -1.147673972641344e-06
513, 1.178097245096172e+00, 5.105088062083414e+00, 3.926990816987241e-01, 8.236541781201849e-05, -3.263348986858865e-02, 9.387009567678738e-06, 6.205280767150902e-07
514, 1.570796326794897e+00, 5.105088062083414e+00, 3.926990816987241e-01, 4.053395658522857e-03, -9.660629312594664e-11, -4.885609584405997e-02, 4.004371615931897e-06
515, 1.963495408493621e+00, 5.105088062083414e+00, 3.926990816987241e-01, 8.243852176717081e-05, 3.263348969102960e-02, 9.387223458886728e-06, 6.205238353224983e-07
516, 2.356194490192345e+00, 5.105088062083414e+00, 3.926990816987241e-01, -2.761213148747693e-03, -8.056368732226320e-11, 4.886187987750028e-02, -1.147681729441755e-06
517, 2.748893571891069e+00, 5.105088062083414e+00, 3.926990816987241e-01, 8.249884697809269e-05, -3.263348983708320e-02, 9.387366332183453e-06, 6.205217267218481e-07
518, 3.141592653589793e+00, 5.105088062083414e+00, 3.926990816987241e-01, 4.053505583080792e-03, -8.756019557503200e-12, -4.885609557014921e-02, 4.004367246629751e-06
519, 3.534291735288517e+00, 5.105088062083414e+00, 3.926990816987241e-01, 8.250544794761525e-05, 3.263348982110804e-02, 9.387384644710068e-06, 6.205214012060765e-07
520, 3.926990816987241e+00, 5.105088062083414e+00, 3.926990816987241e-01, -2.761201169227001e-03, 6.913373634171137e-11, 4.886187991234110e-02, -1.147682398215623e-06
521, 4.319689898685965e+00, 5.105088062083414e+00, 3.926990816987241e-01, 8.245366559598785e-05, -3.263348969566812e-02, 9.387271877106503e-06, 6.205228071715491e-07
522, 4.712388980384690e+00, 5.105088062083414e+00, 3.926990816987241e-01, 4.053411167256223e-03, 9.945631924163285e-11, -4.885609578693801e-02, 4.004370261507161e-06
523, 5.105088062083414e+00, 5.105088062083414e+00, 3.926990816987241e-01, 8.237849096881545e-05, 3.263348987807202e-02, 9.387068116329063e-06, 6.205265584535389e-07
524, 5.497787143782138e+00, 5.105088062083414e+00, 3.926990816987241e-01, -2.761338503293491e-03, 6.497787734727579e-11, 4.886187953098534e-02, -1.147675270990848e-06
525, 5.890486225480862e+00, 5.105088062083414e+00, 3.926990816987241e-01, 8.232904135409332e-05, -3.263348975684729e-02, 9.386870890058612e-06, 6.205308594607773e-07
526, 6.283185307179586e+00, 5.105088062083414e+00, 3.926990816987241e-01, 4.053318010117365e-03, 2.727919340706442e-12, -4.885609614679117e-02, 4.004376591707082e-06
527, 0.000000000000000e+00, 5.497787143782138e+00, 3.926990816987241e-01, 2.274953943676488e-03, -1.527992116318945e-11, -1.135005890388683e-01, 4.081319584183824e-06
528, 3.926990816987241e-01, 5.497787143782138e+00, 3.926990816987241e-01, -3.318835457566627e-03, 4.700430031506626e-02, 1.682225395098698e-05, -8.358258924745829e-07
529, 7.853981633974483e-01, 5.497787143782138e+00, 3.926990816987241e-01, -6.922239480392355e-03, 3.070046648573715e-11, 1.135050549792592e-01, -2.870736004846181e-06
530, 1.178097245096172e+00, 5.497787143782138e+00, 3.926990816987241e-01, -3.318855771561878e-03, -4.700430027039603e-02, 1.682238953509541e-05, -8.358310527366779e-07
531, 1.570796326794897e+00, 5.497787143782138e+00, 3.926990816987241e-01, 2.274926699577276e-03, 2.388054830015136e-12, -1.135005888005946e-01, 4.081311885869937e-06
532, 1.963495408493621e+00, 5.497787143782138e+00, 3.926990816987241e-01, -3.318858121267014e-03, 4.700430027876854e-02, 1.682256003540151e-05, -8.358409038159840e-07
533, 2.356194490192345e+00, 5.497787143782138e+00, 3.926990816987241e-01, -6.922246499971116e-03, -1.420102505894691e-11, 1.135050552959184e-01, -2.870753656343501e-06
534, 2.748893571891069e+00, 5.497787143782138e+00, 3.926990816987241e-01, -3.318848649737251e-03, -4.700430029843543e-02, 1.682267489426222e-05, -8.358472443672954e-07
535, 3.141592653589793e+00, 5.497787143782138e+00, 3.926990816987241e-01, 2.274939808089965e-03, -3.200591599212407e-13, -1.135005885802356e-01, 4.081299608308441e-06
536, 3.534291735288517e+00, 5.497787143782138e+00, 3.926990816987241e-01, -3.318848539519972e-03, 4.700430029865526e-02, 1.682268970099125e-05, -8.358481243471647e-07
537, 3.926990816987241e+00, 5.497787143782138e+00, 3.926990816987241e-01, -6.922246944433703e-03, 1.683301807865101e-11, 1.135050553240339e-01, -2.870755369602725e-06
538, 4.319689898685965e+00, 5.497787143782138e+00, 3.926990816987241e-01, -3.318860181318196e-03, -4.700430027311454e-02, 1.682259916077610e-05, -8.358433327794749e-07
539, 4.712388980384690e+00, 5.497787143782138e+00, 3.926990816987241e-01, 2.274922012189034e-03, 5.305590152047276e-12, -1.135005887545971e-01, 4.081308980403809e-06
540, 5.105088062083414e+00, 5.497787143782138e+00, 3.926990816987241e-01, -3.318863417878351e-03, 4.700430027767089e-02, 1.682243612788762e-05, -8.358339636921759e-07
541, 5.497787143782138e+00, 5.497787143782138e+00, 3.926990816987241e-01, -6.922248989230230e-03, -2.814085171142484e-11, 1.135050550196247e-01, -2.870738102765068e-06
542, 5.890486225480862e+00, 5.497787143782138e+00, 3.926990816987241e-01, -3.318843529576862e-03, -4.700430032454628e-02, 1.682228007035356e-05, -8.358262938627379e-07
543, 6.283185307179586e+00, 5.497787143782138e+00, 3.926990816987241e-01, 2.274953943676488e-03, -1.527992116318945e-11, -1.135005890388683e-01, 4.081319584183824e-06
544, 0.000000000000000e+00, 5.890486225480862e+00, 3.926990816987241e-01, -3.289055606735799e-03, -2.761467448242357e-11, -1.830809451336791e-01, 6.057119374906876e-08
545, 3.926990816987241e-01, 5.890486225480862e+00, 3.926990816987241e-01, -6.986260066928299e-03, 3.641116109215090e-02, 1.652748222355866e-05, -2.968983318234312e-06
546, 7.853981633974483e-01, 5.890486225480862e+00, 3.926990816987241e-01, -1.000574062959690e-02, 8.651002468494772e-11, 1.830846761748429e-01, -5.022254745836961e-06
547, 1.178097245096172e+00, 5.890486225480862e+00, 3.926990816987241e-01, -6.986321535894334e-03, -3.641116094859788e-02, 1.652756187379071e-05, -2.968989952721746e-06
548, 1.570796326794897e+00, 5.890486225480862e+00, 3.926990816987241e-01, -3.289155126690243e-03, 7.258492227623120e-11, -1.830809449989716e-01, 6.056129931783246e-08
549, 1.963495408493621e+00, 5.890486225480862e+00, 3.926990816987241e-01, -6.986377367470002e-03, 3.641116108846120e-02, 1.652766249640614e-05, -2.969003629703040e-06
550, 2.356194490192345e+00, 5.890486225480862e+00, 3.926990816987241e-01, -1.000584716198529e-02, 3.338998550951058e-11, 1.830846763635664e-01, -5.022279228407703e-06
551, 2.748893571891069e+00, 5.890486225480862e+00, 3.926990816987241e-01, -6.986404241756438e-03, -3.641116101784813e-02, 1.652773177076339e-05, -2.969012944953205e-06
552, 3.141592653589793e+00, 5.890486225480862e+00, 3.926990816987241e-01, -3.289211139716398e-03, 5.708662946737264e-12, -1.830809448669326e-01, 6.054349845739335e-08
553, 3.534291735288517e+00, 5.890486225480862e+00, 3.926990816987241e-01, -6.986408782721051e-03, 3.641116102968221e-02, 1.652774069675482e-05, -2.969014212812224e-06
554, 3.926990816987241e+00, 5.890486225480862e+00, 3.926990816987241e-01, -1.000585651204369e-02, -2.064769357773009e-11, 1.830846763806198e-01, -5.022281671649537e-06
555, 4.319689898685965e+00, 5.890486225480862e+00, 3.926990816987241e-01, -6.986391762869061e-03, -3.641116107544477e-02, 1.652768630040652e-05, -2.969007031921702e-06
556, 4.712388980384690e+00, 5.890486225480862e+00, 3.926990816987241e-01, -3.289174265286276e-03, -6.156387667851544e-11, -1.830809449712509e-01, 6.055733023331845e-08
557, 5.105088062083414e+00, 5.890486225480862e+00, 3.926990816987241e-01, -6.986343876512840e-03, 3.641116095376125e-02, 1.652758950950637e-05, -2.968993801463694e-06
558, 5.497787143782138e+00, 5.890486225480862e+00, 3.926990816987241e-01, -1.000576269836861e-02, -9.264777837506394e-11, 1.830846761983681e-01, -5.022257401867004e-06
559, 5.890486225480862e+00, 5.890486225480862e+00, 3.926990816987241e-01, -6.986275888329724e-03, -3.641116111681157e-02, 1.652749647055888e-05, -2.968983694584716e-06
560, 6.283185307179586e+00, 5.890486225480862e+00, 3.926990816987241e-01, -3.289055606735799e-03, -2.761467448242357e-11, -1.830809451336791e-01, 6.057119374906876e-08
561, 0.000000000000000e+00, 6.283185307179586e+00, 3.926990816987241e-01, -9.060732438515582e-03, -2.970957724002853e-11, -2.138338259212963e-01, -4.649886417336074e-06
562, 3.926990816987241e-01, 6.283185307179586e+00, 3.926990816987241e-01, -8.657173601290247e-03, 6.385343079915977e-11, -1.785966994572835e-10, -4.051911310542370e-06
563, 7.853981633974483e-01, 6.283185307179586e+00, 3.926990816987241e-01, -9.060774475925041e-03, 1.081704540544689e-10, 2.138338255762833e-01, -4.649886303026717e-06
564, 1.178097245096172e+00, 6.283185307179586e+00, 3.926990816987241e-01, -8.657251583535877e-03, 1.160746276844075e-10, -1.615790228001300e-10, -4.051918839285927e-06
565, 1.570796326794897e+00, 6.283185307179586e+00, 3.926990816987241e-01, -9.060861029268782e-03, 1.036746135849966e-10, -2.138338259012705e-01, -4.649899352807706e-06
566, 1.963495408493621e+00, 6.283185307179586e+00, 3.926990816987241e-01, -8.657330709561940e-03, 8.114874216762940e-11, -1.473171177625627e-10, -4.051933732224077e-06
567, 2.356194490192345e+00, 6.283185307179586e+00, 3.926990816987241e-01, -9.060924067569498e-03, 5.443166850114864e-11, 2.138338256079801e-01, -4.649913027430455e-06
568, 2.748893571891069e+00, 6.283185307179586e+00, 3.926990816987241e-01, -8.657373559356757e-03, 2.941191388229427e-11, -1.356659593081930e-10, -4.051944156440262e-06
569, 3.141592653589793e+00, 6.283185307179586e+00, 3.926990816987241e-01, -9.060947406575077e-03, 8.378200712468364e-12, -2.138338258807855e-01, -4.649919152015576e-06
570, 3.534291735288517e+00, 6.283185307179586e+00, 3.926990816987241e-01, -8.657380152794172e-03, -1.243227670329926e-11, -1.341805259067661e-10, -4.051945563846244e-06
571, 3.926990816987241e+00, 6.283185307179586e+00, 3.926990816987241e-01, -9.060937350969122e-03, -3.719868592660083e-11, 2.138338256110218e-01, -4.649915731441672e-06
572, 4.319689898685965e+00, 6.283185307179586e+00, 3.926990816987241e-01, -8.657350570946161e-03, -6.477776264056619e-11, -1.430444604493012e-10, -4.051937472833770e-06
573, 4.712388980384690e+00, 6.283185307179586e+00, 3.926990816987241e-01, -9.060886579303906e-03, -9.106177512642638e-11, -2.138338258967970e-01, -4.649903664629239e-06
574, 5.105088062083414e+00, 6.283185307179586e+00, 3.926990816987241e-01, -8.657280387747174e-03, -1.121475587707580e-10, -1.573388638117185e-10, -4.051922939636686e-06
575, 5.497787143782138e+00, 6.283185307179586e+00, 3.926990816987241e-01, -9.060801849056254e-03, -1.196981499647373e-10, 2.138338255802392e-01, -4.649889099863806e-06
576, 5.890486225480862e+00, 6.283185307179586e+00, 3.926990816987241e-01, -8.657192119668871e-03, -9.810461663737374e-11, -1.761234278980607e-10, -4.051911921126837e-06
577, 6.283185307179586e+00, 6.283185307179586e+00, 3.926990816987241e-01, -9.060732438515582e-03, -2.970957724002853e-11, -2.138338259212963e-01, -4.649886417336074e-06
578, 0.000000000000000e+00, 0.000000000000000e+00, 7.853981633974483e-01, -6.841399558041008e-03, -2.819266260437389e-11, -1.325577538082448e-01, -6.308161837651720e-06
579, 3.926990816987241e-01, 0.000000000000000e+00, 7.853981633974483e-01, -6.677065343374032e-03, 6.147171257031714e-11, -1.700496566106398e-10, -5.768560847626123e-06
580, 7.853981633974483e-01, 0.000000000000000e+00, 7.853981633974483e-01, -6.841439610986472e-03, 1.010469603242973e-10, 1.325577534777471e-01, -6.308171062204267e-06
581, 1.178097245096172e+00, 0.000000000000000e+00, 7.853981633974483e-01, -6.677138017690035e-03, 1.058745143477073e-10, -1.552125328429072e-10, -5.768580596657582e-06
582, 1.570796326794897e+00, 0.000000000000000e+00, 7.853981633974483e-01, -6.841518648999126e-03, 9.228350532004732e-11, -1.325577537890683e-01, -6.308196946304975e-06
583, 1.963495408493621e+00, 0.000000000000000e+00, 7.853981633974483e-01, -6.677208595533091e-03, 7.060208613125952e-11, -1.404211958295856e-10, -5.768609274216672e-06
584, 2.356194490192345e+00, 0.000000000000000e+00, 7.853981633974483e-01, -6.841573641060230e-03, 4.667692878318790e-11, 1.325577535080454e-01, -6.308223767549789e-06
585, 2.748893571891069e+00, 0.000000000000000e+00, 7.853981633974483e-01, -6.677245509076779e-03, 2.514999127824169e-11, -1.294210305417735e-10, -5.768629022130616e-06
586, 3.141592653589793e+00, 0.000000000000000e+00, 7.853981633974483e-01, -6.841593739325595e-03, 7.326392034260542e-12, -1.325577537688754e-01, -6.308234527392391e-06
587, 3.534291735288517e+00, 0.000000000000000e+00, 7.853981633974483e-01, -6.677251293638485e-03, -1.019945410735170e-11, -1.279814778945893e-10, -5.768631725813892e-06
588, 3.926990816987241e+00, 0.000000000000000e+00, 7.853981633974483e-01, -6.841585370264546e-03, -3.122203041880178e-11, 1.325577535108977e-01, -6.308228963437331e-06
589, 4.319689898685965e+00, 0.000000000000000e+00, 7.853981633974483e-01, -6.677226300810099e-03, -5.552055952652692e-11, -1.364149818952690e-10, -5.768616493330846e-06
590, 4.712388980384690e+00, 0.000000000000000e+00, 7.853981633974483e-01, -6.841541694431992e-03, -8.012228756715879e-11, -1.325577537846391e-01, -6.308205381588390e-06
591, 5.105088062083414e+00, 0.000000000000000e+00, 7.853981633974483e-01, -6.677164370003929e-03, -1.011884176690810e-10, -1.508801775863630e-10, -5.768589029085624e-06
592, 5.497787143782138e+00, 0.000000000000000e+00, 7.853981633974483e-01, -6.841465071605966e-03, -1.105982760851092e-10, 1.325577534817043e-01, -6.308178052121657e-06
593, 5.890486225480862e+00, 0.000000000000000e+00, 7.853981633974483e-01, -6.677082861187658e-03, -9.337501495205757e-11, -1.675404144758106e-10, -5.768565055232260e-06
594, 6.283185307179586e+00, 0.000000000000000e+00, 7.853981633974483e-01, -6.841399558041008e-03, -2.819266260437389e-11, -1.325577538082448e-01, -6.308161837651720e-06
595, 0.000000000000000e+00, 3.926990816987241e-01, 7.853981633974483e-01, -7.561300693794297e-03, -3.023586844582389e-11, -1.135013914040544e-01, -7.316653674273824e-06
596, 3.926990816987241e-01, 3.926990816987241e-01, 7.853981633974483e-01, -5.519840099499797e-03, -2.257208984429321e-02, -8.843476536844834e-06, -4.320633248067872e-06
597, 7.853981633974483e-01, 3.926990816987241e-01, 7.853981633974483e-01, -3.196088450720107e-03, 9.062020457977253e-11, 1.134948281179508e-01, -4.254492400642398e-07
598, 1.178097245096172e+00, 3.926990816987241e-01, 7.853981633974483e-01, -5.519905492497494e-03, 2.257208999687543e-02, -8.843524891886437e-06, -4.320652063230789e-06
599, 1.570796326794897e+00, 3.926990816987241e-01, 7.853981633974483e-01, -7.561406815242006e-03, 7.802945858034690e-11, -1.135013914918784e-01, -7.316687367457795e-06
600, 1.963495408493621e+00, 3.926990816987241e-01, 7.853981633974483e-01, -5.519965353174431e-03, -2.257208984691138e-02, -8.843595586132367e-06, -4.320679050215489e-06
601, 2.356194490192345e+00, 3.926990816987241e-01, 7.853981633974483e-01, -3.196202783597618e-03, 3.732214294094993e-11, 1.134948279885053e-01, -4.254989344080166e-07
602, 2.748893571891069e+00, 3.926990816987241e-01, 7.853981633974483e-01, -5.519995100582729e-03, 2.257208992461945e-02, -8.843642808062641e-06, -4.320697632764427e-06
603, 3.141592653589793e+00, 3.926990816987241e-01, 7.853981633974483e-01, -7.561468208785292e-03, 6.135926848189337e-12, -1.135013915817337e-01, -7.316722694932312e-06
604, 3.534291735288517e+00, 3.926990816987241e-01, 7.853981633974483e-01, -5.519999985128927e-03, -2.257208991193565e-02, -8.843648778538650e-06, -4.320700182185825e-06
605, 3.926990816987241e+00, 3.926990816987241e-01, 7.853981633974483e-01, -3.196212791920850e-03, -2.385035808910528e-11, 1.134948279770472e-01, -4.255038459968199e-07
606, 4.319689898685965e+00, 3.926990816987241e-01, 7.853981633974483e-01, -5.519980668906616e-03, 2.257208986051272e-02, -8.843611387250549e-06, -4.320685877941432e-06
607, 4.712388980384690e+00, 3.926990816987241e-01, 7.853981633974483e-01, -7.561427047192356e-03, -6.651324588832364e-11, -1.135013915105405e-01, -7.316695338833423e-06
608, 5.105088062083414e+00, 3.926990816987241e-01, 7.853981633974483e-01, -5.519928999864990e-03, -2.257208999163171e-02, -8.843544112586950e-06, -4.320660028404159e-06
609, 5.497787143782138e+00, 3.926990816987241e-01, 7.853981633974483e-01, -3.196111646664359e-03, -9.746002651566766e-11, 1.134948281021613e-01, -4.254558288850395e-07
610, 5.890486225480862e+00, 3.926990816987241e-01, 7.853981633974483e-01, -5.519856724487059e-03, 2.257208981804467e-02, -8.843484682992153e-06, -4.320637254071803e-06
611, 6.283185307179586e+00, 3.926990816987241e-01, 7.853981633974483e-01, -7.561300693794297e-03, -3.023586844582389e-11, -1.135013914040544e-01, -7.316653674273824e-06
612, 0.000000000000000e+00, 7.853981633974483e-01, 7.853981633974483e-01, -5.455189734058158e-03, -2.058210586491688e-11, -7.036871179842001e-02, -4.799797679568312e-06
613, 3.926990816987241e-01, 7.853981633974483e-01, 7.853981633974483e-01, -2.874972734871223e-03, -2.913903845658317e-02, -1.006898428014110e-05, -1.403136938894322e-06
614, 7.853981633974483e-01, 7.853981633974483e-01, 7.853981633974483e-01, 5.318256762534764e-04, 4.718711382587033e-11, 7.035977009819815e-02, 4.640936084715200e-06
615, 1.178097245096172e+00, 7.853981633974483e-01, 7.853981633974483e-01, -2.875005988211336e-03, 2.913903853239122e-02, -1.006909526593831e-05, -1.403152305855266e-06
616, 1.570796326794897e+00, 7.853981633974483e-01, 7.853981633974483e-01, -5.455239671739862e-03, 2.286752493258260e-11, -7.036871199489579e-02, -4.799824888524632e-06
617, 1.963495408493621e+00, 7.853981633974483e-01, 7.853981633974483e-01, -2.875024081467066e-03, -2.913903848500447e-02, -1.006923792629138e-05, -1.403173412753746e-06
618, 2.356194490192345e+00, 7.853981633974483e-01, 7.853981633974483e-01, 5.317890598975423e-04, 6.805000948098651e-13, 7.035976983167078e-02, 4.640897155002997e-06
619, 2.748893571891069e+00, 7.853981633974483e-01, 7.853981633974483e-01, -2.875025660893959e-03, 2.913903849260499e-02, -1.006933430135946e-05, -1.403187604569631e-06
620, 3.141592653589793e+00, 7.853981633974483e-01, 7.853981633974483e-01, -5.455247436805642e-03, 1.476249231435792e-12, -7.036871217746443e-02, -4.799852038884937e-06
621, 3.534291735288517e+00, 7.853981633974483e-01, 7.853981633974483e-01, -2.875026968074463e-03, -2.913903848884660e-02, -1.006934648528981e-05, -1.403189570480580e-06
622, 3.926990816987241e+00, 7.853981633974483e-01, 7.853981633974483e-01, 5.317859078140324e-04, 5.039848880712722e-12, 7.035976980821015e-02, 4.640893348009302e-06
623, 4.319689898685965e+00, 7.853981633974483e-01, 7.853981633974483e-01, -2.875029894839977e-03, 2.913903849287092e-02, -1.006927032674952e-05, -1.403178763168907e-06
624, 4.712388980384690e+00, 7.853981633974483e-01, 7.853981633974483e-01, -5.455248752624813e-03, -1.402211576320640e-11, -7.036871203288664e-02, -4.799831213246196e-06
625, 5.105088062083414e+00, 7.853981633974483e-01, 7.853981633974483e-01, -2.875018112702553e-03, -2.913903852558336e-02, -1.006913440419605e-05, -1.403158700342081e-06
626, 5.497787143782138e+00, 7.853981633974483e-01, 7.853981633974483e-01, 5.318122429861617e-04, -4.736585091401536e-11, 7.035977006429188e-02, 4.640930720819495e-06
627, 5.890486225480862e+00, 7.853981633974483e-01, 7.853981633974483e-01, -2.874983338214702e-03, 2.913903844218579e-02, -1.006900548886242e-05, -1.403140266391533e-06
628, 6.283185307179586e+00, 7.853981633974483e-01, 7.853981633974483e-01, -5.455189734058158e-03, -2.058210586491688e-11, -7.036871179842001e-02, -4.799797679568312e-06
629, 0.000000000000000e+00, 1.178097245096172e+00, 7.853981633974483e-01, -2.184413229518021e-03, -3.853785870234992e-12, -3.029352776770694e-02, -2.016222888960471e-06
630, 3.926990816987241e-01, 1.178097245096172e+00, 7.853981633974483e-01, -1.969488929687822e-04, -2.023031339193356e-02, -6.938201857673917e-06, 7.411056900928726e-07
631, 7.853981633974483e-01, 1.178097245096172e+00, 7.853981633974483e-01, 2.263419781041898e-03, -2.423412355735360e-11, 3.028474332790813e-02, 4.996315407281956e-06
632, 1.178097245096172e+00, 1.178097245096172e+00, 7.853981633974483e-01, -1.969291611250857e-04, 2.023031334086967e-02, -6.938358713814064e-06, 7.410955496150306e-07
633, 1.570796326794897e+00, 1.178097245096172e+00, 7.853981633974483e-01, -2.184370826087990e-03, -6.409637933286830e-11, -3.029352804211066e-02, -2.016240304373668e-06
634, 1.963495408493621e+00, 1.178097245096172e+00, 7.853981633974483e-01, -1.968812348434497e-04, -2.023031345607215e-02, -6.938551829031442e-06, 7.410835102956702e-07
635, 2.356194490192345e+00, 1.178097245096172e+00, 7.853981633974483e-01, 2.263506556961563e-03, -5.718452614914455e-11, 3.028474296538652e-02, 4.996293004647483e-06
636, 2.748893571891069e+00, 1.178097245096172e+00, 7.853981633974483e-01, -1.968384031957633e-04, 2.023031335318051e-02, -6.938681807323675e-06, 7.410761813880458e-07
637, 3.141592653589793e+00, 1.178097245096172e+00, 7.853981633974483e-01, -2.184294011396154e-03, -5.854813087962591e-12, -3.029352828881458e-02, -2.016254666429371e-06
638, 3.534291735288517e+00, 1.178097245096172e+00, 7.853981633974483e-01, -1.968340738919432e-04, -2.023031336348115e-02, -6.938698240510177e-06, 7.410751232308833e-07
639, 3.926990816987241e+00, 1.178097245096172e+00, 7.853981633974483e-01, 2.263514203821373e-03, 5.068793717220862e-11, 3.028474293378675e-02, 4.996290912610849e-06
640, 4.319689898685965e+00, 1.178097245096172e+00, 7.853981633974483e-01, -1.968720697439926e-04, 2.023031345487642e-02, -6.938595592015058e-06, 7.410804697075357e-07
641, 4.712388980384690e+00, 1.178097245096172e+00, 7.853981633974483e-01, -2.184362290017684e-03, 6.852297252021183e-11, -3.029352809354334e-02, -2.016244050859540e-06
642, 5.105088062083414e+00, 1.178097245096172e+00, 7.853981633974483e-01, -1.969231724140540e-04, -2.023031333222265e-02, -6.938411894712759e-06, 7.410915723078320e-07
643, 5.497787143782138e+00, 1.178097245096172e+00, 7.853981633974483e-01, 2.263422207658572e-03, 3.369769436417663e-11, 3.028474328104189e-02, 4.996311869118430e-06
644, 5.890486225480862e+00, 1.178097245096172e+00, 7.853981633974483e-01, -1.969493238893760e-04, 2.023031339684524e-02, -6.938231958906596e-06, 7.411033493568631e-07
645, 6.283185307179586e+00, 1.178097245096172e+00, 7.853981633974483e-01, -2.184413229518021e-03, -3.853785870234992e-12, -3.029352776770694e-02, -2.016222888960471e-06
646, 0.000000000000000e+00, 1.570796326794897e+00, 7.853981633974483e-01, 1.018349748069548e-03, 1.656769396891085e-11, -8.293594332193071e-03, 3.700127882904544e-07
647, 3.926990816987241e-01, 1.570796326794897e+00, 7.853981633974483e-01, 1.792327218891923e-03, -8.283231044698205e-03, -4.225936351523297e-06, 1.531461266634313e-06
648, 7.853981633974483e-01, 1.570796326794897e+00, 7.853981633974483e-01, 2.653265815948423e-03, -1.132243680043307e-10, 8.286228082278172e-03, 2.961142382549869e-06
649, 1.178097245096172e+00, 1.570796326794897e+00, 7.853981633974483e-01, 1.792412628741459e-03, 8.283230836854687e-03, -4.226113352083838e-06, 1.531457347192693e-06
650, 1.570796326794897e+00, 1.570796326794897e+00, 7.853981633974483e-01, 1.018506179643076e-03, -1.695564246629476e-10, -8.293594641001821e-03, 3.700069844684999e-07
651, 1.963495408493621e+00, 1.570796326794897e+00, 7.853981633974483e-01, 1.792540850389953e-03, -8.283231150190525e-03, -4.226328320069158e-06, 1.531456171505623e-06
652, 2.356194490192345e+00, 1.570796326794897e+00, 7.853981633974483e-01, 2.653502977348320e-03, -1.272605892690156e-10, 8.286227678843103e-03, 2.961139745099256e-06
653, 2.748893571891069e+00, 1.570796326794897e+00, 7.853981633974483e-01, 1.792637407204757e-03, 8.283230913644603e-03, -4.226471951219892e-06, 1.531457055954457e-06
654, 3.141592653589793e+00, 1.570796326794897e+00, 7.853981633974483e-01, 1.018685409803561e-03, -1.469904803056996e-11, -8.293594914520310e-03, 3.700079391010287e-07
655, 3.534291735288517e+00, 1.570796326794897e+00, 7.853981633974483e-01, 1.792648546131233e-03, -8.283230940935913e-03, -4.226490120247114e-06, 1.531457083560641e-06
656, 3.926990816987241e+00, 1.570796326794897e+00, 7.853981633974483e-01, 2.653523674123476e-03, 1.059559763147707e-10, 8.286227643962646e-03, 2.961139703563765e-06
657, 4.319689898685965e+00, 1.570796326794897e+00, 7.853981633974483e-01, 1.792568138505188e-03, 8.283231137966760e-03, -4.226376754908784e-06, 1.531455899020879e-06
658, 4.712388980384690e+00, 1.570796326794897e+00, 7.853981633974483e-01, 1.018536090878800e-03, 1.684242703831284e-10, -8.293594698142425e-03, 3.700063314581991e-07
659, 5.105088062083414e+00, 1.570796326794897e+00, 7.853981633974483e-01, 1.792440712974935e-03, -8.283230826396063e-03, -4.226172586891937e-06, 1.531456268082952e-06
660, 5.497787143782138e+00, 1.570796326794897e+00, 7.853981633974483e-01, 2.653287742681869e-03, 1.340941016504763e-10, 8.286228029846496e-03, 2.961141034996597e-06
661, 5.890486225480862e+00, 1.570796326794897e+00, 7.853981633974483e-01, 1.792339383386562e-03, 8.283231073442726e-03, -4.225970222793770e-06, 1.531460132728364e-06
662, 6.283185307179586e+00, 1.570796326794897e+00, 7.853981633974483e-01, 1.018349748069548e-03, 1.656769396891085e-11, -8.293594332193071e-03, 3.700127882904544e-07
663, 0.000000000000000e+00, 1.963495408493621e+00, 7.853981633974483e-01, 3.248987483653239e-03, 3.740081758328310e-11, -1.206727979205332e-03, 1.804488725808788e-06
664, 3.926990816987241e-01, 1.963495408493621e+00, 7.853981633974483e-01, 3.101424955770082e-03, -1.799042724653581e-03, -2.606315294232426e-06, 1.595859340245976e-06
665, 7.853981633974483e-01, 1.963495408493621e+00, 7.853981633974483e-01, 2.946839318682819e-03, -2.056518244804776e-10, 1.201549248182404e-03, 1.365191022759690e-06
666, 1.178097245096172e+00, 1.963495408493621e+00, 7.853981633974483e-01, 3.101578360403793e-03, 1.799042354808677e-03, -2.606484214261031e-06, 1.595861767762422e-06
667, 1.570796326794897e+00, 1.963495408493621e+00, 7.853981633974483e-01, 3.249261738585127e-03, -2.778070158566557e-10, -1.206728273905075e-03, 1.804494721458617e-06
668, 1.963495408493621e+00, 1.963495408493621e+00, 7.853981633974483e-01, 3.101789078791720e-03, -1.799042871849452e-03, -2.606688646902275e-06, 1.595871633483155e-06
669, 2.356194490192345e+00, 1.963495408493621e+00, 7.853981633974483e-01, 2.947231086246345e-03, -1.988562069225577e-10, 1.201548864896828e-03, 1.365208468223254e-06
670, 2.748893571891069e+00, 1.963495408493621e+00, 7.853981633974483e-01, 3.101940545291866e-03, 1.799042498641818e-03, -2.606824445357523e-06, 1.595880813242412e-06
671, 3.141592653589793e+00, 1.963495408493621e+00, 7.853981633974483e-01, 3.249545752287317e-03, -2.372366547196611e-11, -1.206728533094554e-03, 1.804511161491912e-06
672, 3.534291735288517e+00, 1.963495408493621e+00, 7.853981633974483e-01, 3.101958635466133e-03, -1.799042543283463e-03, -2.606841621853917e-06, 1.595881938990111e-06
673, 3.926990816987241e+00, 1.963495408493621e+00, 7.853981633974483e-01, 2.947265112525892e-03, 1.623890845648264e-10, 1.201548831938098e-03, 1.365210500879603e-06
674, 4.319689898685965e+00, 1.963495408493621e+00, 7.853981633974483e-01, 3.101834901899927e-03, 1.799042848268779e-03, -2.606734499542799e-06, 1.595874161627887e-06
675, 4.712388980384690e+00, 1.963495408493621e+00, 7.853981633974483e-01, 3.249313559772837e-03, 2.708408716686665e-10, -1.206728328145879e-03, 1.804497202489851e-06
676, 5.105088062083414e+00, 1.963495408493621e+00, 7.853981633974483e-01, 3.101629163127978e-03, -1.799042342684392e-03, -2.606540524653829e-06, 1.595863640190034e-06
677, 5.497787143782138e+00, 1.963495408493621e+00, 7.853981633974483e-01, 2.946881352542098e-03, 2.381137581954474e-10, 1.201549198298410e-03, 1.365191932578333e-06
678, 5.890486225480862e+00, 1.963495408493621e+00, 7.853981633974483e-01, 3.101450124821669e-03, 1.799042778026473e-03, -2.606347555246626e-06, 1.595859484891516e-06
679, 6.283185307179586e+00, 1.963495408493621e+00, 7.853981633974483e-01, 3.248987483653239e-03, 3.740081758328310e-11, -1.206727979205332e-03, 1.804488725808788e-06
680, 0.000000000000000e+00, 2.356194490192345e+00, 7.853981633974483e-01, 4.278356984601796e-03, 5.560352062527153e-11, -6.176819704140680e-05, 2.028171689850487e-06
681, 3.926990816987241e-01, 2.356194490192345e+00, 7.853981633974483e-01, 3.914487570836423e-03, -1.457373819256023e-04, -1.539909830842693e-06, 1.484193174509122e-06
682, 7.853981633974483e-01, 2.356194490192345e+00, 7.853981633974483e-01, 3.545190426698710e-03, -2.867917001947853e-10, 5.865054711485473e-05, 9.242651572042450e-07
683, 1.178097245096172e+00, 2.356194490192345e+00, 7.853981633974483e-01, 3.914700652850677e-03, 1.457368699724240e-04, -1.540044478110205e-06, 1.484201136137087e-06
684, 1.570796326794897e+00, 2.356194490192345e+00, 7.853981633974483e-01, 4.278734582992955e-03, -3.726078310019737e-10, -6.176843195613005e-05, 2.028187950056379e-06
685, 1.963495408493621e+00, 2.356194490192345e+00, 7.853981633974483e-01, 3.914983585345483e-03, -1.457375653162039e-04, -1.540207277248170e-06, 1.484220580100463e-06
686, 2.356194490192345e+00, 2.356194490192345e+00, 7.853981633974483e-01, 3.545717532479194e-03, -2.612264438560427e-10, 5.865024202578893e-05, 9.243000258093389e-07
687, 2.748893571891069e+00, 2.356194490192345e+00, 7.853981633974483e-01, 3.915182934529037e-03, 1.457370728580420e-04, -1.540315050693333e-06, 1.484236914207887e-06
688, 3.141592653589793e+00, 2.356194490192345e+00, 7.853981633974483e-01, 4.279110047726779e-03, -3.158879775407650e-11, -6.176863787122292e-05, 2.028217758954270e-06
689, 3.534291735288517e+00, 2.356194490192345e+00, 7.853981633974483e-01, 3.915207081418031e-03, -1.457371326210652e-04, -1.540328679956427e-06, 1.484238987629874e-06
690, 3.926990816987241e+00, 2.356194490192345e+00, 7.853981633974483e-01, 3.545763180775333e-03, 2.115188563948142e-10, 5.865021586426588e-05, 9.243038493574530e-07
691, 4.319689898685965e+00, 2.356194490192345e+00, 7.853981633974483e-01, 3.915045586712891e-03, 1.457375317613337e-04, -1.540243714359433e-06, 1.484225527574330e-06
692, 4.712388980384690e+00, 2.356194490192345e+00, 7.853981633974483e-01, 4.278805556424985e-03, 3.604653065429406e-10, -6.176847511827340e-05, 2.028193144066960e-06
693, 5.105088062083414e+00, 2.356194490192345e+00, 7.853981633974483e-01, 3.914771344415843e-03, -1.457368564487520e-04, -1.540089322998647e-06, 1.484205577365872e-06
694, 5.497787143782138e+00, 2.356194490192345e+00, 7.853981633974483e-01, 3.545250078189346e-03, 3.293823846334224e-10, 5.865050738408544e-05, 9.242680500760959e-07
695, 5.890486225480862e+00, 2.356194490192345e+00, 7.853981633974483e-01, 3.914524132043855e-03, 1.457374568997030e-04, -1.539935515808703e-06, 1.484194456412720e-06
696, 6.283185307179586e+00, 2.356194490192345e+00, 7.853981633974483e-01, 4.278356984601796e-03, 5.560352062527153e-11, -6.176819704140680e-05, 2.028171689850487e-06
697, 0.000000000000000e+00, 2.748893571891069e+00, 7.853981633974483e-01, 4.554562206072202e-03, 6.846023283542373e-11, -2.594418519098015e-07, 1.681022002524399e-06
698, 3.926990816987241e-01, 2.748893571891069e+00, 7.853981633974483e-01, 4.359044558609850e-03, -6.566329422856871e-07, -7.187801646963885e-07, 1.392599464577840e-06
699, 7.853981633974483e-01, 2.748893571891069e+00, 7.853981633974483e-01, 4.162995070948039e-03, -3.440818904739891e-10, -1.186901777983149e-06, 1.102560340224713e-06
700, 1.178097245096172e+00, 2.748893571891069e+00, 7.853981633974483e-01, 4.359299793682376e-03, 6.560206198995345e-07, -7.188599289698129e-07, 1.392611300008488e-06
701, 1.570796326794897e+00, 2.748893571891069e+00, 7.853981633974483e-01, 4.555012786167910e-03, -4.395358236747957e-10, -2.595809918755267e-07, 1.681045441418777e-06
702, 1.963495408493621e+00, 2.748893571891069e+00, 7.853981633974483e-01, 4.359633685556930e-03, -6.568417628942654e-07, -7.189563010004441e-07, 1.392637433750907e-06
703, 2.356194490192345e+00, 2.748893571891069e+00, 7.853981633974483e-01, 4.163617669509220e-03, -3.051048438515218e-10, -1.187082359019668e-06, 1.102607376582110e-06
704, 2.748893571891069e+00, 2.748893571891069e+00, 7.853981633974483e-01, 4.359866743204754e-03, 6.562653123916367e-07, -7.190199737783866e-07, 1.392658746548539e-06
705, 3.141592653589793e+00, 2.748893571891069e+00, 7.853981633974483e-01, 4.555452668308633e-03, -3.712817964497242e-11, -2.597027103776985e-07, 1.681084560772198e-06
706, 3.534291735288517e+00, 2.748893571891069e+00, 7.853981633974483e-01, 4.359895155413305e-03, -6.563357267323974e-07, -7.190280398448360e-07, 1.392661479554726e-06
707, 3.926990816987241e+00, 2.748893571891069e+00, 7.853981633974483e-01, 4.163671506798835e-03, 2.460567056205677e-10, -1.187097848938137e-06, 1.102612447453086e-06
708, 4.319689898685965e+00, 2.748893571891069e+00, 7.853981633974483e-01, 4.359707095309475e-03, 6.568011448074114e-07, -7.189778891361819e-07, 1.392644068216180e-06
709, 4.712388980384690e+00, 2.748893571891069e+00, 7.853981633974483e-01, 4.555097277129276e-03, 4.237083897272463e-10, -2.596065825117528e-07, 1.681052531636910e-06
710, 5.105088062083414e+00, 2.748893571891069e+00, 7.853981633974483e-01, 4.359384532241393e-03, -6.560061204037362e-07, -7.188865306544251e-07, 1.392617543460773e-06
711, 5.497787143782138e+00, 2.748893571891069e+00, 7.853981633974483e-01, 4.163067167410547e-03, 3.938339853541546e-10, -1.186925348011687e-06, 1.102564630738019e-06
712, 5.890486225480862e+00, 2.748893571891069e+00, 7.853981633974483e-01, 4.359089163348159e-03, 6.567231827308171e-07, -7.187953960562247e-07, 1.392601549927860e-06
713, 6.283185307179586e+00, 2.748893571891069e+00, 7.853981633974483e-01, 4.554562206072202e-03, 6.846023283542373e-11, -2.594418519098015e-07, 1.681022002524399e-06
714, 0.000000000000000e+00, 3.141592653589793e+00, 7.853981633974483e-01, 4.500541365139585e-03, 7.403470643439897e-11, 5.342181756909296e-07, 1.361065857525170e-06
715, 3.926990816987241e-01, 3.141592653589793e+00, 7.853981633974483e-01, 4.500424474070262e-03, -2.010718203262532e-10, 1.422295141971007e-10, 1.360642297821557e-06
716, 7.853981633974483e-01, 3.141592653589793e+00, 7.853981633974483e-01, 4.500680559849350e-03, -3.687990803084046e-10, -5.339375577090464e-07, 1.361068898347137e-06
717, 1.178097245096172e+00, 3.141592653589793e+00, 7.853981633974483e-01, 4.500697894406149e-03, -4.545434245784926e-10, 1.294947890354892e-10, 1.360655744409449e-06
718, 1.570796326794897e+00, 3.141592653589793e+00, 7.853981633974483e-01, 4.501023416036188e-03, -4.683676797653166e-10, 5.341960098657591e-07, 1.361092284282739e-06
719, 1.963495408493621e+00, 3.141592653589793e+00, 7.853981633974483e-01, 4.501053737450681e-03, -4.207879332767313e-10, 1.142248579896851e-10, 1.360684681094233e-06
720, 2.356194490192345e+00, 3.141592653589793e+00, 7.853981633974483e-01, 4.501344293454977e-03, -3.239660973554394e-10, -5.339661887655981e-07, 1.361121028665807e-06
721, 2.748893571891069e+00, 3.141592653589793e+00, 7.853981633974483e-01, 4.501301289452781e-03, -1.917918957341299e-10, 1.041802860911491e-10, 1.360708078504473e-06
722, 3.141592653589793e+00, 3.141592653589793e+00, 7.853981633974483e-01, 4.501491011764050e-03, -3.952271786790650e-11, 5.341767780428693e-07, 1.361135303397143e-06
723, 3.534291735288517e+00, 3.141592653589793e+00, 7.853981633974483e-01, 4.501331545615397e-03, 1.167720992468243e-10, 1.028671463667460e-10, 1.360711088731818e-06
724, 3.926990816987241e+00, 3.141592653589793e+00, 7.853981633974483e-01, 4.501401672114561e-03, 2.608749699836757e-10, -5.339687111151309e-07, 1.361126624056640e-06
725, 4.319689898685965e+00, 3.141592653589793e+00, 7.853981633974483e-01, 4.501132083403468e-03, 3.771055423575254e-10, 1.107068648855423e-10, 1.360692025926118e-06
726, 4.712388980384690e+00, 3.141592653589793e+00, 7.853981633974483e-01, 4.501113759582302e-03, 4.509344218545693e-10, 5.341918332467220e-07, 1.361100174935679e-06
727, 5.105088062083414e+00, 3.141592653589793e+00, 7.853981633974483e-01, 4.500788718542530e-03, 4.694574976395379e-10, 1.251430117434338e-10, 1.360662750971412e-06
728, 5.497787143782138e+00, 3.141592653589793e+00, 7.853981633974483e-01, 4.500758050079112e-03, 4.216515662138662e-10, -5.339414240188046e-07, 1.361073782117145e-06
729, 5.890486225480862e+00, 3.141592653589793e+00, 7.853981633974483e-01, 4.500472565313167e-03, 2.979294872170822e-10, 1.397250898975449e-10, 1.360644724420225e-06
730, 6.283185307179586e+00, 3.141592653589793e+00, 7.853981633974483e-01, 4.500541365139585e-03, 7.403470643439897e-11, 5.342181756909296e-07, 1.361065857525170e-06
731, 0.000000000000000e+00, 3.534291735288517e+00, 7.853981633974483e-01, 4.162756525872236e-03, 7.149797840960245e-11, 1.187126043959799e-06, 1.102541152394584e-06
732, 3.926990816987241e-01, 3.534291735288517e+00, 7.853981633974483e-01, 4.358936676984173e-03, 6.562516162392925e-07, 7.190445454897475e-07, 1.392582751008502e-06
733, 7.853981633974483e-01, 3.534291735288517e+00, 7.853981633974483e-01, 4.554588025594245e-03, -3.571788807143789e-10, 2.597392547701323e-07, 1.681008011984646e-06
734, 1.178097245096172e+00, 3.534291735288517e+00, 7.853981633974483e-01, 4.359201539704100e-03, -6.568868420149702e-07, 7.191008104766109e-07, 1.392595284733689e-06
735, 1.570796326794897e+00, 3.534291735288517e+00, 7.853981633974483e-01, 4.163223731164507e-03, -4.547011379109232e-10, 1.187224280090169e-06, 1.102565898122982e-06
736, 1.963495408493621e+00, 3.534291735288517e+00, 7.853981633974483e-01, 4.359546980878105e-03, 6.560371757411349e-07, 7.191689858935582e-07, 1.392622712933917e-06
737, 2.356194490192345e+00, 3.534291735288517e+00, 7.853981633974483e-01, 4.555232280606700e-03, -3.149973021818326e-10, 2.598669599448505e-07, 1.681057389180948e-06
738, 2.748893571891069e+00, 3.534291735288517e+00, 7.853981633974483e-01, 4.359787644696991e-03, -6.566325982897290e-07, 7.192140637888826e-07, 1.392644999612937e-06
739, 3.141592653589793e+00, 3.534291735288517e+00, 7.853981633974483e-01, 4.163678172436546e-03, -3.842048042293080e-11, 1.187310414764334e-06, 1.102606837425407e-06
740, 3.534291735288517e+00, 3.534291735288517e+00, 7.853981633974483e-01, 4.359817052026773e-03, 6.565596989472819e-07, 7.192196939964284e-07, 1.392647865811058e-06
741, 3.926990816987241e+00, 3.534291735288517e+00, 7.853981633974483e-01, 4.555288028980493e-03, 2.537672916470380e-10, 2.598777738837083e-07, 1.681062711529994e-06
742, 4.319689898685965e+00, 3.534291735288517e+00, 7.853981633974483e-01, 4.359623055161541e-03, -6.560794517174206e-07, 7.191840576760436e-07, 1.392629687740465e-06
743, 4.712388980384690e+00, 3.534291735288517e+00, 7.853981633974483e-01, 4.163311384164524e-03, 4.379953163208814e-10, 1.187242141452187e-06, 1.102573372671330e-06
744, 5.105088062083414e+00, 3.534291735288517e+00, 7.853981633974483e-01, 4.359289571786169e-03, 6.569015477284521e-07, 7.191193641541809e-07, 1.392601896250031e-06
745, 5.497787143782138e+00, 3.534291735288517e+00, 7.853981633974483e-01, 4.554663048092661e-03, 4.085929590626899e-10, 2.597556732979093e-07, 1.681012590004660e-06
746, 5.890486225480862e+00, 3.534291735288517e+00, 7.853981633974483e-01, 4.358983177854111e-03, -6.561577895933587e-07, 7.190551388236567e-07, 1.392585002943432e-06
747, 6.283185307179586e+00, 3.534291735288517e+00, 7.853981633974483e-01, 4.162756525872236e-03, 7.149797840960245e-11, 1.187126043959799e-06, 1.102541152394584e-06
748, 0.000000000000000e+00, 3.926990816987241e+00, 7.853981633974483e-01, 3.544880534323766e-03, 6.122184305993592e-11, -5.865041067361282e-05, 9.242329847627723e-07
749, 3.926990816987241e-01, 3.926990816987241e+00, 7.853981633974483e-01, 3.914287077371654e-03, 1.457370599242857e-04, 1.540116605258110e-06, 1.484162114923922e-06
750, 7.853981633974483e-01, 3.926990816987241e+00, 7.853981633974483e-01, 4.278271497712598e-03, -3.109655408596047e-10, 6.176846873864255e-05, 2.028142194428368e-06
751, 1.178097245096172e+00, 3.926990816987241e+00, 7.853981633974483e-01, 3.914517920082552e-03, -1.457376141300283e-04, 1.540233383491125e-06, 1.484171331014556e-06
752, 1.570796326794897e+00, 3.926990816987241e+00, 7.853981633974483e-01, 3.545288804153915e-03, -4.005998401705718e-10, -5.865020686999846e-05, 9.242516029453578e-07
753, 1.963495408493621e+00, 3.926990816987241e+00, 7.853981633974483e-01, 3.914822179684646e-03, 1.457368661045990e-04, 1.540374659118597e-06, 1.484193151430740e-06
754, 2.356194490192345e+00, 3.926990816987241e+00, 7.853981633974483e-01, 4.278838600551927e-03, -2.795541821416240e-10, 6.176873344267157e-05, 2.028181357175241e-06
755, 2.748893571891069e+00, 3.926990816987241e+00, 7.853981633974483e-01, 3.915035611977352e-03, -1.457373936728312e-04, 1.540468079552557e-06, 1.484211293879534e-06
756, 3.141592653589793e+00, 3.926990816987241e+00, 7.853981633974483e-01, 3.545691209302370e-03, -3.398545521950501e-11, -5.865002835380078e-05, 9.242847842637835e-07
757, 3.534291735288517e+00, 3.926990816987241e+00, 7.853981633974483e-01, 3.915061604518968e-03, 1.457373293017453e-04, 1.540479818251026e-06, 1.484213616175261e-06
758, 3.926990816987241e+00, 3.926990816987241e+00, 7.853981633974483e-01, 4.278887791651156e-03, 2.258061941510396e-10, 6.176875598070837e-05, 2.028185648898358e-06
759, 4.319689898685965e+00, 3.926990816987241e+00, 7.853981633974483e-01, 3.914889116848932e-03, -1.457369027178549e-04, 1.540406059249454e-06, 1.484198728603199e-06
760, 4.712388980384690e+00, 3.926990816987241e+00, 7.853981633974483e-01, 3.545365629464626e-03, 3.868472000568517e-10, -5.865016966110634e-05, 9.242575019441946e-07
761, 5.105088062083414e+00, 3.926990816987241e+00, 7.853981633974483e-01, 3.914594702124866e-03, 1.457376280413882e-04, 1.540272052295640e-06, 1.484176441088515e-06
762, 5.497787143782138e+00, 3.926990816987241e+00, 7.853981633974483e-01, 4.278336559686363e-03, 3.566218049968517e-10, 6.176850298704445e-05, 2.028145606847285e-06
763, 5.890486225480862e+00, 3.926990816987241e+00, 7.853981633974483e-01, 3.914327147830439e-03, -1.457369783228646e-04, 1.540138720760018e-06, 1.484163699658170e-06
764, 6.283185307179586e+00, 3.926990816987241e+00, 7.853981633974483e-01, 3.544880534323766e-03, 6.122184305993592e-11, -5.865041067361282e-05, 9.242329847627723e-07
765, 0.000000000000000e+00, 4.319689898685965e+00, 7.853981633974483e-01, 2.946496123190415e-03, 4.470428477164628e-11, -1.201549218848106e-03, 1.365150910022001e-06
766, 3.926990816987241e-01, 4.319689898685965e+00, 7.853981633974483e-01, 3.101160395477664e-03, 1.799042491519248e-03, 2.606434482713825e-06, 1.595818396452220e-06
767, 7.853981633974483e-01, 4.319689898685965e+00, 7.853981633974483e-01, 3.248808863341673e-03, -2.372104045436273e-10, 1.206728185309058e-03, 1.804447518195712e-06
768, 1.178097245096172e+00, 4.319689898685965e+00, 7.853981633974483e-01, 3.101336915534986e-03, -1.799042916343388e-03, 2.606593970874550e-06, 1.595822373854441e-06
769, 1.570796326794897e+00, 4.319689898685965e+00, 7.853981633974483e-01, 2.946810314205358e-03, -3.142509109329538e-10, -1.201548940435880e-03, 1.365159847059092e-06
770, 1.963495408493621e+00, 4.319689898685965e+00, 7.853981633974483e-01, 3.101575470805701e-03, 1.799042330494316e-03, 2.606786897951060e-06, 1.595835304717531e-06
771, 2.356194490192345e+00, 4.319689898685965e+00, 7.853981633974483e-01, 3.249252841368019e-03, -2.229746452956498e-10, 1.206728546765970e-03, 1.804470493240322e-06
772, 2.748893571891069e+00, 4.319689898685965e+00, 7.853981633974483e-01, 3.101745416075406e-03, -1.799042749708253e-03, 2.606914635598005e-06, 1.595846874248706e-06
773, 3.141592653589793e+00, 4.319689898685965e+00, 7.853981633974483e-01, 2.947129636514346e-03, -2.686932460069188e-11, -1.201548696351417e-03, 1.365180725486795e-06
774, 3.534291735288517e+00, 4.319689898685965e+00, 7.853981633974483e-01, 3.101765933072056e-03, 1.799042699005651e-03, 2.606930751842717e-06, 1.595848330924759e-06
775, 3.926990816987241e+00, 4.319689898685965e+00, 7.853981633974483e-01, 3.249291523346094e-03, 1.811953614589277e-10, 1.206728577677602e-03, 1.804473145672199e-06
776, 4.319689898685965e+00, 4.319689898685965e+00, 7.853981633974483e-01, 3.101627773764131e-03, -1.799042358057851e-03, 2.606829927918064e-06, 1.595838659913084e-06
777, 4.712388980384690e+00, 4.319689898685965e+00, 7.853981633974483e-01, 2.946869805579554e-03, 3.052193378703300e-10, -1.201548889476952e-03, 1.365163240367915e-06
778, 5.105088062083414e+00, 4.319689898685965e+00, 7.853981633974483e-01, 3.101395685613973e-03, 1.799042928998629e-03, 2.606646915059644e-06, 1.595825091645721e-06
779, 5.497787143782138e+00, 4.319689898685965e+00, 7.853981633974483e-01, 3.248857966725023e-03, 2.736780693409320e-10, 1.206728232230570e-03, 1.804449068651813e-06
780, 5.890486225480862e+00, 4.319689898685965e+00, 7.853981633974483e-01, 3.101190153763582e-03, -1.799042429492806e-03, 2.606464826758075e-06, 1.595818914134229e-06
781, 6.283185307179586e+00, 4.319689898685965e+00, 7.853981633974483e-01, 2.946496123190415e-03, 4.470428477164628e-11, -1.201549218848106e-03, 1.365150910022001e-06
782, 0.000000000000000e+00, 4.712388980384690e+00, 7.853981633974483e-01, 2.652932159953842e-03, 2.442939109641517e-11, -8.286228164723288e-03, 2.961100622447437e-06
783, 3.926990816987241e-01, 4.712388980384690e+00, 7.853981633974483e-01, 1.792036691049882e-03, 8.283230916341191e-03, 4.225949395579663e-06, 1.531416472449502e-06
784, 7.853981633974483e-01, 4.712388980384690e+00, 7.853981633974483e-01, 1.018110185607484e-03, -1.472234778321075e-10, 8.293594440570934e-03, 3.699655159116630e-07
785, 1.178097245096172e+00, 4.712388980384690e+00, 7.853981633974483e-01, 1.792146912207151e-03, -8.283231183199334e-03, 4.226126902979598e-06, 1.531414068812420e-06
786, 1.570796326794897e+00, 4.712388980384690e+00, 7.853981633974483e-01, 2.653131529265145e-03, -2.087506360592185e-10, -8.286227854281536e-03, 2.961097766382557e-06
787, 1.963495408493621e+00, 4.712388980384690e+00, 7.853981633974483e-01, 1.792305231346127e-03, 8.283230795395424e-03, 4.226342246798290e-06, 1.531416133027118e-06
788, 2.356194490192345e+00, 4.712388980384690e+00, 7.853981633974483e-01, 1.018403777087287e-03, -1.537472211846501e-10, 8.293594843543108e-03, 3.699687038031174e-07
789, 2.748893571891069e+00, 4.712388980384690e+00, 7.853981633974483e-01, 1.792421943827468e-03, -8.283231082006645e-03, 4.226485137334880e-06, 1.531419665402023e-06
790, 3.141592653589793e+00, 4.712388980384690e+00, 7.853981633974483e-01, 2.653349205102177e-03, -1.811685787237970e-11, -8.286227581083438e-03, 2.961103605467623e-06
791, 3.534291735288517e+00, 4.712388980384690e+00, 7.853981633974483e-01, 1.792435733013929e-03, 8.283231048088681e-03, 4.226503260554135e-06, 1.531420058388740e-06
792, 3.926990816987241e+00, 4.712388980384690e+00, 7.853981633974483e-01, 1.018429556357417e-03, 1.266196268509608e-10, 8.293594878229402e-03, 3.699693445199828e-07
793, 4.319689898685965e+00, 4.712388980384690e+00, 7.853981633974483e-01, 1.792339589049308e-03, -8.283230811919689e-03, 4.226390485032341e-06, 1.531416767580337e-06
794, 4.712388980384690e+00, 4.712388980384690e+00, 7.853981633974483e-01, 2.653169791921391e-03, 2.054400060366320e-10, -8.286227797212515e-03, 2.961098095669305e-06
795, 5.105088062083414e+00, 4.712388980384690e+00, 7.853981633974483e-01, 1.792183637339874e-03, 8.283231194304699e-03, 4.226186073236094e-06, 1.531413855980908e-06
796, 5.497787143782138e+00, 4.712388980384690e+00, 7.853981633974483e-01, 1.018139747211105e-03, 1.725130570150007e-10, 8.293594492985874e-03, 3.699647728166303e-07
797, 5.890486225480862e+00, 4.712388980384690e+00, 7.853981633974483e-01, 1.792053801527112e-03, -8.283230878257953e-03, 4.225983406439395e-06, 1.531415663840641e-06
798, 6.283185307179586e+00, 4.712388980384690e+00, 7.853981633974483e-01, 2.652932159953842e-03, 2.442939109641517e-11, -8.286228164723288e-03, 2.961100622447437e-06
799, 0.000000000000000e+00, 5.105088062083414e+00, 7.853981633974483e-01, 2.263137436676889e-03, 3.669946782219450e-12, -3.028474351171683e-02, 4.996278661669936e-06
800, 3.926990816987241e-01, 5.105088062083414e+00, 7.853981633974483e-01, -1.972227001012222e-04, 2.023031336758633e-02, 6.938103618438290e-06, 7.410638562933951e-07
801, 7.853981633974483e-01, 5.105088062083414e+00, 7.853981633974483e-01, -2.184671402627928e-03, -5.485024241826797e-11, 3.029352775801501e-02, -2.016269426328941e-06
802, 1.178097245096172e+00, 5.105088062083414e+00, 7.853981633974483e-01, -1.971804132619381e-04, -2.023031347242645e-02, 6.938271296928711e-06, 7.410549016014126e-07
803, 1.570796326794897e+00, 5.105088062083414e+00, 7.853981633974483e-01, 2.263219036966394e-03, -1.002169323705801e-10, -3.028474321739676e-02, 4.996263704475963e-06
804, 1.963495408493621e+00, 5.105088062083414e+00, 7.853981633974483e-01, -1.971046739293425e-04, 2.023031328843157e-02, 6.938476438805832e-06, 7.410457435425197e-07
805, 2.356194490192345e+00, 5.105088062083414e+00, 7.853981633974483e-01, -2.184532556444386e-03, -8.214970055114970e-11, 3.029352814088196e-02, -2.016286673744418e-06
806, 2.748893571891069e+00, 5.105088062083414e+00, 7.853981633974483e-01, -1.970429887013709e-04, -2.023031343806318e-02, 6.938613072134243e-06, 7.410409611077597e-07
807, 3.141592653589793e+00, 5.105088062083414e+00, 7.853981633974483e-01, 2.263331735992557e-03, -9.029640307554024e-12, -3.028474295582695e-02, 4.996253993202163e-06
808, 3.534291735288517e+00, 5.105088062083414e+00, 7.853981633974483e-01, -1.970361825666164e-04, 2.023031342156244e-02, 6.938630514472136e-06, 7.410402462385503e-07
809, 3.926990816987241e+00, 5.105088062083414e+00, 7.853981633974483e-01, -2.184520158804579e-03, 7.018398917957479e-11, 3.029352817416564e-02, -2.016288124264482e-06
810, 4.319689898685965e+00, 5.105088062083414e+00, 7.853981633974483e-01, -1.970888976504024e-04, -2.023031329362814e-02, 6.938522706184508e-06, 7.410435613309742e-07
811, 4.712388980384690e+00, 5.105088062083414e+00, 7.853981633974483e-01, 2.263235368498300e-03, 1.026495775309887e-10, -3.028474316274867e-02, 4.996260872578281e-06
812, 5.105088062083414e+00, 5.105088062083414e+00, 7.853981633974483e-01, -1.971664082680072e-04, 2.023031348182214e-02, 6.938327636962127e-06, 7.410516663306299e-07
813, 5.497787143782138e+00, 5.105088062083414e+00, 7.853981633974483e-01, -2.184661958151460e-03, 6.870142924102061e-11, 3.029352780772232e-02, -2.016272549964557e-06
814, 5.890486225480862e+00, 5.105088062083414e+00, 7.853981633974483e-01, -1.972186325345536e-04, -2.023031335410545e-02, 6.938136010496150e-06, 7.410616417433907e-07
815, 6.283185307179586e+00, 5.105088062083414e+00, 7.853981633974483e-01, 2.263137436676889e-03, 3.669946782219450e-12, -3.028474351171683e-02, 4.996278661669936e-06
816, 0.000000000000000e+00, 5.497787143782138e+00, 7.853981633974483e-01, 5.316297521287581e-04, -1.415780490765296e-11, -7.035977035947022e-02, 4.640910280524390e-06
817, 3.926990816987241e-01, 5.497787143782138e+00, 7.853981633974483e-01, -2.875188061996257e-03, 2.913903851777429e-02, 1.006878302724274e-05, -1.403169359781490e-06
818, 7.853981633974483e-01, 5.497787143782138e+00, 7.853981633974483e-01, -5.455419144538672e-03, 2.517943310140692e-11, 7.036871166425120e-02, -4.799836608045875e-06
819, 1.178097245096172e+00, 5.497787143782138e+00, 7.853981633974483e-01, -2.875204500441811e-03, -2.913903848217662e-02, 1.006891459899223e-05, -1.403183981960956e-06
820, 1.570796326794897e+00, 5.497787143782138e+00, 7.853981633974483e-01, 5.316091818817508e-04, -5.147496377150938e-12, -7.035977012816230e-02, 4.640884831737122e-06
821, 1.963495408493621e+00, 5.497787143782138e+00, 7.853981633974483e-01, -2.875201194508100e-03, 2.913903847680262e-02, 1.006907836543546e-05, -1.403202974691871e-06
822, 2.356194490192345e+00, 5.497787143782138e+00, 7.853981633974483e-01, -5.455415817542591e-03, -1.880438938616681e-11, 7.036871196915893e-02, -4.799871761832837e-06
823, 2.748893571891069e+00, 5.497787143782138e+00, 7.853981633974483e-01, -2.875188090469127e-03, -2.913903850561499e-02, 1.006918825038623e-05, -1.403215111919937e-06
824, 3.141592653589793e+00, 5.497787143782138e+00, 7.853981633974483e-01, 5.316293073010073e-04, -9.861199561164340e-13, -7.035976991771724e-02, 4.640861385867900e-06
825, 3.534291735288517e+00, 5.497787143782138e+00, 7.853981633974483e-01, -2.875187473126165e-03, 2.913903850455726e-02, 1.006920235449845e-05, -1.403216810751753e-06
826, 3.926990816987241e+00, 5.497787143782138e+00, 7.853981633974483e-01, -5.455415274890811e-03, 2.027706360578428e-11, 7.036871199603192e-02, -4.799875066725833e-06
827, 4.319689898685965e+00, 5.497787143782138e+00, 7.853981633974483e-01, -2.875201859491774e-03, -2.913903847207303e-02, 1.006911574868988e-05, -1.403207645280137e-06
828, 4.712388980384690e+00, 5.497787143782138e+00, 7.853981633974483e-01, 5.316061639974541e-04, 1.241004486787368e-11, -7.035977008413648e-02, 4.640879221855697e-06
829, 5.105088062083414e+00, 5.497787143782138e+00, 7.853981633974483e-01, -2.875210431530933e-03, 2.913903848973732e-02, 1.006895952110609e-05, -1.403189852213475e-06
830, 5.497787143782138e+00, 5.497787143782138e+00, 7.853981633974483e-01, -5.455427225860630e-03, -2.154336777212272e-11, 7.036871170341713e-02, -4.799841795742587e-06
831, 5.890486225480862e+00, 5.497787143782138e+00, 7.853981633974483e-01, -2.875195309127020e-03, -2.913903852565791e-02, 1.006880837025915e-05, -1.403172806961833e-06
832, 6.283185307179586e+00, 5.497787143782138e+00, 7.853981633974483e-01, 5.316297521287581e-04, -1.415780490765296e-11, -7.035977035947022e-02, 4.640910280524390e-06
833, 0.000000000000000e+00, 5.890486225480862e+00, 7.853981633974483e-01, -3.196173413706799e-03, -2.626672105803290e-11, -1.134948284270235e-01, -4.254597367132979e-07
834, 3.926990816987241e-01, 5.890486225480862e+00, 7.853981633974483e-01, -5.519961137922440e-03, 2.257208995751064e-02, 8.843192262414476e-06, -4.320651334538978e-06
835, 7.853981633974483e-01, 5.890486225480862e+00, 7.853981633974483e-01, -7.561454708717114e-03, 7.956737881843407e-11, 1.135013911550702e-01, -7.316679460747896e-06
836, 1.178097245096172e+00, 5.890486225480862e+00, 7.853981633974483e-01, -5.520017703841306e-03, -2.257208982551168e-02, 8.843268132267767e-06, -4.320669764742296e-06
837, 1.570796326794897e+00, 5.890486225480862e+00, 7.853981633974483e-01, -3.196264325566865e-03, 6.237385345045889e-11, -1.134948282965467e-01, -4.254923620757923e-07
838, 1.963495408493621e+00, 5.890486225480862e+00, 7.853981633974483e-01, -5.520065796504405e-03, 2.257208994656077e-02, 8.843365528123963e-06, -4.320695609794055e-06
839, 2.356194490192345e+00, 5.890486225480862e+00, 7.853981633974483e-01, -7.561547136683823e-03, 2.658771506818323e-11, 1.135013913368226e-01, -7.316727071634636e-06
840, 2.748893571891069e+00, 5.890486225480862e+00, 7.853981633974483e-01, -5.520087423174092e-03, -2.257208988902978e-02, 8.843431774176176e-06, -4.320713016810335e-06
841, 3.141592653589793e+00, 5.890486225480862e+00, 7.853981633974483e-01, -3.196310319221758e-03, 4.771034171588609e-12, -1.134948281700597e-01, -4.255256143251637e-07
842, 3.534291735288517e+00, 5.890486225480862e+00, 7.853981633974483e-01, -5.520091243792673e-03, 2.257208989905372e-02, 8.843440300649244e-06, -4.320715416172659e-06
843, 3.926990816987241e+00, 5.890486225480862e+00, 7.853981633974483e-01, -7.561555098354375e-03, -1.544869164877010e-11, 1.135013913531187e-01, -7.316731695900130e-06
844, 4.319689898685965e+00, 5.890486225480862e+00, 7.853981633974483e-01, -5.520078259514744e-03, -2.257208993471753e-02, 8.843388260451597e-06, -4.320702052292192e-06
845, 4.712388980384690e+00, 5.890486225480862e+00, 7.853981633974483e-01, -3.196281202413332e-03, -5.178507840289564e-11, -1.134948282699125e-01, -4.254999395638150e-07
846, 5.105088062083414e+00, 5.890486225480862e+00, 7.853981633974483e-01, -5.520037793608880e-03, 2.257208983124710e-02, 8.843294954782947e-06, -4.320677455986387e-06
847, 5.497787143782138e+00, 5.890486225480862e+00, 7.853981633974483e-01, -7.561474978720853e-03, -8.408505330727115e-11, 1.135013911779121e-01, -7.316686006230164e-06
848, 5.890486225480862e+00, 5.890486225480862e+00, 7.853981633974483e-01, -5.519975973901012e-03, -2.257208998016977e-02, 8.843205840541574e-06, -4.320655519265457e-06
849, 6.283185307179586e+00, 5.890486225480862e+00, 7.853981633974483e-01, -3.196173413706799e-03, -2.626672105803290e-11, -1.134948284270235e-01, -4.254597367132979e-07
850, 0.000000000000000e+00, 6.283185307179586e+00, 7.853981633974483e-01, -6.841399558041008e-03, -2.819266260437389e-11, -1.325577538082448e-01, -6.308161837651720e-06
851, 3.926990816987241e-01, 6.283185307179586e+00, 7.853981633974483e-01, -6.677065343374032e-03, 6.147171257031714e-11, -1.700496566106398e-10, -5.768560847626123e-06
852, 7.853981633974483e-01, 6.283185307179586e+00, 7.853981633974483e-01, -6.841439610986472e-03, 1.010469603242973e-10, 1.325577534777471e-01, -6.308171062204267e-06
853, 1.178097245096172e+00, 6.283185307179586e+00, 7.853981633974483e-01, -6.677138017690035e-03, 1.058745143477073e-10, -1.552125328429072e-10, -5.768580596657582e-06
854, 1.570796326794897e+00, 6.283185307179586e+00, 7.853981633974483e-01, -6.841518648999126e-03, 9.228350532004732e-11, -1.325577537890683e-01, -6.308196946304975e-06
855, 1.963495408493621e+00, 6.283185307179586e+00, 7.853981633974483e-01, -6.677208595533091e-03, 7.060208613125952e-11, -1.404211958295856e-10, -5.768609274216672e-06
856, 2.356194490192345e+00, 6.283185307179586e+00, 7.853981633974483e-01, -6.841573641060230e-03, 4.667692878318790e-11, 1.325577535080454e-01, -6.308223767549789e-06
857, 2.748893571891069e+00, 6.283185307179586e+00, 7.853981633974483e-01, -6.677245509076779e-03, 2.514999127824169e-11, -1.294210305417735e-10, -5.768629022130616e-06
858, 3.141592653589793e+00, 6.283185307179586e+00, 7.853981633974483e-01, -6.841593739325595e-03, 7.326392034260542e-12, -1.325577537688754e-01, -6.308234527392391e-06
859, 3.534291735288517e+00, 6.283185307179586e+00, 7.853981633974483e-01, -6.677251293638485e-03, -1.019945410735170e-11, -1.279814778945893e-10, -5.768631725813892e-06
860, 3.926990816987241e+00, 6.283185307179586e+00, 7.853981633974483e-01, -6.841585370264546e-03, -3.122203041880178e-11, 1.325577535108977e-01, -6.308228963437331e-06
861, 4.319689898685965e+00, 6.283185307179586e+00, 7.853981633974483e-01, -6.677226300810099e-03, -5.552055952652692e-11, -1.364149818952690e-10, -5.768616493330846e-06
862, 4.712388980384690e+00, 6.283185307179586e+00, 7.853981633974483e-01, -6.841541694431992e-03, -8.012228756715879e-11, -1.325577537846391e-01, -6.308205381588390e-06
863, 5.105088062083414e+00, 6.283185307179586e+00, 7.853981633974483e-01, -6.677164370003929e-03, -1.011884176690810e-10, -1.508801775863630e-10, -5.768589029085624e-06
864, 5.497787143782138e+00, 6.283185307179586e+00, 7.853981633974483e-01, -6.841465071605966e-03, -1.105982760851092e-10, 1.325577534817043e-01, -6.308178052121657e-06
865, 5.890486225480862e+00, 6.283185307179586e+00, 7.853981633974483e-01, -6.677082861187658e-03, -9.337501495205757e-11, -1.675404144758106e-10, -5.768565055232260e-06
866, 6.283185307179586e+00, 6.283185307179586e+00, 7.853981633974483e-01, -6.841399558041008e-03, -2.819266260437389e-11, -1.325577538082448e-01, -6.308161837651720e-06
867, 0.000000000000000e+00, 0.000000000000000e+00, 1.178097245096172e+00, -4.541783852548807e-03, -2.485440296482464e-11, -5.704928220564488e-02, -5.425437547389554e-06
868, 3.926990816987241e-01, 0.000000000000000e+00, 1.178097245096172e+00, -4.510280864453487e-03, 5.434285136690231e-11, -1.570855083436194e-10, -5.240666915385076e-06
869, 7.853981633974483e-01, 0.000000000000000e+00, 1.178097245096172e+00, -4.541818942073388e-03, 8.769624559135566e-11, 5.704928189891940e-02, -5.425453694283183e-06
870, 1.178097245096172e+00, 0.000000000000000e+00, 1.178097245096172e+00, -4.510343688177253e-03, 8.951183315886822e-11, -1.444582673166149e-10, -5.240697163998780e-06
871, 1.570796326794897e+00, 0.000000000000000e+00, 1.178097245096172e+00, -4.541885722202500e-03, 7.505012645901530e-11, -5.704928218776244e-02, -5.425490288555509e-06
872, 1.963495408493621e+00, 0.000000000000000e+00, 1.178097245096172e+00, -4.510401223338302e-03, 5.493718945394099e-11, -1.296707751458105e-10, -5.240735008872120e-06
873, 2.356194490192345e+00, 0.000000000000000e+00, 1.178097245096172e+00, -4.541928772082989e-03, 3.514070358157811e-11, 5.704928192734785e-02, -5.425524346070517e-06
874, 2.748893571891069e+00, 0.000000000000000e+00, 1.178097245096172e+00, -4.510429294228756e-03, 1.875275993789798e-11, -1.194604698857980e-10, -5.240760311448273e-06
875, 3.141592653589793e+00, 0.000000000000000e+00, 1.178097245096172e+00, -4.541943949203397e-03, 5.752304591742030e-12, -5.704928216842987e-02, -5.425538646679879e-06
876, 3.534291735288517e+00, 0.000000000000000e+00, 1.178097245096172e+00, -4.510433867612388e-03, -6.838618939233249e-12, -1.181078695714950e-10, -5.240763776462614e-06
877, 3.926990816987241e+00, 0.000000000000000e+00, 1.178097245096172e+00, -4.541938171774862e-03, -2.235720879696322e-11, 5.704928192996772e-02, -5.425531016982511e-06
878, 4.319689898685965e+00, 0.000000000000000e+00, 1.178097245096172e+00, -4.510415683521702e-03, -4.184794343481154e-11, -1.259901643176296e-10, -5.240744328140074e-06
879, 4.712388980384690e+00, 0.000000000000000e+00, 1.178097245096172e+00, -4.541904945324040e-03, -6.381681044288844e-11, -5.704928218349627e-02, -5.425501343716458e-06
880, 5.105088062083414e+00, 0.000000000000000e+00, 1.178097245096172e+00, -4.510366134870930e-03, -8.433946956409596e-11, -1.401342414293092e-10, -5.240708636821815e-06
881, 5.497787143782138e+00, 0.000000000000000e+00, 1.178097245096172e+00, -4.541841020647940e-03, -9.509715954067836e-11, 5.704928190279966e-02, -5.425463874739989e-06
882, 5.890486225480862e+00, 0.000000000000000e+00, 1.178097245096172e+00, -4.510296238411192e-03, -8.201997201712348e-11, -1.545796088129666e-10, -5.240673529638195e-06
883, 6.283185307179586e+00, 0.000000000000000e+00, 1.178097245096172e+00, -4.541783852548807e-03, -2.485440296482464e-11, -5.704928220564488e-02, -5.425437547389554e-06
884, 0.000000000000000e+00, 3.926990816987241e-01, 1.178097245096172e+00, -4.849187219165090e-03, -2.634173773981155e-11, -4.885057982321098e-02, -6.571893506477528e-06
885, 3.926990816987241e-01, 3.926990816987241e-01, 1.178097245096172e+00, -3.860894272230078e-03, -9.714751642295785e-03, -3.791290448285276e-06, -4.116274353480091e-06
886, 7.853981633974483e-01, 3.926990816987241e-01, 1.178097245096172e+00, -2.816897850651560e-03, 7.814218234257434e-11, 4.884503014536508e-02, -1.338096900865849e-06
887, 1.178097245096172e+00, 3.926990816987241e-01, 1.178097245096172e+00, -3.860950207255623e-03, 9.714751771905023e-03, -3.791337981332833e-06, -4.116303458087551e-06
888, 1.570796326794897e+00, 3.926990816987241e-01, 1.178097245096172e+00, -4.849276767098828e-03, 6.175358992667612e-11, -4.885057990659643e-02, -6.571944642225647e-06
889, 1.963495408493621e+00, 3.926990816987241e-01, 1.178097245096172e+00, -3.860997771138889e-03, -9.714751652109659e-03, -3.791403692157285e-06, -4.116339134994191e-06
890, 2.356194490192345e+00, 3.926990816987241e-01, 1.178097245096172e+00, -2.816989316452546e-03, 2.643602772321004e-11, 4.884503002397853e-02, -1.338163661887240e-06
891, 2.748893571891069e+00, 3.926990816987241e-01, 1.178097245096172e+00, -3.861019183767567e-03, 9.714751709057425e-03, -3.791447646595059e-06, -4.116362967706926e-06
892, 3.141592653589793e+00, 3.926990816987241e-01, 1.178097245096172e+00, -4.849322276479554e-03, 4.656690339336140e-12, -4.885057999027732e-02, -6.571990175080164e-06
893, 3.534291735288517e+00, 3.926990816987241e-01, 1.178097245096172e+00, -3.861022924862197e-03, -9.714751699239519e-03, -3.791453184656415e-06, -4.116366236315101e-06
894, 3.926990816987241e+00, 3.926990816987241e-01, 1.178097245096172e+00, -2.816997121293506e-03, -1.548757541908478e-11, 4.884503001333230e-02, -1.338169964455061e-06
895, 4.319689898685965e+00, 3.926990816987241e-01, 1.178097245096172e+00, -3.861010015261374e-03, 9.714751663821571e-03, -3.791418447370515e-06, -4.116347946363308e-06
896, 4.712388980384690e+00, 3.926990816987241e-01, 1.178097245096172e+00, -4.849293382360486e-03, -5.115203134763412e-11, -4.885057992399462e-02, -6.571955095794960e-06
897, 5.105088062083414e+00, 3.926990816987241e-01, 1.178097245096172e+00, -3.860970017544575e-03, -9.714751766198695e-03, -3.791355820690886e-06, -4.116314319470107e-06
898, 5.497787143782138e+00, 3.926990816987241e-01, 1.178097245096172e+00, -2.816917836644903e-03, -8.294242915333174e-11, 4.884503013051857e-02, -1.338106590585730e-06
899, 5.890486225480862e+00, 3.926990816987241e-01, 1.178097245096172e+00, -3.860908827204393e-03, 9.714751619752627e-03, -3.791298425135058e-06, -4.116280792779720e-06
900, 6.283185307179586e+00, 3.926990816987241e-01, 1.178097245096172e+00, -4.849187219165090e-03, -2.634173773981155e-11, -4.885057982321098e-02, -6.571893506477528e-06
901, 0.000000000000000e+00, 7.853981633974483e-01, 1.178097245096172e+00, -3.579998661320230e-03, -1.722841573738978e-11, -3.028819336661767e-02, -4.844392203019293e-06
902, 3.926990816987241e-01, 7.853981633974483e-01, 1.178097245096172e+00, -2.264074422184184e-03, -1.254111742885575e-02, -5.243367646626517e-06, -1.721350382607288e-06
903, 7.853981633974483e-01, 7.853981633974483e-01, 1.178097245096172e+00, -7.857447082242377e-04, 3.682405024800214e-11, 3.027977238305048e-02, 2.345307831806091e-06
904, 1.178097245096172e+00, 7.853981633974483e-01, 1.178097245096172e+00, -2.264099842731054e-03, 1.254111748576193e-02, -5.243473850115388e-06, -1.721374669560588e-06
905, 1.570796326794897e+00, 7.853981633974483e-01, 1.178097245096172e+00, -3.580035015647482e-03, 1.008729617356898e-11, -3.028819355333054e-02, -4.844434510928683e-06
906, 1.963495408493621e+00, 7.853981633974483e-01, 1.178097245096172e+00, -2.264108223667296e-03, -1.254111746227655e-02, -5.243607772654159e-06, -1.721403057208135e-06
907, 2.356194490192345e+00, 7.853981633974483e-01, 1.178097245096172e+00, -7.857632103152147e-04, -7.753717083418920e-12, 3.027977213278595e-02, 2.345254519492122e-06
908, 2.748893571891069e+00, 7.853981633974483e-01, 1.178097245096172e+00, -2.264103370771876e-03, 1.254111745381958e-02, -5.243697595039312e-06, -1.721421593371087e-06
909, 3.141592653589793e+00, 7.853981633974483e-01, 1.178097245096172e+00, -3.580030451181162e-03, 3.347456541192317e-13, -3.028819372414307e-02, -4.844470117988890e-06
910, 3.534291735288517e+00, 7.853981633974483e-01, 1.178097245096172e+00, -2.264103788600942e-03, -1.254111745229845e-02, -5.243708934996427e-06, -1.721424152443954e-06
911, 3.926990816987241e+00, 7.853981633974483e-01, 1.178097245096172e+00, -7.857646401233188e-04, 1.146055584314889e-11, 3.027977211098287e-02, 2.345249561580806e-06
912, 4.319689898685965e+00, 7.853981633974483e-01, 1.178097245096172e+00, -2.264111612505573e-03, 1.254111746859134e-02, -5.243638010281442e-06, -1.721410051040294e-06
913, 4.712388980384690e+00, 7.853981633974483e-01, 1.178097245096172e+00, -3.580041208385925e-03, -2.067430836558745e-12, -3.028819358891840e-02, -4.844442899966100e-06
914, 5.105088062083414e+00, 7.853981633974483e-01, 1.178097245096172e+00, -2.264108978063457e-03, -1.254111747870167e-02, -5.243510538729851e-06, -1.721383497047165e-06
915, 5.497787143782138e+00, 7.853981633974483e-01, 1.178097245096172e+00, -7.857555039827585e-04, -3.543234562314878e-11, 3.027977235108222e-02, 2.345299822499787e-06
916, 5.890486225480862e+00, 7.853981633974483e-01, 1.178097245096172e+00, -2.264083287433799e-03, 1.254111741748681e-02, -5.243387886713965e-06, -1.721355819912237e-06
917, 6.283185307179586e+00, 7.853981633974483e-01, 1.178097245096172e+00, -3.579998661320230e-03, -1.722841573738978e-11, -3.028819336661767e-02, -4.844392203019293e-06
918, 0.000000000000000e+00, 1.178097245096172e+00, 1.178097245096172e+00, -1.406003796075698e-03, -1.600995020505961e-12, -1.304038104503420e-02, -2.092795554618096e-06
919, 3.926990816987241e-01, 1.178097245096172e+00, 1.178097245096172e+00, -4.103219486749385e-04, -8.706944240321214e-03, -4.776643596411622e-06, 3.169342895235192e-07
920, 7.853981633974483e-01, 1.178097245096172e+00, 1.178097245096172e+00, 6.793852851860074e-04, -3.139657562117707e-11, 1.303178452707175e-02, 3.271542398629361e-06
921, 1.178097245096172e+00, 1.178097245096172e+00, 1.178097245096172e+00, -4.102969697499930e-04, 8.706944176811005e-03, -4.776792990567985e-06, 3.169178647986386e-07
922, 1.570796326794897e+00, 1.178097245096172e+00, 1.178097245096172e+00, -1.405952537110349e-03, -7.155579505079774e-11, -1.304038130599871e-02, -2.092823561141803e-06
923, 1.963495408493621e+00, 1.178097245096172e+00, 1.178097245096172e+00, -4.102432809023123e-04, -8.706944306326793e-03, -4.776974771825007e-06, 3.169005688890440e-07
924, 2.356194490192345e+00, 1.178097245096172e+00, 1.178097245096172e+00, 6.794828990847871e-04, -6.177052842295296e-11, 1.303178418605844e-02, 3.271509667440098e-06
925, 2.748893571891069e+00, 1.178097245096172e+00, 1.178097245096172e+00, -4.101969605617933e-04, 8.706944194642898e-03, -4.777096089264889e-06, 3.168901694936000e-07
926, 3.141592653589793e+00, 1.178097245096172e+00, 1.178097245096172e+00, -1.405868889935392e-03, -6.481698232538236e-12, -1.304038153705417e-02, -2.092843934811952e-06
927, 3.534291735288517e+00, 1.178097245096172e+00, 1.178097245096172e+00, -4.101921334664014e-04, -8.706944206212711e-03, -4.777111402089986e-06, 3.168886973078705e-07
928, 3.926990816987241e+00, 1.178097245096172e+00, 1.178097245096172e+00, 6.794915280573439e-04, 5.405193681869744e-11, 1.303178415664111e-02, 3.271506765807830e-06
929, 4.319689898685965e+00, 1.178097245096172e+00, 1.178097245096172e+00, -4.102326909360210e-04, 8.706944304103063e-03, -4.777015635860885e-06, 3.168963612670066e-07
930, 4.712388980384690e+00, 1.178097245096172e+00, 1.178097245096172e+00, -1.405942238751235e-03, 7.530094574262397e-11, -1.304038135422562e-02, -2.092828784886051e-06
931, 5.105088062083414e+00, 1.178097245096172e+00, 1.178097245096172e+00, -4.102890766869612e-04, -8.706944168246158e-03, -4.776843000328860e-06, 3.169121515100269e-07
932, 5.497787143782138e+00, 1.178097245096172e+00, 1.178097245096172e+00, 6.793894725486269e-04, 4.167064811115600e-11, 1.303178448281003e-02, 3.271537008424121e-06
933, 5.890486225480862e+00, 1.178097245096172e+00, 1.178097245096172e+00, -4.103211670745517e-04, 8.706944247240197e-03, -4.776672201387392e-06, 3.169305076437768e-07
934, 6.283185307179586e+00, 1.178097245096172e+00, 1.178097245096172e+00, -1.406003796075698e-03, -1.600995020505961e-12, -1.304038104503420e-02, -2.092795554618096e-06
935, 0.000000000000000e+00, 1.570796326794897e+00, 1.178097245096172e+00, 8.336484617968207e-04, 1.761590985427488e-11, -3.571518739231663e-03, 4.345831417095327e-07
936, 3.926990816987241e-01, 1.570796326794897e+00, 1.178097245096172e+00, 1.213233456021217e-03, -3.565035526776134e-03, -3.695926715863353e-06, 1.387377039124349e-06
937, 7.853981633974483e-01, 1.570796326794897e+00, 1.178097245096172e+00, 1.610632434123878e-03, -1.163157681406340e-10, 3.564337739372077e-03, 2.442299983082949e-06
938, 1.178097245096172e+00, 1.570796326794897e+00, 1.178097245096172e+00, 1.213320980125255e-03, 3.565035314217401e-03, -3.696095283572999e-06, 1.387370241802939e-06
939, 1.570796326794897e+00, 1.570796326794897e+00, 1.178097245096172e+00, 8.338080602547202e-04, -1.707874949580627e-10, -3.571519032893886e-03, 4.345725023871715e-07
940, 1.963495408493621e+00, 1.570796326794897e+00, 1.178097245096172e+00, 1.213450248425947e-03, -3.565035630364590e-03, -3.696297781472835e-06, 1.387366161906008e-06
941, 2.356194490192345e+00, 1.570796326794897e+00, 1.178097245096172e+00, 1.610871740476187e-03, -1.271996166236302e-10, 3.564337359280294e-03, 2.442291833611663e-06
942, 2.748893571891069e+00, 1.570796326794897e+00, 1.178097245096172e+00, 1.213546787164432e-03, 3.565035393649446e-03, -3.696432052673751e-06, 1.387365421447005e-06
943, 3.141592653589793e+00, 1.570796326794897e+00, 1.178097245096172e+00, 8.339875694811538e-04, -1.472015679923685e-11, -3.571519289159689e-03, 4.345702255709444e-07
944, 3.534291735288517e+00, 1.570796326794897e+00, 1.178097245096172e+00, 1.213557957756216e-03, -3.565035421054061e-03, -3.696448991409956e-06, 1.387365238473665e-06
945, 3.926990816987241e+00, 1.570796326794897e+00, 1.178097245096172e+00, 1.610892538592934e-03, 1.056326893318740e-10, 3.564337326755141e-03, 2.442291370277358e-06
946, 4.319689898685965e+00, 1.570796326794897e+00, 1.178097245096172e+00, 1.213477769538057e-03, 3.565035617730323e-03, -3.696343049174844e-06, 1.387365263707631e-06
947, 4.712388980384690e+00, 1.570796326794897e+00, 1.178097245096172e+00, 8.338383889094993e-04, 1.691372132938886e-10, -3.571519086490286e-03, 4.345710483100086e-07
948, 5.105088062083414e+00, 1.570796326794897e+00, 1.178097245096172e+00, 1.213349669338053e-03, -3.565035304210340e-03, -3.696151054005921e-06, 1.387368257811231e-06
949, 5.497787143782138e+00, 1.570796326794897e+00, 1.178097245096172e+00, 1.610655062939044e-03, 1.371393096795358e-10, 3.564337689804033e-03, 2.442297767937640e-06
950, 5.890486225480862e+00, 1.570796326794897e+00, 1.178097245096172e+00, 1.213246185045899e-03, 3.565035556291231e-03, -3.695958840141017e-06, 1.387375304454465e-06
951, 6.283185307179586e+00, 1.570796326794897e+00, 1.178097245096172e+00, 8.336484617968207e-04, 1.761590985427488e-11, -3.571518739231663e-03, 4.345831417095327e-07
952, 0.000000000000000e+00, 1.963495408493621e+00, 1.178097245096172e+00, 2.502585033590350e-03, 3.732364204235426e-11, -5.208868436687201e-04, 1.917267726833130e-06
953, 3.926990816987241e-01, 1.963495408493621e+00, 1.178097245096172e+00, 2.437178299435438e-03, -7.742589939468668e-04, -2.592875410950222e-06, 1.764687877473640e-06
954, 7.853981633974483e-01, 1.963495408493621e+00, 1.178097245096172e+00, 2.370414407444837e-03, -2.044341973216538e-10, 5.157088471016189e-04, 1.603857998593533e-06
955, 1.178097245096172e+00, 1.963495408493621e+00, 1.178097245096172e+00, 2.437330611800962e-03, 7.742586272543825e-04, -2.593036378981584e-06, 1.764690957823769e-06
956, 1.570796326794897e+00, 1.963495408493621e+00, 1.178097245096172e+00, 2.502856658006241e-03, -2.727595459054283e-10, -5.208871239204819e-04, 1.917274825077860e-06
957, 1.963495408493621e+00, 1.963495408493621e+00, 1.178097245096172e+00, 2.437537588290521e-03, -7.742591354054922e-04, -2.593229022699631e-06, 1.764700287066655e-06
958, 2.356194490192345e+00, 1.963495408493621e+00, 1.178097245096172e+00, 2.370799490765082e-03, -1.941043140910644e-10, 5.157084856259597e-04, 1.603874808067806e-06
959, 2.748893571891069e+00, 1.963495408493621e+00, 1.178097245096172e+00, 2.437685501301783e-03, 7.742587707161698e-04, -2.593356123542313e-06, 1.764709270112025e-06
960, 3.141592653589793e+00, 1.963495408493621e+00, 1.178097245096172e+00, 2.503134335798220e-03, -2.313439080151575e-11, -5.208873668728314e-04, 1.917290791303080e-06
961, 3.534291735288517e+00, 1.963495408493621e+00, 1.178097245096172e+00, 2.437703152749816e-03, -7.742588143032579e-04, -2.593372145416384e-06, 1.764710385540057e-06
962, 3.926990816987241e+00, 1.963495408493621e+00, 1.178097245096172e+00, 2.370832729326259e-03, 1.583494695945476e-10, 5.157084548558533e-04, 1.603876801404586e-06
963, 4.319689898685965e+00, 1.963495408493621e+00, 1.178097245096172e+00, 2.437582440614088e-03, 7.742591120373726e-04, -2.593271914197701e-06, 1.764702726638588e-06
964, 4.712388980384690e+00, 1.963495408493621e+00, 1.178097245096172e+00, 2.502907535436567e-03, 2.654396171458031e-10, -5.208871748151264e-04, 1.917277183720694e-06
965, 5.105088062083414e+00, 1.963495408493621e+00, 1.178097245096172e+00, 2.437380696640645e-03, -7.742586159248399e-04, -2.593089422979362e-06, 1.764692769545713e-06
966, 5.497787143782138e+00, 1.963495408493621e+00, 1.178097245096172e+00, 2.370456054159189e-03, 2.360426943606082e-10, 5.157087999246588e-04, 1.603859045812049e-06
967, 5.890486225480862e+00, 1.963495408493621e+00, 1.178097245096172e+00, 2.437203354461809e-03, 7.742590468137958e-04, -2.592905979084292e-06, 1.764688271882085e-06
968, 6.283185307179586e+00, 1.963495408493621e+00, 1.178097245096172e+00, 2.502585033590350e-03, 3.732364204235426e-11, -5.208868436687201e-04, 1.917267726833130e-06
969, 0.000000000000000e+00, 2.356194490192345e+00, 1.178097245096172e+00, 3.430723347171869e-03, 5.455165411725019e-11, -2.753525531618566e-05, 2.254616001671394e-06
970, 3.926990816987241e-01, 2.356194490192345e+00, 1.178097245096172e+00, 3.260050282276337e-03, -6.267029193047264e-05, -1.615139636656046e-06, 1.836531236184801e-06
971, 7.853981633974483e-01, 2.356194490192345e+00, 1.178097245096172e+00, 3.088249827771861e-03, -2.818148413278158e-10, 2.429728888774756e-05, 1.411746352007121e-06
972, 1.178097245096172e+00, 2.356194490192345e+00, 1.178097245096172e+00, 3.260259477694583e-03, 6.266978998663230e-05, -1.615268002620960e-06, 1.836542923025878e-06
973, 1.570796326794897e+00, 2.356194490192345e+00, 1.178097245096172e+00, 3.431093272751082e-03, -3.620913837605961e-10, -2.753547877945667e-05, 2.254638526437294e-06
974, 1.963495408493621e+00, 2.356194490192345e+00, 1.178097245096172e+00, 3.260534515114132e-03, -6.267046630297371e-05, -1.615421487243979e-06, 1.836563879527289e-06
975, 2.356194490192345e+00, 2.356194490192345e+00, 1.178097245096172e+00, 3.088762591146849e-03, -2.524554351159782e-10, 2.429700097313547e-05, 1.411784804793921e-06
976, 2.748893571891069e+00, 2.356194490192345e+00, 1.178097245096172e+00, 3.260727263946313e-03, 6.266998986376168e-05, -1.615522444887209e-06, 1.836581237095937e-06
977, 3.141592653589793e+00, 2.356194490192345e+00, 1.178097245096172e+00, 3.431456694087758e-03, -3.047100238771231e-11, -2.753567191938506e-05, 2.254670225336572e-06
978, 3.534291735288517e+00, 2.356194490192345e+00, 1.178097245096172e+00, 3.260750566566973e-03, -6.267004756610002e-05, -1.615535167175926e-06, 1.836583470858875e-06
979, 3.926990816987241e+00, 2.356194490192345e+00, 1.178097245096172e+00, 3.088806684741787e-03, 2.042988437071600e-10, 2.429697652760785e-05, 1.411788915737534e-06
980, 4.319689898685965e+00, 2.356194490192345e+00, 1.178097245096172e+00, 3.260594506335684e-03, 6.267043350542381e-05, -1.615455597006148e-06, 1.836569199680535e-06
981, 4.712388980384690e+00, 2.356194490192345e+00, 1.178097245096172e+00, 3.431162124341738e-03, 3.497467274621244e-10, -2.753551929967974e-05, 2.254644184487507e-06
982, 5.105088062083414e+00, 2.356194490192345e+00, 1.178097245096172e+00, 3.260328300561118e-03, -6.266977754056231e-05, -1.615310261238279e-06, 1.836548035323002e-06
983, 5.497787143782138e+00, 2.356194490192345e+00, 1.178097245096172e+00, 3.088308137641824e-03, 3.228734845483896e-10, 2.429725130746394e-05, 1.411750252443302e-06
984, 5.890486225480862e+00, 2.356194490192345e+00, 1.178097245096172e+00, 3.260086130473247e-03, 6.267036527905057e-05, -1.615163969512750e-06, 1.836533501256399e-06
985, 6.283185307179586e+00, 2.356194490192345e+00, 1.178097245096172e+00, 3.430723347171869e-03, 5.455165411725019e-11, -2.753525531618566e-05, 2.254616001671394e-06
986, 0.000000000000000e+00, 2.748893571891069e+00, 1.178097245096172e+00, 3.820206290328898e-03, 6.671445955693501e-11, -5.475776210750665e-07, 2.046708293528432e-06
987, 3.926990816987241e-01, 2.748893571891069e+00, 1.178097245096172e+00, 3.726895028024659e-03, -2.478787851536772e-07, -7.687157372461487e-07, 1.821282901331497e-06
988, 7.853981633974483e-01, 2.748893571891069e+00, 1.178097245096172e+00, 3.633513565454366e-03, -3.364880813183531e-10, -9.918261600925688e-07, 1.595084374416765e-06
989, 1.178097245096172e+00, 2.748893571891069e+00, 1.178097245096172e+00, 3.727144420490876e-03, 2.472812773361832e-07, -7.687918327431400e-07, 1.821300612536130e-06
990, 1.570796326794897e+00, 2.748893571891069e+00, 1.178097245096172e+00, 3.820645670589888e-03, -4.251846634109746e-10, -5.477100727023046e-07, 2.046741609529267e-06
991, 1.963495408493621e+00, 2.748893571891069e+00, 1.178097245096172e+00, 3.727467516726845e-03, -2.480763213517311e-07, -7.688827677398862e-07, 1.821329689166202e-06
992, 2.356194490192345e+00, 2.748893571891069e+00, 1.178097245096172e+00, 3.634116473804074e-03, -2.935490815419069e-10, -9.919967191976740e-07, 1.595137939971496e-06
993, 2.748893571891069e+00, 2.748893571891069e+00, 1.178097245096172e+00, 3.727691854657555e-03, 2.475211156161088e-07, -7.689424749447352e-07, 1.821352869806143e-06
994, 3.141592653589793e+00, 2.748893571891069e+00, 1.178097245096172e+00, 3.821069535866666e-03, -3.564170625300729e-11, -5.478243524943475e-07, 2.046784258285518e-06
995, 3.534291735288517e+00, 2.748893571891069e+00, 1.178097245096172e+00, 3.727719140460250e-03, -2.475887697063891e-07, -7.689500127478758e-07, 1.821355881293946e-06
996, 3.926990816987241e+00, 2.748893571891069e+00, 1.178097245096172e+00, 3.634168222383363e-03, 2.366353005662044e-10, -9.920112088799620e-07, 1.595143524829130e-06
997, 4.319689898685965e+00, 2.748893571891069e+00, 1.178097245096172e+00, 3.727538191735903e-03, 2.480368456925255e-07, -7.689029973162574e-07, 1.821337017201798e-06
998, 4.712388980384690e+00, 2.748893571891069e+00, 1.178097245096172e+00, 3.820727216430932e-03, 4.092684761957681e-10, -5.477341173021614e-07, 2.046749573010420e-06
999, 5.105088062083414e+00, 2.748893571891069e+00, 1.178097245096172e+00, 3.727226483300206e-03, -2.472680480879316e-07, -7.688169161075139e-07, 1.821308038562915e-06
1000, 5.497787143782138e+00, 2.748893571891069e+00, 1.178097245096172e+00, 3.633583648501355e-03, 3.842354060004363e-10, -9.918484642040225e-07, 1.595090280893108e-06
1001, 5.890486225480862e+00, 2.748893571891069e+00, 1.178097245096172e+00, 3.726938497591956e-03, 2.479666120351268e-07, -7.687301725675409e-07, 1.821286482779424e-06
1002, 6.283185307179586e+00, 2.748893571891069e+00, 1.178097245096172e+00, 3.820206290328898e-03, 6.671445955693501e-11, -5.475776210750665e-07, 2.046708293528432e-06
1003, 0.000000000000000e+00, 3.141592653589793e+00, 1.178097245096172e+00, 3.877485453172508e-03, 7.199207589799992e-11, 2.562444786068106e-07, 1.808663334900100e-06
1004, 3.926990816987241e-01, 3.141592653589793e+00, 1.178097245096172e+00, 3.877482163073304e-03, -1.976297806783232e-10, 1.326201925718131e-10, 1.808489071189318e-06
1005, 7.853981633974483e-01, 3.141592653589793e+00, 1.178097245096172e+00, 3.877622092597236e-03, -3.601122879861731e-10, -2.559829289160769e-07, 1.808672850024125e-06
1006, 1.178097245096172e+00, 3.141592653589793e+00, 1.178097245096172e+00, 3.877748922719630e-03, -4.411594094701501e-10, 1.203774752063170e-10, 1.808509310085314e-06
1007, 1.570796326794897e+00, 3.141592653589793e+00, 1.178097245096172e+00, 3.877954829298359e-03, -4.524081793914058e-10, 2.562232123196816e-07, 1.808701176966927e-06
1008, 1.963495408493621e+00, 3.141592653589793e+00, 1.178097245096172e+00, 3.878092754799107e-03, -4.051117656180440e-10, 1.058518021398091e-10, 1.808541789639603e-06
1009, 2.356194490192345e+00, 3.141592653589793e+00, 1.178097245096172e+00, 3.878263896170368e-03, -3.112461604154960e-10, -2.560101910055913e-07, 1.808732748170575e-06
1010, 2.748893571891069e+00, 3.141592653589793e+00, 1.178097245096172e+00, 3.878330700277877e-03, -1.840352947132367e-10, 9.635208195721597e-11, 1.808567405598494e-06
1011, 3.141592653589793e+00, 3.141592653589793e+00, 1.178097245096172e+00, 3.878404744774682e-03, -3.788129473444648e-11, 2.562050027705685e-07, 1.808748407840002e-06
1012, 3.534291735288517e+00, 3.141592653589793e+00, 1.178097245096172e+00, 3.878359711495644e-03, 1.120696502342341e-10, 9.511374796407393e-11, 1.808570743765699e-06
1013, 3.926990816987241e+00, 3.141592653589793e+00, 1.178097245096172e+00, 3.878318961629248e-03, 2.505349716885688e-10, -2.560125717369247e-07, 1.808738952523862e-06
1014, 4.319689898685965e+00, 3.141592653589793e+00, 1.178097245096172e+00, 3.878168060970835e-03, 3.627356875151843e-10, 1.025266739747131e-10, 1.808549962833089e-06
1015, 4.712388980384690e+00, 3.141592653589793e+00, 1.178097245096172e+00, 3.878041880259754e-03, 4.349369400430446e-10, 2.562192568742399e-07, 1.808710113393812e-06
1016, 5.105088062083414e+00, 3.141592653589793e+00, 1.178097245096172e+00, 3.877836729332277e-03, 4.547245808229069e-10, 1.162456957553162e-10, 1.808517716027428e-06
1017, 5.497787143782138e+00, 3.141592653589793e+00, 1.178097245096172e+00, 3.877697283976151e-03, 4.107611571231237e-10, -2.559866090060851e-07, 1.808679609179454e-06
1018, 5.890486225480862e+00, 3.141592653589793e+00, 1.178097245096172e+00, 3.877528939423063e-03, 2.917393503703396e-10, 1.302344950394232e-10, 1.808493213577487e-06
1019, 6.283185307179586e+00, 3.141592653589793e+00, 1.178097245096172e+00, 3.877485453172508e-03, 7.199207589799992e-11, 2.562444786068106e-07, 1.808663334900100e-06
1020, 0.000000000000000e+00, 3.534291735288517e+00, 1.178097245096172e+00, 3.633284518107417e-03, 6.960249431317176e-11, 9.920342142555717e-07, 1.595055631402235e-06
1021, 3.926990816987241e-01, 3.534291735288517e+00, 1.178097245096172e+00, 3.726794436176336e-03, 2.475035005126950e-07, 7.689622469693945e-07, 1.821262488185399e-06
1022, 7.853981633974483e-01, 3.534291735288517e+00, 1.178097245096172e+00, 3.820237069831397e-03, -3.490925232357728e-10, 5.478557683173194e-07, 2.046696557378708e-06
1023, 1.178097245096172e+00, 3.534291735288517e+00, 1.178097245096172e+00, 3.727053087239437e-03, -2.481229997360108e-07, 7.690157354487625e-07, 1.821281365565553e-06
1024, 1.570796326794897e+00, 3.534291735288517e+00, 1.178097245096172e+00, 3.633739856958829e-03, -4.396059718841738e-10, 9.921273974646568e-07, 1.595091035216770e-06
1025, 1.963495408493621e+00, 3.534291735288517e+00, 1.178097245096172e+00, 3.727387171201072e-03, 2.473007980192872e-07, 7.690798411227494e-07, 1.821312016899934e-06
1026, 2.356194490192345e+00, 3.534291735288517e+00, 1.178097245096172e+00, 3.820860601761232e-03, -3.028990061455946e-10, 5.479759639492297e-07, 2.046753053257175e-06
1027, 2.748893571891069e+00, 3.534291735288517e+00, 1.178097245096172e+00, 3.727618702077007e-03, -2.478739560731636e-07, 7.691219648788332e-07, 1.821336330219218e-06
1028, 3.141592653589793e+00, 3.534291735288517e+00, 1.178097245096172e+00, 3.634177506850328e-03, -3.685958289390105e-11, 9.922079886026527e-07, 1.595135814519125e-06
1029, 3.534291735288517e+00, 3.534291735288517e+00, 1.178097245096172e+00, 3.727646926124876e-03, 2.478039576824174e-07, 7.691272066872295e-07, 1.821339498324280e-06
1030, 3.926990816987241e+00, 3.534291735288517e+00, 1.178097245096172e+00, 3.820914153912132e-03, 2.439204895315627e-10, 5.479860411786102e-07, 2.046758934647632e-06
1031, 4.319689898685965e+00, 3.534291735288517e+00, 1.178097245096172e+00, 3.727460364707026e-03, -2.473418526093721e-07, 7.690939110460926e-07, 1.821319749512200e-06
1032, 4.712388980384690e+00, 3.534291735288517e+00, 1.178097245096172e+00, 3.633824397965930e-03, 4.228381204664248e-10, 9.921441188001935e-07, 1.595099466352475e-06
1033, 5.105088062083414e+00, 3.534291735288517e+00, 1.178097245096172e+00, 3.727138278162989e-03, 2.481364014282347e-07, 7.690331718233383e-07, 1.821289267193301e-06
1034, 5.497787143782138e+00, 3.534291735288517e+00, 1.178097245096172e+00, 3.820309939080054e-03, 3.984098368717528e-10, 5.478712602159336e-07, 2.046702884077235e-06
1035, 5.890486225480862e+00, 3.534291735288517e+00, 1.178097245096172e+00, 3.726839712472888e-03, -2.474122497871928e-07, 7.689722626769986e-07, 1.821266351005769e-06
1036, 6.283185307179586e+00, 3.534291735288517e+00, 1.178097245096172e+00, 3.633284518107417e-03, 6.960249431317176e-11, 9.920342142555717e-07, 1.595055631402235e-06
1037, 0.000000000000000e+00, 3.926990816987241e+00, 1.178097245096172e+00, 3.087954827906862e-03, 5.989975467225633e-11, -2.429716351245522e-05, 1.411703090598980e-06
1038, 3.926990816987241e-01, 3.926990816987241e+00, 1.178097245096172e+00, 3.259863340542369e-03, 6.266997356822920e-05, 1.615332423213420e-06, 1.836493273983983e-06
1039, 7.853981633974483e-01, 3.926990816987241e+00, 1.178097245096172e+00, 3.430649849267349e-03, -3.050893969487778e-10, 2.753551030751030e-05, 2.254583971884279e-06
1040, 1.178097245096172e+00, 3.926990816987241e+00, 1.178097245096172e+00, 3.260089627996733e-03, -6.267051611210718e-05, 1.615443553547601e-06, 1.836507084175015e-06
1041, 1.570796326794897e+00, 3.926990816987241e+00, 1.178097245096172e+00, 3.088354214271889e-03, -3.887228829510645e-10, -2.429696999309940e-05, 1.411729423461698e-06
1042, 1.963495408493621e+00, 3.926990816987241e+00, 1.178097245096172e+00, 3.260384961069051e-03, 6.266978962439649e-05, 1.615576533711259e-06, 1.836530934639229e-06
1043, 2.356194490192345e+00, 3.926990816987241e+00, 1.178097245096172e+00, 3.431200713154018e-03, -2.697705464636164e-10, 2.753575970841456e-05, 2.254627810313813e-06
1044, 2.748893571891069e+00, 3.926990816987241e+00, 1.178097245096172e+00, 3.260591025311353e-03, -6.267029928353049e-05, 1.615663931566774e-06, 1.836550397540714e-06
1045, 3.141592653589793e+00, 3.926990816987241e+00, 1.178097245096172e+00, 3.088743140235766e-03, -3.272881765498300e-11, -2.429680277906684e-05, 1.411765073479576e-06
1046, 3.534291735288517e+00, 3.926990816987241e+00, 1.178097245096172e+00, 3.260616067325297e-03, 6.267023723571967e-05, 1.615674874631743e-06, 1.836552923859677e-06
1047, 3.926990816987241e+00, 3.926990816987241e+00, 1.178097245096172e+00, 3.431248149379359e-03, 2.177900622271920e-10, 2.753578073791011e-05, 2.254632473412267e-06
1048, 4.319689898685965e+00, 3.926990816987241e+00, 1.178097245096172e+00, 3.260449617761432e-03, -6.266982533984269e-05, 1.615605882179228e-06, 1.836537004108006e-06
1049, 4.712388980384690e+00, 3.926990816987241e+00, 1.178097245096172e+00, 3.088428611281842e-03, 3.748097081304632e-10, -2.429693512169388e-05, 1.411735941408377e-06
1050, 5.105088062083414e+00, 3.926990816987241e+00, 1.178097245096172e+00, 3.260164239985983e-03, 6.267052888021013e-05, 1.615479925307434e-06, 1.836513064966317e-06
1051, 5.497787143782138e+00, 3.926990816987241e+00, 1.178097245096172e+00, 3.430713315626722e-03, 3.490483346712392e-10, 2.753554264525103e-05, 2.254588638156089e-06
1052, 5.890486225480862e+00, 3.926990816987241e+00, 1.178097245096172e+00, 3.259902534555278e-03, -6.266989388603359e-05, 1.615353346346933e-06, 1.836496054709723e-06
1053, 6.283185307179586e+00, 3.926990816987241e+00, 1.178097245096172e+00, 3.087954827906862e-03, 5.989975467225633e-11, -2.429716351245522e-05, 1.411703090598980e-06
1054, 0.000000000000000e+00, 4.319689898685965e+00, 1.178097245096172e+00, 2.370089177073098e-03, 4.431545006580814e-11, -5.157088220563848e-04, 1.603806988836498e-06
1055, 3.926990816987241e-01, 4.319689898685965e+00, 1.178097245096172e+00, 2.436931619254351e-03, 7.742587608491751e-04, 2.592986554261409e-06, 1.764637743613556e-06
1056, 7.853981633974483e-01, 4.319689898685965e+00, 1.178097245096172e+00, 2.502423927359397e-03, -2.348080824128513e-10, 5.208870381149964e-04, 1.917219272671261e-06
1057, 1.178097245096172e+00, 4.319689898685965e+00, 1.178097245096172e+00, 2.437106207136263e-03, -7.742591804604924e-04, 2.593138371328885e-06, 1.764643517160589e-06
1058, 1.570796326794897e+00, 4.319689898685965e+00, 1.178097245096172e+00, 2.370399208149436e-03, -3.074987610806561e-10, -5.157085576811684e-04, 1.603818938387146e-06
1059, 1.963495408493621e+00, 4.319689898685965e+00, 1.178097245096172e+00, 2.437339688579214e-03, 7.742586067662445e-04, 2.593319972955299e-06, 1.764656588899103e-06
1060, 2.356194490192345e+00, 4.319689898685965e+00, 1.178097245096172e+00, 2.502858774120554e-03, -2.168469590312763e-10, 5.208873787503637e-04, 1.917243045678521e-06
1061, 2.748893571891069e+00, 4.319689898685965e+00, 1.178097245096172e+00, 2.437505064783149e-03, -7.742590149847665e-04, 2.593439510076320e-06, 1.764668359445378e-06
1062, 3.141592653589793e+00, 4.319689898685965e+00, 1.178097245096172e+00, 2.370710303317973e-03, -2.609890029700112e-11, -5.157083290305187e-04, 1.603840112696508e-06
1063, 3.534291735288517e+00, 4.319689898685965e+00, 1.178097245096172e+00, 2.437525001751610e-03, 7.742589656873551e-04, 2.593454535417176e-06, 1.764669863950883e-06
1064, 3.926990816987241e+00, 4.319689898685965e+00, 1.178097245096172e+00, 2.502896403296877e-03, 1.760697302311773e-10, 5.208874076017003e-04, 1.917245770540926e-06
1065, 4.319689898685965e+00, 4.319689898685965e+00, 1.178097245096172e+00, 2.437390665388801e-03, -7.742586339480228e-04, 2.593360201527864e-06, 1.764660014367474e-06
1066, 4.712388980384690e+00, 4.319689898685965e+00, 1.178097245096172e+00, 2.370457358366298e-03, 2.981453315001716e-10, -5.157085099189009e-04, 1.603822414379514e-06
1067, 5.105088062083414e+00, 4.319689898685965e+00, 1.178097245096172e+00, 2.437163876363637e-03, 7.742591922243416e-04, 2.593188172547649e-06, 1.764646438085886e-06
1068, 5.497787143782138e+00, 4.319689898685965e+00, 1.178097245096172e+00, 2.502472326188576e-03, 2.702109361810338e-10, 5.208870824165747e-04, 1.917221285878953e-06
1069, 5.890486225480862e+00, 4.319689898685965e+00, 1.178097245096172e+00, 2.436961058439385e-03, -7.742586996945250e-04, 2.593015254064419e-06, 1.764638791514711e-06
1070, 6.283185307179586e+00, 4.319689898685965e+00, 1.178097245096172e+00, 2.370089177073098e-03, 4.431545006580814e-11, -5.157088220563848e-04, 1.603806988836498e-06
1071, 0.000000000000000e+00, 4.712388980384690e+00, 1.178097245096172e+00, 1.610317024599020e-03, 2.519135722846366e-11, -3.564337818552256e-03, 2.442249139066621e-06
1072, 3.926990816987241e-01, 4.712388980384690e+00, 1.178097245096172e+00, 1.212962534480609e-03, 3.565035394203654e-03, 3.695938967959239e-06, 1.387321943573101e-06
1073, 7.853981633974483e-01, 4.712388980384690e+00, 1.178097245096172e+00, 8.334295848801719e-04, -1.490465790174323e-10, 3.571518842933414e-03, 4.345246044892658e-07
1074, 1.178097245096172e+00, 4.712388980384690e+00, 1.178097245096172e+00, 1.213074023844367e-03, -3.565035663731937e-03, 3.696107974109102e-06, 1.387317906995588e-06
1075, 1.570796326794897e+00, 4.712388980384690e+00, 1.178097245096172e+00, 1.610517995652874e-03, -2.082960049166737e-10, -3.564337523927652e-03, 2.442243533809517e-06
1076, 1.963495408493621e+00, 4.712388980384690e+00, 1.178097245096172e+00, 1.213231977100475e-03, 3.565035276630237e-03, 3.696310575903407e-06, 1.387317811548042e-06
1077, 2.356194490192345e+00, 4.712388980384690e+00, 1.178097245096172e+00, 8.337227321256593e-04, -1.520638036669203e-10, 3.571519222781992e-03, 4.345238586174032e-07
1078, 2.748893571891069e+00, 4.712388980384690e+00, 1.178097245096172e+00, 1.213347544322964e-03, -3.565035560709402e-03, 3.696444331770148e-06, 1.387320168085860e-06
1079, 3.141592653589793e+00, 4.712388980384690e+00, 1.178097245096172e+00, 1.610733866113985e-03, -1.794785688802155e-11, -3.564337268125651e-03, 2.442247002257771e-06
1080, 3.534291735288517e+00, 4.712388980384690e+00, 1.178097245096172e+00, 1.213361208959400e-03, 3.565035527070289e-03, 3.696461219099796e-06, 1.387320415900812e-06
1081, 3.926990816987241e+00, 4.712388980384690e+00, 1.178097245096172e+00, 8.337483204722752e-04, 1.250079761043120e-10, 3.571519255164482e-03, 4.345242032368164e-07
1082, 4.319689898685965e+00, 4.712388980384690e+00, 1.178097245096172e+00, 1.213266177425413e-03, -3.565035293401134e-03, 3.696355675762008e-06, 1.387317997816785e-06
1083, 4.712388980384690e+00, 4.712388980384690e+00, 1.178097245096172e+00, 1.610556246527160e-03, 2.044682886606231e-10, -3.564337470457713e-03, 2.442243289478460e-06
1084, 5.105088062083414e+00, 4.712388980384690e+00, 1.178097245096172e+00, 1.213110957482039e-03, 3.565035674247286e-03, 3.696163627911031e-06, 1.387317081995496e-06
1085, 5.497787143782138e+00, 4.712388980384690e+00, 1.178097245096172e+00, 8.334595386479067e-04, 1.740224743918806e-10, 3.571518892420130e-03, 4.345233558974312e-07
1086, 5.890486225480862e+00, 4.712388980384690e+00, 1.178097245096172e+00, 1.212980016864745e-03, -3.565035355705947e-03, 3.695971097225379e-06, 1.387320848279256e-06
1087, 6.283185307179586e+00, 4.712388980384690e+00, 1.178097245096172e+00, 1.610317024599020e-03, 2.519135722846366e-11, -3.564337818552256e-03, 2.442249139066621e-06
1088, 0.000000000000000e+00, 5.105088062083414e+00, 1.178097245096172e+00, 6.791186172762094e-04, 5.530414155141987e-12, -1.303178470033184e-02, 3.271499611368768e-06
1089, 3.926990816987241e-01, 5.105088062083414e+00, 1.178097245096172e+00, -4.105773379684947e-04, 8.706944207593891e-03, 4.776552316229686e-06, 3.168822873833317e-07
1090, 7.853981633974483e-01, 5.105088062083414e+00, 1.178097245096172e+00, -1.406241019057920e-03, -6.113185845561151e-11, 1.304038103861932e-02, -2.092856145353755e-06
1091, 1.178097245096172e+00, 5.105088062083414e+00, 1.178097245096172e+00, -4.105304983601333e-04, -8.706944323182966e-03, 4.776711884554104e-06, 3.168681924377872e-07
1092, 1.570796326794897e+00, 5.105088062083414e+00, 1.178097245096172e+00, 6.792077342965369e-04, -1.062261596063586e-10, -1.303178442132292e-02, 3.271475986522436e-06
1093, 1.963495408493621e+00, 5.105088062083414e+00, 1.178097245096172e+00, -4.104502639231230e-04, 8.706944128047334e-03, 4.776904776969132e-06, 3.168545045267298e-07
1094, 2.356194490192345e+00, 5.105088062083414e+00, 1.178097245096172e+00, -1.406093648261744e-03, -8.507735862797295e-11, 1.304038139966657e-02, -2.092882197062378e-06
1095, 2.748893571891069e+00, 5.105088062083414e+00, 1.178097245096172e+00, -4.103861772345851e-04, -8.706944283897369e-03, 4.777032724876303e-06, 3.168470955920628e-07
1096, 3.141592653589793e+00, 5.105088062083414e+00, 1.178097245096172e+00, 6.793252748225990e-04, -9.487573505674903e-12, -1.303178417662921e-02, 3.271461108059448e-06
1097, 3.534291735288517e+00, 5.105088062083414e+00, 1.178097245096172e+00, -4.103790207660229e-04, 8.706944266500902e-03, 4.777048961764847e-06, 3.168460319723281e-07
1098, 3.926990816987241e+00, 5.105088062083414e+00, 1.178097245096172e+00, -1.406080544652638e-03, 7.221830059410804e-11, 1.304038143075064e-02, -2.092884331796700e-06
1099, 4.319689898685965e+00, 5.105088062083414e+00, 1.178097245096172e+00, -4.104334335824987e-04, -8.706944134124475e-03, 4.776948028756340e-06, 3.168513294312946e-07
1100, 4.712388980384690e+00, 5.105088062083414e+00, 1.178097245096172e+00, 6.792254265962928e-04, 1.079645083364795e-10, -1.303178437015271e-02, 3.271471897586621e-06
1101, 5.105088062083414e+00, 5.105088062083414e+00, 1.178097245096172e+00, -4.105149348411238e-04, 8.706944332290996e-03, 4.776764896823540e-06, 3.168635056551951e-07
1102, 5.497787143782138e+00, 5.105088062083414e+00, 1.178097245096172e+00, -1.406230046489855e-03, 7.538578775840525e-11, 1.304038108557237e-02, -2.092860765318547e-06
1103, 5.890486225480862e+00, 5.105088062083414e+00, 1.178097245096172e+00, -4.105721719467399e-04, -8.706944192366492e-03, 4.776582848111218e-06, 3.168789525490311e-07
1104, 6.283185307179586e+00, 5.105088062083414e+00, 1.178097245096172e+00, 6.791186172762094e-04, 5.530414155141987e-12, -1.303178470033184e-02, 3.271499611368768e-06
1105, 0.000000000000000e+00, 5.497787143782138e+00, 1.178097245096172e+00, -7.859299789545662e-04, -1.146910224781564e-11, -3.027977262807010e-02, 2.345279775673187e-06
1106, 3.926990816987241e-01, 5.497787143782138e+00, 1.178097245096172e+00, -2.264275293832090e-03, 1.254111747846786e-02, 5.243180872285347e-06, -1.721391538910799e-06
1107, 7.853981633974483e-01, 5.497787143782138e+00, 1.178097245096172e+00, -3.580209909084169e-03, 1.490381314451960e-11, 3.028819324342418e-02, -4.844446123468698e-06
1108, 1.178097245096172e+00, 5.497787143782138e+00, 1.178097245096172e+00, -2.264284357173519e-03, -1.254111746055078e-02, 5.243305607769514e-06, -1.721414244324336e-06
1109, 1.570796326794897e+00, 5.497787143782138e+00, 1.178097245096172e+00, -7.859379227801905e-04, -1.671943003244227e-11, -3.027977240896657e-02, 2.345240612537902e-06
1110, 1.963495408493621e+00, 5.497787143782138e+00, 1.178097245096172e+00, -2.264272287100735e-03, 1.254111743359486e-02, 5.243459713836348e-06, -1.721439889265579e-06
1111, 2.356194490192345e+00, 5.497787143782138e+00, 1.178097245096172e+00, -3.580190191945149e-03, -2.588909167235962e-11, 3.028819353101242e-02, -4.844494384426743e-06
1112, 2.748893571891069e+00, 5.497787143782138e+00, 1.178097245096172e+00, -2.264253633510997e-03, -1.254111747635432e-02, 5.243562600945835e-06, -1.721455991512751e-06
1113, 3.141592653589793e+00, 5.497787143782138e+00, 1.178097245096172e+00, -7.859070659592084e-04, -1.995950648433738e-12, -3.027977221223431e-02, 2.345209432985809e-06
1114, 3.534291735288517e+00, 5.497787143782138e+00, 1.178097245096172e+00, -2.264252242726471e-03, 1.254111747335045e-02, 5.243575721347840e-06, -1.721458226644550e-06
1115, 3.926990816987241e+00, 5.497787143782138e+00, 1.178097245096172e+00, -3.580188145307430e-03, 2.559965780229464e-11, 3.028819355610976e-02, -4.844498731425257e-06
1116, 4.319689898685965e+00, 5.497787143782138e+00, 1.178097245096172e+00, -2.264270823699183e-03, -1.254111743028497e-02, 5.243494637940737e-06, -1.721446054587804e-06
1117, 4.712388980384690e+00, 5.497787143782138e+00, 1.178097245096172e+00, -7.859383694780853e-04, 2.317057150042925e-11, -3.027977236775179e-02, 2.345233123697165e-06
1118, 5.105088062083414e+00, 5.497787143782138e+00, 1.178097245096172e+00, -2.264287550813094e-03, 1.254111746810819e-02, 5.243347954273933e-06, -1.721422308476188e-06
1119, 5.497787143782138e+00, 5.497787143782138e+00, 1.178097245096172e+00, -3.580215480179936e-03, -1.025534644211453e-11, 3.028819328046445e-02, -4.844453654488903e-06
1120, 5.890486225480862e+00, 5.497787143782138e+00, 1.178097245096172e+00, -2.264280812922399e-03, -1.254111748345284e-02, 5.243204693644115e-06, -1.721396803051161e-06
1121, 6.283185307179586e+00, 5.497787143782138e+00, 1.178097245096172e+00, -7.859299789545662e-04, -1.146910224781564e-11, -3.027977262807010e-02, 2.345279775673187e-06
1122, 0.000000000000000e+00, 5.890486225480862e+00, 1.178097245096172e+00, -2.816979023324229e-03, -2.299211403492020e-11, -4.884503043319093e-02, -1.338105192590997e-06
1123, 3.926990816987241e-01, 5.890486225480862e+00, 1.178097245096172e+00, -3.861007109218179e-03, 9.714751742162584e-03, 3.791027284115875e-06, -4.116297943530233e-06
1124, 7.853981633974483e-01, 5.890486225480862e+00, 1.178097245096172e+00, -4.849328626812400e-03, 6.676644063828329e-11, 4.885057959122560e-02, -6.571932268156877e-06
1125, 1.178097245096172e+00, 5.890486225480862e+00, 1.178097245096172e+00, -3.861054445801464e-03, -9.714751632453890e-03, 3.791098288980013e-06, -4.116326262651374e-06
1126, 1.570796326794897e+00, 5.890486225480862e+00, 1.178097245096172e+00, -2.817053887547999e-03, 4.690929290288033e-11, -4.884503030914664e-02, -1.338154696789824e-06
1127, 1.963495408493621e+00, 5.890486225480862e+00, 1.178097245096172e+00, -3.861090766835112e-03, 9.714751724571579e-03, 3.791190388372065e-06, -4.116360394194340e-06
1128, 2.356194490192345e+00, 5.890486225480862e+00, 1.178097245096172e+00, -4.849399152598877e-03, 1.644692460478015e-11, 4.885057976257315e-02, -6.571996174139161e-06
1129, 2.748893571891069e+00, 5.890486225480862e+00, 1.178097245096172e+00, -3.861104569177737e-03, -9.714751686555811e-03, 3.791252304684097e-06, -4.116382811183813e-06
1130, 3.141592653589793e+00, 5.890486225480862e+00, 1.178097245096172e+00, -2.817084906998735e-03, 3.370051971367373e-12, -4.884503019084823e-02, -1.338197683122159e-06
1131, 3.534291735288517e+00, 5.890486225480862e+00, 1.178097245096172e+00, -3.861107312306805e-03, 9.714751693876856e-03, 3.791260240135265e-06, -4.116385893752638e-06
1132, 3.926990816987241e+00, 5.890486225480862e+00, 1.178097245096172e+00, -4.849405036789795e-03, -7.702129520221695e-12, 4.885057977777120e-02, -6.572002122079002e-06
1133, 4.319689898685965e+00, 5.890486225480862e+00, 1.178097245096172e+00, -3.861100328208509e-03, -9.714751714531995e-03, 3.791211577726304e-06, -4.116368726440385e-06
1134, 4.712388980384690e+00, 5.890486225480862e+00, 1.178097245096172e+00, -2.817067326050096e-03, -3.719869724507904e-11, -4.884503028418834e-02, -1.338164637557504e-06
1135, 5.105088062083414e+00, 5.890486225480862e+00, 1.178097245096172e+00, -3.861070974648925e-03, 9.714751638463878e-03, 3.791123704105972e-06, -4.116336702235228e-06
1136, 5.497787143782138e+00, 5.890486225480862e+00, 1.178097245096172e+00, -4.849345738707655e-03, -6.968016427793668e-11, 4.885057961289898e-02, -6.571941731234106e-06
1137, 5.890486225480862e+00, 5.890486225480862e+00, 1.178097245096172e+00, -3.861019841452648e-03, -9.714751761185253e-03, 3.791040031755508e-06, -4.116304370907619e-06
1138, 6.283185307179586e+00, 5.890486225480862e+00, 1.178097245096172e+00, -2.816979023324229e-03, -2.299211403492020e-11, -4.884503043319093e-02, -1.338105192590997e-06
1139, 0.000000000000000e+00, 6.283185307179586e+00, 1.178097245096172e+00, -4.541783852548807e-03, -2.485440296482464e-11, -5.704928220564488e-02, -5.425437547389554e-06
1140, 3.926990816987241e-01, 6.283185307179586e+00, 1.178097245096172e+00, -4.510280864453487e-03, 5.434285136690231e-11, -1.570855083436194e-10, -5.240666915385076e-06
1141, 7.853981633974483e-01, 6.283185307179586e+00, 1.178097245096172e+00, -4.541818942073388e-03, 8.769624559135566e-11, 5.704928189891940e-02, -5.425453694283183e-06
1142, 1.178097245096172e+00, 6.283185307179586e+00, 1.178097245096172e+00, -4.510343688177253e-03, 8.951183315886822e-11, -1.444582673166149e-10, -5.240697163998780e-06
1143, 1.570796326794897e+00, 6.283185307179586e+00, 1.178097245096172e+00, -4.541885722202500e-03, 7.505012645901530e-11, -5.704928218776244e-02, -5.425490288555509e-06
1144, 1.963495408493621e+00, 6.283185307179586e+00, 1.178097245096172e+00, -4.510401223338302e-03, 5.493718945394099e-11, -1.296707751458105e-10, -5.240735008872120e-06
1145, 2.356194490192345e+00, 6.283185307179586e+00, 1.178097245096172e+00, -4.541928772082989e-03, 3.514070358157811e-11, 5.704928192734785e-02, -5.425524346070517e-06
1146, 2.748893571891069e+00, 6.283185307179586e+00, 1.178097245096172e+00, -4.510429294228756e-03, 1.875275993789798e-11, -1.194604698857980e-10, -5.240760311448273e-06
1147, 3.141592653589793e+00, 6.283185307179586e+00, 1.178097245096172e+00, -4.541943949203397e-03, 5.752304591742030e-12, -5.704928216842987e-02, -5.425538646679879e-06
1148, 3.534291735288517e+00, 6.283185307179586e+00, 1.178097245096172e+00, -4.510433867612388e-03, -6.838618939233249e-12, -1.181078695714950e-10, -5.240763776462614e-06
1149, 3.926990816987241e+00, 6.283185307179586e+00, 1.178097245096172e+00, -4.541938171774862e-03, -2.235720879696322e-11, 5.704928192996772e-02, -5.425531016982511e-06
1150, 4.319689898685965e+00, 6.283185307179586e+00, 1.178097245096172e+00, -4.510415683521702e-03, -4.184794343481154e-11, -1.259901643176296e-10, -5.240744328140074e-06
1151, 4.712388980384690e+00, 6.283185307179586e+00, 1.178097245096172e+00, -4.541904945324040e-03, -6.381681044288844e-11, -5.704928218349627e-02, -5.425501343716458e-06
1152, 5.105088062083414e+00, 6.283185307179586e+00, 1.178097245096172e+00, -4.510366134870930e-03, -8.433946956409596e-11, -1.401342414293092e-10, -5.240708636821815e-06
1153, 5.497787143782138e+00, 6.283185307179586e+00, 1.178097245096172e+00, -4.541841020647940e-03, -9.509715954067836e-11, 5.704928190279966e-02, -5.425463874739989e-06
1154, 5.890486225480862e+00, 6.283185307179586e+00, 1.178097245096172e+00, -4.510296238411192e-03, -8.201997201712348e-11, -1.545796088129666e-10, -5.240673529638195e-06
1155, 6.283185307179586e+00, 6.283185307179586e+00, 1.178097245096172e+00, -4.541783852548807e-03, -2.485440296482464e-11, -5.704928220564488e-02, -5.425437547389554e-06
1156, 0.000000000000000e+00, 0.000000000000000e+00, 1.570796326794897e+00, -2.733780308038715e-03, -2.053330111152143e-11, -1.560837009471444e-02, -3.908686619944088e-06
1157, 3.926990816987241e-01, 0.000000000000000e+00, 1.570796326794897e+00, -2.733414756443505e-03, 4.434621273438160e-11, -1.428538127122884e-10, -3.898982283788312e-06
1158, 7.853981633974483e-01, 0.000000000000000e+00, 1.570796326794897e+00, -2.733808613325455e-03, 7.006103355707798e-11, 1.560836981518925e-02, -3.908705648880174e-06
1159, 1.178097245096172e+00, 0.000000000000000e+00, 1.570796326794897e+00, -2.733464656653750e-03, 6.897142135699007e-11, -1.316649673359841e-10, -3.899017695730227e-06
1160, 1.570796326794897e+00, 0.000000000000000e+00, 1.570796326794897e+00, -2.733859958934388e-03, 5.455973997747114e-11, -1.560837007796306e-02, -3.908747550999542e-06
1161, 1.963495408493621e+00, 0.000000000000000e+00, 1.570796326794897e+00, -2.733506612973008e-03, 3.694491001233682e-11, -1.174923781217507e-10, -3.899059238816225e-06
1162, 2.356194490192345e+00, 0.000000000000000e+00, 1.570796326794897e+00, -2.733889246202515e-03, 2.180112843413507e-11, 1.560836984171955e-02, -3.908783715404875e-06
1163, 2.748893571891069e+00, 0.000000000000000e+00, 1.570796326794897e+00, -2.733524435023193e-03, 1.112217824336269e-11, -1.080567132259376e-10, -3.899086179644540e-06
1164, 3.141592653589793e+00, 0.000000000000000e+00, 1.570796326794897e+00, -2.733898540783489e-03, 3.934357003183663e-12, -1.560837005990284e-02, -3.908799335445136e-06
1165, 3.534291735288517e+00, 0.000000000000000e+00, 1.570796326794897e+00, -2.733527607710437e-03, -2.721285313121293e-12, -1.068113914876106e-10, -3.899089853546144e-06
1166, 3.926990816987241e+00, 0.000000000000000e+00, 1.570796326794897e+00, -2.733895944488061e-03, -1.214136137424555e-11, 1.560836984411878e-02, -3.908790814184069e-06
1167, 4.319689898685965e+00, 0.000000000000000e+00, 1.570796326794897e+00, -2.733517284487002e-03, -2.627797527527769e-11, -1.141219951647939e-10, -3.899069232788079e-06
1168, 4.712388980384690e+00, 0.000000000000000e+00, 1.570796326794897e+00, -2.733874654004449e-03, -4.467573170156649e-11, -1.560837007396042e-02, -3.908759572351542e-06
1169, 5.105088062083414e+00, 0.000000000000000e+00, 1.570796326794897e+00, -2.733482347713554e-03, -6.362979135320768e-11, -1.275059073810007e-10, -3.899030436484643e-06
1170, 5.497787143782138e+00, 0.000000000000000e+00, 1.570796326794897e+00, -2.733826421444965e-03, -7.513031892488864e-11, 1.560836981890904e-02, -3.908717187364602e-06
1171, 5.890486225480862e+00, 0.000000000000000e+00, 1.570796326794897e+00, -2.733427348690578e-03, -6.662061653691495e-11, -1.404322355666639e-10, -3.898989824660949e-06
1172, 6.283185307179586e+00, 0.000000000000000e+00, 1.570796326794897e+00, -2.733780308038715e-03, -2.053330111152143e-11, -1.560837009471444e-02, -3.908686619944088e-06
1173, 0.000000000000000e+00, 3.926990816987241e-01, 1.570796326794897e+00, -2.719565682190514e-03, -2.157301918625153e-11, -1.336622144642995e-02, -4.490222366972576e-06
1174, 3.926990816987241e-01, 3.926990816987241e-01, 1.570796326794897e+00, -2.420317603875090e-03, -2.657993633065384e-03, -1.626312319937102e-06, -3.273251003814012e-06
1175, 7.853981633974483e-01, 3.926990816987241e-01, 1.570796326794897e+00, -2.121365311146472e-03, 6.129518673103269e-11, 1.336314676622493e-02, -2.035096975960160e-06
1176, 1.178097245096172e+00, 3.926990816987241e-01, 1.570796326794897e+00, -2.420361069057751e-03, 2.657993732836613e-03, -1.626357557655801e-06, -3.273285169929644e-06
1177, 1.570796326794897e+00, 3.926990816987241e-01, 1.570796326794897e+00, -2.719633809689666e-03, 4.239213055504270e-11, -1.336622152460850e-02, -4.490281382322669e-06
1178, 1.963495408493621e+00, 3.926990816987241e-01, 1.570796326794897e+00, -2.420393893982262e-03, -2.657993649481108e-03, -1.626417976698524e-06, -3.273324493334235e-06
1179, 2.356194490192345e+00, 3.926990816987241e-01, 1.570796326794897e+00, -2.121429093377246e-03, 1.383440358999217e-11, 1.336314665415657e-02, -2.035171023508484e-06
1180, 2.748893571891069e+00, 3.926990816987241e-01, 1.570796326794897e+00, -2.420405626201595e-03, 2.657993682265489e-03, -1.626458279601275e-06, -3.273349933480998e-06
1181, 3.141592653589793e+00, 3.926990816987241e-01, 1.570796326794897e+00, -2.719660763146214e-03, 2.943187151100221e-12, -1.336622160147722e-02, -4.490330297827938e-06
1182, 3.534291735288517e+00, 3.926990816987241e-01, 1.570796326794897e+00, -2.420408042510498e-03, -2.657993675768654e-03, -1.626463339939879e-06, -3.273353407261686e-06
1183, 3.926990816987241e+00, 3.926990816987241e-01, 1.570796326794897e+00, -2.121434340116407e-03, -5.844977089013626e-12, 1.336314664442776e-02, -2.035177742106742e-06
1184, 4.319689898685965e+00, 3.926990816987241e-01, 1.570796326794897e+00, -2.420402547028261e-03, 2.657993658892843e-03, -1.626431509008708e-06, -3.273333961932952e-06
1185, 4.712388980384690e+00, 3.926990816987241e-01, 1.570796326794897e+00, -2.719646130226724e-03, -3.309698234531169e-11, -1.336622154056774e-02, -4.490292784226115e-06
1186, 5.105088062083414e+00, 3.926990816987241e-01, 1.570796326794897e+00, -2.420376360467653e-03, -2.657993727005212e-03, -1.626373882288352e-06, -3.273297283676840e-06
1187, 5.497787143782138e+00, 3.926990816987241e-01, 1.570796326794897e+00, -2.121381212436207e-03, -6.399320439948956e-11, 1.336314675252839e-02, -2.035108032228323e-06
1188, 5.890486225480862e+00, 3.926990816987241e-01, 1.570796326794897e+00, -2.420329434087612e-03, 2.657993615326867e-03, -1.626319888779728e-06, -3.273258416726744e-06
1189, 6.283185307179586e+00, 3.926990816987241e-01, 1.570796326794897e+00, -2.719565682190514e-03, -2.157301918625153e-11, -1.336622144642995e-02, -4.490222366972576e-06
1190, 0.000000000000000e+00, 7.853981633974483e-01, 1.570796326794897e+00, -1.984390825555981e-03, -1.313349972849312e-11, -8.288372986299876e-03, -3.459908589723679e-06
1191, 3.926990816987241e-01, 7.853981633974483e-01, 1.570796326794897e+00, -1.571651295214762e-03, -3.431309352360659e-03, -2.741922742577390e-06, -1.796659269756361e-06
1192, 7.853981633974483e-01, 7.853981633974483e-01, 1.570796326794897e+00, -1.159372360545370e-03, 2.264082544719796e-11, 8.283044847343171e-03, -7.333219970583218e-08
1193, 1.178097245096172e+00, 7.853981633974483e-01, 1.570796326794897e+00, -1.571666249368661e-03, 3.431309384309131e-03, -2.742022308246088e-06, -1.796688073553356e-06
1194, 1.570796326794897e+00, 7.853981633974483e-01, 1.570796326794897e+00, -1.984409339339798e-03, -5.380640782902916e-12, -8.288373160745346e-03, -3.459958021942354e-06
1195, 1.963495408493621e+00, 7.853981633974483e-01, 1.570796326794897e+00, -1.571662808131631e-03, -3.431309390143490e-03, -2.742146467720972e-06, -1.796719830848533e-06
1196, 2.356194490192345e+00, 7.853981633974483e-01, 1.570796326794897e+00, -1.159368572265273e-03, -1.764473078913812e-11, 8.283044615382802e-03, -7.339223350295908e-08
1197, 2.748893571891069e+00, 7.853981633974483e-01, 1.570796326794897e+00, -1.571650362267228e-03, 3.431309362689015e-03, -2.742229190085544e-06, -1.796739933650625e-06
1198, 3.141592653589793e+00, 7.853981633974483e-01, 1.570796326794897e+00, -1.984390144905855e-03, -1.010328312754242e-12, -8.288373318516033e-03, -3.459996865349601e-06
1199, 3.534291735288517e+00, 7.853981633974483e-01, 1.570796326794897e+00, -1.571649735194232e-03, -3.431309363795254e-03, -2.742239598883822e-06, -1.796742691420245e-06
1200, 3.926990816987241e+00, 7.853981633974483e-01, 1.570796326794897e+00, -1.159367975190517e-03, 1.896945829885879e-11, 8.283044595383334e-03, -7.339759059967249e-08
1201, 4.319689898685965e+00, 7.853981633974483e-01, 1.570796326794897e+00, -1.571663328392914e-03, 3.431309394556947e-03, -2.742174288462854e-06, -1.796727436910639e-06
1202, 4.712388980384690e+00, 7.853981633974483e-01, 1.570796326794897e+00, -1.984412065650852e-03, 1.224093148472760e-11, -8.288373193585047e-03, -3.459967271183780e-06
1203, 5.105088062083414e+00, 7.853981633974483e-01, 1.570796326794897e+00, -1.571671690735141e-03, -3.431309377297958e-03, -2.742056186316159e-06, -1.796698024480949e-06
1204, 5.497787143782138e+00, 7.853981633974483e-01, 1.570796326794897e+00, -1.159379760280337e-03, -1.966330288518755e-11, 8.283044817741480e-03, -7.334143578097585e-08
1205, 5.890486225480862e+00, 7.853981633974483e-01, 1.570796326794897e+00, -1.571657847814055e-03, 3.431309344975576e-03, -2.741941592669854e-06, -1.796665587570847e-06
1206, 6.283185307179586e+00, 7.853981633974483e-01, 1.570796326794897e+00, -1.984390825555981e-03, -1.313349972849312e-11, -8.288372986299876e-03, -3.459908589723679e-06
1207, 0.000000000000000e+00, 1.178097245096172e+00, 1.570796326794897e+00, -7.298399903182629e-04, 1.240011642882304e-12, -3.569800396120297e-03, -1.497037863952412e-06
1208, 3.926990816987241e-01, 1.178097245096172e+00, 1.570796326794897e+00, -4.195982861600091e-04, -2.382274778463569e-03, -3.137966303433088e-06, -2.424435051222419e-07
1209, 7.853981633974483e-01, 1.178097245096172e+00, 1.570796326794897e+00, -1.103194638435140e-04, -4.124385534505775e-11, 3.563575722483011e-03, 1.049834712417198e-06
1210, 1.178097245096172e+00, 1.178097245096172e+00, 1.570796326794897e+00, -4.195661511769260e-04, 2.382274698074903e-03, -3.138105940209426e-06, -2.424633718685435e-07
1211, 1.570796326794897e+00, 1.178097245096172e+00, 1.570796326794897e+00, -7.297767601277808e-04, -8.114057500364946e-11, -3.569800639890736e-03, -1.497071457533370e-06
1212, 1.963495408493621e+00, 1.178097245096172e+00, 1.570796326794897e+00, -4.195050767223289e-04, -2.382274846024110e-03, -3.138274956478849e-06, -2.424836185748313e-07
1213, 2.356194490192345e+00, 1.178097245096172e+00, 1.570796326794897e+00, -1.102078292231952e-04, -6.748435184080556e-11, 3.563575405669386e-03, 1.049796205439023e-06
1214, 2.748893571891069e+00, 1.178097245096172e+00, 1.570796326794897e+00, -4.194543541063982e-04, 2.382274723223115e-03, -3.138386987492928e-06, -2.424955979269256e-07
1215, 3.141592653589793e+00, 1.178097245096172e+00, 1.570796326794897e+00, -7.296844784286244e-04, -7.267764040310296e-12, -3.569800853779484e-03, -1.497094980725857e-06
1216, 3.534291735288517e+00, 1.178097245096172e+00, 1.570796326794897e+00, -4.194489093142034e-04, -2.382274736361859e-03, -3.138401075010577e-06, -2.424972661049566e-07
1217, 3.926990816987241e+00, 1.178097245096172e+00, 1.570796326794897e+00, -1.101979830700599e-04, 5.826579048778313e-11, 3.563575378609229e-03, 1.049792917869230e-06
1218, 4.319689898685965e+00, 1.178097245096172e+00, 1.570796326794897e+00, -4.194927207039329e-04, 2.382274842504815e-03, -3.138312635145569e-06, -2.424883926877021e-07
1219, 4.712388980384690e+00, 1.178097245096172e+00, 1.570796326794897e+00, -7.297642604105908e-04, 8.396320771928696e-11, -3.569800684490546e-03, -1.497077427860684e-06
1220, 5.105088062083414e+00, 1.178097245096172e+00, 1.570796326794897e+00, -4.195558303690645e-04, -2.382274689772599e-03, -3.138152262607435e-06, -2.424699947060433e-07
1221, 5.497787143782138e+00, 1.178097245096172e+00, 1.570796326794897e+00, -1.103129678677828e-04, 5.238971853764613e-11, 3.563575681434755e-03, 1.049828381433085e-06
1222, 5.890486225480862e+00, 1.178097245096172e+00, 1.570796326794897e+00, -4.195958873297559e-04, 2.382274788073899e-03, -3.137992869745316e-06, -2.424479411093706e-07
1223, 6.283185307179586e+00, 1.178097245096172e+00, 1.570796326794897e+00, -7.298399903182629e-04, 1.240011642882304e-12, -3.569800396120297e-03, -1.497037863952412e-06
1224, 0.000000000000000e+00, 1.570796326794897e+00, 1.570796326794897e+00, 6.493564480019155e-04, 1.898303010628696e-11, -9.791141076750179e-04, 4.120905706151155e-07
1225, 3.926990816987241e-01, 1.570796326794897e+00, 1.570796326794897e+00, 7.671024594527733e-04, -9.754208834976000e-04, -2.906795679387232e-06, 8.955676565661089e-07
1226, 7.853981633974483e-01, 1.570796326794897e+00, 1.570796326794897e+00, 8.844280725132682e-04, -1.206976173687831e-10, 9.733046723666046e-04, 1.387454451320797e-06
1227, 1.178097245096172e+00, 1.570796326794897e+00, 1.570796326794897e+00, 7.671930573051691e-04, 9.754206639407869e-04, -2.906953253207324e-06, 8.955588662196036e-07
1228, 1.570796326794897e+00, 1.570796326794897e+00, 1.570796326794897e+00, 6.495208411519045e-04, -1.734418673127665e-10, -9.791143820344845e-04, 4.120764324693444e-07
1229, 1.963495408493621e+00, 1.570796326794897e+00, 1.570796326794897e+00, 7.673244296300927e-04, -9.754209855028400e-04, -2.907141754050089e-06, 8.955523158459472e-07
1230, 2.356194490192345e+00, 1.570796326794897e+00, 1.570796326794897e+00, 8.846715186985194e-04, -1.279417598172056e-10, 9.733043186731527e-04, 1.387441676524232e-06
1231, 2.748893571891069e+00, 1.570796326794897e+00, 1.570796326794897e+00, 7.674215952169108e-04, 9.754207469805094e-04, -2.907266000575301e-06, 8.955499224553404e-07
1232, 3.141592653589793e+00, 1.570796326794897e+00, 1.570796326794897e+00, 6.497018836717077e-04, -1.484857626336044e-11, -9.791146195606522e-04, 4.120710110665249e-07
1233, 3.534291735288517e+00, 1.570796326794897e+00, 1.570796326794897e+00, 7.674328783266059e-04, -9.754207747010399e-04, -2.907281605724140e-06, 8.955495393114828e-07
1234, 3.926990816987241e+00, 1.570796326794897e+00, 1.570796326794897e+00, 8.846925766299889e-04, 1.059268395551125e-10, 9.733042886916423e-04, 1.387440829899497e-06
1235, 4.319689898685965e+00, 1.570796326794897e+00, 1.570796326794897e+00, 7.673524111043025e-04, 9.754209722916607e-04, -2.907183560714114e-06, 8.955508875972921e-07
1236, 4.712388980384690e+00, 1.570796326794897e+00, 1.570796326794897e+00, 6.495518676305896e-04, 1.711635784685603e-10, -9.791144316553518e-04, 4.120743534722431e-07
1237, 5.105088062083414e+00, 1.570796326794897e+00, 1.570796326794897e+00, 7.672226573745771e-04, -9.754206543984872e-04, -2.907004981986967e-06, 8.955562322561663e-07
1238, 5.497787143782138e+00, 1.570796326794897e+00, 1.570796326794897e+00, 8.844516881035625e-04, 1.415975381799327e-10, 9.733046263525584e-04, 1.387451659025939e-06
1239, 5.890486225480862e+00, 1.570796326794897e+00, 1.570796326794897e+00, 7.671159450899493e-04, 9.754209141237224e-04, -2.906825489381844e-06, 8.955655501170615e-07
1240, 6.283185307179586e+00, 1.570796326794897e+00, 1.570796326794897e+00, 6.493564480019155e-04, 1.898303010628696e-11, -9.791141076750179e-04, 4.120905706151155e-07
1241, 0.000000000000000e+00, 1.963495408493621e+00, 1.570796326794897e+00, 1.803978931328611e-03, 3.723265833661198e-11, -1.441178820890304e-04, 1.609351324884976e-06
1242, 3.926990816987241e-01, 1.963495408493621e+00, 1.570796326794897e+00, 1.786278724204824e-03, -2.118354247696606e-04, -2.293628186851980e-06, 1.545153049362930e-06
1243, 7.853981633974483e-01, 1.963495408493621e+00, 1.570796326794897e+00, 1.768664642142810e-03, -2.031183580221971e-10, 1.395300324694179e-04, 1.480385519137578e-06
1244, 1.178097245096172e+00, 1.963495408493621e+00, 1.570796326794897e+00, 1.786429913169224e-03, 2.118350611931333e-04, -2.293778756307387e-06, 1.545155666235252e-06
1245, 1.570796326794897e+00, 1.963495408493621e+00, 1.570796326794897e+00, 1.804248004344193e-03, -2.684098057181269e-10, -1.441181440211971e-04, 1.609357133088977e-06
1246, 1.963495408493621e+00, 1.963495408493621e+00, 1.570796326794897e+00, 1.786633638387491e-03, -2.118355615385643e-04, -2.293958210752359e-06, 1.545162996612735e-06
1247, 2.356194490192345e+00, 1.963495408493621e+00, 1.570796326794897e+00, 1.769043835408731e-03, -1.898510178767217e-10, 1.395296957381653e-04, 1.480398860065285e-06
1248, 2.748893571891069e+00, 1.963495408493621e+00, 1.570796326794897e+00, 1.786778383660580e-03, 2.118352044023318e-04, -2.294075992391350e-06, 1.545170224049328e-06
1249, 3.141592653589793e+00, 1.963495408493621e+00, 1.570796326794897e+00, 1.804520066617225e-03, -2.260231410047650e-11, -1.441183694263215e-04, 1.609369913050400e-06
1250, 3.534291735288517e+00, 1.963495408493621e+00, 1.570796326794897e+00, 1.786795639946406e-03, -2.118352470453995e-04, -2.294090769226399e-06, 1.545171129756914e-06
1251, 3.926990816987241e+00, 1.963495408493621e+00, 1.570796326794897e+00, 1.769076371079417e-03, 1.547103052952441e-10, 1.395296673330374e-04, 1.480400463744766e-06
1252, 4.319689898685965e+00, 1.963495408493621e+00, 1.570796326794897e+00, 1.786677636071676e-03, 2.118355383238039e-04, -2.293997870722851e-06, 1.545164934023433e-06
1253, 4.712388980384690e+00, 1.963495408493621e+00, 1.570796326794897e+00, 1.804298059930824e-03, 2.607726614602778e-10, -1.441181911782037e-04, 1.609358985075756e-06
1254, 5.105088062083414e+00, 1.963495408493621e+00, 1.570796326794897e+00, 1.786479365569550e-03, -2.118350505005427e-04, -2.293827991591060e-06, 1.545157089234753e-06
1255, 5.497787143782138e+00, 1.963495408493621e+00, 1.570796326794897e+00, 1.768705919514936e-03, 2.340349808136223e-10, 1.395299886520801e-04, 1.480386352622989e-06
1256, 5.890486225480862e+00, 1.963495408493621e+00, 1.570796326794897e+00, 1.786303645732384e-03, 2.118354771207896e-04, -2.293656546379442e-06, 1.545153341960783e-06
1257, 6.283185307179586e+00, 1.963495408493621e+00, 1.570796326794897e+00, 1.803978931328611e-03, 3.723265833661198e-11, -1.441178820890304e-04, 1.609351324884976e-06
1258, 0.000000000000000e+00, 2.356194490192345e+00, 1.570796326794897e+00, 2.585771501542866e-03, 5.319290232923044e-11, -8.626692605081181e-06, 2.044277145680324e-06
1259, 3.926990816987241e-01, 2.356194490192345e+00, 1.570796326794897e+00, 2.535203665234959e-03, -1.713231881671437e-05, -1.533784968232052e-06, 1.845596796792648e-06
1260, 7.853981633974483e-01, 2.356194490192345e+00, 1.570796326794897e+00, 2.484763224705612e-03, -2.755323451887839e-10, 5.559314079298636e-06, 1.646190767702116e-06
1261, 1.178097245096172e+00, 2.356194490192345e+00, 1.570796326794897e+00, 2.535408079897591e-03, 1.713182879622003e-05, -1.533905116183426e-06, 1.845609355958986e-06
1262, 1.570796326794897e+00, 2.356194490192345e+00, 1.570796326794897e+00, 2.586132484914494e-03, -3.516567354196694e-10, -8.626901575965809e-06, 2.044300309866052e-06
1263, 1.963495408493621e+00, 2.356194490192345e+00, 1.570796326794897e+00, 2.535675223937171e-03, -1.713248585201199e-05, -1.534048190764339e-06, 1.845628714990758e-06
1264, 2.356194490192345e+00, 2.356194490192345e+00, 1.570796326794897e+00, 2.485261403296538e-03, -2.439177134163601e-10, 5.559045661288800e-06, 1.646226741911089e-06
1265, 2.748893571891069e+00, 2.356194490192345e+00, 1.570796326794897e+00, 2.535861539436950e-03, 1.713202503302499e-05, -1.534141847840410e-06, 1.845644215881221e-06
1266, 3.141592653589793e+00, 2.356194490192345e+00, 1.570796326794897e+00, 2.586484129462397e-03, -2.936964114345698e-11, -8.627080932001266e-06, 2.044328767656540e-06
1267, 3.534291735288517e+00, 2.356194490192345e+00, 1.570796326794897e+00, 2.535884010152736e-03, -1.713208070751046e-05, -1.534153594074121e-06, 1.845646229067607e-06
1268, 3.926990816987241e+00, 2.356194490192345e+00, 1.570796326794897e+00, 2.485303965017226e-03, 1.972905212466863e-10, 5.559023069440621e-06, 1.646230453509623e-06
1269, 4.319689898685965e+00, 2.356194490192345e+00, 1.570796326794897e+00, 2.535733226318002e-03, 1.713245384600732e-05, -1.534079761754976e-06, 1.845633553699707e-06
1270, 4.712388980384690e+00, 2.356194490192345e+00, 1.570796326794897e+00, 2.586199199974919e-03, 3.392761889989222e-10, -8.626939148848668e-06, 2.044305561616559e-06
1271, 5.105088062083414e+00, 2.356194490192345e+00, 1.570796326794897e+00, 2.535474929247348e-03, -1.713181712213864e-05, -1.533944362811810e-06, 1.845614302106148e-06
1272, 5.497787143782138e+00, 2.356194490192345e+00, 1.570796326794897e+00, 2.484819981549070e-03, 3.152447152742759e-10, 5.559279161677409e-06, 1.646194760607979e-06
1273, 5.890486225480862e+00, 2.356194490192345e+00, 1.570796326794897e+00, 2.535238600849705e-03, 1.713239022776207e-05, -1.533807547373867e-06, 1.845599182737599e-06
1274, 6.283185307179586e+00, 2.356194490192345e+00, 1.570796326794897e+00, 2.585771501542866e-03, 5.319290232923044e-11, -8.626692605081181e-06, 2.044277145680324e-06
1275, 0.000000000000000e+00, 2.748893571891069e+00, 1.570796326794897e+00, 3.011768725558747e-03, 6.446111210809962e-11, -6.911222008353710e-07, 2.067473476177464e-06
1276, 3.926990816987241e-01, 2.748893571891069e+00, 1.570796326794897e+00, 2.983473111161811e-03, -5.741108915274253e-08, -7.582652315934581e-07, 1.956744327860772e-06
1277, 7.853981633974483e-01, 2.748893571891069e+00, 1.570796326794897e+00, 2.955262374135645e-03, -3.267367621469312e-10, -8.253046484780344e-07, 1.845899622221114e-06
1278, 1.178097245096172e+00, 2.748893571891069e+00, 1.570796326794897e+00, 2.983715162792433e-03, 5.683167112348286e-08, -7.583365212095579e-07, 1.956763846891179e-06
1279, 1.570796326794897e+00, 2.748893571891069e+00, 1.570796326794897e+00, 3.012194692985493e-03, -4.104926426256418e-10, -6.912461803215780e-07, 2.067508782331082e-06
1280, 1.963495408493621e+00, 2.748893571891069e+00, 1.570796326794897e+00, 2.984027124070232e-03, -5.759946069951612e-08, -7.584213797703288e-07, 1.956791604715865e-06
1281, 2.356194490192345e+00, 2.748893571891069e+00, 1.570796326794897e+00, 2.955844627229416e-03, -2.820401818245532e-10, -8.254638296293461e-07, 1.845951396799674e-06
1282, 2.748893571891069e+00, 2.748893571891069e+00, 1.570796326794897e+00, 2.984242759038268e-03, 5.706548865471024e-08, -7.584768422915966e-07, 1.956812853231823e-06
1283, 3.141592653589793e+00, 2.748893571891069e+00, 1.570796326794897e+00, 3.012602494765588e-03, -3.414426959357009e-11, -6.913524383167308e-07, 2.067548144339334e-06
1284, 3.534291735288517e+00, 2.748893571891069e+00, 1.570796326794897e+00, 2.984268909383689e-03, -5.713036153358286e-08, -7.584838119585809e-07, 1.956815635732747e-06
1285, 3.926990816987241e+00, 2.748893571891069e+00, 1.570796326794897e+00, 2.955894267199901e-03, 2.272934207242468e-10, -8.254772393337785e-07, 1.845956574263749e-06
1286, 4.319689898685965e+00, 2.748893571891069e+00, 1.570796326794897e+00, 2.984095019872508e-03, 5.756122653371349e-08, -7.584401277991212e-07, 1.956798464645179e-06
1287, 4.712388980384690e+00, 2.748893571891069e+00, 1.570796326794897e+00, 3.012273183905801e-03, 3.947443699252668e-10, -6.912685007678918e-07, 2.067516408410089e-06
1288, 5.105088062083414e+00, 2.748893571891069e+00, 1.570796326794897e+00, 2.983794312536513e-03, -5.681930277971220e-08, -7.583598377688393e-07, 1.956771259920636e-06
1289, 5.497787143782138e+00, 2.748893571891069e+00, 1.570796326794897e+00, 2.955330072942843e-03, 3.726814634737149e-10, -8.253253874069043e-07, 1.845905831350969e-06
1290, 5.890486225480862e+00, 2.748893571891069e+00, 1.570796326794897e+00, 2.983515120732354e-03, 5.749597970769055e-08, -7.582786355342997e-07, 1.956748182741750e-06
1291, 6.283185307179586e+00, 2.748893571891069e+00, 1.570796326794897e+00, 3.011768725558747e-03, 6.446111210809962e-11, -6.911222008353710e-07, 2.067473476177464e-06
1292, 0.000000000000000e+00, 3.141592653589793e+00, 1.570796326794897e+00, 3.131717522032326e-03, 6.935650486753325e-11, 7.838661711581593e-08, 1.982367313460906e-06
1293, 3.926990816987241e-01, 3.141592653589793e+00, 1.570796326794897e+00, 3.131745940236756e-03, -1.917521215703448e-10, 1.219566652669173e-10, 1.982352630347076e-06
1294, 7.853981633974483e-01, 3.141592653589793e+00, 1.570796326794897e+00, 3.131850107400732e-03, -3.489027579361310e-10, -7.814619302398760e-08, 1.982378835902443e-06
1295, 1.178097245096172e+00, 3.141592653589793e+00, 1.570796326794897e+00, 3.132004282626529e-03, -4.263544204308775e-10, 1.103835167301752e-10, 1.982375080540253e-06
1296, 1.570796326794897e+00, 3.141592653589793e+00, 1.570796326794897e+00, 3.132171607431841e-03, -4.359308301170948e-10, 7.836652661539733e-08, 1.982407728096180e-06
1297, 1.963495408493621e+00, 3.141592653589793e+00, 1.570796326794897e+00, 3.132335620883062e-03, -3.893115989389735e-10, 9.669273409188577e-11, 1.982406360309964e-06
1298, 2.356194490192345e+00, 3.141592653589793e+00, 1.570796326794897e+00, 3.132468710820249e-03, -2.984961447021069e-10, -7.817188968948780e-08, 1.982437237518807e-06
1299, 2.748893571891069e+00, 3.141592653589793e+00, 1.570796326794897e+00, 3.132563914686668e-03, -1.762538970167506e-10, 8.777360681356788e-11, 1.982430010312032e-06
1300, 3.141592653589793e+00, 3.141592653589793e+00, 1.570796326794897e+00, 3.132603666214148e-03, -3.621754924473111e-11, 7.834941605084153e-08, 1.982451650289396e-06
1301, 3.534291735288517e+00, 3.141592653589793e+00, 1.570796326794897e+00, 3.132591662982494e-03, 1.073858599274304e-10, 8.661558619399388e-11, 1.982433115772923e-06
1302, 3.926990816987241e+00, 3.141592653589793e+00, 1.570796326794897e+00, 3.132521425321555e-03, 2.402204642270457e-10, -7.817411768859150e-08, 1.982443030853239e-06
1303, 4.319689898685965e+00, 3.141592653589793e+00, 1.570796326794897e+00, 3.132407815214235e-03, 3.483682845053560e-10, 9.357784714306048e-11, 1.982414070831333e-06
1304, 4.712388980384690e+00, 3.141592653589793e+00, 1.570796326794897e+00, 3.132255215934722e-03, 4.187167881449500e-10, 7.836281802606394e-08, 1.982416356006753e-06
1305, 5.105088062083414e+00, 3.141592653589793e+00, 1.570796326794897e+00, 3.132088778323060e-03, 4.390247637553149e-10, 1.065085275299624e-10, 1.982383537956670e-06
1306, 5.497787143782138e+00, 3.141592653589793e+00, 1.570796326794897e+00, 3.131922561327044e-03, 3.975579469964524e-10, -7.814964140007420e-08, 1.982385986444046e-06
1307, 5.890486225480862e+00, 3.141592653589793e+00, 1.570796326794897e+00, 3.131791023392921e-03, 2.825012014346320e-10, 1.197262133014465e-10, 1.982357110770319e-06
1308, 6.283185307179586e+00, 3.141592653589793e+00, 1.570796326794897e+00, 3.131717522032326e-03, 6.935650486753325e-11, 7.838661711581593e-08, 1.982367313460906e-06
1309, 0.000000000000000e+00, 3.534291735288517e+00, 1.570796326794897e+00, 2.955044965344362e-03, 6.715496090952716e-11, 8.254952869472609e-07, 1.845868730965450e-06
1310, 3.926990816987241e-01, 3.534291735288517e+00, 1.570796326794897e+00, 2.983380612255455e-03, 5.704626688387686e-08, 7.584918940885509e-07, 1.956723525083601e-06
1311, 7.853981633974483e-01, 3.534291735288517e+00, 1.570796326794897e+00, 3.011803890708024e-03, -3.386571107430506e-10, 6.913784386798440e-07, 2.067463180955083e-06
1312, 1.178097245096172e+00, 3.534291735288517e+00, 1.570796326794897e+00, 2.983631418315893e-03, -5.764646138063345e-08, 7.585418013161895e-07, 1.956744432953562e-06
1313, 1.570796326794897e+00, 3.534291735288517e+00, 1.570796326794897e+00, 2.955486015525878e-03, -4.240860852984856e-10, 8.255821505966244e-07, 1.845906446889435e-06
1314, 1.963495408493621e+00, 3.534291735288517e+00, 1.570796326794897e+00, 2.983953736897913e-03, 5.685306973831167e-08, 7.586013664375231e-07, 1.956773829318354e-06
1315, 2.356194490192345e+00, 3.534291735288517e+00, 1.570796326794897e+00, 3.012405585136573e-03, -2.908139747611089e-10, 6.914901363047816e-07, 2.067518045873686e-06
1316, 2.748893571891069e+00, 3.534291735288517e+00, 1.570796326794897e+00, 2.984176124278552e-03, -5.740390352622649e-08, 7.586403244822805e-07, 1.956796191660186e-06
1317, 3.141592653589793e+00, 3.534291735288517e+00, 1.570796326794897e+00, 2.955906768932647e-03, -3.528243581350525e-11, 8.256567584728389e-07, 1.845947926282950e-06
1318, 3.534291735288517e+00, 3.534291735288517e+00, 1.570796326794897e+00, 2.984203151812789e-03, 5.733683766571978e-08, 7.586451482345148e-07, 1.956799128787098e-06
1319, 3.926990816987241e+00, 3.534291735288517e+00, 1.570796326794897e+00, 3.012456912714236e-03, 2.341307008479222e-10, 6.914994179123676e-07, 2.067523518058331e-06
1320, 4.319689898685965e+00, 3.534291735288517e+00, 1.570796326794897e+00, 2.984023991913342e-03, -5.689279022111271e-08, 7.586143442052814e-07, 1.956781096877604e-06
1321, 4.712388980384690e+00, 3.534291735288517e+00, 1.570796326794897e+00, 2.955567315117564e-03, 4.075328963484514e-10, 8.255976021685622e-07, 1.845914555781391e-06
1322, 5.105088062083414e+00, 3.534291735288517e+00, 1.570796326794897e+00, 2.983713502665672e-03, 5.765899258449553e-08, 7.585579411794058e-07, 1.956752354897931e-06
1323, 5.497787143782138e+00, 3.534291735288517e+00, 1.570796326794897e+00, 3.011874201232515e-03, 3.860852777162999e-10, 6.913927897154088e-07, 2.067469855877813e-06
1324, 5.890486225480862e+00, 3.534291735288517e+00, 1.570796326794897e+00, 2.983424311454461e-03, -5.695816062211295e-08, 7.585011642617166e-07, 1.956727694329235e-06
1325, 6.283185307179586e+00, 3.534291735288517e+00, 1.570796326794897e+00, 2.955044965344362e-03, 6.715496090952716e-11, 8.254952869472609e-07, 1.845868730965450e-06
1326, 0.000000000000000e+00, 3.926990816987241e+00, 1.570796326794897e+00, 2.484485541855579e-03, 5.818609278469726e-11, -5.559199992833037e-06, 1.646145615908450e-06
1327, 3.926990816987241e-01, 3.926990816987241e+00, 1.570796326794897e+00, 2.535031782623049e-03, 1.713200722640314e-05, 1.533962161556949e-06, 1.845558063598157e-06
1328, 7.853981633974483e-01, 3.926990816987241e+00, 1.570796326794897e+00, 2.585710508811876e-03, -2.975526887529874e-10, 8.626927973483366e-06, 2.044245599410578e-06
1329, 1.178097245096172e+00, 3.926990816987241e+00, 1.570796326794897e+00, 2.535252367762043e-03, -1.713253562555417e-05, 1.534065972758620e-06, 1.845573169462305e-06
1330, 1.570796326794897e+00, 3.926990816987241e+00, 1.570796326794897e+00, 2.484874383469558e-03, -3.767686118740809e-10, -5.559019381303081e-06, 1.646173202727461e-06
1331, 1.963495408493621e+00, 3.926990816987241e+00, 1.570796326794897e+00, 2.535538647633393e-03, 1.713183126230828e-05, 1.534189696931534e-06, 1.845595546502901e-06
1332, 2.356194490192345e+00, 3.926990816987241e+00, 1.570796326794897e+00, 2.586244612182654e-03, -2.601583311933967e-10, 8.627160045069180e-06, 2.044287268479261e-06
1333, 2.748893571891069e+00, 3.926990816987241e+00, 1.570796326794897e+00, 2.535737459261052e-03, -1.713232327691024e-05, 1.534270642946944e-06, 1.845613119950555e-06
1334, 3.141592653589793e+00, 3.926990816987241e+00, 1.570796326794897e+00, 2.485249987044607e-03, -3.147859483802947e-11, -5.558864362448795e-06, 1.646205591493855e-06
1335, 3.534291735288517e+00, 3.926990816987241e+00, 1.570796326794897e+00, 2.535761555330581e-03, 1.713226353924679e-05, 1.534280729440168e-06, 1.845615421920690e-06
1336, 3.926990816987241e+00, 3.926990816987241e+00, 1.570796326794897e+00, 2.586290300554001e-03, 2.099443433177663e-10, 8.627179445178727e-06, 2.044291529122346e-06
1337, 4.319689898685965e+00, 3.926990816987241e+00, 1.570796326794897e+00, 2.535601020242183e-03, -1.713186601935100e-05, 1.534216808928455e-06, 1.845601141410811e-06
1338, 4.712388980384690e+00, 3.926990816987241e+00, 1.570796326794897e+00, 2.484946300445873e-03, 3.628993961462563e-10, -5.558987112918977e-06, 1.646179345322589e-06
1339, 5.105088062083414e+00, 3.926990816987241e+00, 1.570796326794897e+00, 2.535324651863885e-03, 1.713254760068564e-05, 1.534099679439796e-06, 1.845579050132507e-06
1340, 5.497787143782138e+00, 3.926990816987241e+00, 1.570796326794897e+00, 2.585772103161480e-03, 3.400086962221626e-10, 8.626957957994903e-06, 2.044250446337820e-06
1341, 5.890486225480862e+00, 3.926990816987241e+00, 1.570796326794897e+00, 2.535069849151107e-03, -1.713192986113476e-05, 1.533981543179317e-06, 1.845561027405405e-06
1342, 6.283185307179586e+00, 3.926990816987241e+00, 1.570796326794897e+00, 2.484485541855579e-03, 5.818609278469726e-11, -5.559199992833037e-06, 1.646145615908450e-06
1343, 0.000000000000000e+00, 4.319689898685965e+00, 1.570796326794897e+00, 1.768359708196054e-03, 4.378580552530536e-11, -1.395300109969563e-04, 1.480333174420633e-06
1344, 3.926990816987241e-01, 4.319689898685965e+00, 1.570796326794897e+00, 1.786051957542911e-03, 2.118351928993574e-04, 2.293730216603647e-06, 1.545101762759967e-06
1345, 7.853981633974483e-01, 4.319689898685965e+00, 1.570796326794897e+00, 1.803836976737484e-03, -2.318584695139326e-10, 1.441180620360760e-04, 1.609302082848630e-06
1346, 1.178097245096172e+00, 4.319689898685965e+00, 1.570796326794897e+00, 1.786224243954760e-03, -2.118356065604089e-04, 2.293872063881446e-06, 1.545107655736723e-06
1347, 1.570796326794897e+00, 4.319689898685965e+00, 1.570796326794897e+00, 1.768665133430290e-03, -3.012069298381380e-10, -1.395297642327148e-04, 1.480344685999712e-06
1348, 1.963495408493621e+00, 4.319689898685965e+00, 1.570796326794897e+00, 1.786452970453443e-03, 2.118350443981632e-04, 2.294041046383343e-06, 1.545118909061632e-06
1349, 2.356194490192345e+00, 4.319689898685965e+00, 1.570796326794897e+00, 1.804263111954938e-03, -2.111495799076152e-10, 1.441183790738513e-04, 1.609322830245962e-06
1350, 2.748893571891069e+00, 4.319689898685965e+00, 1.570796326794897e+00, 1.786614093294607e-03, -2.118354423971162e-04, 2.294151786865438e-06, 1.545128884854084e-06
1351, 3.141592653589793e+00, 4.319689898685965e+00, 1.570796326794897e+00, 1.768968574046816e-03, -2.537044953862353e-11, -1.395295522267988e-04, 1.480362656374085e-06
1352, 3.534291735288517e+00, 4.319689898685965e+00, 1.570796326794897e+00, 1.786633483387976e-03, 2.118353944197266e-04, 2.294165637700988e-06, 1.545130174867571e-06
1353, 3.926990816987241e+00, 4.319689898685965e+00, 1.570796326794897e+00, 1.804299751908576e-03, 1.713009320538803e-10, 1.441184056967534e-04, 1.609325162281753e-06
1354, 4.319689898685965e+00, 4.319689898685965e+00, 1.570796326794897e+00, 1.786502703700170e-03, -2.118350712185654e-04, 2.294078219511768e-06, 1.545121843821552e-06
1355, 4.712388980384690e+00, 4.319689898685965e+00, 1.570796326794897e+00, 1.768722014214752e-03, 2.916226215929618e-10, -1.395297200270706e-04, 1.480347702021817e-06
1356, 5.105088062083414e+00, 4.319689898685965e+00, 1.570796326794897e+00, 1.786280825408743e-03, 2.118356176485640e-04, 2.293918221342294e-06, 1.545110286408773e-06
1357, 5.497787143782138e+00, 4.319689898685965e+00, 1.570796326794897e+00, 1.803884600229339e-03, 2.663677010724681e-10, 1.441181031124132e-04, 1.609304012183460e-06
1358, 5.890486225480862e+00, 4.319689898685965e+00, 1.570796326794897e+00, 1.786080988892866e-03, -2.118351327414544e-04, 2.293756795242391e-06, 1.545102798258689e-06
1359, 6.283185307179586e+00, 4.319689898685965e+00, 1.570796326794897e+00, 1.768359708196054e-03, 4.378580552530536e-11, -1.395300109969563e-04, 1.480333174420633e-06
1360, 0.000000000000000e+00, 4.712388980384690e+00, 1.570796326794897e+00, 8.841328161959653e-04, 2.612238004157614e-11, -9.733047468657494e-04, 1.387402971079006e-06
1361, 3.926990816987241e-01, 4.712388980384690e+00, 1.570796326794897e+00, 7.668534799888224e-04, 9.754207455974465e-04, 2.906806673036790e-06, 8.955110077818662e-07
1362, 7.853981633974483e-01, 4.712388980384690e+00, 1.570796326794897e+00, 6.491609111267900e-04, -1.516848212003324e-10, 9.791142042497665e-04, 4.120297803290198e-07
1363, 1.178097245096172e+00, 4.712388980384690e+00, 1.570796326794897e+00, 7.669668176506292e-04, -9.754210191843330e-04, 2.906964601970879e-06, 8.955056638479009e-07
1364, 1.570796326794897e+00, 4.712388980384690e+00, 1.570796326794897e+00, 8.843364270965851e-04, -2.089382383440878e-10, -9.733044719572822e-04, 1.387394873446264e-06
1365, 1.963495408493621e+00, 4.712388980384690e+00, 1.570796326794897e+00, 7.671252651600847e-04, 9.754206306836611e-04, 2.907153059984193e-06, 8.955033357252215e-07
1366, 2.356194490192345e+00, 4.712388980384690e+00, 1.570796326794897e+00, 6.494551798210647e-04, -1.511473236009858e-10, 9.791145578074941e-04, 4.120249743931392e-07
1367, 2.748893571891069e+00, 4.712388980384690e+00, 1.570796326794897e+00, 7.672402523606407e-04, -9.754209136370667e-04, 2.907276968589901e-06, 8.955039988956655e-07
1368, 3.141592653589793e+00, 4.712388980384690e+00, 1.570796326794897e+00, 8.845515796000069e-04, -1.786371080692754e-11, -9.733042348794764e-04, 1.387395187234581e-06
1369, 3.534291735288517e+00, 4.712388980384690e+00, 1.570796326794897e+00, 7.672538612167439e-04, 9.754208801013660e-04, 2.907292526874239e-06, 8.955040428043011e-07
1370, 3.926990816987241e+00, 4.712388980384690e+00, 1.570796326794897e+00, 6.494807111140156e-04, 1.239981681791521e-10, 9.791145876864476e-04, 4.120249351921374e-07
1371, 4.319689898685965e+00, 4.712388980384690e+00, 1.570796326794897e+00, 7.671594974304131e-04, -9.754206478187040e-04, 2.907194729971031e-06, 8.955030075437932e-07
1372, 4.712388980384690e+00, 4.712388980384690e+00, 1.570796326794897e+00, 8.843748896721753e-04, 2.045477229988734e-10, -9.733044224813923e-04, 1.387394062677397e-06
1373, 5.105088062083414e+00, 4.712388980384690e+00, 1.570796326794897e+00, 7.670041811706045e-04, 9.754210291628336e-04, 2.907016180736666e-06, 8.955043183792686e-07
1374, 5.497787143782138e+00, 4.712388980384690e+00, 1.570796326794897e+00, 6.491914357941223e-04, 1.764963112857164e-10, 9.791142501295793e-04, 4.120281330177942e-07
1375, 5.890486225480862e+00, 4.712388980384690e+00, 1.570796326794897e+00, 7.668714420131303e-04, -9.754207064785208e-04, 2.906836402400908e-06, 8.955096710957075e-07
1376, 6.283185307179586e+00, 4.712388980384690e+00, 1.570796326794897e+00, 8.841328161959653e-04, 2.612238004157614e-11, -9.733047468657494e-04, 1.387402971079006e-06
1377, 0.000000000000000e+00, 5.105088062083414e+00, 1.570796326794897e+00, -1.105692221602164e-04, 7.926263093730323e-12, -3.563575883395734e-03, 1.049792033795097e-06
1378, 3.926990816987241e-01, 5.105088062083414e+00, 1.570796326794897e+00, -4.198328720000375e-04, 2.382274733938980e-03, 3.137882082790318e-06, -2.424974193767290e-07
1379, 7.853981633974483e-01, 5.105088062083414e+00, 1.570796326794897e+00, -7.300528404617477e-04, -6.954731040465349e-11, 3.569800391358467e-03, -1.497102136748631e-06
1380, 1.178097245096172e+00, 5.105088062083414e+00, 1.570796326794897e+00, -4.197799364065728e-04, -2.382274863844242e-03, 3.138031212214477e-06, -2.425142517249988e-07
1381, 1.570796326794897e+00, 5.105088062083414e+00, 1.570796326794897e+00, -1.104700365229496e-04, -1.140109560838693e-10, -3.563575623180958e-03, 1.049763841491232e-06
1382, 1.963495408493621e+00, 5.105088062083414e+00, 1.570796326794897e+00, -4.196937892295156e-04, 2.382274653959275e-03, 3.138210535197311e-06, -2.425305988660838e-07
1383, 2.356194490192345e+00, 5.105088062083414e+00, 1.570796326794897e+00, -7.298942020869976e-04, -8.913301254288428e-11, 3.569800727446874e-03, -1.497133305166003e-06
1384, 2.748893571891069e+00, 5.105088062083414e+00, 1.570796326794897e+00, -4.196264655446399e-04, -2.382274818120069e-03, 3.138329030135309e-06, -2.425396281925819e-07
1385, 3.141592653589793e+00, 5.105088062083414e+00, 1.570796326794897e+00, -1.103460162164641e-04, -1.007702228081506e-11, -3.563575396621461e-03, 1.049745810233205e-06
1386, 3.534291735288517e+00, 5.105088062083414e+00, 1.570796326794897e+00, -4.196188517592596e-04, 2.382274799556459e-03, 3.138343971690805e-06, -2.425408877046806e-07
1387, 3.926990816987241e+00, 5.105088062083414e+00, 1.570796326794897e+00, -7.298801833252480e-04, 7.511984302250700e-11, 3.569800756118429e-03, -1.497135820416019e-06
1388, 4.319689898685965e+00, 5.105088062083414e+00, 1.570796326794897e+00, -4.196756013972037e-04, -2.382274661138456e-03, 3.138250477928222e-06, -2.425343226009218e-07
1389, 4.712388980384690e+00, 5.105088062083414e+00, 1.570796326794897e+00, -1.104506000447386e-04, 1.148673355211775e-10, -3.563575575862386e-03, 1.049759066860247e-06
1390, 5.105088062083414e+00, 5.105088062083414e+00, 1.570796326794897e+00, -4.197623782237528e-04, 2.382274872565202e-03, 3.138080352051126e-06, -2.425196973653913e-07
1391, 5.497787143782138e+00, 5.105088062083414e+00, 1.570796326794897e+00, -7.300399085938977e-04, 8.435915984619620e-11, 3.569800434910796e-03, -1.497107466442155e-06
1392, 5.890486225480862e+00, 5.105088062083414e+00, 1.570796326794897e+00, -4.198263047588535e-04, -2.382274716425732e-03, 3.137910308065517e-06, -2.425012080735997e-07
1393, 6.283185307179586e+00, 5.105088062083414e+00, 1.570796326794897e+00, -1.105692221602164e-04, 7.926263093730323e-12, -3.563575883395734e-03, 1.049792033795097e-06
1394, 0.000000000000000e+00, 5.497787143782138e+00, 1.570796326794897e+00, -1.159546624027929e-03, -7.878839833002579e-12, -8.283045073884611e-03, -7.335924196521201e-08
1395, 3.926990816987241e-01, 5.497787143782138e+00, 1.570796326794897e+00, -1.571835611924408e-03, 3.431309385049247e-03, 2.741751127264147e-06, -1.796702366579034e-06
1396, 7.853981633974483e-01, 5.497787143782138e+00, 1.570796326794897e+00, -1.984580181354321e-03, 1.477203869100844e-12, 8.288372874098594e-03, -3.459967129215918e-06
1397, 1.178097245096172e+00, 5.497787143782138e+00, 1.570796326794897e+00, -1.571834950696149e-03, -3.431309390249571e-03, 2.741867644799628e-06, -1.796729004017431e-06
1398, 1.570796326794897e+00, 5.497787143782138e+00, 1.570796326794897e+00, -1.159538103853495e-03, -3.074710102154796e-11, -8.283044869467945e-03, -7.340473379695965e-08
1399, 1.963495408493621e+00, 5.497787143782138e+00, 1.570796326794897e+00, -1.571812193579507e-03, 3.431309336784497e-03, 2.742010877242559e-06, -1.796757719791906e-06
1400, 2.356194490192345e+00, 5.497787143782138e+00, 1.570796326794897e+00, -1.984540283466824e-03, -3.441837375345182e-11, 8.288373141775674e-03, -3.460021476381769e-06
1401, 2.748893571891069e+00, 5.497787143782138e+00, 1.570796326794897e+00, -1.571786895504444e-03, -3.431309396254895e-03, 2.742106070647095e-06, -1.796775422447914e-06
1402, 3.141592653589793e+00, 5.497787143782138e+00, 1.570796326794897e+00, -1.159494355923334e-03, -3.185557116579723e-12, -8.283044687568571e-03, -7.343914050553160e-08
1403, 3.534291735288517e+00, 5.497787143782138e+00, 1.570796326794897e+00, -1.571784587829183e-03, 3.431309390944005e-03, 2.742118126229353e-06, -1.796777852109028e-06
1404, 3.926990816987241e+00, 5.497787143782138e+00, 1.570796326794897e+00, -1.984536451791753e-03, 3.202191695812741e-11, 8.288373164904122e-03, -3.460026212313826e-06
1405, 4.319689898685965e+00, 5.497787143782138e+00, 1.570796326794897e+00, -1.571808190092061e-03, -3.431309335216769e-03, 2.742043089507270e-06, -1.796764480138146e-06
1406, 4.712388980384690e+00, 5.497787143782138e+00, 1.570796326794897e+00, -1.159535447700377e-03, 3.607352101783855e-11, -8.283044831388952e-03, -7.341303009689494e-08
1407, 5.105088062083414e+00, 5.497787143782138e+00, 1.570796326794897e+00, -1.571834778680491e-03, 3.431309397596234e-03, 2.741906934002976e-06, -1.796738047852902e-06
1408, 5.497787143782138e+00, 5.497787143782138e+00, 1.570796326794897e+00, -1.984582594198608e-03, 4.377285572366773e-12, 8.288372908515914e-03, -3.459975640566970e-06
1409, 5.890486225480862e+00, 5.497787143782138e+00, 1.570796326794897e+00, -1.571838938851606e-03, -3.431309386318371e-03, 2.741773165812096e-06, -1.796708255761705e-06
1410, 6.283185307179586e+00, 5.497787143782138e+00, 1.570796326794897e+00, -1.159546624027929e-03, -7.878839833002579e-12, -8.283045073884611e-03, -7.335924196521201e-08
1411, 0.000000000000000e+00, 5.890486225480862e+00, 1.570796326794897e+00, -2.121443439545332e-03, -1.862227493118512e-11, -1.336314703063095e-02, -2.035103052065572e-06
1412, 3.926990816987241e-01, 5.890486225480862e+00, 1.570796326794897e+00, -2.420420927073218e-03, 2.657993713205627e-03, 1.626071695254184e-06, -3.273275845538056e-06
1413, 7.853981633974483e-01, 5.890486225480862e+00, 1.570796326794897e+00, -2.719691223583058e-03, 5.012202839101002e-11, 1.336622123421711e-02, -4.490265582226779e-06
1414, 1.178097245096172e+00, 5.890486225480862e+00, 1.570796326794897e+00, -2.420456166488257e-03, -2.657993632431502e-03, 1.626137813244300e-06, -3.273308915333115e-06
1415, 1.570796326794897e+00, 5.890486225480862e+00, 1.570796326794897e+00, -2.121497577497562e-03, 2.843362674418262e-11, -1.336314691438077e-02, -2.035160115025515e-06
1416, 1.963495408493621e+00, 5.890486225480862e+00, 1.570796326794897e+00, -2.420478393556008e-03, 2.657993689683523e-03, 1.626223520936545e-06, -3.273346496312977e-06
1417, 2.356194490192345e+00, 5.890486225480862e+00, 1.570796326794897e+00, -2.719735261976616e-03, 4.625739584097941e-12, 1.336622139359079e-02, -4.490336390997216e-06
1418, 2.748893571891069e+00, 5.890486225480862e+00, 1.570796326794897e+00, -2.420483068198895e-03, -2.657993674489208e-03, 1.626280675198073e-06, -3.273370535571248e-06
1419, 3.141592653589793e+00, 5.890486225480862e+00, 1.570796326794897e+00, -2.121511046617632e-03, 1.747349735902875e-12, -1.336314680516607e-02, -2.035206453208100e-06
1420, 3.534291735288517e+00, 5.890486225480862e+00, 1.570796326794897e+00, -2.420484560326124e-03, 2.657993678672991e-03, 1.626287954539037e-06, -3.273373819469449e-06
1421, 3.926990816987241e+00, 5.890486225480862e+00, 1.570796326794897e+00, -2.719738728434647e-03, 1.313100530402257e-12, 1.336622140756678e-02, -4.490342748682164e-06
1422, 4.319689898685965e+00, 5.890486225480862e+00, 1.570796326794897e+00, -2.420484554177672e-03, -2.657993681848021e-03, 1.626243012805563e-06, -3.273355473951331e-06
1423, 4.712388980384690e+00, 5.890486225480862e+00, 1.570796326794897e+00, -2.121506929671910e-03, -1.999772455642473e-11, -1.336314689134205e-02, -2.035170967923297e-06
1424, 5.105088062083414e+00, 5.890486225480862e+00, 1.570796326794897e+00, -2.420468360161423e-03, 2.657993638446860e-03, 1.626161450977620e-06, -3.273320515791238e-06
1425, 5.497787143782138e+00, 5.890486225480862e+00, 1.570796326794897e+00, -2.719704372958063e-03, -5.121722965559163e-11, 1.336622125443901e-02, -4.490276247410671e-06
1426, 5.890486225480862e+00, 5.890486225480862e+00, 1.570796326794897e+00, -2.420430979585109e-03, -2.657993727569183e-03, 1.626083582760292e-06, -3.273283051598114e-06
1427, 6.283185307179586e+00, 5.890486225480862e+00, 1.570796326794897e+00, -2.121443439545332e-03, -1.862227493118512e-11, -1.336314703063095e-02, -2.035103052065572e-06
1428, 0.000000000000000e+00, 6.283185307179586e+00, 1.570796326794897e+00, -2.733780308038715e-03, -2.053330111152143e-11, -1.560837009471444e-02, -3.908686619944088e-06
1429, 3.926990816987241e-01, 6.283185307179586e+00, 1.570796326794897e+00, -2.733414756443505e-03, 4.434621273438160e-11, -1.428538127122884e-10, -3.898982283788312e-06
1430, 7.853981633974483e-01, 6.283185307179586e+00, 1.570796326794897e+00, -2.733808613325455e-03, 7.006103355707798e-11, 1.560836981518925e-02, -3.908705648880174e-06
1431, 1.178097245096172e+00, 6.283185307179586e+00, 1.570796326794897e+00, -2.733464656653750e-03, 6.897142135699007e-11, -1.316649673359841e-10, -3.899017695730227e-06
1432, 1.570796326794897e+00, 6.283185307179586e+00, 1.570796326794897e+00, -2.733859958934388e-03, 5.455973997747114e-11, -1.560837007796306e-02, -3.908747550999542e-06
1433, 1.963495408493621e+00, 6.283185307179586e+00, 1.570796326794897e+00, -2.733506612973008e-03, 3.694491001233682e-11, -1.174923781217507e-10, -3.899059238816225e-06
1434, 2.356194490192345e+00, 6.283185307179586e+00, 1.570796326794897e+00, -2.733889246202515e-03, 2.180112843413507e-11, 1.560836984171955e-02, -3.908783715404875e-06
1435, 2.748893571891069e+00, 6.283185307179586e+00, 1.570796326794897e+00, -2.733524435023193e-03, 1.112217824336269e-11, -1.080567132259376e-10, -3.899086179644540e-06
1436, 3.141592653589793e+00, 6.283185307179586e+00, 1.570796326794897e+00, -2.733898540783489e-03, 3.934357003183663e-12, -1.560837005990284e-02, -3.908799335445136e-06
1437, 3.534291735288517e+00, 6.283185307179586e+00, 1.570796326794897e+00, -2.733527607710437e-03, -2.721285313121293e-12, -1.068113914876106e-10, -3.899089853546144e-06
1438, 3.926990816987241e+00, 6.283185307179586e+00, 1.570796326794897e+00, -2.733895944488061e-03, -1.214136137424555e-11, 1.560836984411878e-02, -3.908790814184069e-06
1439, 4.319689898685965e+00, 6.283185307179586e+00, 1.570796326794897e+00, -2.733517284487002e-03, -2.627797527527769e-11, -1.141219951647939e-10, -3.899069232788079e-06
1440, 4.712388980384690e+00, 6.283185307179586e+00, 1.570796326794897e+00, -2.733874654004449e-03, -4.467573170156649e-11, -1.560837007396042e-02, -3.908759572351542e-06
1441, 5.105088062083414e+00, 6.283185307179586e+00, 1.570796326794897e+00, -2.733482347713554e-03, -6.362979135320768e-11, -1.275059073810007e-10, -3.899030436484643e-06
1442, 5.497787143782138e+00, 6.283185307179586e+00, 1.570796326794897e+00, -2.733826421444965e-03, -7.513031892488864e-11, 1.560836981890904e-02, -3.908717187364602e-06
1443, 5.890486225480862e+00, 6.283185307179586e+00, 1.570796326794897e+00, -2.733427348690578e-03, -6.662061653691495e-11, -1.404322355666639e-10, -3.898989824660949e-06
1444, 6.283185307179586e+00, 6.283185307179586e+00, 1.570796326794897e+00, -2.733780308038715e-03, -2.053330111152143e-11, -1.560837009471444e-02, -3.908686619944088e-06
1445, 0.000000000000000e+00, 0.000000000000000e+00, 1.963495408493621e+00, -1.458954049544866e-03, -1.608268373350315e-11, -2.266793779938469e-03, -2.632350777309272e-06
1446, 3.926990816987241e-01, 0.000000000000000e+00, 1.963495408493621e+00, -1.459899364690831e-03, 3.372737225226289e-11, -1.293715378371151e-10, -2.641436314946933e-06
1447, 7.853981633974483e-01, 0.000000000000000e+00, 1.963495408493621e+00, -1.458975173994288e-03, 5.134764130937765e-11, 2.266793526590388e-03, -2.632369031870633e-06
1448, 1.178097245096172e+00, 0.000000000000000e+00, 1.963495408493621e+00, -1.459935593987065e-03, 4.747906232557595e-11, -1.190474805976820e-10, -2.641470478408898e-06
1449, 1.570796326794897e+00, 0.000000000000000e+00, 1.963495408493621e+00, -1.459010379126477e-03, 3.375642767453794e-11, -2.266793764064980e-03, -2.632409260604861e-06
1450, 1.963495408493621e+00, 0.000000000000000e+00, 1.963495408493621e+00, -1.459961708438330e-03, 1.914770929917786e-11, -1.057780670062822e-10, -2.641509617576912e-06
1451, 2.356194490192345e+00, 0.000000000000000e+00, 1.963495408493621e+00, -1.459026015281036e-03, 8.623792607435234e-12, 2.266793551298968e-03, -2.632442681450357e-06
1452, 2.748893571891069e+00, 0.000000000000000e+00, 1.963495408493621e+00, -1.459969380701393e-03, 3.468599394346769e-12, -9.705948064873025e-11, -2.641534406727889e-06
1453, 3.141592653589793e+00, 0.000000000000000e+00, 1.963495408493621e+00, -1.459029400054220e-03, 2.145497714955410e-12, -2.266793747347225e-03, -2.632457157304250e-06
1454, 3.534291735288517e+00, 0.000000000000000e+00, 1.963495408493621e+00, -1.459971172458124e-03, 1.462584645370505e-12, -9.591713669927418e-11, -2.641537771702361e-06
1455, 3.926990816987241e+00, 0.000000000000000e+00, 1.963495408493621e+00, -1.459030039671386e-03, -2.093419739588570e-12, 2.266793553503213e-03, -2.632449211115800e-06
1456, 4.319689898685965e+00, 0.000000000000000e+00, 1.963495408493621e+00, -1.459968601620530e-03, -1.099109328449698e-11, -1.026799315163127e-10, -2.641518877419493e-06
1457, 4.712388980384690e+00, 0.000000000000000e+00, 1.963495408493621e+00, -1.459020507084032e-03, -2.539366563652640e-11, -2.266793760356396e-03, -2.632420504170531e-06
1458, 5.105088062083414e+00, 0.000000000000000e+00, 1.963495408493621e+00, -1.459948421539004e-03, -4.213001615056177e-11, -1.151526111494255e-10, -2.641482503121356e-06
1459, 5.497787143782138e+00, 0.000000000000000e+00, 1.963495408493621e+00, -1.458988569405533e-03, -5.407425313340360e-11, 2.266793530079449e-03, -2.632379964754781e-06
1460, 5.890486225480862e+00, 0.000000000000000e+00, 1.963495408493621e+00, -1.459909079532011e-03, -5.038525999815242e-11, -1.270990598191307e-10, -2.641443436871025e-06
1461, 6.283185307179586e+00, 0.000000000000000e+00, 1.963495408493621e+00, -1.458954049544866e-03, -1.608268373350315e-11, -2.266793779938469e-03, -2.632350777309272e-06
1462, 0.000000000000000e+00, 3.926990816987241e-01, 1.963495408493621e+00, -1.348506261640647e-03, -1.676994079132986e-11, -1.941652813943399e-03, -2.658514688580600e-06
1463, 3.926990816987241e-01, 3.926990816987241e-01, 1.963495408493621e+00, -1.321342285761864e-03, -3.859430594179087e-04, -7.183462732242971e-07, -2.353392180843997e-06
1464, 7.853981633974483e-01, 3.926990816987241e-01, 1.963495408493621e+00, -1.296705184528713e-03, 4.324819856060746e-11, 1.940235330514851e-03, -2.065734460055391e-06
1465, 1.178097245096172e+00, 3.926990816987241e-01, 1.963495408493621e+00, -1.321372534586660e-03, 3.859431278619583e-04, -7.183885138380474e-07, -2.353425187597914e-06
1466, 1.570796326794897e+00, 3.926990816987241e-01, 1.963495408493621e+00, -1.348551905386261e-03, 2.268092469423090e-11, -1.941652886746658e-03, -2.658571326391580e-06
1467, 1.963495408493621e+00, 3.926990816987241e-01, 1.963495408493621e+00, -1.321390317406218e-03, -3.859430817977198e-04, -7.184439617284603e-07, -2.353462358411401e-06
1468, 2.356194490192345e+00, 3.926990816987241e-01, 1.963495408493621e+00, -1.296740625672620e-03, 1.372846204072877e-12, 1.940235227524902e-03, -2.065804528237405e-06
1469, 2.748893571891069e+00, 3.926990816987241e-01, 1.963495408493621e+00, -1.321392441423922e-03, 3.859430905206435e-04, -7.184808185465173e-07, -2.353485815589625e-06
1470, 3.141592653589793e+00, 3.926990816987241e-01, 1.963495408493621e+00, -1.348560331865113e-03, 1.251756438344344e-12, -1.941652957139668e-03, -2.658616682351375e-06
1471, 3.534291735288517e+00, 3.926990816987241e-01, 1.963495408493621e+00, -1.321393548851441e-03, -3.859430873097283e-04, -7.184854238844798e-07, -2.353489003634135e-06
1472, 3.926990816987241e+00, 3.926990816987241e-01, 1.963495408493621e+00, -1.296743335902292e-03, 3.646051236602487e-12, 1.940235218671377e-03, -2.065810719111601e-06
1473, 4.319689898685965e+00, 3.926990816987241e-01, 1.963495408493621e+00, -1.321395382273709e-03, 3.859430888188408e-04, -7.184562981045606e-07, -2.353471148121409e-06
1474, 4.712388980384690e+00, 3.926990816987241e-01, 1.963495408493621e+00, -1.348559882508406e-03, -1.485444184103304e-11, -1.941652901308260e-03, -2.658582017490721e-06
1475, 5.105088062083414e+00, 3.926990816987241e-01, 1.963495408493621e+00, -1.321383187325947e-03, -3.859431220800211e-04, -7.184034095803170e-07, -2.353436659728143e-06
1476, 5.497787143782138e+00, 3.926990816987241e-01, 1.963495408493621e+00, -1.296716841627421e-03, -4.388495951767790e-11, 1.940235317952150e-03, -2.065744985168888e-06
1477, 5.890486225480862e+00, 3.926990816987241e-01, 1.963495408493621e+00, -1.321351274476172e-03, 3.859430467212052e-04, -7.183533465981482e-07, -2.353399225583581e-06
1478, 6.283185307179586e+00, 3.926990816987241e-01, 1.963495408493621e+00, -1.348506261640647e-03, -1.676994079132986e-11, -1.941652813943399e-03, -2.658514688580600e-06
1479, 0.000000000000000e+00, 7.853981633974483e-01, 1.963495408493621e+00, -9.461279421815396e-04, -9.001216445396148e-12, -1.204708749094749e-03, -2.011771261305312e-06
1480, 3.926990816987241e-01, 7.853981633974483e-01, 1.963495408493621e+00, -9.070249762016748e-04, -4.982229427543846e-04, -1.404109950856041e-06, -1.574558215740781e-06
1481, 7.853981633974483e-01, 7.853981633974483e-01, 1.963495408493621e+00, -8.748645904414748e-04, 7.345726175237197e-12, 1.201906189980800e-03, -1.187737765216216e-06
1482, 1.178097245096172e+00, 7.853981633974483e-01, 1.963495408493621e+00, -9.070287577579342e-04, 4.982229482673724e-04, -1.404202418576668e-06, -1.574586190935765e-06
1483, 1.570796326794897e+00, 7.853981633974483e-01, 1.963495408493621e+00, -9.461275631365729e-04, -2.134298665559402e-11, -1.204708910943190e-03, -2.011819014629133e-06
1484, 1.963495408493621e+00, 7.853981633974483e-01, 1.963495408493621e+00, -9.070131050237707e-04, -4.982229844594485e-04, -1.404317103863390e-06, -1.574616516022709e-06
1485, 2.356194490192345e+00, 7.853981633974483e-01, 1.963495408493621e+00, -8.748377073897233e-04, -2.753698703355194e-11, 1.201905975755645e-03, -1.187795137612248e-06
1486, 2.748893571891069e+00, 7.853981633974483e-01, 1.963495408493621e+00, -9.069930224281388e-04, 4.982229378340554e-04, -1.404393186281226e-06, -1.574635266459257e-06
1487, 3.141592653589793e+00, 7.853981633974483e-01, 1.963495408493621e+00, -9.460935731181525e-04, -2.356229754416248e-12, -1.204709056260154e-03, -2.011855435215407e-06
1488, 3.534291735288517e+00, 7.853981633974483e-01, 1.963495408493621e+00, -9.069913508942812e-04, -4.982229415689505e-04, -1.404402711711731e-06, -1.574637823245340e-06
1489, 3.926990816987241e+00, 7.853981633974483e-01, 1.963495408493621e+00, -8.748350777652974e-04, 2.645151359306825e-11, 1.201905957452156e-03, -1.187800122379968e-06
1490, 4.319689898685965e+00, 7.853981633974483e-01, 1.963495408493621e+00, -9.070107299790248e-04, 4.982229868852304e-04, -1.404342604741195e-06, -1.574623639244794e-06
1491, 4.712388980384690e+00, 7.853981633974483e-01, 1.963495408493621e+00, -9.461267517084138e-04, 2.690764848456595e-11, -1.204708941092413e-03, -2.011827756630524e-06
1492, 5.105088062083414e+00, 7.853981633974483e-01, 1.963495408493621e+00, -9.070303739829247e-04, -4.982229414467620e-04, -1.404233542452890e-06, -1.574595685609851e-06
1493, 5.497787143782138e+00, 7.853981633974483e-01, 1.963495408493621e+00, -8.748684319989703e-04, -2.814606955044247e-12, 1.201906162752364e-03, -1.187746618928702e-06
1494, 5.890486225480862e+00, 7.853981633974483e-01, 1.963495408493621e+00, -9.070290995795358e-04, 4.982229395902992e-04, -1.404127321871675e-06, -1.574564255965872e-06
1495, 6.283185307179586e+00, 7.853981633974483e-01, 1.963495408493621e+00, -9.461279421815396e-04, -9.001216445396148e-12, -1.204708749094749e-03, -2.011771261305312e-06
1496, 0.000000000000000e+00, 1.178097245096172e+00, 1.963495408493621e+00, -2.864698649697480e-04, 4.173800514544453e-12, -5.198480478211267e-04, -8.802564209592618e-07
1497, 3.926990816987241e-01, 1.178097245096172e+00, 1.963495408493621e+00, -2.576258932558326e-04, -3.458980109496818e-04, -1.891745005621628e-06, -5.501349210012337e-07
1498, 7.853981633974483e-01, 1.178097245096172e+00, 1.963495408493621e+00, -2.333866368345576e-04, -5.194829443654997e-11, 5.160551266785381e-04, -2.502717293333049e-07
1499, 1.178097245096172e+00, 1.178097245096172e+00, 1.963495408493621e+00, -2.575859986846359e-04, 3.458979123314420e-04, -1.891874506846838e-06, -5.501544732411093e-07
1500, 1.570796326794897e+00, 1.178097245096172e+00, 1.963495408493621e+00, -2.863936947831008e-04, -9.142243827236958e-11, -5.198482738985351e-04, -8.802894163374810e-07
1501, 1.963495408493621e+00, 1.178097245096172e+00, 1.963495408493621e+00, -2.575170272073829e-04, -3.458980800022517e-04, -1.892031064802851e-06, -5.501743466999979e-07
1502, 2.356194490192345e+00, 1.178097245096172e+00, 1.963495408493621e+00, -2.332599837122292e-04, -7.346290009985842e-11, 5.160548333744289e-04, -2.503095202933175e-07
1503, 2.748893571891069e+00, 1.178097245096172e+00, 1.963495408493621e+00, -2.574616622124683e-04, 3.458979454486203e-04, -1.892134444794856e-06, -5.501859636177429e-07
1504, 3.141592653589793e+00, 1.178097245096172e+00, 1.963495408493621e+00, -2.862922847200104e-04, -8.089640387444656e-12, -5.198484714966629e-04, -8.803122867847921e-07
1505, 3.534291735288517e+00, 1.178097245096172e+00, 1.963495408493621e+00, -2.574555748064335e-04, -3.458979602176310e-04, -1.892147377306362e-06, -5.501875625302335e-07
1506, 3.926990816987241e+00, 1.178097245096172e+00, 1.963495408493621e+00, -2.332488702268491e-04, 6.268461166577163e-11, 5.160548085249219e-04, -2.503126759757103e-07
1507, 4.319689898685965e+00, 1.178097245096172e+00, 1.963495408493621e+00, -2.575028282169787e-04, 3.458980751066013e-04, -1.892065709181694e-06, -5.501789418723739e-07
1508, 4.712388980384690e+00, 1.178097245096172e+00, 1.963495408493621e+00, -2.863788846341167e-04, 9.323471524277920e-11, -5.198483149619689e-04, -8.802951892054698e-07
1509, 5.105088062083414e+00, 1.178097245096172e+00, 1.963495408493621e+00, -2.575731086680177e-04, -3.458979043513182e-04, -1.891917176014453e-06, -5.501609057818566e-07
1510, 5.497787143782138e+00, 1.178097245096172e+00, 1.963495408493621e+00, -2.333776851675459e-04, 6.399800040703877e-11, 5.160550888781961e-04, -2.502778786328288e-07
1511, 5.890486225480862e+00, 1.178097245096172e+00, 1.963495408493621e+00, -2.576217802751027e-04, 3.458980234563075e-04, -1.891769452130814e-06, -5.501392020049858e-07
1512, 6.283185307179586e+00, 1.178097245096172e+00, 1.963495408493621e+00, -2.864698649697480e-04, 4.173800514544453e-12, -5.198480478211267e-04, -8.802564209592618e-07
1513, 0.000000000000000e+00, 1.570796326794897e+00, 1.963495408493621e+00, 5.034735834931963e-04, 2.045822441356732e-11, -1.437656428131610e-04, 2.888063900198992e-07
1514, 3.926990816987241e-01, 1.570796326794897e+00, 1.963495408493621e+00, 5.138587826192403e-04, -1.416289038950664e-04, -2.019228299759915e-06, 4.183288494065274e-07
1515, 7.853981633974483e-01, 1.570796326794897e+00, 1.963495408493621e+00, 5.231428509425713e-04, -1.256497865499623e-10, 1.397205294949346e-04, 5.417491836454231e-07
1516, 1.178097245096172e+00, 1.570796326794897e+00, 1.963495408493621e+00, 5.139529005607810e-04, 1.416286762396086e-04, -2.019374455750073e-06, 4.183197809501597e-07
1517, 1.570796326794897e+00, 1.570796326794897e+00, 1.963495408493621e+00, 5.036435840314871e-04, -1.769952755575279e-10, -1.437658973471607e-04, 2.887916063279275e-07
1518, 1.963495408493621e+00, 1.570796326794897e+00, 1.963495408493621e+00, 5.140870341949587e-04, -1.416290048102426e-04, -2.019549322017253e-06, 4.183123531594509e-07
1519, 2.356194490192345e+00, 1.570796326794897e+00, 1.963495408493621e+00, 5.233916552413965e-04, -1.293042227406169e-10, 1.397202015401160e-04, 5.417348293820586e-07
1520, 2.748893571891069e+00, 1.570796326794897e+00, 1.963495408493621e+00, 5.141853145650858e-04, 1.416287632742644e-04, -2.019664235586951e-06, 4.183091266652588e-07
1521, 3.141592653589793e+00, 1.570796326794897e+00, 1.963495408493621e+00, 5.038270672719086e-04, -1.505452745655272e-11, -1.437661172018911e-04, 2.887847065019354e-07
1522, 3.534291735288517e+00, 1.570796326794897e+00, 1.963495408493621e+00, 5.141967671385566e-04, -1.416287914492559e-04, -2.019678591940526e-06, 4.183086537176322e-07
1523, 3.926990816987241e+00, 1.570796326794897e+00, 1.963495408493621e+00, 5.234130792173785e-04, 1.067351003446876e-10, 1.397201739433303e-04, 5.417338250318661e-07
1524, 4.319689898685965e+00, 1.570796326794897e+00, 1.963495408493621e+00, 5.141156167331600e-04, 1.416289909524168e-04, -2.019587841904724e-06, 4.183107383064379e-07
1525, 4.712388980384690e+00, 1.570796326794897e+00, 1.963495408493621e+00, 5.036754648978322e-04, 1.740727717846453e-10, -1.437659431100671e-04, 2.887893549853265e-07
1526, 5.105088062083414e+00, 1.570796326794897e+00, 1.963495408493621e+00, 5.139835633994135e-04, -1.416286671175495e-04, -2.019422171629094e-06, 4.183170240527223e-07
1527, 5.497787143782138e+00, 1.570796326794897e+00, 1.963495408493621e+00, 5.231675777306619e-04, 1.467244102729749e-10, 1.397204870835175e-04, 5.417463362786371e-07
1528, 5.890486225480862e+00, 1.570796326794897e+00, 1.963495408493621e+00, 5.138730975190078e-04, 1.416289357918256e-04, -2.019255735115260e-06, 4.183267453873371e-07
1529, 6.283185307179586e+00, 1.570796326794897e+00, 1.963495408493621e+00, 5.034735834931963e-04, 2.045822441356732e-11, -1.437656428131610e-04, 2.888063900198992e-07
1530, 0.000000000000000e+00, 1.963495408493621e+00, 1.963495408493621e+00, 1.263255547882279e-03, 3.722999076835269e-11, -2.236515745381523e-05, 1.146590068993669e-06
1531, 3.926990816987241e-01, 1.963495408493621e+00, 1.963495408493621e+00, 1.261537621641605e-03, -3.076744541272639e-05, -1.781467315213171e-06, 1.135878229794945e-06
1532, 7.853981633974483e-01, 1.963495408493621e+00, 1.963495408493621e+00, 1.259940780333153e-03, -2.021100703484278e-10, 1.880129206283767e-05, 1.125670902200001e-06
1533, 1.178097245096172e+00, 1.963495408493621e+00, 1.963495408493621e+00, 1.261687959391821e-03, 3.076708414459726e-05, -1.781607056074564e-06, 1.135879982464899e-06
1534, 1.570796326794897e+00, 1.963495408493621e+00, 1.963495408493621e+00, 1.263522699922048e-03, -2.651549183899864e-10, -2.236540059991111e-05, 1.146594000163388e-06
1535, 1.963495408493621e+00, 1.963495408493621e+00, 1.963495408493621e+00, 1.261889241803521e-03, -3.076757859740659e-05, -1.781773691005822e-06, 1.135885164972323e-06
1536, 2.356194490192345e+00, 1.963495408493621e+00, 1.963495408493621e+00, 1.260315527238794e-03, -1.865899411191496e-10, 1.880097950179335e-05, 1.125680335231556e-06
1537, 2.748893571891069e+00, 1.963495408493621e+00, 1.963495408493621e+00, 1.262031565155719e-03, 3.076722721758307e-05, -1.781882798579891e-06, 1.135890341951613e-06
1538, 3.141592653589793e+00, 1.963495408493621e+00, 1.963495408493621e+00, 1.263790483983354e-03, -2.219172252965125e-11, -2.236560951690472e-05, 1.146603133214277e-06
1539, 3.534291735288517e+00, 1.963495408493621e+00, 1.963495408493621e+00, 1.262048517044198e-03, -3.076726913697197e-05, -1.781896414481916e-06, 1.135890995038536e-06
1540, 3.926990816987241e+00, 1.963495408493621e+00, 1.963495408493621e+00, 1.260347525313220e-03, 1.519073393484394e-10, 1.880095331296745e-05, 1.125681485293302e-06
1541, 4.319689898685965e+00, 1.963495408493621e+00, 1.963495408493621e+00, 1.261932592259488e-03, 3.076755548061038e-05, -1.781810285845870e-06, 1.135886543608336e-06
1542, 4.712388980384690e+00, 1.963495408493621e+00, 1.963495408493621e+00, 1.263572139446321e-03, 2.572644530182620e-10, -2.236544413978788e-05, 1.146595304271907e-06
1543, 5.105088062083414e+00, 1.963495408493621e+00, 1.963495408493621e+00, 1.261736942792030e-03, -3.076707394250708e-05, -1.781652513126327e-06, 1.135880962187290e-06
1544, 5.497787143782138e+00, 1.963495408493621e+00, 1.963495408493621e+00, 1.259981792695823e-03, 2.324786382170710e-10, 1.880125164768880e-05, 1.125671431662544e-06
1545, 5.890486225480862e+00, 1.963495408493621e+00, 1.963495408493621e+00, 1.261562463653267e-03, 3.076749736485317e-05, -1.781493427086970e-06, 1.135878356159014e-06
1546, 6.283185307179586e+00, 1.963495408493621e+00, 1.963495408493621e+00, 1.263255547882279e-03, 3.722999076835269e-11, -2.236515745381523e-05, 1.146590068993669e-06
1547, 0.000000000000000e+00, 2.356194490192345e+00, 1.963495408493621e+00, 1.868609898093948e-03, 5.190626883180281e-11, -2.321239494890991e-06, 1.617405051989988e-06
1548, 3.926990816987241e-01, 2.356194490192345e+00, 1.963495408493621e+00, 1.864324177610794e-03, -2.499970171804196e-06, -1.290965830203964e-06, 1.569042073306411e-06
1549, 7.853981633974483e-01, 2.356194490192345e+00, 1.963495408493621e+00, 1.860209007742546e-03, -2.693252271632515e-10, -2.602599538631784e-07, 1.521140432807192e-06
1550, 1.178097245096172e+00, 2.356194490192345e+00, 1.963495408493621e+00, 1.864523929642957e-03, 2.499491523434675e-06, -1.291077413822175e-06, 1.569053264770766e-06
1551, 1.570796326794897e+00, 2.356194490192345e+00, 1.963495408493621e+00, 1.868962406645112e-03, -3.424988614329146e-10, -2.321433612336126e-06, 1.617425280209181e-06
1552, 1.963495408493621e+00, 2.356194490192345e+00, 1.963495408493621e+00, 1.864784122034967e-03, -2.500131509101356e-06, -1.291210378633319e-06, 1.569069371085974e-06
1553, 2.356194490192345e+00, 2.356194490192345e+00, 1.963495408493621e+00, 1.860694244190536e-03, -2.366900960408401e-10, -2.605093238723423e-07, 1.521170475634680e-06
1554, 2.748893571891069e+00, 2.356194490192345e+00, 1.963495408493621e+00, 1.864964976098711e-03, 2.499683993375583e-06, -1.291297244604825e-06, 1.569081765682834e-06
1555, 3.141592653589793e+00, 2.356194490192345e+00, 1.963495408493621e+00, 1.869303988402089e-03, -2.842968736303412e-11, -2.321600033432038e-06, 1.617448209977171e-06
1556, 3.534291735288517e+00, 2.356194490192345e+00, 1.963495408493621e+00, 1.864986735633912e-03, -2.499737932295928e-06, -1.291308082439121e-06, 1.569083384482955e-06
1557, 3.926990816987241e+00, 2.356194490192345e+00, 1.963495408493621e+00, 1.860735491544280e-03, 1.913941748693806e-10, -2.605301798339884e-07, 1.521173476231467e-06
1558, 4.319689898685965e+00, 2.356194490192345e+00, 1.963495408493621e+00, 1.864840401611635e-03, 2.500100251534347e-06, -1.291239543048742e-06, 1.569073327889258e-06
1559, 4.712388980384690e+00, 2.356194490192345e+00, 1.963495408493621e+00, 1.869027234273734e-03, 3.302156216516072e-10, -2.321468336058176e-06, 1.617429657517058e-06
1560, 5.105088062083414e+00, 2.356194490192345e+00, 1.963495408493621e+00, 1.864588980551312e-03, -2.499480389491306e-06, -1.291113676626590e-06, 1.569057485718380e-06
1561, 5.497787143782138e+00, 2.356194490192345e+00, 1.963495408493621e+00, 1.860264301953027e-03, 3.078667131798416e-10, -2.602921810158870e-07, 1.521143897324149e-06
1562, 5.890486225480862e+00, 2.356194490192345e+00, 1.963495408493621e+00, 1.864358242423412e-03, 2.500039728733091e-06, -1.290986631565715e-06, 1.569044137918657e-06
1563, 6.283185307179586e+00, 2.356194490192345e+00, 1.963495408493621e+00, 1.868609898093948e-03, 5.190626883180281e-11, -2.321239494890991e-06, 1.617405051989988e-06
1564, 0.000000000000000e+00, 2.748893571891069e+00, 1.963495408493621e+00, 2.250684027512178e-03, 6.227342343929874e-11, -6.651195949964695e-07, 1.808928972031205e-06
1565, 3.926990816987241e-01, 2.748893571891069e+00, 1.963495408493621e+00, 2.248444232339839e-03, -1.557085472566087e-08, -6.699407520550116e-07, 1.780092653628931e-06
1566, 7.853981633974483e-01, 2.748893571891069e+00, 1.963495408493621e+00, 2.246295746519653e-03, -3.168916105962474e-10, -6.745809654930406e-07, 1.751318506948956e-06
1567, 1.178097245096172e+00, 2.748893571891069e+00, 1.963495408493621e+00, 2.248678952781804e-03, 1.500915312534486e-08, -6.700070297132566e-07, 1.780110455057645e-06
1568, 1.570796326794897e+00, 2.748893571891069e+00, 1.963495408493621e+00, 2.251096934362877e-03, -3.972105221133163e-10, -6.652348865693213e-07, 1.808960605419893e-06
1569, 1.963495408493621e+00, 2.748893571891069e+00, 1.963495408493621e+00, 2.248980814384818e-03, -1.575207068424588e-08, -6.700859868093956e-07, 1.780134187949278e-06
1570, 2.356194490192345e+00, 2.748893571891069e+00, 1.963495408493621e+00, 2.246859126843006e-03, -2.720611358946671e-10, -6.747290293449798e-07, 1.751362936381457e-06
1571, 2.748893571891069e+00, 2.748893571891069e+00, 1.963495408493621e+00, 2.249188877092290e-03, 1.523664807532733e-08, -6.701375032159536e-07, 1.780151593104618e-06
1572, 3.141592653589793e+00, 2.748893571891069e+00, 1.963495408493621e+00, 2.251490651139821e-03, -3.283679478404401e-11, -6.653336200405531e-07, 1.808993125988324e-06
1573, 3.534291735288517e+00, 2.748893571891069e+00, 1.963495408493621e+00, 2.249214033817298e-03, -1.529908242977874e-08, -6.701439444588619e-07, 1.780153882110774e-06
1574, 3.926990816987241e+00, 2.748893571891069e+00, 1.963495408493621e+00, 2.246906912468116e-03, 2.192545002053299e-10, -6.747414281492845e-07, 1.751367222940755e-06
1575, 4.319689898685965e+00, 2.748893571891069e+00, 1.963495408493621e+00, 2.249046238243439e-03, 1.571504274339733e-08, -6.701033308340968e-07, 1.780139940041060e-06
1576, 4.712388980384690e+00, 2.748893571891069e+00, 1.963495408493621e+00, 2.251172650180559e-03, 3.818103850829113e-10, -6.652555410251913e-07, 1.808967127872490e-06
1577, 5.105088062083414e+00, 2.748893571891069e+00, 1.963495408493621e+00, 2.248755373721785e-03, -1.499735525470030e-08, -6.700285977180562e-07, 1.780116943048460e-06
1578, 5.497787143782138e+00, 2.748893571891069e+00, 1.963495408493621e+00, 2.246361143388429e-03, 3.612305526799419e-10, -6.746001253938028e-07, 1.751324026522705e-06
1579, 5.890486225480862e+00, 2.748893571891069e+00, 1.963495408493621e+00, 2.248484816466966e-03, 1.565287084996469e-08, -6.699531120296816e-07, 1.780096075376370e-06
1580, 6.283185307179586e+00, 2.748893571891069e+00, 1.963495408493621e+00, 2.250684027512178e-03, 6.227342343929874e-11, -6.651195949964695e-07, 1.808928972031205e-06
1581, 0.000000000000000e+00, 3.141592653589793e+00, 1.963495408493621e+00, 2.379547962572787e-03, 6.678456912757507e-11, 6.353427041703084e-09, 1.840719914711026e-06
1582, 3.926990816987241e-01, 3.141592653589793e+00, 1.963495408493621e+00, 2.379576198334195e-03, -1.855278199220628e-10, 1.117956892059625e-10, 1.840734828073045e-06
1583, 7.853981633974483e-01, 3.141592653589793e+00, 1.963495408493621e+00, 2.379676286058199e-03, -3.375232684082335e-10, -6.133108773751891e-09, 1.840730619657253e-06
1584, 1.178097245096172e+00, 3.141592653589793e+00, 1.963495408493621e+00, 2.379826084440352e-03, -4.121885124122496e-10, 1.009341456252615e-10, 1.840755419433353e-06
1585, 1.570796326794897e+00, 3.141592653589793e+00, 1.963495408493621e+00, 2.379987056468429e-03, -4.209184200529181e-10, 6.334562524485349e-09, 1.840756356253509e-06
1586, 1.963495408493621e+00, 3.141592653589793e+00, 1.963495408493621e+00, 2.380146002312207e-03, -3.753318280908528e-10, 8.805914445548867e-11, 1.840782353585804e-06
1587, 2.356194490192345e+00, 3.141592653589793e+00, 1.963495408493621e+00, 2.380273527972858e-03, -2.873683919868664e-10, -6.157264428444691e-09, 1.840781089698332e-06
1588, 2.748893571891069e+00, 3.141592653589793e+00, 1.963495408493621e+00, 2.380365842059454e-03, -1.694911177039491e-10, 7.967888357208783e-11, 1.840801851641132e-06
1589, 3.141592653589793e+00, 3.141592653589793e+00, 1.963495408493621e+00, 2.380403348181768e-03, -3.475584637475065e-11, 6.318482764283524e-09, 1.840792887770444e-06
1590, 3.534291735288517e+00, 3.141592653589793e+00, 1.963495408493621e+00, 2.380392478171338e-03, 1.033568157721131e-10, 7.859558589612967e-11, 1.840804421995297e-06
1591, 3.926990816987241e+00, 3.141592653589793e+00, 1.963495408493621e+00, 2.380324161248247e-03, 2.312893588711532e-10, -6.159349279369389e-09, 1.840785916645446e-06
1592, 4.319689898685965e+00, 3.141592653589793e+00, 1.963495408493621e+00, 2.380215409396558e-03, 3.357892132407262e-10, 8.514393863857771e-11, 1.840788861437119e-06
1593, 4.712388980384690e+00, 3.141592653589793e+00, 1.963495408493621e+00, 2.380067515300854e-03, 4.041612434143121e-10, 6.331093035175394e-09, 1.840763783967882e-06
1594, 5.105088062083414e+00, 3.141592653589793e+00, 1.963495408493621e+00, 2.379907457534732e-03, 4.242787961394425e-10, 9.731363358673921e-11, 1.840762866815042e-06
1595, 5.497787143782138e+00, 3.141592653589793e+00, 1.963495408493621e+00, 2.379746081718481e-03, 3.843906589087835e-10, -6.136323516172908e-09, 1.840737011252917e-06
1596, 5.890486225480862e+00, 3.141592653589793e+00, 1.963495408493621e+00, 2.379619620016897e-03, 2.729695883137421e-10, 1.097220979910495e-10, 1.840738826982241e-06
1597, 6.283185307179586e+00, 3.141592653589793e+00, 1.963495408493621e+00, 2.379547962572787e-03, 6.678456912757507e-11, 6.353427041703084e-09, 1.840719914711026e-06
1598, 0.000000000000000e+00, 3.534291735288517e+00, 1.963495408493621e+00, 2.246089773251223e-03, 6.477221786480358e-11, 6.747552559737174e-07, 1.751290675689833e-06
1599, 3.926990816987241e-01, 3.534291735288517e+00, 1.963495408493621e+00, 2.248359449447232e-03, 1.521710216177618e-08, 6.701484798889115e-07, 1.780074157284894e-06
1600, 7.853981633974483e-01, 3.534291735288517e+00, 1.963495408493621e+00, 2.250723016531629e-03, -3.280776476443673e-10, 6.653547090193478e-07, 1.808920218935026e-06
1601, 1.178097245096172e+00, 3.534291735288517e+00, 1.963495408493621e+00, 2.248602387172210e-03, -1.579830580381276e-08, 6.701946837465972e-07, 1.780093300699019e-06
1602, 1.570796326794897e+00, 3.534291735288517e+00, 1.963495408493621e+00, 2.246516846691852e-03, -4.099969997748252e-10, 6.748356872800316e-07, 1.751324608937436e-06
1603, 1.963495408493621e+00, 3.534291735288517e+00, 1.963495408493621e+00, 2.248913989398220e-03, 1.503131775535117e-08, 6.702498515272481e-07, 1.780118534230383e-06
1604, 2.356194490192345e+00, 3.534291735288517e+00, 1.963495408493621e+00, 2.251304672986833e-03, -2.803025489880123e-10, 6.654581322092839e-07, 1.808967488547520e-06
1605, 2.748893571891069e+00, 3.534291735288517e+00, 1.963495408493621e+00, 2.249128395467412e-03, -1.556258384192152e-08, 6.702858660499517e-07, 1.780136910747962e-06
1606, 3.141592653589793e+00, 3.534291735288517e+00, 1.963495408493621e+00, 2.246922733382849e-03, -3.390107238326340e-11, 6.749046846140067e-07, 1.751358995889873e-06
1607, 3.534291735288517e+00, 3.534291735288517e+00, 1.963495408493621e+00, 2.249154372577881e-03, 1.549809785390300e-08, 6.702903009592223e-07, 1.780139334692547e-06
1608, 3.926990816987241e+00, 3.534291735288517e+00, 1.963495408493621e+00, 2.251354037506885e-03, 2.256824719987450e-10, 6.654666696087531e-07, 1.808972034485529e-06
1609, 4.319689898685965e+00, 3.534291735288517e+00, 1.963495408493621e+00, 2.248981621070640e-03, -1.506973718184133e-08, 6.702617958430513e-07, 1.780124650072809e-06
1610, 4.712388980384690e+00, 3.534291735288517e+00, 1.963495408493621e+00, 2.246595190257604e-03, 3.938483970719595e-10, 6.748499145580999e-07, 1.751331569758559e-06
1611, 5.105088062083414e+00, 3.534291735288517e+00, 1.963495408493621e+00, 2.248681550489925e-03, 1.581026830515702e-08, 6.702095434885136e-07, 1.780100257905020e-06
1612, 5.497787143782138e+00, 3.534291735288517e+00, 1.963495408493621e+00, 2.250790848744506e-03, 3.738168674579727e-10, 6.653679107846646e-07, 1.808926170419898e-06
1613, 5.890486225480862e+00, 3.534291735288517e+00, 1.963495408493621e+00, 2.248401604701411e-03, -1.513208325738635e-08, 6.701569952890190e-07, 1.780077868664188e-06
1614, 6.283185307179586e+00, 3.534291735288517e+00, 1.963495408493621e+00, 2.246089773251223e-03, 6.477221786480358e-11, 6.747552559737174e-07, 1.751290675689833e-06
1615, 0.000000000000000e+00, 3.926990816987241e+00, 1.963495408493621e+00, 1.859948046664386e-03, 5.654031425824343e-11, 2.603636654926937e-07, 1.521100110431469e-06
1616, 3.926990816987241e-01, 3.926990816987241e+00, 1.963495408493621e+00, 1.864166671301571e-03, 2.499665714748140e-06, 1.291128071428281e-06, 1.569007586712994e-06
1617, 7.853981633974483e-01, 3.926990816987241e+00, 1.963495408493621e+00, 1.868560618761675e-03, -2.899946812293205e-10, 2.321455632241011e-06, 1.617377153043073e-06
1618, 1.178097245096172e+00, 3.926990816987241e+00, 1.963495408493621e+00, 1.864381606417409e-03, -2.500180398123705e-06, 1.291224299697651e-06, 1.569021250941934e-06
1619, 1.570796326794897e+00, 3.926990816987241e+00, 1.963495408493621e+00, 1.860326728414456e-03, -3.661237648557044e-10, 2.605311192477648e-07, 1.521124578661385e-06
1620, 1.963495408493621e+00, 3.926990816987241e+00, 1.963495408493621e+00, 1.864659797250663e-03, 2.499495931269916e-06, 1.291339056987395e-06, 1.569040128941493e-06
1621, 2.356194490192345e+00, 3.926990816987241e+00, 1.963495408493621e+00, 1.869079629764652e-03, -2.519380591819767e-10, 2.321670820499565e-06, 1.617412444641582e-06
1622, 2.748893571891069e+00, 3.926990816987241e+00, 1.963495408493621e+00, 1.864852385953963e-03, -2.499972750014055e-06, 1.291414002819173e-06, 1.569054332673135e-06
1623, 3.141592653589793e+00, 3.926990816987241e+00, 1.963495408493621e+00, 1.860690817099552e-03, -3.040057341165001e-11, 2.606747003106597e-07, 1.521150977538772e-06
1624, 3.534291735288517e+00, 3.926990816987241e+00, 1.963495408493621e+00, 1.864875664759478e-03, 2.499915011597284e-06, 1.291423292089838e-06, 1.569056203466880e-06
1625, 3.926990816987241e+00, 3.926990816987241e+00, 1.963495408493621e+00, 1.869123801188136e-03, 2.032832840022037e-10, 2.321688695595936e-06, 1.617415928724345e-06
1626, 4.319689898685965e+00, 3.926990816987241e+00, 1.963495408493621e+00, 1.864720165942953e-03, -2.499529767009370e-06, 1.291364051781604e-06, 1.569044761780785e-06
1627, 4.712388980384690e+00, 3.926990816987241e+00, 1.963495408493621e+00, 1.860396423528317e-03, 3.524521399752534e-10, 2.605608775760302e-07, 1.521129767819971e-06
1628, 5.105088062083414e+00, 3.926990816987241e+00, 1.963495408493621e+00, 1.864451738129061e-03, 2.500191833863410e-06, 1.291255376182779e-06, 1.569026338285710e-06
1629, 5.497787143782138e+00, 3.926990816987241e+00, 1.963495408493621e+00, 1.868620426189210e-03, 3.311272047379590e-10, 2.321483248212024e-06, 1.617381414086499e-06
1630, 5.890486225480862e+00, 3.926990816987241e+00, 1.963495408493621e+00, 1.864203648794943e-03, -2.499590594252984e-06, 1.291145893314704e-06, 1.569010185910873e-06
1631, 6.283185307179586e+00, 3.926990816987241e+00, 1.963495408493621e+00, 1.859948046664386e-03, 5.654031425824343e-11, 2.603636654926937e-07, 1.521100110431469e-06
1632, 0.000000000000000e+00, 4.319689898685965e+00, 1.963495408493621e+00, 1.259655251048637e-03, 4.332227021042829e-11, -1.880127359288363e-05, 1.125624390870549e-06
1633, 3.926990816987241e-01, 4.319689898685965e+00, 1.963495408493621e+00, 1.261329915295485e-03, 3.076721476097314e-05, 1.781560457224731e-06, 1.135832446471362e-06
1634, 7.853981633974483e-01, 4.319689898685965e+00, 1.963495408493621e+00, 1.263131899110418e-03, -2.290947038402542e-10, 2.236532278283143e-05, 1.146545988074240e-06
1635, 1.178097245096172e+00, 4.319689898685965e+00, 1.963495408493621e+00, 1.261500074163649e-03, -3.076762308269920e-05, 1.781691970798088e-06, 1.135837410023102e-06
1636, 1.570796326794897e+00, 4.319689898685965e+00, 1.963495408493621e+00, 1.259956573355220e-03, -2.960230186621198e-10, -1.880104476417124e-05, 1.125633836607371e-06
1637, 1.963495408493621e+00, 4.319689898685965e+00, 1.963495408493621e+00, 1.261724875269183e-03, 3.076707050229293e-05, 1.781848739168054e-06, 1.135846215743603e-06
1638, 2.356194490192345e+00, 4.319689898685965e+00, 1.963495408493621e+00, 1.263550783518756e-03, -2.065637457743130e-10, 2.236561682236177e-05, 1.146562286441258e-06
1639, 2.748893571891069e+00, 4.319689898685965e+00, 1.963495408493621e+00, 1.261882565890069e-03, -3.076746024287751e-05, 1.781951286576326e-06, 1.135853794257072e-06
1640, 3.141592653589793e+00, 4.319689898685965e+00, 1.963495408493621e+00, 1.260253816816648e-03, -2.477642872667553e-11, -1.880084837258162e-05, 1.125647558215147e-06
1641, 3.534291735288517e+00, 4.319689898685965e+00, 1.963495408493621e+00, 1.261901510373777e-03, 3.076741333998163e-05, 1.781964043585830e-06, 1.135854782856494e-06
1642, 3.926990816987241e+00, 4.319689898685965e+00, 1.963495408493621e+00, 1.263586616984570e-03, 1.674741837560148e-10, 2.236564135650020e-05, 1.146564078592995e-06
1643, 4.319689898685965e+00, 4.319689898685965e+00, 1.963495408493621e+00, 1.261773590076002e-03, -3.076709700371722e-05, 1.781883017033308e-06, 1.135848488247594e-06
1644, 4.712388980384690e+00, 4.319689898685965e+00, 1.963495408493621e+00, 1.260012399826282e-03, 2.863061683638933e-10, -1.880100398755602e-05, 1.125636207807079e-06
1645, 5.105088062083414e+00, 4.319689898685965e+00, 1.963495408493621e+00, 1.261555726698619e-03, 3.076763367346698e-05, 1.781734534952349e-06, 1.135839521778466e-06
1646, 5.497787143782138e+00, 4.319689898685965e+00, 1.963495408493621e+00, 1.263178838426058e-03, 2.628569043902707e-10, 2.236536061773957e-05, 1.146547554667438e-06
1647, 5.890486225480862e+00, 4.319689898685965e+00, 1.963495408493621e+00, 1.261358584731572e-03, -3.076715550519443e-05, 1.781584895481099e-06, 1.135833269336281e-06
1648, 6.283185307179586e+00, 4.319689898685965e+00, 1.963495408493621e+00, 1.259655251048637e-03, 4.332227021042829e-11, -1.880127359288363e-05, 1.125624390870549e-06
1649, 0.000000000000000e+00, 4.712388980384690e+00, 1.963495408493621e+00, 5.228667151220011e-04, 2.711327464321328e-11, -1.397205992119469e-04, 5.417036129223226e-07
1650, 3.926990816987241e-01, 4.712388980384690e+00, 1.963495408493621e+00, 5.136308994360547e-04, 1.416287602216103e-04, 2.019237794288804e-06, 4.182780738331772e-07
1651, 7.853981633974483e-01, 4.712388980384690e+00, 1.963495408493621e+00, 5.033006855143724e-04, -1.547605420639865e-10, 1.437657316112638e-04, 2.887514458178435e-07
1652, 1.178097245096172e+00, 4.712388980384690e+00, 1.963495408493621e+00, 5.137464032793282e-04, -1.416290386866715e-04, 2.019384238993272e-06, 4.182724369140685e-07
1653, 1.570796326794897e+00, 4.712388980384690e+00, 1.963495408493621e+00, 5.230736072980634e-04, -2.104265004302693e-10, -1.397203443001109e-04, 5.416947481773926e-07
1654, 1.963495408493621e+00, 4.712388980384690e+00, 1.963495408493621e+00, 5.139060083259568e-04, 1.416286471757530e-04, 2.019559038713233e-06, 4.182689478108277e-07
1655, 2.356194490192345e+00, 4.712388980384690e+00, 1.963495408493621e+00, 5.035972796037298e-04, -1.510172926470099e-10, 1.437660594992320e-04, 2.887445519034603e-07
1656, 2.748893571891069e+00, 4.712388980384690e+00, 1.963495408493621e+00, 5.140209866677585e-04, -1.416289303761488e-04, 2.019673737213818e-06, 4.182683925339847e-07
1657, 3.141592653589793e+00, 4.712388980384690e+00, 1.963495408493621e+00, 5.232890786225083e-04, -1.786707115959426e-11, -1.397201247811621e-04, 5.416929264094224e-07
1658, 3.534291735288517e+00, 4.712388980384690e+00, 1.963495408493621e+00, 5.140346078767304e-04, 1.416288967767153e-04, 2.019688057652071e-06, 4.182682932607638e-07
1659, 3.926990816987241e+00, 4.712388980384690e+00, 1.963495408493621e+00, 5.036228785229840e-04, 1.236482701188903e-10, 1.437660870227593e-04, 2.887442608721914e-07
1660, 4.319689898685965e+00, 4.712388980384690e+00, 1.963495408493621e+00, 5.139404317554888e-04, -1.416286647234833e-04, 2.019597451447808e-06, 4.182683211882785e-07
1661, 4.712388980384690e+00, 4.712388980384690e+00, 1.963495408493621e+00, 5.231124452148061e-04, 2.055064646992896e-10, -1.397202986721496e-04, 5.416936673225464e-07
1662, 5.105088062083414e+00, 4.712388980384690e+00, 1.963495408493621e+00, 5.137843343852489e-04, 1.416290482199363e-04, 2.019431800153068e-06, 4.182709097296969e-07
1663, 5.497787143782138e+00, 4.712388980384690e+00, 1.963495408493621e+00, 5.033318762762615e-04, 1.795223057813117e-10, 1.437657738695407e-04, 2.887497165218960e-07
1664, 5.890486225480862e+00, 4.712388980384690e+00, 1.963495408493621e+00, 5.136493922704756e-04, -1.416287203634549e-04, 2.019265120449165e-06, 4.182767195045770e-07
1665, 6.283185307179586e+00, 4.712388980384690e+00, 1.963495408493621e+00, 5.228667151220011e-04, 2.711327464321328e-11, -1.397205992119469e-04, 5.417036129223226e-07
1666, 0.000000000000000e+00, 5.105088062083414e+00, 1.963495408493621e+00, -2.336204993502944e-04, 1.040500257850958e-11, -5.160552755865084e-04, -2.503093012160668e-07
1667, 3.926990816987241e-01, 5.105088062083414e+00, 1.963495408493621e+00, -2.578403492593200e-04, 3.458979537312676e-04, 1.891667184520627e-06, -5.501834913286142e-07
1668, 7.853981633974483e-01, 5.105088062083414e+00, 1.963495408493621e+00, -2.866587330498764e-04, -7.859940807659318e-11, 5.198480437004930e-04, -8.803150620626484e-07
1669, 1.178097245096172e+00, 5.105088062083414e+00, 1.963495408493621e+00, -2.577808613180829e-04, -3.458980989763633e-04, 1.891805539719767e-06, -5.501999509173842e-07
1670, 1.570796326794897e+00, 5.105088062083414e+00, 1.963495408493621e+00, -2.335104710780320e-04, -1.223848588714130e-10, -5.160550342839876e-04, -2.503369139542551e-07
1671, 1.963495408493621e+00, 5.105088062083414e+00, 1.963495408493621e+00, -2.576883095074344e-04, 3.458978730888825e-04, 1.891971778917861e-06, -5.502161331040485e-07
1672, 2.356194490192345e+00, 5.105088062083414e+00, 1.963495408493621e+00, -2.864878899670184e-04, -9.365072983253036e-11, 5.198483553218958e-04, -8.803458830958706e-07
1673, 2.748893571891069e+00, 5.105088062083414e+00, 1.963495408493621e+00, -2.576174269675699e-04, -3.458980463491535e-04, 1.892081368035203e-06, -5.502251760953298e-07
1674, 3.141592653589793e+00, 5.105088062083414e+00, 1.963495408493621e+00, -2.333793547666999e-04, -1.070641488975295e-11, -5.160548247235369e-04, -2.503549187166051e-07
1675, 3.534291735288517e+00, 5.105088062083414e+00, 1.963495408493621e+00, -2.576093213032872e-04, 3.458980265308105e-04, 1.892095103044904e-06, -5.502264156749117e-07
1676, 3.926990816987241e+00, 5.105088062083414e+00, 1.963495408493621e+00, -2.864728898502086e-04, 7.839966018912756e-11, 5.198483817086914e-04, -8.803483540553824e-07
1677, 4.319689898685965e+00, 5.105088062083414e+00, 1.963495408493621e+00, -2.576686703202470e-04, -3.458978814288940e-04, 1.892008568337986e-06, -5.502197834744774e-07
1678, 4.712388980384690e+00, 5.105088062083414e+00, 1.963495408493621e+00, -2.334891769859930e-04, 1.223229452616416e-10, -5.160549906741658e-04, -2.503415771754230e-07
1679, 5.105088062083414e+00, 5.105088062083414e+00, 1.963495408493621e+00, -2.577611919532408e-04, 3.458981073236168e-04, 1.891850849850109e-06, -5.502052326509875e-07
1680, 5.497787143782138e+00, 5.105088062083414e+00, 1.963495408493621e+00, -2.866437463450723e-04, 9.407550444165126e-11, 5.198480838311412e-04, -8.803201784643299e-07
1681, 5.890486225480862e+00, 5.105088062083414e+00, 1.963495408493621e+00, -2.578323311060739e-04, -3.458979337963454e-04, 1.891693129421808e-06, -5.501870844586964e-07
1682, 6.283185307179586e+00, 5.105088062083414e+00, 1.963495408493621e+00, -2.336204993502944e-04, 1.040500257850958e-11, -5.160552755865084e-04, -2.503093012160668e-07
1683, 0.000000000000000e+00, 5.497787143782138e+00, 1.963495408493621e+00, -8.750287552538595e-04, -4.140844682971579e-12, -1.201906398608526e-03, -1.187761130076184e-06
1684, 3.926990816987241e-01, 5.497787143782138e+00, 1.963495408493621e+00, -9.071931669996568e-04, 4.982229571893911e-04, 1.403952450993240e-06, -1.574597212730015e-06
1685, 7.853981633974483e-01, 5.497787143782138e+00, 1.963495408493621e+00, -9.462954262753069e-04, -1.268920039424047e-11, 1.204708646873817e-03, -2.011825186080709e-06
1686, 1.178097245096172e+00, 5.497787143782138e+00, 1.963495408493621e+00, -9.071822079017354e-04, -4.982229867217016e-04, 1.404060692586291e-06, -1.574622920585369e-06
1687, 1.570796326794897e+00, 5.497787143782138e+00, 1.963495408493621e+00, -8.750028817876874e-04, -4.519379775769466e-11, -1.201906208873436e-03, -1.187804903731901e-06
1688, 1.963495408493621e+00, 5.497787143782138e+00, 1.963495408493621e+00, -9.071484126288163e-04, 4.982229058079406e-04, 1.404193364711543e-06, -1.574650321555070e-06
1689, 2.356194490192345e+00, 5.497787143782138e+00, 1.963495408493621e+00, -9.462346308073599e-04, -4.311555727452284e-11, 1.204708894948449e-03, -2.011877077180780e-06
1690, 2.748893571891069e+00, 5.497787143782138e+00, 1.963495408493621e+00, -9.071163582501184e-04, -4.982229822975408e-04, 1.404281258248221e-06, -1.574666982719980e-06
1691, 3.141592653589793e+00, 5.497787143782138e+00, 1.963495408493621e+00, -8.749459802137230e-04, -4.377149195564330e-12, -1.201906040913552e-03, -1.187837392153087e-06
1692, 3.534291735288517e+00, 5.497787143782138e+00, 1.963495408493621e+00, -9.071131275057662e-04, 4.982229746605774e-04, 1.404292318904827e-06, -1.574669249279423e-06
1693, 3.926990816987241e+00, 5.497787143782138e+00, 1.963495408493621e+00, -9.462289970033277e-04, 3.856774158480454e-11, 1.204708916199323e-03, -2.011881509269091e-06
1694, 4.319689898685965e+00, 5.497787143782138e+00, 1.963495408493621e+00, -9.071418291322062e-04, -4.982229060568163e-04, 1.404222986206738e-06, -1.574656683950548e-06
1695, 4.712388980384690e+00, 5.497787143782138e+00, 1.963495408493621e+00, -8.749970493113972e-04, 4.929137984002960e-11, -1.201906173821776e-03, -1.187812758339068e-06
1696, 5.105088062083414e+00, 5.497787143782138e+00, 1.963495408493621e+00, -9.071785681238002e-04, 4.982229938092641e-04, 1.404096920690466e-06, -1.574631506819487e-06
1697, 5.497787143782138e+00, 5.497787143782138e+00, 1.963495408493621e+00, -9.462945827124123e-04, 1.986558055784605e-11, 1.204708678631971e-03, -2.011833237287675e-06
1698, 5.890486225480862e+00, 5.497787143782138e+00, 1.963495408493621e+00, -9.071942545384970e-04, -4.982229545911184e-04, 1.403972752908114e-06, -1.574602725471967e-06
1699, 6.283185307179586e+00, 5.497787143782138e+00, 1.963495408493621e+00, -8.750287552538595e-04, -4.140844682971579e-12, -1.201906398608526e-03, -1.187761130076184e-06
1700, 0.000000000000000e+00, 5.890486225480862e+00, 1.963495408493621e+00, -1.296781039963173e-03, -1.407297819455434e-11, -1.940235572571838e-03, -2.065738728433827e-06
1701, 3.926990816987241e-01, 5.890486225480862e+00, 1.963495408493621e+00, -1.321436308362508e-03, 3.859431182329181e-04, 7.181267196842187e-07, -2.353414696069694e-06
1702, 7.853981633974483e-01, 5.890486225480862e+00, 1.963495408493621e+00, -1.348615662310169e-03, 3.261139587465749e-11, 1.941652621047854e-03, -2.658554960858392e-06
1703, 1.178097245096172e+00, 5.890486225480862e+00, 1.963495408493621e+00, -1.321458778057821e-03, -3.859430677877015e-04, 7.181883091089244e-07, -2.353446537281212e-06
1704, 1.570796326794897e+00, 5.890486225480862e+00, 1.963495408493621e+00, -1.296813451940412e-03, 9.614915327926404e-12, -1.940235464223388e-03, -2.065793409464548e-06
1705, 1.963495408493621e+00, 5.890486225480862e+00, 1.963495408493621e+00, -1.321466638003375e-03, 3.859430894135712e-04, 7.182676136808584e-07, -2.353482018639577e-06
1706, 2.356194490192345e+00, 5.890486225480862e+00, 1.963495408493621e+00, -1.348632614385735e-03, -7.140492962804660e-12, 1.941652768599941e-03, -2.658621889448397e-06
1707, 2.748893571891069e+00, 5.890486225480862e+00, 1.963495408493621e+00, -1.321462218297574e-03, -3.859430970231050e-04, 7.183202446351649e-07, -2.353504256185254e-06
1708, 3.141592653589793e+00, 5.890486225480862e+00, 1.963495408493621e+00, -1.296809349380037e-03, 1.455428577327093e-13, -1.940235363627505e-03, -2.065836473727521e-06
1709, 3.534291735288517e+00, 5.890486225480862e+00, 1.963495408493621e+00, -1.321462471902596e-03, 3.859430980962700e-04, 7.183269056766363e-07, -2.353507275700258e-06
1710, 3.926990816987241e+00, 5.890486225480862e+00, 1.963495408493621e+00, -1.348633678174313e-03, 1.025762275192584e-11, 1.941652781408835e-03, -2.658627759233558e-06
1711, 4.319689898685965e+00, 5.890486225480862e+00, 1.963495408493621e+00, -1.321469393464890e-03, -3.859430838691183e-04, 7.182854909035988e-07, -2.353490366596589e-06
1712, 4.712388980384690e+00, 5.890486225480862e+00, 1.963495408493621e+00, -1.296818669329521e-03, -2.608048647047849e-12, -1.940235443055616e-03, -2.065803587163865e-06
1713, 5.105088062083414e+00, 5.890486225480862e+00, 1.963495408493621e+00, -1.321466536786400e-03, 3.859430737027724e-04, 7.182101062402494e-07, -2.353457487894317e-06
1714, 5.497787143782138e+00, 5.890486225480862e+00, 1.963495408493621e+00, -1.348624735032946e-03, -3.179982457092984e-11, 1.941652639761658e-03, -2.658565030678853e-06
1715, 5.890486225480862e+00, 5.890486225480862e+00, 1.963495408493621e+00, -1.321443619741931e-03, -3.859431277528291e-04, 7.181377899143709e-07, -2.353421445776609e-06
1716, 6.283185307179586e+00, 5.890486225480862e+00, 1.963495408493621e+00, -1.296781039963173e-03, -1.407297819455434e-11, -1.940235572571838e-03, -2.065738728433827e-06
1717, 0.000000000000000e+00, 6.283185307179586e+00, 1.963495408493621e+00, -1.458954049544866e-03, -1.608268373350315e-11, -2.266793779938469e-03, -2.632350777309272e-06
1718, 3.926990816987241e-01, 6.283185307179586e+00, 1.963495408493621e+00, -1.459899364690831e-03, 3.372737225226289e-11, -1.293715378371151e-10, -2.641436314946933e-06
1719, 7.853981633974483e-01, 6.283185307179586e+00, 1.963495408493621e+00, -1.458975173994288e-03, 5.134764130937765e-11, 2.266793526590388e-03, -2.632369031870633e-06
1720, 1.178097245096172e+00, 6.283185307179586e+00, 1.963495408493621e+00, -1.459935593987065e-03, 4.747906232557595e-11, -1.190474805976820e-10, -2.641470478408898e-06
1721, 1.570796326794897e+00, 6.283185307179586e+00, 1.963495408493621e+00, -1.459010379126477e-03, 3.375642767453794e-11, -2.266793764064980e-03, -2.632409260604861e-06
1722, 1.963495408493621e+00, 6.283185307179586e+00, 1.963495408493621e+00, -1.459961708438330e-03, 1.914770929917786e-11, -1.057780670062822e-10, -2.641509617576912e-06
1723, 2.356194490192345e+00, 6.283185307179586e+00, 1.963495408493621e+00, -1.459026015281036e-03, 8.623792607435234e-12, 2.266793551298968e-03, -2.632442681450357e-06
1724, 2.748893571891069e+00, 6.283185307179586e+00, 1.963495408493621e+00, -1.459969380701393e-03, 3.468599394346769e-12, -9.705948064873025e-11, -2.641534406727889e-06
1725, 3.141592653589793e+00, 6.283185307179586e+00, 1.963495408493621e+00, -1.459029400054220e-03, 2.145497714955410e-12, -2.266793747347225e-03, -2.632457157304250e-06
1726, 3.534291735288517e+00, 6.283185307179586e+00, 1.963495408493621e+00, -1.459971172458124e-03, 1.462584645370505e-12, -9.591713669927418e-11, -2.641537771702361e-06
1727, 3.926990816987241e+00, 6.283185307179586e+00, 1.963495408493621e+00, -1.459030039671386e-03, -2.093419739588570e-12, 2.266793553503213e-03, -2.632449211115800e-06
1728, 4.319689898685965e+00, 6.283185307179586e+00, 1.963495408493621e+00, -1.459968601620530e-03, -1.099109328449698e-11, -1.026799315163127e-10, -2.641518877419493e-06
1729, 4.712388980384690e+00, 6.283185307179586e+00, 1.963495408493621e+00, -1.459020507084032e-03, -2.539366563652640e-11, -2.266793760356396e-03, -2.632420504170531e-06
1730, 5.105088062083414e+00, 6.283185307179586e+00, 1.963495408493621e+00, -1.459948421539004e-03, -4.213001615056177e-11, -1.151526111494255e-10, -2.641482503121356e-06
1731, 5.497787143782138e+00, 6.283185307179586e+00, 1.963495408493621e+00, -1.458988569405533e-03, -5.407425313340360e-11, 2.266793530079449e-03, -2.632379964754781e-06
1732, 5.890486225480862e+00, 6.283185307179586e+00, 1.963495408493621e+00, -1.459909079532011e-03, -5.038525999815242e-11, -1.270990598191307e-10, -2.641443436871025e-06
1733, 6.283185307179586e+00, 6.283185307179586e+00, 1.963495408493621e+00, -1.458954049544866e-03, -1.608268373350315e-11, -2.266793779938469e-03, -2.632350777309272e-06
1734, 0.000000000000000e+00, 0.000000000000000e+00, 2.356194490192345e+00, -6.236254391282357e-04, -1.223604241403747e-11, -1.149777449698638e-04, -1.627684443321825e-06
1735, 3.926990816987241e-01, 0.000000000000000e+00, 2.356194490192345e+00, -6.237545983712882e-04, 2.441652402772015e-11, -1.181327596622577e-10, -1.629632194900177e-06
1736, 7.853981633974483e-01, 0.000000000000000e+00, 2.356194490192345e+00, -6.236402605933359e-04, 3.486127078589274e-11, 1.149775135134415e-04, -1.627698890371811e-06
1737, 1.178097245096172e+00, 0.000000000000000e+00, 2.356194490192345e+00, -6.237787965909262e-04, 2.859692173651420e-11, -1.084279064808237e-10, -1.629659312393821e-06
1738, 1.570796326794897e+00, 0.000000000000000e+00, 2.356194490192345e+00, -6.236613002506775e-04, 1.571579154386562e-11, -1.149777297940455e-04, -1.627730796232461e-06
1739, 1.963495408493621e+00, 0.000000000000000e+00, 2.356194490192345e+00, -6.237911706427730e-04, 3.940322524940013e-12, -9.601925340987845e-11, -1.629690142286396e-06
1740, 2.356194490192345e+00, 0.000000000000000e+00, 2.356194490192345e+00, -6.236652535462054e-04, -2.568955475515906e-12, 1.149775366190797e-04, -1.627756878470138e-06
1741, 2.748893571891069e+00, 0.000000000000000e+00, 2.356194490192345e+00, -6.237902038811212e-04, -3.045986868505516e-12, -8.789984332971613e-11, -1.629709368172285e-06
1742, 3.141592653589793e+00, 0.000000000000000e+00, 2.356194490192345e+00, -6.236635989569642e-04, 6.301088851218936e-13, -1.149777142194173e-04, -1.627768085841454e-06
1743, 3.534291735288517e+00, 0.000000000000000e+00, 2.356194490192345e+00, -6.237908236358551e-04, 5.025941183687823e-12, -8.684167595922367e-11, -1.629711976051561e-06
1744, 3.926990816987241e+00, 0.000000000000000e+00, 2.356194490192345e+00, -6.236669997997822e-04, 6.403229961741646e-12, 1.149775386634312e-04, -1.627761957059536e-06
1745, 4.319689898685965e+00, 0.000000000000000e+00, 2.356194490192345e+00, -6.237948251722926e-04, 2.006138940002890e-12, -9.314367433553005e-11, -1.629697381319397e-06
1746, 4.712388980384690e+00, 0.000000000000000e+00, 2.356194490192345e+00, -6.236674862502855e-04, -8.735663177730997e-12, -1.149777263461564e-04, -1.627739630692548e-06
1747, 5.105088062083414e+00, 0.000000000000000e+00, 2.356194490192345e+00, -6.237874029419656e-04, -2.328242648088593e-11, -1.047996580218827e-10, -1.629668788487404e-06
1748, 5.497787143782138e+00, 0.000000000000000e+00, 2.356194490192345e+00, -6.236498200403325e-04, -3.554239006299547e-11, 1.149775167627350e-04, -1.627707501565354e-06
1749, 5.890486225480862e+00, 0.000000000000000e+00, 2.356194490192345e+00, -6.237618185140595e-04, -3.617862723844270e-11, -1.160204324544900e-10, -1.629637787445394e-06
1750, 6.283185307179586e+00, 0.000000000000000e+00, 2.356194490192345e+00, -6.236254391282357e-04, -1.223604241403747e-11, -1.149777449698638e-04, -1.627684443321825e-06
1751, 0.000000000000000e+00, 3.926990816987241e-01, 2.356194490192345e+00, -5.443753577181681e-04, -1.264129343074037e-11, -9.874141472295825e-05, -1.483289637173263e-06
1752, 3.926990816987241e-01, 3.926990816987241e-01, 2.356194490192345e+00, -5.658341599279976e-04, -1.947685216885359e-05, -3.042148612831322e-07, -1.504679718740277e-06
1753, 7.853981633974483e-01, 3.926990816987241e-01, 2.356194490192345e+00, -5.877312178257476e-04, 2.729763731936118e-11, 9.813562492034774e-05, -1.530867157962920e-06
1754, 1.178097245096172e+00, 3.926990816987241e-01, 2.356194490192345e+00, -5.658527650561026e-04, 1.947689311153910e-05, -3.042543432808533e-07, -1.504705938100617e-06
1755, 1.570796326794897e+00, 3.926990816987241e-01, 2.356194490192345e+00, -5.444012571243894e-04, 5.545318217849069e-12, -9.874148283631974e-05, -1.483334548056165e-06
1756, 1.963495408493621e+00, 3.926990816987241e-01, 2.356194490192345e+00, -5.658574684943767e-04, -1.947687947992784e-05, -3.043056502359699e-07, -1.504735272206383e-06
1757, 2.356194490192345e+00, 3.926990816987241e-01, 2.356194490192345e+00, -5.877420132634276e-04, -9.221565584899901e-12, 9.813552954713953e-05, -1.530922419247077e-06
1758, 2.748893571891069e+00, 3.926990816987241e-01, 2.356194490192345e+00, -5.658514016364089e-04, 1.947686762957218e-05, -3.043396765685169e-07, -1.504753485717478e-06
1759, 3.141592653589793e+00, 3.926990816987241e-01, 2.356194490192345e+00, -5.443938159270758e-04, -1.839736959694552e-13, -9.874154785703526e-05, -1.483369906980655e-06
1760, 3.534291735288517e+00, 3.926990816987241e-01, 2.356194490192345e+00, -5.658513965612101e-04, -1.947686721722478e-05, -3.043439041900335e-07, -1.504755959069220e-06
1761, 3.926990816987241e+00, 3.926990816987241e-01, 2.356194490192345e+00, -5.877425594569962e-04, 1.167796481861148e-11, 9.813552141895521e-05, -1.530927239247328e-06
1762, 4.319689898685965e+00, 3.926990816987241e-01, 2.356194490192345e+00, -5.658594531995665e-04, 1.947688439124022e-05, -3.043169822351425e-07, -1.504742151398922e-06
1763, 4.712388980384690e+00, 3.926990816987241e-01, 2.356194490192345e+00, -5.444054781398742e-04, 9.429778812773586e-13, -9.874149622091417e-05, -1.483342960910930e-06
1764, 5.105088062083414e+00, 3.926990816987241e-01, 2.356194490192345e+00, -5.658593810579460e-04, -1.947688742090624e-05, -3.042680512880145e-07, -1.504714997422031e-06
1765, 5.497787143782138e+00, 3.926990816987241e-01, 2.356194490192345e+00, -5.877391722741843e-04, -2.614527395164087e-11, 9.813561330696310e-05, -1.530875470137690e-06
1766, 5.890486225480862e+00, 3.926990816987241e-01, 2.356194490192345e+00, -5.658406741287036e-04, 1.947684389327359e-05, -3.042214967735036e-07, -1.504685267198405e-06
1767, 6.283185307179586e+00, 3.926990816987241e-01, 2.356194490192345e+00, -5.443753577181681e-04, -1.264129343074037e-11, -9.874141472295825e-05, -1.483289637173263e-06
1768, 0.000000000000000e+00, 7.853981633974483e-01, 2.356194490192345e+00, -3.473573143455501e-04, -5.438865545180689e-12, -6.167039718499912e-05, -1.099892091081707e-06
1769, 3.926990816987241e-01, 7.853981633974483e-01, 2.356194490192345e+00, -3.772692450395990e-04, -2.513316283311508e-05, -6.704720773401004e-07, -1.125279843675461e-06
1770, 7.853981633974483e-01, 7.853981633974483e-01, 2.356194490192345e+00, -4.083266606233366e-04, -6.214126624490109e-12, 6.033006778703966e-05, -1.163990876228341e-06
1771, 1.178097245096172e+00, 7.853981633974483e-01, 2.356194490192345e+00, -3.772631487073102e-04, 2.513314503998213e-05, -6.705583353648922e-07, -1.125302107196891e-06
1772, 1.570796326794897e+00, 7.853981633974483e-01, 2.356194490192345e+00, -3.473402710349201e-04, -3.533048538086210e-11, -6.167054813587127e-05, -1.099930047632411e-06
1773, 1.963495408493621e+00, 7.853981633974483e-01, 2.356194490192345e+00, -3.772368006815919e-04, -2.513320781827149e-05, -6.706650191613341e-07, -1.125326150968061e-06
1774, 2.356194490192345e+00, 7.853981633974483e-01, 2.356194490192345e+00, -4.082795532342678e-04, -3.601273485334971e-11, 6.032986849438725e-05, -1.164036325800249e-06
1775, 2.748893571891069e+00, 7.853981633974483e-01, 2.356194490192345e+00, -3.772101524426521e-04, 2.513314466185973e-05, -6.707356542166666e-07, -1.125340793096900e-06
1776, 3.141592653589793e+00, 7.853981633974483e-01, 2.356194490192345e+00, -3.472935048962571e-04, -3.508138885237949e-12, -6.167068310819976e-05, -1.099958597130923e-06
1777, 3.534291735288517e+00, 7.853981633974483e-01, 2.356194490192345e+00, -3.772075865356287e-04, -2.513315065146771e-05, -6.707444491390143e-07, -1.125342786465121e-06
1778, 3.926990816987241e+00, 7.853981633974483e-01, 2.356194490192345e+00, -4.082751771852841e-04, 3.283720660183946e-11, 6.032985159124525e-05, -1.164040224830058e-06
1779, 4.319689898685965e+00, 7.853981633974483e-01, 2.356194490192345e+00, -3.772319242475042e-04, 2.513320848340375e-05, -6.706885811490702e-07, -1.125331749402268e-06
1780, 4.712388980384690e+00, 7.853981633974483e-01, 2.356194490192345e+00, -3.473363824397103e-04, 3.971679843273958e-11, -6.167057600837136e-05, -1.099936952964787e-06
1781, 5.105088062083414e+00, 7.853981633974483e-01, 2.356194490192345e+00, -3.772614181609370e-04, -2.513313842126734e-05, -6.705871230251132e-07, -1.125309631278093e-06
1782, 5.497787143782138e+00, 7.853981633974483e-01, 2.356194490192345e+00, -4.083273825621967e-04, 1.210137317880738e-11, 6.033004258432006e-05, -1.163997890740141e-06
1783, 5.890486225480862e+00, 7.853981633974483e-01, 2.356194490192345e+00, -3.772712438236598e-04, 2.513316339078338e-05, -6.704881638501580e-07, -1.125284614053810e-06
1784, 6.283185307179586e+00, 7.853981633974483e-01, 2.356194490192345e+00, -3.473573143455501e-04, -5.438865545180689e-12, -6.167039718499912e-05, -1.099892091081707e-06
1785, 0.000000000000000e+00, 1.178097245096172e+00, 2.356194490192345e+00, -1.903553559740173e-05, 6.730816739464650e-12, -2.725933265253613e-05, -5.169337282138822e-07
1786, 3.926990816987241e-01, 1.178097245096172e+00, 2.356194490192345e+00, -4.257347972816942e-05, -1.743812186848540e-05, -1.035642900532940e-06, -5.354176036997485e-07
1787, 7.853981633974483e-01, 1.178097245096172e+00, 2.356194490192345e+00, -6.689816995788613e-05, -6.149714011668675e-11, 2.518640413380735e-05, -5.625492201470922e-07
1788, 1.178097245096172e+00, 1.178097245096172e+00, 2.356194490192345e+00, -4.252666311198743e-05, 1.743800700752826e-05, -1.035763609997369e-06, -5.354332415328136e-07
1789, 1.570796326794897e+00, 1.178097245096172e+00, 2.356194490192345e+00, -1.894782260408579e-05, -1.006183163102173e-10, -2.725954343254836e-05, -5.169601200650489e-07
1790, 1.963495408493621e+00, 1.178097245096172e+00, 2.356194490192345e+00, -4.245064253051808e-05, -1.743819226770278e-05, -1.035909614232457e-06, -5.354491797658741e-07
1791, 2.356194490192345e+00, 1.178097245096172e+00, 2.356194490192345e+00, -6.675812146354496e-05, -7.872869780766662e-11, 2.518613067647420e-05, -5.625794909981409e-07
1792, 2.748893571891069e+00, 1.178097245096172e+00, 2.356194490192345e+00, -4.239117400573192e-05, 1.743804730459471e-05, -1.036005904075117e-06, -5.354584148008978e-07
1793, 3.141592653589793e+00, 1.178097245096172e+00, 2.356194490192345e+00, -1.883832497785668e-05, -8.811183698281034e-12, -2.725972753074585e-05, -5.169783434102585e-07
1794, 3.534291735288517e+00, 1.178097245096172e+00, 2.356194490192345e+00, -4.238452309709886e-05, -1.743806350381600e-05, -1.036017884813058e-06, -5.354596804652207e-07
1795, 3.926990816987241e+00, 1.178097245096172e+00, 2.356194490192345e+00, -6.674589477879666e-05, 6.657603671348568e-11, 2.518610765061850e-05, -5.625819938741363e-07
1796, 4.319689898685965e+00, 1.178097245096172e+00, 2.356194490192345e+00, -4.243482039656976e-05, 1.743818614414967e-05, -1.035941727944228e-06, -5.354528343807657e-07
1797, 4.712388980384690e+00, 1.178097245096172e+00, 2.356194490192345e+00, -1.893097077472190e-05, 1.015212557439057e-10, -2.725958150488544e-05, -5.169647235432246e-07
1798, 5.105088062083414e+00, 1.178097245096172e+00, 2.356194490192345e+00, -4.251149737208368e-05, -1.743799931512130e-05, -1.035803162265706e-06, -5.354383760317202e-07
1799, 5.497787143782138e+00, 1.178097245096172e+00, 2.356194490192345e+00, -6.688704539718812e-05, 7.436137011171064e-11, 2.518636912073171e-05, -5.625541187297548e-07
1800, 5.890486225480862e+00, 1.178097245096172e+00, 2.356194490192345e+00, -4.256785753203457e-05, 1.743813695337154e-05, -1.035665515769117e-06, -5.354209988295632e-07
1801, 6.283185307179586e+00, 1.178097245096172e+00, 2.356194490192345e+00, -1.903553559740173e-05, 6.730816739464650e-12, -2.725933265253613e-05, -5.169337282138822e-07
1802, 0.000000000000000e+00, 1.570796326794897e+00, 2.356194490192345e+00, 4.197772891073732e-04, 2.177676267995048e-11, -8.406268425743073e-06, 1.336879392982290e-07
1803, 3.926990816987241e-01, 1.570796326794897e+00, 2.356194490192345e+00, 4.096159678480578e-04, -7.138523599120120e-06, -1.257786900286321e-06, 1.276042809848224e-07
1804, 7.853981633974483e-01, 1.570796326794897e+00, 2.356194490192345e+00, 3.992666446404452e-04, -1.301833787288629e-10, 5.889481108779013e-06, 1.194720522248711e-07
1805, 1.178097245096172e+00, 1.570796326794897e+00, 2.356194490192345e+00, 4.097133272336253e-04, 7.138288451032587e-06, -1.257923142695886e-06, 1.275968990364203e-07
1806, 1.570796326794897e+00, 1.570796326794897e+00, 2.356194490192345e+00, 4.199525060845898e-04, -1.804972115683370e-10, -8.406505821736864e-06, 1.336758395267648e-07
1807, 1.963495408493621e+00, 1.570796326794897e+00, 2.356194490192345e+00, 4.098501651682977e-04, -7.138623849279242e-06, -1.258086462538746e-06, 1.275906262898019e-07
1808, 2.356194490192345e+00, 1.570796326794897e+00, 2.356194490192345e+00, 3.995206660849107e-04, -1.307990655005228e-10, 5.889174926295809e-06, 1.194599711309114e-07
1809, 2.748893571891069e+00, 1.570796326794897e+00, 2.356194490192345e+00, 4.099496544775613e-04, 7.138379106337125e-06, -1.258193730735001e-06, 1.275877446110526e-07
1810, 3.141592653589793e+00, 1.570796326794897e+00, 2.356194490192345e+00, 4.201385517564053e-04, -1.527081286471547e-11, -8.406711070700683e-06, 1.336697819412657e-07
1811, 3.534291735288517e+00, 1.570796326794897e+00, 2.356194490192345e+00, 4.099612818477948e-04, -7.138407742824082e-06, -1.258207061576447e-06, 1.275873332623645e-07
1812, 3.926990816987241e+00, 1.570796326794897e+00, 2.356194490192345e+00, 3.995424587534638e-04, 1.076996107953896e-10, 5.889149295822729e-06, 1.194591090312858e-07
1813, 4.319689898685965e+00, 1.570796326794897e+00, 2.356194490192345e+00, 4.098793355286858e-04, 7.138609402220990e-06, -1.258122244156831e-06, 1.275892629343285e-07
1814, 4.712388980384690e+00, 1.570796326794897e+00, 2.356194490192345e+00, 4.199852000065715e-04, 1.770143202820159e-10, -8.406548326280865e-06, 1.336739683195675e-07
1815, 5.105088062083414e+00, 1.570796326794897e+00, 2.356194490192345e+00, 4.097449792411586e-04, -7.138279666751285e-06, -1.257967431168710e-06, 1.275946372190250e-07
1816, 5.497787143782138e+00, 1.570796326794897e+00, 2.356194490192345e+00, 3.992923877051785e-04, 1.514603694271843e-10, 5.889441792571243e-06, 1.194697407502798e-07
1817, 5.890486225480862e+00, 1.570796326794897e+00, 2.356194490192345e+00, 4.096310303770397e-04, 7.138556668076598e-06, -1.257812294139683e-06, 1.276025882604944e-07
1818, 6.283185307179586e+00, 1.570796326794897e+00, 2.356194490192345e+00, 4.197772891073732e-04, 2.177676267995048e-11, -8.406268425743073e-06, 1.336879392982290e-07
1819, 0.000000000000000e+00, 1.963495408493621e+00, 2.356194490192345e+00, 9.016324954735451e-04, 3.728577091497733e-11, -2.263719599852875e-06, 7.036819500646736e-07
1820, 3.926990816987241e-01, 1.963495408493621e+00, 2.356194490192345e+00, 9.019531752465655e-04, -1.561304648022573e-06, -1.239587030722617e-06, 7.066108269929205e-07
1821, 7.853981633974483e-01, 1.963495408493621e+00, 2.356194490192345e+00, 9.023293369497057e-04, -2.014529672263480e-10, -2.156968833647003e-07, 7.096738174611464e-07
1822, 1.178097245096172e+00, 1.963495408493621e+00, 2.356194490192345e+00, 9.021029533337722e-04, 1.560944892004407e-06, -1.239717353074619e-06, 7.066119764366465e-07
1823, 1.570796326794897e+00, 1.963495408493621e+00, 2.356194490192345e+00, 9.018983576491676e-04, -2.628915702903666e-10, -2.263946504116208e-06, 7.036845553208582e-07
1824, 1.963495408493621e+00, 1.963495408493621e+00, 2.356194490192345e+00, 9.023025368959710e-04, -1.561435250221092e-06, -1.239873139967159e-06, 7.066155012635018e-07
1825, 2.356194490192345e+00, 1.963495408493621e+00, 2.356194490192345e+00, 9.027009987221496e-04, -1.843140043071552e-10, -2.159889814888714e-07, 7.096802066720364e-07
1826, 2.748893571891069e+00, 1.963495408493621e+00, 2.356194490192345e+00, 9.024431712725031e-04, 1.561087883826263e-06, -1.239975145585452e-06, 7.066189774598853e-07
1827, 3.141592653589793e+00, 1.963495408493621e+00, 2.356194490192345e+00, 9.021631588035268e-04, -2.190338794852644e-11, -2.264141816241005e-06, 7.036907049674026e-07
1828, 3.534291735288517e+00, 1.963495408493621e+00, 2.356194490192345e+00, 9.024599094680643e-04, -1.561129295902311e-06, -1.239987810416014e-06, 7.066194193705908e-07
1829, 3.926990816987241e+00, 1.963495408493621e+00, 2.356194490192345e+00, 9.027326202400861e-04, 1.499502053914079e-10, -2.160133440720932e-07, 7.096809862090068e-07
1830, 4.319689898685965e+00, 1.963495408493621e+00, 2.356194490192345e+00, 9.023454354556255e-04, 1.561412197243823e-06, -1.239907182912747e-06, 7.066164384936658e-07
1831, 4.712388980384690e+00, 1.963495408493621e+00, 2.356194490192345e+00, 9.019473697378799e-04, 2.548136811247253e-10, -2.263986992604380e-06, 7.036854429027361e-07
1832, 5.105088062083414e+00, 1.963495408493621e+00, 2.356194490192345e+00, 9.021516180553812e-04, -1.560935055508071e-06, -1.239759585423188e-06, 7.066126348104619e-07
1833, 5.497787143782138e+00, 1.963495408493621e+00, 2.356194490192345e+00, 9.023701832045003e-04, 2.314098121876807e-10, -2.157343787763390e-07, 7.096741496820218e-07
1834, 5.890486225480862e+00, 1.963495408493621e+00, 2.356194490192345e+00, 9.019779853278244e-04, 1.561356330113874e-06, -1.239611217753416e-06, 7.066108750760520e-07
1835, 6.283185307179586e+00, 1.963495408493621e+00, 2.356194490192345e+00, 9.016324954735451e-04, 3.728577091497733e-11, -2.263719599852875e-06, 7.036819500646736e-07
1836, 0.000000000000000e+00, 2.356194490192345e+00, 2.356194490192345e+00, 1.334564689709486e-03, 5.086710613157085e-11, -1.028923178565699e-06, 1.108371491259966e-06
1837, 3.926990816987241e-01, 2.356194490192345e+00, 2.356194490192345e+00, 1.338396862074948e-03, -1.422795673768008e-07, -9.777297783160551e-07, 1.112781888886594e-06
1838, 7.853981633974483e-01, 2.356194490192345e+00, 2.356194490192345e+00, 1.342312285512199e-03, -2.641362723400299e-10, -9.264897335166641e-07, 1.117385752781542e-06
1839, 1.178097245096172e+00, 2.356194490192345e+00, 2.356194490192345e+00, 1.338592737598838e-03, 1.418102778722019e-07, -9.778339070582632e-07, 1.112790485948444e-06
1840, 1.570796326794897e+00, 2.356194490192345e+00, 2.356194490192345e+00, 1.334910239939498e-03, -3.352408315529154e-10, -1.029104450765529e-06, 1.108386911746319e-06
1841, 1.963495408493621e+00, 2.356194490192345e+00, 2.356194490192345e+00, 1.338847416756850e-03, -1.424367052632023e-07, -9.779583195418215e-07, 1.112802498821312e-06
1842, 2.356194490192345e+00, 2.356194490192345e+00, 2.356194490192345e+00, 1.342787243142453e-03, -2.311800804615277e-10, -9.267229751007272e-07, 1.117408147468714e-06
1843, 2.748893571891069e+00, 2.356194490192345e+00, 2.356194490192345e+00, 1.339024093589159e-03, 1.419994105923668e-07, -9.780396282420470e-07, 1.112811432502799e-06
1844, 3.141592653589793e+00, 2.356194490192345e+00, 2.356194490192345e+00, 1.335244067818869e-03, -2.770904795464853e-11, -1.029260206603862e-06, 1.108403562002658e-06
1845, 3.534291735288517e+00, 2.356194490192345e+00, 2.356194490192345e+00, 1.339045306404421e-03, -1.420520109716098e-07, -9.780497227761718e-07, 1.112812605511803e-06
1846, 3.926990816987241e+00, 2.356194490192345e+00, 2.356194490192345e+00, 1.342827474012776e-03, 1.869357066688571e-10, -9.267424015460453e-07, 1.117410336176542e-06
1847, 4.319689898685965e+00, 2.356194490192345e+00, 2.356194490192345e+00, 1.338902349121527e-03, 1.424060818570249e-07, -9.779854812269161e-07, 1.112805416808589e-06
1848, 4.712388980384690e+00, 2.356194490192345e+00, 2.356194490192345e+00, 1.334973568044465e-03, 3.231029857838177e-10, -1.029136772583665e-06, 1.108390183312302e-06
1849, 5.105088062083414e+00, 2.356194490192345e+00, 2.356194490192345e+00, 1.338656335733364e-03, -1.417995258218065e-07, -9.778676257962152e-07, 1.112793675743009e-06
1850, 5.497787143782138e+00, 2.356194490192345e+00, 2.356194490192345e+00, 1.342366386570020e-03, 3.017341463835147e-10, -9.265196554870209e-07, 1.117388379812836e-06
1851, 5.890486225480862e+00, 2.356194490192345e+00, 2.356194490192345e+00, 1.338430218117651e-03, 1.423475996195473e-07, -9.777490608436430e-07, 1.112783446873320e-06
1852, 6.283185307179586e+00, 2.356194490192345e+00, 2.356194490192345e+00, 1.334564689709486e-03, 5.086710613157085e-11, -1.028923178565699e-06, 1.108371491259966e-06
1853, 0.000000000000000e+00, 2.748893571891069e+00, 2.356194490192345e+00, 1.633155336881497e-03, 6.046811069717497e-11, -5.415475927138131e-07, 1.335220644458005e-06
1854, 3.926990816987241e-01, 2.748893571891069e+00, 2.356194490192345e+00, 1.635773926269575e-03, -1.129819226261529e-08, -5.350938094043646e-07, 1.337338734558219e-06
1855, 7.853981633974483e-01, 2.748893571891069e+00, 2.356194490192345e+00, 1.638467898958038e-03, -3.085277133657118e-10, -5.286144582229777e-07, 1.339494313207226e-06
1856, 1.178097245096172e+00, 2.748893571891069e+00, 2.356194490192345e+00, 1.636002446743867e-03, 1.075134364373197e-08, -5.351557212443139e-07, 1.337352550488906e-06
1857, 1.570796326794897e+00, 2.748893571891069e+00, 2.356194490192345e+00, 1.633557317263957e-03, -3.864645160010590e-10, -5.416553661208256e-07, 1.335245038821357e-06
1858, 1.963495408493621e+00, 2.748893571891069e+00, 2.356194490192345e+00, 1.636296131863967e-03, -1.147409604187393e-08, -5.352296847374685e-07, 1.337370490526309e-06
1859, 2.356194490192345e+00, 2.748893571891069e+00, 2.356194490192345e+00, 1.639015978469322e-03, -2.643080023524585e-10, -5.287531059922664e-07, 1.339527883052451e-06
1860, 2.748893571891069e+00, 2.748893571891069e+00, 2.356194490192345e+00, 1.636498290181664e-03, 1.097320746873986e-08, -5.352779727601354e-07, 1.337383211958661e-06
1861, 3.141592653589793e+00, 2.748893571891069e+00, 2.356194490192345e+00, 1.633939963845574e-03, -3.181635459811455e-11, -5.417478960272224e-07, 1.335268987784119e-06
1862, 3.534291735288517e+00, 2.748893571891069e+00, 2.356194490192345e+00, 1.636522669104572e-03, -1.103372603876256e-08, -5.352839817119076e-07, 1.337384892194209e-06
1863, 3.926990816987241e+00, 2.748893571891069e+00, 2.356194490192345e+00, 1.639062302960306e-03, 2.130640687009302e-10, -5.287646723763841e-07, 1.339531050853923e-06
1864, 4.319689898685965e+00, 2.748893571891069e+00, 2.356194490192345e+00, 1.636359585094341e-03, 1.143810325503589e-08, -5.352458603774766e-07, 1.337374787711563e-06
1865, 4.712388980384690e+00, 2.748893571891069e+00, 2.356194490192345e+00, 1.633630785307105e-03, 3.714464265158082e-10, -5.416746164357257e-07, 1.335249974109313e-06
1866, 5.105088062083414e+00, 2.748893571891069e+00, 2.356194490192345e+00, 1.636076621919994e-03, -1.073993628213140e-08, -5.351757994886666e-07, 1.337357509782514e-06
1867, 5.497787143782138e+00, 2.748893571891069e+00, 2.356194490192345e+00, 1.638531383939279e-03, 3.515513470886197e-10, -5.286322668806471e-07, 1.339498545283618e-06
1868, 5.890486225480862e+00, 2.748893571891069e+00, 2.356194490192345e+00, 1.635813328012981e-03, 1.137780523819536e-08, -5.351052786554934e-07, 1.337341348378765e-06
1869, 6.283185307179586e+00, 2.748893571891069e+00, 2.356194490192345e+00, 1.633155336881497e-03, 6.046811069717497e-11, -5.415475927138131e-07, 1.335220644458005e-06
1870, 0.000000000000000e+00, 3.141592653589793e+00, 2.356194490192345e+00, 1.740840227504371e-03, 6.465298473894411e-11, -7.365328989079405e-09, 1.407127013578965e-06
1871, 3.926990816987241e-01, 3.141592653589793e+00, 2.356194490192345e+00, 1.740865560741574e-03, -1.802006320558848e-10, 1.033659046455927e-10, 1.407133211355017e-06
1872, 7.853981633974483e-01, 3.141592653589793e+00, 2.356194490192345e+00, 1.740964898478140e-03, -3.278174911166101e-10, 7.568978809228573e-09, 1.407135345419758e-06
1873, 1.178097245096172e+00, 3.141592653589793e+00, 2.356194490192345e+00, 1.741108265367973e-03, -4.003430583575879e-10, 9.313193128823140e-11, 1.407149234236149e-06
1874, 1.570796326794897e+00, 3.141592653589793e+00, 2.356194490192345e+00, 1.741266720900310e-03, -4.087075820922975e-10, -7.383119876479042e-09, 1.407155198211859e-06
1875, 1.963495408493621e+00, 3.141592653589793e+00, 2.356194490192345e+00, 1.741418888150747e-03, -3.642364876974280e-10, 8.095271300965515e-11, 1.407169665742414e-06
1876, 2.356194490192345e+00, 3.141592653589793e+00, 2.356194490192345e+00, 1.741544729615631e-03, -2.786786648412035e-10, 7.546139189669646e-09, 1.407173614225055e-06
1877, 2.748893571891069e+00, 3.141592653589793e+00, 2.356194490192345e+00, 1.741632101883762e-03, -1.642489407603551e-10, 7.301447566652694e-11, 1.407183970356066e-06
1878, 3.141592653589793e+00, 3.141592653589793e+00, 2.356194490192345e+00, 1.741670554998395e-03, -3.360955985097812e-11, -7.398346446370345e-09, 1.407182202208386e-06
1879, 3.534291735288517e+00, 3.141592653589793e+00, 2.356194490192345e+00, 1.741657863144928e-03, 1.002729960896008e-10, 7.199258237792275e-11, 1.407185863745974e-06
1880, 3.926990816987241e+00, 3.141592653589793e+00, 2.356194490192345e+00, 1.741593714812313e-03, 2.243779188109489e-10, 7.544172851776803e-09, 1.407177193949263e-06
1881, 4.319689898685965e+00, 3.141592653589793e+00, 2.356194490192345e+00, 1.741486062035094e-03, 3.258993533196741e-10, 7.820466232259373e-11, 1.407174544215773e-06
1882, 4.712388980384690e+00, 3.141592653589793e+00, 2.356194490192345e+00, 1.741344616077790e-03, 3.924344128829075e-10, -7.386386831532740e-09, 1.407160836209336e-06
1883, 5.105088062083414e+00, 3.141592653589793e+00, 2.356194490192345e+00, 1.741187057090323e-03, 4.120413876377319e-10, 8.972876909717263e-11, 1.407154942548305e-06
1884, 5.497787143782138e+00, 3.141592653589793e+00, 2.356194490192345e+00, 1.741032477346356e-03, 3.732137167030550e-10, 7.565963866979838e-09, 1.407140258285601e-06
1885, 5.890486225480862e+00, 3.141592653589793e+00, 2.356194490192345e+00, 1.740907598704643e-03, 2.648668945143933e-10, 1.014258218657325e-10, 1.407136273867258e-06
1886, 6.283185307179586e+00, 3.141592653589793e+00, 2.356194490192345e+00, 1.740840227504371e-03, 6.465298473894411e-11, -7.365328989079405e-09, 1.407127013578965e-06
1887, 0.000000000000000e+00, 3.534291735288517e+00, 2.356194490192345e+00, 1.638271509186113e-03, 6.280137789954013e-11, 5.287752762706196e-07, 1.339472936801737e-06
1888, 3.926990816987241e-01, 3.534291735288517e+00, 2.356194490192345e+00, 1.635695548389611e-03, 1.095389471815761e-08, 5.352858086134564e-07, 1.337324609140219e-06
1889, 7.853981633974483e-01, 3.534291735288517e+00, 2.356194490192345e+00, 1.633197400019415e-03, -3.190632882314187e-10, 5.417650746268564e-07, 1.335214096941235e-06
1890, 1.178097245096172e+00, 3.534291735288517e+00, 2.356194490192345e+00, 1.635931811598810e-03, -1.151912638353758e-08, 5.353288052725505e-07, 1.337339498779912e-06
1891, 1.570796326794897e+00, 3.534291735288517e+00, 2.356194490192345e+00, 1.638686852091276e-03, -3.985623760583590e-10, 5.288501720236303e-07, 1.339499164730468e-06
1892, 1.963495408493621e+00, 3.534291735288517e+00, 2.356194490192345e+00, 1.636234710764426e-03, 1.077361307803720e-08, 5.353802655331289e-07, 1.337358617641625e-06
1893, 2.356194490192345e+00, 3.534291735288517e+00, 2.356194490192345e+00, 1.633762759435302e-03, -2.721144258730579e-10, 5.418615158734429e-07, 1.335249896758999e-06
1894, 2.748893571891069e+00, 3.534291735288517e+00, 2.356194490192345e+00, 1.636442876796612e-03, -1.128950494187258e-08, 5.354138748334961e-07, 1.337372077576290e-06
1895, 3.141592653589793e+00, 3.534291735288517e+00, 2.356194490192345e+00, 1.639081021256823e-03, -3.282014000518376e-11, 5.289145517281848e-07, 1.339524544004946e-06
1896, 3.534291735288517e+00, 3.534291735288517e+00, 2.356194490192345e+00, 1.636468029428549e-03, 1.122705144134260e-08, 5.354179921268652e-07, 1.337373860717241e-06
1897, 3.926990816987241e+00, 3.534291735288517e+00, 2.356194490192345e+00, 1.633810572798160e-03, 2.191612833487267e-10, 5.418694417846117e-07, 1.335253263762427e-06
1898, 4.319689898685965e+00, 3.534291735288517e+00, 2.356194490192345e+00, 1.636300244976056e-03, -1.081091365646152e-08, 5.353913522508392e-07, 1.337363196891586e-06
1899, 4.712388980384690e+00, 3.534291735288517e+00, 2.356194490192345e+00, 1.638762794396381e-03, 3.828483876363777e-10, 5.288633706352256e-07, 1.339504442930990e-06
1900, 5.105088062083414e+00, 3.534291735288517e+00, 2.356194490192345e+00, 1.636008564605356e-03, 1.153070221780354e-08, 5.353425772827394e-07, 1.337344826526106e-06
1901, 5.497787143782138e+00, 3.534291735288517e+00, 2.356194490192345e+00, 1.633263169147813e-03, 3.634148208728300e-10, 5.417772944081338e-07, 1.335218667262690e-06
1902, 5.890486225480862e+00, 3.534291735288517e+00, 2.356194490192345e+00, 1.635736420201837e-03, -1.087146241880720e-08, 5.352936802139107e-07, 1.337327448382311e-06
1903, 6.283185307179586e+00, 3.534291735288517e+00, 2.356194490192345e+00, 1.638271509186113e-03, 6.280137789954013e-11, 5.287752762706196e-07, 1.339472936801737e-06
1904, 0.000000000000000e+00, 3.926990816987241e+00, 2.356194490192345e+00, 1.342065252027192e-03, 5.519469139303887e-11, 9.265849547231243e-07, 1.117354890790764e-06
1905, 3.926990816987241e-01, 3.926990816987241e+00, 2.356194490192345e+00, 1.338251304442825e-03, 1.419811420251070e-07, 9.778795398866474e-07, 1.112755521806983e-06
1906, 7.853981633974483e-01, 3.926990816987241e+00, 2.356194490192345e+00, 1.334525098846143e-03, -2.836052071474160e-10, 1.029123115131521e-06, 1.108350223223349e-06
1907, 1.178097245096172e+00, 3.926990816987241e+00, 2.356194490192345e+00, 1.338461487252744e-03, -1.424844005692905e-07, 9.779691955904565e-07, 1.112766103883013e-06
1908, 1.570796326794897e+00, 3.926990816987241e+00, 2.356194490192345e+00, 1.342435491043514e-03, -3.575928426507510e-10, 9.267410757873226e-07, 1.117373702128640e-06
1909, 1.963495408493621e+00, 3.926990816987241e+00, 2.356194490192345e+00, 1.338733191132197e-03, 1.418159145688598e-07, 9.780763882497728e-07, 1.112780299363867e-06
1910, 2.356194490192345e+00, 3.926990816987241e+00, 2.356194490192345e+00, 1.335031987901953e-03, -2.456168825339082e-10, 1.029324047809371e-06, 1.108376748700360e-06
1911, 2.748893571891069e+00, 3.926990816987241e+00, 2.356194490192345e+00, 1.338920977305529e-03, -1.422809490161844e-07, 9.781464275702840e-07, 1.112790609257250e-06
1912, 3.141592653589793e+00, 3.926990816987241e+00, 2.356194490192345e+00, 1.342790622099109e-03, -2.956689908330899e-11, 9.268752366474266e-07, 1.117393013473479e-06
1913, 3.534291735288517e+00, 3.926990816987241e+00, 2.356194490192345e+00, 1.338943622229904e-03, 1.422247668653818e-07, 9.781550648821330e-07, 1.112791974405804e-06
1914, 3.926990816987241e+00, 3.926990816987241e+00, 2.356194490192345e+00, 1.335074975003989e-03, 1.982071141015125e-10, 1.029340668404901e-06, 1.108379308875492e-06
1915, 4.319689898685965e+00, 3.926990816987241e+00, 2.356194490192345e+00, 1.338791976722622e-03, -1.418489621923934e-07, 9.780996243909126e-07, 1.112783742372575e-06
1916, 4.712388980384690e+00, 3.926990816987241e+00, 2.356194490192345e+00, 1.342503401962764e-03, 3.441620869576686e-10, 9.267687240677612e-07, 1.117377610740217e-06
1917, 5.105088062083414e+00, 3.926990816987241e+00, 2.356194490192345e+00, 1.338529861696729e-03, 1.424954601932395e-07, 9.779980377129696e-07, 1.112769977155114e-06
1918, 5.497787143782138e+00, 3.926990816987241e+00, 2.356194490192345e+00, 1.334583433603404e-03, 3.236602607548474e-10, 1.029148709180530e-06, 1.108353477292139e-06
1919, 5.890486225480862e+00, 3.926990816987241e+00, 2.356194490192345e+00, 1.338287386232731e-03, -1.419078848823072e-07, 9.778960327459942e-07, 1.112757497802327e-06
1920, 6.283185307179586e+00, 3.926990816987241e+00, 2.356194490192345e+00, 1.342065252027192e-03, 5.519469139303887e-11, 9.265849547231243e-07, 1.117354890790764e-06
1921, 0.000000000000000e+00, 4.319689898685965e+00, 2.356194490192345e+00, 9.020599174171776e-04, 4.297672231489109e-11, 2.157129632869873e-07, 7.096382722725669e-07
1922, 3.926990816987241e-01, 4.319689898685965e+00, 2.356194490192345e+00, 9.017613459328815e-04, 1.561074886186779e-06, 1.239672658373541e-06, 7.065757562929026e-07
1923, 7.853981633974483e-01, 4.319689898685965e+00, 2.356194490192345e+00, 9.015241247840399e-04, -2.268732897896278e-10, 2.263872430511682e-06, 7.036481423542399e-07
1924, 1.178097245096172e+00, 4.319689898685965e+00, 2.356194490192345e+00, 9.019298046610552e-04, -1.561479002575694e-06, 1.239795217923253e-06, 7.065794986427961e-07
1925, 1.570796326794897e+00, 4.319689898685965e+00, 2.356194490192345e+00, 9.023580145591374e-04, -2.920938795583419e-10, 2.159263541948067e-07, 7.096453117396379e-07
1926, 1.963495408493621e+00, 4.319689898685965e+00, 2.356194490192345e+00, 9.021516313068367e-04, 1.560933691927864e-06, 1.239941685488522e-06, 7.065858894495456e-07
1927, 2.356194490192345e+00, 4.319689898685965e+00, 2.356194490192345e+00, 9.019375083452699e-04, -2.032083337482903e-10, 2.264147048750983e-06, 7.036599576749328e-07
1928, 2.748893571891069e+00, 4.319689898685965e+00, 2.356194490192345e+00, 9.023068027102813e-04, -1.561317348255841e-06, 1.240037524678657e-06, 7.065911934050110e-07
1929, 3.141592653589793e+00, 4.319689898685965e+00, 2.356194490192345e+00, 9.026506819264595e-04, -2.433753013471464e-11, 2.161098779621795e-07, 7.096549858462605e-07
1930, 3.534291735288517e+00, 4.319689898685965e+00, 2.356194490192345e+00, 9.023254174542724e-04, 1.561271242228653e-06, 1.240049386240332e-06, 7.065918911071612e-07
1931, 3.926990816987241e+00, 4.319689898685965e+00, 2.356194490192345e+00, 9.019727423037494e-04, 1.646930056529316e-10, 2.264169862341165e-06, 7.036612307796086e-07
1932, 4.319689898685965e+00, 4.319689898685965e+00, 2.356194490192345e+00, 9.021995820239962e-04, -1.560959929432903e-06, 1.239973555944302e-06, 7.065875222687575e-07
1933, 4.712388980384690e+00, 4.319689898685965e+00, 2.356194490192345e+00, 9.024130385598092e-04, 2.823106751783721e-10, 2.159642474022961e-07, 7.096470407469412e-07
1934, 5.105088062083414e+00, 4.319689898685965e+00, 2.356194490192345e+00, 9.019847390495232e-04, 1.561489231924090e-06, 1.239834730986416e-06, 7.065810576869128e-07
1935, 5.497787143782138e+00, 4.319689898685965e+00, 2.356194490192345e+00, 9.015705321152837e-04, 2.600479498797868e-10, 2.263907501938774e-06, 7.036493001131620e-07
1936, 5.890486225480862e+00, 4.319689898685965e+00, 2.356194490192345e+00, 9.017897386059559e-04, -1.561016342693144e-06, 1.239695276482334e-06, 7.065763550243583e-07
1937, 6.283185307179586e+00, 4.319689898685965e+00, 2.356194490192345e+00, 9.020599174171776e-04, 4.297672231489109e-11, 2.157129632869873e-07, 7.096382722725669e-07
1938, 0.000000000000000e+00, 4.712388980384690e+00, 2.356194490192345e+00, 3.990063459737398e-04, 2.799510572153657e-11, -5.889546774488788e-06, 1.194372552380959e-07
1939, 3.926990816987241e-01, 4.712388980384690e+00, 2.356194490192345e+00, 4.094057133587897e-04, 7.138374739369436e-06, 1.257794986959177e-06, 1.275652906510814e-07
1940, 7.853981633974483e-01, 4.712388980384690e+00, 2.356194490192345e+00, 4.196234187095460e-04, -1.576141418606700e-10, 8.406350345996860e-06, 1.336456046658206e-07
1941, 1.178097245096172e+00, 4.712388980384690e+00, 2.356194490192345e+00, 4.095232345216987e-04, -7.138657798094655e-06, 1.257931482334067e-06, 1.275607046273979e-07
1942, 1.570796326794897e+00, 4.712388980384690e+00, 2.356194490192345e+00, 3.992163702325376e-04, -2.121147884868065e-10, -5.889309045988436e-06, 1.194299519635121e-07
1943, 1.963495408493621e+00, 4.712388980384690e+00, 2.356194490192345e+00, 4.096841526717384e-04, 7.138262921865483e-06, 1.258094773092688e-06, 1.275575685254055e-07
1944, 2.356194490192345e+00, 4.712388980384690e+00, 2.356194490192345e+00, 4.199225968256401e-04, -1.513066898767165e-10, 8.406656540493509e-06, 1.336394576267140e-07
1945, 2.748893571891069e+00, 4.712388980384690e+00, 2.356194490192345e+00, 4.097994165803184e-04, -7.138547033319399e-06, 1.258201911586582e-06, 1.275567194366473e-07
1946, 3.141592653589793e+00, 4.712388980384690e+00, 2.356194490192345e+00, 3.994326398484785e-04, -1.791571847462059e-11, -5.889104004826967e-06, 1.194277994716593e-07
1947, 3.534291735288517e+00, 4.712388980384690e+00, 2.356194490192345e+00, 4.098130833191950e-04, 7.138513294643452e-06, 1.258215217766561e-06, 1.275565930468174e-07
1948, 3.926990816987241e+00, 4.712388980384690e+00, 2.356194490192345e+00, 4.199483166995048e-04, 1.236895184403106e-10, 8.406682119301095e-06, 1.336391440973150e-07
1949, 4.319689898685965e+00, 4.712388980384690e+00, 2.356194490192345e+00, 4.097188184978433e-04, -7.138280842512073e-06, 1.258130472893188e-06, 1.275569755103246e-07
1950, 4.712388980384690e+00, 4.712388980384690e+00, 2.356194490192345e+00, 3.992556087076108e-04, 2.067603317767179e-10, -5.889266654693552e-06, 1.194290090316886e-07
1951, 5.105088062083414e+00, 4.712388980384690e+00, 2.356194490192345e+00, 4.095617182012491e-04, 7.138666992099874e-06, 1.257975632082484e-06, 1.275594337064974e-07
1952, 5.497787143782138e+00, 4.712388980384690e+00, 2.356194490192345e+00, 4.196552275736457e-04, 1.823844284842020e-10, 8.406389519261076e-06, 1.336442007332609e-07
1953, 5.890486225480862e+00, 4.712388980384690e+00, 2.356194490192345e+00, 4.094246874474000e-04, -7.138334188793029e-06, 1.257820276587070e-06, 1.275642040189711e-07
1954, 6.283185307179586e+00, 4.712388980384690e+00, 2.356194490192345e+00, 3.990063459737398e-04, 2.799510572153657e-11, -5.889546774488788e-06, 1.194372552380959e-07
1955, 0.000000000000000e+00, 5.105088062083414e+00, 2.356194490192345e+00, -6.711891502319517e-05, 1.254982788589596e-11, -2.518654296467835e-05, -5.625778542474806e-07
1956, 3.926990816987241e-01, 5.105088062083414e+00, 2.356194490192345e+00, -4.277105376475223e-05, 1.743805344165208e-05, 1.035570282147182e-06, -5.354549917714087e-07
1957, 7.853981633974483e-01, 5.105088062083414e+00, 2.356194490192345e+00, -1.920411340095237e-05, -8.663088861739741e-11, 2.725932870906767e-05, -5.169790944857794e-07
1958, 1.178097245096172e+00, 5.105088062083414e+00, 2.356194490192345e+00, -4.270575327839237e-05, -1.743821228718090e-05, 1.035699303946474e-06, -5.354680802779238e-07
1959, 1.570796326794897e+00, 5.105088062083414e+00, 2.356194490192345e+00, -6.699924696055642e-05, -1.298745593467579e-10, -2.518631787978799e-05, -5.625998438491721e-07
1960, 1.963495408493621e+00, 5.105088062083414e+00, 2.356194490192345e+00, -4.260746139813726e-05, 1.743797206102353e-05, 1.035854523725702e-06, -5.354810543030187e-07
1961, 2.356194490192345e+00, 5.105088062083414e+00, 2.356194490192345e+00, -1.902234423194213e-05, -9.775029689412488e-11, 2.725961961194571e-05, -5.170037777433363e-07
1962, 2.748893571891069e+00, 5.105088062083414e+00, 2.356194490192345e+00, -4.253336448631974e-05, -1.743815352651298e-05, 1.035956775155903e-06, -5.354883334153752e-07
1963, 3.141592653589793e+00, 5.105088062083414e+00, 2.356194490192345e+00, -6.686173384501147e-05, -1.126686849901459e-11, -2.518612234077990e-05, -5.626143235081193e-07
1964, 3.534291735288517e+00, 5.105088062083414e+00, 2.356194490192345e+00, -4.252481967356695e-05, 1.743813258779148e-05, 1.035969520811572e-06, -5.354893248363158e-07
1965, 3.926990816987241e+00, 5.105088062083414e+00, 2.356194490192345e+00, -1.900646874950179e-05, 8.139447761181381e-11, 2.725964410597974e-05, -5.170057538795596e-07
1966, 4.319689898685965e+00, 5.105088062083414e+00, 2.356194490192345e+00, -4.258652940366424e-05, -1.743798142681258e-05, 1.035888681262039e-06, -5.354839719401329e-07
1967, 4.712388980384690e+00, 5.105088062083414e+00, 2.356194490192345e+00, -6.697630319538934e-05, 1.290157174952329e-10, -2.518627739094321e-05, -5.626035627802475e-07
1968, 5.105088062083414e+00, 5.105088062083414e+00, 2.356194490192345e+00, -4.268421983582138e-05, 1.743822033742869e-05, 1.035741356005013e-06, -5.354722730708556e-07
1969, 5.497787143782138e+00, 5.105088062083414e+00, 2.356194490192345e+00, -1.918732675615071e-05, 1.027339813519475e-10, 2.725936591969684e-05, -5.169831306929910e-07
1970, 5.890486225480862e+00, 5.105088062083414e+00, 2.356194490192345e+00, -4.276177527514118e-05, -1.743803137622616e-05, 1.035594301074078e-06, -5.354578095749755e-07
1971, 6.283185307179586e+00, 5.105088062083414e+00, 2.356194490192345e+00, -6.711891502319517e-05, 1.254982788589596e-11, -2.518654296467835e-05, -5.625778542474806e-07
1972, 0.000000000000000e+00, 5.497787143782138e+00, 2.356194490192345e+00, -4.084825998854481e-04, -9.110173144917691e-13, -6.033026135448539e-05, -1.164008533561243e-06
1973, 3.926990816987241e-01, 5.497787143782138e+00, 2.356194490192345e+00, -3.774238720044278e-04, 2.513316119105270e-05, 6.703262675901849e-07, -1.125309911471689e-06
1974, 7.853981633974483e-01, 5.497787143782138e+00, 2.356194490192345e+00, -3.475061708919218e-04, -2.514024992511846e-11, 6.167030309340799e-05, -1.099933964827084e-06
1975, 1.178097245096172e+00, 5.497787143782138e+00, 2.356194490192345e+00, -3.774038534767225e-04, -2.513321208266575e-05, 6.704273611564867e-07, -1.125330282276136e-06
1976, 1.570796326794897e+00, 5.497787143782138e+00, 2.356194490192345e+00, -4.084414738711114e-04, -5.781920211188860e-11, -6.033008421213794e-05, -1.164043207222208e-06
1977, 1.963495408493621e+00, 5.497787143782138e+00, 2.356194490192345e+00, -3.773604036161621e-04, 2.513310715518117e-05, 6.705511157244779e-07, -1.125351960134916e-06
1978, 2.356194490192345e+00, 5.497787143782138e+00, 2.356194490192345e+00, -3.474270995816806e-04, -5.064286192031392e-11, 6.167053451786695e-05, -1.099974988922340e-06
1979, 2.748893571891069e+00, 5.497787143782138e+00, 2.356194490192345e+00, -3.773225046452659e-04, -2.513319839090693e-05, 6.706329736559847e-07, -1.125365017723128e-06
1980, 3.141592653589793e+00, 5.497787143782138e+00, 2.356194490192345e+00, -4.083731624110463e-04, -5.398968327817890e-12, -6.032992776111834e-05, -1.164068731741775e-06
1981, 3.534291735288517e+00, 5.497787143782138e+00, 2.356194490192345e+00, -3.773184800084929e-04, 2.513318874948354e-05, 6.706432174764474e-07, -1.125366789375337e-06
1982, 3.926990816987241e+00, 5.497787143782138e+00, 2.356194490192345e+00, -3.474199113039238e-04, 4.422174734707327e-11, 6.167055420822692e-05, -1.099978462822344e-06
1983, 4.319689898685965e+00, 5.497787143782138e+00, 2.356194490192345e+00, -3.773515846575690e-04, -2.513310900460310e-05, 6.705785719126516e-07, -1.125356965411329e-06
1984, 4.712388980384690e+00, 5.497787143782138e+00, 2.356194490192345e+00, -4.084328781933675e-04, 6.082407993405231e-11, -6.033005171136829e-05, -1.164049402872225e-06
1985, 5.105088062083414e+00, 5.497787143782138e+00, 2.356194490192345e+00, -3.773971941267939e-04, 2.513321895408362e-05, 6.704609687360001e-07, -1.125337052422573e-06
1986, 5.497787143782138e+00, 5.497787143782138e+00, 2.356194490192345e+00, -3.475025018815925e-04, 3.351718254819951e-11, 6.167033256539917e-05, -1.099940288648811e-06
1987, 5.890486225480862e+00, 5.497787143782138e+00, 2.356194490192345e+00, -3.774230302131225e-04, -2.513315522306777e-05, 6.703451012013257e-07, -1.125314217962092e-06
1988, 6.283185307179586e+00, 5.497787143782138e+00, 2.356194490192345e+00, -4.084825998854481e-04, -9.110173144917691e-13, -6.033026135448539e-05, -1.164008533561243e-06
1989, 0.000000000000000e+00, 5.890486225480862e+00, 2.356194490192345e+00, -5.878054592345185e-04, -1.013952878448882e-11, -9.813584830047699e-05, -1.530870047338634e-06
1990, 3.926990816987241e-01, 5.890486225480862e+00, 2.356194490192345e+00, -5.659203503171432e-04, 1.947689219827595e-05, 3.040127961189954e-07, -1.504697086012586e-06
1991, 7.853981633974483e-01, 5.890486225480862e+00, 2.356194490192345e+00, -5.444708971990733e-04, 1.723776542705696e-11, 9.874123804610827e-05, -1.483321059451992e-06
1992, 1.178097245096172e+00, 5.890486225480862e+00, 2.356194490192345e+00, -5.659315990813042e-04, -1.947686832901929e-05, 3.040705406858155e-07, -1.504722323086049e-06
1993, 1.570796326794897e+00, 5.890486225480862e+00, 2.356194490192345e+00, -5.878188220452362e-04, -6.726940566068505e-12, -9.813574679026095e-05, -1.530913333925769e-06
1994, 1.963495408493621e+00, 5.890486225480862e+00, 2.356194490192345e+00, -5.659269819381445e-04, 1.947685900670401e-05, 3.041443777999512e-07, -1.504750285427440e-06
1995, 2.356194490192345e+00, 5.890486225480862e+00, 2.356194490192345e+00, -5.444643213643185e-04, -1.718148727030391e-11, 9.874137550973977e-05, -1.483373778119877e-06
1996, 2.748893571891069e+00, 5.890486225480862e+00, 2.356194490192345e+00, -5.659147920665679e-04, -1.947688614776734e-05, 3.041932620767499e-07, -1.504767574866372e-06
1997, 3.141592653589793e+00, 5.890486225480862e+00, 2.356194490192345e+00, -5.877996480278636e-04, -1.214610784489044e-12, -9.813565333075313e-05, -1.530946929648971e-06
1998, 3.534291735288517e+00, 5.890486225480862e+00, 2.356194490192345e+00, -5.659139915298210e-04, 1.947688456769314e-05, 3.041994144916943e-07, -1.504769919405107e-06
1999, 3.926990816987241e+00, 5.890486225480862e+00, 2.356194490192345e+00, -5.444633326029519e-04, 1.786171119319983e-11, 9.874138734727881e-05, -1.483378351299349e-06
2000, 4.319689898685965e+00, 5.890486225480862e+00, 2.356194490192345e+00, -5.659268115650599e-04, -1.947685547960910e-05, 3.041609071667920e-07, -1.504756820540260e-06
2001, 4.712388980384690e+00, 5.890486225480862e+00, 2.356194490192345e+00, -5.878204650693902e-04, 1.244426914428912e-11, -9.813572720469014e-05, -1.530921335642985e-06
2002, 5.105088062083414e+00, 5.890486225480862e+00, 2.356194490192345e+00, -5.659355096213272e-04, 1.947687414175502e-05, 3.040907371324222e-07, -1.504730946271068e-06
2003, 5.497787143782138e+00, 5.890486225480862e+00, 2.356194490192345e+00, -5.444764358134562e-04, -1.473019166455579e-11, 9.874125543651616e-05, -1.483328972124714e-06
2004, 5.890486225480862e+00, 5.890486225480862e+00, 2.356194490192345e+00, -5.659252983445941e-04, -1.947689749899379e-05, 3.040231674016980e-07, -1.504702365609434e-06
2005, 6.283185307179586e+00, 5.890486225480862e+00, 2.356194490192345e+00, -5.878054592345185e-04, -1.013952878448882e-11, -9.813584830047699e-05, -1.530870047338634e-06
2006, 0.000000000000000e+00, 6.283185307179586e+00, 2.356194490192345e+00, -6.236254391282357e-04, -1.223604241403747e-11, -1.149777449698638e-04, -1.627684443321825e-06
2007, 3.926990816987241e-01, 6.283185307179586e+00, 2.356194490192345e+00, -6.237545983712882e-04, 2.441652402772015e-11, -1.181327596622577e-10, -1.629632194900177e-06
2008, 7.853981633974483e-01, 6.283185307179586e+00, 2.356194490192345e+00, -6.236402605933359e-04, 3.486127078589274e-11, 1.149775135134415e-04, -1.627698890371811e-06
2009, 1.178097245096172e+00, 6.283185307179586e+00, 2.356194490192345e+00, -6.237787965909262e-04, 2.859692173651420e-11, -1.084279064808237e-10, -1.629659312393821e-06
2010, 1.570796326794897e+00, 6.283185307179586e+00, 2.356194490192345e+00, -6.236613002506775e-04, 1.571579154386562e-11, -1.149777297940455e-04, -1.627730796232461e-06
2011, 1.963495408493621e+00, 6.283185307179586e+00, 2.356194490192345e+00, -6.237911706427730e-04, 3.940322524940013e-12, -9.601925340987845e-11, -1.629690142286396e-06
2012, 2.356194490192345e+00, 6.283185307179586e+00, 2.356194490192345e+00, -6.236652535462054e-04, -2.568955475515906e-12, 1.149775366190797e-04, -1.627756878470138e-06
2013, 2.748893571891069e+00, 6.283185307179586e+00, 2.356194490192345e+00, -6.237902038811212e-04, -3.045986868505516e-12, -8.789984332971613e-11, -1.629709368172285e-06
2014, 3.141592653589793e+00, 6.283185307179586e+00, 2.356194490192345e+00, -6.236635989569642e-04, 6.301088851218936e-13, -1.149777142194173e-04, -1.627768085841454e-06
2015, 3.534291735288517e+00, 6.283185307179586e+00, 2.356194490192345e+00, -6.237908236358551e-04, 5.025941183687823e-12, -8.684167595922367e-11, -1.629711976051561e-06
2016, 3.926990816987241e+00, 6.283185307179586e+00, 2.356194490192345e+00, -6.236669997997822e-04, 6.403229961741646e-12, 1.149775386634312e-04, -1.627761957059536e-06
2017, 4.319689898685965e+00, 6.283185307179586e+00, 2.356194490192345e+00, -6.237948251722926e-04, 2.006138940002890e-12, -9.314367433553005e-11, -1.629697381319397e-06
2018, 4.712388980384690e+00, 6.283185307179586e+00, 2.356194490192345e+00, -6.236674862502855e-04, -8.735663177730997e-12, -1.149777263461564e-04, -1.627739630692548e-06
2019, 5.105088062083414e+00, 6.283185307179586e+00, 2.356194490192345e+00, -6.237874029419656e-04, -2.328242648088593e-11, -1.047996580218827e-10, -1.629668788487404e-06
2020, 5.497787143782138e+00, 6.283185307179586e+00, 2.356194490192345e+00, -6.236498200403325e-04, -3.554239006299547e-11, 1.149775167627350e-04, -1.627707501565354e-06
2021, 5.890486225480862e+00, 6.283185307179586e+00, 2.356194490192345e+00, -6.237618185140595e-04, -3.617862723844270e-11, -1.160204324544900e-10, -1.629637787445394e-06
2022, 6.283185307179586e+00, 6.283185307179586e+00, 2.356194490192345e+00, -6.236254391282357e-04, -1.223604241403747e-11, -1.149777449698638e-04, -1.627684443321825e-06
2023, 0.000000000000000e+00, 0.000000000000000e+00, 2.748893571891069e+00, -1.506261579621174e-04, -9.564185684460144e-12, -5.630135277940815e-07, -7.795966897462872e-07
2024, 3.926990816987241e-01, 0.000000000000000e+00, 2.748893571891069e+00, -1.506137718957317e-04, 1.792049957832744e-11, -1.103732125021453e-10, -7.795549299138338e-07
2025, 7.853981633974483e-01, 0.000000000000000e+00, 2.748893571891069e+00, -1.506365777948504e-04, 2.333008266546551e-11, 5.627971858420165e-07, -7.796050704505755e-07
2026, 1.178097245096172e+00, 0.000000000000000e+00, 2.748893571891069e+00, -1.506295584672521e-04, 1.539852732089915e-11, -1.011046595944657e-10, -7.795706709226188e-07
2027, 1.570796326794897e+00, 0.000000000000000e+00, 2.748893571891069e+00, -1.506477229232623e-04, 3.172173898954219e-12, -5.629988584563768e-07, -7.796235686427051e-07
2028, 1.963495408493621e+00, 0.000000000000000e+00, 2.748893571891069e+00, -1.506323806220336e-04, -6.552083641454603e-12, -8.931978340964112e-11, -7.795884828481469e-07
2029, 2.356194490192345e+00, 0.000000000000000e+00, 2.748893571891069e+00, -1.506436094923889e-04, -1.024377478154297e-11, 5.628191382697173e-07, -7.796385589562869e-07
2030, 2.748893571891069e+00, 0.000000000000000e+00, 2.748893571891069e+00, -1.506254811805033e-04, -7.501926158279574e-12, -8.161413236362370e-11, -7.795994748239205e-07
2031, 3.141592653589793e+00, 0.000000000000000e+00, 2.748893571891069e+00, -1.506385017941846e-04, -4.132396110650072e-13, -5.629840764453297e-07, -7.796449505887745e-07
2032, 3.534291735288517e+00, 0.000000000000000e+00, 2.748893571891069e+00, -1.506252929116269e-04, 7.443500448445964e-12, -8.061380335501896e-11, -7.796009839570658e-07
2033, 3.926990816987241e+00, 0.000000000000000e+00, 2.748893571891069e+00, -1.506437806882225e-04, 1.219964564106410e-11, 5.628210714953558e-07, -7.796415043915195e-07
2034, 4.319689898685965e+00, 0.000000000000000e+00, 2.748893571891069e+00, -1.506337874337302e-04, 1.094140771146348e-11, -8.659979361313753e-11, -7.795926930934142e-07
2035, 4.712388980384690e+00, 0.000000000000000e+00, 2.748893571891069e+00, -1.506511635384112e-04, 2.824839959871514e-12, -5.629955974437825e-07, -7.796287182414013e-07
2036, 5.105088062083414e+00, 0.000000000000000e+00, 2.748893571891069e+00, -1.506352197992157e-04, -1.011206109650796e-11, -9.767584644051039e-11, -7.795761982984134e-07
2037, 5.497787143782138e+00, 0.000000000000000e+00, 2.748893571891069e+00, -1.506434625266911e-04, -2.257376233346427e-11, 5.628002516982965e-07, -7.796100889367624e-07
2038, 5.890486225480862e+00, 0.000000000000000e+00, 2.748893571891069e+00, -1.506192561687572e-04, -2.626498615910622e-11, -1.083838945832148e-10, -7.795581842110498e-07
2039, 6.283185307179586e+00, 0.000000000000000e+00, 2.748893571891069e+00, -1.506261579621174e-04, -9.564185684460144e-12, -5.630135277940815e-07, -7.795966897462872e-07
2040, 0.000000000000000e+00, 3.926990816987241e-01, 2.748893571891069e+00, -1.159833736074636e-04, -9.775273326892093e-12, -5.995519980274000e-07, -6.868961525824561e-07
2041, 3.926990816987241e-01, 3.926990816987241e-01, 2.748893571891069e+00, -1.274338912035464e-04, -4.651377120775227e-08, -1.227369811135474e-07, -7.312148034394328e-07
2042, 7.853981633974483e-01, 3.926990816987241e-01, 2.748893571891069e+00, -1.388463681673793e-04, 1.613413387181138e-11, 3.538127118094426e-07, -7.756513155316259e-07
2043, 1.178097245096172e+00, 3.926990816987241e-01, 2.748893571891069e+00, -1.274443529684961e-04, 4.653550194831859e-08, -1.227745115557945e-07, -7.312300175225747e-07
2044, 1.570796326794897e+00, 3.926990816987241e-01, 2.748893571891069e+00, -1.159954789451898e-04, -6.381043657744145e-12, -5.996168194201386e-07, -6.869221859164067e-07
2045, 1.963495408493621e+00, 3.926990816987241e-01, 2.748893571891069e+00, -1.274399554907084e-04, -4.654442901667058e-08, -1.228229626716199e-07, -7.312469618576346e-07
2046, 2.356194490192345e+00, 3.926990816987241e-01, 2.748893571891069e+00, -1.388400239496239e-04, -1.648723854075799e-11, 3.537225924815584e-07, -7.756832210014545e-07
2047, 2.748893571891069e+00, 3.926990816987241e-01, 2.748893571891069e+00, -1.274282616496574e-04, 4.651841366992424e-08, -1.228550596950859e-07, -7.312573672401717e-07
2048, 3.141592653589793e+00, 3.926990816987241e-01, 2.748893571891069e+00, -1.159771008411063e-04, -1.172927547454150e-12, -5.996781598841976e-07, -6.869424486150566e-07
2049, 3.534291735288517e+00, 3.926990816987241e-01, 2.748893571891069e+00, -1.274274893115198e-04, -4.651993485071438e-08, -1.228590276223447e-07, -7.312587976183104e-07
2050, 3.926990816987241e+00, 3.926990816987241e-01, 2.748893571891069e+00, -1.388390734379236e-04, 1.715756726614594e-11, 3.537149633088198e-07, -7.756860149127294e-07
2051, 4.319689898685965e+00, 3.926990816987241e-01, 2.748893571891069e+00, -1.274398014585841e-04, 4.654785204730036e-08, -1.228336000728354e-07, -7.312509612200966e-07
2052, 4.712388980384690e+00, 3.926990816987241e-01, 2.748893571891069e+00, -1.159970819777161e-04, 1.191519479157023e-11, -5.996293879373284e-07, -6.869270891453421e-07
2053, 5.105088062083414e+00, 3.926990816987241e-01, 2.748893571891069e+00, -1.274481492176555e-04, -4.652988213395285e-08, -1.227873990006283e-07, -7.312353030025498e-07
2054, 5.497787143782138e+00, 3.926990816987241e-01, 2.748893571891069e+00, -1.388517366757060e-04, -1.372412245221474e-11, 3.538017532418583e-07, -7.756561621349834e-07
2055, 5.890486225480862e+00, 3.926990816987241e-01, 2.748893571891069e+00, -1.274386806431148e-04, 4.650859107438183e-08, -1.227433119629226e-07, -7.312180334882077e-07
2056, 6.283185307179586e+00, 3.926990816987241e-01, 2.748893571891069e+00, -1.159833736074636e-04, -9.775273326892093e-12, -5.995519980274000e-07, -6.868961525824561e-07
2057, 0.000000000000000e+00, 7.853981633974483e-01, 2.748893571891069e+00, -2.825268690432474e-05, -2.965217868932963e-12, -5.916763529141811e-07, -5.141015031552287e-07
2058, 3.926990816987241e-01, 7.853981633974483e-01, 2.748893571891069e+00, -4.454819553425129e-05, -5.439749600499354e-08, -3.093556910682820e-07, -5.758411721093593e-07
2059, 7.853981633974483e-01, 7.853981633974483e-01, 2.748893571891069e+00, -6.072377886261303e-05, -1.569830408384579e-11, -2.710398507886928e-08, -6.377919960042759e-07
2060, 1.178097245096172e+00, 7.853981633974483e-01, 2.748893571891069e+00, -4.453519408382971e-05, 5.436342583764983e-08, -3.094375858754078e-07, -5.758540369630285e-07
2061, 1.570796326794897e+00, 7.853981633974483e-01, 2.748893571891069e+00, -2.822400356285583e-05, -4.507774096925670e-11, -5.918196672137861e-07, -5.141234133078292e-07
2062, 1.963495408493621e+00, 7.853981633974483e-01, 2.748893571891069e+00, -4.450139633800063e-05, -5.444471315679256e-08, -3.095387151859254e-07, -5.758678667573419e-07
2063, 2.356194490192345e+00, 7.853981633974483e-01, 2.748893571891069e+00, -6.066259387422911e-05, -4.183281401197822e-11, -2.729292699868580e-08, -6.378181255417963e-07
2064, 2.748893571891069e+00, 7.853981633974483e-01, 2.748893571891069e+00, -4.447023115930727e-05, 5.437015843065413e-08, -3.096056326956448e-07, -5.758761911328933e-07
2065, 3.141592653589793e+00, 7.853981633974483e-01, 2.748893571891069e+00, -2.816841925539446e-05, -4.302570079612546e-12, -5.919475406575507e-07, -5.141396976087909e-07
2066, 3.534291735288517e+00, 7.853981633974483e-01, 2.748893571891069e+00, -4.446704778533223e-05, -5.437770725957646e-08, -3.096139254343850e-07, -5.758773385772035e-07
2067, 3.926990816987241e+00, 7.853981633974483e-01, 2.748893571891069e+00, -6.065700882432651e-05, 3.719991805509617e-11, -2.730886571182285e-08, -6.378203753972531e-07
2068, 4.319689898685965e+00, 7.853981633974483e-01, 2.748893571891069e+00, -4.449478170208284e-05, 5.444413636272414e-08, -3.095609341447620e-07, -5.758711075445106e-07
2069, 4.712388980384690e+00, 7.853981633974483e-01, 2.748893571891069e+00, -2.821796878173186e-05, 4.862502101080222e-11, -5.918459537710137e-07, -5.141274219124540e-07
2070, 5.105088062083414e+00, 7.853981633974483e-01, 2.748893571891069e+00, -4.453112428516354e-05, -5.435695363488012e-08, -3.094647429872250e-07, -5.758584108991283e-07
2071, 5.497787143782138e+00, 7.853981633974483e-01, 2.748893571891069e+00, -6.072232081256986e-05, 2.254035618811293e-11, -2.712777291801876e-08, -6.377960726379663e-07
2072, 5.890486225480862e+00, 7.853981633974483e-01, 2.748893571891069e+00, -4.454871282748269e-05, 5.440066123207985e-08, -3.093708788097554e-07, -5.758439409111010e-07
2073, 6.283185307179586e+00, 7.853981633974483e-01, 2.748893571891069e+00, -2.825268690432474e-05, -2.965217868932963e-12, -5.916763529141811e-07, -5.141015031552287e-07
2074, 0.000000000000000e+00, 1.178097245096172e+00, 2.748893571891069e+00, 1.364338985861650e-04, 8.506223618800419e-12, -6.570308105782441e-07, -2.644536749162397e-07
2075, 3.926990816987241e-01, 1.178097245096172e+00, 2.748893571891069e+00, 1.233698265297641e-04, -3.109532921516591e-08, -5.522647097057213e-07, -3.118958598084739e-07
2076, 7.853981633974483e-01, 1.178097245096172e+00, 2.748893571891069e+00, 1.104009161294012e-04, -6.816158931262657e-11, -4.473583974836847e-07, -3.595713188911995e-07
2077, 1.178097245096172e+00, 1.178097245096172e+00, 2.748893571891069e+00, 1.234214744257818e-04, 3.096913698737478e-08, -5.523792496815645e-07, -3.119047889960205e-07
2078, 1.570796326794897e+00, 1.178097245096172e+00, 2.748893571891069e+00, 1.365296664112895e-04, -1.070361398525243e-10, -6.572308707740976e-07, -2.644687238290808e-07
2079, 1.963495408493621e+00, 1.178097245096172e+00, 2.748893571891069e+00, 1.235024111220690e-04, -3.116665652136777e-08, -5.525179106713688e-07, -3.119138287874577e-07
2080, 2.356194490192345e+00, 1.178097245096172e+00, 2.748893571891069e+00, 1.105502995746902e-04, -8.236018528072081e-11, -4.476180674990213e-07, -3.595884845285641e-07
2081, 2.748893571891069e+00, 1.178097245096172e+00, 2.748893571891069e+00, 1.235647146434159e-04, 3.101448827651588e-08, -5.526093594447029e-07, -3.119189962049995e-07
2082, 3.141592653589793e+00, 1.178097245096172e+00, 2.748893571891069e+00, 1.366447659676968e-04, -9.310506806427621e-12, -6.574057011731561e-07, -2.644789598123056e-07
2083, 3.534291735288517e+00, 1.178097245096172e+00, 2.748893571891069e+00, 1.235717557503364e-04, -3.103167907620357e-08, -5.526206861827131e-07, -3.119197138341200e-07
2084, 3.926990816987241e+00, 1.178097245096172e+00, 2.748893571891069e+00, 1.105632987351207e-04, 6.924883902451961e-11, -4.476398366482375e-07, -3.595899076865642e-07
2085, 4.319689898685965e+00, 1.178097245096172e+00, 2.748893571891069e+00, 1.235193628338288e-04, 3.115966925330330e-08, -5.525482700252362e-07, -3.119159148289338e-07
2086, 4.712388980384690e+00, 1.178097245096172e+00, 2.748893571891069e+00, 1.365479429027823e-04, 1.072965109104080e-10, -6.572668562965087e-07, -2.644713611990088e-07
2087, 5.105088062083414e+00, 1.178097245096172e+00, 2.748893571891069e+00, 1.234382302235362e-04, -3.096164621914230e-08, -5.524166196244499e-07, -3.119077379490386e-07
2088, 5.497787143782138e+00, 1.178097245096172e+00, 2.748893571891069e+00, 1.104135577559409e-04, 8.160130490184713e-11, -4.473914577130607e-07, -3.595741351143437e-07
2089, 5.890486225480862e+00, 1.178097245096172e+00, 2.748893571891069e+00, 1.233764999012037e-04, 3.111221870647971e-08, -5.522860428563771e-07, -3.118978115782315e-07
2090, 6.283185307179586e+00, 1.178097245096172e+00, 2.748893571891069e+00, 1.364338985861650e-04, 8.506223618800419e-12, -6.570308105782441e-07, -2.644536749162397e-07
2091, 0.000000000000000e+00, 1.570796326794897e+00, 2.748893571891069e+00, 3.883677882457056e-04, 2.268956449242559e-11, -7.797602586590145e-07, 3.485747000363249e-08
2092, 3.926990816987241e-01, 1.570796326794897e+00, 2.748893571891069e+00, 3.824615838030553e-04, -1.060797951017384e-08, -7.655365086606338e-07, 1.562737200589970e-08
2093, 7.853981633974483e-01, 1.570796326794897e+00, 2.748893571891069e+00, 3.766055116172102e-04, -1.333231054905965e-10, -7.512331570778099e-07, -3.712914361816369e-09
2094, 1.178097245096172e+00, 1.570796326794897e+00, 2.748893571891069e+00, 3.825611903012786e-04, 1.036763340426164e-08, -7.656657890802474e-07, 1.562334872763809e-08
2095, 1.570796326794897e+00, 1.570796326794897e+00, 2.748893571891069e+00, 3.885466267800238e-04, -1.829503808334075e-10, -7.799856382646048e-07, 3.485090681232499e-08
2096, 1.963495408493621e+00, 1.570796326794897e+00, 2.748893571891069e+00, 3.826999206539849e-04, -1.070780558397684e-08, -7.658210680725956e-07, 1.562003272260714e-08
2097, 2.356194490192345e+00, 1.570796326794897e+00, 2.748893571891069e+00, 3.768631807437503e-04, -1.318609296675515e-10, -7.515241954044971e-07, -3.719318803078214e-09
2098, 2.748893571891069e+00, 1.570796326794897e+00, 2.748893571891069e+00, 3.828002676534297e-04, 1.046079283957578e-08, -7.659231149699905e-07, 1.561857961307038e-08
2099, 3.141592653589793e+00, 1.570796326794897e+00, 2.748893571891069e+00, 3.887344827908439e-04, -1.542371967124400e-11, -7.801808610109302e-07, 3.484780790282439e-08
2100, 3.534291735288517e+00, 1.570796326794897e+00, 2.748893571891069e+00, 3.828120182900081e-04, -1.048975404885341e-08, -7.659357415943665e-07, 1.561836720819798e-08
2101, 3.926990816987241e+00, 1.570796326794897e+00, 2.748893571891069e+00, 3.768852325910614e-04, 1.083913220260407e-10, -7.515484705315338e-07, -3.719768983767856e-09
2102, 4.319689898685965e+00, 1.570796326794897e+00, 2.748893571891069e+00, 3.827295026680552e-04, 1.069294957973317e-08, -7.658549506294642e-07, 1.561931026525552e-08
2103, 4.712388980384690e+00, 1.570796326794897e+00, 2.748893571891069e+00, 3.885798882390596e-04, 1.790804483327796e-10, -7.800258684702770e-07, 3.484990029597111e-08
2104, 5.105088062083414e+00, 1.570796326794897e+00, 2.748893571891069e+00, 3.825935310738741e-04, -1.035908002136401e-08, -7.657076757731364e-07, 1.562211589575570e-08
2105, 5.497787143782138e+00, 1.570796326794897e+00, 2.748893571891069e+00, 3.766319608247279e-04, 1.547448126527271e-10, -7.512703035049954e-07, -3.714187640259347e-09
2106, 5.890486225480862e+00, 1.570796326794897e+00, 2.748893571891069e+00, 3.824771646503537e-04, 1.064186444417967e-08, -7.655604745170240e-07, 1.562643231863576e-08
2107, 6.283185307179586e+00, 1.570796326794897e+00, 2.748893571891069e+00, 3.883677882457056e-04, 2.268956449242559e-11, -7.797602586590145e-07, 3.485747000363249e-08
2108, 0.000000000000000e+00, 1.963495408493621e+00, 2.748893571891069e+00, 6.998494507685175e-04, 3.731844023257574e-11, -8.368945389160924e-07, 3.288082532377715e-07
2109, 3.926990816987241e-01, 1.963495408493621e+00, 2.748893571891069e+00, 6.997243928890403e-04, -6.758840032422519e-09, -8.425770199265152e-07, 3.304931531670249e-07
2110, 7.853981633974483e-01, 1.963495408493621e+00, 2.748893571891069e+00, 6.996433654518420e-04, -2.009432580276488e-10, -8.482800848359863e-07, 3.321741268697950e-07
2111, 1.178097245096172e+00, 1.963495408493621e+00, 2.748893571891069e+00, 6.998737469128037e-04, 6.400203941307781e-09, -8.427007210590513e-07, 3.304942037187450e-07
2112, 1.570796326794897e+00, 1.963495408493621e+00, 2.748893571891069e+00, 7.001143705595692e-04, -2.613270826456742e-10, -8.371100469067834e-07, 3.288104294046093e-07
2113, 1.963495408493621e+00, 1.963495408493621e+00, 2.748893571891069e+00, 7.000721563896239e-04, -6.887733864667594e-09, -8.428489508770603e-07, 3.304966968931536e-07
2114, 2.356194490192345e+00, 1.963495408493621e+00, 2.748893571891069e+00, 7.000128973846871e-04, -1.828069608648737e-10, -8.485579399139743e-07, 3.321786621346039e-07
2115, 2.748893571891069e+00, 1.963495408493621e+00, 2.748893571891069e+00, 7.002116691269923e-04, 6.543045526754034e-09, -8.429461062314521e-07, 3.304989639241197e-07
2116, 3.141592653589793e+00, 1.963495408493621e+00, 2.748893571891069e+00, 7.003771761244386e-04, -2.171050063291169e-11, -8.372960209841370e-07, 3.288144990213437e-07
2117, 3.534291735288517e+00, 1.963495408493621e+00, 2.748893571891069e+00, 7.002282639068159e-04, -6.584115542342959e-09, -8.429581182827984e-07, 3.304992565428364e-07
2118, 3.926990816987241e+00, 1.963495408493621e+00, 2.748893571891069e+00, 7.000442643273180e-04, 1.486654209099838e-10, -8.485810436588139e-07, 3.321791863970074e-07
2119, 4.319689898685965e+00, 1.963495408493621e+00, 2.748893571891069e+00, 7.001147454553785e-04, 6.864737463939355e-09, -8.428812237357549e-07, 3.304973450723939e-07
2120, 4.712388980384690e+00, 1.963495408493621e+00, 2.748893571891069e+00, 7.001630844049734e-04, 2.531349106954578e-10, -8.371484054692438e-07, 3.288110712634548e-07
2121, 5.105088062083414e+00, 1.963495408493621e+00, 2.748893571891069e+00, 6.999221839599736e-04, -6.390612882216665e-09, -8.427406939233133e-07, 3.304947166261477e-07
2122, 5.497787143782138e+00, 1.963495408493621e+00, 2.748893571891069e+00, 6.996840890940787e-04, 2.306109546884224e-10, -8.483155345026050e-07, 3.321744307312945e-07
2123, 5.890486225480862e+00, 1.963495408493621e+00, 2.748893571891069e+00, 6.997491763646237e-04, 6.810324375691706e-09, -8.425998622430844e-07, 3.304932484188554e-07
2124, 6.283185307179586e+00, 1.963495408493621e+00, 2.748893571891069e+00, 6.998494507685175e-04, 3.731844023257574e-11, -8.368945389160924e-07, 3.288082532377715e-07
2125, 0.000000000000000e+00, 2.356194490192345e+00, 2.748893571891069e+00, 1.006593340283581e-03, 5.013740826568148e-11, -7.209325081543042e-07, 5.631403962295078e-07
2126, 3.926990816987241e-01, 2.356194490192345e+00, 2.748893571891069e+00, 1.008602348373203e-03, -8.317682837363122e-09, -7.218768517166416e-07, 5.709374889339528e-07
2127, 7.853981633974483e-01, 2.356194490192345e+00, 2.748893571891069e+00, 1.010668648749457e-03, -2.604375645861769e-10, -7.228597431917391e-07, 5.787518310445065e-07
2128, 1.178097245096172e+00, 2.356194490192345e+00, 2.748893571891069e+00, 1.008795467114371e-03, 7.855022769693143e-09, -7.219757354900718e-07, 5.709429729610040e-07
2129, 1.570796326794897e+00, 2.356194490192345e+00, 2.748893571891069e+00, 1.006933968748999e-03, -3.301949298065722e-10, -7.211047612462187e-07, 5.631501959961712e-07
2130, 1.963495408493621e+00, 2.356194490192345e+00, 2.748893571891069e+00, 1.009046314706313e-03, -8.472031916225786e-09, -7.220941884036309e-07, 5.709505030899058e-07
2131, 2.356194490192345e+00, 2.356194490192345e+00, 2.748893571891069e+00, 1.011136468411955e-03, -2.274697081308675e-10, -7.230817540132571e-07, 5.787658541735475e-07
2132, 2.748893571891069e+00, 2.356194490192345e+00, 2.748893571891069e+00, 1.009220170501051e-03, 8.041669057451896e-09, -7.221717016330293e-07, 5.709559655248035e-07
2133, 3.141592653589793e+00, 2.356194490192345e+00, 2.748893571891069e+00, 1.007262526367137e-03, -2.722005631890172e-11, -7.212531962505619e-07, 5.631604364210230e-07
2134, 3.534291735288517e+00, 2.356194490192345e+00, 2.748893571891069e+00, 1.009241011342054e-03, -8.093355313436374e-09, -7.221812860385002e-07, 5.709566911803074e-07
2135, 3.926990816987241e+00, 2.356194490192345e+00, 2.748893571891069e+00, 1.011176003580293e-03, 1.839590525106397e-10, -7.231001949820873e-07, 5.787672155532286e-07
2136, 4.319689898685965e+00, 2.356194490192345e+00, 2.748893571891069e+00, 1.009100316512860e-03, 8.441871644927030e-09, -7.221199607089683e-07, 5.709523322786188e-07
2137, 4.712388980384690e+00, 2.356194490192345e+00, 2.748893571891069e+00, 1.006996250300088e-03, 3.181855151637416e-10, -7.211354065208368e-07, 5.631522631521245e-07
2138, 5.105088062083414e+00, 2.356194490192345e+00, 2.748893571891069e+00, 1.008858043073710e-03, -7.844524110542050e-09, -7.220076722451065e-07, 5.709449996443730e-07
2139, 5.497787143782138e+00, 2.356194490192345e+00, 2.748893571891069e+00, 1.010721907826191e-03, 2.973698114075169e-10, -7.228880511527093e-07, 5.787535038853515e-07
2140, 5.890486225480862e+00, 2.356194490192345e+00, 2.748893571891069e+00, 1.008635205195972e-03, 8.384636117388829e-09, -7.218950742292552e-07, 5.709384816746474e-07
2141, 6.283185307179586e+00, 2.356194490192345e+00, 2.748893571891069e+00, 1.006593340283581e-03, 5.013740826568148e-11, -7.209325081543042e-07, 5.631403962295078e-07
2142, 0.000000000000000e+00, 2.748893571891069e+00, 2.748893571891069e+00, 1.231674702212683e-03, 5.920551447491628e-11, -4.191053579036084e-07, 7.081330973451302e-07
2143, 3.926990816987241e-01, 2.748893571891069e+00, 2.748893571891069e+00, 1.233157535468148e-03, -5.742459270731774e-09, -4.157332567602634e-07, 7.130139010649848e-07
2144, 7.853981633974483e-01, 2.748893571891069e+00, 2.748893571891069e+00, 1.234709084515985e-03, -3.025928412260464e-10, -4.123825189496882e-07, 7.179024401803396e-07
2145, 1.178097245096172e+00, 2.748893571891069e+00, 2.748893571891069e+00, 1.233381663847706e-03, 5.206100407292872e-09, -4.157920939654795e-07, 7.130224950759910e-07
2146, 1.570796326794897e+00, 2.748893571891069e+00, 2.748893571891069e+00, 1.232068973028320e-03, -3.789865994539546e-10, -4.192078474433748e-07, 7.081482411448725e-07
2147, 1.963495408493621e+00, 2.748893571891069e+00, 2.748893571891069e+00, 1.233669661073711e-03, -5.914831596053091e-09, -4.158625751890766e-07, 7.130335456810754e-07
2148, 2.356194490192345e+00, 2.748893571891069e+00, 2.748893571891069e+00, 1.235246528131447e-03, -2.590690707657337e-10, -4.125146050090599e-07, 7.179230939879129e-07
2149, 2.748893571891069e+00, 2.748893571891069e+00, 2.748893571891069e+00, 1.233867818550228e-03, 5.423830893628622e-09, -4.159086572275870e-07, 7.130412277231371e-07
2150, 3.141592653589793e+00, 2.748893571891069e+00, 2.748893571891069e+00, 1.232444072510476e-03, -3.112199291320861e-11, -4.192961166840207e-07, 7.081627744637236e-07
2151, 3.534291735288517e+00, 2.748893571891069e+00, 2.748893571891069e+00, 1.233891666867548e-03, -5.483037936976871e-09, -4.159143692824496e-07, 7.130422541386716e-07
2152, 3.926990816987241e+00, 2.748893571891069e+00, 2.748893571891069e+00, 1.235291850308077e-03, 2.089158294104203e-10, -4.125255971046361e-07, 7.179250376211286e-07
2153, 4.319689898685965e+00, 2.748893571891069e+00, 2.748893571891069e+00, 1.233731751150871e-03, 5.879587702252443e-09, -4.158779397028802e-07, 7.130361980071446e-07
2154, 4.712388980384690e+00, 2.748893571891069e+00, 2.748893571891069e+00, 1.232140872158704e-03, 3.642690247656857e-10, -4.192261172224525e-07, 7.081513037232043e-07
2155, 5.105088062083414e+00, 2.748893571891069e+00, 2.748893571891069e+00, 1.233454261410561e-03, -5.194950567288973e-09, -4.158111286691509e-07, 7.130255803698233e-07
2156, 5.497787143782138e+00, 2.748893571891069e+00, 2.748893571891069e+00, 1.234771224364309e-03, 3.446875216981190e-10, -4.123993818319806e-07, 7.179050706615561e-07
2157, 5.890486225480862e+00, 2.748893571891069e+00, 2.748893571891069e+00, 1.233196107520695e-03, 5.820376654271468e-09, -4.157441046768843e-07, 7.130155213894658e-07
2158, 6.283185307179586e+00, 2.748893571891069e+00, 2.748893571891069e+00, 1.231674702212683e-03, 5.920551447491628e-11, -4.191053579036084e-07, 7.081330973451302e-07
2159, 0.000000000000000e+00, 3.141592653589793e+00, 2.748893571891069e+00, 1.315153187252847e-03, 6.316345881199626e-11, -4.210842692414348e-09, 7.588951737400282e-07
2160, 3.926990816987241e-01, 3.141592653589793e+00, 2.748893571891069e+00, 1.315177552825938e-03, -1.764321813913302e-10, 9.756777533284664e-11, 7.588962506021352e-07
2161, 7.853981633974483e-01, 3.141592653589793e+00, 2.748893571891069e+00, 1.315275269789673e-03, -3.209355304270699e-10, 4.403032446300326e-09, 7.589003204295429e-07
2162, 1.178097245096172e+00, 3.141592653589793e+00, 2.748893571891069e+00, 1.315415173110364e-03, -3.919885588160160e-10, 8.778100237654130e-11, 7.589061632901895e-07
2163, 1.570796326794897e+00, 3.141592653589793e+00, 2.748893571891069e+00, 1.315570792526618e-03, -4.002064476604267e-10, -4.227869945802462e-09, 7.589125808593220e-07
2164, 1.963495408493621e+00, 3.141592653589793e+00, 2.748893571891069e+00, 1.315719326876711e-03, -3.566324354219544e-10, 7.609247046609172e-11, 7.589186978226396e-07
2165, 2.356194490192345e+00, 3.141592653589793e+00, 2.748893571891069e+00, 1.315842992681294e-03, -2.728006479621545e-10, 4.381120211279556e-09, 7.589237700067302e-07
2166, 2.748893571891069e+00, 3.141592653589793e+00, 2.748893571891069e+00, 1.315928046153893e-03, -1.607272302106469e-10, 6.845898397148457e-11, 7.589273100762257e-07
2167, 3.141592653589793e+00, 3.141592653589793e+00, 2.748893571891069e+00, 1.315966125533985e-03, -3.282882599768723e-11, -4.242504863548508e-09, 7.589289159683914e-07
2168, 3.534291735288517e+00, 3.141592653589793e+00, 2.748893571891069e+00, 1.315953210057840e-03, 9.823015428981713e-11, 6.747976870388332e-11, 7.589284633363542e-07
2169, 3.926990816987241e+00, 3.141592653589793e+00, 2.748893571891069e+00, 1.315890846394675e-03, 2.197414615058649e-10, 4.379236646217076e-09, 7.589259594761232e-07
2170, 4.319689898685965e+00, 3.141592653589793e+00, 2.748893571891069e+00, 1.315784955053891e-03, 3.191656820640938e-10, 7.346186905719570e-11, 7.589216982407530e-07
2171, 4.712388980384690e+00, 3.141592653589793e+00, 2.748893571891069e+00, 1.315646897923074e-03, 3.843077054016282e-10, -4.230993974365907e-09, 7.589160651092415e-07
2172, 5.105088062083414e+00, 3.141592653589793e+00, 2.748893571891069e+00, 1.315492151910367e-03, 4.034287763143001e-10, 8.453126997596593e-11, 7.589096977334908e-07
2173, 5.497787143782138e+00, 3.141592653589793e+00, 2.748893571891069e+00, 1.315341289985049e-03, 3.652920559259332e-10, 4.400158014106507e-09, 7.589033578089413e-07
2174, 5.890486225480862e+00, 3.141592653589793e+00, 2.748893571891069e+00, 1.315218620600099e-03, 2.591413900455752e-10, 9.572108744152104e-11, 7.588981379879714e-07
2175, 6.283185307179586e+00, 3.141592653589793e+00, 2.748893571891069e+00, 1.315153187252847e-03, 6.316345881199626e-11, -4.210842692414348e-09, 7.588951737400282e-07
2176, 0.000000000000000e+00, 3.534291735288517e+00, 2.748893571891069e+00, 1.234519356677946e-03, 6.142323381996323e-11, 4.125340943356564e-07, 7.178896170098196e-07
2177, 3.926990816987241e-01, 3.534291735288517e+00, 2.748893571891069e+00, 1.233083564702301e-03, 5.404858279580140e-09, 4.159144279403428e-07, 7.130055812168658e-07
2178, 7.853981633974483e-01, 3.534291735288517e+00, 2.748893571891069e+00, 1.231718809096718e-03, -3.126640820891720e-10, 4.193106784718904e-07, 7.081294788520277e-07
2179, 1.178097245096172e+00, 3.534291735288517e+00, 2.748893571891069e+00, 1.233315097280346e-03, -5.958803356566574e-09, 4.159551777240019e-07, 7.130148254633570e-07
2180, 1.570796326794897e+00, 3.534291735288517e+00, 2.748893571891069e+00, 1.234926417330026e-03, -3.905982339754397e-10, 4.126051197980790e-07, 7.179058708653406e-07
2181, 1.963495408493621e+00, 3.534291735288517e+00, 2.748893571891069e+00, 1.233611936874874e-03, 5.228235117200218e-09, 4.160040644767240e-07, 7.130265884787064e-07
2182, 2.356194490192345e+00, 3.534291735288517e+00, 2.748893571891069e+00, 1.232272830022834e-03, -2.665764000037764e-10, 4.194022765473489e-07, 7.081514785321855e-07
2183, 2.748893571891069e+00, 3.534291735288517e+00, 2.748893571891069e+00, 1.233815870625942e-03, -5.733657490476903e-09, 4.160360355536206e-07, 7.130347103519929e-07
2184, 3.141592653589793e+00, 3.534291735288517e+00, 2.748893571891069e+00, 1.235312590368146e-03, -3.208384325210698e-11, 4.126663394279357e-07, 7.179212596106903e-07
2185, 3.534291735288517e+00, 3.534291735288517e+00, 2.748893571891069e+00, 1.233840460215391e-03, 5.672596903561165e-09, 4.160399356260167e-07, 7.130357990676249e-07
2186, 3.926990816987241e+00, 3.534291735288517e+00, 2.748893571891069e+00, 1.232319578191360e-03, 2.147877761589403e-10, 4.194097825204101e-07, 7.081535431316620e-07
2187, 4.319689898685965e+00, 3.534291735288517e+00, 2.748893571891069e+00, 1.233676018770116e-03, -5.264726507797401e-09, 4.160145587325448e-07, 7.130294126191922e-07
2188, 4.712388980384690e+00, 3.534291735288517e+00, 2.748893571891069e+00, 1.235000682288927e-03, 3.752227910160864e-10, 4.126176035460328e-07, 7.179091424980333e-07
2189, 5.105088062083414e+00, 3.534291735288517e+00, 2.748893571891069e+00, 1.233390156325319e-03, 5.970123888948461e-09, 4.159681910515117e-07, 7.130181347464057e-07
2190, 5.497787143782138e+00, 3.534291735288517e+00, 2.748893571891069e+00, 1.231783126558388e-03, 3.560342415738378e-10, 4.193222132178617e-07, 7.081323137804142e-07
2191, 5.890486225480862e+00, 3.534291735288517e+00, 2.748893571891069e+00, 1.233123536001244e-03, -5.324251178039980e-09, 4.159218515658372e-07, 7.130073369596559e-07
2192, 6.283185307179586e+00, 3.534291735288517e+00, 2.748893571891069e+00, 1.234519356677946e-03, 6.142323381996323e-11, 4.125340943356564e-07, 7.178896170098196e-07
2193, 0.000000000000000e+00, 3.926990816987241e+00, 2.748893571891069e+00, 1.010431255462385e-03, 5.425022288927075e-11, 7.229491478238039e-07, 5.787334270460514e-07
2194, 3.926990816987241e-01, 3.926990816987241e+00, 2.748893571891069e+00, 1.008465019129418e-03, 8.023556038902179e-09, 7.220179960193496e-07, 5.709219512220159e-07
2195, 7.853981633974483e-01, 3.926990816987241e+00, 2.748893571891069e+00, 1.006560365098689e-03, -2.790474396144780e-10, 7.211212204569304e-07, 5.631280916016260e-07
2196, 1.178097245096172e+00, 3.926990816987241e+00, 2.748893571891069e+00, 1.008671818802776e-03, -8.518710432208044e-09, 7.221030431586082e-07, 5.709286395122947e-07
2197, 1.570796326794897e+00, 3.926990816987241e+00, 2.748893571891069e+00, 1.010795512976035e-03, -3.516462934059789e-10, 7.230973378619329e-07, 5.787452830071576e-07
2198, 1.963495408493621e+00, 3.926990816987241e+00, 2.748893571891069e+00, 1.008939002510009e-03, 7.861354838049740e-09, 7.222049794073308e-07, 5.709374905393690e-07
2199, 2.356194490192345e+00, 3.926990816987241e+00, 2.748893571891069e+00, 1.007058813939171e-03, -2.413487528268024e-10, 7.213122539506998e-07, 5.631446110663244e-07
2200, 2.748893571891069e+00, 3.926990816987241e+00, 2.748893571891069e+00, 1.009123536357084e-03, -8.318374722692746e-09, 7.222716724245993e-07, 5.709437725443395e-07
2201, 3.141592653589793e+00, 3.926990816987241e+00, 2.748893571891069e+00, 1.011144538232182e-03, -2.899958536018516e-11, 7.232250438079148e-07, 5.787571153905770e-07
2202, 3.534291735288517e+00, 3.926990816987241e+00, 2.748893571891069e+00, 1.009145748755588e-03, 8.263258519210615e-09, 7.222798629994304e-07, 5.709446144565817e-07
2203, 3.926990816987241e+00, 3.926990816987241e+00, 2.748893571891069e+00, 1.007100988083960e-03, 1.948099660600086e-10, 7.213280114024007e-07, 5.631461979980714e-07
2204, 4.319689898685965e+00, 3.926990816987241e+00, 2.748893571891069e+00, 1.008996691521529e-03, -7.893827733062134e-09, 7.222269985559117e-07, 5.709396397702681e-07
2205, 4.712388980384690e+00, 3.926990816987241e+00, 2.748893571891069e+00, 1.010862175734645e-03, 3.384139849389004e-10, 7.231235179586882e-07, 5.787477392447465e-07
2206, 5.105088062083414e+00, 3.926990816987241e+00, 2.748893571891069e+00, 1.008738954972780e-03, 8.529520381724358e-09, 7.221303259104034e-07, 5.709310828808146e-07
2207, 5.497787143782138e+00, 3.926990816987241e+00, 2.748893571891069e+00, 1.006617660079594e-03, 3.183395578908596e-10, 7.211454040282959e-07, 5.631301447466166e-07
2208, 5.890486225480862e+00, 3.926990816987241e+00, 2.748893571891069e+00, 1.008500470165025e-03, -7.951618287310862e-09, 7.220335643589525e-07, 5.709231959300726e-07
2209, 6.283185307179586e+00, 3.926990816987241e+00, 2.748893571891069e+00, 1.010431255462385e-03, 5.425022288927075e-11, 7.229491478238039e-07, 5.787334270460514e-07
2210, 0.000000000000000e+00, 4.319689898685965e+00, 2.748893571891069e+00, 6.993850793311267e-04, 4.272535398369751e-11, 8.482945356939154e-07, 3.321529659034211e-07
2211, 3.926990816987241e-01, 4.319689898685965e+00, 2.748893571891069e+00, 6.995435115413089e-04, 6.529776560905408e-09, 8.426574235339125e-07, 3.304724725759144e-07
2212, 7.853981633974483e-01, 4.319689898685965e+00, 2.748893571891069e+00, 6.997515796697597e-04, -2.252402869093300e-10, 8.370386549103183e-07, 3.287885337060309e-07
2213, 1.178097245096172e+00, 4.319689898685965e+00, 2.748893571891069e+00, 6.997107269950873e-04, -6.930842352929546e-09, 8.427737060599351e-07, 3.304751008639903e-07
2214, 1.570796326794897e+00, 4.319689898685965e+00, 2.748893571891069e+00, 6.996808469209993e-04, -2.893457330498250e-10, 8.484971247931481e-07, 3.321578380967783e-07
2215, 1.963495408493621e+00, 4.319689898685965e+00, 2.748893571891069e+00, 6.999304744066482e-04, 6.390610926861570e-09, 8.429130153499901e-07, 3.304793325144858e-07
2216, 2.356194490192345e+00, 4.319689898685965e+00, 2.748893571891069e+00, 7.001611211822666e-04, -2.009597206524828e-10, 8.372997845630791e-07, 3.287963550036517e-07
2217, 2.748893571891069e+00, 4.319689898685965e+00, 2.748893571891069e+00, 7.000839514554719e-04, -6.770153759111958e-09, 8.430042753197617e-07, 3.304826875329290e-07
2218, 3.141592653589793e+00, 4.319689898685965e+00, 2.748893571891069e+00, 6.999704119173006e-04, -2.404033922636830e-11, 8.486718256378939e-07, 3.321640166081990e-07
2219, 3.534291735288517e+00, 4.319689898685965e+00, 2.748893571891069e+00, 7.001023422068106e-04, 6.724591609518176e-09, 8.430155226463479e-07, 3.304831347534616e-07
2220, 3.926990816987241e+00, 4.319689898685965e+00, 2.748893571891069e+00, 7.001959447945128e-04, 1.628481618352725e-10, 8.373214130526644e-07, 3.287971788152130e-07
2221, 4.319689898685965e+00, 4.319689898685965e+00, 2.748893571891069e+00, 6.999778955864385e-04, -6.416645345144045e-09, 8.429432183345638e-07, 3.304804050513947e-07
2222, 4.712388980384690e+00, 4.319689898685965e+00, 2.748893571891069e+00, 6.997353060619679e-04, 2.795394974314229e-10, 8.485330106478515e-07, 3.321589952700936e-07
2223, 5.105088062083414e+00, 4.319689898685965e+00, 2.748893571891069e+00, 6.997651483306563e-04, 6.940830547033356e-09, 8.428110897593557e-07, 3.304761655224715e-07
2224, 5.497787143782138e+00, 4.319689898685965e+00, 2.748893571891069e+00, 6.997976032584009e-04, 2.579975538567465e-10, 8.370717996078650e-07, 3.287893414096826e-07
2225, 5.890486225480862e+00, 4.319689898685965e+00, 2.748893571891069e+00, 6.995717038347299e-04, -6.471747860872540e-09, 8.426787765751520e-07, 3.304729019085245e-07
2226, 6.283185307179586e+00, 4.319689898685965e+00, 2.748893571891069e+00, 6.993850793311267e-04, 4.272535398369751e-11, 8.482945356939154e-07, 3.321529659034211e-07
2227, 0.000000000000000e+00, 4.712388980384690e+00, 2.748893571891069e+00, 3.763561522891112e-04, 2.859363293019696e-11, 7.511702977970132e-07, -3.733632590156892e-09
2228, 3.926990816987241e-01, 4.712388980384690e+00, 2.748893571891069e+00, 3.822635041602856e-04, 1.045556517287752e-08, 7.655435747176816e-07, 1.560436604636496e-08
2229, 7.853981633974483e-01, 4.712388980384690e+00, 2.748893571891069e+00, 3.882270439150872e-04, -1.595416954162648e-10, 7.798373260805075e-07, 3.483269700494654e-08
2230, 1.178097245096172e+00, 4.712388980384690e+00, 2.748893571891069e+00, 3.823823876097055e-04, -1.074173100483029e-08, 7.656730955412485e-07, 1.560205091368435e-08
2231, 1.570796326794897e+00, 4.712388980384690e+00, 2.748893571891069e+00, 3.765682958427042e-04, -2.132705117397360e-10, 7.513960069837746e-07, -3.737269382770857e-09
2232, 1.963495408493621e+00, 4.712388980384690e+00, 2.748893571891069e+00, 3.825442062865327e-04, 1.034454553961473e-08, 7.658283893740618e-07, 1.560064305631562e-08
2233, 2.356194490192345e+00, 4.712388980384690e+00, 2.748893571891069e+00, 3.885279951096632e-04, -1.515428267598894e-10, 7.801284502088812e-07, 3.482989557723293e-08
2234, 2.748893571891069e+00, 4.712388980384690e+00, 2.748893571891069e+00, 3.826596912520988e-04, -1.062933431489126e-08, 7.659303616744067e-07, 1.560039841558030e-08
2235, 3.141592653589793e+00, 4.712388980384690e+00, 2.748893571891069e+00, 3.767851494876001e-04, -1.795241057864633e-11, 7.515911163466431e-07, -3.738032185833769e-09
2236, 3.534291735288517e+00, 4.712388980384690e+00, 2.748893571891069e+00, 3.826733915572590e-04, 1.059549528577893e-08, 7.659429715360879e-07, 1.560035794258348e-08
2237, 3.926990816987241e+00, 4.712388980384690e+00, 2.748893571891069e+00, 3.885538011160795e-04, 1.237559794717874e-10, 7.801526879913116e-07, 3.482977793418460e-08
2238, 4.319689898685965e+00, 4.712388980384690e+00, 2.748893571891069e+00, 3.825790400254247e-04, -1.036271475534108e-08, 7.658622082983175e-07, 1.560039070581962e-08
2239, 4.712388980384690e+00, 4.712388980384690e+00, 2.748893571891069e+00, 3.766078073036156e-04, 2.076281814271085e-10, 7.514361437472034e-07, -3.737705678549150e-09
2240, 5.105088062083414e+00, 4.712388980384690e+00, 2.748893571891069e+00, 3.824212451990807e-04, 1.075069845778383e-08, 7.657148637888221e-07, 1.560142900108383e-08
2241, 5.497787143782138e+00, 4.712388980384690e+00, 2.748893571891069e+00, 3.882592707369641e-04, 1.843159521016564e-10, 7.798743487588862e-07, 3.483198268600927e-08
2242, 5.890486225480862e+00, 4.712388980384690e+00, 2.748893571891069e+00, 3.822828045171943e-04, -1.041454811520760e-08, 7.655674500675751e-07, 1.560379771678952e-08
2243, 6.283185307179586e+00, 4.712388980384690e+00, 2.748893571891069e+00, 3.763561522891112e-04, 2.859363293019696e-11, 7.511702977970132e-07, -3.733632590156892e-09
2244, 0.000000000000000e+00, 5.105088062083414e+00, 2.748893571891069e+00, 1.101892257729791e-04, 1.402411403167341e-11, 4.472265475682743e-07, -3.595883924894139e-07
2245, 3.926990816987241e-01, 5.105088062083414e+00, 2.748893571891069e+00, 1.231839278579131e-04, 3.101913066044333e-08, 5.521956550412169e-07, -3.119179247337322e-07
2246, 7.853981633974483e-01, 5.105088062083414e+00, 2.748893571891069e+00, 1.362793556829402e-04, -9.219051695452019e-11, 6.570269043565396e-07, -2.644802518646537e-07
2247, 1.178097245096172e+00, 5.105088062083414e+00, 2.748893571891069e+00, 1.232532513031977e-04, -3.118738788433866e-08, 5.523181275639190e-07, -3.119252888735983e-07
2248, 1.570796326794897e+00, 5.105088062083414e+00, 2.748893571891069e+00, 1.103155682929068e-04, -1.350629519451002e-10, 4.474402852713721e-07, -3.596007450199845e-07
2249, 1.963495408493621e+00, 5.105088062083414e+00, 2.748893571891069e+00, 1.233555208862197e-04, 3.093722758068656e-08, 5.524656901724830e-07, -3.119325206691911e-07
2250, 2.356194490192345e+00, 5.105088062083414e+00, 2.748893571891069e+00, 1.364686928987471e-04, -1.005864137423047e-10, 6.573034035654317e-07, -2.644940166855826e-07
2251, 2.748893571891069e+00, 5.105088062083414e+00, 2.748893571891069e+00, 1.234318406412329e-04, -3.112436950600757e-08, 5.525629216973374e-07, -3.119365277388525e-07
2252, 3.141592653589793e+00, 5.105088062083414e+00, 2.748893571891069e+00, 1.104575080671829e-04, -1.165437224089937e-11, 4.476262026156269e-07, -3.596087438579740e-07
2253, 3.534291735288517e+00, 5.105088062083414e+00, 2.748893571891069e+00, 1.234406894176582e-04, 3.110265461438446e-08, 5.525749877515601e-07, -3.119370803070009e-07
2254, 3.926990816987241e+00, 5.105088062083414e+00, 2.748893571891069e+00, 1.364851748486087e-04, 8.346308149944866e-11, 6.573265909358781e-07, -2.644951212184695e-07
2255, 4.319689898685965e+00, 5.105088062083414e+00, 2.748893571891069e+00, 1.233773493221137e-04, -3.094730554215311e-08, 5.524980214304809e-07, -3.119341572971963e-07
2256, 4.712388980384690e+00, 5.105088062083414e+00, 2.748893571891069e+00, 1.103396557084681e-04, 1.336547732811745e-10, 4.474785987312069e-07, -3.596028377551492e-07
2257, 5.105088062083414e+00, 5.105088062083414e+00, 2.748893571891069e+00, 1.232760746891194e-04, 3.119524084153670e-08, 5.523579023729071e-07, -3.119276533240019e-07
2258, 5.497787143782138e+00, 5.105088062083414e+00, 2.748893571891069e+00, 1.362973843717526e-04, 1.087362011278821e-10, 6.570620763769624e-07, -2.644825312925469e-07
2259, 5.890486225480862e+00, 5.105088062083414e+00, 2.748893571891069e+00, 1.231940738128822e-04, -3.099559391521915e-08, 5.522183357587131e-07, -3.119195185484759e-07
2260, 6.283185307179586e+00, 5.105088062083414e+00, 2.748893571891069e+00, 1.101892257729791e-04, 1.402411403167341e-11, 4.472265475682743e-07, -3.595883924894139e-07
2261, 0.000000000000000e+00, 5.497787143782138e+00, 2.748893571891069e+00, -6.087405776884588e-05, 1.319395613042126e-12, 2.692086194276448e-08, -6.378025724243247e-07
2262, 3.926990816987241e-01, 5.497787143782138e+00, 2.748893571891069e+00, -4.469343498287747e-05, 5.438466404259199e-08, 3.092179533975792e-07, -5.758589087085142e-07
2263, 7.853981633974483e-01, 5.497787143782138e+00, 2.748893571891069e+00, -2.838863280870000e-05, -3.380392149379034e-11, 5.915878294131365e-07, -5.141260245202231e-07
2264, 1.178097245096172e+00, 5.497787143782138e+00, 2.748893571891069e+00, -4.466711272416760e-05, -5.445040807198421e-08, 3.093140185239902e-07, -5.758706053370290e-07
2265, 1.570796326794897e+00, 5.497787143782138e+00, 2.748893571891069e+00, -6.082232227319071e-05, -6.658123272119418e-11, 2.708917539042945e-08, -6.378224628198174e-07
2266, 1.963495408493621e+00, 5.497787143782138e+00, 2.748893571891069e+00, -4.461696249673685e-05, 5.432881941983622e-08, 3.094315707988265e-07, -5.758829904561982e-07
2267, 2.356194490192345e+00, 5.497787143782138e+00, 2.748893571891069e+00, -2.829688395741657e-05, -5.581853618601727e-11, 5.918076615386024e-07, -5.141494575183285e-07
2268, 2.748893571891069e+00, 5.497787143782138e+00, 2.748893571891069e+00, -4.457504197023102e-05, -5.443021712258083e-08, 3.095092964625633e-07, -5.758903777017054e-07
2269, 3.141592653589793e+00, 5.497787143782138e+00, 2.748893571891069e+00, -6.074614160353740e-05, -6.103056131972383e-12, 2.723772795793133e-08, -6.378369433580657e-07
2270, 3.534291735288517e+00, 5.497787143782138e+00, 2.748893571891069e+00, -4.457046949252285e-05, 5.441919020900277e-08, 3.095189790305983e-07, -5.758913921085986e-07
2271, 3.926990816987241e+00, 5.497787143782138e+00, 2.748893571891069e+00, -2.828862049571331e-05, 4.809342652603056e-11, 5.918262737485760e-07, -5.141514509857137e-07
2272, 4.319689898685965e+00, 5.497787143782138e+00, 2.748893571891069e+00, -4.460659283869090e-05, -5.433179001734354e-08, 3.094575237641280e-07, -5.758858702823161e-07
2273, 4.712388980384690e+00, 5.497787143782138e+00, 2.748893571891069e+00, -6.081180598026777e-05, 6.882117358669581e-11, 2.711989660742784e-08, -6.378260341900150e-07
2274, 5.105088062083414e+00, 5.497787143782138e+00, 2.748893571891069e+00, -4.465835492751017e-05, 5.445713689592180e-08, 3.093457889089765e-07, -5.758745090131397e-07
2275, 5.497787143782138e+00, 5.497787143782138e+00, 2.748893571891069e+00, -2.838300484460735e-05, 4.303016952274739e-11, 5.916156975786113e-07, -5.141296673309885e-07
2276, 5.890486225480862e+00, 5.497787143782138e+00, 2.748893571891069e+00, -4.469125974466074e-05, -5.437635633893465e-08, 3.092357622505065e-07, -5.758613868583840e-07
2277, 6.283185307179586e+00, 5.497787143782138e+00, 2.748893571891069e+00, -6.087405776884588e-05, 1.319395613042126e-12, 2.692086194276448e-08, -6.378025724243247e-07
2278, 0.000000000000000e+00, 5.890486225480862e+00, 2.748893571891069e+00, -1.389195366786154e-04, -7.414873074227867e-12, -3.540231662482914e-07, -7.756531591983099e-07
2279, 3.926990816987241e-01, 5.890486225480862e+00, 2.748893571891069e+00, -1.275146615116074e-04, 4.654069870537223e-08, 1.225469972476823e-07, -7.312250368735581e-07
2280, 7.853981633974483e-01, 5.890486225480862e+00, 2.748893571891069e+00, -1.160692861056159e-04, 6.508666601992851e-12, 5.993865203147406e-07, -6.869145166131720e-07
2281, 1.178097245096172e+00, 5.890486225480862e+00, 2.748893571891069e+00, -1.275180797084177e-04, -4.653535781904332e-08, 1.226020263897120e-07, -7.312396416070953e-07
2282, 1.570796326794897e+00, 5.890486225480862e+00, 2.748893571891069e+00, -1.389196164068254e-04, -1.807998176539817e-11, -3.539264808546570e-07, -7.756781854188011e-07
2283, 1.963495408493621e+00, 5.890486225480862e+00, 2.748893571891069e+00, -1.275047958874636e-04, 4.650454468052011e-08, 1.226720478128739e-07, -7.312557496246849e-07
2284, 2.356194490192345e+00, 5.890486225480862e+00, 2.748893571891069e+00, -1.160463747115324e-04, -2.407176748154544e-11, 5.995169386868693e-07, -6.869448747898655e-07
2285, 2.748893571891069e+00, 5.890486225480862e+00, 2.748893571891069e+00, -1.274872675575714e-04, -4.654513033417420e-08, 1.227183658526650e-07, -7.312656104407219e-07
2286, 3.141592653589793e+00, 5.890486225480862e+00, 2.748893571891069e+00, -1.388900579331639e-04, -2.151128664908458e-12, -3.538379214961512e-07, -7.756974001261871e-07
2287, 3.534291735288517e+00, 5.890486225480862e+00, 2.748893571891069e+00, -1.274857401571898e-04, 4.654171748260913e-08, 1.227241687484765e-07, -7.312669637865259e-07
2288, 3.926990816987241e+00, 5.890486225480862e+00, 2.748893571891069e+00, -1.160439668388348e-04, 2.305468953432511e-11, 5.995281048259679e-07, -6.869475203627188e-07
2289, 4.319689898685965e+00, 5.890486225480862e+00, 2.748893571891069e+00, -1.275025954119694e-04, -4.650243613760060e-08, 1.226876413005093e-07, -7.312595402881503e-07
2290, 4.712388980384690e+00, 5.890486225480862e+00, 2.748893571891069e+00, -1.389187720381168e-04, 2.288588546995174e-11, -3.539080012356669e-07, -7.756828358380987e-07
2291, 5.105088062083414e+00, 5.890486225480862e+00, 2.748893571891069e+00, -1.275193098697492e-04, 4.654110209129734e-08, 1.226210930004957e-07, -7.312446548179126e-07
2292, 5.497787143782138e+00, 5.890486225480862e+00, 2.748893571891069e+00, -1.160723668146934e-04, -2.804202420817946e-12, 5.994029713782938e-07, -6.869191113355904e-07
2293, 5.890486225480862e+00, 5.890486225480862e+00, 2.748893571891069e+00, -1.275179706415628e-04, -4.654305929388977e-08, 1.225568725312612e-07, -7.312280976358144e-07
2294, 6.283185307179586e+00, 5.890486225480862e+00, 2.748893571891069e+00, -1.389195366786154e-04, -7.414873074227867e-12, -3.540231662482914e-07, -7.756531591983099e-07
2295, 0.000000000000000e+00, 6.283185307179586e+00, 2.748893571891069e+00, -1.506261579621174e-04, -9.564185684460144e-12, -5.630135277940815e-07, -7.795966897462872e-07
2296, 3.926990816987241e-01, 6.283185307179586e+00, 2.748893571891069e+00, -1.506137718957317e-04, 1.792049957832744e-11, -1.103732125021453e-10, -7.795549299138338e-07
2297, 7.853981633974483e-01, 6.283185307179586e+00, 2.748893571891069e+00, -1.506365777948504e-04, 2.333008266546551e-11, 5.627971858420165e-07, -7.796050704505755e-07
2298, 1.178097245096172e+00, 6.283185307179586e+00, 2.748893571891069e+00, -1.506295584672521e-04, 1.539852732089915e-11, -1.011046595944657e-10, -7.795706709226188e-07
2299, 1.570796326794897e+00, 6.283185307179586e+00, 2.748893571891069e+00, -1.506477229232623e-04, 3.172173898954219e-12, -5.629988584563768e-07, -7.796235686427051e-07
2300, 1.963495408493621e+00, 6.283185307179586e+00, 2.748893571891069e+00, -1.506323806220336e-04, -6.552083641454603e-12, -8.931978340964112e-11, -7.795884828481469e-07
2301, 2.356194490192345e+00, 6.283185307179586e+00, 2.748893571891069e+00, -1.506436094923889e-04, -1.024377478154297e-11, 5.628191382697173e-07, -7.796385589562869e-07
2302, 2.748893571891069e+00, 6.283185307179586e+00, 2.748893571891069e+00, -1.506254811805033e-04, -7.501926158279574e-12, -8.161413236362370e-11, -7.795994748239205e-07
2303, 3.141592653589793e+00, 6.283185307179586e+00, 2.748893571891069e+00, -1.506385017941846e-04, -4.132396110650072e-13, -5.629840764453297e-07, -7.796449505887745e-07
2304, 3.534291735288517e+00, 6.283185307179586e+00, 2.748893571891069e+00, -1.506252929116269e-04, 7.443500448445964e-12, -8.061380335501896e-11, -7.796009839570658e-07
2305, 3.926990816987241e+00, 6.283185307179586e+00, 2.748893571891069e+00, -1.506437806882225e-04, 1.219964564106410e-11, 5.628210714953558e-07, -7.796415043915195e-07
2306, 4.319689898685965e+00, 6.283185307179586e+00, 2.748893571891069e+00, -1.506337874337302e-04, 1.094140771146348e-11, -8.659979361313753e-11, -7.795926930934142e-07
2307, 4.712388980384690e+00, 6.283185307179586e+00, 2.748893571891069e+00, -1.506511635384112e-04, 2.824839959871514e-12, -5.629955974437825e-07, -7.796287182414013e-07
2308, 5.105088062083414e+00, 6.283185307179586e+00, 2.748893571891069e+00, -1.506352197992157e-04, -1.011206109650796e-11, -9.767584644051039e-11, -7.795761982984134e-07
2309, 5.497787143782138e+00, 6.283185307179586e+00, 2.748893571891069e+00, -1.506434625266911e-04, -2.257376233346427e-11, 5.628002516982965e-07, -7.796100889367624e-07
2310, 5.890486225480862e+00, 6.283185307179586e+00, 2.748893571891069e+00, -1.506192561687572e-04, -2.626498615910622e-11, -1.083838945832148e-10, -7.795581842110498e-07
2311, 6.283185307179586e+00, 6.283185307179586e+00, 2.748893571891069e+00, -1.506261579621174e-04, -9.564185684460144e-12, -5.630135277940815e-07, -7.795966897462872e-07
2312, 0.000000000000000e+00, 0.000000000000000e+00, 3.141592653589793e+00, 2.624004800196722e-06, -8.440311610715426e-12, -1.357988890258721e-08, 3.497613617046883e-11
2313, 3.926990816987241e-01, 0.000000000000000e+00, 3.141592653589793e+00, 2.632544627509789e-06, 1.523398574348712e-11, -1.069478503779458e-10, 3.476878490194601e-11
2314, 7.853981633974483e-01, 0.000000000000000e+00, 3.141592653589793e+00, 2.615401256215929e-06, 1.856665298998661e-11, 1.337022219730869e-08, 3.393295596663248e-11
2315, 1.178097245096172e+00, 0.000000000000000e+00, 3.141592653589793e+00, 2.620229289655400e-06, 9.969635329421507e-12, -9.788020068726803e-11, 3.282110179265179e-11
2316, 1.570796326794897e+00, 0.000000000000000e+00, 3.141592653589793e+00, 2.608323952886318e-06, -1.954697539297399e-12, -1.356546270689546e-08, 3.170691921234717e-11
2317, 1.963495408493621e+00, 0.000000000000000e+00, 3.141592653589793e+00, 2.621311778848338e-06, -1.080966815168845e-11, -8.637780852553522e-11, 3.074818015084144e-11
2318, 2.356194490192345e+00, 0.000000000000000e+00, 3.141592653589793e+00, 2.615713814923344e-06, -1.333987158519981e-11, 1.339165269491504e-08, 3.001546695207939e-11
2319, 2.748893571891069e+00, 0.000000000000000e+00, 3.141592653589793e+00, 2.630608652120365e-06, -9.298732322069030e-12, -7.885615449061222e-11, 2.953065990511860e-11
2320, 3.141592653589793e+00, 0.000000000000000e+00, 3.141592653589793e+00, 2.622216911200537e-06, -8.495929274614235e-13, -1.355103485965858e-08, 2.929704580764858e-11
2321, 3.534291735288517e+00, 0.000000000000000e+00, 3.141592653589793e+00, 2.631135125088240e-06, 8.386184058497897e-12, -7.788245648715233e-11, 2.931668315094560e-11
2322, 3.926990816987241e+00, 0.000000000000000e+00, 3.141592653589793e+00, 2.616202936430809e-06, 1.450495545369598e-11, 1.339353457920736e-08, 2.959699355743239e-11
2323, 4.319689898685965e+00, 0.000000000000000e+00, 3.141592653589793e+00, 2.620849148124548e-06, 1.454023642838241e-11, -8.373002536877356e-11, 3.014868580329801e-11
2324, 4.712388980384690e+00, 0.000000000000000e+00, 3.141592653589793e+00, 2.606038360841799e-06, 7.534710413195321e-12, -1.356228893050651e-08, 3.097236684684816e-11
2325, 5.105088062083414e+00, 0.000000000000000e+00, 3.141592653589793e+00, 2.615807754086607e-06, -4.695474917635522e-12, -9.454489268673621e-11, 3.203134609434122e-11
2326, 5.497787143782138e+00, 0.000000000000000e+00, 3.141592653589793e+00, 2.609642332383997e-06, -1.720412962955327e-11, 1.337320217809701e-08, 3.321413320786001e-11
2327, 5.890486225480862e+00, 0.000000000000000e+00, 3.141592653589793e+00, 2.627790679856807e-06, -2.213983223760729e-11, -1.050157092507554e-10, 3.430092591404237e-11
2328, 6.283185307179586e+00, 0.000000000000000e+00, 3.141592653589793e+00, 2.624004800196722e-06, -8.440311610715426e-12, -1.357988890258721e-08, 3.497613617046883e-11
2329, 0.000000000000000e+00, 3.926990816987241e-01, 3.141592653589793e+00, 2.066614626502997e-05, -8.571391909514554e-12, -8.100212465896420e-08, 3.352593343183689e-11
2330, 3.926990816987241e-01, 3.926990816987241e-01, 3.141592653589793e+00, 1.601177611022310e-05, 1.765990342298222e-08, -7.126186386349377e-08, 3.330142838986865e-11
2331, 7.853981633974483e-01, 3.926990816987241e-01, 3.141592653589793e+00, 1.140828689440378e-05, 1.153189700388942e-11, -6.182064500856045e-08, 3.249712196703825e-11
2332, 1.178097245096172e+00, 3.926990816987241e-01, 3.141592653589793e+00, 1.600466779194908e-05, -1.764607395654653e-08, -7.129852932797114e-08, 3.145082174611813e-11
2333, 1.570796326794897e+00, 3.926990816987241e-01, 3.141592653589793e+00, 2.065970560000435e-05, -1.124194878361945e-11, -8.106548775259932e-08, 3.041417517502976e-11
2334, 1.963495408493621e+00, 3.926990816987241e-01, 3.141592653589793e+00, 1.601277511331196e-05, 1.762794888953104e-08, -7.134573194454841e-08, 2.952913002265400e-11
2335, 2.356194490192345e+00, 3.926990816987241e-01, 3.141592653589793e+00, 1.142161998741898e-05, -1.940705906625997e-11, -6.190846554093564e-08, 2.885697095886546e-11
2336, 2.748893571891069e+00, 3.926990816987241e-01, 3.141592653589793e+00, 1.602673441583167e-05, -1.765968101470030e-08, -7.137698972260115e-08, 2.841395499434803e-11
2337, 3.141592653589793e+00, 3.926990816987241e-01, 3.141592653589793e+00, 2.068250374461024e-05, -1.585263761400084e-12, -8.112522440399399e-08, 2.819993877299932e-11
2338, 3.534291735288517e+00, 3.926990816987241e-01, 3.141592653589793e+00, 1.602782693041306e-05, 1.765735199999560e-08, -7.138084154388608e-08, 2.821537980296522e-11
2339, 3.926990816987241e+00, 3.926990816987241e-01, 3.141592653589793e+00, 1.142319618328757e-05, 1.932726444735121e-11, -6.191587160172528e-08, 2.846793224095462e-11
2340, 4.319689898685965e+00, 3.926990816987241e-01, 3.141592653589793e+00, 1.601382523308477e-05, -1.762515459301872e-08, -7.135605881671431e-08, 2.897023195742710e-11
2341, 4.712388980384690e+00, 3.926990816987241e-01, 3.141592653589793e+00, 2.065920154431982e-05, 1.637124121931670e-11, -8.107769176160714e-08, 2.972670486452650e-11
2342, 5.105088062083414e+00, 3.926990816987241e-01, 3.141592653589793e+00, 1.600205642417360e-05, 1.765166238975539e-08, -7.131105067844887e-08, 3.070744119116037e-11
2343, 5.497787143782138e+00, 3.926990816987241e-01, 3.141592653589793e+00, 1.140400517287458e-05, -8.592920774714485e-12, -6.183131075106006e-08, 3.181282278018011e-11
2344, 5.890486225480862e+00, 3.926990816987241e-01, 3.141592653589793e+00, 1.600771134175747e-05, -1.766378234265220e-08, -7.126805593692542e-08, 3.284289861783647e-11
2345, 6.283185307179586e+00, 3.926990816987241e-01, 3.141592653589793e+00, 2.066614626502997e-05, -8.571391909514554e-12, -8.100212465896420e-08, 3.352593343183689e-11
2346, 0.000000000000000e+00, 7.853981633974483e-01, 3.141592653589793e+00, 7.475122629437930e-05, -1.937018137524045e-12, -2.023690611919226e-07, 2.762438921104288e-11
2347, 3.926990816987241e-01, 7.853981633974483e-01, 3.141592653589793e+00, 6.798517592626324e-05, 2.554936202193694e-08, -2.013471361921908e-07, 2.743507659008334e-11
2348, 7.853981633974483e-01, 7.853981633974483e-01, 3.141592653589793e+00, 6.136078163089682e-05, -1.955469606733103e-11, -2.004248115368219e-07, 2.681006974552805e-11
2349, 1.178097245096172e+00, 7.853981633974483e-01, 3.141592653589793e+00, 6.800098127340989e-05, -2.559003184121533e-08, -2.014270933965911e-07, 2.603411451287521e-11
2350, 1.570796326794897e+00, 7.853981633974483e-01, 3.141592653589793e+00, 7.478461987118655e-05, -4.898018031983967e-11, -2.025089893869777e-07, 2.529816593720856e-11
2351, 1.963495408493621e+00, 7.853981633974483e-01, 3.141592653589793e+00, 6.803776242152347e-05, 2.550132865968794e-08, -2.015257712311040e-07, 2.469572790313201e-11
2352, 2.356194490192345e+00, 7.853981633974483e-01, 3.141592653589793e+00, 6.142760777620232e-05, -4.412091683176168e-11, -2.006091851117017e-07, 2.425503651224494e-11
2353, 2.748893571891069e+00, 7.853981633974483e-01, 3.141592653589793e+00, 6.807070756344325e-05, -2.558038864960567e-08, -2.015910585440387e-07, 2.397141206397555e-11
2354, 3.141592653589793e+00, 7.853981633974483e-01, 3.141592653589793e+00, 7.484369576361412e-05, -4.627469416936673e-12, -2.026337429799548e-07, 2.383241281632518e-11
2355, 3.534291735288517e+00, 7.853981633974483e-01, 3.141592653589793e+00, 6.807414376411647e-05, 2.557220035563918e-08, -2.015991248112817e-07, 2.383288627832302e-11
2356, 3.926990816987241e+00, 7.853981633974483e-01, 3.141592653589793e+00, 6.143368909591247e-05, 3.888590726882981e-11, -2.006246886857766e-07, 2.398092095931662e-11
2357, 4.319689898685965e+00, 7.853981633974483e-01, 3.141592653589793e+00, 6.804509293793673e-05, -2.550242339347536e-08, -2.015473839471716e-07, 2.429583219461910e-11
2358, 4.712388980384690e+00, 7.853981633974483e-01, 3.141592653589793e+00, 7.479154144798661e-05, 5.217394722844332e-11, -2.025345602054412e-07, 2.479652023824415e-11
2359, 5.105088062083414e+00, 7.853981633974483e-01, 3.141592653589793e+00, 6.800602004459620e-05, 2.559643824608149e-08, -2.014535155202368e-07, 2.547877789897735e-11
2360, 5.497787143782138e+00, 7.853981633974483e-01, 3.141592653589793e+00, 6.136314411687134e-05, 2.678980314347190e-11, -2.004479627120175e-07, 2.628462352756728e-11
2361, 5.890486225480862e+00, 7.853981633974483e-01, 3.141592653589793e+00, 6.798527393133330e-05, -2.554511541957921e-08, -2.013619205351912e-07, 2.707247120934370e-11
2362, 6.283185307179586e+00, 7.853981633974483e-01, 3.141592653589793e+00, 7.475122629437930e-05, -1.937018137524045e-12, -2.023690611919226e-07, 2.762438921104288e-11
2363, 0.000000000000000e+00, 1.178097245096172e+00, 3.141592653589793e+00, 1.898711768742197e-04, 9.222602995535617e-12, -3.917288547098054e-07, 1.840543458102667e-11
2364, 3.926990816987241e-01, 1.178097245096172e+00, 3.141592653589793e+00, 1.842357857286149e-04, 2.129092244211750e-08, -3.979372010351791e-07, 1.829863235870227e-11
2365, 7.853981633974483e-01, 1.178097245096172e+00, 3.141592653589793e+00, 1.787186335577545e-04, -7.076486513632521e-11, -4.039929370660618e-07, 1.798849258722013e-11
2366, 1.178097245096172e+00, 1.178097245096172e+00, 3.141592653589793e+00, 1.842893163551149e-04, -2.142151945573589e-08, -3.980489997040589e-07, 1.765369900400647e-11
2367, 1.570796326794897e+00, 1.178097245096172e+00, 3.141592653589793e+00, 1.899700641583553e-04, -1.094648918497209e-10, -3.919241557937356e-07, 1.739363684518255e-11
2368, 1.963495408493621e+00, 1.178097245096172e+00, 3.141592653589793e+00, 1.843721151119478e-04, 2.121934965295294e-08, -3.981844040042626e-07, 1.723329667523924e-11
2369, 2.356194490192345e+00, 1.178097245096172e+00, 3.141592653589793e+00, 1.788715595897639e-04, -8.368676092356433e-11, -4.042464956594136e-07, 1.715330123201452e-11
2370, 2.748893571891069e+00, 1.178097245096172e+00, 3.141592653589793e+00, 1.844354589126529e-04, -2.137417646340897e-08, -3.982737194887246e-07, 1.711780498204978e-11
2371, 3.141592653589793e+00, 1.178097245096172e+00, 3.141592653589793e+00, 1.900872378267622e-04, -9.501982044188752e-12, -3.920948929573386e-07, 1.709561319113891e-11
2372, 3.534291735288517e+00, 1.178097245096172e+00, 3.141592653589793e+00, 1.844426500615027e-04, 2.135660307360355e-08, -3.982847497937950e-07, 1.707291821957399e-11
2373, 3.926990816987241e+00, 1.178097245096172e+00, 3.141592653589793e+00, 1.788848574643947e-04, 7.019936427024917e-11, -4.042676948256474e-07, 1.705844537877745e-11
2374, 4.319689898685965e+00, 1.178097245096172e+00, 3.141592653589793e+00, 1.843895071295177e-04, -2.122668348070838e-08, -3.982139672438349e-07, 1.708173792272227e-11
2375, 4.712388980384690e+00, 1.178097245096172e+00, 3.141592653589793e+00, 1.899889008728700e-04, 1.094598207841941e-10, -3.919591947850469e-07, 1.718353721225915e-11
2376, 5.105088062083414e+00, 1.178097245096172e+00, 3.141592653589793e+00, 1.843067025959443e-04, 2.142891738190562e-08, -3.980853819348574e-07, 1.739734504407503e-11
2377, 5.497787143782138e+00, 1.178097245096172e+00, 3.141592653589793e+00, 1.787318809689593e-04, 8.442380194855327e-11, -4.040251167925396e-07, 1.772386586357070e-11
2378, 5.890486225480862e+00, 1.178097245096172e+00, 3.141592653589793e+00, 1.842428813335027e-04, -2.127331438693344e-08, -3.979579588985936e-07, 1.810259224453357e-11
2379, 6.283185307179586e+00, 1.178097245096172e+00, 3.141592653589793e+00, 1.898711768742197e-04, 9.222602995535617e-12, -3.917288547098054e-07, 1.840543458102667e-11
2380, 0.000000000000000e+00, 1.570796326794897e+00, 3.141592653589793e+00, 3.823171217993916e-04, 2.302038306536289e-11, -5.897975039939224e-07, 7.385786983751359e-12
2381, 3.926990816987241e-01, 1.570796326794897e+00, 3.141592653589793e+00, 3.795378725640337e-04, 1.051325180160369e-08, -5.976056154802519e-07, 7.388362056605856e-12
2382, 7.853981633974483e-01, 1.570796326794897e+00, 3.141592653589793e+00, 3.768200345855907e-04, -1.343589695797745e-10, -6.052991895817495e-07, 7.477653491611740e-12
2383, 1.178097245096172e+00, 1.570796326794897e+00, 3.141592653589793e+00, 3.796382128923112e-04, -1.075527743265990e-08, -5.977317988563786e-07, 7.689710770058137e-12
2384, 1.570796326794897e+00, 1.570796326794897e+00, 3.141592653589793e+00, 3.824971098417193e-04, -1.836174699363111e-10, -5.900175404230607e-07, 8.009636390718623e-12
2385, 1.963495408493621e+00, 1.570796326794897e+00, 3.141592653589793e+00, 3.797774621369756e-04, 1.041377863536490e-08, -5.978835008809327e-07, 8.382526537736463e-12
2386, 2.356194490192345e+00, 1.570796326794897e+00, 3.141592653589793e+00, 3.770787214327259e-04, -1.320542026883093e-10, -6.055834959585358e-07, 8.735303050521426e-12
2387, 2.748893571891069e+00, 1.570796326794897e+00, 3.141592653589793e+00, 3.798779764322394e-04, -1.066126772416902e-08, -5.979832388934963e-07, 8.996927838061595e-12
2388, 3.141592653589793e+00, 1.570796326794897e+00, 3.141592653589793e+00, 3.826853623367490e-04, -1.545792020563894e-11, -5.902083198376279e-07, 9.114551519443612e-12
2389, 3.534291735288517e+00, 1.570796326794897e+00, 3.141592653589793e+00, 3.798897558845153e-04, 1.063222697302048e-08, -5.979955451358026e-07, 9.064184854457984e-12
2390, 3.926990816987241e+00, 1.570796326794897e+00, 3.141592653589793e+00, 3.771008387166888e-04, 1.084764784481691e-10, -6.056071540656063e-07, 8.855299416535599e-12
2391, 4.319689898685965e+00, 1.570796326794897e+00, 3.141592653589793e+00, 3.798071580461410e-04, -1.042877442187339e-08, -5.979165186015492e-07, 8.529222517920444e-12
2392, 4.712388980384690e+00, 1.570796326794897e+00, 3.141592653589793e+00, 3.825305421214824e-04, 1.795965187014857e-10, -5.900567359019201e-07, 8.151271553896048e-12
2393, 5.105088062083414e+00, 1.570796326794897e+00, 3.141592653589793e+00, 3.796707756905787e-04, 1.076372088675729e-08, -5.977725960620491e-07, 7.797040117774462e-12
2394, 5.497787143782138e+00, 1.570796326794897e+00, 3.141592653589793e+00, 3.768467236659068e-04, 1.558007693183520e-10, -6.053353563081842e-07, 7.533855303710365e-12
2395, 5.890486225480862e+00, 1.570796326794897e+00, 3.141592653589793e+00, 3.795536364122891e-04, -1.047909557397194e-08, -5.976289399179868e-07, 7.398930235588899e-12
2396, 6.283185307179586e+00, 1.570796326794897e+00, 3.141592653589793e+00, 3.823171217993916e-04, 2.302038306536289e-11, -5.897975039939224e-07, 7.385786983751359e-12
2397, 0.000000000000000e+00, 1.963495408493621e+00, 3.141592653589793e+00, 6.355584737024461e-04, 3.725540869220783e-11, -6.937903759229081e-07, -3.765824485617690e-12
2398, 3.926990816987241e-01, 1.963495408493621e+00, 3.141592653589793e+00, 6.352741943871382e-04, 1.035511226592600e-09, -6.986193903458030e-07, -3.648561883773323e-12
2399, 7.853981633974483e-01, 1.963495408493621e+00, 3.141592653589793e+00, 6.350345790090701e-04, -2.003543108062938e-10, -7.034513399052801e-07, -3.142581016844101e-12
2400, 1.178097245096172e+00, 1.963495408493621e+00, 3.141592653589793e+00, 6.354230930655603e-04, -1.393015182037447e-09, -6.987401415609586e-07, -2.363415297613020e-12
2401, 1.570796326794897e+00, 1.963495408493621e+00, 3.141592653589793e+00, 6.358225117006782e-04, -2.602043834939037e-10, -6.940008080164707e-07, -1.446642413602662e-12
2402, 1.963495408493621e+00, 1.963495408493621e+00, 3.141592653589793e+00, 6.356206558553529e-04, 9.075421776121393e-10, -6.988850023936133e-07, -5.288603435542146e-13
2403, 2.356194490192345e+00, 1.963495408493621e+00, 3.141592653589793e+00, 6.354025576907499e-04, -1.818639362751051e-10, -7.037228502190504e-07, 2.639973406022646e-13
2404, 2.748893571891069e+00, 1.963495408493621e+00, 3.141592653589793e+00, 6.357594594790836e-04, -1.250512781717789e-09, -6.989800073633233e-07, 8.269707126991154e-13
2405, 3.141592653589793e+00, 1.963495408493621e+00, 3.141592653589793e+00, 6.360840249866290e-04, -2.158719943975872e-11, -6.941826333871294e-07, 1.086278686340952e-12
2406, 3.534291735288517e+00, 1.963495408493621e+00, 3.141592653589793e+00, 6.357759615727043e-04, 1.209667210339076e-09, -6.989917215628503e-07, 1.007971223400692e-12
2407, 3.926990816987241e+00, 1.963495408493621e+00, 3.141592653589793e+00, 6.354337558522170e-04, 1.478847489960308e-10, -7.037453792533411e-07, 6.021508357568995e-13
2408, 4.319689898685965e+00, 1.963495408493621e+00, 3.141592653589793e+00, 6.356630299862398e-04, -9.304663678048089e-10, -6.989164670946751e-07, -7.867010885655307e-14
2409, 4.712388980384690e+00, 1.963495408493621e+00, 3.141592653589793e+00, 6.358710020698429e-04, 2.519831314250095e-10, -6.940381955377103e-07, -9.458897569150746e-13
2410, 5.105088062083414e+00, 1.963495408493621e+00, 3.141592653589793e+00, 6.354713361055298e-04, 1.402485104995430e-09, -6.987790878836582e-07, -1.883257550489443e-12
2411, 5.497787143782138e+00, 1.963495408493621e+00, 3.141592653589793e+00, 6.350751680994079e-04, 2.298408107554808e-10, -7.034858647764639e-07, -2.756450368792848e-12
2412, 5.890486225480862e+00, 1.963495408493621e+00, 3.141592653589793e+00, 6.352989159633555e-04, -9.842147000743949e-10, -6.986416280049591e-07, -3.425493415699397e-12
2413, 6.283185307179586e+00, 1.963495408493621e+00, 3.141592653589793e+00, 6.355584737024461e-04, 3.725540869220783e-11, -6.937903759229081e-07, -3.765824485617690e-12
2414, 0.000000000000000e+00, 2.356194490192345e+00, 3.141592653589793e+00, 8.960309088624176e-04, 4.973288034927433e-11, -6.232735082489818e-07, -1.343033126517000e-11
2415, 3.926990816987241e-01, 2.356194490192345e+00, 3.141592653589793e+00, 8.968326968787438e-04, -3.119950090701364e-09, -6.242317588612036e-07, -1.321221035754343e-11
2416, 7.853981633974483e-01, 2.356194490192345e+00, 3.141592653589793e+00, 8.976897452610222e-04, -2.584266735866644e-10, -6.252287606385824e-07, -1.233978491795044e-11
2417, 1.178097245096172e+00, 2.356194490192345e+00, 3.141592653589793e+00, 8.970243201814454e-04, 2.660877979246788e-09, -6.243283019681557e-07, -1.106234356016665e-11
2418, 1.570796326794897e+00, 2.356194490192345e+00, 3.141592653589793e+00, 8.963688814928072e-04, -3.275183440252613e-10, -6.234417373125193e-07, -9.622697816318259e-12
2419, 1.963495408493621e+00, 2.356194490192345e+00, 3.141592653589793e+00, 8.972731353730361e-04, -3.272891605456075e-09, -6.244440931152362e-07, -8.229417320844465e-12
2420, 2.356194490192345e+00, 2.356194490192345e+00, 3.141592653589793e+00, 8.981537788275121e-04, -2.255498003625069e-10, -6.254457591434470e-07, -7.053899965119346e-12
2421, 2.748893571891069e+00, 2.356194490192345e+00, 3.141592653589793e+00, 8.974455278576500e-04, 2.846137035289879e-09, -6.245199198419892e-07, -6.229542271656738e-12
2422, 3.141592653589793e+00, 2.356194490192345e+00, 3.141592653589793e+00, 8.966946905490171e-04, -2.696151454568940e-11, -6.235869127980250e-07, -5.847445715003509e-12
2423, 3.534291735288517e+00, 2.356194490192345e+00, 3.141592653589793e+00, 8.974661715984313e-04, -2.897337353802384e-09, -6.245292708552132e-07, -5.949830992149926e-12
2424, 3.926990816987241e+00, 2.356194490192345e+00, 3.141592653589793e+00, 8.981929435912399e-04, 1.824355060937996e-10, -6.254637490548279e-07, -6.526224356895975e-12
2425, 4.319689898685965e+00, 2.356194490192345e+00, 3.141592653589793e+00, 8.973266384017132e-04, 3.242988854084554e-09, -6.244692296463919e-07, -7.515127340543964e-12
2426, 4.712388980384690e+00, 2.356194490192345e+00, 3.141592653589793e+00, 8.964305981253377e-04, 3.155882244422499e-10, -6.234716168138362e-07, -8.808819532304279e-12
2427, 5.105088062083414e+00, 2.356194490192345e+00, 3.141592653589793e+00, 8.970863409300124e-04, -2.650508436163411e-09, -6.243594279086861e-07, -1.025657577520084e-11
2428, 5.497787143782138e+00, 2.356194490192345e+00, 3.141592653589793e+00, 8.977425444063136e-04, 2.950026755701474e-10, -6.252563380646316e-07, -1.166537434953247e-11
2429, 5.890486225480862e+00, 2.356194490192345e+00, 3.141592653589793e+00, 8.968652791791426e-04, 3.186316029047676e-09, -6.242495041947643e-07, -1.280363398540322e-11
2430, 6.283185307179586e+00, 2.356194490192345e+00, 3.141592653589793e+00, 8.960309088624176e-04, 4.973288034927433e-11, -6.232735082489818e-07, -1.343033126517000e-11
2431, 0.000000000000000e+00, 2.748893571891069e+00, 3.141592653589793e+00, 1.092537048051858e-03, 5.856197516836455e-11, -3.698837902162149e-07, -2.023329649127058e-11
2432, 3.926990816987241e-01, 2.748893571891069e+00, 3.141592653589793e+00, 1.093220932013743e-03, -2.686139644770485e-09, -3.685115564558439e-07, -1.994393966786341e-11
2433, 7.853981633974483e-01, 2.748893571891069e+00, 3.141592653589793e+00, 1.093972234841125e-03, -2.995830340860118e-10, -3.671636162937482e-07, -1.881258604208474e-11
2434, 1.178097245096172e+00, 2.748893571891069e+00, 3.141592653589793e+00, 1.093442834467364e-03, 2.155092663397417e-09, -3.685690181356331e-07, -1.718305330572407e-11
2435, 1.570796326794897e+00, 2.748893571891069e+00, 3.141592653589793e+00, 1.092927417835288e-03, -3.752222955788094e-10, -3.699839162778568e-07, -1.537433300444345e-11
2436, 1.963495408493621e+00, 2.748893571891069e+00, 3.141592653589793e+00, 1.093727969335211e-03, -2.856771539840328e-09, -3.686379397688244e-07, -1.364609304524659e-11
2437, 2.356194490192345e+00, 2.748893571891069e+00, 3.141592653589793e+00, 1.094504329613572e-03, -2.564698038757969e-10, -3.672927657840487e-07, -1.220162935862870e-11
2438, 2.748893571891069e+00, 2.748893571891069e+00, 3.141592653589793e+00, 1.093924138649627e-03, 2.370696013980134e-09, -3.686830385227838e-07, -1.119388529641890e-11
2439, 3.141592653589793e+00, 2.748893571891069e+00, 3.141592653589793e+00, 1.093298753863033e-03, -3.076936552272902e-11, -3.700702827021910e-07, -1.072566324747837e-11
2440, 3.534291735288517e+00, 2.748893571891069e+00, 3.141592653589793e+00, 1.093947717181675e-03, -2.429234936389888e-09, -3.686886141970310e-07, -1.084476776981483e-11
2441, 3.926990816987241e+00, 2.748893571891069e+00, 3.141592653589793e+00, 1.094549140847483e-03, 2.068766360069054e-10, -3.673034940163081e-07, -1.154059734840693e-11
2442, 4.319689898685965e+00, 2.748893571891069e+00, 3.141592653589793e+00, 1.093789362422406e-03, 2.821915578045605e-09, -3.686529318063117e-07, -1.274577950287766e-11
2443, 4.712388980384690e+00, 2.748893571891069e+00, 3.141592653589793e+00, 1.092998513181447e-03, 3.606608086505537e-10, -3.700017367967796e-07, -1.433968401661010e-11
2444, 5.105088062083414e+00, 2.748893571891069e+00, 3.141592653589793e+00, 1.093514623840378e-03, -2.144077095982973e-09, -3.685875767497290e-07, -1.614759472452299e-11
2445, 5.497787143782138e+00, 2.748893571891069e+00, 3.141592653589793e+00, 1.094033686824584e-03, 3.411987125366741e-10, -3.671800501090335e-07, -1.793484998089347e-11
2446, 5.890486225480862e+00, 2.748893571891069e+00, 3.141592653589793e+00, 1.093259080664131e-03, 2.763189690552796e-09, -3.685221240975267e-07, -1.940460716466353e-11
2447, 6.283185307179586e+00, 2.748893571891069e+00, 3.141592653589793e+00, 1.092537048051858e-03, 5.856197516836455e-11, -3.698837902162149e-07, -2.023329649127058e-11
2448, 0.000000000000000e+00, 3.141592653589793e+00, 3.141592653589793e+00, 1.166077837715246e-03, 6.241773413079129e-11, -1.930685402203010e-09, -2.321689126557263e-11
2449, 3.926990816987241e-01, 3.141592653589793e+00, 3.141592653589793e+00, 1.166101978249789e-03, -1.745555156213125e-10, 9.497543291870614e-11, -2.289678970439762e-11
2450, 7.853981633974483e-01, 3.141592653589793e+00, 3.141592653589793e+00, 1.166198630826457e-03, -3.175006855843707e-10, 2.117753075909998e-09, -2.165358231562962e-11
2451, 1.178097245096172e+00, 3.141592653589793e+00, 3.141592653589793e+00, 1.166337061932993e-03, -3.878205426360550e-10, 8.539367682956984e-11, -1.987209374062871e-11
2452, 1.570796326794897e+00, 3.141592653589793e+00, 3.141592653589793e+00, 1.166491013003534e-03, -3.959820628810399e-10, -1.947362377565438e-09, -1.790432649316720e-11
2453, 1.963495408493621e+00, 3.141592653589793e+00, 3.141592653589793e+00, 1.166638002243600e-03, -3.528778761683995e-10, 7.393131033510267e-11, -1.603200319531111e-11
2454, 2.356194490192345e+00, 3.141592653589793e+00, 3.141592653589793e+00, 1.166760343609438e-03, -2.699156835275710e-10, 2.096267776633307e-09, -1.447204762140328e-11
2455, 2.748893571891069e+00, 3.141592653589793e+00, 3.141592653589793e+00, 1.166844512490863e-03, -1.590019601642933e-10, 6.643796137967503e-11, -1.338561759268117e-11
2456, 3.141592653589793e+00, 3.141592653589793e+00, 3.141592653589793e+00, 1.166882154873747e-03, -3.243632637610288e-11, -1.961724782815424e-09, -1.288036104708765e-11
2457, 3.534291735288517e+00, 3.141592653589793e+00, 3.141592653589793e+00, 1.166869375792773e-03, 9.725029308129289e-11, 6.547913284898598e-11, -1.300640439968761e-11
2458, 3.926990816987241e+00, 3.141592653589793e+00, 3.141592653589793e+00, 1.166807626739404e-03, 2.174862247031750e-10, 2.094423730931892e-09, -1.375316839830078e-11
2459, 4.319689898685965e+00, 3.141592653589793e+00, 3.141592653589793e+00, 1.166702849204507e-03, 3.158547760326151e-10, 7.135666238785840e-11, -1.505095940682639e-11
2460, 4.712388980384690e+00, 3.141592653589793e+00, 3.141592653589793e+00, 1.166566212974695e-03, 3.802724354609930e-10, -1.950418651400316e-09, -1.677383350695559e-11
2461, 5.105088062083414e+00, 3.141592653589793e+00, 3.141592653589793e+00, 1.166413124764769e-03, 3.991246162015177e-10, 8.221611155915542e-11, -1.873690499566727e-11
2462, 5.497787143782138e+00, 3.141592653589793e+00, 3.141592653589793e+00, 1.166263865942453e-03, 3.613261454709731e-10, 2.114944115725423e-09, -2.068756692129917e-11
2463, 5.890486225480862e+00, 3.141592653589793e+00, 3.141592653589793e+00, 1.166142559049457e-03, 2.562780560353411e-10, 9.317187156069686e-11, -2.230068776052066e-11
2464, 6.283185307179586e+00, 3.141592653589793e+00, 3.141592653589793e+00, 1.166077837715246e-03, 6.241773413079129e-11, -1.930685402203010e-09, -2.321689126557263e-11
2465, 0.000000000000000e+00, 3.534291735288517e+00, 3.141592653589793e+00, 1.093785617754839e-03, 6.072666519970697e-11, 3.673110567677369e-07, -2.196437568092076e-11
2466, 3.926990816987241e-01, 3.534291735288517e+00, 3.141592653589793e+00, 1.093148931536940e-03, 2.351919207528043e-09, 3.686878869304021e-07, -2.165865715054134e-11
2467, 7.853981633974483e-01, 3.534291735288517e+00, 3.141592653589793e+00, 1.092581934913254e-03, -3.094413793964340e-10, 3.700836803092204e-07, -2.046752814074972e-11
2468, 1.178097245096172e+00, 3.534291735288517e+00, 3.141592653589793e+00, 1.093378082924457e-03, -2.900186950278064e-09, 3.687276410460383e-07, -1.875726335349451e-11
2469, 1.570796326794897e+00, 3.534291735288517e+00, 3.141592653589793e+00, 1.094188514518483e-03, -3.866096333419862e-10, 3.673803677222662e-07, -1.686458588559746e-11
2470, 1.963495408493621e+00, 3.534291735288517e+00, 3.141592653589793e+00, 1.093671888802942e-03, 2.177096551014752e-09, 3.687753873675393e-07, -1.506068852874505e-11
2471, 2.356194490192345e+00, 3.534291735288517e+00, 3.141592653589793e+00, 1.093130283474234e-03, -2.638397646767607e-10, 3.701731334432015e-07, -1.355576493192978e-11
2472, 2.748893571891069e+00, 3.534291735288517e+00, 3.141592653589793e+00, 1.093873728004678e-03, -2.677326028522055e-09, 3.688066360507946e-07, -1.250679412936549e-11
2473, 3.141592653589793e+00, 3.534291735288517e+00, 3.141592653589793e+00, 1.094570717324346e-03, -3.171119196364666e-11, 3.674401912766546e-07, -1.201892369769618e-11
2474, 3.534291735288517e+00, 3.534291735288517e+00, 3.141592653589793e+00, 1.093898032322471e-03, 2.616972431238149e-09, 3.688104377587759e-07, -1.214111819508412e-11
2475, 3.926990816987241e+00, 3.534291735288517e+00, 3.141592653589793e+00, 1.093176490688047e-03, 2.126463980182872e-10, 3.701804492002996e-07, -1.286289984541733e-11
2476, 4.319689898685965e+00, 3.534291735288517e+00, 3.141592653589793e+00, 1.093735231229686e-03, -2.213171616378428e-09, 3.687856133386742e-07, -1.411594219086164e-11
2477, 4.712388980384690e+00, 3.534291735288517e+00, 3.141592653589793e+00, 1.094261924268672e-03, 3.714074875543982e-10, 3.673925282912390e-07, -1.577717959031226e-11
2478, 5.105088062083414e+00, 3.534291735288517e+00, 3.141592653589793e+00, 1.093452279012440e-03, 2.911372999267499e-09, 3.687403125204397e-07, -1.766689416462249e-11
2479, 5.497787143782138e+00, 3.534291735288517e+00, 3.141592653589793e+00, 1.092645514822253e-03, 3.523068317564999e-10, 3.700949077586553e-07, -1.954115084989658e-11
2480, 5.890486225480862e+00, 3.534291735288517e+00, 3.141592653589793e+00, 1.093188446699302e-03, -2.272240123600785e-09, 3.686951105109491e-07, -2.108800079079427e-11
2481, 6.283185307179586e+00, 3.534291735288517e+00, 3.141592653589793e+00, 1.093785617754839e-03, 6.072666519970697e-11, 3.673110567677369e-07, -2.196437568092076e-11
2482, 0.000000000000000e+00, 3.926990816987241e+00, 3.141592653589793e+00, 8.974567956129927e-04, 5.374694670105525e-11, 6.253155596923469e-07, -1.665466177676472e-11
2483, 3.926990816987241e-01, 3.926990816987241e+00, 3.141592653589793e+00, 8.966990457636430e-04, 2.828140484775386e-09, 6.243690532736541e-07, -1.640629995159529e-11
2484, 7.853981633974483e-01, 3.926990816987241e+00, 3.141592653589793e+00, 8.960007539205495e-04, -2.766422945401006e-10, 6.234572159593993e-07, -1.542324447856052e-11
2485, 1.178097245096172e+00, 3.926990816987241e+00, 3.141592653589793e+00, 8.969040624644164e-04, -3.319030013649265e-09, 6.244520527878063e-07, -1.399642841872535e-11
2486, 1.570796326794897e+00, 3.926990816987241e+00, 3.141592653589793e+00, 8.978179104903770e-04, -3.485539660095864e-10, 6.254602266852263e-07, -1.240140508278565e-11
2487, 1.963495408493621e+00, 3.926990816987241e+00, 3.141592653589793e+00, 8.971688961068326e-04, 2.667458975247776e-09, 6.245516522762264e-07, -1.086798039395505e-11
2488, 2.356194490192345e+00, 3.926990816987241e+00, 3.141592653589793e+00, 8.964948167224921e-04, -2.391729290001999e-10, 6.236438515708492e-07, -9.580319025551540e-12
2489, 2.748893571891069e+00, 3.926990816987241e+00, 3.141592653589793e+00, 8.973517685510030e-04, -3.120372464268425e-09, 6.246168645140660e-07, -8.679389452256404e-12
2490, 3.141592653589793e+00, 3.926990816987241e+00, 3.141592653589793e+00, 8.981638025941334e-04, -2.870369749181470e-11, 6.255850710276102e-07, -8.260771393327816e-12
2491, 3.534291735288517e+00, 3.926990816987241e+00, 3.141592653589793e+00, 8.973737549743262e-04, 3.065814639866600e-09, 6.246248518059415e-07, -8.368899823264287e-12
2492, 3.926990816987241e+00, 3.926990816987241e+00, 3.141592653589793e+00, 8.965365645377183e-04, 1.930959619108328e-10, 6.236592161661271e-07, -8.993470777036246e-12
2493, 4.319689898685965e+00, 3.926990816987241e+00, 3.141592653589793e+00, 8.972260072429450e-04, -2.699621624953216e-09, 6.245731177737197e-07, -1.007108907832138e-11
2494, 4.712388980384690e+00, 3.926990816987241e+00, 3.141592653589793e+00, 8.978839126305069e-04, 3.354328697364176e-10, 6.254857401952376e-07, -1.148943275119410e-11
2495, 5.105088062083414e+00, 3.926990816987241e+00, 3.141592653589793e+00, 8.969705415298804e-04, 3.329710430264456e-09, 6.244786302686596e-07, -1.308853734855198e-11
2496, 5.497787143782138e+00, 3.926990816987241e+00, 3.141592653589793e+00, 8.960574965214289e-04, 3.155303946962788e-10, 6.234807647985032e-07, -1.465834509563634e-11
2497, 5.890486225480862e+00, 3.926990816987241e+00, 3.141592653589793e+00, 8.967341613524590e-04, -2.756902925470166e-09, 6.243842076394191e-07, -1.593943554617572e-11
2498, 6.283185307179586e+00, 3.926990816987241e+00, 3.141592653589793e+00, 8.974567956129927e-04, 5.374694670105525e-11, 6.253155596923469e-07, -1.665466177676472e-11
2499, 0.000000000000000e+00, 4.319689898685965e+00, 3.141592653589793e+00, 6.347814056585139e-04, 4.253131272732961e-11, 7.034650587562780e-07, -8.036717237857529e-12
2500, 3.926990816987241e-01, 4.319689898685965e+00, 3.141592653589793e+00, 6.350982049004897e-04, -1.263852904386168e-09, 6.986974670698402e-07, -7.880033750242695e-12
2501, 7.853981633974483e-01, 4.319689898685965e+00, 3.141592653589793e+00, 6.354651524039501e-04, -2.241350351438288e-10, 6.939306191209291e-07, -7.229374350108325e-12
2502, 1.178097245096172e+00, 4.319689898685965e+00, 3.141592653589793e+00, 6.352645883769557e-04, 8.648065904440512e-10, 6.988109596235687e-07, -6.254784988456463e-12
2503, 1.570796326794897e+00, 4.319689898685965e+00, 3.141592653589793e+00, 6.350756534507850e-04, -2.876761784200711e-10, 7.036628476489538e-07, -5.134445324118827e-12
2504, 1.963495408493621e+00, 4.319689898685965e+00, 3.141592653589793e+00, 6.354830712321874e-04, -1.401943114734861e-09, 6.989470848371255e-07, -4.032657973553375e-12
2505, 2.356194490192345e+00, 4.319689898685965e+00, 3.141592653589793e+00, 6.358723513775898e-04, -1.996771384165411e-10, 6.941857529248811e-07, -3.092200917044511e-12
2506, 2.748893571891069e+00, 4.319689898685965e+00, 3.141592653589793e+00, 6.356355765657622e-04, 1.024777522578687e-09, 6.990363171257078e-07, -2.428223520052311e-12
2507, 3.141592653589793e+00, 4.319689898685965e+00, 3.141592653589793e+00, 6.353634172906723e-04, -2.386742835274988e-11, 7.038336345956483e-07, -2.120686546484179e-12
2508, 3.534291735288517e+00, 4.319689898685965e+00, 3.141592653589793e+00, 6.356538362923748e-04, -1.070019113102140e-09, 6.990472846575606e-07, -2.206593945664511e-12
2509, 3.926990816987241e+00, 4.319689898685965e+00, 3.141592653589793e+00, 6.359069320282636e-04, 1.618145307547121e-10, 6.942068414135703e-07, -2.675931770531795e-12
2510, 4.319689898685965e+00, 4.319689898685965e+00, 3.141592653589793e+00, 6.355301726807029e-04, 1.376050479146839e-09, 6.989765283325307e-07, -3.473405041282329e-12
2511, 4.712388980384690e+00, 4.319689898685965e+00, 3.141592653589793e+00, 6.351297624162455e-04, 2.778829913653454e-10, 7.036978210580674e-07, -4.504131977951173e-12
2512, 5.105088062083414e+00, 4.319689898685965e+00, 3.141592653589793e+00, 6.353186808066138e-04, -8.549399599522944e-10, 6.988473792697665e-07, -5.639680498658902e-12
2513, 5.497787143782138e+00, 4.319689898685965e+00, 3.141592653589793e+00, 6.355109189752295e-04, 2.566480692450756e-10, 6.939628960883014e-07, -6.723606344206010e-12
2514, 5.890486225480862e+00, 4.319689898685965e+00, 3.141592653589793e+00, 6.351262545253070e-04, 1.321544366429123e-09, 6.987182533326444e-07, -7.579864182165759e-12
2515, 6.283185307179586e+00, 4.319689898685965e+00, 3.141592653589793e+00, 6.347814056585139e-04, 4.253131272732961e-11, 7.034650587562780e-07, -8.036717237857529e-12
2516, 0.000000000000000e+00, 4.712388980384690e+00, 3.141592653589793e+00, 3.765757013858210e-04, 2.877892362345277e-11, 6.052375870708224e-07, 2.669991859617768e-12
2517, 3.926990816987241e-01, 4.712388980384690e+00, 3.141592653589793e+00, 3.793452283204696e-04, -1.066682761733936e-08, 5.976122426883152e-07, 2.714712129263060e-12
2518, 7.853981633974483e-01, 4.712388980384690e+00, 3.141592653589793e+00, 3.821820907555410e-04, -1.600192425542999e-10, 5.898724356362949e-07, 2.959982479639658e-12
2519, 1.178097245096172e+00, 4.712388980384690e+00, 3.141592653589793e+00, 3.794644379720626e-04, 1.037994481839348e-08, 5.977386630380878e-07, 3.383514897855574e-12
2520, 1.570796326794897e+00, 4.712388980384690e+00, 3.141592653589793e+00, 3.767883024422982e-04, -2.133378410614267e-10, 6.054579548215782e-07, 3.924780674233675e-12
2521, 1.963495408493621e+00, 4.712388980384690e+00, 3.141592653589793e+00, 3.796263174570858e-04, -1.077732000573450e-08, 5.978904002143756e-07, 4.498598476902739e-12
2522, 2.356194490192345e+00, 4.712388980384690e+00, 3.141592653589793e+00, 3.824831952828656e-04, -1.513593552103560e-10, 5.901568614058016e-07, 5.013099950134299e-12
2523, 2.748893571891069e+00, 4.712388980384690e+00, 3.141592653589793e+00, 3.797416786953064e-04, 1.049278473369730e-08, 5.979900858015878e-07, 5.385693194357480e-12
2524, 3.141592653589793e+00, 4.712388980384690e+00, 3.141592653589793e+00, 3.770049899930707e-04, -1.793154658690540e-11, 6.056486599239944e-07, 5.556367505382870e-12
2525, 3.534291735288517e+00, 4.712388980384690e+00, 3.141592653589793e+00, 3.797553652889527e-04, -1.052659679333417e-08, 5.980023785524186e-07, 5.497599684977030e-12
2526, 3.926990816987241e+00, 4.712388980384690e+00, 3.141592653589793e+00, 3.825089845490225e-04, 1.235599886733664e-10, 5.901804881808364e-07, 5.218949477978178e-12
2527, 4.319689898685965e+00, 4.712388980384690e+00, 3.141592653589793e+00, 3.796611491671281e-04, 1.075908760022213e-08, 5.979233623129586e-07, 4.765190022208113e-12
2528, 4.712388980384690e+00, 4.712388980384690e+00, 3.141592653589793e+00, 3.768278446630351e-04, 2.075910711373430e-10, 6.054970663398905e-07, 4.208916713814007e-12
2529, 5.105088062083414e+00, 4.712388980384690e+00, 3.141592653589793e+00, 3.795033683572208e-04, -1.037108724175466e-08, 5.977793523545723e-07, 3.639380347400082e-12
2530, 5.497787143782138e+00, 4.712388980384690e+00, 3.141592653589793e+00, 3.822144217456641e-04, 1.847444001145932e-10, 5.899084890647041e-07, 3.147982172521859e-12
2531, 5.890486225480862e+00, 4.712388980384690e+00, 3.141592653589793e+00, 3.793646220290084e-04, 1.070795042725989e-08, 5.976354840536416e-07, 2.810281493627698e-12
2532, 6.283185307179586e+00, 4.712388980384690e+00, 3.141592653589793e+00, 3.765757013858210e-04, 2.877892362345277e-11, 6.052375870708224e-07, 2.669991859617768e-12
2533, 0.000000000000000e+00, 5.105088062083414e+00, 3.141592653589793e+00, 1.785111245293609e-04, 1.460065156844188e-11, 4.038642159163044e-07, 1.393006414248821e-11
2534, 3.926990816987241e-01, 5.105088062083414e+00, 3.141592653589793e+00, 1.840550913866565e-04, -2.137014943001627e-08, 3.978697620090697e-07, 1.386024372665883e-11
2535, 7.853981633974483e-01, 5.105088062083414e+00, 3.141592653589793e+00, 1.897227402007397e-04, -9.428340099257898e-11, 3.917250011170824e-07, 1.369156447088217e-11
2536, 1.178097245096172e+00, 5.105088062083414e+00, 3.141592653589793e+00, 1.841259241915235e-04, 2.119837285819462e-08, 3.979893206617300e-07, 1.355152423065830e-11
2537, 1.570796326794897e+00, 5.105088062083414e+00, 3.141592653589793e+00, 1.786399495097198e-04, -1.369238516176620e-10, 4.040729089004632e-07, 1.349768117940412e-11
2538, 1.963495408493621e+00, 5.105088062083414e+00, 3.141592653589793e+00, 1.842296228401355e-04, -2.145211174660912e-08, 3.981334797307041e-07, 1.352583726515428e-11
2539, 2.356194490192345e+00, 5.105088062083414e+00, 3.141592653589793e+00, 1.899148059059636e-04, -1.015520272579514e-10, 3.919951008262422e-07, 1.359811584337345e-11
2540, 2.748893571891069e+00, 5.105088062083414e+00, 3.141592653589793e+00, 1.843067043646618e-04, 2.126300895837956e-08, 3.982284922091504e-07, 1.366732505318129e-11
2541, 3.141592653589793e+00, 5.105088062083414e+00, 3.141592653589793e+00, 1.787834263164451e-04, -1.179314433075513e-11, 4.042545646979065e-07, 1.369522904400952e-11
2542, 3.534291735288517e+00, 5.105088062083414e+00, 3.141592653589793e+00, 1.843156625072200e-04, -2.128500467750531e-08, 3.982402491421305e-07, 1.366456423140517e-11
2543, 3.926990816987241e+00, 5.105088062083414e+00, 3.141592653589793e+00, 1.899315080829186e-04, 8.414359699436794e-11, 3.920176934458330e-07, 1.358427259141638e-11
2544, 4.319689898685965e+00, 5.105088062083414e+00, 3.141592653589793e+00, 1.842517810316753e-04, 2.144175993154469e-08, 3.981649795867618e-07, 1.348745485818694e-11
2545, 4.712388980384690e+00, 5.105088062083414e+00, 3.141592653589793e+00, 1.786644636302871e-04, 1.352948392624304e-10, 4.041102331530493e-07, 1.342218828686185e-11
2546, 5.105088062083414e+00, 5.105088062083414e+00, 3.141592653589793e+00, 1.841492355392715e-04, -2.119061175807740e-08, 3.980280629100518e-07, 1.343561939332798e-11
2547, 5.497787143782138e+00, 5.105088062083414e+00, 3.141592653589793e+00, 1.897412447191133e-04, 1.109831177113003e-10, 3.917592528946223e-07, 1.355170357414191e-11
2548, 5.890486225480862e+00, 5.105088062083414e+00, 3.141592653589793e+00, 1.840655734877110e-04, 2.139424616588360e-08, 3.978918418357468e-07, 1.374474893103247e-11
2549, 6.283185307179586e+00, 5.105088062083414e+00, 3.141592653589793e+00, 1.785111245293609e-04, 1.460065156844188e-11, 4.038642159163044e-07, 1.393006414248821e-11
2550, 0.000000000000000e+00, 5.497787143782138e+00, 3.141592653589793e+00, 6.121316379782254e-05, 2.234674779905155e-12, 2.002463622534854e-07, 2.407934877998655e-11
2551, 3.926990816987241e-01, 5.497787143782138e+00, 3.141592653589793e+00, 6.784411101534581e-05, -2.556673834764602e-08, 2.012130197486503e-07, 2.391223218182194e-11
2552, 7.853981633974483e-01, 5.497787143782138e+00, 3.141592653589793e+00, 7.462087373938327e-05, -3.727968938145221e-11, 2.022830429492131e-07, 2.339002399261178e-11
2553, 1.178097245096172e+00, 5.497787143782138e+00, 3.141592653589793e+00, 6.787295842253806e-05, 2.549505402952874e-08, 2.013068417271963e-07, 2.276253874814514e-11
2554, 1.570796326794897e+00, 5.497787143782138e+00, 3.141592653589793e+00, 6.126913265725595e-05, -7.003023824746280e-11, 2.004107440968268e-07, 2.218711952028531e-11
2555, 1.963495408493621e+00, 5.497787143782138e+00, 3.141592653589793e+00, 6.792574744025055e-05, -2.562320943982475e-08, 2.014216402212830e-07, 2.173261413376192e-11
2556, 2.356194490192345e+00, 5.497787143782138e+00, 3.141592653589793e+00, 7.471762050618803e-05, -5.781623072911509e-11, 2.024977281053082e-07, 2.141171517042288e-11
2557, 2.748893571891069e+00, 5.497787143782138e+00, 3.141592653589793e+00, 6.796922402373646e-05, 2.551786725673362e-08, 2.014975434197382e-07, 2.121047447828406e-11
2558, 3.141592653589793e+00, 5.497787143782138e+00, 3.141592653589793e+00, 6.134837380284699e-05, -6.385662610666822e-12, 2.005558057920829e-07, 2.111088655535012e-11
2559, 3.534291735288517e+00, 5.497787143782138e+00, 3.141592653589793e+00, 6.797401670472239e-05, -2.552945209447341e-08, 2.015069712273158e-07, 2.110511012421418e-11
2560, 3.926990816987241e+00, 5.497787143782138e+00, 3.141592653589793e+00, 7.472631736125884e-05, 4.956164127701796e-11, 2.025158504980106e-07, 2.120138842493773e-11
2561, 4.319689898685965e+00, 5.497787143782138e+00, 3.141592653589793e+00, 6.793674451915024e-05, 2.561977889918964e-08, 2.014469098664557e-07, 2.142187857115989e-11
2562, 4.712388980384690e+00, 5.497787143782138e+00, 3.141592653589793e+00, 6.128042890882700e-05, 7.195262661050705e-11, 2.004406565739942e-07, 2.179160749246937e-11
2563, 5.105088062083414e+00, 5.497787143782138e+00, 3.141592653589793e+00, 6.788257096013976e-05, -2.548838933247056e-08, 2.013377781897674e-07, 2.231807209827582e-11
2564, 5.497787143782138e+00, 5.497787143782138e+00, 3.141592653589793e+00, 7.462730158706004e-05, 4.684754444551510e-11, 2.023101847137034e-07, 2.296319442212861e-11
2565, 5.890486225480862e+00, 5.497787143782138e+00, 3.141592653589793e+00, 6.784683207099252e-05, 2.557599975307653e-08, 2.012303660925683e-07, 2.361335868329244e-11
2566, 6.283185307179586e+00, 5.497787143782138e+00, 3.141592653589793e+00, 6.121316379782254e-05, 2.234674779905155e-12, 2.002463622534854e-07, 2.407934877998655e-11
2567, 0.000000000000000e+00, 5.890486225480862e+00, 3.141592653589793e+00, 1.133573110086187e-05, -6.276336632611370e-12, 6.161595247095474e-08, 3.152633516982248e-11
2568, 3.926990816987241e-01, 5.890486225480862e+00, 3.141592653589793e+00, 1.593340818854687e-05, -1.763837663688370e-08, 7.107726009805190e-08, 3.130062759389020e-11
2569, 7.853981633974483e-01, 5.890486225480862e+00, 3.141592653589793e+00, 2.058436201916776e-05, 2.108405124752268e-12, 8.084161958181101e-08, 3.054647757824767e-11
2570, 1.178097245096172e+00, 5.890486225480862e+00, 3.141592653589793e+00, 1.593319798806439e-05, 1.763613608628772e-08, 7.113106926194465e-08, 2.958123025353970e-11
2571, 1.570796326794897e+00, 5.890486225480862e+00, 3.141592653589793e+00, 1.134107783625815e-05, -2.267890443063447e-11, 6.171047614777916e-08, 2.863430101268414e-11
2572, 1.963495408493621e+00, 5.890486225480862e+00, 3.141592653589793e+00, 1.594999328793479e-05, -1.767565970575837e-08, 7.119939894939617e-08, 2.783235995916576e-11
2573, 2.356194490192345e+00, 5.890486225480862e+00, 3.141592653589793e+00, 2.061389509676977e-05, -2.682383010916131e-11, 8.096891244512810e-08, 2.722749060647896e-11
2574, 2.748893571891069e+00, 5.890486225480862e+00, 3.141592653589793e+00, 1.596965774707736e-05, 1.762968136629274e-08, 7.124458862555522e-08, 2.683064759878632e-11
2575, 3.141592653589793e+00, 5.890486225480862e+00, 3.141592653589793e+00, 1.137480737412220e-05, -2.539118026667429e-12, 6.179687568949257e-08, 2.663869844765864e-11
2576, 3.534291735288517e+00, 5.890486225480862e+00, 3.141592653589793e+00, 1.597148654756269e-05, -1.763385514238734e-08, 7.125023324509410e-08, 2.665069974250652e-11
2577, 3.926990816987241e+00, 5.890486225480862e+00, 3.141592653589793e+00, 2.061689248241727e-05, 2.509836426908250e-11, 8.097977420874394e-08, 2.687429775737915e-11
2578, 4.319689898685965e+00, 5.890486225480862e+00, 3.141592653589793e+00, 1.595303897900152e-05, 1.767717285750107e-08, 7.121456770308025e-08, 2.732360119177382e-11
2579, 4.712388980384690e+00, 5.890486225480862e+00, 3.141592653589793e+00, 1.134295972008878e-05, 2.710077468462496e-11, 6.172845342976292e-08, 2.800657564156218e-11
2580, 5.105088062083414e+00, 5.890486225480862e+00, 3.141592653589793e+00, 1.593308690070132e-05, -1.763042189284999e-08, 7.114962227210214e-08, 2.890033633007773e-11
2581, 5.497787143782138e+00, 5.890486225480862e+00, 3.141592653589793e+00, 2.058230772794774e-05, 2.095679955324209e-12, 8.085764259109868e-08, 2.991782518181614e-11
2582, 5.890486225480862e+00, 5.890486225480862e+00, 3.141592653589793e+00, 1.593078353396281e-05, 1.763724344939240e-08, 7.108690664088696e-08, 3.087808951562230e-11
2583, 6.283185307179586e+00, 5.890486225480862e+00, 3.141592653589793e+00, 1.133573110086187e-05, -6.276336632611370e-12, 6.161595247095474e-08, 3.152633516982248e-11
2584, 0.000000000000000e+00, 6.283185307179586e+00, 3.141592653589793e+00, 2.624004800196722e-06, -8.440311610715426e-12, -1.357988890258721e-08, 3.497613617046883e-11
2585, 3.926990816987241e-01, 6.283185307179586e+00, 3.141592653589793e+00, 2.632544627509789e-06, 1.523398574348712e-11, -1.069478503779458e-10, 3.476878490194601e-11
2586, 7.853981633974483e-01, 6.283185307179586e+00, 3.141592653589793e+00, 2.615401256215929e-06, 1.856665298998661e-11, 1.337022219730869e-08, 3.393295596663248e-11
2587, 1.178097245096172e+00, 6.283185307179586e+00, 3.141592653589793e+00, 2.620229289655400e-06, 9.969635329421507e-12, -9.788020068726803e-11, 3.282110179265179e-11
2588, 1.570796326794897e+00, 6.283185307179586e+00, 3.141592653589793e+00, 2.608323952886318e-06, -1.954697539297399e-12, -1.356546270689546e-08, 3.170691921234717e-11
2589, 1.963495408493621e+00, 6.283185307179586e+00, 3.141592653589793e+00, 2.621311778848338e-06, -1.080966815168845e-11, -8.637780852553522e-11, 3.074818015084144e-11
2590, 2.356194490192345e+00, 6.283185307179586e+00, 3.141592653589793e+00, 2.615713814923344e-06, -1.333987158519981e-11, 1.339165269491504e-08, 3.001546695207939e-11
2591, 2.748893571891069e+00, 6.283185307179586e+00, 3.141592653589793e+00, 2.630608652120365e-06, -9.298732322069030e-12, -7.885615449061222e-11, 2.953065990511860e-11
2592, 3.141592653589793e+00, 6.283185307179586e+00, 3.141592653589793e+00, 2.622216911200537e-06, -8.495929274614235e-13, -1.355103485965858e-08, 2.929704580764858e-11
2593, 3.534291735288517e+00, 6.283185307179586e+00, 3.141592653589793e+00, 2.631135125088240e-06, 8.386184058497897e-12, -7.788245648715233e-11, 2.931668315094560e-11
2594, 3.926990816987241e+00, 6.283185307179586e+00, 3.141592653589793e+00, 2.616202936430809e-06, 1.450495545369598e-11, 1.339353457920736e-08, 2.959699355743239e-11
2595, 4.319689898685965e+00, 6.283185307179586e+00, 3.141592653589793e+00, 2.620849148124548e-06, 1.454023642838241e-11, -8.373002536877356e-11, 3.014868580329801e-11
2596, 4.712388980384690e+00, 6.283185307179586e+00, 3.141592653589793e+00, 2.606038360841799e-06, 7.534710413195321e-12, -1.356228893050651e-08, 3.097236684684816e-11
2597, 5.105088062083414e+00, 6.283185307179586e+00, 3.141592653589793e+00, 2.615807754086607e-06, -4.695474917635522e-12, -9.454489268673621e-11, 3.203134609434122e-11
2598, 5.497787143782138e+00, 6.283185307179586e+00, 3.141592653589793e+00, 2.609642332383997e-06, -1.720412962955327e-11, 1.337320217809701e-08, 3.321413320786001e-11
2599, 5.890486225480862e+00, 6.283185307179586e+00, 3.141592653589793e+00, 2.627790679856807e-06, -2.213983223760729e-11, -1.050157092507554e-10, 3.430092591404237e-11
2600, 6.283185307179586e+00, 6.283185307179586e+00, 3.141592653589793e+00, 2.624004800196722e-06, -8.440311610715426e-12, -1.357988890258721e-08, 3.497613617046883e-11
2601, 0.000000000000000e+00, 0.000000000000000e+00, 3.534291735288517e+00, -1.506528499344571e-04, -9.012918054385656e-12, -5.630114230264817e-07, 7.796629021460841e-07
2602, 3.926990816987241e-01, 0.000000000000000e+00, 3.534291735288517e+00, -1.506403243562026e-04, 1.675714370314729e-11, -1.082195604966607e-10, 7.796207606251511e-07
2603, 7.853981633974483e-01, 0.000000000000000e+00, 3.534291735288517e+00, -1.506624983064857e-04, 2.129684911925904e-11, 5.627992898932987e-07, 7.796693509692877e-07
2604, 1.178097245096172e+00, 0.000000000000000e+00, 3.534291735288517e+00, -1.506546387003279e-04, 1.314956762974604e-11, -9.908526089915677e-11, 7.796328932235389e-07
2605, 1.570796326794897e+00, 0.000000000000000e+00, 3.534291735288517e+00, -1.506719605086658e-04, 1.116432839494280e-12, -5.629969335221698e-07, 7.796837276993518e-07
2606, 1.963495408493621e+00, 0.000000000000000e+00, 3.534291735288517e+00, -1.506558914094316e-04, -8.212001788135767e-12, -8.748216385872325e-11, 7.796468587957096e-07
2607, 2.356194490192345e+00, 0.000000000000000e+00, 3.534291735288517e+00, -1.506665630364296e-04, -1.143255284758367e-11, 5.628209050549761e-07, 7.796955623322359e-07
2608, 2.748893571891069e+00, 0.000000000000000e+00, 3.534291735288517e+00, -1.506480650114798e-04, -8.202529255732611e-12, -7.989641483506750e-11, 7.796555639620725e-07
2609, 3.141592653589793e+00, 0.000000000000000e+00, 3.534291735288517e+00, -1.506609073178849e-04, -6.234688392679207e-13, -5.629823823065679e-07, 7.797005980385213e-07
2610, 3.534291735288517e+00, 0.000000000000000e+00, 3.534291735288517e+00, -1.506477136472895e-04, 7.731716514751132e-12, -7.891580319786207e-11, 7.796566697189053e-07
2611, 3.926990816987241e+00, 0.000000000000000e+00, 3.534291735288517e+00, -1.506664152353897e-04, 1.300478476337457e-11, 5.628228003209306e-07, 7.796977187144441e-07
2612, 4.319689898685965e+00, 0.000000000000000e+00, 3.534291735288517e+00, -1.506568411636699e-04, 1.228018291324541e-11, -8.481528785000207e-11, 7.796499382836812e-07
2613, 4.712388980384690e+00, 0.000000000000000e+00, 3.534291735288517e+00, -1.506748409884408e-04, 4.675809213114934e-12, -5.629937358212219e-07, 7.796874912049462e-07
2614, 5.105088062083414e+00, 0.000000000000000e+00, 3.534291735288517e+00, -1.506596976677928e-04, -7.872538276360358e-12, -9.572270407779805e-11, 7.796369296026150e-07
2615, 5.497787143782138e+00, 0.000000000000000e+00, 3.534291735288517e+00, -1.506688346465610e-04, -2.024985839471786e-11, 5.628022967005880e-07, 7.796730116655341e-07
2616, 5.890486225480862e+00, 0.000000000000000e+00, 3.534291735288517e+00, -1.506454516159539e-04, -2.440219175281522e-11, -1.062684699842159e-10, 7.796231307312908e-07
2617, 6.283185307179586e+00, 0.000000000000000e+00, 3.534291735288517e+00, -1.506528499344571e-04, -9.012918054385656e-12, -5.630114230264817e-07, 7.796629021460841e-07
2618, 0.000000000000000e+00, 3.926990816987241e-01, 3.534291735288517e+00, -1.160089720151463e-04, -9.189747456082709e-12, -5.995595731539596e-07, 6.869596021997655e-07
2619, 3.926990816987241e-01, 3.926990816987241e-01, 3.534291735288517e+00, -1.274593519801606e-04, -4.651494608570915e-08, -1.227445708844955e-07, 7.312778384646830e-07
2620, 7.853981633974483e-01, 3.926990816987241e-01, 3.534291735288517e+00, -1.388712201562768e-04, 1.419898512998798e-11, 3.538053216766174e-07, 7.757128592659563e-07
2621, 1.178097245096172e+00, 3.926990816987241e-01, 3.534291735288517e+00, -1.274684136466862e-04, 4.653340143898312e-08, -1.227815649221278e-07, 7.312896268337112e-07
2622, 1.570796326794897e+00, 3.926990816987241e-01, 3.534291735288517e+00, -1.160187552179202e-04, -8.283152622776486e-12, -5.996234871836858e-07, 6.869798790648967e-07
2623, 1.963495408493621e+00, 3.926990816987241e-01, 3.534291735288517e+00, -1.274625605321586e-04, -4.654595406436723e-08, -1.228292646039299e-07, 7.313030120522572e-07
2624, 2.356194490192345e+00, 3.926990816987241e-01, 3.534291735288517e+00, -1.388621175511129e-04, -1.757351723321721e-11, 3.537165913793202e-07, 7.757380143508347e-07
2625, 2.748893571891069e+00, 3.926990816987241e-01, 3.534291735288517e+00, -1.274500172190404e-04, 4.651777455958804e-08, -1.228608534275389e-07, 7.313113267975908e-07
2626, 3.141592653589793e+00, 3.926990816987241e-01, 3.534291735288517e+00, -1.159986929558513e-04, -1.367758949256272e-12, -5.996838561219789e-07, 6.869960043166896e-07
2627, 3.534291735288517e+00, 3.926990816987241e-01, 3.534291735288517e+00, -1.274490934000370e-04, -4.651967863659312e-08, -1.228647435596581e-07, 7.313123832464263e-07
2628, 3.926990816987241e+00, 3.926990816987241e-01, 3.534291735288517e+00, -1.388608702326842e-04, 1.788566076001905e-11, 3.537091110679697e-07, 7.757400754992091e-07
2629, 4.319689898685965e+00, 3.926990816987241e-01, 3.534291735288517e+00, -1.274619800327092e-04, 4.654907428106372e-08, -1.228396961634324e-07, 7.313059583234710e-07
2630, 4.712388980384690e+00, 3.926990816987241e-01, 3.534291735288517e+00, -1.160198335685931e-04, 1.361979076290666e-11, -5.996358156714575e-07, 6.869834863359561e-07
2631, 5.105088062083414e+00, 3.926990816987241e-01, 3.534291735288517e+00, -1.274716424103966e-04, -4.652780181360881e-08, -1.227942117494730e-07, 7.312935101962181e-07
2632, 5.497787143782138e+00, 3.926990816987241e-01, 3.534291735288517e+00, -1.388760661439143e-04, -1.154113317949994e-11, 3.537945583188392e-07, 7.757164143942353e-07
2633, 5.890486225480862e+00, 3.926990816987241e-01, 3.534291735288517e+00, -1.274637911904577e-04, 4.651038856280109e-08, -1.227508022650515e-07, 7.312802025396183e-07
2634, 6.283185307179586e+00, 3.926990816987241e-01, 3.534291735288517e+00, -1.160089720151463e-04, -9.189747456082709e-12, -5.995595731539596e-07, 6.869596021997655e-07
2635, 0.000000000000000e+00, 7.853981633974483e-01, 3.534291735288517e+00, -2.827376589593072e-05, -2.496666522232623e-12, -5.916917695600317e-07, 5.141537047076576e-07
2636, 3.926990816987241e-01, 7.853981633974483e-01, 3.534291735288517e+00, -4.456915769596469e-05, -5.439844076322473e-08, -3.093709933131776e-07, 5.758930244546111e-07
2637, 7.853981633974483e-01, 7.853981633974483e-01, 3.534291735288517e+00, -6.074426882008810e-05, -1.716763152294391e-11, -2.711879207969051e-08, 6.378426943747446e-07
2638, 1.178097245096172e+00, 7.853981633974483e-01, 3.534291735288517e+00, -4.455509890986031e-05, 5.436190681632205e-08, -3.094516775993370e-07, 5.759033100976698e-07
2639, 1.570796326794897e+00, 7.853981633974483e-01, 3.534291735288517e+00, -2.824335375653793e-05, -4.639173008118352e-11, -5.918329741993848e-07, 5.141713385972751e-07
2640, 1.963495408493621e+00, 7.853981633974483e-01, 3.534291735288517e+00, -4.452029183532412e-05, -5.444572271949069e-08, -3.095512860580194e-07, 5.759146863247791e-07
2641, 2.356194490192345e+00, 7.853981633974483e-01, 3.534291735288517e+00, -6.068115576585330e-05, -4.252809311078765e-11, -2.730489405957985e-08, 6.378641309927124e-07
2642, 2.748893571891069e+00, 7.853981633974483e-01, 3.534291735288517e+00, -4.448857770584654e-05, 5.436975359942415e-08, -3.096171834313979e-07, 5.759216688734570e-07
2643, 3.141592653589793e+00, 7.853981633974483e-01, 3.534291735288517e+00, -2.818666009636919e-05, -4.437417599899120e-12, -5.919588954133516e-07, 5.141849156047979e-07
2644, 3.534291735288517e+00, 7.853981633974483e-01, 3.534291735288517e+00, -4.448528896647630e-05, -5.437757031326982e-08, -3.096253194152014e-07, 5.759225572008349e-07
2645, 3.926990816987241e+00, 7.853981633974483e-01, 3.534291735288517e+00, -6.067536216268686e-05, 3.763671407190350e-11, -2.732053276775916e-08, 6.378658677999795e-07
2646, 4.319689898685965e+00, 7.853981633974483e-01, 3.534291735288517e+00, -4.451337283095114e-05, 5.444491580394182e-08, -3.095730897815454e-07, 5.759171779880720e-07
2647, 4.712388980384690e+00, 7.853981633974483e-01, 3.534291735288517e+00, -2.823693698585764e-05, 4.977335263760067e-11, -5.918587745728903e-07, 5.141744064734384e-07
2648, 5.105088062083414e+00, 7.853981633974483e-01, 3.534291735288517e+00, -4.455060602354738e-05, -5.435547892131964e-08, -3.094783394907986e-07, 5.759066413967263e-07
2649, 5.497787143782138e+00, 7.853981633974483e-01, 3.534291735288517e+00, -6.074241023953057e-05, 2.416788096464655e-11, -2.714215368861960e-08, 6.378457832533780e-07
2650, 5.890486225480862e+00, 7.853981633974483e-01, 3.534291735288517e+00, -4.456939843236239e-05, 5.440208016533483e-08, -3.093859129363743e-07, 5.758951107318148e-07
2651, 6.283185307179586e+00, 7.853981633974483e-01, 3.534291735288517e+00, -2.827376589593072e-05, -2.496666522232623e-12, -5.916917695600317e-07, 5.141537047076576e-07
2652, 0.000000000000000e+00, 1.178097245096172e+00, 3.534291735288517e+00, 1.364198811123528e-04, 8.770836606172883e-12, -6.570513560760952e-07, 2.644882994908869e-07
2653, 3.926990816987241e-01, 1.178097245096172e+00, 3.534291735288517e+00, 1.233558722301421e-04, -3.109583212008583e-08, -5.522850594323542e-07, 3.119302898001249e-07
2654, 7.853981633974483e-01, 1.178097245096172e+00, 3.534291735288517e+00, 1.103871939528119e-04, -6.884593262288332e-11, -4.473780247858155e-07, 3.596051883871749e-07
2655, 1.178097245096172e+00, 1.178097245096172e+00, 3.534291735288517e+00, 1.234080008606157e-04, 3.096854805514316e-08, -5.523978807351389e-07, 3.119380647733021e-07
2656, 1.570796326794897e+00, 1.178097245096172e+00, 3.534291735288517e+00, 1.365163838798812e-04, -1.074276643760414e-10, -6.572484361298850e-07, 2.645015510490779e-07
2657, 1.963495408493621e+00, 1.178097245096172e+00, 3.534291735288517e+00, 1.234892445820867e-04, -3.116686243178194e-08, -5.525344884756067e-07, 3.119463903689770e-07
2658, 2.356194490192345e+00, 1.178097245096172e+00, 3.534291735288517e+00, 1.105371895003011e-04, -8.244676046305051e-11, -4.476338390984939e-07, 3.596209218307454e-07
2659, 2.748893571891069e+00, 1.178097245096172e+00, 3.534291735288517e+00, 1.235516288754501e-04, 3.101444816110247e-08, -5.526245757403371e-07, 3.119513825541584e-07
2660, 3.141592653589793e+00, 1.178097245096172e+00, 3.534291735288517e+00, 1.366316959574029e-04, -9.351813730018874e-12, -6.574206560426359e-07, 2.645113109942045e-07
2661, 3.534291735288517e+00, 1.178097245096172e+00, 3.534291735288517e+00, 1.235587034248215e-04, -3.103172749200950e-08, -5.526356933740485e-07, 3.119520201540672e-07
2662, 3.926990816987241e+00, 1.178097245096172e+00, 3.534291735288517e+00, 1.105502595339028e-04, 6.923255955617522e-11, -4.476552078551094e-07, 3.596221747408778e-07
2663, 4.319689898685965e+00, 1.178097245096172e+00, 3.534291735288517e+00, 1.235063099425180e-04, 3.115975950476464e-08, -5.525642927121104e-07, 3.119482021019232e-07
2664, 4.712388980384690e+00, 1.178097245096172e+00, 3.534291735288517e+00, 1.365348184786787e-04, 1.075766698688834e-10, -6.572837685696248e-07, 2.645038050050138e-07
2665, 5.105088062083414e+00, 1.178097245096172e+00, 3.534291735288517e+00, 1.234249501765607e-04, -3.096112671689000e-08, -5.524345778862211e-07, 3.119405424990923e-07
2666, 5.497787143782138e+00, 1.178097245096172e+00, 3.534291735288517e+00, 1.104000358632428e-04, 8.232089446103761e-11, -4.474104937017742e-07, 3.596075152320236e-07
2667, 5.890486225480862e+00, 1.178097245096172e+00, 3.534291735288517e+00, 1.233626942894341e-04, 3.111295070313638e-08, -5.523060119938037e-07, 3.119318772584494e-07
2668, 6.283185307179586e+00, 1.178097245096172e+00, 3.534291735288517e+00, 1.364198811123528e-04, 8.770836606172883e-12, -6.570513560760952e-07, 2.644882994908869e-07
2669, 0.000000000000000e+00, 1.570796326794897e+00, 3.534291735288517e+00, 3.883622146413543e-04, 2.270164433209139e-11, -7.797827262007779e-07, -3.484386945408304e-08
2670, 3.926990816987241e-01, 1.570796326794897e+00, 3.534291735288517e+00, 3.824560009682941e-04, -1.060791323638123e-08, -7.655587494808458e-07, -1.561376056985677e-08
2671, 7.853981633974483e-01, 1.570796326794897e+00, 3.534291735288517e+00, 3.765998562245701e-04, -1.330225027404370e-10, -7.512545724254399e-07, 3.726718894061742e-09
2672, 1.178097245096172e+00, 1.570796326794897e+00, 3.534291735288517e+00, 3.825553663210638e-04, 1.036818679175503e-08, -7.656860798822341e-07, -1.560910667643534e-08
2673, 1.570796326794897e+00, 1.570796326794897e+00, 3.534291735288517e+00, 3.885405506926360e-04, -1.822250119046076e-10, -7.800047408169290e-07, -3.483601724240528e-08
2674, 1.963495408493621e+00, 1.570796326794897e+00, 3.534291735288517e+00, 3.826935520129903e-04, -1.070704580216188e-08, -7.658390796122549e-07, -1.560439559991340e-08
2675, 2.356194490192345e+00, 1.570796326794897e+00, 3.534291735288517e+00, 3.768565359866615e-04, -1.312182932189882e-10, -7.515413210355413e-07, 3.735659484243778e-09
2676, 2.748893571891069e+00, 1.570796326794897e+00, 3.534291735288517e+00, 3.827934183710400e-04, 1.046118932842146e-08, -7.659396318001027e-07, -1.560171858818342e-08
2677, 3.141592653589793e+00, 1.570796326794897e+00, 3.534291735288517e+00, 3.887275415635379e-04, -1.535301486247043e-11, -7.801970914104660e-07, -3.483071299228917e-08
2678, 3.534291735288517e+00, 1.570796326794897e+00, 3.534291735288517e+00, 3.828051162935815e-04, -1.049002418197029e-08, -7.659520292180428e-07, -1.560137163791117e-08
2679, 3.926990816987241e+00, 1.570796326794897e+00, 3.534291735288517e+00, 3.768784936529260e-04, 1.078328565415507e-10, -7.515651568334207e-07, 3.736350455005396e-09
2680, 4.319689898685965e+00, 1.570796326794897e+00, 3.534291735288517e+00, 3.827230185722905e-04, 1.069221339108970e-08, -7.658723516877180e-07, -1.560337698289795e-08
2681, 4.712388980384690e+00, 1.570796326794897e+00, 3.534291735288517e+00, 3.885737001097893e-04, 1.783136933081972e-10, -7.800442497894495e-07, -3.483472157414596e-08
2682, 5.105088062083414e+00, 1.570796326794897e+00, 3.534291735288517e+00, 3.825876213263238e-04, -1.035972585710301e-08, -7.657272189590395e-07, -1.560764987416394e-08
2683, 5.497787143782138e+00, 1.570796326794897e+00, 3.534291735288517e+00, 3.766262593753015e-04, 1.543350163892796e-10, -7.512910577070298e-07, 3.728115892986920e-09
2684, 5.890486225480862e+00, 1.570796326794897e+00, 3.534291735288517e+00, 3.824715718833118e-04, 1.064172434161247e-08, -7.655822892086372e-07, -1.561279046590469e-08
2685, 6.283185307179586e+00, 1.570796326794897e+00, 3.534291735288517e+00, 3.883622146413543e-04, 2.270164433209139e-11, -7.797827262007779e-07, -3.484386945408304e-08
2686, 0.000000000000000e+00, 1.963495408493621e+00, 3.534291735288517e+00, 6.998524257380373e-04, 3.707120411681475e-11, -8.369156192262037e-07, -3.288159469612764e-07
2687, 3.926990816987241e-01, 1.963495408493621e+00, 3.534291735288517e+00, 6.997272822990983e-04, -6.758179248861645e-09, -8.425978831646013e-07, -3.305006204364694e-07
2688, 7.853981633974483e-01, 1.963495408493621e+00, 3.534291735288517e+00, 6.996458644328989e-04, -1.996174374352742e-10, -8.483001570925077e-07, -3.321806146717883e-07
2689, 1.178097245096172e+00, 1.963495408493621e+00, 3.534291735288517e+00, 6.998756446319891e-04, 6.401937768056239e-09, -8.427197178954083e-07, -3.304991843932234e-07
2690, 1.570796326794897e+00, 1.963495408493621e+00, 3.534291735288517e+00, 7.001155601268073e-04, -2.594567199924068e-10, -8.371279127951398e-07, -3.288136345136168e-07
2691, 1.963495408493621e+00, 1.963495408493621e+00, 3.534291735288517e+00, 7.000726358727213e-04, -6.885990201227038e-09, -8.428657839793543e-07, -3.304981188849799e-07
2692, 2.356194490192345e+00, 1.963495408493621e+00, 3.534291735288517e+00, 7.000127624759810e-04, -1.814240858085155e-10, -8.485739380442339e-07, -3.321785383924289e-07
2693, 2.748893571891069e+00, 1.963495408493621e+00, 3.534291735288517e+00, 7.002110975343854e-04, 6.543884524451541e-09, -8.429615320918021e-07, -3.304977400409902e-07
2694, 3.141592653589793e+00, 1.963495408493621e+00, 3.534291735288517e+00, 7.003764034104424e-04, -2.152621679182957e-11, -8.373111778593137e-07, -3.288127684193965e-07
2695, 3.534291735288517e+00, 1.963495408493621e+00, 3.534291735288517e+00, 7.002275521930837e-04, -6.584610067294495e-09, -8.429733286725748e-07, -3.304976803670550e-07
2696, 3.926990816987241e+00, 1.963495408493621e+00, 3.534291735288517e+00, 7.000438676037157e-04, 1.475573208517885e-10, -8.485966283076503e-07, -3.321784042940332e-07
2697, 4.319689898685965e+00, 1.963495408493621e+00, 3.534291735288517e+00, 7.001148763005210e-04, 6.863160810777119e-09, -8.428974811007436e-07, -3.304978901327782e-07
2698, 4.712388980384690e+00, 1.963495408493621e+00, 3.534291735288517e+00, 7.001638860481595e-04, 2.512974630539529e-10, -8.371655893045457e-07, -3.288133002196966e-07
2699, 5.105088062083414e+00, 1.963495408493621e+00, 3.534291735288517e+00, 6.999237095400933e-04, -6.392459823555159e-09, -8.427589818833018e-07, -3.304987603356558e-07
2700, 5.497787143782138e+00, 1.963495408493621e+00, 3.534291735288517e+00, 6.996862886333810e-04, 2.290285070511209e-10, -8.483349791382508e-07, -3.321801640478597e-07
2701, 5.890486225480862e+00, 1.963495408493621e+00, 3.534291735288517e+00, 6.997518926593724e-04, 6.809277417575996e-09, -8.426203214323395e-07, -3.305002791015992e-07
2702, 6.283185307179586e+00, 1.963495408493621e+00, 3.534291735288517e+00, 6.998524257380373e-04, 3.707120411681475e-11, -8.369156192262037e-07, -3.288159469612764e-07
2703, 0.000000000000000e+00, 2.356194490192345e+00, 3.534291735288517e+00, 1.006603726517370e-03, 4.966401299486470e-11, -7.209491809685675e-07, -5.631665594846449e-07
2704, 3.926990816987241e-01, 2.356194490192345e+00, 3.534291735288517e+00, 1.008612581789326e-03, -8.316499605059315e-09, -7.218933515507293e-07, -5.709632362106759e-07
2705, 7.853981633974483e-01, 2.356194490192345e+00, 3.534291735288517e+00, 1.010678212207534e-03, -2.582102774586503e-10, -7.228756121195522e-07, -5.787759073572041e-07
2706, 1.178097245096172e+00, 2.356194490192345e+00, 3.534291735288517e+00, 1.008804049153435e-03, 7.857792633731931e-09, -7.219907464366702e-07, -5.709646023799590e-07
2707, 1.570796326794897e+00, 2.356194490192345e+00, 3.534291735288517e+00, 1.006941443097175e-03, -3.273233294760531e-10, -7.211188712494584e-07, -5.631690615349284e-07
2708, 1.963495408493621e+00, 2.356194490192345e+00, 3.534291735288517e+00, 1.009052714574453e-03, -8.469431340883651e-09, -7.221074778916089e-07, -5.709666816079756e-07
2709, 2.356194490192345e+00, 2.356194490192345e+00, 3.534291735288517e+00, 1.011141959697630e-03, -2.254441469366887e-10, -7.230943820713671e-07, -5.787797543715105e-07
2710, 2.748893571891069e+00, 2.356194490192345e+00, 3.534291735288517e+00, 1.009225023685441e-03, 8.042891582842085e-09, -7.221838773602830e-07, -5.709682624247404e-07
2711, 3.141592653589793e+00, 2.356194490192345e+00, 3.534291735288517e+00, 1.007267083791126e-03, -2.693723389253308e-11, -7.212651595173165e-07, -5.631719900385982e-07
2712, 3.534291735288517e+00, 2.356194490192345e+00, 3.534291735288517e+00, 1.009245648535721e-03, -8.094043925762756e-09, -7.221932912798779e-07, -5.709684467376012e-07
2713, 3.926990816987241e+00, 2.356194490192345e+00, 3.534291735288517e+00, 1.011181087392847e-03, 1.823744025044911e-10, -7.231124955727958e-07, -5.787800944743022e-07
2714, 4.319689898685965e+00, 2.356194490192345e+00, 3.534291735288517e+00, 1.009106164788876e-03, 8.439563933060525e-09, -7.221327935879194e-07, -5.709671282615408e-07
2715, 4.712388980384690e+00, 2.356194490192345e+00, 3.534291735288517e+00, 1.007003096126590e-03, 3.154128650403237e-10, -7.211489748151787e-07, -5.631695532555325e-07
2716, 5.105088062083414e+00, 2.356194490192345e+00, 3.534291735288517e+00, 1.008866002818199e-03, -7.847424397161351e-09, -7.220221196822384e-07, -5.709650691137298e-07
2717, 5.497787143782138e+00, 2.356194490192345e+00, 3.534291735288517e+00, 1.010730950393036e-03, 2.947568781634154e-10, -7.229034212290498e-07, -5.787762742971720e-07
2718, 5.890486225480862e+00, 2.356194490192345e+00, 3.534291735288517e+00, 1.008645123005763e-03, 8.382793418878394e-09, -7.219112532180413e-07, -5.709634375957867e-07
2719, 6.283185307179586e+00, 2.356194490192345e+00, 3.534291735288517e+00, 1.006603726517370e-03, 4.966401299486470e-11, -7.209491809685675e-07, -5.631665594846449e-07
2720, 0.000000000000000e+00, 2.748893571891069e+00, 3.534291735288517e+00, 1.231690306440996e-03, 5.857278340291657e-11, -4.191152647305640e-07, -7.081722680870143e-07
2721, 3.926990816987241e-01, 2.748893571891069e+00, 3.534291735288517e+00, 1.233172939348910e-03, -5.740907077624121e-09, -4.157430611763011e-07, -7.130525220350495e-07
2722, 7.853981633974483e-01, 2.748893571891069e+00, 3.534291735288517e+00, 1.234723620942635e-03, -2.997285237534990e-10, -4.123919495950188e-07, -7.179389016866101e-07
2723, 1.178097245096172e+00, 2.748893571891069e+00, 3.534291735288517e+00, 1.233394950241763e-03, 5.209602105242023e-09, -4.158010163037314e-07, -7.130558457199645e-07
2724, 1.570796326794897e+00, 2.748893571891069e+00, 3.534291735288517e+00, 1.232080869716375e-03, -3.754088938976621e-10, -4.192162364260909e-07, -7.081781303198517e-07
2725, 1.963495408493621e+00, 2.748893571891069e+00, 3.534291735288517e+00, 1.233680226580497e-03, -5.911628099563318e-09, -4.158704791684082e-07, -7.130601110402896e-07
2726, 2.356194490192345e+00, 2.748893571891069e+00, 3.534291735288517e+00, 1.235255978274125e-03, -2.565923051612086e-10, -4.125221187239468e-07, -7.179468660469593e-07
2727, 2.748893571891069e+00, 2.748893571891069e+00, 3.534291735288517e+00, 1.233876489262283e-03, 5.425322348551522e-09, -4.159159044100292e-07, -7.130630433837156e-07
2728, 3.141592653589793e+00, 2.748893571891069e+00, 3.534291735288517e+00, 1.232452381073254e-03, -3.076990405103767e-11, -4.193032386233198e-07, -7.081836808721495e-07
2729, 3.534291735288517e+00, 2.748893571891069e+00, 3.534291735288517e+00, 1.233900068238735e-03, -5.483862203898648e-09, -4.159215155722929e-07, -7.130633955051204e-07
2730, 3.926990816987241e+00, 2.748893571891069e+00, 3.534291735288517e+00, 1.235300790477705e-03, 2.069971335372215e-10, -4.125329169157624e-07, -7.179475329890794e-07
2731, 4.319689898685965e+00, 2.748893571891069e+00, 3.534291735288517e+00, 1.233741622098761e-03, 5.876766130284298e-09, -4.158855731101295e-07, -7.130610246249250e-07
2732, 4.712388980384690e+00, 2.748893571891069e+00, 3.534291735288517e+00, 1.232151970673941e-03, 3.608371956987368e-10, -4.192341850100571e-07, -7.081791948349140e-07
2733, 5.105088062083414e+00, 2.748893571891069e+00, 3.534291735288517e+00, 1.233466749025413e-03, -5.198594811338024e-09, -4.158197168155151e-07, -7.130569314774755e-07
2734, 5.497787143782138e+00, 2.748893571891069e+00, 3.534291735288517e+00, 1.234785083688314e-03, 3.413463612633951e-10, -4.124085166966595e-07, -7.179398372238241e-07
2735, 5.890486225480862e+00, 2.748893571891069e+00, 3.534291735288517e+00, 1.233211095343685e-03, 5.817972122726093e-09, -4.157537189341570e-07, -7.130531008518050e-07
2736, 6.283185307179586e+00, 2.748893571891069e+00, 3.534291735288517e+00, 1.231690306440996e-03, 5.857278340291657e-11, -4.191152647305640e-07, -7.081722680870143e-07
2737, 0.000000000000000e+00, 3.141592653589793e+00, 3.534291735288517e+00, 1.315171079789745e-03, 6.246154981466578e-11, -4.212592047199236e-09, -7.589400483083893e-07
2738, 3.926990816987241e-01, 3.141592653589793e+00, 3.534291735288517e+00, 1.315195224529118e-03, -1.747205705981520e-10, 9.583482851285760e-11, -7.589405177016181e-07
2739, 7.853981633974483e-01, 3.141592653589793e+00, 3.534291735288517e+00, 1.315291988745346e-03, -3.177961616145232e-10, 4.401359633923503e-09, -7.589422171682724e-07
2740, 1.178097245096172e+00, 3.141592653589793e+00, 3.534291735288517e+00, 1.315430526134256e-03, -3.881712936535703e-10, 8.618943112508600e-11, -7.589446627794830e-07
2741, 1.570796326794897e+00, 3.141592653589793e+00, 3.534291735288517e+00, 1.315584634344460e-03, -3.963248068900904e-10, -4.229376910182086e-09, -7.589473184349971e-07
2742, 1.963495408493621e+00, 3.141592653589793e+00, 3.534291735288517e+00, 1.315731727118720e-03, -3.531699103294175e-10, 7.466194296207413e-11, -7.589498378069521e-07
2743, 2.356194490192345e+00, 3.141592653589793e+00, 3.534291735288517e+00, 1.315854188780386e-03, -2.701303107662024e-10, 4.379750934572410e-09, -7.589518956448891e-07
2744, 2.748893571891069e+00, 3.141592653589793e+00, 3.534291735288517e+00, 1.315938402191920e-03, -1.591203847596637e-10, 6.713155219641133e-11, -7.589533278667650e-07
2745, 3.141592653589793e+00, 3.141592653589793e+00, 3.534291735288517e+00, 1.315976090879734e-03, -3.244671358606321e-11, -4.243812354429285e-09, -7.589539531653487e-07
2746, 3.534291735288517e+00, 3.141592653589793e+00, 3.534291735288517e+00, 1.315963273626211e-03, 9.734829064605074e-11, 6.616909272238243e-11, -7.589537492084525e-07
2747, 3.926990816987241e+00, 3.141592653589793e+00, 3.534291735288517e+00, 1.315901488067261e-03, 2.176800573839729e-10, 4.377899579767578e-09, -7.589526976780644e-07
2748, 4.319689898685965e+00, 3.141592653589793e+00, 3.534291735288517e+00, 1.315796598704230e-03, 3.161237982005277e-10, 7.207629598436817e-11, -7.589509449613211e-07
2749, 4.712388980384690e+00, 3.141592653589793e+00, 3.534291735288517e+00, 1.315659867929330e-03, 3.805923631670660e-10, -4.232447569006278e-09, -7.589486212121909e-07
2750, 5.105088062083414e+00, 3.141592653589793e+00, 3.534291735288517e+00, 1.315506629537615e-03, 3.994637132438832e-10, 8.299523920528163e-11, -7.589460068802177e-07
2751, 5.497787143782138e+00, 3.141592653589793e+00, 3.534291735288517e+00, 1.315357264022512e-03, 3.616362468286913e-10, 4.398534394508236e-09, -7.589433907326904e-07
2752, 5.890486225480862e+00, 3.141592653589793e+00, 3.534291735288517e+00, 1.315235832637501e-03, 2.564937160238988e-10, 9.401981581119137e-11, -7.589412549959548e-07
2753, 6.283185307179586e+00, 3.141592653589793e+00, 3.534291735288517e+00, 1.315171079789745e-03, 6.246154981466578e-11, -4.212592047199236e-09, -7.589400483083893e-07
2754, 0.000000000000000e+00, 3.534291735288517e+00, 3.534291735288517e+00, 1.234536287519906e-03, 6.075229723597016e-11, 4.125407420037102e-07, -7.179320908792421e-07
2755, 3.926990816987241e-01, 3.534291735288517e+00, 3.534291735288517e+00, 1.233100284383931e-03, 5.406495873598043e-09, 4.159210035506508e-07, -7.130474746926377e-07
2756, 7.853981633974483e-01, 3.534291735288517e+00, 3.534291735288517e+00, 1.231734615797124e-03, -3.096532401718408e-10, 4.193169916658765e-07, -7.081691004600759e-07
2757, 1.178097245096172e+00, 3.534291735288517e+00, 3.534291735288517e+00, 1.233329592450927e-03, -5.955134749013594e-09, 4.159611329585030e-07, -7.130511844970015e-07
2758, 1.570796326794897e+00, 3.534291735288517e+00, 3.534291735288517e+00, 1.234939458743209e-03, -3.868607949908560e-10, 4.126106982411185e-07, -7.179386103182729e-07
2759, 1.963495408493621e+00, 3.534291735288517e+00, 3.534291735288517e+00, 1.233623589215831e-03, 5.231574142177589e-09, 4.160092994758133e-07, -7.130558607918003e-07
2760, 2.356194490192345e+00, 3.534291735288517e+00, 3.534291735288517e+00, 1.232283320581389e-03, -2.639984965213758e-10, 4.194072348765659e-07, -7.081778421518323e-07
2761, 2.748893571891069e+00, 3.534291735288517e+00, 3.534291735288517e+00, 1.233825550023086e-03, -5.732105465808016e-09, 4.160408050648758e-07, -7.130590384278595e-07
2762, 3.141592653589793e+00, 3.534291735288517e+00, 3.534291735288517e+00, 1.235321892489782e-03, -3.171525638829087e-11, 4.126710207614892e-07, -7.179446406822458e-07
2763, 3.534291735288517e+00, 3.534291735288517e+00, 3.534291735288517e+00, 1.233849857561214e-03, 5.671743832156952e-09, 4.160446353953191e-07, -7.130594212278936e-07
2764, 3.926990816987241e+00, 3.534291735288517e+00, 3.534291735288517e+00, 1.232329534342945e-03, 2.127959109003963e-10, 4.194146068286321e-07, -7.081785692777589e-07
2765, 4.319689898685965e+00, 3.534291735288517e+00, 3.534291735288517e+00, 1.233686942449970e-03, -5.267662312553124e-09, 4.160196067396995e-07, -7.130568613663372e-07
2766, 4.712388980384690e+00, 3.534291735288517e+00, 3.534291735288517e+00, 1.235012885040984e-03, 3.716424754106741e-10, 4.126229600316694e-07, -7.179397831885390e-07
2767, 5.105088062083414e+00, 3.534291735288517e+00, 3.534291735288517e+00, 1.233403810577787e-03, 5.966309904062861e-09, 4.159739153873069e-07, -7.130523894464484e-07
2768, 5.497787143782138e+00, 3.534291735288517e+00, 3.534291735288517e+00, 1.231798218829012e-03, 3.525248773699000e-10, 4.193283221402184e-07, -7.081701476170818e-07
2769, 5.890486225480862e+00, 3.534291735288517e+00, 3.534291735288517e+00, 1.233139815587222e-03, -5.326787135089412e-09, 4.159282959548159e-07, -7.130481291496569e-07
2770, 6.283185307179586e+00, 3.534291735288517e+00, 3.534291735288517e+00, 1.234536287519906e-03, 6.075229723597016e-11, 4.125407420037102e-07, -7.179320908792421e-07
2771, 0.000000000000000e+00, 3.926990816987241e+00, 3.534291735288517e+00, 1.010444112578524e-03, 5.370573385076593e-11, 7.229632507837701e-07, -5.787657422713233e-07
2772, 3.926990816987241e-01, 3.926990816987241e+00, 3.534291735288517e+00, 1.008477703465394e-03, 8.024897359705903e-09, 7.220319492391791e-07, -5.709537938653761e-07
2773, 7.853981633974483e-01, 3.926990816987241e+00, 3.534291735288517e+00, 1.006572295225297e-03, -2.765490384096667e-10, 7.211346284237846e-07, -5.631580552937287e-07
2774, 1.178097245096172e+00, 3.926990816987241e+00, 3.534291735288517e+00, 1.008682653741987e-03, -8.515631793846038e-09, 7.221157086540641e-07, -5.709558756932979e-07
2775, 1.570796326794897e+00, 3.926990816987241e+00, 3.534291735288517e+00, 1.010805121702524e-03, -3.484790113193518e-10, 7.231092228725478e-07, -5.787694627836212e-07
2776, 1.963495408493621e+00, 3.926990816987241e+00, 3.534291735288517e+00, 1.008947429530952e-03, 7.864206614666873e-09, 7.222161532673761e-07, -5.709587178630418e-07
2777, 2.356194490192345e+00, 3.926990816987241e+00, 3.534291735288517e+00, 1.007066246281917e-03, -2.391354485242509e-10, 7.213228546217961e-07, -5.631633460551150e-07
2778, 2.748893571891069e+00, 3.926990816987241e+00, 3.534291735288517e+00, 1.009130271665930e-03, -8.317039631260633e-09, 7.222818814424053e-07, -5.709607572454531e-07
2779, 3.141592653589793e+00, 3.926990816987241e+00, 3.534291735288517e+00, 1.011150949665790e-03, -2.868609717009512e-11, 7.232350693839264e-07, -5.787732866408813e-07
2780, 3.534291735288517e+00, 3.926990816987241e+00, 3.534291735288517e+00, 1.009152244447930e-03, 8.262516384884686e-09, 7.222899259112059e-07, -5.709609990383564e-07
2781, 3.926990816987241e+00, 3.926990816987241e+00, 3.534291735288517e+00, 1.007107967535996e-03, 1.930895635259038e-10, 7.213383314752273e-07, -5.631637987319763e-07
2782, 4.319689898685965e+00, 3.926990816987241e+00, 3.534291735288517e+00, 1.009004503557970e-03, -7.896347045914516e-09, 7.222377812371974e-07, -5.709593268929595e-07
2783, 4.712388980384690e+00, 3.926990816987241e+00, 3.534291735288517e+00, 1.010871080666832e-03, 3.353665939083723e-10, 7.231349389852680e-07, -5.787701564035269e-07
2784, 5.105088062083414e+00, 3.926990816987241e+00, 3.534291735288517e+00, 1.008749089260989e-03, 8.526306102427126e-09, 7.221425088595414e-07, -5.709565642882589e-07
2785, 5.497787143782138e+00, 3.926990816987241e+00, 3.534291735288517e+00, 1.006628999889268e-03, 3.154152357698713e-10, 7.211583849380110e-07, -5.631586299340243e-07
2786, 5.890486225480862e+00, 3.926990816987241e+00, 3.534291735288517e+00, 1.008512794174708e-03, -7.953704666728723e-09, 7.220472430179876e-07, -5.709541360398738e-07
2787, 6.283185307179586e+00, 3.926990816987241e+00, 3.534291735288517e+00, 1.010444112578524e-03, 5.370573385076593e-11, 7.229632507837701e-07, -5.787657422713233e-07
2788, 0.000000000000000e+00, 4.319689898685965e+00, 3.534291735288517e+00, 6.993913270043372e-04, 4.238407943795106e-11, 8.483141012745569e-07, -3.321688073856913e-07
2789, 3.926990816987241e-01, 4.319689898685965e+00, 3.534291735288517e+00, 6.995496476939140e-04, 6.530644113875356e-09, 8.426767843144245e-07, -3.304880138147407e-07
2790, 7.853981633974483e-01, 4.319689898685965e+00, 3.534291735288517e+00, 6.997572152301829e-04, -2.235599388004089e-10, 8.370572708045735e-07, -3.288028235830573e-07
2791, 1.178097245096172e+00, 4.319689898685965e+00, 3.534291735288517e+00, 6.997156124897324e-04, -6.928704461488802e-09, 8.427913090978765e-07, -3.304875166615173e-07
2792, 1.570796326794897e+00, 4.319689898685965e+00, 3.534291735288517e+00, 6.996848690189969e-04, -2.870876739737666e-10, 8.485136631723306e-07, -3.321680952571711e-07
2793, 1.963495408493621e+00, 4.319689898685965e+00, 3.534291735288517e+00, 6.999336456561010e-04, 6.392684809680279e-09, 8.429285822147043e-07, -3.304874581826476e-07
2794, 2.356194490192345e+00, 4.319689898685965e+00, 3.534291735288517e+00, 7.001635647314252e-04, -1.993294144709283e-10, 8.373145666928147e-07, -3.288026533222487e-07
2795, 2.748893571891069e+00, 4.319689898685965e+00, 3.534291735288517e+00, 7.000858805887600e-04, -6.769166135255999e-09, 8.430185201747117e-07, -3.304876918316063e-07
2796, 3.141592653589793e+00, 4.319689898685965e+00, 3.534291735288517e+00, 6.999721028040474e-04, -2.381557568293574e-11, 8.486858183422772e-07, -3.321684215226975e-07
2797, 3.534291735288517e+00, 4.319689898685965e+00, 3.534291735288517e+00, 7.001041000318683e-04, 6.724026398795322e-09, 8.430295661192980e-07, -3.304877091718610e-07
2798, 3.926990816987241e+00, 4.319689898685965e+00, 3.534291735288517e+00, 7.001980665739335e-04, 1.615612696849123e-10, 8.373358087905119e-07, -3.288026696407833e-07
2799, 4.319689898685965e+00, 4.319689898685965e+00, 3.534291735288517e+00, 6.999806345063163e-04, -6.418499901974041e-09, 8.429582473049446e-07, -3.304874456640308e-07
2800, 4.712388980384690e+00, 4.319689898685965e+00, 3.534291735288517e+00, 6.997388408365039e-04, 2.773420871783527e-10, 8.485489119971008e-07, -3.321680291612165e-07
2801, 5.105088062083414e+00, 4.319689898685965e+00, 3.534291735288517e+00, 6.997695581756679e-04, 6.938572766416728e-09, 8.428280309370922e-07, -3.304873870826042e-07
2802, 5.497787143782138e+00, 4.319689898685965e+00, 3.534291735288517e+00, 6.998028476217557e-04, 2.560074669597556e-10, 8.370898297004065e-07, -3.288026487838780e-07
2803, 5.890486225480862e+00, 4.319689898685965e+00, 3.534291735288517e+00, 6.995776077415142e-04, -6.473114691433301e-09, 8.426977603454906e-07, -3.304878596248493e-07
2804, 6.283185307179586e+00, 4.319689898685965e+00, 3.534291735288517e+00, 6.993913270043372e-04, 4.238407943795106e-11, 8.483141012745569e-07, -3.321688073856913e-07
2805, 0.000000000000000e+00, 4.712388980384690e+00, 3.534291735288517e+00, 3.763541920331437e-04, 2.850204199984163e-11, 7.511925448327196e-07, 3.738238177297681e-09
2806, 3.926990816987241e-01, 4.712388980384690e+00, 3.534291735288517e+00, 3.822615070569990e-04, 1.045585416749416e-08, 7.655655934340902e-07, -1.559967071665285e-08
2807, 7.853981633974483e-01, 4.712388980384690e+00, 3.534291735288517e+00, 3.882248555148621e-04, -1.588583699132634e-10, 7.798585164610229e-07, -3.482751563012698e-08
2808, 1.178097245096172e+00, 4.712388980384690e+00, 3.534291735288517e+00, 3.823798696488596e-04, -1.074073954243050e-08, 7.656931604568762e-07, -1.559603514350993e-08
2809, 1.570796326794897e+00, 4.712388980384690e+00, 3.534291735288517e+00, 3.765653570264395e-04, -2.121227193214248e-10, 7.514148861079145e-07, 3.744348970498894e-09
2810, 1.963495408493621e+00, 4.712388980384690e+00, 3.534291735288517e+00, 3.825408212370638e-04, 1.034566660874831e-08, 7.658461820677541e-07, -1.559243572212128e-08
2811, 2.356194490192345e+00, 4.712388980384690e+00, 3.534291735288517e+00, 3.885242098045180e-04, -1.506286164353931e-10, 7.801453619475596e-07, -3.482067624496970e-08
2812, 2.748893571891069e+00, 4.712388980384690e+00, 3.534291735288517e+00, 3.826556160270395e-04, -1.062877436082808e-08, 7.659466686032044e-07, -1.559044572706492e-08
2813, 3.141592653589793e+00, 4.712388980384690e+00, 3.534291735288517e+00, 3.767809414831970e-04, -1.783722202533403e-11, 7.516071388664665e-07, 3.748320721622478e-09
2814, 3.534291735288517e+00, 4.712388980384690e+00, 3.534291735288517e+00, 3.826692293453445e-04, 1.059514733938063e-08, 7.659590508695356e-07, -1.559018544442551e-08
2815, 3.926990816987241e+00, 4.712388980384690e+00, 3.534291735288517e+00, 3.885498557395836e-04, 1.230013887406799e-10, 7.801691635110101e-07, -3.482015392590072e-08
2816, 4.319689898685965e+00, 4.712388980384690e+00, 3.534291735288517e+00, 3.825754475283753e-04, -1.036375466406616e-08, 7.658793949049655e-07, -1.559165848527505e-08
2817, 4.712388980384690e+00, 4.712388980384690e+00, 3.534291735288517e+00, 3.766046471454700e-04, 2.064696426826470e-10, 7.514543069910400e-07, 3.745346058883812e-09
2818, 5.105088062083414e+00, 4.712388980384690e+00, 3.534291735288517e+00, 3.824185275812064e-04, 1.074960730404034e-08, 7.657341868843331e-07, -1.559490632447146e-08
2819, 5.497787143782138e+00, 4.712388980384690e+00, 3.534291735288517e+00, 3.882569352493867e-04, 1.834651544965986e-10, 7.798948833713128e-07, -3.482642666216065e-08
2820, 5.890486225480862e+00, 4.712388980384690e+00, 3.534291735288517e+00, 3.822807323279109e-04, -1.041503545151023e-08, 7.655890462663466e-07, -1.559891015436243e-08
2821, 6.283185307179586e+00, 4.712388980384690e+00, 3.534291735288517e+00, 3.763541920331437e-04, 2.850204199984163e-11, 7.511925448327196e-07, 3.738238177297681e-09
2822, 0.000000000000000e+00, 5.105088062083414e+00, 3.534291735288517e+00, 1.101786371090849e-04, 1.419048918831292e-11, 4.472482545459998e-07, 3.596144825059043e-07
2823, 3.926990816987241e-01, 5.105088062083414e+00, 3.534291735288517e+00, 1.231733784572731e-04, 3.101882816210731e-08, 5.522171471341134e-07, 3.119438892549239e-07
2824, 7.853981633974483e-01, 5.105088062083414e+00, 3.534291735288517e+00, 1.362689307587752e-04, -9.252528114788268e-11, 6.570476195471884e-07, 2.645059213189027e-07
2825, 1.178097245096172e+00, 5.105088062083414e+00, 3.534291735288517e+00, 1.232429268041072e-04, -3.118757098490090e-08, 5.523377824213621e-07, 3.119507298882588e-07
2826, 1.570796326794897e+00, 5.105088062083414e+00, 3.534291735288517e+00, 1.103052776601273e-04, -1.350592909501415e-10, 4.474588133380606e-07, 3.596261251323329e-07
2827, 1.963495408493621e+00, 5.105088062083414e+00, 3.534291735288517e+00, 1.233452021100854e-04, 3.093736143849149e-08, 5.524831778034253e-07, 3.119579915481401e-07
2828, 2.356194490192345e+00, 5.105088062083414e+00, 3.534291735288517e+00, 1.364583137216378e-04, -1.004169074286462e-10, 6.573200431430844e-07, 2.645196535257841e-07
2829, 2.748893571891069e+00, 5.105088062083414e+00, 3.534291735288517e+00, 1.234214052010567e-04, -3.112425527264097e-08, 5.525789773225085e-07, 3.119623146342950e-07
2830, 3.141592653589793e+00, 5.105088062083414e+00, 3.534291735288517e+00, 1.104470498252926e-04, -1.165371279042136e-11, 4.476419831198062e-07, 3.596345919216293e-07
2831, 3.534291735288517e+00, 5.105088062083414e+00, 3.534291735288517e+00, 1.234302550849469e-04, 3.110253266089235e-08, 5.525908228036109e-07, 3.119628676159928e-07
2832, 3.926990816987241e+00, 5.105088062083414e+00, 3.534291735288517e+00, 1.364748043730731e-04, 8.326193672391554e-11, 6.573428080951016e-07, 2.645207424359901e-07
2833, 4.319689898685965e+00, 5.105088062083414e+00, 3.534291735288517e+00, 1.233670573695735e-04, -3.094750063556790e-08, 5.525149232660084e-07, 3.119595697012912e-07
2834, 4.712388980384690e+00, 5.105088062083414e+00, 3.534291735288517e+00, 1.103294199664535e-04, 1.335688722530419e-10, 4.474964374212584e-07, 3.596280908795479e-07
2835, 5.105088062083414e+00, 5.105088062083414e+00, 3.534291735288517e+00, 1.232658360668599e-04, 3.119534793970245e-08, 5.523768468560158e-07, 3.119528903872724e-07
2836, 5.497787143782138e+00, 5.105088062083414e+00, 3.534291735288517e+00, 1.362870641470267e-04, 1.090513324126149e-10, 6.570821671610082e-07, 2.645079486381814e-07
2837, 5.890486225480862e+00, 5.105088062083414e+00, 3.534291735288517e+00, 1.231836114006562e-04, -3.099518010403646e-08, 5.522394260669116e-07, 3.119452719251001e-07
2838, 6.283185307179586e+00, 5.105088062083414e+00, 3.534291735288517e+00, 1.101786371090849e-04, 1.419048918831292e-11, 4.472482545459998e-07, 3.596144825059043e-07
2839, 0.000000000000000e+00, 5.497787143782138e+00, 3.534291735288517e+00, -6.089242101219914e-05, 1.710201131303523e-12, 2.693875460724855e-08, 6.378480151857103e-07
2840, 3.926990816987241e-01, 5.497787143782138e+00, 3.534291735288517e+00, -4.471169491120737e-05, 5.438385783399850e-08, 3.092356864763546e-07, 5.759040435265823e-07
2841, 7.853981633974483e-01, 5.497787143782138e+00, 3.534291735288517e+00, -2.840649870932026e-05, -3.501230982562176e-11, 5.916049724256901e-07, 5.141701980067073e-07
2842, 1.178097245096172e+00, 5.497787143782138e+00, 3.534291735288517e+00, -4.468450641247080e-05, -5.445161366376299e-08, 3.093303319528909e-07, 5.759136318116316e-07
2843, 1.570796326794897e+00, 5.497787143782138e+00, 3.534291735288517e+00, -6.083928363329759e-05, -6.758577359123760e-11, 2.710458793817766e-08, 6.378644430051034e-07
2844, 1.963495408493621e+00, 5.497787143782138e+00, 3.534291735288517e+00, -4.463358224714918e-05, 5.432807711148131e-08, 3.094461423616789e-07, 5.759241444607698e-07
2845, 2.356194490192345e+00, 5.497787143782138e+00, 3.534291735288517e+00, -2.831326202194341e-05, -5.631228491497479e-11, 5.918215443771082e-07, 5.141900256318416e-07
2846, 2.748893571891069e+00, 5.497787143782138e+00, 3.534291735288517e+00, -4.459126807646421e-05, -5.443050056806129e-08, 3.095227039350508e-07, 5.759305762114773e-07
2847, 3.141592653589793e+00, 5.497787143782138e+00, 3.534291735288517e+00, -6.076229233836928e-05, -6.204873070872880e-12, 2.725091105933789e-08, 6.378769578988869e-07
2848, 3.534291735288517e+00, 5.497787143782138e+00, 3.534291735288517e+00, -4.458661568604040e-05, 5.441926938623515e-08, 3.095322062042403e-07, 5.759313948196508e-07
2849, 3.926990816987241e+00, 5.497787143782138e+00, 3.534291735288517e+00, -2.830483895657624e-05, 4.838480116540628e-11, 5.918398113411598e-07, 5.141916277795258e-07
2850, 4.319689898685965e+00, 5.497787143782138e+00, 3.534291735288517e+00, -4.462297661114070e-05, -5.433123485816692e-08, 3.094716169889709e-07, 5.759264451344903e-07
2851, 4.712388980384690e+00, 5.497787143782138e+00, 3.534291735288517e+00, -6.082846671234153e-05, 6.968320593579776e-11, 2.713474808787013e-08, 6.378672757045853e-07
2852, 5.105088062083414e+00, 5.497787143782138e+00, 3.534291735288517e+00, -4.467541046404443e-05, 5.445829324581312e-08, 3.093615291838826e-07, 5.759167036479763e-07
2853, 5.497787143782138e+00, 5.497787143782138e+00, 3.534291735288517e+00, -2.840054572436267e-05, 4.435362883195179e-11, 5.916323453044161e-07, 5.141730404123756e-07
2854, 5.890486225480862e+00, 5.497787143782138e+00, 3.534291735288517e+00, -4.470929190726061e-05, -5.437516898514665e-08, 3.092531827147708e-07, 5.759059602417449e-07
2855, 6.283185307179586e+00, 5.497787143782138e+00, 3.534291735288517e+00, -6.089242101219914e-05, 1.710201131303523e-12, 2.693875460724855e-08, 6.378480151857103e-07
2856, 0.000000000000000e+00, 5.890486225480862e+00, 3.534291735288517e+00, -1.389436034280794e-04, -6.873278100389411e-12, -3.540120227935656e-07, 7.757127974099011e-07
2857, 3.926990816987241e-01, 5.890486225480862e+00, 3.534291735288517e+00, -1.275385877565311e-04, 4.653957310266230e-08, 1.225580893281218e-07, 7.312842578311434e-07
2858, 7.853981633974483e-01, 5.890486225480862e+00, 3.534291735288517e+00, -1.160926416646342e-04, 4.711397035974841e-12, 5.993973123387916e-07, 6.869723401707468e-07
2859, 1.178097245096172e+00, 5.890486225480862e+00, 3.534291735288517e+00, -1.275407055720303e-04, -4.653728392142574e-08, 1.226123351515569e-07, 7.312956823660326e-07
2860, 1.570796326794897e+00, 5.890486225480862e+00, 3.534291735288517e+00, -1.389415261954002e-04, -1.980828906755670e-11, -3.539167170554678e-07, 7.757324783188146e-07
2861, 1.963495408493621e+00, 5.890486225480862e+00, 3.534291735288517e+00, -1.275260979593825e-04, 4.650316990293563e-08, 1.226812987195061e-07, 7.313085566379881e-07
2862, 2.356194490192345e+00, 5.890486225480862e+00, 3.534291735288517e+00, -1.160672169680243e-04, -2.504497497512362e-11, 5.995257690848039e-07, 6.869965532103475e-07
2863, 2.748893571891069e+00, 5.890486225480862e+00, 3.534291735288517e+00, -1.275078072996475e-04, -4.654570153749976e-08, 1.227269056844933e-07, 7.313165435296354e-07
2864, 3.141592653589793e+00, 5.890486225480862e+00, 3.534291735288517e+00, -1.389104512007285e-04, -2.327411654042182e-12, -3.538295191476610e-07, 7.757479716598274e-07
2865, 3.534291735288517e+00, 5.890486225480862e+00, 3.534291735288517e+00, -1.275061427141147e-04, 4.654194152770105e-08, 1.227325975699907e-07, 7.313175585047335e-07
2866, 3.926990816987241e+00, 5.890486225480862e+00, 3.534291735288517e+00, -1.160645397923795e-04, 2.370127547094355e-11, 5.995367224931999e-07, 6.869985344052879e-07
2867, 4.319689898685965e+00, 5.890486225480862e+00, 3.534291735288517e+00, -1.275235094700648e-04, -4.650133992927751e-08, 1.226965971649098e-07, 7.313113897586448e-07
2868, 4.712388980384690e+00, 5.890486225480862e+00, 3.534291735288517e+00, -1.389402029347094e-04, 2.442983473620230e-11, -3.538985835400014e-07, 7.757359464655931e-07
2869, 5.105088062083414e+00, 5.890486225480862e+00, 3.534291735288517e+00, -1.275414161027270e-04, 4.654300536952348e-08, 1.226310504311382e-07, 7.312994121845878e-07
2870, 5.497787143782138e+00, 5.890486225480862e+00, 3.534291735288517e+00, -1.160952424440635e-04, -7.833066140600602e-13, 5.994134697698713e-07, 6.869757490561700e-07
2871, 5.890486225480862e+00, 5.890486225480862e+00, 3.534291735288517e+00, -1.275415741997330e-04, -4.654136356056032e-08, 1.225678015426102e-07, 7.312865209661757e-07
2872, 6.283185307179586e+00, 5.890486225480862e+00, 3.534291735288517e+00, -1.389436034280794e-04, -6.873278100389411e-12, -3.540120227935656e-07, 7.757127974099011e-07
2873, 0.000000000000000e+00, 6.283185307179586e+00, 3.534291735288517e+00, -1.506528499344571e-04, -9.012918054385656e-12, -5.630114230264817e-07, 7.796629021460841e-07
2874, 3.926990816987241e-01, 6.283185307179586e+00, 3.534291735288517e+00, -1.506403243562026e-04, 1.675714370314729e-11, -1.082195604966607e-10, 7.796207606251511e-07
2875, 7.853981633974483e-01, 6.283185307179586e+00, 3.534291735288517e+00, -1.506624983064857e-04, 2.129684911925904e-11, 5.627992898932987e-07, 7.796693509692877e-07
2876, 1.178097245096172e+00, 6.283185307179586e+00, 3.534291735288517e+00, -1.506546387003279e-04, 1.314956762974604e-11, -9.908526089915677e-11, 7.796328932235389e-07
2877, 1.570796326794897e+00, 6.283185307179586e+00, 3.534291735288517e+00, -1.506719605086658e-04, 1.116432839494280e-12, -5.629969335221698e-07, 7.796837276993518e-07
2878, 1.963495408493621e+00, 6.283185307179586e+00, 3.534291735288517e+00, -1.506558914094316e-04, -8.212001788135767e-12, -8.748216385872325e-11, 7.796468587957096e-07
2879, 2.356194490192345e+00, 6.283185307179586e+00, 3.534291735288517e+00, -1.506665630364296e-04, -1.143255284758367e-11, 5.628209050549761e-07, 7.796955623322359e-07
2880, 2.748893571891069e+00, 6.283185307179586e+00, 3.534291735288517e+00, -1.506480650114798e-04, -8.202529255732611e-12, -7.989641483506750e-11, 7.796555639620725e-07
2881, 3.141592653589793e+00, 6.283185307179586e+00, 3.534291735288517e+00, -1.506609073178849e-04, -6.234688392679207e-13, -5.629823823065679e-07, 7.797005980385213e-07
2882, 3.534291735288517e+00, 6.283185307179586e+00, 3.534291735288517e+00, -1.506477136472895e-04, 7.731716514751132e-12, -7.891580319786207e-11, 7.796566697189053e-07
2883, 3.926990816987241e+00, 6.283185307179586e+00, 3.534291735288517e+00, -1.506664152353897e-04, 1.300478476337457e-11, 5.628228003209306e-07, 7.796977187144441e-07
2884, 4.319689898685965e+00, 6.283185307179586e+00, 3.534291735288517e+00, -1.506568411636699e-04, 1.228018291324541e-11, -8.481528785000207e-11, 7.796499382836812e-07
2885, 4.712388980384690e+00, 6.283185307179586e+00, 3.534291735288517e+00, -1.506748409884408e-04, 4.675809213114934e-12, -5.629937358212219e-07, 7.796874912049462e-07
2886, 5.105088062083414e+00, 6.283185307179586e+00, 3.534291735288517e+00, -1.506596976677928e-04, -7.872538276360358e-12, -9.572270407779805e-11, 7.796369296026150e-07
2887, 5.497787143782138e+00, 6.283185307179586e+00, 3.534291735288517e+00, -1.506688346465610e-04, -2.024985839471786e-11, 5.628022967005880e-07, 7.796730116655341e-07
2888, 5.890486225480862e+00, 6.283185307179586e+00, 3.534291735288517e+00, -1.506454516159539e-04, -2.440219175281522e-11, -1.062684699842159e-10, 7.796231307312908e-07
2889, 6.283185307179586e+00, 6.283185307179586e+00, 3.534291735288517e+00, -1.506528499344571e-04, -9.012918054385656e-12, -5.630114230264817e-07, 7.796629021460841e-07
2890, 0.000000000000000e+00, 0.000000000000000e+00, 3.926990816987241e+00, -6.236759211451352e-04, -1.119470244691829e-11, -1.149777409635787e-04, 1.627739593005960e-06
2891, 3.926990816987241e-01, 0.000000000000000e+00, 3.926990816987241e+00, -6.238048253346368e-04, 2.226326965164001e-11, -1.140335971379999e-10, 1.629687060604267e-06
2892, 7.853981633974483e-01, 0.000000000000000e+00, 3.926990816987241e+00, -6.236893183082434e-04, 3.110102297615673e-11, 1.149775175200422e-04, 1.627752567318791e-06
2893, 1.178097245096172e+00, 0.000000000000000e+00, 3.926990816987241e+00, -6.238263010640676e-04, 2.443895382841904e-11, -1.045791663097866e-10, 1.629711417157591e-06
2894, 1.570796326794897e+00, 0.000000000000000e+00, 3.926990816987241e+00, -6.237072445248652e-04, 1.190140434805218e-11, -1.149777261221908e-04, 1.627781311325991e-06
2895, 1.963495408493621e+00, 0.000000000000000e+00, 3.926990816987241e+00, -6.238357620867250e-04, 8.390309260979733e-13, -9.251241330366807e-11, 1.629739252154543e-06
2896, 2.356194490192345e+00, 0.000000000000000e+00, 3.926990816987241e+00, -6.237088003287851e-04, -4.806456990657690e-12, 1.149775399909077e-04, 1.627804876643041e-06
2897, 2.748893571891069e+00, 0.000000000000000e+00, 3.926990816987241e+00, -6.238330533967942e-04, -4.370642049506212e-12, -8.462187091906422e-11, 1.629756610172467e-06
2898, 3.141592653589793e+00, 0.000000000000000e+00, 3.926990816987241e+00, -6.237061115577071e-04, 2.341080220680511e-13, -1.149777109865169e-04, 1.627814960505684e-06
2899, 3.534291735288517e+00, 0.000000000000000e+00, 3.926990816987241e+00, -6.238333659050800e-04, 5.573624599382411e-12, -8.360128195202067e-11, 1.629758886630382e-06
2900, 3.926990816987241e+00, 0.000000000000000e+00, 3.926990816987241e+00, -6.237099455153187e-04, 7.917451620032926e-12, 1.149775419629483e-04, 1.627809306451548e-06
2901, 4.319689898685965e+00, 0.000000000000000e+00, 3.926990816987241e+00, -6.238385551323638e-04, 4.501300747061073e-12, -8.973792186114726e-11, 1.629745560397592e-06
2902, 4.712388980384690e+00, 0.000000000000000e+00, 3.926990816987241e+00, -6.237123743268365e-04, -5.308612309287663e-12, -1.149777227946195e-04, 1.627789003207548e-06
2903, 5.105088062083414e+00, 0.000000000000000e+00, 3.926990816987241e+00, -6.238337710671028e-04, -1.914370708446866e-11, -1.010766101579007e-10, 1.629719662243307e-06
2904, 5.497787143782138e+00, 0.000000000000000e+00, 3.926990816987241e+00, -6.236978427235333e-04, -3.123487587386198e-11, 1.149775206574653e-04, 1.627760055606092e-06
2905, 5.890486225480862e+00, 0.000000000000000e+00, 3.926990816987241e+00, -6.238113713339990e-04, -3.270543383896850e-11, -1.119936681880428e-10, 1.629691920719370e-06
2906, 6.283185307179586e+00, 0.000000000000000e+00, 3.926990816987241e+00, -6.236759211451352e-04, -1.119470244691829e-11, -1.149777409635787e-04, 1.627739593005960e-06
2907, 0.000000000000000e+00, 3.926990816987241e-01, 3.926990816987241e+00, -5.444237595424060e-04, -1.153569077733143e-11, -9.874142913481942e-05, 1.483342440373900e-06
2908, 3.926990816987241e-01, 3.926990816987241e-01, 3.926990816987241e+00, -5.658823098912818e-04, -1.947685434530767e-05, -3.042293032584162e-07, 1.504732208975188e-06
2909, 7.853981633974483e-01, 3.926990816987241e-01, 3.926990816987241e+00, -5.877782417791655e-04, 2.372145741994298e-11, 9.813561085165028e-05, 1.530918505735816e-06
2910, 1.178097245096172e+00, 3.926990816987241e-01, 3.926990816987241e+00, -5.658983280528011e-04, 1.947688923393000e-05, -3.042677783525840e-07, 1.504755815216391e-06
2911, 1.570796326794897e+00, 3.926990816987241e-01, 3.926990816987241e+00, -5.444453702563090e-04, 2.022575708547504e-12, -9.874149554245522e-05, 1.483382958681998e-06
2912, 1.963495408493621e+00, 3.926990816987241e-01, 3.926990816987241e+00, -5.659003345629632e-04, -1.947688232388600e-05, -3.043176614685507e-07, 1.504782397042029e-06
2913, 2.356194490192345e+00, 3.926990816987241e-01, 3.926990816987241e+00, -5.877839222555027e-04, -1.126263649254392e-11, 9.813551811046249e-05, 1.530968532569203e-06
2914, 2.748893571891069e+00, 3.926990816987241e-01, 3.926990816987241e+00, -5.658926741623079e-04, 1.947686642303873e-05, -3.043507152069358e-07, 1.504798913322927e-06
2915, 3.141592653589793e+00, 3.926990816987241e-01, 3.926990816987241e+00, -5.444347800539852e-04, -5.505793332290703e-13, -9.874155870834772e-05, 1.483415000410902e-06
2916, 3.534291735288517e+00, 3.926990816987241e-01, 3.926990816987241e+00, -5.658923840190040e-04, -1.947686673135731e-05, -3.043547943266271e-07, 1.504801080590154e-06
2917, 3.926990816987241e+00, 3.926990816987241e-01, 3.926990816987241e+00, -5.877839097614911e-04, 1.304438365919947e-11, 9.813551026643267e-05, 1.530972752240654e-06
2918, 4.319689898685965e+00, 3.926990816987241e-01, 3.926990816987241e+00, -5.659015162274740e-04, 1.947688666415517e-05, -3.043286005492249e-07, 1.504788412369618e-06
2919, 4.712388980384690e+00, 3.926990816987241e-01, 3.926990816987241e+00, -5.444486028553732e-04, 4.092406610137046e-12, -9.874150846882603e-05, 1.483390306806742e-06
2920, 5.105088062083414e+00, 3.926990816987241e-01, 3.926990816987241e+00, -5.659038744665233e-04, -1.947688358285759e-05, -3.042810268722895e-07, 1.504763720610950e-06
2921, 5.497787143782138e+00, 3.926990816987241e-01, 3.926990816987241e+00, -5.877852108402621e-04, -2.210328479381591e-11, 9.813559961128962e-05, 1.530925753034239e-06
2922, 5.890486225480862e+00, 3.926990816987241e-01, 3.926990816987241e+00, -5.658881632117484e-04, 1.947684724334622e-05, -3.042357482989071e-07, 1.504737041894940e-06
2923, 6.283185307179586e+00, 3.926990816987241e-01, 3.926990816987241e+00, -5.444237595424060e-04, -1.153569077733143e-11, -9.874142913481942e-05, 1.483342440373900e-06
2924, 0.000000000000000e+00, 7.853981633974483e-01, 3.926990816987241e+00, -3.473971153071815e-04, -4.556570797097053e-12, -6.167042652834091e-05, 1.099935325189466e-06
2925, 3.926990816987241e-01, 7.853981633974483e-01, 3.926990816987241e+00, -3.773088322911000e-04, -2.513316457859947e-05, -6.705012079255552e-07, 1.125322814630143e-06
2926, 7.853981633974483e-01, 7.853981633974483e-01, 3.926990816987241e+00, -4.083653781068244e-04, -8.915472022188101e-12, 6.033003958630668e-05, 1.164032976874588e-06
2927, 1.178097245096172e+00, 7.853981633974483e-01, 3.926990816987241e+00, -3.773007930296973e-04, 2.513314225785626e-05, -6.705851903390276e-07, 1.125343152151009e-06
2928, 1.570796326794897e+00, 7.853981633974483e-01, 3.926990816987241e+00, -3.473768994951875e-04, -3.773927654953265e-11, -6.167057350869176e-05, 1.099970097183427e-06
2929, 1.963495408493621e+00, 7.853981633974483e-01, 3.926990816987241e+00, -3.772725934801253e-04, -2.513320967959417e-05, -6.706889938799208e-07, 1.125365369985586e-06
2930, 2.356194490192345e+00, 7.853981633974483e-01, 3.926990816987241e+00, -4.083147288053881e-04, -3.730448767381308e-11, 6.032984567338464e-05, 1.164074916184401e-06
2931, 2.748893571891069e+00, 7.853981633974483e-01, 3.926990816987241e+00, -3.772449269397634e-04, 2.513314390542547e-05, -6.707576760970870e-07, 1.125378965870075e-06
2932, 3.141592653589793e+00, 7.853981633974483e-01, 3.926990816987241e+00, -3.473280818225470e-04, -3.760214019214887e-12, -6.167070475368908e-05, 1.099996561981784e-06
2933, 3.534291735288517e+00, 7.853981633974483e-01, 3.926990816987241e+00, -3.772421640125146e-04, -2.513315039612065e-05, -6.707661716958255e-07, 1.125380751949585e-06
2934, 3.926990816987241e+00, 7.853981633974483e-01, 3.926990816987241e+00, -4.083099625587860e-04, 3.364461837049379e-11, 6.032982934305137e-05, 1.164078403901290e-06
2935, 4.319689898685965e+00, 7.853981633974483e-01, 3.926990816987241e+00, -3.772671470925659e-04, 2.513320991240595e-05, -6.707117631586619e-07, 1.125370365973681e-06
2936, 4.712388980384690e+00, 7.853981633974483e-01, 3.926990816987241e+00, -3.473722948683061e-04, 4.181306392980261e-11, -6.167060045317821e-05, 1.099976243228476e-06
2937, 5.105088062083414e+00, 7.853981633974483e-01, 3.926990816987241e+00, -3.772982685399816e-04, -2.513313572468773e-05, -6.706130328462813e-07, 1.125349831419665e-06
2938, 5.497787143782138e+00, 7.853981633974483e-01, 3.926990816987241e+00, -4.083653475603878e-04, 1.509750218578209e-11, 6.033001519699757e-05, 1.164039187800132e-06
2939, 5.890486225480862e+00, 7.853981633974483e-01, 3.926990816987241e+00, -3.773103108810641e-04, 2.513316602641046e-05, -6.705167828401967e-07, 1.125327027412250e-06
2940, 6.283185307179586e+00, 7.853981633974483e-01, 3.926990816987241e+00, -3.473971153071815e-04, -4.556570797097053e-12, -6.167042652834091e-05, 1.099935325189466e-06
2941, 0.000000000000000e+00, 1.178097245096172e+00, 3.926990816987241e+00, -1.906189127699459e-05, 7.224140019222889e-12, -2.725937178403051e-05, 5.169619835941300e-07
2942, 3.926990816987241e-01, 1.178097245096172e+00, 3.926990816987241e+00, -4.259972166176013e-05, -1.743812278354158e-05, -1.035681665635529e-06, 5.354457193192499e-07
2943, 7.853981633974483e-01, 1.178097245096172e+00, 3.926990816987241e+00, -6.692399345815478e-05, -6.272253600688700e-11, 2.518636672742688e-05, 5.625769484272093e-07
2944, 1.178097245096172e+00, 1.178097245096172e+00, 3.926990816987241e+00, -4.255204667300693e-05, 1.743800597762291e-05, -1.035799141307543e-06, 5.354605927729621e-07
2945, 1.570796326794897e+00, 1.178097245096172e+00, 3.926990816987241e+00, -1.897287690977052e-05, -1.012804377101986e-10, -2.725957695135622e-05, 5.169872204560165e-07
2946, 1.963495408493621e+00, 1.178097245096172e+00, 3.926990816987241e+00, -4.247550456123438e-05, -1.743819259718122e-05, -1.035941257237547e-06, 5.354761608755755e-07
2947, 2.356194490192345e+00, 1.178097245096172e+00, 3.926990816987241e+00, -6.678289598232224e-05, -7.885344891804139e-11, 2.518610057455474e-05, 5.626064403946679e-07
2948, 2.748893571891069e+00, 1.178097245096172e+00, 3.926990816987241e+00, -4.241591418489995e-05, 1.743804724939445e-05, -1.036034939555206e-06, 5.354853651132365e-07
2949, 3.141592653589793e+00, 1.178097245096172e+00, 3.926990816987241e+00, -1.886304032125737e-05, -8.884588854338689e-12, -2.725975606391343e-05, 5.170052830820598e-07
2950, 3.534291735288517e+00, 1.178097245096172e+00, 3.926990816987241e+00, -4.240920362740952e-05, -1.743806360716377e-05, -1.036046520821148e-06, 5.354865777809536e-07
2951, 3.926990816987241e+00, 1.178097245096172e+00, 3.926990816987241e+00, -6.677054203724721e-05, 6.651356527341361e-11, 2.518607831351669e-05, 5.626088271852580e-07
2952, 4.319689898685965e+00, 1.178097245096172e+00, 3.926990816987241e+00, -4.245947664292552e-05, 1.743818625968379e-05, -1.035972310791679e-06, 5.354796217263382e-07
2953, 4.712388980384690e+00, 1.178097245096172e+00, 3.926990816987241e+00, -1.895573645036719e-05, 1.019742518145039e-10, -2.725961377676201e-05, 5.169915439829002e-07
2954, 5.105088062083414e+00, 1.178097245096172e+00, 3.926990816987241e+00, -4.253652515053857e-05, -1.743799841897019e-05, -1.035837409378963e-06, 5.354653735188040e-07
2955, 5.497787143782138e+00, 1.178097245096172e+00, 3.926990816987241e+00, -6.691249852112262e-05, 7.564669332556101e-11, 2.518633284269092e-05, 5.625814713590793e-07
2956, 5.890486225480862e+00, 1.178097245096172e+00, 3.926990816987241e+00, -4.259382321068049e-05, 1.743813829083115e-05, -1.035703554853192e-06, 5.354488298430982e-07
2957, 6.283185307179586e+00, 1.178097245096172e+00, 3.926990816987241e+00, -1.906189127699459e-05, 7.224140019222889e-12, -2.725937178403051e-05, 5.169619835941300e-07
2958, 0.000000000000000e+00, 1.570796326794897e+00, 3.926990816987241e+00, 4.197670232330219e-04, 2.178833383065632e-11, -8.406311256778939e-06, -1.336776524697539e-07
2959, 3.926990816987241e-01, 1.570796326794897e+00, 3.926990816987241e+00, 4.096056804289001e-04, -7.138523443141532e-06, -1.257829306470998e-06, -1.275939684252329e-07
2960, 7.853981633974483e-01, 1.570796326794897e+00, 3.926990816987241e+00, 3.992562023841905e-04, -1.295557613021107e-10, 5.889440255993247e-06, -1.194615118206414e-07
2961, 1.178097245096172e+00, 1.570796326794897e+00, 3.926990816987241e+00, 4.097025396427522e-04, 7.138289573420767e-06, -1.257961878588777e-06, -1.275858933259136e-07
2962, 1.570796326794897e+00, 1.570796326794897e+00, 3.926990816987241e+00, 4.199412109191800e-04, -1.790444964456875e-10, -8.406542313594031e-06, -1.336641772530980e-07
2963, 1.963495408493621e+00, 1.570796326794897e+00, 3.926990816987241e+00, 4.098382861407206e-04, -7.138622337597294e-06, -1.258120881527824e-06, -1.275782249720726e-07
2964, 2.356194490192345e+00, 1.570796326794897e+00, 3.926990816987241e+00, 3.995082386305192e-04, -1.295249660498658e-10, 5.889142201655852e-06, -1.194468839768298e-07
2965, 2.748893571891069e+00, 1.570796326794897e+00, 3.926990816987241e+00, 4.099368217812281e-04, 7.138379891255557e-06, -1.258225285448590e-06, -1.275741538213682e-07
2966, 3.141592653589793e+00, 1.570796326794897e+00, 3.926990816987241e+00, 4.201255369123896e-04, -1.513015704494037e-11, -8.406742074724911e-06, -1.336559648722011e-07
2967, 3.534291735288517e+00, 1.570796326794897e+00, 3.926990816987241e+00, 4.099483441601348e-04, -7.138408275683966e-06, -1.258238178170539e-06, -1.275736102636213e-07
2968, 3.926990816987241e+00, 1.570796326794897e+00, 3.926990816987241e+00, 3.995298431907834e-04, 1.065955012731863e-10, 5.889117410831595e-06, -1.194457833348656e-07
2969, 4.319689898685965e+00, 1.570796326794897e+00, 3.926990816987241e+00, 4.098672246305238e-04, 7.138607942324072e-06, -1.258155496650900e-06, -1.275765635529803e-07
2970, 4.712388980384690e+00, 1.570796326794897e+00, 3.926990816987241e+00, 4.199736775505434e-04, 1.754857125151198e-10, -8.406583440430433e-06, -1.336620067058690e-07
2971, 5.105088062083414e+00, 1.570796326794897e+00, 3.926990816987241e+00, 4.097340142335140e-04, -7.138280967297409e-06, -1.258004739436717e-06, -1.275833871564913e-07
2972, 5.497787143782138e+00, 1.570796326794897e+00, 3.926990816987241e+00, 3.992818456728758e-04, 1.506166242513678e-10, 5.889402201873724e-06, -1.194590491395470e-07
2973, 5.890486225480862e+00, 1.570796326794897e+00, 3.926990816987241e+00, 4.096207165644972e-04, 7.138556356319162e-06, -1.257853887092243e-06, -1.275922214511598e-07
2974, 6.283185307179586e+00, 1.570796326794897e+00, 3.926990816987241e+00, 4.197670232330219e-04, 2.178833383065632e-11, -8.406311256778939e-06, -1.336776524697539e-07
2975, 0.000000000000000e+00, 1.963495408493621e+00, 3.926990816987241e+00, 9.016385335582607e-04, 3.680237227526761e-11, -2.263759822578139e-06, -7.036899224186710e-07
2976, 3.926990816987241e-01, 1.963495408493621e+00, 3.926990816987241e+00, 9.019590491236313e-04, -1.561303373072098e-06, -1.239626846744160e-06, -7.066185999427897e-07
2977, 7.853981633974483e-01, 1.963495408493621e+00, 3.926990816987241e+00, 9.023344577957711e-04, -1.988962918846129e-10, -2.157352108812666e-07, -7.096807204113233e-07
2978, 1.178097245096172e+00, 1.963495408493621e+00, 3.926990816987241e+00, 9.021069143587871e-04, 1.560948238681964e-06, -1.239753656128455e-06, -7.066175402088326e-07
2979, 1.570796326794897e+00, 1.963495408493621e+00, 3.926990816987241e+00, 9.019009498104077e-04, -2.592704572010585e-10, -2.263980671119666e-06, -7.036885282970614e-07
2980, 1.963495408493621e+00, 1.963495408493621e+00, 3.926990816987241e+00, 9.023037517804813e-04, -1.561431861966077e-06, -1.239905344145935e-06, -7.066178569606150e-07
2981, 2.356194490192345e+00, 1.963495408493621e+00, 3.926990816987241e+00, 9.027010180395477e-04, -1.816190408392941e-10, -2.160195879504680e-07, -7.096811451864725e-07
2982, 2.748893571891069e+00, 1.963495408493621e+00, 3.926990816987241e+00, 9.024423390857246e-04, 1.561089520816564e-06, -1.240004651674116e-06, -7.066189009743620e-07
2983, 3.141592653589793e+00, 1.963495408493621e+00, 3.926990816987241e+00, 9.021619345127890e-04, -2.154556045792223e-11, -2.264170804880876e-06, -7.036901614159809e-07
2984, 3.534291735288517e+00, 1.963495408493621e+00, 3.926990816987241e+00, 9.024588051716945e-04, -1.561130263837139e-06, -1.240016904431763e-06, -7.066190223749121e-07
2985, 3.926990816987241e+00, 1.963495408493621e+00, 3.926990816987241e+00, 9.027321309852172e-04, 1.477894591805042e-10, -2.160431598888126e-07, -7.096813252416553e-07
2986, 4.319689898685965e+00, 1.963495408493621e+00, 3.926990816987241e+00, 9.023459727962885e-04, 1.561409134571548e-06, -1.239938286437781e-06, -7.066179944990069e-07
2987, 4.712388980384690e+00, 1.963495408493621e+00, 3.926990816987241e+00, 9.019492074831752e-04, 2.512581952612272e-10, -2.264019856093700e-06, -7.036885237615827e-07
2988, 5.105088062083414e+00, 1.963495408493621e+00, 3.926990816987241e+00, 9.021548546771931e-04, -1.560938620294710e-06, -1.239794534136918e-06, -7.066173397393640e-07
2989, 5.497787143782138e+00, 1.963495408493621e+00, 3.926990816987241e+00, 9.023747204458166e-04, 2.283551267347513e-10, -2.157715075483796e-07, -7.096803584093166e-07
2990, 5.890486225480862e+00, 1.963495408493621e+00, 3.926990816987241e+00, 9.019835212958658e-04, 1.561354302952635e-06, -1.239650262217754e-06, -7.066182444138919e-07
2991, 6.283185307179586e+00, 1.963495408493621e+00, 3.926990816987241e+00, 9.016385335582607e-04, 3.680237227526761e-11, -2.263759822578139e-06, -7.036899224186710e-07
2992, 0.000000000000000e+00, 2.356194490192345e+00, 3.926990816987241e+00, 1.334584873538149e-03, 4.995177567752119e-11, -1.028955012425672e-06, -1.108395342926824e-06
2993, 3.926990816987241e-01, 2.356194490192345e+00, 3.926990816987241e+00, 1.338416756050422e-03, -1.422773092187148e-07, -9.777612882462680e-07, -1.112805388751657e-06
2994, 7.853981633974483e-01, 2.356194490192345e+00, 3.926990816987241e+00, 1.342330900470520e-03, -2.598834808003605e-10, -9.265200563766554e-07, -1.117407818266124e-06
2995, 1.178097245096172e+00, 2.356194490192345e+00, 3.926990816987241e+00, 1.338609477115880e-03, 1.418155768097207e-07, -9.778626148685144e-07, -1.112810444502563e-06
2996, 1.570796326794897e+00, 2.356194490192345e+00, 3.926990816987241e+00, 1.334924855950355e-03, -3.297232650809519e-10, -1.029131456843355e-06, -1.108404460694811e-06
2997, 1.963495408493621e+00, 2.356194490192345e+00, 3.926990816987241e+00, 1.338859962886537e-03, -1.424316820804428e-07, -9.779837659411964e-07, -1.112817663268366e-06
2998, 2.356194490192345e+00, 2.356194490192345e+00, 3.926990816987241e+00, 1.342798030686107e-03, -2.272509266462329e-10, -9.267471554753786e-07, -1.117421257699444e-06
2999, 2.748893571891069e+00, 2.356194490192345e+00, 3.926990816987241e+00, 1.339033642265577e-03, 1.420017864769470e-07, -9.780629385253728e-07, -1.112823083204155e-06
3000, 3.141592653589793e+00, 2.356194490192345e+00, 3.926990816987241e+00, 1.335253042298624e-03, -2.716273001810365e-11, -1.029283108010637e-06, -1.108414536493307e-06
3001, 3.534291735288517e+00, 2.356194490192345e+00, 3.926990816987241e+00, 1.339054437852809e-03, -1.420533554808888e-07, -9.780727069128098e-07, -1.112823771987838e-06
3002, 3.926990816987241e+00, 2.356194490192345e+00, 3.926990816987241e+00, 1.342837474417377e-03, 1.838583702499415e-10, -9.267659555483253e-07, -1.117422532788144e-06
3003, 4.319689898685965e+00, 2.356194490192345e+00, 3.926990816987241e+00, 1.338913829650832e-03, 1.424016246296381e-07, -9.780100544259251e-07, -1.112819344244493e-06
3004, 4.712388980384690e+00, 2.356194490192345e+00, 3.926990816987241e+00, 1.334986969738359e-03, 3.177769055503943e-10, -1.029162743002659e-06, -1.108406322300449e-06
3005, 5.105088062083414e+00, 2.356194490192345e+00, 3.926990816987241e+00, 1.338671872821708e-03, -1.418050763142475e-07, -9.778952565738548e-07, -1.112812237696780e-06
3006, 5.497787143782138e+00, 2.356194490192345e+00, 3.926990816987241e+00, 1.342383994866914e-03, 2.967366038380172e-10, -9.265490251269886e-07, -1.117409275544857e-06
3007, 5.890486225480862e+00, 2.356194490192345e+00, 3.926990816987241e+00, 1.338449502022389e-03, 1.423440671489021e-07, -9.777799577968761e-07, -1.112806237388169e-06
3008, 6.283185307179586e+00, 2.356194490192345e+00, 3.926990816987241e+00, 1.334584873538149e-03, 4.995177567752119e-11, -1.028955012425672e-06, -1.108395342926824e-06
3009, 0.000000000000000e+00, 2.748893571891069e+00, 3.926990816987241e+00, 1.633185484685485e-03, 5.924836016596718e-11, -5.415665123686176e-07, -1.335255695940020e-06
3010, 3.926990816987241e-01, 2.748893571891069e+00, 3.926990816987241e+00, 1.635803695482596e-03, -1.129523991736719e-08, -5.351125373863208e-07, -1.337373326858396e-06
3011, 7.853981633974483e-01, 2.748893571891069e+00, 3.926990816987241e+00, 1.638496017601980e-03, -3.030765254676657e-10, -5.286324831488150e-07, -1.339527072715307e-06
3012, 1.178097245096172e+00, 2.748893571891069e+00, 3.926990816987241e+00, 1.636028184353047e-03, 1.075802152251532e-08, -5.351727895491947e-07, -1.337382660813763e-06
3013, 1.570796326794897e+00, 2.748893571891069e+00, 3.926990816987241e+00, 1.633580398714606e-03, -3.796094869615461e-10, -5.416714271663060e-07, -1.335272161630444e-06
3014, 1.963495408493621e+00, 2.748893571891069e+00, 3.926990816987241e+00, 1.636316655496306e-03, -1.146792240311757e-08, -5.352448239621410e-07, -1.337394688239724e-06
3015, 2.356194490192345e+00, 2.748893571891069e+00, 3.926990816987241e+00, 1.639034347720642e-03, -2.595121949436736e-10, -5.287674982506497e-07, -1.339549578532739e-06
3016, 2.748893571891069e+00, 2.748893571891069e+00, 3.926990816987241e+00, 1.636515148699832e-03, 1.097610160321517e-08, -5.352918523041203e-07, -1.337403135710064e-06
3017, 3.141592653589793e+00, 2.748893571891069e+00, 3.926990816987241e+00, 1.633956120397842e-03, -3.113751794097656e-11, -5.417615345301170e-07, -1.335288088465370e-06
3018, 3.534291735288517e+00, 2.748893571891069e+00, 3.926990816987241e+00, 1.636539008333092e-03, -1.103533385666539e-08, -5.352976682494704e-07, -1.337404216524026e-06
3019, 3.926990816987241e+00, 2.748893571891069e+00, 3.926990816987241e+00, 1.639079689011424e-03, 2.093440903558048e-10, -5.287786937477539e-07, -1.339551611509845e-06
3020, 4.319689898685965e+00, 2.748893571891069e+00, 3.926990816987241e+00, 1.636378769718249e-03, 1.143266571879553e-08, -5.352604821723729e-07, -1.337397440134417e-06
3021, 4.712388980384690e+00, 2.748893571891069e+00, 3.926990816987241e+00, 1.633652328085730e-03, 3.648723728127675e-10, -5.416900633883609e-07, -1.335275321515177e-06
3022, 5.105088062083414e+00, 2.748893571891069e+00, 3.926990816987241e+00, 1.636100819769150e-03, -1.074688910959994e-08, -5.351922290018473e-07, -1.337385843743807e-06
3023, 5.497787143782138e+00, 2.748893571891069e+00, 3.926990816987241e+00, 1.638558197406750e-03, 3.451809850610076e-10, -5.286497265447287e-07, -1.339529799199565e-06
3024, 5.890486225480862e+00, 2.748893571891069e+00, 3.926990816987241e+00, 1.635842295225109e-03, 1.137321000610878e-08, -5.351236432755545e-07, -1.337375015500390e-06
3025, 6.283185307179586e+00, 2.748893571891069e+00, 3.926990816987241e+00, 1.633185484685485e-03, 5.924836016596718e-11, -5.415665123686176e-07, -1.335255695940020e-06
3026, 0.000000000000000e+00, 3.141592653589793e+00, 3.926990816987241e+00, 1.740874744154146e-03, 6.330109152570428e-11, -7.368662903158231e-09, -1.407166972957226e-06
3027, 3.926990816987241e-01, 3.141592653589793e+00, 3.926990816987241e+00, 1.740899660586675e-03, -1.769485245142374e-10, 1.000626004631110e-10, -1.407172665374359e-06
3028, 7.853981633974483e-01, 3.141592653589793e+00, 3.926990816987241e+00, 1.740997187383086e-03, -3.218491591907786e-10, 7.565788287267733e-09, -1.407172794990825e-06
3029, 1.178097245096172e+00, 3.141592653589793e+00, 3.926990816987241e+00, 1.741137955209531e-03, -3.930709043742338e-10, 9.009383434618615e-11, -1.407183801187490e-06
3030, 1.570796326794897e+00, 3.141592653589793e+00, 3.926990816987241e+00, 1.741293525225259e-03, -4.012771600944050e-10, -7.385998703361453e-09, -1.407186529213823e-06
3031, 1.963495408493621e+00, 3.141592653589793e+00, 3.926990816987241e+00, 1.741442924925759e-03, -3.575688202329733e-10, 7.821870047229140e-11, -1.407197839640550e-06
3032, 2.356194490192345e+00, 3.141592653589793e+00, 3.926990816987241e+00, 1.741566442154517e-03, -2.735111958363036e-10, 7.543522059534079e-09, -1.407199093872368e-06
3033, 2.748893571891069e+00, 3.141592653589793e+00, 3.926990816987241e+00, 1.741652187099705e-03, -1.611325099216689e-10, 7.047762080943743e-11, -1.407207544522140e-06
3034, 3.141592653589793e+00, 3.141592653589793e+00, 3.926990816987241e+00, 1.741689883334736e-03, -3.287330804690009e-11, -7.400845027480128e-09, -1.407204890247257e-06
3035, 3.534291735288517e+00, 3.141592653589793e+00, 3.926990816987241e+00, 1.741677384843845e-03, 9.855338754332552e-11, 6.948768846492008e-11, -1.407208788635841e-06
3036, 3.926990816987241e+00, 3.141592653589793e+00, 3.926990816987241e+00, 1.741614359157030e-03, 2.203834927668544e-10, 7.541617154098409e-09, -1.407201443000258e-06
3037, 4.319689898685965e+00, 3.141592653589793e+00, 3.926990816987241e+00, 1.741508641218957e-03, 3.200417347833046e-10, 7.555637641447144e-11, -1.407201039278264e-06
3038, 4.712388980384690e+00, 3.141592653589793e+00, 3.926990816987241e+00, 1.741369740992372e-03, 3.853239163385050e-10, -7.389163895074928e-09, -1.407190233414252e-06
3039, 5.105088062083414e+00, 3.141592653589793e+00, 3.926990816987241e+00, 1.741215060770825e-03, 4.044841769930434e-10, 8.679656921323679e-11, -1.407187568470639e-06
3040, 5.497787143782138e+00, 3.141592653589793e+00, 3.926990816987241e+00, 1.741063331513825e-03, 3.662505128963209e-10, 7.562867138329661e-09, -1.407176056612045e-06
3041, 5.890486225480862e+00, 3.141592653589793e+00, 3.926990816987241e+00, 1.740940813245579e-03, 2.598119433831170e-10, 9.818291063926492e-11, -1.407174709090438e-06
3042, 6.283185307179586e+00, 3.141592653589793e+00, 3.926990816987241e+00, 1.740874744154146e-03, 6.330109152570428e-11, -7.368662903158231e-09, -1.407166972957226e-06
3043, 0.000000000000000e+00, 3.534291735288517e+00, 3.926990816987241e+00, 1.638304185161939e-03, 6.150879917181495e-11, 5.287879851181407e-07, -1.339510812730415e-06
3044, 3.926990816987241e-01, 3.534291735288517e+00, 3.926990816987241e+00, 1.635727825666407e-03, 1.095700724699024e-08, 5.352983824185298e-07, -1.337362001626005e-06
3045, 7.853981633974483e-01, 3.534291735288517e+00, 3.926990816987241e+00, 1.633227941349442e-03, -3.133373475002133e-10, 5.417771541712942e-07, -1.335249565998934e-06
3046, 1.178097245096172e+00, 3.534291735288517e+00, 3.926990816987241e+00, 1.635959856529514e-03, -1.151213508520399e-08, 5.353402101810497e-07, -1.337372196224228e-06
3047, 1.570796326794897e+00, 3.534291735288517e+00, 3.926990816987241e+00, 1.638712120304935e-03, -3.914058318638256e-10, 5.288608643049905e-07, -1.339528745256538e-06
3048, 1.963495408493621e+00, 3.534291735288517e+00, 3.926990816987241e+00, 1.636257311490697e-03, 1.078004448858551e-08, 5.353903041357308e-07, -1.337385152803133e-06
3049, 2.356194490192345e+00, 3.534291735288517e+00, 3.926990816987241e+00, 1.633783117205556e-03, -2.671249146964102e-10, 5.418710242597221e-07, -1.335273830330664e-06
3050, 2.748893571891069e+00, 3.534291735288517e+00, 3.926990816987241e+00, 1.636461662963400e-03, -1.128649439252664e-08, 5.354230195808684e-07, -1.337394170068656e-06
3051, 3.141592653589793e+00, 3.534291735288517e+00, 3.926990816987241e+00, 1.639099076426064e-03, -3.210983217543201e-11, 5.289235265701293e-07, -1.339545780318065e-06
3052, 3.534291735288517e+00, 3.534291735288517e+00, 3.926990816987241e+00, 1.636486272061130e-03, 1.122538779339932e-08, 5.354270032858142e-07, -1.337395326660639e-06
3053, 3.926990816987241e+00, 3.534291735288517e+00, 3.926990816987241e+00, 1.633829900768203e-03, 2.153009220940574e-10, 5.418786934871319e-07, -1.335276010390374e-06
3054, 4.319689898685965e+00, 3.534291735288517e+00, 3.926990816987241e+00, 1.636321441666245e-03, -1.081656838718653e-08, 5.354010327834905e-07, -1.337388114071564e-06
3055, 4.712388980384690e+00, 3.534291735288517e+00, 3.926990816987241e+00, 1.638786446745469e-03, 3.759942337515407e-10, 5.288736379937613e-07, -1.339532161805287e-06
3056, 5.105088062083414e+00, 3.534291735288517e+00, 3.926990816987241e+00, 1.636034989445020e-03, 1.152343055792900e-08, 5.353535402660317e-07, -1.337375657878637e-06
3057, 5.497787143782138e+00, 3.534291735288517e+00, 3.926990816987241e+00, 1.633292334146616e-03, 3.567283747987155e-10, 5.417889830816822e-07, -1.335252551259772e-06
3058, 5.890486225480862e+00, 3.534291735288517e+00, 3.926990816987241e+00, 1.635767849656386e-03, -1.087630556872547e-08, 5.353060029727471e-07, -1.337363864516857e-06
3059, 6.283185307179586e+00, 3.534291735288517e+00, 3.926990816987241e+00, 1.638304185161939e-03, 6.150879917181495e-11, 5.287879851181407e-07, -1.339510812730415e-06
3060, 0.000000000000000e+00, 3.926990816987241e+00, 3.926990816987241e+00, 1.342090144350087e-03, 5.414390140938388e-11, 9.266118926644083e-07, -1.117384001571005e-06
3061, 3.926990816987241e-01, 3.926990816987241e+00, 3.926990816987241e+00, 1.338275869785729e-03, 1.419836966667963e-07, 9.779061972786248e-07, -1.112784235920680e-06
3062, 7.853981633974483e-01, 3.926990816987241e+00, 3.926990816987241e+00, 1.334548227209565e-03, -2.788441880120232e-10, 1.029148745928007e-06, -1.108377335386482e-06
3063, 1.178097245096172e+00, 3.926990816987241e+00, 3.926990816987241e+00, 1.338482526823256e-03, -1.424785220177659e-07, 9.779934277148373e-07, -1.112790882946035e-06
3064, 1.570796326794897e+00, 3.926990816987241e+00, 3.926990816987241e+00, 1.342454184092322e-03, -3.515172839789491e-10, 9.267638326052210e-07, -1.117395832448646e-06
3065, 1.963495408493621e+00, 3.926990816987241e+00, 3.926990816987241e+00, 1.338749611207895e-03, 1.418214154735484e-07, 9.780977924091549e-07, -1.112799822579506e-06
3066, 2.356194490192345e+00, 3.926990816987241e+00, 3.926990816987241e+00, 1.335046485117702e-03, -2.413281767629381e-10, 1.029344354267987e-06, -1.108394033466710e-06
3067, 2.748893571891069e+00, 3.926990816987241e+00, 3.926990816987241e+00, 1.338934122609936e-03, -1.422783567972131e-07, 9.781659802986829e-07, -1.112806305732304e-06
3068, 3.141592653589793e+00, 3.926990816987241e+00, 3.926990816987241e+00, 1.342803139250629e-03, -2.896208304706636e-11, 9.268944361738287e-07, -1.117407972221969e-06
3069, 3.534291735288517e+00, 3.926990816987241e+00, 3.926990816987241e+00, 1.338956305241633e-03, 1.422233186307534e-07, 9.781743379657147e-07, -1.112807136233601e-06
3070, 3.926990816987241e+00, 3.926990816987241e+00, 3.926990816987241e+00, 1.335088598465806e-03, 1.948693234129874e-10, 1.029360437858409e-06, -1.108395583164840e-06
3071, 4.319689898685965e+00, 3.926990816987241e+00, 3.926990816987241e+00, 1.338807210335683e-03, -1.418538217303103e-07, 9.781202800405569e-07, -1.112801893527805e-06
3072, 4.712388980384690e+00, 3.926990816987241e+00, 3.926990816987241e+00, 1.342520737221663e-03, 3.383178299630436e-10, 9.267905932484131e-07, -1.117398170918170e-06
3073, 5.105088062083414e+00, 3.926990816987241e+00, 3.926990816987241e+00, 1.338549549521622e-03, 1.424893200706114e-07, 9.780213468946332e-07, -1.112793193023216e-06
3074, 5.497787143782138e+00, 3.926990816987241e+00, 3.926990816987241e+00, 1.334605423024756e-03, 3.180777248091028e-10, 1.029173523336880e-06, -1.108379272173642e-06
3075, 5.890486225480862e+00, 3.926990816987241e+00, 3.926990816987241e+00, 1.338311256300721e-03, -1.419118769109827e-07, 9.779221652011835e-07, -1.112785407550754e-06
3076, 6.283185307179586e+00, 3.926990816987241e+00, 3.926990816987241e+00, 1.342090144350087e-03, 5.414390140938388e-11, 9.266118926644083e-07, -1.117384001571005e-06
3077, 0.000000000000000e+00, 4.319689898685965e+00, 3.926990816987241e+00, 9.020721911870258e-04, 4.231428646196730e-11, 2.157503022440718e-07, -7.096532069988513e-07
3078, 3.926990816987241e-01, 4.319689898685965e+00, 3.926990816987241e+00, 9.017734072023561e-04, 1.561076548837148e-06, 1.239709613555030e-06, -7.065904330562123e-07
3079, 7.853981633974483e-01, 4.319689898685965e+00, 3.926990816987241e+00, 9.015352265531603e-04, -2.236523372745854e-10, 2.263907983336536e-06, -7.036617303414284e-07
3080, 1.178097245096172e+00, 4.319689898685965e+00, 3.926990816987241e+00, 9.019394677059514e-04, -1.561474897826944e-06, 1.239828863095218e-06, -7.065914523406317e-07
3081, 1.570796326794897e+00, 4.319689898685965e+00, 3.926990816987241e+00, 9.023660167723003e-04, -2.877414360663618e-10, 2.159579875454897e-07, -7.096553620912073e-07
3082, 1.963495408493621e+00, 4.319689898685965e+00, 3.926990816987241e+00, 9.021579897070614e-04, 1.560937708044952e-06, 1.239971471766753e-06, -7.065940306353606e-07
3083, 2.356194490192345e+00, 4.319689898685965e+00, 3.926990816987241e+00, 9.019424550111877e-04, -2.000395571796529e-10, 2.264175333046406e-06, -7.036664393243961e-07
3084, 2.748893571891069e+00, 4.319689898685965e+00, 3.926990816987241e+00, 9.023107487855846e-04, -1.561315425660197e-06, 1.240064775675345e-06, -7.065964903096363e-07
3085, 3.141592653589793e+00, 4.319689898685965e+00, 3.926990816987241e+00, 9.026541646588276e-04, -2.390248197952208e-11, 2.161366437971590e-07, -7.096597345089973e-07
3086, 3.534291735288517e+00, 4.319689898685965e+00, 3.926990816987241e+00, 9.023290319333801e-04, 1.561270137329918e-06, 1.240076252034248e-06, -7.065968009461308e-07
3087, 3.926990816987241e+00, 4.319689898685965e+00, 3.926990816987241e+00, 9.019770660684127e-04, 1.621892371605089e-10, 2.264197407621510e-06, -7.036669851285525e-07
3088, 4.319689898685965e+00, 4.319689898685965e+00, 3.926990816987241e+00, 9.022051033510058e-04, -1.560963520434285e-06, 1.240002313599689e-06, -7.065946856205918e-07
3089, 4.712388980384690e+00, 4.319689898685965e+00, 3.926990816987241e+00, 9.024200969758983e-04, 2.780764607038783e-10, 2.159946627801643e-07, -7.096559878042140e-07
3090, 5.105088062083414e+00, 4.319689898685965e+00, 3.926990816987241e+00, 9.019934805646027e-04, 1.561484895965275e-06, 1.239867110971198e-06, -7.065919330233445e-07
3091, 5.497787143782138e+00, 4.319689898685965e+00, 3.926990816987241e+00, 9.015808755922350e-04, 2.562277841775102e-10, 2.263941935199656e-06, -7.036619995277717e-07
3092, 5.890486225480862e+00, 4.319689898685965e+00, 3.926990816987241e+00, 9.018013494012194e-04, -1.561018972849774e-06, 1.239731511278090e-06, -7.065905029771441e-07
3093, 6.283185307179586e+00, 4.319689898685965e+00, 3.926990816987241e+00, 9.020721911870258e-04, 4.231428646196730e-11, 2.157503022440718e-07, -7.096532069988513e-07
3094, 0.000000000000000e+00, 4.712388980384690e+00, 3.926990816987241e+00, 3.990029637106402e-04, 2.780951343294242e-11, -5.889504360127479e-06, -1.194346504383055e-07
3095, 3.926990816987241e-01, 4.712388980384690e+00, 3.926990816987241e+00, 4.094022581715916e-04, 7.138375312802288e-06, 1.257836973419287e-06, -1.275625974227628e-07
3096, 7.853981633974483e-01, 4.712388980384690e+00, 3.926990816987241e+00, 4.196195862606719e-04, -1.562698944080939e-10, 8.406390773237910e-06, -1.336424483044988e-07
3097, 1.178097245096172e+00, 4.712388980384690e+00, 3.926990816987241e+00, 4.095187552453904e-04, -7.138655854405562e-06, 1.257969790406137e-06, -1.275567647445453e-07
3098, 1.570796326794897e+00, 4.712388980384690e+00, 3.926990816987241e+00, 3.992110662268870e-04, -2.098656845523594e-10, -5.889272977854323e-06, -1.194250167571111e-07
3099, 1.963495408493621e+00, 4.712388980384690e+00, 3.926990816987241e+00, 4.096779739376092e-04, 7.138265120244286e-06, 1.258128776579532e-06, -1.275515761493650e-07
3100, 2.356194490192345e+00, 4.712388980384690e+00, 3.926990816987241e+00, 4.199156328863667e-04, -1.495126259983043e-10, 8.406688858843494e-06, -1.336325140974715e-07
3101, 2.748893571891069e+00, 4.712388980384690e+00, 3.926990816987241e+00, 4.097918836406416e-04, -7.138545934298555e-06, 1.258233067665352e-06, -1.275490859117432e-07
3102, 3.141592653589793e+00, 4.712388980384690e+00, 3.926990816987241e+00, 3.994248464140740e-04, -1.769020276228187e-11, -5.889073395515300e-06, -1.194198504389683e-07
3103, 3.534291735288517e+00, 4.712388980384690e+00, 3.926990816987241e+00, 4.098053800174378e-04, 7.138512611020466e-06, 1.258245938792681e-06, -1.275487541800577e-07
3104, 3.926990816987241e+00, 4.712388980384690e+00, 3.926990816987241e+00, 4.199410390175819e-04, 1.222091585102726e-10, 8.406713603896457e-06, -1.336318216091950e-07
3105, 4.319689898685965e+00, 4.712388980384690e+00, 3.926990816987241e+00, 4.097122325880755e-04, -7.138282879712048e-06, 1.258163318125141e-06, -1.275504894650209e-07
3106, 4.712388980384690e+00, 4.712388980384690e+00, 3.926990816987241e+00, 3.992498692782446e-04, 2.044932555119543e-10, -5.889231954391811e-06, -1.194235427659505e-07
3107, 5.105088062083414e+00, 4.712388980384690e+00, 3.926990816987241e+00, 4.095568447977158e-04, 7.138664856084040e-06, 1.258012523035002e-06, -1.275550087660813e-07
3108, 5.497787143782138e+00, 4.712388980384690e+00, 3.926990816987241e+00, 4.196511032121334e-04, 1.807130388538111e-10, 8.406428694035618e-06, -1.336406801334412e-07
3109, 5.890486225480862e+00, 4.712388980384690e+00, 3.926990816987241e+00, 4.094210819807814e-04, -7.138335154727358e-06, 1.257861456257320e-06, -1.275613192659477e-07
3110, 6.283185307179586e+00, 4.712388980384690e+00, 3.926990816987241e+00, 3.990029637106402e-04, 2.780951343294242e-11, -5.889504360127479e-06, -1.194346504383055e-07
3111, 0.000000000000000e+00, 5.105088062083414e+00, 3.926990816987241e+00, -6.713873995406609e-05, 1.285654348335799e-11, -2.518650161695528e-05, 5.625988257894323e-07
3112, 3.926990816987241e-01, 5.105088062083414e+00, 3.926990816987241e+00, -4.279080940012636e-05, 1.743805290192607e-05, 1.035611227409677e-06, 5.354758784907219e-07
3113, 7.853981633974483e-01, 5.105088062083414e+00, 3.926990816987241e+00, -1.922365208444383e-05, -8.720230269757495e-11, 2.725936819282186e-05, 5.169998064333188e-07
3114, 1.178097245096172e+00, 5.105088062083414e+00, 3.926990816987241e+00, -4.272512932593430e-05, -1.743821255680855e-05, 1.035736792268073e-06, 5.354887070172354e-07
3115, 1.570796326794897e+00, 5.105088062083414e+00, 3.926990816987241e+00, -6.701858892408061e-05, -1.297921299805812e-10, -2.518628251906343e-05, 5.626205342565964e-07
3116, 1.963495408493621e+00, 5.105088062083414e+00, 3.926990816987241e+00, -4.262688373833956e-05, 1.743797237700264e-05, 1.035887907960496e-06, 5.355019231131365e-07
3117, 2.356194490192345e+00, 5.105088062083414e+00, 3.926990816987241e+00, -1.904190189159255e-05, -9.738485583170407e-11, 2.725965137486999e-05, 5.170248642837439e-07
3118, 2.748893571891069e+00, 5.105088062083414e+00, 3.926990816987241e+00, -4.255304228786506e-05, -1.743815328509962e-05, 1.035987416848085e-06, 5.355095966136875e-07
3119, 3.141592653589793e+00, 5.105088062083414e+00, 3.926990816987241e+00, -6.688146078890416e-05, -1.126021744214132e-11, -2.518609222748650e-05, 5.626356603166771e-07
3120, 3.534291735288517e+00, 5.105088062083414e+00, 3.926990816987241e+00, -4.254449949762357e-05, 1.743813234192623e-05, 1.035999741144499e-06, 5.355106040204611e-07
3121, 3.926990816987241e+00, 5.105088062083414e+00, 3.926990816987241e+00, -1.902601767743642e-05, 8.097741334170074e-11, 2.725967506205252e-05, 5.170268567615259e-07
3122, 4.319689898685965e+00, 5.105088062083414e+00, 3.926990816987241e+00, -4.260591136648184e-05, -1.743798185345028e-05, 1.035920946758036e-06, 5.355048313874961e-07
3123, 4.712388980384690e+00, 5.105088062083414e+00, 3.926990816987241e+00, -6.699555296067142e-05, 1.287790156101519e-10, -2.518624334653810e-05, 5.626241915401690e-07
3124, 5.105088062083414e+00, 5.105088062083414e+00, 3.926990816987241e+00, -4.270344472671730e-05, 1.743822046025497e-05, 1.035777488171585e-06, 5.354927726668840e-07
3125, 5.497787143782138e+00, 5.105088062083414e+00, 3.926990816987241e+00, -1.920667661485246e-05, 1.032608117924907e-10, 2.725940421165805e-05, 5.170036674735806e-07
3126, 5.890486225480862e+00, 5.105088062083414e+00, 3.926990816987241e+00, -4.278137181453819e-05, -1.743803063769881e-05, 1.035634479647258e-06, 5.354785409350546e-07
3127, 6.283185307179586e+00, 5.105088062083414e+00, 3.926990816987241e+00, -6.713873995406609e-05, 1.285654348335799e-11, -2.518650161695528e-05, 5.625988257894323e-07
3128, 0.000000000000000e+00, 5.497787143782138e+00, 3.926990816987241e+00, -4.085172294298392e-04, -1.762498692455542e-13, -6.033022729247590e-05, 1.164046003899152e-06
3129, 3.926990816987241e-01, 5.497787143782138e+00, 3.926990816987241e+00, -3.774583128049145e-04, 2.513315970454864e-05, 6.703600314940410e-07, 1.125347151049215e-06
3130, 7.853981633974483e-01, 5.497787143782138e+00, 3.926990816987241e+00, -3.475398880463476e-04, -2.735403879738150e-11, 6.167033574900211e-05, 1.099970487562942e-06
3131, 1.178097245096172e+00, 5.497787143782138e+00, 3.926990816987241e+00, -3.774367085668015e-04, -2.513321427806944e-05, 6.704584571646123e-07, 1.125365970760270e-06
3132, 1.570796326794897e+00, 5.497787143782138e+00, 3.926990816987241e+00, -4.084735426216192e-04, -5.964536082067120e-11, -6.033005481625763e-05, 1.164078144288884e-06
3133, 1.963495408493621e+00, 5.497787143782138e+00, 3.926990816987241e+00, -3.773918504989001e-04, 2.513310580125678e-05, 6.705789144992075e-07, 1.125386299629016e-06
3134, 2.356194490192345e+00, 5.497787143782138e+00, 3.926990816987241e+00, -3.474581044299588e-04, -5.154896520514351e-11, 6.167056100050287e-05, 1.100008895636627e-06
3135, 2.748893571891069e+00, 5.497787143782138e+00, 3.926990816987241e+00, -3.773532299270256e-04, -2.513319891406028e-05, 6.706585442796622e-07, 1.125398644998115e-06
3136, 3.141592653589793e+00, 5.497787143782138e+00, 3.926990816987241e+00, -4.084037483125440e-04, -5.588038621079044e-12, -6.032990262101277e-05, 1.164102217373361e-06
3137, 3.534291735288517e+00, 5.497787143782138e+00, 3.926990816987241e+00, -3.773490568094207e-04, 2.513318889284275e-05, 6.706684438558636e-07, 1.125400263636382e-06
3138, 3.926990816987241e+00, 5.497787143782138e+00, 3.926990816987241e+00, -3.474506192594801e-04, 4.475030223703013e-11, 6.167058003177209e-05, 1.100012062417773e-06
3139, 4.319689898685965e+00, 5.497787143782138e+00, 3.926990816987241e+00, -3.773825918329040e-04, -2.513310800154118e-05, 6.706054576857694e-07, 1.125390847528096e-06
3140, 4.712388980384690e+00, 5.497787143782138e+00, 3.926990816987241e+00, -4.084643856618918e-04, 6.238116497918725e-11, -6.033002338616281e-05, 1.164083752332883e-06
3141, 5.105088062083414e+00, 5.497787143782138e+00, 3.926990816987241e+00, -3.774294165895798e-04, 2.513322105399595e-05, 6.704909712334532e-07, 1.125372074229716e-06
3142, 5.497787143782138e+00, 5.497787143782138e+00, 3.926990816987241e+00, -3.475356098017058e-04, 3.594364581822304e-11, 6.167036427618563e-05, 1.099976165369266e-06
3143, 5.890486225480862e+00, 5.497787143782138e+00, 3.926990816987241e+00, -3.774570433488585e-04, -2.513315302279967e-05, 6.703782688403365e-07, 1.125351001588348e-06
3144, 6.283185307179586e+00, 5.497787143782138e+00, 3.926990816987241e+00, -4.085172294298392e-04, -1.762498692455542e-13, -6.033022729247590e-05, 1.164046003899152e-06
3145, 0.000000000000000e+00, 5.890486225480862e+00, 3.926990816987241e+00, -5.878509451412992e-04, -9.117229117003104e-12, -9.813582709291291e-05, 1.530919602980668e-06
3146, 3.926990816987241e-01, 5.890486225480862e+00, 3.926990816987241e+00, -5.659655785859889e-04, 1.947689011321776e-05, 3.040339091266380e-07, 1.504746325316994e-06
3147, 7.853981633974483e-01, 5.890486225480862e+00, 3.926990816987241e+00, -5.445150705092797e-04, 1.391883465060902e-11, 9.874125859740600e-05, 1.483369230425247e-06
3148, 1.178097245096172e+00, 5.890486225480862e+00, 3.926990816987241e+00, -5.659744264969355e-04, -1.947687188042271e-05, 3.040901850691204e-07, 1.504769143602723e-06
3149, 1.570796326794897e+00, 5.890486225480862e+00, 3.926990816987241e+00, -5.878603277297843e-04, -9.922643778122707e-12, -9.813572817328474e-05, 1.530958823755664e-06
3150, 1.963495408493621e+00, 5.890486225480862e+00, 3.926990816987241e+00, -5.659673605785164e-04, 1.947685644792836e-05, 3.041620212761503e-07, 1.504794620112094e-06
3151, 2.356194490192345e+00, 5.890486225480862e+00, 3.926990816987241e+00, -5.445038412865137e-04, -1.900627239026452e-11, 9.874139235000490e-05, 1.483417211195110e-06
3152, 2.748893571891069e+00, 5.890486225480862e+00, 3.926990816987241e+00, -5.659537435723726e-04, -1.947688722386617e-05, 3.042095453205427e-07, 1.504810399435158e-06
3153, 3.141592653589793e+00, 5.890486225480862e+00, 3.926990816987241e+00, -5.878383236884364e-04, -1.545843125695019e-12, -9.813563731104880e-05, 1.530989457000562e-06
3154, 3.534291735288517e+00, 5.890486225480862e+00, 3.926990816987241e+00, -5.659526852238790e-04, 1.947688499124890e-05, 3.042154858841565e-07, 1.504812468345742e-06
3155, 3.926990816987241e+00, 5.890486225480862e+00, 3.926990816987241e+00, -5.445023462501001e-04, 1.907189691287678e-11, 9.874140378163863e-05, 1.483421242530085e-06
3156, 4.319689898685965e+00, 5.890486225480862e+00, 3.926990816987241e+00, -5.659664603726532e-04, -1.947685344595532e-05, 3.041779878275753e-07, 1.504800372818856e-06
3157, 4.712388980384690e+00, 5.890486225480862e+00, 3.926990816987241e+00, -5.878610693873539e-04, 1.529130085298806e-11, -9.813570924770335e-05, 1.530965857176415e-06
3158, 5.105088062083414e+00, 5.890486225480862e+00, 3.926990816987241e+00, -5.659773582748926e-04, 1.947687764822417e-05, 3.041097117886863e-07, 1.504776712936617e-06
3159, 5.497787143782138e+00, 5.890486225480862e+00, 3.926990816987241e+00, -5.445197044663150e-04, -1.099154052552770e-11, 9.874127542811850e-05, 1.483376166763966e-06
3160, 5.890486225480862e+00, 5.890486225480862e+00, 3.926990816987241e+00, -5.659699179182137e-04, -1.947689433971964e-05, 3.040439693501905e-07, 1.504750946528784e-06
3161, 6.283185307179586e+00, 5.890486225480862e+00, 3.926990816987241e+00, -5.878509451412992e-04, -9.117229117003104e-12, -9.813582709291291e-05, 1.530919602980668e-06
3162, 0.000000000000000e+00, 6.283185307179586e+00, 3.926990816987241e+00, -6.236759211451352e-04, -1.119470244691829e-11, -1.149777409635787e-04, 1.627739593005960e-06
3163, 3.926990816987241e-01, 6.283185307179586e+00, 3.926990816987241e+00, -6.238048253346368e-04, 2.226326965164001e-11, -1.140335971379999e-10, 1.629687060604267e-06
3164, 7.853981633974483e-01, 6.283185307179586e+00, 3.926990816987241e+00, -6.236893183082434e-04, 3.110102297615673e-11, 1.149775175200422e-04, 1.627752567318791e-06
3165, 1.178097245096172e+00, 6.283185307179586e+00, 3.926990816987241e+00, -6.238263010640676e-04, 2.443895382841904e-11, -1.045791663097866e-10, 1.629711417157591e-06
3166, 1.570796326794897e+00, 6.283185307179586e+00, 3.926990816987241e+00, -6.237072445248652e-04, 1.190140434805218e-11, -1.149777261221908e-04, 1.627781311325991e-06
3167, 1.963495408493621e+00, 6.283185307179586e+00, 3.926990816987241e+00, -6.238357620867250e-04, 8.390309260979733e-13, -9.251241330366807e-11, 1.629739252154543e-06
3168, 2.356194490192345e+00, 6.283185307179586e+00, 3.926990816987241e+00, -6.237088003287851e-04, -4.806456990657690e-12, 1.149775399909077e-04, 1.627804876643041e-06
3169, 2.748893571891069e+00, 6.283185307179586e+00, 3.926990816987241e+00, -6.238330533967942e-04, -4.370642049506212e-12, -8.462187091906422e-11, 1.629756610172467e-06
3170, 3.141592653589793e+00, 6.283185307179586e+00, 3.926990816987241e+00, -6.237061115577071e-04, 2.341080220680511e-13, -1.149777109865169e-04, 1.627814960505684e-06
3171, 3.534291735288517e+00, 6.283185307179586e+00, 3.926990816987241e+00, -6.238333659050800e-04, 5.573624599382411e-12, -8.360128195202067e-11, 1.629758886630382e-06
3172, 3.926990816987241e+00, 6.283185307179586e+00, 3.926990816987241e+00, -6.237099455153187e-04, 7.917451620032926e-12, 1.149775419629483e-04, 1.627809306451548e-06
3173, 4.319689898685965e+00, 6.283185307179586e+00, 3.926990816987241e+00, -6.238385551323638e-04, 4.501300747061073e-12, -8.973792186114726e-11, 1.629745560397592e-06
3174, 4.712388980384690e+00, 6.283185307179586e+00, 3.926990816987241e+00, -6.237123743268365e-04, -5.308612309287663e-12, -1.149777227946195e-04, 1.627789003207548e-06
3175, 5.105088062083414e+00, 6.283185307179586e+00, 3.926990816987241e+00, -6.238337710671028e-04, -1.914370708446866e-11, -1.010766101579007e-10, 1.629719662243307e-06
3176, 5.497787143782138e+00, 6.283185307179586e+00, 3.926990816987241e+00, -6.236978427235333e-04, -3.123487587386198e-11, 1.149775206574653e-04, 1.627760055606092e-06
3177, 5.890486225480862e+00, 6.283185307179586e+00, 3.926990816987241e+00, -6.238113713339990e-04, -3.270543383896850e-11, -1.119936681880428e-10, 1.629691920719370e-06
3178, 6.283185307179586e+00, 6.283185307179586e+00, 3.926990816987241e+00, -6.236759211451352e-04, -1.119470244691829e-11, -1.149777409635787e-04, 1.627739593005960e-06
3179, 0.000000000000000e+00, 0.000000000000000e+00, 4.319689898685965e+00, -1.459022637141986e-03, -1.467053309899852e-11, -2.266793774432258e-03, 2.632387992029347e-06
3180, 3.926990816987241e-01, 0.000000000000000e+00, 4.319689898685965e+00, -1.459967629240721e-03, 3.092889722012267e-11, -1.237417757044778e-10, 2.641473405431986e-06
3181, 7.853981633974483e-01, 0.000000000000000e+00, 4.319689898685965e+00, -1.459041918762188e-03, 4.645862756354386e-11, 2.266793532093811e-03, 2.632405528778386e-06
3182, 1.178097245096172e+00, 0.000000000000000e+00, 4.319689898685965e+00, -1.460000317188103e-03, 4.205438335531672e-11, -1.137499381043069e-10, 2.641506170183788e-06
3183, 1.570796326794897e+00, 0.000000000000000e+00, 4.319689898685965e+00, -1.459073057069634e-03, 2.872686781282254e-11, -2.266793758999878e-03, 2.632444073946859e-06
3184, 1.963495408493621e+00, 0.000000000000000e+00, 4.319689898685965e+00, -1.460022590514423e-03, 1.500085617251317e-11, -1.009405038376827e-10, 2.641543575690954e-06
3185, 2.356194490192345e+00, 0.000000000000000e+00, 4.319689898685965e+00, -1.459085492881312e-03, 5.596660645564719e-12, 2.266793555946593e-03, 2.632475913755250e-06
3186, 2.748893571891069e+00, 0.000000000000000e+00, 4.319689898685965e+00, -1.460027912679735e-03, 1.666372091966077e-12, -9.253898332961362e-11, 2.641567127378202e-06
3187, 3.141592653589793e+00, 0.000000000000000e+00, 4.319689898685965e+00, -1.459087474570002e-03, 1.610900715677776e-12, -2.266793742885881e-03, 2.632489630468728e-06
3188, 3.534291735288517e+00, 0.000000000000000e+00, 4.319689898685965e+00, -1.460029289589357e-03, 2.215512243306394e-12, -9.144830288095115e-11, 2.641570275239514e-06
3189, 3.926990816987241e+00, 0.000000000000000e+00, 4.319689898685965e+00, -1.459088705420539e-03, -4.413723830995891e-14, 2.266793558051372e-03, 2.632482017645936e-06
3190, 4.319689898685965e+00, 0.000000000000000e+00, 4.319689898685965e+00, -1.460028319485148e-03, -7.665192743729636e-12, -9.798135403049180e-11, 2.641552223041618e-06
3191, 4.712388980384690e+00, 0.000000000000000e+00, 4.319689898685965e+00, -1.459081756741848e-03, -2.089051060705466e-11, -2.266793755456223e-03, 2.632454563217045e-06
3192, 5.105088062083414e+00, 0.000000000000000e+00, 4.319689898685965e+00, -1.460011606961699e-03, -3.673443062961724e-11, -1.100265195856548e-10, 2.641517379469535e-06
3193, 5.497787143782138e+00, 0.000000000000000e+00, 4.319689898685965e+00, -1.459053912447288e-03, -4.844691356787154e-11, 2.266793535430833e-03, 2.632415715237804e-06
3194, 5.890486225480862e+00, 0.000000000000000e+00, 4.319689898685965e+00, -1.459976430427854e-03, -4.579959863842178e-11, -1.215674758592963e-10, 2.641480038818172e-06
3195, 6.283185307179586e+00, 0.000000000000000e+00, 4.319689898685965e+00, -1.459022637141986e-03, -1.467053309899852e-11, -2.266793774432258e-03, 2.632387992029347e-06
3196, 0.000000000000000e+00, 3.926990816987241e-01, 4.319689898685965e+00, -1.348571999568556e-03, -1.527148929277380e-11, -1.941652833689372e-03, 2.658550263152701e-06
3197, 3.926990816987241e-01, 3.926990816987241e-01, 4.319689898685965e+00, -1.321407703948857e-03, -3.859430622509373e-04, -7.183660719598004e-07, 2.353427607412885e-06
3198, 7.853981633974483e-01, 3.926990816987241e-01, 4.319689898685965e+00, -1.296769140281638e-03, 3.860534138278560e-11, 1.940235311203874e-03, 2.065769319944690e-06
3199, 1.178097245096172e+00, 3.926990816987241e-01, 4.319689898685965e+00, -1.321434592805150e-03, 3.859431228151101e-04, -7.184069689063775e-07, 2.353459305102866e-06
3200, 1.570796326794897e+00, 3.926990816987241e-01, 4.319689898685965e+00, -1.348612068345205e-03, 1.805065362816087e-11, -1.941652904206367e-03, 2.658604647498903e-06
3201, 1.963495408493621e+00, 3.926990816987241e-01, 4.319689898685965e+00, -1.321448830476897e-03, -3.859430855869179e-04, -7.184604730234636e-07, 2.353494913445675e-06
3202, 2.356194490192345e+00, 3.926990816987241e-01, 4.319689898685965e+00, -1.296797856057603e-03, -1.381280872619189e-12, 1.940235211803651e-03, 2.065836434631126e-06
3203, 2.748893571891069e+00, 3.926990816987241e-01, 4.319689898685965e+00, -1.321448810388082e-03, 3.859430888808052e-04, -7.184959806005851e-07, 2.353517260608211e-06
3204, 3.141592653589793e+00, 3.926990816987241e-01, 4.319689898685965e+00, -1.348616282597943e-03, 7.577045024683553e-13, -1.941652972036043e-03, 2.658647901838948e-06
3205, 3.534291735288517e+00, 3.926990816987241e-01, 4.319689898685965e+00, -1.321449533571598e-03, -3.859430866415316e-04, -7.185003810937936e-07, 2.353520249879018e-06
3206, 3.926990816987241e+00, 3.926990816987241e-01, 4.319689898685965e+00, -1.296799812915661e-03, 5.489459215270057e-12, 1.940235203342047e-03, 2.065842234769825e-06
3207, 4.319689898685965e+00, 3.926990816987241e-01, 4.319689898685965e+00, -1.321452811819348e-03, 3.859430918356824e-04, -7.184722676563077e-07, 2.353503139159666e-06
3208, 4.712388980384690e+00, 3.926990816987241e-01, 4.319689898685965e+00, -1.348618710869619e-03, -1.073088999104567e-11, -1.941652918136100e-03, 2.658614641018656e-06
3209, 5.105088062083414e+00, 3.926990816987241e-01, 4.319689898685965e+00, -1.321443800234523e-03, -3.859431170896963e-04, -7.184212304637858e-07, 2.353470018496901e-06
3210, 5.497787143782138e+00, 3.926990816987241e-01, 4.319689898685965e+00, -1.296779464758611e-03, -3.861516654633314e-11, 1.940235299156607e-03, 2.065779142349125e-06
3211, 5.890486225480862e+00, 3.926990816987241e-01, 4.319689898685965e+00, -1.321415798107723e-03, 3.859430511402843e-04, -7.183728815549736e-07, 2.353434178224362e-06
3212, 6.283185307179586e+00, 3.926990816987241e-01, 4.319689898685965e+00, -1.348571999568556e-03, -1.527148929277380e-11, -1.941652833689372e-03, 2.658550263152701e-06
3213, 0.000000000000000e+00, 7.853981633974483e-01, 4.319689898685965e+00, -9.461818842028833e-04, -7.810709793772287e-12, -1.204708789350808e-03, 2.011800113445097e-06
3214, 3.926990816987241e-01, 7.853981633974483e-01, 4.319689898685965e+00, -9.070786466807524e-04, -4.982229450161999e-04, -1.404149932900761e-06, 1.574586942120923e-06
3215, 7.853981633974483e-01, 7.853981633974483e-01, 4.319689898685965e+00, -8.749171397019621e-04, 3.872497461564996e-12, 1.201906151234252e-03, 1.187766084217841e-06
3216, 1.178097245096172e+00, 7.853981633974483e-01, 4.319689898685965e+00, -9.070799304873816e-04, 4.982229446984474e-04, -1.404239352851694e-06, 1.574614029588026e-06
3217, 1.570796326794897e+00, 7.853981633974483e-01, 4.319689898685965e+00, -9.461774294952372e-04, -2.445356930374686e-11, -1.204708945862547e-03, 2.011846374319366e-06
3218, 1.963495408493621e+00, 7.853981633974483e-01, 4.319689898685965e+00, -9.070618856621850e-04, -4.982229868934427e-04, -1.404350110656009e-06, 1.574643432928593e-06
3219, 2.356194490192345e+00, 7.853981633974483e-01, 4.319689898685965e+00, -8.748856757725561e-04, -2.924894729060123e-11, 1.201905944341966e-03, 1.187821688698360e-06
3220, 2.748893571891069e+00, 7.853981633974483e-01, 4.319689898685965e+00, -9.070404575002975e-04, 4.982229368226866e-04, -1.404423481303715e-06, 1.574661560936197e-06
3221, 3.141592653589793e+00, 7.853981633974483e-01, 4.319689898685965e+00, -9.461407444538848e-04, -2.692236939654701e-12, -1.204709086026051e-03, 2.011881600575506e-06
3222, 3.534291735288517e+00, 7.853981633974483e-01, 4.319689898685965e+00, -9.070385232129125e-04, -4.982229412262717e-04, -1.404432593599757e-06, 1.574663990503187e-06
3223, 3.926990816987241e+00, 7.853981633974483e-01, 4.319689898685965e+00, -8.748825252319741e-04, 2.751520126116247e-11, 1.201905926828998e-03, 1.187826419540336e-06
3224, 4.319689898685965e+00, 7.853981633974483e-01, 4.319689898685965e+00, -9.070587486063518e-04, 4.982229887380641e-04, -1.404374517934236e-06, 1.574650181150735e-06
3225, 4.712388980384690e+00, 7.853981633974483e-01, 4.319689898685965e+00, -9.461756591342828e-04, 2.959526365343335e-11, -1.204708974731926e-03, 2.011854639364286e-06
3226, 5.105088062083414e+00, 7.853981633974483e-01, 4.319689898685965e+00, -9.070804815657006e-04, -4.982229379976727e-04, -1.404269173395120e-06, 1.574622988790255e-06
3227, 5.497787143782138e+00, 7.853981633974483e-01, 4.319689898685965e+00, -8.749199699220718e-04, 1.049904667876297e-12, 1.201906125127217e-03, 1.187774424133698e-06
3228, 5.890486225480862e+00, 7.853981633974483e-01, 4.319689898685965e+00, -9.070820696397779e-04, 4.982229430468901e-04, -1.404166599081546e-06, 1.574592622749764e-06
3229, 6.283185307179586e+00, 7.853981633974483e-01, 4.319689898685965e+00, -9.461818842028833e-04, -7.810709793772287e-12, -1.204708789350808e-03, 2.011800113445097e-06
3230, 0.000000000000000e+00, 1.178097245096172e+00, 4.319689898685965e+00, -2.865053432589430e-04, 4.828425043652102e-12, -5.198481015969874e-04, 8.802746652029271e-07
3231, 3.926990816987241e-01, 1.178097245096172e+00, 4.319689898685965e+00, -2.576612313030997e-04, -3.458980121023700e-04, -1.891798298066969e-06, 5.501531106740260e-07
3232, 7.853981633974483e-01, 1.178097245096172e+00, 4.319689898685965e+00, -2.334214571934463e-04, -5.344526540864906e-11, 5.160550752019352e-04, 2.502898031057641e-07
3233, 1.178097245096172e+00, 1.178097245096172e+00, 4.319689898685965e+00, -2.576202931407734e-04, 3.458979111254363e-04, -1.891923462238233e-06, 5.501724923300394e-07
3234, 1.570796326794897e+00, 1.178097245096172e+00, 4.319689898685965e+00, -2.864276138233791e-04, -9.215099452372317e-11, -5.198483201231195e-04, 8.803074551563977e-07
3235, 1.963495408493621e+00, 1.178097245096172e+00, 4.319689898685965e+00, -2.575507430390051e-04, -3.458980803228177e-04, -1.892074718040426e-06, 5.501924500317774e-07
3236, 2.356194490192345e+00, 1.178097245096172e+00, 4.319689898685965e+00, -2.332936213250606e-04, -7.354990338531339e-11, 5.160547918558931e-04, 2.503277026340590e-07
3237, 2.748893571891069e+00, 1.178097245096172e+00, 4.319689898685965e+00, -2.574952781461128e-04, 3.458979454179976e-04, -1.892174472633478e-06, 5.502042097278026e-07
3238, 3.141592653589793e+00, 1.178097245096172e+00, 4.319689898685965e+00, -2.863258778677122e-04, -8.178886453230799e-12, -5.198485108214263e-04, 8.803305542674665e-07
3239, 3.534291735288517e+00, 1.178097245096172e+00, 4.319689898685965e+00, -2.574891176908091e-04, -3.458979603827118e-04, -1.892186853228850e-06, 5.502057936791837e-07
3240, 3.926990816987241e+00, 1.178097245096172e+00, 4.319689898685965e+00, -2.332823499653485e-04, 6.253334607010285e-11, 5.160547680629160e-04, 2.503308190283499e-07
3241, 4.319689898685965e+00, 1.178097245096172e+00, 4.319689898685965e+00, -2.575362847064179e-04, 3.458980751469924e-04, -1.892107898422519e-06, 5.501969669335276e-07
3242, 4.712388980384690e+00, 1.178097245096172e+00, 4.319689898685965e+00, -2.864124344713168e-04, 9.368237573461410e-11, -5.198483594654373e-04, 8.803130984804282e-07
3243, 5.105088062083414e+00, 1.178097245096172e+00, 4.319689898685965e+00, -2.576069422905650e-04, -3.458979033323658e-04, -1.891964359722838e-06, 5.501787445239258e-07
3244, 5.497787143782138e+00, 1.178097245096172e+00, 4.319689898685965e+00, -2.334120209383853e-04, 6.556168801902099e-11, 5.160550389573219e-04, 2.502957472461782e-07
3245, 5.890486225480862e+00, 1.178097245096172e+00, 4.319689898685965e+00, -2.576567539872673e-04, 3.458980251587942e-04, -1.891821744307179e-06, 5.501572282845492e-07
3246, 6.283185307179586e+00, 1.178097245096172e+00, 4.319689898685965e+00, -2.865053432589430e-04, 4.828425043652102e-12, -5.198481015969874e-04, 8.802746652029271e-07
3247, 0.000000000000000e+00, 1.570796326794897e+00, 4.319689898685965e+00, 5.034602387894173e-04, 2.044879868193081e-11, -1.437657017838085e-04, -2.888009992614232e-07
3248, 3.926990816987241e-01, 1.570796326794897e+00, 4.319689898685965e+00, 5.138453995301669e-04, -1.416289036143649e-04, -2.019286707173631e-06, -4.183234156831426e-07
3249, 7.853981633974483e-01, 1.570796326794897e+00, 4.319689898685965e+00, 5.231292179957768e-04, -1.246641449725979e-10, 1.397204731667509e-04, -5.417434924225838e-07
3250, 1.178097245096172e+00, 1.570796326794897e+00, 4.319689898685965e+00, 5.139387386722138e-04, 1.416286779354085e-04, -2.019427939452169e-06, -4.183136179050309e-07
3251, 1.570796326794897e+00, 1.570796326794897e+00, 4.319689898685965e+00, 5.036286630099526e-04, -1.748390477076357e-10, -1.437659477874219e-04, -2.887848163589681e-07
3252, 1.963495408493621e+00, 1.570796326794897e+00, 4.319689898685965e+00, 5.140712510228989e-04, -1.416290025877767e-04, -2.019596916821395e-06, -4.183048827854923e-07
3253, 2.356194490192345e+00, 1.570796326794897e+00, 4.319689898685965e+00, 5.233750678818786e-04, -1.274407587660372e-10, 1.397201562969780e-04, -5.417267404696370e-07
3254, 2.748893571891069e+00, 1.570796326794897e+00, 4.319689898685965e+00, 5.141681349584257e-04, 1.416287644197939e-04, -2.019707843049872e-06, -4.183005876239275e-07
3255, 3.141592653589793e+00, 1.570796326794897e+00, 4.319689898685965e+00, 5.038096214845421e-04, -1.484782448565609e-11, -1.437661600393994e-04, -2.887759651233835e-07
3256, 3.534291735288517e+00, 1.570796326794897e+00, 4.319689898685965e+00, 5.141794329789240e-04, -1.416287922229147e-04, -2.019721593423390e-06, -4.182999941136949e-07
3257, 3.926990816987241e+00, 1.570796326794897e+00, 4.319689898685965e+00, 5.233962138436880e-04, 1.051268023344589e-10, 1.397201298613321e-04, -5.417255161057591e-07
3258, 4.319689898685965e+00, 1.570796326794897e+00, 4.319689898685965e+00, 5.140994881947912e-04, 1.416289888163014e-04, -2.019633824148049e-06, -4.183029870651610e-07
3259, 4.712388980384690e+00, 1.570796326794897e+00, 4.319689898685965e+00, 5.036602005635952e-04, 1.718186722246135e-10, -1.437659916467436e-04, -2.887822724284524e-07
3260, 5.105088062083414e+00, 1.570796326794897e+00, 4.319689898685965e+00, 5.139691263962132e-04, -1.416286690629004e-04, -2.019473683944724e-06, -4.183106067462122e-07
3261, 5.497787143782138e+00, 1.570796326794897e+00, 4.319689898685965e+00, 5.231537808594266e-04, 1.454235592947039e-10, 1.397204324970369e-04, -5.417404686566172e-07
3262, 5.890486225480862e+00, 1.570796326794897e+00, 4.319689898685965e+00, 5.138596615537766e-04, 1.416289352632904e-04, -2.019313020901178e-06, -4.183212304750034e-07
3263, 6.283185307179586e+00, 1.570796326794897e+00, 4.319689898685965e+00, 5.034602387894173e-04, 2.044879868193081e-11, -1.437657017838085e-04, -2.888009992614232e-07
3264, 0.000000000000000e+00, 1.963495408493621e+00, 4.319689898685965e+00, 1.263264669013474e-03, 3.653760980702428e-11, -2.236521292031122e-05, -1.146597849402400e-06
3265, 3.926990816987241e-01, 1.963495408493621e+00, 4.319689898685965e+00, 1.261546516132365e-03, -3.076744363433315e-05, -1.781522242426886e-06, -1.135885865865295e-06
3266, 7.853981633974483e-01, 1.963495408493621e+00, 4.319689898685965e+00, 1.259948624047920e-03, -1.985397576198042e-10, 1.880123912824901e-05, -1.125677891663941e-06
3267, 1.178097245096172e+00, 1.963495408493621e+00, 4.319689898685965e+00, 1.261694180060916e-03, 3.076708883929978e-05, -1.781657270999867e-06, -1.135885954237117e-06
3268, 1.570796326794897e+00, 1.963495408493621e+00, 4.319689898685965e+00, 1.263526993491559e-03, -2.600396867726274e-10, -2.236544791772630e-05, -1.146598718991745e-06
3269, 1.963495408493621e+00, 1.963495408493621e+00, 4.319689898685965e+00, 1.261891583471890e-03, -3.076757378052200e-05, -1.781818312338133e-06, -1.135888570932094e-06
3270, 2.356194490192345e+00, 1.963495408493621e+00, 4.319689898685965e+00, 1.260316165842607e-03, -1.827429723770881e-10, 1.880093710049457e-05, -1.125682569816430e-06
3271, 2.748893571891069e+00, 1.963495408493621e+00, 4.319689898685965e+00, 1.262030987531717e-03, 3.076722955724462e-05, -1.781923660367468e-06, -1.135891731400477e-06
3272, 3.141592653589793e+00, 1.963495408493621e+00, 4.319689898685965e+00, 1.263789346723006e-03, -2.168447803424014e-11, -2.236564965494196e-05, -1.146604135472591e-06
3273, 3.534291735288517e+00, 1.963495408493621e+00, 4.319689898685965e+00, 1.262047553613977e-03, -3.076727052779789e-05, -1.781936705813846e-06, -1.135892125486463e-06
3274, 3.926990816987241e+00, 1.963495408493621e+00, 4.319689898685965e+00, 1.260347442544637e-03, 1.488191383022822e-10, 1.880091200597887e-05, -1.125683234711107e-06
3275, 4.319689898685965e+00, 1.963495408493621e+00, 4.319689898685965e+00, 1.261933972191939e-03, 3.076755112806046e-05, -1.781853384331289e-06, -1.135889300709322e-06
3276, 4.712388980384690e+00, 1.963495408493621e+00, 4.319689898685965e+00, 1.263575361040651e-03, 2.522459276613203e-10, -2.236548965496006e-05, -1.146599296572611e-06
3277, 5.105088062083414e+00, 1.963495408493621e+00, 4.319689898685965e+00, 1.261742132672579e-03, -3.076707894315807e-05, -1.781700856172887e-06, -1.135886231092010e-06
3278, 5.497787143782138e+00, 1.963495408493621e+00, 4.319689898685965e+00, 1.259988804459857e-03, 2.282029365248520e-10, 1.880120036903023e-05, -1.125677849455687e-06
3279, 5.890486225480862e+00, 1.963495408493621e+00, 4.319689898685965e+00, 1.261570875361077e-03, 3.076749451508072e-05, -1.781547288923858e-06, -1.135885657355079e-06
3280, 6.283185307179586e+00, 1.963495408493621e+00, 4.319689898685965e+00, 1.263264669013474e-03, 3.653760980702428e-11, -2.236521292031122e-05, -1.146597849402400e-06
3281, 0.000000000000000e+00, 2.356194490192345e+00, 4.319689898685965e+00, 1.868638535411023e-03, 5.061733332183437e-11, -2.321283436801255e-06, -1.617424347990363e-06
3282, 3.926990816987241e-01, 2.356194490192345e+00, 4.319689898685965e+00, 1.864352422710571e-03, -2.499967077819954e-06, -1.291009342928871e-06, -1.569061136830486e-06
3283, 7.853981633974483e-01, 2.356194490192345e+00, 4.319689898685965e+00, 1.860235498005249e-03, -2.634825584629790e-10, -2.603018778279052e-07, -1.521158508352731e-06
3284, 1.178097245096172e+00, 2.356194490192345e+00, 4.319689898685965e+00, 1.864547835540824e-03, 2.499498850421526e-06, -1.291117168255158e-06, -1.569069842829176e-06
3285, 1.570796326794897e+00, 2.356194490192345e+00, 4.319689898685965e+00, 1.868983361888665e-03, -3.347949863924114e-10, -2.321471058505202e-06, -1.617440055950188e-06
3286, 1.963495408493621e+00, 2.356194490192345e+00, 4.319689898685965e+00, 1.864802173744231e-03, -2.500124430605775e-06, -1.291245681577432e-06, -1.569082280648042e-06
3287, 2.356194490192345e+00, 2.356194490192345e+00, 4.319689898685965e+00, 1.860709810328198e-03, -2.311189014447755e-10, -2.605428668785390e-07, -1.521181731155965e-06
3288, 2.748893571891069e+00, 2.356194490192345e+00, 4.319689898685965e+00, 1.864978783916178e-03, 2.499687369412156e-06, -1.291329569575191e-06, -1.569091831421474e-06
3289, 3.141592653589793e+00, 2.356194490192345e+00, 4.319689898685965e+00, 1.869316981829973e-03, -2.766141827726728e-11, -2.321631786163179e-06, -1.617457727245656e-06
3290, 3.534291735288517e+00, 2.356194490192345e+00, 4.319689898685965e+00, 1.864999956701526e-03, -2.499739857855922e-06, -1.291339955690205e-06, -1.569093070521618e-06
3291, 3.926990816987241e+00, 2.356194490192345e+00, 4.319689898685965e+00, 1.860749950662433e-03, 1.870211617630663e-10, -2.605628554849458e-07, -1.521184015178077e-06
3292, 4.319689898685965e+00, 2.356194490192345e+00, 4.319689898685965e+00, 1.864856954547731e-03, 2.500093969447081e-06, -1.291273637262475e-06, -1.569085266900962e-06
3293, 4.712388980384690e+00, 2.356194490192345e+00, 4.319689898685965e+00, 1.869046481375550e-03, 3.227816947039106e-10, -2.321504349254166e-06, -1.617443326572288e-06
3294, 5.105088062083414e+00, 2.356194490192345e+00, 4.319689898685965e+00, 1.864611194770742e-03, -2.499488069578574e-06, -1.291151941565955e-06, -1.569072967077760e-06
3295, 5.497787143782138e+00, 2.356194490192345e+00, 4.319689898685965e+00, 1.860289375657915e-03, 3.009770200360643e-10, -2.603327872908134e-07, -1.521161053752682e-06
3296, 5.890486225480862e+00, 2.356194490192345e+00, 4.319689898685965e+00, 1.864385628785916e-03, 2.500034841877214e-06, -1.291029297202417e-06, -1.569062643574617e-06
3297, 6.283185307179586e+00, 2.356194490192345e+00, 4.319689898685965e+00, 1.868638535411023e-03, 5.061733332183437e-11, -2.321283436801255e-06, -1.617424347990363e-06
3298, 0.000000000000000e+00, 2.748893571891069e+00, 4.319689898685965e+00, 2.250726420360007e-03, 6.056380693251280e-11, -6.651457175417407e-07, -1.808956408684110e-06
3299, 3.926990816987241e-01, 2.748893571891069e+00, 4.319689898685965e+00, 2.248486116150547e-03, -1.556683219229522e-08, -6.699666208653943e-07, -1.780119796013868e-06
3300, 7.853981633974483e-01, 2.748893571891069e+00, 4.319689898685965e+00, 2.246335378292605e-03, -3.094437015558243e-10, -6.746058937381169e-07, -1.751344420673193e-06
3301, 1.178097245096172e+00, 2.748893571891069e+00, 4.319689898685965e+00, 2.248715321078964e-03, 1.501833922862556e-08, -6.700306732853723e-07, -1.780134532471115e-06
3302, 1.570796326794897e+00, 2.748893571891069e+00, 4.319689898685965e+00, 2.251129629561784e-03, -3.876810124224230e-10, -6.652571642184506e-07, -1.808982492782998e-06
3303, 1.963495408493621e+00, 2.748893571891069e+00, 4.319689898685965e+00, 2.249009935609185e-03, -1.574340056844675e-08, -6.701069980438454e-07, -1.780153819350752e-06
3304, 2.356194490192345e+00, 2.748893571891069e+00, 4.319689898685965e+00, 2.246885212315145e-03, -2.652788509203336e-10, -6.747490023442569e-07, -1.751380574198562e-06
3305, 2.748893571891069e+00, 2.748893571891069e+00, 4.319689898685965e+00, 2.249212823643945e-03, 1.524075130471811e-08, -6.701567584367347e-07, -1.780167798746736e-06
3306, 3.141592653589793e+00, 2.748893571891069e+00, 4.319689898685965e+00, 2.251513604469395e-03, -3.188497053952961e-11, -6.653525378780572e-07, -1.809008669687734e-06
3307, 3.534291735288517e+00, 2.748893571891069e+00, 4.319689898685965e+00, 2.249237252264479e-03, -1.530138213346829e-08, -6.701629323881484e-07, -1.780169623064326e-06
3308, 3.926990816987241e+00, 2.748893571891069e+00, 4.319689898685965e+00, 2.246931619433797e-03, 2.139803983224433e-10, -6.747608876174872e-07, -1.751383981119865e-06
3309, 4.319689898685965e+00, 2.748893571891069e+00, 4.319689898685965e+00, 2.249073482231073e-03, 1.570740417889916e-08, -6.701236258613156e-07, -1.780158373954359e-06
3310, 4.712388980384690e+00, 2.748893571891069e+00, 4.319689898685965e+00, 2.251203188441481e-03, 3.726741136099077e-10, -6.652769690018894e-07, -1.808987640024713e-06
3311, 5.105088062083414e+00, 2.748893571891069e+00, 4.319689898685965e+00, 2.248789583800268e-03, -1.500692735109600e-08, -6.700513577997926e-07, -1.780139645286685e-06
3312, 5.497787143782138e+00, 2.748893571891069e+00, 4.319689898685965e+00, 2.246398945912419e-03, 3.524941028814073e-10, -6.746242721170570e-07, -1.751348775328821e-06
3313, 5.890486225480862e+00, 2.748893571891069e+00, 4.319689898685965e+00, 2.248525576277039e-03, 1.564654588801718e-08, -6.699784785875322e-07, -1.780122502150323e-06
3314, 6.283185307179586e+00, 2.748893571891069e+00, 4.319689898685965e+00, 2.250726420360007e-03, 6.056380693251280e-11, -6.651457175417407e-07, -1.808956408684110e-06
3315, 0.000000000000000e+00, 3.141592653589793e+00, 4.319689898685965e+00, 2.379596384503997e-03, 6.489240616702520e-11, 6.348839819211913e-09, -1.840750911710052e-06
3316, 3.926990816987241e-01, 3.141592653589793e+00, 4.319689898685965e+00, 2.379624060996533e-03, -1.811047052351466e-10, 1.072487462398049e-10, -1.840765504431656e-06
3317, 7.853981633974483e-01, 3.141592653589793e+00, 4.319689898685965e+00, 2.379721682279439e-03, -3.293832720466027e-10, -6.137505594395094e-09, -1.840759964184220e-06
3318, 1.178097245096172e+00, 3.141592653589793e+00, 4.319689898685965e+00, 2.379867924590188e-03, -4.022019021038817e-10, 9.674097235041062e-11, -1.840782782459190e-06
3319, 1.570796326794897e+00, 3.141592653589793e+00, 4.319689898685965e+00, 2.380024912710410e-03, -4.106041811865313e-10, 6.330584207502323e-09, -1.840781363253811e-06
3320, 1.963495408493621e+00, 3.141592653589793e+00, 4.319689898685965e+00, 2.380179996646114e-03, -3.659787809405266e-10, 8.427875207804574e-11, -1.840804937984328e-06
3321, 2.356194490192345e+00, 3.141592653589793e+00, 4.319689898685965e+00, 2.380304250617663e-03, -2.800670616109475e-10, -6.160883134229806e-09, -1.840801535442292e-06
3322, 2.748893571891069e+00, 3.141592653589793e+00, 4.319689898685965e+00, 2.380394262653650e-03, -1.650761212606694e-10, 7.617209163158633e-11, -1.840820761589275e-06
3323, 3.141592653589793e+00, 3.141592653589793e+00, 4.319689898685965e+00, 2.380430698734001e-03, -3.372455356196626e-11, 6.315029324112968e-09, -1.840811087150085e-06
3324, 3.534291735288517e+00, 3.141592653589793e+00, 4.319689898685965e+00, 2.380420109451465e-03, 1.008982633903630e-10, 7.513284883152758e-11, -1.840822830593888e-06
3325, 3.926990816987241e+00, 3.141592653589793e+00, 4.319689898685965e+00, 2.380353387780525e-03, 2.256306492113706e-10, -6.162883322955051e-09, -1.840805412382256e-06
3326, 4.319689898685965e+00, 3.141592653589793e+00, 4.319689898685965e+00, 2.380247362460384e-03, 3.275698614464029e-10, 8.148166268945030e-11, -1.840810150348153e-06
3327, 4.712388980384690e+00, 3.141592653589793e+00, 4.319689898685965e+00, 2.380103019993391e-03, 3.942939160074052e-10, 6.327254906883206e-09, -1.840787299703431e-06
3328, 5.105088062083414e+00, 3.141592653589793e+00, 4.319689898685965e+00, 2.379946937095754e-03, 4.138920422728765e-10, 9.326633308152874e-11, -1.840788734211746e-06
3329, 5.497787143782138e+00, 3.141592653589793e+00, 4.319689898685965e+00, 2.379789469652430e-03, 3.748573917119594e-10, -6.140591138483432e-09, -1.840765084470824e-06
3330, 5.890486225480862e+00, 3.141592653589793e+00, 4.319689898685965e+00, 2.379666243588753e-03, 2.660229959911550e-10, 1.052583420012845e-10, -1.840768719425023e-06
3331, 6.283185307179586e+00, 3.141592653589793e+00, 4.319689898685965e+00, 2.379596384503997e-03, 6.489240616702520e-11, 6.348839819211913e-09, -1.840750911710052e-06
3332, 0.000000000000000e+00, 3.534291735288517e+00, 4.319689898685965e+00, 2.246135644492674e-03, 6.296232334921020e-11, 6.747728339803326e-07, -1.751320133771021e-06
3333, 3.926990816987241e-01, 3.534291735288517e+00, 4.319689898685965e+00, 2.248404785373409e-03, 1.522133781265398e-08, 6.701658786831690e-07, -1.780103307700372e-06
3334, 7.853981633974483e-01, 3.534291735288517e+00, 4.319689898685965e+00, 2.250765986796725e-03, -3.202637317374765e-10, 6.653714450463431e-07, -1.808948087679488e-06
3335, 1.178097245096172e+00, 3.534291735288517e+00, 4.319689898685965e+00, 2.248641939872070e-03, -1.578869953075482e-08, 6.702105116047347e-07, -1.780119258971632e-06
3336, 1.570796326794897e+00, 3.534291735288517e+00, 4.319689898685965e+00, 2.246552563698760e-03, -4.000582138562009e-10, 6.748505464561563e-07, -1.751348292720147e-06
3337, 1.963495408493621e+00, 3.534291735288517e+00, 4.319689898685965e+00, 2.248945982557457e-03, 1.504034265280000e-08, 6.702638106713251e-07, -1.780139877390766e-06
3338, 2.356194490192345e+00, 3.534291735288517e+00, 4.319689898685965e+00, 2.251333507869538e-03, -2.732507893412032e-10, 6.654713529260413e-07, -1.808986764313599e-06
3339, 2.748893571891069e+00, 3.534291735288517e+00, 4.319689898685965e+00, 2.249155006574412e-03, -1.555831791667652e-08, 6.702985767882839e-07, -1.780154701360165e-06
3340, 3.141592653589793e+00, 3.534291735288517e+00, 4.319689898685965e+00, 2.246948310803050e-03, -3.290586404019078e-11, 6.749171571098886e-07, -1.751376099380910e-06
3341, 3.534291735288517e+00, 3.534291735288517e+00, 4.319689898685965e+00, 2.249180222161944e-03, 1.549571895093167e-08, 6.703028263068366e-07, -1.780156641012763e-06
3342, 3.926990816987241e+00, 3.534291735288517e+00, 4.319689898685965e+00, 2.251381429664413e-03, 2.202123314502291e-10, 6.654795341671862e-07, -1.808990392985937e-06
3343, 4.319689898685965e+00, 3.534291735288517e+00, 4.319689898685965e+00, 2.249011647404937e-03, -1.507767469076205e-08, 6.702752582977699e-07, -1.780144743329342e-06
3344, 4.712388980384690e+00, 3.534291735288517e+00, 4.319689898685965e+00, 2.246628644005612e-03, 3.843322862968870e-10, 6.748641845491799e-07, -1.751353816205698e-06
3345, 5.105088062083414e+00, 3.534291735288517e+00, 4.319689898685965e+00, 2.248718834345264e-03, 1.580026855223029e-08, 6.702247588704439e-07, -1.780124776415789e-06
3346, 5.497787143782138e+00, 3.534291735288517e+00, 4.319689898685965e+00, 2.250831891778938e-03, 3.646574834501705e-10, 6.653841053322206e-07, -1.808952817063942e-06
3347, 5.890486225480862e+00, 3.534291735288517e+00, 4.319689898685965e+00, 2.248445753532890e-03, -1.513874215380658e-08, 6.701740464234257e-07, -1.780106266657691e-06
3348, 6.283185307179586e+00, 3.534291735288517e+00, 4.319689898685965e+00, 2.246135644492674e-03, 6.296232334921020e-11, 6.747728339803326e-07, -1.751320133771021e-06
3349, 0.000000000000000e+00, 3.926990816987241e+00, 4.319689898685965e+00, 1.859983161401558e-03, 5.506499604401527e-11, 2.604008747510068e-07, -1.521123168332428e-06
3350, 3.926990816987241e-01, 3.926990816987241e+00, 4.319689898685965e+00, 1.864201345296736e-03, 2.499669203090310e-06, 1.291164908669780e-06, -1.569030387342930e-06
3351, 7.853981633974483e-01, 3.926990816987241e+00, 4.319689898685965e+00, 1.868593327787170e-03, -2.834753605666041e-10, 2.321491093938190e-06, -1.617398867952202e-06
3352, 1.178097245096172e+00, 3.926990816987241e+00, 4.319689898685965e+00, 1.864411446290158e-03, -2.500172294594848e-06, 1.291257880028862e-06, -1.569041331905380e-06
3353, 1.570796326794897e+00, 3.926990816987241e+00, 4.319689898685965e+00, 1.860353317020641e-03, -3.576627849236321e-10, 2.605626959206558e-07, -1.521142701719618e-06
3354, 1.963495408493621e+00, 3.926990816987241e+00, 4.319689898685965e+00, 1.864683204847516e-03, 2.499503667185497e-06, 1.291368773077283e-06, -1.569056229268964e-06
3355, 2.356194490192345e+00, 3.926990816987241e+00, 4.319689898685965e+00, 1.869100324568849e-03, -2.458667038240338e-10, 2.321699009456997e-06, -1.617426754075465e-06
3356, 2.748893571891069e+00, 3.926990816987241e+00, 4.319689898685965e+00, 1.864871164875275e-03, -2.499969071696387e-06, 1.291441135810672e-06, -1.569067354035116e-06
3357, 3.141592653589793e+00, 3.926990816987241e+00, 4.319689898685965e+00, 1.860708706443614e-03, -2.955166133744143e-11, 2.607013385526421e-07, -1.521163403711569e-06
3358, 3.534291735288517e+00, 3.926990816987241e+00, 4.319689898685965e+00, 1.864893794815080e-03, 2.499912938943914e-06, 1.291450037455909e-06, -1.569068808693971e-06
3359, 3.926990816987241e+00, 3.926990816987241e+00, 4.319689898685965e+00, 1.869143269620293e-03, 1.985465509483012e-10, 2.321716140310456e-06, -1.617429451680626e-06
3360, 4.319689898685965e+00, 3.926990816987241e+00, 4.319689898685965e+00, 1.864741908291373e-03, -2.499536602839182e-06, 1.291392730771777e-06, -1.569059794263353e-06
3361, 4.712388980384690e+00, 3.926990816987241e+00, 4.319689898685965e+00, 1.860421106460311e-03, 3.443157102242864e-10, 2.605912248038535e-07, -1.521146669008556e-06
3362, 5.105088062083414e+00, 3.926990816987241e+00, 4.319689898685965e+00, 1.864479680818876e-03, 2.500183363292188e-06, 1.291287678667537e-06, -1.569045202941436e-06
3363, 5.497787143782138e+00, 3.926990816987241e+00, 4.319689898685965e+00, 1.868651536638070e-03, 3.234551668614357e-10, 2.321517579679773e-06, -1.617402104055455e-06
3364, 5.890486225480862e+00, 3.926990816987241e+00, 4.319689898685965e+00, 1.864237346819631e-03, -2.499596099846250e-06, 1.291182004286316e-06, -1.569032360539778e-06
3365, 6.283185307179586e+00, 3.926990816987241e+00, 4.319689898685965e+00, 1.859983161401558e-03, 5.506499604401527e-11, 2.604008747510068e-07, -1.521123168332428e-06
3366, 0.000000000000000e+00, 4.319689898685965e+00, 4.319689898685965e+00, 1.259672948863346e-03, 4.238389384723995e-11, -1.880122208738374e-05, -1.125637147263459e-06
3367, 3.926990816987241e-01, 4.319689898685965e+00, 4.319689898685965e+00, 1.261347323292868e-03, 3.076721705485984e-05, 1.781611453694129e-06, -1.135845025873480e-06
3368, 7.853981633974483e-01, 4.319689898685965e+00, 4.319689898685965e+00, 1.263147981833682e-03, -2.246408054401449e-10, 2.236537190054802e-05, -1.146557793675208e-06
3369, 1.178097245096172e+00, 4.319689898685965e+00, 4.319689898685965e+00, 1.261514161996470e-03, -3.076761737348369e-05, 1.781738523344348e-06, -1.135848021346955e-06
3370, 1.570796326794897e+00, 4.319689898685965e+00, 4.319689898685965e+00, 1.259968340935382e-03, -2.899162104717523e-10, -1.880100094260218e-05, -1.125642992894328e-06
3371, 1.963495408493621e+00, 4.319689898685965e+00, 4.319689898685965e+00, 1.261734326911099e-03, 3.076707618304417e-05, 1.781890021825273e-06, -1.135853854017192e-06
3372, 2.356194490192345e+00, 4.319689898685965e+00, 4.319689898685965e+00, 1.263558233096646e-03, -2.020577285672549e-10, 2.236565601729412e-05, -1.146568573129099e-06
3373, 2.748893571891069e+00, 4.319689898685965e+00, 4.319689898685965e+00, 1.261888591525479e-03, -3.076745750428792e-05, 1.781989035320856e-06, -1.135859106575513e-06
3374, 3.141592653589793e+00, 4.319689898685965e+00, 4.319689898685965e+00, 1.260259183615524e-03, -2.416273252162970e-11, -1.880081130273349e-05, -1.125652422015349e-06
3375, 3.534291735288517e+00, 4.319689898685965e+00, 4.319689898685965e+00, 1.261907068211031e-03, 3.076741175505828e-05, 1.782001258897977e-06, -1.135859788090790e-06
3376, 3.926990816987241e+00, 4.319689898685965e+00, 4.319689898685965e+00, 1.263593187668254e-03, 1.639069385425849e-10, 2.236567952820214e-05, -1.146569787914486e-06
3377, 4.319689898685965e+00, 4.319689898685965e+00, 4.319689898685965e+00, 1.261781860317447e-03, -3.076710208348844e-05, 1.781922875822013e-06, -1.135855349485908e-06
3378, 4.712388980384690e+00, 4.319689898685965e+00, 4.319689898685965e+00, 1.260022834859382e-03, 2.803679022773385e-10, -1.880096185144270e-05, -1.125644486117029e-06
3379, 5.105088062083414e+00, 4.319689898685965e+00, 4.319689898685965e+00, 1.261568512716300e-03, 3.076762763981826e-05, 1.781779337317328e-06, -1.135849273340718e-06
3380, 5.497787143782138e+00, 4.319689898685965e+00, 4.319689898685965e+00, 1.263193849151488e-03, 2.575583248113454e-10, 2.236540818728051e-05, -1.146558650047165e-06
3381, 5.890486225480862e+00, 4.319689898685965e+00, 4.319689898685965e+00, 1.261375355292275e-03, -3.076715916624195e-05, 1.781634896119058e-06, -1.135845424693680e-06
3382, 6.283185307179586e+00, 4.319689898685965e+00, 4.319689898685965e+00, 1.259672948863346e-03, 4.238389384723995e-11, -1.880122208738374e-05, -1.125637147263459e-06
3383, 0.000000000000000e+00, 4.712388980384690e+00, 4.319689898685965e+00, 5.228628358007858e-04, 2.683350375033308e-11, -1.397205408051942e-04, -5.417037062794281e-07
3384, 3.926990816987241e-01, 4.712388980384690e+00, 4.319689898685965e+00, 5.136269143516665e-04, 1.416287610569882e-04, 2.019295632601423e-06, -4.182780883205183e-07
3385, 7.853981633974483e-01, 4.712388980384690e+00, 4.319689898685965e+00, 5.032961550609613e-04, -1.528230586410408e-10, 1.437657873603404e-04, -2.887510663437449e-07
3386, 1.178097245096172e+00, 4.712388980384690e+00, 4.319689898685965e+00, 5.137409426765865e-04, -1.416290358933939e-04, 2.019437139914580e-06, -4.182713979815879e-07
3387, 1.570796326794897e+00, 4.712388980384690e+00, 4.319689898685965e+00, 5.230669611735322e-04, -2.071915987390824e-10, -1.397202944377025e-04, -5.416928656767330e-07
3388, 1.963495408493621e+00, 4.712388980384690e+00, 4.319689898685965e+00, 5.138981029056225e-04, 1.416286503426980e-04, 2.019606065005889e-06, -4.182661611543234e-07
3389, 2.356194490192345e+00, 4.712388980384690e+00, 4.319689898685965e+00, 5.035882424282018e-04, -1.484306476971600e-10, 1.437661041854492e-04, -2.887409487485420e-07
3390, 2.748893571891069e+00, 4.712388980384690e+00, 4.319689898685965e+00, 5.140111292700958e-04, -1.416289287920228e-04, 2.019716799268088e-06, -4.182641982235209e-07
3391, 3.141592653589793e+00, 4.712388980384690e+00, 4.319689898685965e+00, 5.232788461098550e-04, -1.754339577694573e-11, -1.397200824827979e-04, -5.416884632040348e-07
3392, 3.534291735288517e+00, 4.712388980384690e+00, 4.319689898685965e+00, 5.140245058310177e-04, 1.416288957895249e-04, 2.019730517918352e-06, -4.182639255815482e-07
3393, 3.926990816987241e+00, 4.712388980384690e+00, 4.319689898685965e+00, 5.036133902634098e-04, 1.215144992184974e-10, 1.437661305558983e-04, -2.887403364910975e-07
3394, 4.319689898685965e+00, 4.712388980384690e+00, 4.319689898685965e+00, 5.139319396743405e-04, -1.416286676541603e-04, 2.019642876270166e-06, -4.182651131250805e-07
3395, 4.712388980384690e+00, 4.712388980384690e+00, 4.319689898685965e+00, 5.231051696370856e-04, 2.022523255971094e-10, -1.397202507004474e-04, -5.416913266042893e-07
3396, 5.105088062083414e+00, 4.712388980384690e+00, 4.319689898685965e+00, 5.137783011393881e-04, 1.416290451566429e-04, 2.019482742876597e-06, -4.182694456217998e-07
3397, 5.497787143782138e+00, 4.712388980384690e+00, 4.319689898685965e+00, 5.033269184068155e-04, 1.771167689308319e-10, 1.437658278885296e-04, -2.887490103141563e-07
3398, 5.890486225480862e+00, 4.712388980384690e+00, 4.319689898685965e+00, 5.136451845008469e-04, -1.416287217711439e-04, 2.019321844689313e-06, -4.182765562504036e-07
3399, 6.283185307179586e+00, 4.712388980384690e+00, 4.319689898685965e+00, 5.228628358007858e-04, 2.683350375033308e-11, -1.397205408051942e-04, -5.417037062794281e-07
3400, 0.000000000000000e+00, 5.105088062083414e+00, 4.319689898685965e+00, -2.336470003060137e-04, 1.080424934161141e-11, -5.160552187503674e-04, 2.503223526448466e-07
3401, 3.926990816987241e-01, 5.105088062083414e+00, 4.319689898685965e+00, -2.578667684261590e-04, 3.458979530763705e-04, 1.891723484544301e-06, 5.501965209801601e-07
3402, 7.853981633974483e-01, 5.105088062083414e+00, 4.319689898685965e+00, -2.866849019337118e-04, -7.922974880235884e-11, 5.198480980417772e-04, 8.803280986329476e-07
3403, 1.178097245096172e+00, 5.105088062083414e+00, 4.319689898685965e+00, -2.578068724158995e-04, -3.458980991680128e-04, 1.891857202451799e-06, 5.502131013897241e-07
3404, 1.570796326794897e+00, 5.105088062083414e+00, 4.319689898685965e+00, -2.335365028090068e-04, -1.221061420720746e-10, -5.160549855038330e-04, 2.503502823349319e-07
3405, 1.963495408493621e+00, 5.105088062083414e+00, 4.319689898685965e+00, -2.577145101671906e-04, 3.458978736553278e-04, 1.892017845063243e-06, 5.502297756577283e-07
3406, 2.356194490192345e+00, 5.105088062083414e+00, 4.319689898685965e+00, -2.865143207426752e-04, -9.305607796130379e-11, 5.198483991380562e-04, 8.803597916553753e-07
3407, 2.748893571891069e+00, 5.105088062083414e+00, 4.319689898685965e+00, -2.576440509094032e-04, -3.458980459654293e-04, 1.892123621198697e-06, 5.502392803308801e-07
3408, 3.141592653589793e+00, 5.105088062083414e+00, 4.319689898685965e+00, -2.334060585887199e-04, -1.068532655449631e-11, -5.160547832058857e-04, 2.503691060730228e-07
3409, 3.534291735288517e+00, 5.105088062083414e+00, 4.319689898685965e+00, -2.576359571789656e-04, 3.458980261636849e-04, 1.892136774074910e-06, 5.502405547056032e-07
3410, 3.926990816987241e+00, 5.105088062083414e+00, 4.319689898685965e+00, -2.864993259979693e-04, 7.775320062420480e-11, 5.198484244103969e-04, 8.803623186838587e-07
3411, 4.319689898685965e+00, 5.105088062083414e+00, 4.319689898685965e+00, -2.576948392146462e-04, -3.458978821342305e-04, 1.892053089619631e-06, 5.502334800533647e-07
3412, 4.712388980384690e+00, 5.105088062083414e+00, 4.319689898685965e+00, -2.335151093267714e-04, 1.218373139178457e-10, -5.160549437111955e-04, 2.503549714956918e-07
3413, 5.105088062083414e+00, 5.105088062083414e+00, 4.319689898685965e+00, -2.577870226839080e-04, 3.458981073087418e-04, 1.891900641057872e-06, 5.502183623906126e-07
3414, 5.497787143782138e+00, 5.105088062083414e+00, 4.319689898685965e+00, -2.866696789784584e-04, 9.462842761093840e-11, 5.198481365282549e-04, 8.803331493712910e-07
3415, 5.890486225480862e+00, 5.105088062083414e+00, 4.319689898685965e+00, -2.578585460112158e-04, -3.458979328972614e-04, 1.891748372041167e-06, 5.502000398393025e-07
3416, 6.283185307179586e+00, 5.105088062083414e+00, 4.319689898685965e+00, -2.336470003060137e-04, 1.080424934161141e-11, -5.160552187503674e-04, 2.503223526448466e-07
3417, 0.000000000000000e+00, 5.497787143782138e+00, 4.319689898685965e+00, -8.750755911591998e-04, -3.152059869870206e-12, -1.201906351850056e-03, 1.187785879900367e-06
3418, 3.926990816987241e-01, 5.497787143782138e+00, 4.319689898685965e+00, -9.072397639347813e-04, 4.982229552688856e-04, 1.403998811385027e-06, 1.574621856196806e-06
3419, 7.853981633974483e-01, 5.497787143782138e+00, 4.319689898685965e+00, -9.463410953763205e-04, -1.551856686322788e-11, 1.204708691749304e-03, 2.011849509086282e-06
3420, 1.178097245096172e+00, 5.497787143782138e+00, 4.319689898685965e+00, -9.072267800921063e-04, -4.982229895082926e-04, 1.404103480299241e-06, 1.574646889121850e-06
3421, 1.570796326794897e+00, 5.497787143782138e+00, 4.319689898685965e+00, -8.750464550979453e-04, -4.751699717183661e-11, -1.201906168383987e-03, 1.187828545539755e-06
3422, 1.963495408493621e+00, 5.497787143782138e+00, 4.319689898685965e+00, -9.071911917294189e-04, 4.982229040697408e-04, 1.404231660113780e-06, 1.574673683886891e-06
3423, 2.356194490192345e+00, 5.497787143782138e+00, 4.319689898685965e+00, -9.462768399284810e-04, -4.429146593204074e-11, 1.204708931416657e-03, 2.011900220228032e-06
3424, 2.748893571891069e+00, 5.497787143782138e+00, 4.319689898685965e+00, -9.071582030144573e-04, -4.982229829821234e-04, 1.404316459714329e-06, 1.574689972857531e-06
3425, 3.141592653589793e+00, 5.497787143782138e+00, 4.319689898685965e+00, -8.749876419910049e-04, -4.626336515398381e-12, -1.201906006307597e-03, 1.187860301743303e-06
3426, 3.534291735288517e+00, 5.497787143782138e+00, 4.319689898685965e+00, -9.071547763865052e-04, 4.982229748435455e-04, 1.404327045307276e-06, 1.574692151286095e-06
3427, 3.926990816987241e+00, 5.497787143782138e+00, 4.319689898685965e+00, -9.462708136786055e-04, 3.924213949188387e-11, 1.204708951758212e-03, 2.011904473322141e-06
3428, 4.319689898685965e+00, 5.497787143782138e+00, 4.319689898685965e+00, -9.071840253428952e-04, -4.982229047885426e-04, 1.404260022279955e-06, 1.574679775193503e-06
3429, 4.712388980384690e+00, 5.497787143782138e+00, 4.319689898685965e+00, -8.750398760614553e-04, 5.124989239181335e-11, -1.201906134808625e-03, 1.187836045028723e-06
3430, 5.105088062083414e+00, 5.497787143782138e+00, 4.319689898685965e+00, -9.072222959073927e-04, 4.982229964606475e-04, 1.404138201360767e-06, 1.574655064328477e-06
3431, 5.497787143782138e+00, 5.497787143782138e+00, 4.319689898685965e+00, -9.463394359087667e-04, 2.297265321401018e-11, 1.204708722205727e-03, 2.011857154442645e-06
3432, 5.890486225480862e+00, 5.497787143782138e+00, 4.319689898685965e+00, -9.072402770307016e-04, -4.982229517162046e-04, 1.404018291802196e-06, 1.574627077736758e-06
3433, 6.283185307179586e+00, 5.497787143782138e+00, 4.319689898685965e+00, -8.750755911591998e-04, -3.152059869870206e-12, -1.201906351850056e-03, 1.187785879900367e-06
3434, 0.000000000000000e+00, 5.890486225480862e+00, 4.319689898685965e+00, -1.296842772863839e-03, -1.268843724623124e-11, -1.940235543473522e-03, 2.065771996802430e-06
3435, 3.926990816987241e-01, 5.890486225480862e+00, 4.319689898685965e+00, -1.321497712738000e-03, 3.859431155168417e-04, 7.181556920168145e-07, 2.353447811717940e-06
3436, 7.853981633974483e-01, 5.890486225480862e+00, 4.319689898685965e+00, -1.348675697519371e-03, 2.830693270823391e-11, 1.941652649268076e-03, 2.658587548441878e-06
3437, 1.178097245096172e+00, 5.890486225480862e+00, 4.319689898685965e+00, -1.321517068154231e-03, -3.859430723988726e-04, 7.182153222965866e-07, 2.353478451851297e-06
3438, 1.570796326794897e+00, 5.890486225480862e+00, 4.319689898685965e+00, -1.296870018514467e-03, 5.426247263316838e-12, -1.940235438592701e-03, 2.065824613637754e-06
3439, 1.963495408493621e+00, 5.890486225480862e+00, 4.319689898685965e+00, -1.321521717873640e-03, 3.859430860137816e-04, 7.182919047267293e-07, 2.353512545937626e-06
3440, 2.356194490192345e+00, 5.890486225480862e+00, 4.319689898685965e+00, -1.348686547199464e-03, -9.594200352679349e-12, 1.941652791773087e-03, 2.658651848196240e-06
3441, 2.748893571891069e+00, 5.890486225480862e+00, 4.319689898685965e+00, -1.321515384560998e-03, -3.859430984789827e-04, 7.183426487136561e-07, 2.353533813312478e-06
3442, 3.141592653589793e+00, 5.890486225480862e+00, 4.319689898685965e+00, -1.296862142856576e-03, -2.997769484794137e-13, -1.940235341583727e-03, 2.065865834227088e-06
3443, 3.534291735288517e+00, 5.890486225480862e+00, 4.319689898685965e+00, -1.321515291457092e-03, 3.859430986743133e-04, 7.183490176811005e-07, 2.353536655949410e-06
3444, 3.926990816987241e+00, 5.890486225480862e+00, 4.319689898685965e+00, -1.348686929756195e-03, 1.188307762565229e-11, 1.941652804022508e-03, 2.658657369250560e-06
3445, 4.319689898685965e+00, 5.890486225480862e+00, 4.319689898685965e+00, -1.321523490438312e-03, -3.859430811790682e-04, 7.183090063502079e-07, 2.353520388125499e-06
3446, 4.712388980384690e+00, 5.890486225480862e+00, 4.319689898685965e+00, -1.296874020672021e-03, 1.106854481975839e-12, -1.940235418333920e-03, 2.065834161931379e-06
3447, 5.105088062083414e+00, 5.890486225480862e+00, 4.319689898685965e+00, -1.321523505697957e-03, 3.859430782489020e-04, 7.182361979330215e-07, 2.353488713189076e-06
3448, 5.497787143782138e+00, 5.890486225480862e+00, 4.319689898685965e+00, -1.348683547544636e-03, -2.693233096067198e-11, 1.941652667212064e-03, 2.658596975510263e-06
3449, 5.890486225480862e+00, 5.890486225480862e+00, 4.319689898685965e+00, -1.321504200415472e-03, -3.859431235859104e-04, 7.181663337850526e-07, 2.353454125178302e-06
3450, 6.283185307179586e+00, 5.890486225480862e+00, 4.319689898685965e+00, -1.296842772863839e-03, -1.268843724623124e-11, -1.940235543473522e-03, 2.065771996802430e-06
3451, 0.000000000000000e+00, 6.283185307179586e+00, 4.319689898685965e+00, -1.459022637141986e-03, -1.467053309899852e-11, -2.266793774432258e-03, 2.632387992029347e-06
3452, 3.926990816987241e-01, 6.283185307179586e+00, 4.319689898685965e+00, -1.459967629240721e-03, 3.092889722012267e-11, -1.237417757044778e-10, 2.641473405431986e-06
3453, 7.853981633974483e-01, 6.283185307179586e+00, 4.319689898685965e+00, -1.459041918762188e-03, 4.645862756354386e-11, 2.266793532093811e-03, 2.632405528778386e-06
3454, 1.178097245096172e+00, 6.283185307179586e+00, 4.319689898685965e+00, -1.460000317188103e-03, 4.205438335531672e-11, -1.137499381043069e-10, 2.641506170183788e-06
3455, 1.570796326794897e+00, 6.283185307179586e+00, 4.319689898685965e+00, -1.459073057069634e-03, 2.872686781282254e-11, -2.266793758999878e-03, 2.632444073946859e-06
3456, 1.963495408493621e+00, 6.283185307179586e+00, 4.319689898685965e+00, -1.460022590514423e-03, 1.500085617251317e-11, -1.009405038376827e-10, 2.641543575690954e-06
3457, 2.356194490192345e+00, 6.283185307179586e+00, 4.319689898685965e+00, -1.459085492881312e-03, 5.596660645564719e-12, 2.266793555946593e-03, 2.632475913755250e-06
3458, 2.748893571891069e+00, 6.283185307179586e+00, 4.319689898685965e+00, -1.460027912679735e-03, 1.666372091966077e-12, -9.253898332961362e-11, 2.641567127378202e-06
3459, 3.141592653589793e+00, 6.283185307179586e+00, 4.319689898685965e+00, -1.459087474570002e-03, 1.610900715677776e-12, -2.266793742885881e-03, 2.632489630468728e-06
3460, 3.534291735288517e+00, 6.283185307179586e+00, 4.319689898685965e+00, -1.460029289589357e-03, 2.215512243306394e-12, -9.144830288095115e-11, 2.641570275239514e-06
3461, 3.926990816987241e+00, 6.283185307179586e+00, 4.319689898685965e+00, -1.459088705420539e-03, -4.413723830995891e-14, 2.266793558051372e-03, 2.632482017645936e-06
3462, 4.319689898685965e+00, 6.283185307179586e+00, 4.319689898685965e+00, -1.460028319485148e-03, -7.665192743729636e-12, -9.798135403049180e-11, 2.641552223041618e-06
3463, 4.712388980384690e+00, 6.283185307179586e+00, 4.319689898685965e+00, -1.459081756741848e-03, -2.089051060705466e-11, -2.266793755456223e-03, 2.632454563217045e-06
3464, 5.105088062083414e+00, 6.283185307179586e+00, 4.319689898685965e+00, -1.460011606961699e-03, -3.673443062961724e-11, -1.100265195856548e-10, 2.641517379469535e-06
3465, 5.497787143782138e+00, 6.283185307179586e+00, 4.319689898685965e+00, -1.459053912447288e-03, -4.844691356787154e-11, 2.266793535430833e-03, 2.632415715237804e-06
3466, 5.890486225480862e+00, 6.283185307179586e+00, 4.319689898685965e+00, -1.459976430427854e-03, -4.579959863842178e-11, -1.215674758592963e-10, 2.641480038818172e-06
3467, 6.283185307179586e+00, 6.283185307179586e+00, 4.319689898685965e+00, -1.459022637141986e-03, -1.467053309899852e-11, -2.266793774432258e-03, 2.632387992029347e-06
3468, 0.000000000000000e+00, 0.000000000000000e+00, 4.712388980384690e+00, -2.733858758412484e-03, -1.892177429525328e-11, -1.560837008831312e-02, 3.908699705318753e-06
3469, 3.926990816987241e-01, 0.000000000000000e+00, 4.712388980384690e+00, -2.733492888475334e-03, 4.142009548693948e-11, -1.363088334938567e-10, 3.898995481756045e-06
3470, 7.853981633974483e-01, 0.000000000000000e+00, 4.712388980384690e+00, -2.733885148031713e-03, 6.489238111573803e-11, 1.560836982159125e-02, 3.908719068191365e-06
3471, 1.178097245096172e+00, 0.000000000000000e+00, 4.712388980384690e+00, -2.733539036245243e-03, 6.313223291423473e-11, -1.254924010361910e-10, 3.899031252970788e-06
3472, 1.570796326794897e+00, 0.000000000000000e+00, 4.712388980384690e+00, -2.733932110269844e-03, 4.900747888915383e-11, -1.560837007204456e-02, 3.908761050506649e-06
3473, 1.963495408493621e+00, 0.000000000000000e+00, 4.712388980384690e+00, -2.733576758551942e-03, 3.226239219309796e-11, -1.118358931328832e-10, 3.899072513749572e-06
3474, 2.356194490192345e+00, 0.000000000000000e+00, 4.712388980384690e+00, -2.733957796088959e-03, 1.833766043744113e-11, 1.560836984714770e-02, 3.908796736077005e-06
3475, 2.748893571891069e+00, 0.000000000000000e+00, 4.712388980384690e+00, -2.733591901760636e-03, 9.053702568676658e-12, -1.027769648831018e-10, 3.899099010328477e-06
3476, 3.141592653589793e+00, 0.000000000000000e+00, 4.712388980384690e+00, -2.733965485013699e-03, 3.327869788111669e-12, -1.560837005468946e-02, 3.908812083254318e-06
3477, 3.534291735288517e+00, 0.000000000000000e+00, 4.712388980384690e+00, -2.733594603705738e-03, -1.843859721945308e-12, -1.015914983481981e-10, 3.899102616370201e-06
3478, 3.926990816987241e+00, 0.000000000000000e+00, 4.712388980384690e+00, -2.733963572680898e-03, -9.789535819512032e-12, 1.560836984943084e-02, 3.908803700609071e-06
3479, 4.319689898685965e+00, 0.000000000000000e+00, 4.712388980384690e+00, -2.733586107349661e-03, -2.253106615295640e-11, -1.086279973915085e-10, 3.899082312071919e-06
3480, 4.712388980384690e+00, 0.000000000000000e+00, 4.712388980384690e+00, -2.733945181138825e-03, -3.972597408428256e-11, -1.560837006823284e-02, 3.908772827257903e-06
3481, 5.105088062083414e+00, 0.000000000000000e+00, 4.712388980384690e+00, -2.733554977004346e-03, -5.782804508008522e-11, -1.215295595099911e-10, 3.899043725671880e-06
3482, 5.497787143782138e+00, 0.000000000000000e+00, 4.712388980384690e+00, -2.733901359219397e-03, -6.912449778835524e-11, 1.560836982513772e-02, 3.908730358003197e-06
3483, 5.890486225480862e+00, 0.000000000000000e+00, 4.712388980384690e+00, -2.733504438883193e-03, -6.165897835495924e-11, -1.339982000247624e-10, 3.899002857775939e-06
3484, 6.283185307179586e+00, 0.000000000000000e+00, 4.712388980384690e+00, -2.733858758412484e-03, -1.892177429525328e-11, -1.560837008831312e-02, 3.908699705318753e-06
3485, 0.000000000000000e+00, 3.926990816987241e-01, 4.712388980384690e+00, -2.719640849421862e-03, -1.986259743890157e-11, -1.336622146919343e-02, 4.490234846053207e-06
3486, 3.926990816987241e-01, 3.926990816987241e-01, 4.712388980384690e+00, -2.420392454667521e-03, -2.657993636035119e-03, -1.626335172678234e-06, 3.273263576069607e-06
3487, 7.853981633974483e-01, 3.926990816987241e-01, 4.712388980384690e+00, -2.121438628986251e-03, 5.640260845017904e-11, 1.336314674387404e-02, 2.035109779041569e-06
3488, 1.178097245096172e+00, 3.926990816987241e-01, 4.712388980384690e+00, -2.420432369519872e-03, 2.657993727418673e-03, -1.626378933420097e-06, 3.273298117986692e-06
3489, 1.570796326794897e+00, 3.926990816987241e-01, 4.712388980384690e+00, -2.719703051936355e-03, 3.730206759862300e-11, -1.336622154482164e-02, 4.490294292944966e-06
3490, 1.963495408493621e+00, 3.926990816987241e-01, 4.712388980384690e+00, -2.420461303553396e-03, -2.657993653733926e-03, -1.626437104054180e-06, 3.273337232414385e-06
3491, 2.356194490192345e+00, 3.926990816987241e-01, 4.712388980384690e+00, -2.121495053107794e-03, 1.069337927443208e-11, 1.336314663593812e-02, 2.035183557328697e-06
3492, 2.748893571891069e+00, 3.926990816987241e-01, 4.712388980384690e+00, -2.420470599755766e-03, 2.657993680378890e-03, -1.626475817459152e-06, 3.273362291492188e-06
3493, 3.141592653589793e+00, 3.926990816987241e-01, 4.712388980384690e+00, -2.719725257836471e-03, 2.383976514332518e-12, -1.336622161868234e-02, 4.490342572165440e-06
3494, 3.534291735288517e+00, 3.926990816987241e-01, 4.712388980384690e+00, -2.420472581030878e-03, -2.657993674982582e-03, -1.626480638590725e-06, 3.273365705529279e-06
3495, 3.926990816987241e+00, 3.926990816987241e-01, 4.712388980384690e+00, -2.121499446354212e-03, -3.737203085814038e-12, 1.336314662666654e-02, 2.035190157019111e-06
3496, 4.319689898685965e+00, 3.926990816987241e-01, 4.712388980384690e+00, -2.420468728036906e-03, 2.657993662266979e-03, -1.626450005288010e-06, 3.273346526720646e-06
3497, 4.712388980384690e+00, 3.926990816987241e-01, 4.712388980384690e+00, -2.719713857776529e-03, -2.858623586176121e-11, -1.336622156004431e-02, 4.490305475664762e-06
3498, 5.105088062083414e+00, 3.926990816987241e-01, 4.712388980384690e+00, -2.420446019002316e-03, -2.657993721655633e-03, -1.626394516963367e-06, 3.273309989673221e-06
3499, 5.497787143782138e+00, 3.926990816987241e-01, 4.712388980384690e+00, -2.121453014964161e-03, -5.839084510808279e-11, 1.336314673078008e-02, 2.035120608255300e-06
3500, 5.890486225480862e+00, 3.926990816987241e-01, 4.712388980384690e+00, -2.420403266802357e-03, 2.657993620098489e-03, -1.626342433606976e-06, 3.273270834500685e-06
3501, 6.283185307179586e+00, 3.926990816987241e-01, 4.712388980384690e+00, -2.719640849421862e-03, -1.986259743890157e-11, -1.336622146919343e-02, 4.490234846053207e-06
3502, 0.000000000000000e+00, 7.853981633974483e-01, 4.712388980384690e+00, -1.984452355852082e-03, -1.178200045063561e-11, -8.288373032877385e-03, 3.459918426212719e-06
3503, 3.926990816987241e-01, 7.853981633974483e-01, 4.712388980384690e+00, -1.571712555512116e-03, -3.431309354713277e-03, -2.741969053736908e-06, 1.796669181501428e-06
3504, 7.853981633974483e-01, 7.853981633974483e-01, 4.712388980384690e+00, -1.159432460752621e-03, 1.904396117491568e-11, 8.283044802358577e-03, 7.334233985063413e-08
3505, 1.178097245096172e+00, 7.853981633974483e-01, 4.712388980384690e+00, -1.571724917556050e-03, 3.431309380566312e-03, -2.742065239203873e-06, 1.796698423463143e-06
3506, 1.570796326794897e+00, 7.853981633974483e-01, 4.712388980384690e+00, -1.984466624103692e-03, -8.715133170225257e-12, -8.288373201345567e-03, 3.459968455880902e-06
3507, 1.963495408493621e+00, 7.853981633974483e-01, 4.712388980384690e+00, -1.571718915849276e-03, -3.431309392809001e-03, -2.742184865042640e-06, 1.796730236166442e-06
3508, 2.356194490192345e+00, 7.853981633974483e-01, 4.712388980384690e+00, -1.159423782916102e-03, -1.955223400527644e-11, 8.283044578839034e-03, 7.340256966907748e-08
3509, 2.748893571891069e+00, 7.853981633974483e-01, 4.712388980384690e+00, -1.571704977033355e-03, 3.431309361550725e-03, -2.742264381801521e-06, 1.796750206951807e-06
3510, 3.141592653589793e+00, 7.853981633974483e-01, 4.712388980384690e+00, -1.984444464661895e-03, -1.384917091783843e-12, -8.288373353057807e-03, 3.460007108734564e-06
3511, 3.534291735288517e+00, 7.853981633974483e-01, 4.712388980384690e+00, -1.571704056814924e-03, -3.431309363403725e-03, -2.742274307676748e-06, 1.796752937227692e-06
3512, 3.926990816987241e+00, 7.853981633974483e-01, 4.712388980384690e+00, -1.159422603776984e-03, 2.014986885452265e-11, 8.283044559763589e-03, 7.340786937960648e-08
3513, 4.319689898685965e+00, 7.853981633974483e-01, 4.712388980384690e+00, -1.571718582804187e-03, 3.431309396566545e-03, -2.742211408724752e-06, 1.796737752384191e-06
3514, 4.712388980384690e+00, 7.853981633974483e-01, 4.712388980384690e+00, -1.984468274019283e-03, 1.509354733555683e-11, -8.288373232691588e-03, 3.459977583962678e-06
3515, 5.105088062083414e+00, 7.853981633974483e-01, 4.712388980384690e+00, -1.571729160517483e-03, -3.431309373697281e-03, -2.742097595779110e-06, 1.796708231369632e-06
3516, 5.497787143782138e+00, 7.853981633974483e-01, 4.712388980384690e+00, -1.159438720107179e-03, -1.563119170072974e-11, 8.283044774065084e-03, 7.335143285514859e-08
3517, 5.890486225480862e+00, 7.853981633974483e-01, 4.712388980384690e+00, -1.571718316648290e-03, 3.431309348672994e-03, -2.741987083671094e-06, 1.796675395690579e-06
3518, 6.283185307179586e+00, 7.853981633974483e-01, 4.712388980384690e+00, -1.984452355852082e-03, -1.178200045063561e-11, -8.288373032877385e-03, 3.459918426212719e-06
3519, 0.000000000000000e+00, 1.178097245096172e+00, 4.712388980384690e+00, -7.298801016867066e-04, 1.965806753211311e-12, -3.569800458590764e-03, 1.497043250064328e-06
3520, 3.926990816987241e-01, 1.178097245096172e+00, 4.712388980384690e+00, -4.196382659724033e-04, -2.382274779602887e-03, -3.138028269451305e-06, 2.424489560766404e-07
3521, 7.853981633974483e-01, 1.178097245096172e+00, 4.712388980384690e+00, -1.103589470617496e-04, -4.265308813160612e-11, 3.563575662498532e-03, -1.049829026909023e-06
3522, 1.178097245096172e+00, 1.178097245096172e+00, 4.712388980384690e+00, -4.196051550849789e-04, 2.382274697005611e-03, -3.138163088845165e-06, 2.424693570008789e-07
3523, 1.570796326794897e+00, 1.178097245096172e+00, 4.712388980384690e+00, -7.298154457676014e-04, -8.172100224412289e-11, -3.569800693901449e-03, 1.497077713192284e-06
3524, 1.963495408493621e+00, 1.178097245096172e+00, 4.712388980384690e+00, -4.195436137803950e-04, -2.382274846207465e-03, -3.138325980924323e-06, 2.424900843672232e-07
3525, 2.356194490192345e+00, 1.178097245096172e+00, 4.712388980384690e+00, -1.102463353901156e-04, -6.746316780214172e-11, 3.563575357155558e-03, -1.049789579459458e-06
3526, 2.748893571891069e+00, 1.178097245096172e+00, 4.712388980384690e+00, -4.194928731563664e-04, 2.382274723254673e-03, -3.138433713658633e-06, 2.425023362083514e-07
3527, 3.141592653589793e+00, 1.178097245096172e+00, 4.712388980384690e+00, -7.297229887310856e-04, -7.353533987372500e-12, -3.569800899658210e-03, 1.497101769600124e-06
3528, 3.534291735288517e+00, 1.178097245096172e+00, 4.712388980384690e+00, -4.194873572060041e-04, -2.382274736586770e-03, -3.138447154740073e-06, 2.425040290405869e-07
3529, 3.926990816987241e+00, 1.178097245096172e+00, 4.712388980384690e+00, -1.102363319006734e-04, 5.799673064850673e-11, 3.563575331332886e-03, -1.049786249765105e-06
3530, 4.319689898685965e+00, 1.178097245096172e+00, 4.712388980384690e+00, -4.195309922955076e-04, 2.382274842383527e-03, -3.138361945909660e-06, 2.424949056423940e-07
3531, 4.712388980384690e+00, 1.178097245096172e+00, 4.712388980384690e+00, -7.298025589267235e-04, 8.422687982397378e-11, -3.569800736488131e-03, 1.497083721845576e-06
3532, 5.105088062083414e+00, 1.178097245096172e+00, 4.712388980384690e+00, -4.195943416888574e-04, -2.382274688925466e-03, -3.138207340146239e-06, 2.424759985292448e-07
3533, 5.497787143782138e+00, 1.178097245096172e+00, 4.712388980384690e+00, -1.103519253713476e-04, 5.385330475321479e-11, 3.563575623267084e-03, -1.049822700073977e-06
3534, 5.890486225480862e+00, 1.178097245096172e+00, 4.712388980384690e+00, -4.196354673649350e-04, 2.382274789805051e-03, -3.138053669783991e-06, 2.424533751561249e-07
3535, 6.283185307179586e+00, 1.178097245096172e+00, 4.712388980384690e+00, -7.298801016867066e-04, 1.965806753211311e-12, -3.569800458590764e-03, 1.497043250064328e-06
3536, 0.000000000000000e+00, 1.570796326794897e+00, 4.712388980384690e+00, 6.493421001945229e-04, 1.893293217465648e-11, -9.791141764105139e-04, -4.120908481062206e-07
3537, 3.926990816987241e-01, 1.570796326794897e+00, 4.712388980384690e+00, 7.670880535541326e-04, -9.754208830671837e-04, -2.906863815805511e-06, -8.955678819482758e-07
3538, 7.853981633974483e-01, 1.570796326794897e+00, 4.712388980384690e+00, 8.844133185614661e-04, -1.193592708759079e-10, 9.733046065120893e-04, -1.387454433632943e-06
3539, 1.178097245096172e+00, 1.570796326794897e+00, 4.712388980384690e+00, 7.671776029631293e-04, 9.754206661523809e-04, -2.907015921431381e-06, -8.955584460498829e-07
3540, 1.570796326794897e+00, 1.570796326794897e+00, 4.712388980384690e+00, 6.495044072257682e-04, -1.706837552865645e-10, -9.791144412153484e-04, -4.120755150209339e-07
3541, 1.963495408493621e+00, 1.570796326794897e+00, 4.712388980384690e+00, 7.673068998049650e-04, -9.754209826909431e-04, -2.907197614046427e-06, -8.955508872839960e-07
3542, 2.356194490192345e+00, 1.570796326794897e+00, 4.712388980384690e+00, 8.846529749785743e-04, -1.255991479068181e-10, 9.733042655959453e-04, -1.387439797655825e-06
3543, 2.748893571891069e+00, 1.570796326794897e+00, 4.712388980384690e+00, 7.674023073237171e-04, 9.754207484165545e-04, -2.907317122857097e-06, -8.955477191651621e-07
3544, 3.141592653589793e+00, 1.570796326794897e+00, 4.712388980384690e+00, 6.496822612152270e-04, -1.458731746637729e-11, -9.791146697628959e-04, -4.120686613957015e-07
3545, 3.534291735288517e+00, 1.570796326794897e+00, 4.712388980384690e+00, 7.674133947312142e-04, -9.754207756650325e-04, -2.907332016929027e-06, -8.955472468500276e-07
3546, 3.926990816987241e+00, 1.570796326794897e+00, 4.712388980384690e+00, 8.846736792860832e-04, 1.039143598171826e-10, 9.733042369767992e-04, -1.387438785668819e-06
3547, 4.319689898685965e+00, 1.570796326794897e+00, 4.712388980384690e+00, 7.673344381691359e-04, 9.754209696036635e-04, -2.907237529587712e-06, -8.955492417175026e-07
3548, 4.712388980384690e+00, 1.570796326794897e+00, 4.712388980384690e+00, 6.495349864477233e-04, 1.683015083152637e-10, -9.791144886054082e-04, -4.120731988233258e-07
3549, 5.105088062083414e+00, 1.570796326794897e+00, 4.712388980384690e+00, 7.672068345714712e-04, -9.754206569076476e-04, -2.907065341844917e-06, -8.955555905522559e-07
3550, 5.497787143782138e+00, 1.570796326794897e+00, 4.712388980384690e+00, 8.844367019501318e-04, 1.398645220040677e-10, 9.733045625354329e-04, -1.387451469683201e-06
3551, 5.890486225480862e+00, 1.570796326794897e+00, 4.712388980384690e+00, 7.671014519429331e-04, 9.754209133527383e-04, -2.906892315251039e-06, -8.955656814331054e-07
3552, 6.283185307179586e+00, 1.570796326794897e+00, 4.712388980384690e+00, 6.493421001945229e-04, 1.893293217465648e-11, -9.791141764105139e-04, -4.120908481062206e-07
3553, 0.000000000000000e+00, 1.963495408493621e+00, 4.712388980384690e+00, 1.803990800462712e-03, 3.638387004997377e-11, -1.441179468809588e-04, -1.609357569325110e-06
3554, 3.926990816987241e-01, 1.963495408493621e+00, 4.712388980384690e+00, 1.786290335951136e-03, -2.118354227001536e-04, -2.293692401906945e-06, -1.545159257848464e-06
3555, 7.853981633974483e-01, 1.963495408493621e+00, 4.712388980384690e+00, 1.768675024824660e-03, -1.989194073448534e-10, 1.395299704449620e-04, -1.480391477105111e-06
3556, 1.178097245096172e+00, 1.963495408493621e+00, 4.712388980384690e+00, 1.786438372092410e-03, 2.118350667953248e-04, -2.293837738575860e-06, -1.545161116047628e-06
3557, 1.570796326794897e+00, 1.963495408493621e+00, 4.712388980384690e+00, 1.804254147004504e-03, -2.622248744409204e-10, -1.441181996862914e-04, -1.609361849912703e-06
3558, 1.963495408493621e+00, 1.963495408493621e+00, 4.712388980384690e+00, 1.786637410778967e-03, -2.118355556658974e-04, -2.294010722450600e-06, -1.545166889678255e-06
3559, 2.356194490192345e+00, 1.963495408493621e+00, 4.712388980384690e+00, 1.769045527801904e-03, -1.851432696474151e-10, 1.395296458601559e-04, -1.480402001117254e-06
3560, 2.748893571891069e+00, 1.963495408493621e+00, 4.712388980384690e+00, 1.786778587381960e-03, 2.118352072663691e-04, -2.294124031378942e-06, -1.545172821106343e-06
3561, 3.141592653589793e+00, 1.963495408493621e+00, 4.712388980384690e+00, 1.804519586520954e-03, -2.198814025947263e-11, -1.441184166024388e-04, -1.609372264355329e-06
3562, 3.534291735288517e+00, 1.963495408493621e+00, 4.712388980384690e+00, 1.786795376426987e-03, -2.118352487599801e-04, -2.294138138011133e-06, -1.545173570785281e-06
3563, 3.926990816987241e+00, 1.963495408493621e+00, 4.712388980384690e+00, 1.769077189375902e-03, 1.509235010748318e-10, 1.395296187404045e-04, -1.480403311600092e-06
3564, 4.319689898685965e+00, 1.963495408493621e+00, 4.712388980384690e+00, 1.786680242076198e-03, 2.118355330175656e-04, -2.294048594464194e-06, -1.545168432927451e-06
3565, 4.712388980384690e+00, 1.963495408493621e+00, 4.712388980384690e+00, 1.804302900838152e-03, 2.547102573048407e-10, -1.441182447282216e-04, -1.609363257342138e-06
3566, 5.105088062083414e+00, 1.963495408493621e+00, 4.712388980384690e+00, 1.786486570623307e-03, -2.118350564685326e-04, -2.293884779313017e-06, -1.545162104978875e-06
3567, 5.497787143782138e+00, 1.963495408493621e+00, 4.712388980384690e+00, 1.768715288026485e-03, 2.289826260656022e-10, 1.395299285673675e-04, -1.480391953617650e-06
3568, 5.890486225480862e+00, 1.963495408493621e+00, 4.712388980384690e+00, 1.786314667415819e-03, 2.118354737465869e-04, -2.293719514342042e-06, -1.545159338624660e-06
3569, 6.283185307179586e+00, 1.963495408493621e+00, 4.712388980384690e+00, 1.803990800462712e-03, 3.638387004997377e-11, -1.441179468809588e-04, -1.609357569325110e-06
3570, 0.000000000000000e+00, 2.356194490192345e+00, 4.712388980384690e+00, 2.585806180137277e-03, 5.164568678962953e-11, -8.626743990547658e-06, -2.044288673616004e-06
3571, 3.926990816987241e-01, 2.356194490192345e+00, 4.712388980384690e+00, 2.535237911588355e-03, -1.713231530754682e-05, -1.533835894413391e-06, -1.845608304345875e-06
3572, 7.853981633974483e-01, 2.356194490192345e+00, 4.712388980384690e+00, 2.484795467752875e-03, -2.688182515896252e-10, 5.559264900187173e-06, -1.646202018487152e-06
3573, 1.178097245096172e+00, 2.356194490192345e+00, 4.712388980384690e+00, 2.535437324058635e-03, 1.713183737464840e-05, -1.533951868752826e-06, -1.845620004545406e-06
3574, 1.570796326794897e+00, 2.356194490192345e+00, 4.712388980384690e+00, 2.586158240974866e-03, -3.424728297509790e-10, -8.626945685677101e-06, -2.044310017420868e-06
3575, 1.963495408493621e+00, 2.356194490192345e+00, 4.712388980384690e+00, 2.535697496512540e-03, -1.713247730921276e-05, -1.534089793171853e-06, -1.845637325104380e-06
3576, 2.356194490192345e+00, 2.356194490192345e+00, 4.712388980384690e+00, 2.485280667199147e-03, -2.371521287945269e-10, 5.559006147946760e-06, -1.646234335896269e-06
3577, 2.748893571891069e+00, 2.356194490192345e+00, 4.712388980384690e+00, 2.535878667092466e-03, 1.713202913751267e-05, -1.534179905576059e-06, -1.845651072595589e-06
3578, 3.141592653589793e+00, 2.356194490192345e+00, 4.712388980384690e+00, 2.586500269634932e-03, -2.844869511089060e-11, -8.627118307293428e-06, -2.044335290689177e-06
3579, 3.534291735288517e+00, 2.356194490192345e+00, 4.712388980384690e+00, 2.535900434426126e-03, -1.713208307310563e-05, -1.534191120831027e-06, -1.845652871099260e-06
3580, 3.926990816987241e+00, 2.356194490192345e+00, 4.712388980384690e+00, 2.485321901736884e-03, 1.919617711183498e-10, 5.558984575384292e-06, -1.646237642057577e-06
3581, 4.319689898685965e+00, 2.356194490192345e+00, 4.712388980384690e+00, 2.535753701826713e-03, 1.713244625873496e-05, -1.534119944311303e-06, -1.845641614162187e-06
3582, 4.712388980384690e+00, 2.356194490192345e+00, 4.712388980384690e+00, 2.586222907651526e-03, 3.304167423658550e-10, -8.626981576301344e-06, -2.044314641871705e-06
3583, 5.105088062083414e+00, 2.356194490192345e+00, 4.712388980384690e+00, 2.535502144479876e-03, -1.713182612325833e-05, -1.533989367995267e-06, -1.845624328702502e-06
3584, 5.497787143782138e+00, 2.356194490192345e+00, 4.712388980384690e+00, 2.484850525351387e-03, 3.072755881836130e-10, 5.559231527351426e-06, -1.646205489977269e-06
3585, 5.890486225480862e+00, 2.356194490192345e+00, 4.712388980384690e+00, 2.535271816842641e-03, 1.713238456834886e-05, -1.533857480992059e-06, -1.845610373659387e-06
3586, 6.283185307179586e+00, 2.356194490192345e+00, 4.712388980384690e+00, 2.585806180137277e-03, 5.164568678962953e-11, -8.626743990547658e-06, -2.044288673616004e-06
3587, 0.000000000000000e+00, 2.748893571891069e+00, 4.712388980384690e+00, 3.011819490729126e-03, 6.242105152968299e-11, -6.911527521449589e-07, -2.067488751915304e-06
3588, 3.926990816987241e-01, 2.748893571891069e+00, 4.712388980384690e+00, 2.983523320877726e-03, -5.740656387468245e-08, -7.582955116439956e-07, -1.956759594554726e-06
3589, 7.853981633974483e-01, 2.748893571891069e+00, 4.712388980384690e+00, 2.955310033891282e-03, -3.182460393036327e-10, -8.253338946824660e-07, -1.845914627782192e-06
3590, 1.178097245096172e+00, 2.748893571891069e+00, 4.712388980384690e+00, 2.983759064130677e-03, 5.684235132491155e-08, -7.583643309392418e-07, -1.956778183497155e-06
3591, 1.570796326794897e+00, 2.748893571891069e+00, 4.712388980384690e+00, 3.012234279132282e-03, -3.991938532093092e-10, -6.912724266610868e-07, -2.067522031121062e-06
3592, 1.963495408493621e+00, 2.748893571891069e+00, 4.712388980384690e+00, 2.984062442559345e-03, -5.758903866027653e-08, -7.584461452417008e-07, -1.956803563845816e-06
3593, 2.356194490192345e+00, 2.748893571891069e+00, 4.712388980384690e+00, 2.955876284084212e-03, -2.738288907066248e-10, -8.254873631350124e-07, -1.845962154309072e-06
3594, 2.748893571891069e+00, 2.748893571891069e+00, 4.712388980384690e+00, 2.984271824785314e-03, 5.707046380750224e-08, -7.584995180056148e-07, -1.956822737175626e-06
3595, 3.141592653589793e+00, 2.748893571891069e+00, 4.712388980384690e+00, 3.012630359721366e-03, -3.300755459476984e-11, -6.913747116023097e-07, -2.067557632408900e-06
3596, 3.534291735288517e+00, 2.748893571891069e+00, 4.712388980384690e+00, 2.984297105605022e-03, -5.713318288990996e-08, -7.585061735572285e-07, -1.956825263679902e-06
3597, 3.926990816987241e+00, 2.748893571891069e+00, 4.712388980384690e+00, 2.955924277855132e-03, 2.208829687603302e-10, -8.255001694997024e-07, -1.845966847227567e-06
3598, 4.319689898685965e+00, 2.748893571891069e+00, 4.712388980384690e+00, 2.984128096759991e-03, 5.755203563353983e-08, -7.584640521494197e-07, -1.956809764413247e-06
3599, 4.712388980384690e+00, 2.748893571891069e+00, 4.712388980384690e+00, 3.012310194822437e-03, 3.839139021497390e-10, -6.912937497689805e-07, -2.067528900746137e-06
3600, 5.105088062083414e+00, 2.748893571891069e+00, 4.712388980384690e+00, 2.983835637627221e-03, -5.683044521235880e-08, -7.583866110735337e-07, -1.956784841449840e-06
3601, 5.497787143782138e+00, 2.748893571891069e+00, 4.712388980384690e+00, 2.955375549611433e-03, 3.626518166839347e-10, -8.253537173166363e-07, -1.845920198819234e-06
3602, 5.890486225480862e+00, 2.748893571891069e+00, 4.712388980384690e+00, 2.983563989245096e-03, 5.748870673105724e-08, -7.583083269818800e-07, -1.956763058363871e-06
3603, 6.283185307179586e+00, 2.748893571891069e+00, 4.712388980384690e+00, 3.011819490729126e-03, 6.242105152968299e-11, -6.911527521449589e-07, -2.067488751915304e-06
3604, 0.000000000000000e+00, 3.141592653589793e+00, 4.712388980384690e+00, 3.131775333478732e-03, 6.710269644009075e-11, 7.838127750618828e-08, -1.982384216020359e-06
3605, 3.926990816987241e-01, 3.141592653589793e+00, 4.712388980384690e+00, 3.131803143369952e-03, -1.867890548754788e-10, 1.166596564364958e-10, -1.982369529113017e-06
3606, 7.853981633974483e-01, 3.141592653589793e+00, 4.712388980384690e+00, 3.131904525156436e-03, -3.396470090285671e-10, -7.815132634151913e-08, -1.982395472624362e-06
3607, 1.178097245096172e+00, 3.141592653589793e+00, 4.712388980384690e+00, 3.132054615113282e-03, -4.147703257626765e-10, 1.054762241130881e-10, -1.982391020755214e-06
3608, 1.570796326794897e+00, 3.141592653589793e+00, 4.712388980384690e+00, 3.132217269315136e-03, -4.237240460799212e-10, 7.836186353237540e-08, -1.982422518643902e-06
3609, 1.963495408493621e+00, 3.141592653589793e+00, 4.712388980384690e+00, 3.132376678722199e-03, -3.780840794214956e-10, 9.225955802376729e-11, -1.982419779888170e-06
3610, 2.356194490192345e+00, 3.141592653589793e+00, 4.712388980384690e+00, 3.132505827295043e-03, -2.896657880435243e-10, -7.817613216518121e-08, -1.982449376843960e-06
3611, 2.748893571891069e+00, 3.141592653589793e+00, 4.712388980384690e+00, 3.132598245234857e-03, -1.709057133964355e-10, 8.366419781174214e-11, -1.982441218099824e-06
3612, 3.141592653589793e+00, 3.141592653589793e+00, 4.712388980384690e+00, 3.132636704401386e-03, -3.498751574238776e-11, 7.834536996520567e-08, -1.982462435674416e-06
3613, 3.534291735288517e+00, 3.141592653589793e+00, 4.712388980384690e+00, 3.132625052135974e-03, 1.043709944114593e-10, 8.255762805902303e-11, -1.982444049917060e-06
3614, 3.926990816987241e+00, 3.141592653589793e+00, 4.712388980384690e+00, 3.132556757544210e-03, 2.333486442963309e-10, -7.817826131340483e-08, -1.982454651829211e-06
3615, 4.319689898685965e+00, 3.141592653589793e+00, 4.712388980384690e+00, 3.132446438974340e-03, 3.384915392908782e-10, 8.928254295737740e-11, -1.982426784126581e-06
3616, 4.712388980384690e+00, 3.141592653589793e+00, 4.712388980384690e+00, 3.132298074339875e-03, 4.070409690477074e-10, 7.835831854291773e-08, -1.982430334780809e-06
3617, 5.105088062083414e+00, 3.141592653589793e+00, 4.712388980384690e+00, 3.132136297337902e-03, 4.269615258282612e-10, 1.017714493031700e-10, -1.982398665979851e-06
3618, 5.497787143782138e+00, 3.141592653589793e+00, 4.712388980384690e+00, 3.131974586225048e-03, 3.866403106065267e-10, -7.815462397022772e-08, -1.982401934908906e-06
3619, 5.890486225480862e+00, 3.141592653589793e+00, 4.712388980384690e+00, 3.131846750533553e-03, 2.745314179066859e-10, 1.145262515611536e-10, -1.982373586426499e-06
3620, 6.283185307179586e+00, 3.141592653589793e+00, 4.712388980384690e+00, 3.131775333478732e-03, 6.710269644009075e-11, 7.838127750618828e-08, -1.982384216020359e-06
3621, 0.000000000000000e+00, 3.534291735288517e+00, 4.712388980384690e+00, 2.955099779141903e-03, 6.499797723166443e-11, 8.255158938856492e-07, -1.845884892924503e-06
3622, 3.926990816987241e-01, 3.534291735288517e+00, 4.712388980384690e+00, 2.983434843255303e-03, 5.705102340473799e-08, 7.585123085745655e-07, -1.956739681795758e-06
3623, 7.853981633974483e-01, 3.534291735288517e+00, 4.712388980384690e+00, 3.011855447895885e-03, -3.297646634555933e-10, 6.913981220089208e-07, -2.067479079074959e-06
3624, 1.178097245096172e+00, 3.534291735288517e+00, 4.712388980384690e+00, 2.983679046142031e-03, -5.763530991289104e-08, 7.585604656127075e-07, -1.956759651384022e-06
3625, 1.570796326794897e+00, 3.534291735288517e+00, 4.712388980384690e+00, 2.955529143415750e-03, -4.123166135185258e-10, 8.255997026596386e-07, -1.845920548769538e-06
3626, 1.963495408493621e+00, 3.534291735288517e+00, 4.712388980384690e+00, 2.983992423059203e-03, 5.686390793423427e-08, 7.586178631092769e-07, -1.956786602324201e-06
3627, 2.356194490192345e+00, 3.534291735288517e+00, 4.712388980384690e+00, 3.012440465154329e-03, -2.822828147953588e-10, 6.915057546043415e-07, -2.067529578745794e-06
3628, 2.748893571891069e+00, 3.534291735288517e+00, 4.712388980384690e+00, 2.984208312305163e-03, -5.739873454214921e-08, 7.586553320016158e-07, -1.956806822202859e-06
3629, 3.141592653589793e+00, 3.534291735288517e+00, 4.712388980384690e+00, 2.955937708148747e-03, -3.409504681906213e-11, 8.256714811866909e-07, -1.845958147633435e-06
3630, 3.534291735288517e+00, 3.534291735288517e+00, 4.712388980384690e+00, 2.984234431285179e-03, 5.733391997170965e-08, 7.586599372880304e-07, -1.956809494354991e-06
3631, 3.926990816987241e+00, 3.534291735288517e+00, 4.712388980384690e+00, 3.012490071554524e-03, 2.274860528424678e-10, 6.915146165977260e-07, -2.067534549197174e-06
3632, 4.319689898685965e+00, 3.534291735288517e+00, 4.712388980384690e+00, 2.984060331913025e-03, -5.690233220700034e-08, 7.586302559132522e-07, -1.956793186659210e-06
3633, 4.712388980384690e+00, 3.534291735288517e+00, 4.712388980384690e+00, 2.955607743728749e-03, 3.962660005799960e-10, 8.256144607190971e-07, -1.845927873014285e-06
3634, 5.105088062083414e+00, 3.534291735288517e+00, 4.712388980384690e+00, 2.983758425201956e-03, 5.764737009268420e-08, 7.585758850472602e-07, -1.956766789014116e-06
3635, 5.497787143782138e+00, 3.534291735288517e+00, 4.712388980384690e+00, 3.011923461056058e-03, 3.755874710767904e-10, 6.914118365853635e-07, -2.067485090073962e-06
3636, 5.890486225480862e+00, 3.534291735288517e+00, 4.712388980384690e+00, 2.983477127674531e-03, -5.696580577084134e-08, 7.585211703521510e-07, -1.956743443384393e-06
3637, 6.283185307179586e+00, 3.534291735288517e+00, 4.712388980384690e+00, 2.955099779141903e-03, 6.499797723166443e-11, 8.255158938856492e-07, -1.845884892924503e-06
3638, 0.000000000000000e+00, 3.926990816987241e+00, 4.712388980384690e+00, 2.484527758556915e-03, 5.642175699821421e-11, -5.559156438599188e-06, -1.646158790443333e-06
3639, 3.926990816987241e-01, 3.926990816987241e+00, 4.712388980384690e+00, 2.535073516601068e-03, 1.713201116317157e-05, 1.534005317160883e-06, -1.845571224813078e-06
3640, 7.853981633974483e-01, 3.926990816987241e+00, 4.712388980384690e+00, 2.585750010603924e-03, -2.900965794755653e-10, 8.626969613898034e-06, -2.044258509138461e-06
3641, 1.178097245096172e+00, 3.926990816987241e+00, 4.712388980384690e+00, 2.535288555052505e-03, -1.713252617691641e-05, 1.534105504648139e-06, -1.845585458208004e-06
3642, 1.570796326794897e+00, 3.926990816987241e+00, 4.712388980384690e+00, 2.484906741361339e-03, -3.667144832731300e-10, -5.558982147572236e-06, -1.646184498140704e-06
3643, 1.963495408493621e+00, 3.926990816987241e+00, 4.712388980384690e+00, 2.535567199845325e-03, 1.713184057613574e-05, 1.534224751470564e-06, -1.845605672080480e-06
3644, 2.356194490192345e+00, 3.926990816987241e+00, 4.712388980384690e+00, 2.586269887733709e-03, -2.527990794445736e-10, 8.627193285294588e-06, -2.044296306493088e-06
3645, 2.748893571891069e+00, 3.926990816987241e+00, 4.712388980384690e+00, 2.535760411287968e-03, -1.713231881236229e-05, 1.534302619866532e-06, -1.845621367444474e-06
3646, 3.141592653589793e+00, 3.926990816987241e+00, 4.712388980384690e+00, 2.485271862402507e-03, -3.046345558672171e-11, -5.558832976360869e-06, -1.646213480695225e-06
3647, 3.534291735288517e+00, 3.926990816987241e+00, 4.712388980384690e+00, 2.535783731433379e-03, 1.713226099478426e-05, 1.534312250226572e-06, -1.845623438048739e-06
3648, 3.926990816987241e+00, 3.926990816987241e+00, 4.712388980384690e+00, 2.586314109587639e-03, 2.041810477751919e-10, 8.627211809792477e-06, -2.044300129798829e-06
3649, 4.319689898685965e+00, 3.926990816987241e+00, 4.712388980384690e+00, 2.535627581142434e-03, -1.713187425696713e-05, 1.534250643711187e-06, -1.845610673149470e-06
3650, 4.712388980384690e+00, 3.926990816987241e+00, 4.712388980384690e+00, 2.484976379600710e-03, 3.532330713319491e-10, -5.558951324483995e-06, -1.646189961403046e-06
3651, 5.105088062083414e+00, 3.926990816987241e+00, 4.712388980384690e+00, 2.535358570690632e-03, 1.713253771285752e-05, 1.534137710006400e-06, -1.845590663118929e-06
3652, 5.497787143782138e+00, 3.926990816987241e+00, 4.712388980384690e+00, 2.585809693612206e-03, 3.311742819408537e-10, 8.626998271357178e-06, -2.044262787241821e-06
3653, 5.890486225480862e+00, 3.926990816987241e+00, 4.712388980384690e+00, 2.535110416181779e-03, -1.713193620961165e-05, 1.534023846539103e-06, -1.845573841526639e-06
3654, 6.283185307179586e+00, 3.926990816987241e+00, 4.712388980384690e+00, 2.484527758556915e-03, 5.642175699821421e-11, -5.559156438599188e-06, -1.646158790443333e-06
3655, 0.000000000000000e+00, 4.319689898685965e+00, 4.712388980384690e+00, 1.768381555908296e-03, 4.265109365648569e-11, -1.395299508038919e-04, -1.480341591240257e-06
3656, 3.926990816987241e-01, 4.319689898685965e+00, 4.712388980384690e+00, 1.786073481983545e-03, 2.118351955268730e-04, 2.293789863905036e-06, -1.545110152186382e-06
3657, 7.853981633974483e-01, 4.319689898685965e+00, 4.712388980384690e+00, 1.803856973373638e-03, -2.266920770811148e-10, 1.441181196145697e-04, -1.609310229427524e-06
3658, 1.178097245096172e+00, 4.319689898685965e+00, 4.712388980384690e+00, 1.786241905664412e-03, -2.118355998229492e-04, 2.293926769432928e-06, -1.545115272882375e-06
3659, 1.570796326794897e+00, 4.319689898685965e+00, 4.712388980384690e+00, 1.768680033294458e-03, -2.938835316204322e-10, -1.395297126574705e-04, -1.480351504404452e-06
3660, 1.963495408493621e+00, 4.319689898685965e+00, 4.712388980384690e+00, 1.786465077369407e-03, 2.118350512835687e-04, 2.294089649817697e-06, -1.545124808544733e-06
3661, 2.356194490192345e+00, 4.319689898685965e+00, 4.712388980384690e+00, 1.804272786076735e-03, -2.056594798622121e-10, 1.441184251992168e-04, -1.609327882998256e-06
3662, 2.748893571891069e+00, 4.319689898685965e+00, 4.712388980384690e+00, 1.786622032098206e-03, -2.118354390578983e-04, 2.294196184401078e-06, -1.545133324359537e-06
3663, 3.141592653589793e+00, 4.319689898685965e+00, 4.712388980384690e+00, 1.768975711594464e-03, -2.463195922053933e-11, -1.395295086387733e-04, -1.480366818585835e-06
3664, 3.534291735288517e+00, 4.319689898685965e+00, 4.712388980384690e+00, 1.786640859203179e-03, 2.118353924691043e-04, 2.294209408225400e-06, -1.545134436347908e-06
3665, 3.926990816987241e+00, 4.319689898685965e+00, 4.712388980384690e+00, 1.804308368069391e-03, 1.669416374362573e-10, 1.441184506196462e-04, -1.609329879829066e-06
3666, 4.319689898685965e+00, 4.319689898685965e+00, 4.712388980384690e+00, 1.786513388018831e-03, -2.118350773787705e-04, 2.294125150171559e-06, -1.545127291120913e-06
3667, 4.712388980384690e+00, 4.319689898685965e+00, 4.712388980384690e+00, 1.768735308696809e-03, 2.845046053143332e-10, -1.395296704311115e-04, -1.480354007938588e-06
3668, 5.105088062083414e+00, 4.319689898685965e+00, 4.712388980384690e+00, 1.786296917764093e-03, 2.118356105230246e-04, 2.293970872644920e-06, -1.545117399867679e-06
3669, 5.497787143782138e+00, 4.319689898685965e+00, 4.712388980384690e+00, 1.803903303493499e-03, 2.601854834084792e-10, 1.441181588747862e-04, -1.609311740859710e-06
3670, 5.890486225480862e+00, 4.319689898685965e+00, 4.712388980384690e+00, 1.786101743445921e-03, -2.118351370176301e-04, 2.293815275003652e-06, -1.545110936796647e-06
3671, 6.283185307179586e+00, 4.319689898685965e+00, 4.712388980384690e+00, 1.768381555908296e-03, 4.265109365648569e-11, -1.395299508038919e-04, -1.480341591240257e-06
3672, 0.000000000000000e+00, 4.712388980384690e+00, 4.712388980384690e+00, 8.841294772860511e-04, 2.575894733382733e-11, -9.733046787633409e-04, -1.387405635062493e-06
3673, 3.926990816987241e-01, 4.712388980384690e+00, 4.712388980384690e+00, 7.668500120810440e-04, 9.754207466266320e-04, 2.906874161095595e-06, -8.955136259846782e-07
3674, 7.853981633974483e-01, 4.712388980384690e+00, 4.712388980384690e+00, 6.491567736758283e-04, -1.493072611756842e-10, 9.791142694334793e-04, -4.120321637416369e-07
3675, 1.178097245096172e+00, 4.712388980384690e+00, 4.712388980384690e+00, 7.669615380550140e-04, -9.754210157472453e-04, 2.907026600638043e-06, -8.955076288938742e-07
3676, 1.570796326794897e+00, 4.712388980384690e+00, 4.712388980384690e+00, 8.843296862756492e-04, -2.049437641969281e-10, -9.733044134357053e-04, -1.387396275863196e-06
3677, 1.963495408493621e+00, 4.712388980384690e+00, 4.712388980384690e+00, 7.671169670349300e-04, 9.754206346020815e-04, 2.907208262215942e-06, -8.955041214204268e-07
3678, 2.356194490192345e+00, 4.712388980384690e+00, 4.712388980384690e+00, 6.494454807234632e-04, -1.479458957534292e-10, 9.791146102336962e-04, -4.120252033450083e-07
3679, 2.748893571891069e+00, 4.712388980384690e+00, 4.712388980384690e+00, 7.672295390514203e-04, -9.754209116784464e-04, 2.907327460727748e-06, -8.955038302394844e-07
3680, 3.141592653589793e+00, 4.712388980384690e+00, 4.712388980384690e+00, 8.845404034345324e-04, -1.746591597855468e-11, -9.733041852935220e-04, -1.387394840437292e-06
3681, 3.534291735288517e+00, 4.712388980384690e+00, 4.712388980384690e+00, 7.672428470154899e-04, 9.754208788775331e-04, 2.907342312691011e-06, -8.955037608865947e-07
3682, 3.926990816987241e+00, 4.712388980384690e+00, 4.712388980384690e+00, 6.494704564280665e-04, 1.213573441717358e-10, 9.791146387597338e-04, -4.120249527900016e-07
3683, 4.319689898685965e+00, 4.712388980384690e+00, 4.712388980384690e+00, 7.671504748731774e-04, -9.754206514393999e-04, 2.907248053724182e-06, -8.955035125133610e-07
3684, 4.712388980384690e+00, 4.712388980384690e+00, 4.712388980384690e+00, 8.843673684906816e-04, 2.005392478445027e-10, -9.733043661768277e-04, -1.387395154219624e-06
3685, 5.105088062083414e+00, 4.712388980384690e+00, 4.712388980384690e+00, 7.669981874520813e-04, 9.754210254026134e-04, 2.907075884393149e-06, -8.955059875634760e-07
3686, 5.497787143782138e+00, 4.712388980384690e+00, 4.712388980384690e+00, 6.491867606142324e-04, 1.735454243773812e-10, 9.791143132866543e-04, -4.120302809897520e-07
3687, 5.890486225480862e+00, 4.712388980384690e+00, 4.712388980384690e+00, 7.668676901774970e-04, -9.754207082243297e-04, 2.906902585891645e-06, -8.955121549564505e-07
3688, 6.283185307179586e+00, 4.712388980384690e+00, 4.712388980384690e+00, 8.841294772860511e-04, 2.575894733382733e-11, -9.733046787633409e-04, -1.387405635062493e-06
3689, 0.000000000000000e+00, 5.105088062083414e+00, 4.712388980384690e+00, -1.105988963244197e-04, 8.355874385150979e-12, -3.563575817321711e-03, -1.049788899151658e-06
3690, 3.926990816987241e-01, 5.105088062083414e+00, 4.712388980384690e+00, -4.198624770680142e-04, 2.382274733335139e-03, 3.137947566142753e-06, 2.425006179753041e-07
3691, 7.853981633974483e-01, 5.105088062083414e+00, 4.712388980384690e+00, -7.300822397182635e-04, -7.001601956885519e-11, 3.569800454671034e-03, 1.497105562580400e-06
3692, 1.178097245096172e+00, 5.105088062083414e+00, 4.712388980384690e+00, -4.198092591709522e-04, -2.382274863784368e-03, 3.138091539595675e-06, 2.425179819420771e-07
3693, 1.570796326794897e+00, 5.105088062083414e+00, 4.712388980384690e+00, -1.104994862694724e-04, -1.134387804962508e-10, -3.563575566139380e-03, -1.049759788319161e-06
3694, 1.963495408493621e+00, 5.105088062083414e+00, 4.712388980384690e+00, -4.197235232342306e-04, 2.382274654814324e-03, 3.138264397117043e-06, 2.425349640809852e-07
3695, 2.356194490192345e+00, 5.105088062083414e+00, 4.712388980384690e+00, -7.299242703803928e-04, -8.830217863685559e-11, 3.569800778637969e-03, 1.497137934776976e-06
3696, 2.748893571891069e+00, 5.105088062083414e+00, 4.712388980384690e+00, -4.196568002909030e-04, -2.382274817594647e-03, 3.138378372410303e-06, 2.425444350204370e-07
3697, 3.141592653589793e+00, 5.105088062083414e+00, 4.712388980384690e+00, -1.103764621891614e-04, -1.003407406449972e-11, -3.563575348141962e-03, -1.049740927090080e-06
3698, 3.534291735288517e+00, 5.105088062083414e+00, 4.712388980384690e+00, -4.196492145305265e-04, 2.382274799085460e-03, 3.138392632054562e-06, 2.425457417581849e-07
3699, 3.926990816987241e+00, 5.105088062083414e+00, 4.712388980384690e+00, -7.299102847172264e-04, 7.425841590571941e-11, 3.569800806004733e-03, 1.497140535295698e-06
3700, 4.319689898685965e+00, 5.105088062083414e+00, 4.712388980384690e+00, -4.197053351553066e-04, -2.382274662134629e-03, 3.138302531547560e-06, 2.425387944939083e-07
3701, 4.712388980384690e+00, 5.105088062083414e+00, 4.712388980384690e+00, -1.104799764504846e-04, 1.140623921428536e-10, -3.563575520947243e-03, -1.049754906759276e-06
3702, 5.105088062083414e+00, 5.105088062083414e+00, 4.712388980384690e+00, -4.197915334609966e-04, 2.382274872257487e-03, 3.138138490858645e-06, 2.425235138664881e-07
3703, 5.497787143782138e+00, 5.105088062083414e+00, 4.712388980384690e+00, -7.300690688365027e-04, 8.471228305800695e-11, 3.569800496301547e-03, 1.497110943926207e-06
3704, 5.890486225480862e+00, 5.105088062083414e+00, 4.712388980384690e+00, -4.198556942625413e-04, -2.382274715582552e-03, 3.137974555353579e-06, 2.425044233358095e-07
3705, 6.283185307179586e+00, 5.105088062083414e+00, 4.712388980384690e+00, -1.105988963244197e-04, 8.355874385150979e-12, -3.563575817321711e-03, -1.049788899151658e-06
3706, 0.000000000000000e+00, 5.497787143782138e+00, 4.712388980384690e+00, -1.159599896663397e-03, -6.763090251627244e-12, -8.283045019685039e-03, 7.336730878216787e-08
3707, 3.926990816987241e-01, 5.497787143782138e+00, 4.712388980384690e+00, -1.571888649150086e-03, 3.431309383059835e-03, 2.741804877995421e-06, 1.796710508875094e-06
3708, 7.853981633974483e-01, 5.497787143782138e+00, 4.712388980384690e+00, -1.984632267631048e-03, -1.428191881058326e-12, 8.288372926190864e-03, 3.459975490383081e-06
3709, 1.178097245096172e+00, 5.497787143782138e+00, 4.712388980384690e+00, -1.571885909528795e-03, -3.431309393123121e-03, 2.741917424517741e-06, 1.796737573389704e-06
3710, 1.570796326794897e+00, 5.497787143782138e+00, 4.712388980384690e+00, -1.159588023915871e-03, -3.318121216376459e-11, -8.283044822289252e-03, 7.341342414692656e-08
3711, 1.963495408493621e+00, 5.497787143782138e+00, 4.712388980384690e+00, -1.571861275287734e-03, 3.431309334931207e-03, 2.742055478738951e-06, 1.796766460408986e-06
3712, 2.356194490192345e+00, 5.497787143782138e+00, 4.712388980384690e+00, -1.984588754967589e-03, -3.568969996256565e-11, 8.288373184201258e-03, 3.460030229728756e-06
3713, 2.748893571891069e+00, 5.497787143782138e+00, 4.712388980384690e+00, -1.571834970464279e-03, -3.431309397001975e-03, 2.742147013738217e-06, 1.796784163727017e-06
3714, 3.141592653589793e+00, 5.497787143782138e+00, 4.712388980384690e+00, -1.159542230156143e-03, -3.458868965804012e-12, -8.283044647309961e-03, 7.344787169182395e-08
3715, 3.534291735288517e+00, 5.497787143782138e+00, 4.712388980384690e+00, -1.571832447644893e-03, 3.431309391139235e-03, 2.742158514116925e-06, 1.796786583493776e-06
3716, 3.926990816987241e+00, 5.497787143782138e+00, 4.712388980384690e+00, -1.984584491030599e-03, 3.273694610174296e-11, 8.288373206267553e-03, 3.460034942003544e-06
3717, 4.319689898685965e+00, 5.497787143782138e+00, 4.712388980384690e+00, -1.571856627148824e-03, -3.431309333890810e-03, 2.742086220092444e-06, 1.796773177500612e-06
3718, 4.712388980384690e+00, 5.497787143782138e+00, 4.712388980384690e+00, -1.159584538100993e-03, 3.809168481132908e-11, -8.283044785933804e-03, 7.342165258958360e-08
3719, 5.105088062083414e+00, 5.497787143782138e+00, 4.712388980384690e+00, -1.571884794323109e-03, 3.431309400306118e-03, 2.741954956397363e-06, 1.796746525397910e-06
3720, 5.497787143782138e+00, 5.497787143782138e+00, 4.712388980384690e+00, -1.984633764626440e-03, 7.582026988883987e-12, 8.288372959090797e-03, 3.459983898710615e-06
3721, 5.890486225480862e+00, 5.497787143782138e+00, 4.712388980384690e+00, -1.571891328404558e-03, -3.431309383259938e-03, 2.741825958057802e-06, 1.796716316256867e-06
3722, 6.283185307179586e+00, 5.497787143782138e+00, 4.712388980384690e+00, -1.159599896663397e-03, -6.763090251627244e-12, -8.283045019685039e-03, 7.336730878216787e-08
3723, 0.000000000000000e+00, 5.890486225480862e+00, 4.712388980384690e+00, -2.121513956191965e-03, -1.704630135881985e-11, -1.336314699694672e-02, 2.035114546184263e-06
3724, 3.926990816987241e-01, 5.890486225480862e+00, 4.712388980384690e+00, -2.420491114826751e-03, 2.657993710351041e-03, 1.626105235315950e-06, 3.273287423502078e-06
3725, 7.853981633974483e-01, 5.890486225480862e+00, 4.712388980384690e+00, -2.719759976508520e-03, 4.558852320012078e-11, 1.336622126690510e-02, 4.490277374432580e-06
3726, 1.178097245096172e+00, 5.890486225480862e+00, 4.712388980384690e+00, -2.420523069273613e-03, -2.657993637361735e-03, 1.626169180196126e-06, 3.273320858188501e-06
3727, 1.570796326794897e+00, 5.890486225480862e+00, 4.712388980384690e+00, -2.121562615887321e-03, 2.384866574672319e-11, -1.336314688455701e-02, 2.035172047967276e-06
3728, 1.963495408493621e+00, 5.890486225480862e+00, 4.712388980384690e+00, -2.420541786866698e-03, 2.657993685879820e-03, 1.626251761076490e-06, 3.273358292772852e-06
3729, 2.356194490192345e+00, 5.890486225480862e+00, 4.712388980384690e+00, -2.719797364209723e-03, 1.840604354883483e-12, 1.336622142048682e-02, 4.490348019588937e-06
3730, 2.748893571891069e+00, 5.890486225480862e+00, 4.712388980384690e+00, -2.420544297818073e-03, -2.657993676150771e-03, 1.626306686854823e-06, 3.273382024744256e-06
3731, 3.141592653589793e+00, 5.890486225480862e+00, 4.712388980384690e+00, -2.121571852056663e-03, 1.244999906453383e-12, -1.336314677955282e-02, 2.035217877631638e-06
3732, 3.534291735288517e+00, 5.890486225480862e+00, 4.712388980384690e+00, -2.420545398669956e-03, 2.657993679343416e-03, 1.626313625639476e-06, 3.273385258695043e-06
3733, 3.926990816987241e+00, 5.890486225480862e+00, 4.712388980384690e+00, -2.719800061264238e-03, 3.160752944671375e-12, 1.336622143381044e-02, 4.490354277239252e-06
3734, 4.319689898685965e+00, 5.890486225480862e+00, 4.712388980384690e+00, -2.420546836072831e-03, -2.657993678850737e-03, 1.626270348189106e-06, 3.273367122070595e-06
3735, 4.712388980384690e+00, 5.890486225480862e+00, 4.712388980384690e+00, -2.121570591878208e-03, -1.595475089339739e-11, -1.336314686257746e-02, 2.035182711086514e-06
3736, 5.105088062083414e+00, 5.890486225480862e+00, 4.712388980384690e+00, -2.420533764254394e-03, 2.657993643296318e-03, 1.626191746994261e-06, 3.273332244476447e-06
3737, 5.497787143782138e+00, 5.890486225480862e+00, 4.712388980384690e+00, -2.719771736415783e-03, -4.605134807498277e-11, 1.336622128623265e-02, 4.490287833520834e-06
3738, 5.890486225480862e+00, 5.890486225480862e+00, 4.712388980384690e+00, -2.420500229579463e-03, -2.657993723067438e-03, 1.626116623018237e-06, 3.273294485148122e-06
3739, 6.283185307179586e+00, 5.890486225480862e+00, 4.712388980384690e+00, -2.121513956191965e-03, -1.704630135881985e-11, -1.336314699694672e-02, 2.035114546184263e-06
3740, 0.000000000000000e+00, 6.283185307179586e+00, 4.712388980384690e+00, -2.733858758412484e-03, -1.892177429525328e-11, -1.560837008831312e-02, 3.908699705318753e-06
3741, 3.926990816987241e-01, 6.283185307179586e+00, 4.712388980384690e+00, -2.733492888475334e-03, 4.142009548693948e-11, -1.363088334938567e-10, 3.898995481756045e-06
3742, 7.853981633974483e-01, 6.283185307179586e+00, 4.712388980384690e+00, -2.733885148031713e-03, 6.489238111573803e-11, 1.560836982159125e-02, 3.908719068191365e-06
3743, 1.178097245096172e+00, 6.283185307179586e+00, 4.712388980384690e+00, -2.733539036245243e-03, 6.313223291423473e-11, -1.254924010361910e-10, 3.899031252970788e-06
3744, 1.570796326794897e+00, 6.283185307179586e+00, 4.712388980384690e+00, -2.733932110269844e-03, 4.900747888915383e-11, -1.560837007204456e-02, 3.908761050506649e-06
3745, 1.963495408493621e+00, 6.283185307179586e+00, 4.712388980384690e+00, -2.733576758551942e-03, 3.226239219309796e-11, -1.118358931328832e-10, 3.899072513749572e-06
3746, 2.356194490192345e+00, 6.283185307179586e+00, 4.712388980384690e+00, -2.733957796088959e-03, 1.833766043744113e-11, 1.560836984714770e-02, 3.908796736077005e-06
3747, 2.748893571891069e+00, 6.283185307179586e+00, 4.712388980384690e+00, -2.733591901760636e-03, 9.053702568676658e-12, -1.027769648831018e-10, 3.899099010328477e-06
3748, 3.141592653589793e+00, 6.283185307179586e+00, 4.712388980384690e+00, -2.733965485013699e-03, 3.327869788111669e-12, -1.560837005468946e-02, 3.908812083254318e-06
3749, 3.534291735288517e+00, 6.283185307179586e+00, 4.712388980384690e+00, -2.733594603705738e-03, -1.843859721945308e-12, -1.015914983481981e-10, 3.899102616370201e-06
3750, 3.926990816987241e+00, 6.283185307179586e+00, 4.712388980384690e+00, -2.733963572680898e-03, -9.789535819512032e-12, 1.560836984943084e-02, 3.908803700609071e-06
3751, 4.319689898685965e+00, 6.283185307179586e+00, 4.712388980384690e+00, -2.733586107349661e-03, -2.253106615295640e-11, -1.086279973915085e-10, 3.899082312071919e-06
3752, 4.712388980384690e+00, 6.283185307179586e+00, 4.712388980384690e+00, -2.733945181138825e-03, -3.972597408428256e-11, -1.560837006823284e-02, 3.908772827257903e-06
3753, 5.105088062083414e+00, 6.283185307179586e+00, 4.712388980384690e+00, -2.733554977004346e-03, -5.782804508008522e-11, -1.215295595099911e-10, 3.899043725671880e-06
3754, 5.497787143782138e+00, 6.283185307179586e+00, 4.712388980384690e+00, -2.733901359219397e-03, -6.912449778835524e-11, 1.560836982513772e-02, 3.908730358003197e-06
3755, 5.890486225480862e+00, 6.283185307179586e+00, 4.712388980384690e+00, -2.733504438883193e-03, -6.165897835495924e-11, -1.339982000247624e-10, 3.899002857775939e-06
3756, 6.283185307179586e+00, 6.283185307179586e+00, 4.712388980384690e+00, -2.733858758412484e-03, -1.892177429525328e-11, -1.560837008831312e-02, 3.908699705318753e-06
3757, 0.000000000000000e+00, 0.000000000000000e+00, 5.105088062083414e+00, -4.541861669135662e-03, -2.325907468030961e-11, -5.704928219919011e-02, 5.425421104242476e-06
3758, 3.926990816987241e-01, 0.000000000000000e+00, 5.105088062083414e+00, -4.510358478746202e-03, 5.198771025309058e-11, -1.504401001626214e-10, 5.240651001065376e-06
3759, 7.853981633974483e-01, 0.000000000000000e+00, 5.105088062083414e+00, -4.541895218168570e-03, 8.322698724423088e-11, 5.704928190545494e-02, 5.425438929105961e-06
3760, 1.178097245096172e+00, 0.000000000000000e+00, 5.105088062083414e+00, -4.510418038741803e-03, 8.414902135773575e-11, -1.381807825645216e-10, 5.240683421798206e-06
3761, 1.570796326794897e+00, 0.000000000000000e+00, 5.105088062083414e+00, -4.541957977633449e-03, 6.970451172751426e-11, -5.704928218174739e-02, 5.425477262737069e-06
3762, 1.963495408493621e+00, 0.000000000000000e+00, 5.105088062083414e+00, -4.510471517372598e-03, 5.030098898638604e-11, -1.238855186142567e-10, 5.240722424749441e-06
3763, 2.356194490192345e+00, 0.000000000000000e+00, 5.105088062083414e+00, -4.541997479592472e-03, 3.168061086066173e-11, 5.704928193291051e-02, 5.425512063065227e-06
3764, 2.748893571891069e+00, 0.000000000000000e+00, 5.105088062083414e+00, -4.510496921845555e-03, 1.669315985261659e-11, -1.140764028007180e-10, 5.240748237397025e-06
3765, 3.141592653589793e+00, 0.000000000000000e+00, 5.105088062083414e+00, -4.542011061351319e-03, 5.156032167568700e-12, -5.704928216313599e-02, 5.425526693000709e-06
3766, 3.534291735288517e+00, 0.000000000000000e+00, 5.105088062083414e+00, -4.510501032277681e-03, -5.950852682817934e-12, -1.127836320883547e-10, 5.240751810239320e-06
3767, 3.926990816987241e+00, 0.000000000000000e+00, 5.105088062083414e+00, -4.542005972259736e-03, -1.999299032663814e-11, 5.704928193541110e-02, 5.425518943498416e-06
3768, 4.319689898685965e+00, 0.000000000000000e+00, 5.105088062083414e+00, -4.510484674620100e-03, -3.813703081950127e-11, -1.203725303949284e-10, 5.240732041208767e-06
3769, 4.712388980384690e+00, 0.000000000000000e+00, 5.105088062083414e+00, -4.541975599012653e-03, -5.906994541887052e-11, -5.704928217767279e-02, 5.425488677850665e-06
3770, 5.105088062083414e+00, 0.000000000000000e+00, 5.105088062083414e+00, -4.510438757591203e-03, -7.901828571141777e-11, -1.340495228447040e-10, 5.240695278140947e-06
3771, 5.497787143782138e+00, 0.000000000000000e+00, 5.105088062083414e+00, -4.541915718748138e-03, -8.980473914932530e-11, 5.704928190916420e-02, 5.425449455795945e-06
3772, 5.890486225480862e+00, 0.000000000000000e+00, 5.105088062083414e+00, -4.510372822257335e-03, -7.765397292013138e-11, -1.480412092267626e-10, 5.240657839053844e-06
3773, 6.283185307179586e+00, 0.000000000000000e+00, 5.105088062083414e+00, -4.541861669135662e-03, -2.325907468030961e-11, -5.704928219919011e-02, 5.425421104242476e-06
3774, 0.000000000000000e+00, 3.926990816987241e-01, 5.105088062083414e+00, -4.849261797113600e-03, -2.464276746519996e-11, -4.885057984581893e-02, 6.571877950291069e-06
3775, 3.926990816987241e-01, 3.926990816987241e-01, 5.105088062083414e+00, -3.860968650862986e-03, -9.714751644689436e-03, -3.791313172979491e-06, 4.116259346444297e-06
3776, 7.853981633974483e-01, 3.926990816987241e-01, 5.105088062083414e+00, -2.816970958971611e-03, 7.394552013467166e-11, 4.884503012304568e-02, 1.338083057221204e-06
3777, 1.178097245096172e+00, 3.926990816987241e-01, 5.105088062083414e+00, -3.861021517819194e-03, 9.714751766936107e-03, -3.791359342417251e-06, 4.116290578128136e-06
3778, 1.570796326794897e+00, 3.926990816987241e-01, 5.105088062083414e+00, -4.849346144952665e-03, 5.687061906722364e-11, -4.885057992675471e-02, 6.571932416702665e-06
3779, 1.963495408493621e+00, 3.926990816987241e-01, 5.105088062083414e+00, -3.861065370746956e-03, -9.714751656284507e-03, -3.791422772943660e-06, 4.116327348756605e-06
3780, 2.356194490192345e+00, 3.926990816987241e-01, 5.105088062083414e+00, -2.817055485755453e-03, 2.330811368577150e-11, 4.884503000579785e-02, 1.338152180136031e-06
3781, 2.748893571891069e+00, 3.926990816987241e-01, 5.105088062083414e+00, -3.861084366071869e-03, 9.714751707162610e-03, -3.791465096254807e-06, 4.116351658737151e-06
3782, 3.141592653589793e+00, 3.926990816987241e-01, 5.105088062083414e+00, -4.849386980953609e-03, 4.108158808574601e-12, -4.885058000735199e-02, 6.571978955653050e-06
3783, 3.534291735288517e+00, 3.926990816987241e-01, 5.105088062083414e+00, -3.861087680311967e-03, -9.714751698425172e-03, -3.791470391078924e-06, 4.116355028748315e-06
3784, 3.926990816987241e+00, 3.926990816987241e-01, 5.105088062083414e+00, -2.817062452401738e-03, -1.337613733780098e-11, 4.884502999561492e-02, 1.338158679517048e-06
3785, 4.319689898685965e+00, 3.926990816987241e-01, 5.105088062083414e+00, -3.861076406994658e-03, 9.714751667128702e-03, -3.791436890948890e-06, 4.116336439749590e-06
3786, 4.712388980384690e+00, 3.926990816987241e-01, 5.105088062083414e+00, -4.849361269216239e-03, -4.684505661639794e-11, -4.885057994340738e-02, 6.571943210079578e-06
3787, 5.105088062083414e+00, 3.926990816987241e-01, 5.105088062083414e+00, -3.861039710076666e-03, -9.714751761301410e-03, -3.791376427894575e-06, 4.116301803180001e-06
3788, 5.497787143782138e+00, 3.926990816987241e-01, 5.105088062083414e+00, -2.816989450397932e-03, -7.804652364008510e-11, 4.884503010881000e-02, 1.338093079642746e-06
3789, 5.890486225480862e+00, 3.926990816987241e-01, 5.105088062083414e+00, -3.860982201245197e-03, 9.714751623922036e-03, -3.791320841773776e-06, 4.116266009106719e-06
3790, 6.283185307179586e+00, 3.926990816987241e-01, 5.105088062083414e+00, -4.849261797113600e-03, -2.464276746519996e-11, -4.885057984581893e-02, 6.571877950291069e-06
3791, 0.000000000000000e+00, 7.853981633974483e-01, 5.105088062083414e+00, -3.580059593974270e-03, -1.589269917874571e-11, -3.028819341336172e-02, 4.844379310718644e-06
3792, 3.926990816987241e-01, 7.853981633974483e-01, 5.105088062083414e+00, -2.264135182950637e-03, -1.254111743071207e-02, -5.243414240368838e-06, 1.721337959345016e-06
3793, 7.853981633974483e-01, 7.853981633974483e-01, 5.105088062083414e+00, -7.858045346095887e-04, 3.384256128770874e-11, 3.027977233758132e-02, -2.345319283676810e-06
3794, 1.178097245096172e+00, 7.853981633974483e-01, 5.105088062083414e+00, -2.264158439734702e-03, 1.254111748244473e-02, -5.243517286238979e-06, 1.721364032116890e-06
3795, 1.570796326794897e+00, 7.853981633974483e-01, 5.105088062083414e+00, -3.580092357234593e-03, 6.982708577447874e-12, -3.028819359437047e-02, 4.844424421929586e-06
3796, 1.963495408493621e+00, 7.853981633974483e-01, 5.105088062083414e+00, -2.264164453359064e-03, -1.254111746482300e-02, -5.243646614507494e-06, 1.721393318987972e-06
3797, 2.356194490192345e+00, 7.853981633974483e-01, 5.105088062083414e+00, -7.858185766606411e-04, -9.603078346429444e-12, 3.027977209580490e-02, -2.345264018636941e-06
3798, 2.748893571891069e+00, 7.853981633974483e-01, 5.105088062083414e+00, -2.264158158938562e-03, 1.254111745270700e-02, -5.243733112371702e-06, 1.721412247913457e-06
3799, 3.141592653589793e+00, 7.853981633974483e-01, 5.105088062083414e+00, -3.580084954529368e-03, -2.581498570143069e-14, -3.028819375893281e-02, 4.844460854863496e-06
3800, 3.534291735288517e+00, 7.853981633974483e-01, 5.105088062083414e+00, -2.264158294293673e-03, -1.254111745190644e-02, -5.243743959665848e-06, 1.721414888544838e-06
3801, 3.926990816987241e+00, 7.853981633974483e-01, 5.105088062083414e+00, -7.858194443904864e-04, 1.260429770058364e-11, 3.027977207494461e-02, -2.345258902122219e-06
3802, 4.319689898685965e+00, 7.853981633974483e-01, 5.105088062083414e+00, -2.264167015731832e-03, 1.254111747049576e-02, -5.243675551809318e-06, 1.721400538495110e-06
3803, 4.712388980384690e+00, 7.853981633974483e-01, 5.105088062083414e+00, -3.580097504113036e-03, 5.594328516993135e-13, -3.028819362843873e-02, 4.844433086498234e-06
3804, 5.105088062083414e+00, 7.853981633974483e-01, 5.105088062083414e+00, -2.264166407345561e-03, -1.254111747553125e-02, -5.243552425020117e-06, 1.721373157610920e-06
3805, 5.497787143782138e+00, 7.853981633974483e-01, 5.105088062083414e+00, -7.858142165240580e-04, -3.202984582576749e-11, 3.027977230694328e-02, -2.345310997276605e-06
3806, 5.890486225480862e+00, 7.853981633974483e-01, 5.105088062083414e+00, -2.264143273692822e-03, 1.254111742065391e-02, -5.243433651862612e-06, 1.721343586058331e-06
3807, 6.283185307179586e+00, 7.853981633974483e-01, 5.105088062083414e+00, -3.580059593974270e-03, -1.589269917874571e-11, -3.028819341336172e-02, 4.844379310718644e-06
3808, 0.000000000000000e+00, 1.178097245096172e+00, 5.105088062083414e+00, -1.406043106185545e-03, -9.054559962077401e-13, -1.304038110825506e-02, 2.092786087110473e-06
3809, 3.926990816987241e-01, 1.178097245096172e+00, 5.105088062083414e+00, -4.103611899903314e-04, -8.706944241119029e-03, -4.776706464502268e-06, -3.169434744451172e-07
3810, 7.853981633974483e-01, 1.178097245096172e+00, 5.105088062083414e+00, 6.793463808383251e-04, -3.234687659412732e-11, 1.303178446593868e-02, -3.271550977244920e-06
3811, 1.178097245096172e+00, 1.178097245096172e+00, 5.105088062083414e+00, -4.103355610189980e-04, 8.706944176124025e-03, -4.776851360960719e-06, -3.169259006862038e-07
3812, 1.570796326794897e+00, 1.178097245096172e+00, 5.105088062083414e+00, -1.405990941291535e-03, -7.185437541571678e-11, -1.304038136118086e-02, 2.092815911952989e-06
3813, 1.963495408493621e+00, 1.178097245096172e+00, 5.105088062083414e+00, -4.102816286965711e-04, -8.706944306304309e-03, -4.777026920194531e-06, -3.169079641499480e-07
3814, 2.356194490192345e+00, 1.178097245096172e+00, 5.105088062083414e+00, 6.794445161477111e-04, -6.160872592415406e-11, 1.303178413648830e-02, -3.271516887689136e-06
3815, 2.748893571891069e+00, 1.178097245096172e+00, 5.105088062083414e+00, -4.102354021639863e-04, 8.706944194754146e-03, -4.777143752491049e-06, -3.168972685000210e-07
3816, 3.141592653589793e+00, 1.178097245096172e+00, 5.105088062083414e+00, -1.405907345124329e-03, -6.546809896142015e-12, -1.304038158380044e-02, 2.092836899252194e-06
3817, 3.534291735288517e+00, 1.178097245096172e+00, 5.105088062083414e+00, -4.102305195707718e-04, -8.706944206478780e-03, -4.777158403273046e-06, -3.168957413989663e-07
3818, 3.926990816987241e+00, 1.178097245096172e+00, 5.105088062083414e+00, 6.794532730272785e-04, 5.367363725001431e-11, 1.303178410833900e-02, -3.271513878676268e-06
3819, 4.319689898685965e+00, 1.178097245096172e+00, 5.105088062083414e+00, -4.102708128742332e-04, 8.706944303796652e-03, -4.777066030122786e-06, -3.169036025352732e-07
3820, 4.712388980384690e+00, 1.178097245096172e+00, 5.105088062083414e+00, -1.405980300823650e-03, 7.528948059759594e-11, -1.304038140734953e-02, 2.092821325854147e-06
3821, 5.105088062083414e+00, 1.178097245096172e+00, 5.105088062083414e+00, -4.103272201591502e-04, -8.706944167789995e-03, -4.776899253855658e-06, -3.169199788604817e-07
3822, 5.497787143782138e+00, 1.178097245096172e+00, 5.105088062083414e+00, 6.793510560080952e-04, 4.264971874532499e-11, 1.303178442353124e-02, -3.271545390643372e-06
3823, 5.890486225480862e+00, 1.178097245096172e+00, 5.105088062083414e+00, -4.103600318754928e-04, 8.706944248581334e-03, -4.776733884063994e-06, -3.169395576425890e-07
3824, 6.283185307179586e+00, 1.178097245096172e+00, 5.105088062083414e+00, -1.406043106185545e-03, -9.054559962077401e-13, -1.304038110825506e-02, 2.092786087110473e-06
3825, 0.000000000000000e+00, 1.570796326794897e+00, 5.105088062083414e+00, 8.336353119858573e-04, 1.751750900037743e-11, -3.571518809144885e-03, -4.345889615466451e-07
3826, 3.926990816987241e-01, 1.570796326794897e+00, 5.105088062083414e+00, 1.213220231717173e-03, -3.565035526211107e-03, -3.695996175320716e-06, -1.387382821907291e-06
3827, 7.853981633974483e-01, 1.570796326794897e+00, 5.105088062083414e+00, 1.610618786818039e-03, -1.147213315304678e-10, 3.564337671945848e-03, -2.442305628553583e-06
3828, 1.178097245096172e+00, 1.570796326794897e+00, 5.105088062083414e+00, 1.213306516057671e-03, 3.565035316756862e-03, -3.696159641176249e-06, -1.387375696899562e-06
3829, 1.570796326794897e+00, 1.570796326794897e+00, 5.105088062083414e+00, 8.337924814124808e-04, -1.676765928404116e-10, -3.571519093735566e-03, -4.345777657737396e-07
3830, 1.963495408493621e+00, 1.570796326794897e+00, 5.105088062083414e+00, 1.213433442172497e-03, -3.565035627227319e-03, -3.696355210578993e-06, -1.387371266432453e-06
3831, 2.356194490192345e+00, 1.570796326794897e+00, 5.105088062083414e+00, 1.610853808322812e-03, -1.246058398122827e-10, 3.564337304746510e-03, -2.442296817978956e-06
3832, 2.748893571891069e+00, 1.570796326794897e+00, 5.105088062083414e+00, 1.213528030924691e-03, 3.565035395233170e-03, -3.696484523039671e-06, -1.387370323229235e-06
3833, 3.141592653589793e+00, 1.570796326794897e+00, 5.105088062083414e+00, 8.339684424284720e-04, -1.442926385838902e-11, -3.571519340657595e-03, -4.345750891015760e-07
3834, 3.534291735288517e+00, 1.570796326794897e+00, 5.105088062083414e+00, 1.213538983265377e-03, -3.565035422110072e-03, -3.696500731601286e-06, -1.387370114600670e-06
3835, 3.926990816987241e+00, 1.570796326794897e+00, 5.105088062083414e+00, 1.610874210302403e-03, 1.034147926346938e-10, 3.564337273620527e-03, -2.442296303519353e-06
3836, 4.319689898685965e+00, 1.570796326794897e+00, 5.105088062083414e+00, 1.213460462691295e-03, 3.565035614747488e-03, -3.696398537227571e-06, -1.387370292850993e-06
3837, 4.712388980384690e+00, 1.570796326794897e+00, 5.105088062083414e+00, 8.338222973421188e-04, 1.659326348802429e-10, -3.571519145044456e-03, -4.345762155737582e-07
3838, 5.105088062083414e+00, 1.570796326794897e+00, 5.105088062083414e+00, 1.213334771951112e-03, -3.565035307061065e-03, -3.696213046699851e-06, -1.387373604280012e-06
3839, 5.497787143782138e+00, 1.570796326794897e+00, 5.105088062083414e+00, 1.610641129141779e-03, 1.351100643509032e-10, 3.564337624462294e-03, -2.442303308758139e-06
3840, 5.890486225480862e+00, 1.570796326794897e+00, 5.105088062083414e+00, 1.213232840710228e-03, 3.565035555316567e-03, -3.696026961544842e-06, -1.387381014490536e-06
3841, 6.283185307179586e+00, 1.570796326794897e+00, 5.105088062083414e+00, 8.336353119858573e-04, 1.751750900037743e-11, -3.571518809144885e-03, -4.345889615466451e-07
3842, 0.000000000000000e+00, 1.963495408493621e+00, 5.105088062083414e+00, 2.502598587455317e-03, 3.640858397845114e-11, -5.208869097282023e-04, -1.917270041026516e-06
3843, 3.926990816987241e-01, 1.963495408493621e+00, 5.105088062083414e+00, 2.437191628748488e-03, -7.742589919609234e-04, -2.592941018332796e-06, -1.764690410660820e-06
3844, 7.853981633974483e-01, 1.963495408493621e+00, 5.105088062083414e+00, 2.370426521268410e-03, -2.001891859635453e-10, 5.157087834619583e-04, -1.603860881869770e-06
3845, 1.178097245096172e+00, 1.963495408493621e+00, 5.105088062083414e+00, 2.437340737669728e-03, 7.742586331291624e-04, -2.593097102254900e-06, -1.764694017371902e-06
3846, 1.570796326794897e+00, 1.963495408493621e+00, 5.105088062083414e+00, 2.502864327298994e-03, -2.661464009790372e-10, -5.208871813101540e-04, -1.917277891036029e-06
3847, 1.963495408493621e+00, 1.963495408493621e+00, 5.105088062083414e+00, 2.437542713752339e-03, -7.742591290797547e-04, -2.593283157190921e-06, -1.764703287341988e-06
3848, 2.356194490192345e+00, 1.963495408493621e+00, 5.105088062083414e+00, 2.370802374959339e-03, -1.890269129279130e-10, 5.157084342457134e-04, -1.603877738281587e-06
3849, 2.748893571891069e+00, 1.963495408493621e+00, 5.105088062083414e+00, 2.437686780681384e-03, 7.742587738004282e-04, -2.593405571066881e-06, -1.764712153351272e-06
3850, 3.141592653589793e+00, 1.963495408493621e+00, 5.105088062083414e+00, 2.503134880077704e-03, -2.248085894383157e-11, -5.208874154168704e-04, -1.917293659381373e-06
3851, 3.534291735288517e+00, 1.963495408493621e+00, 5.105088062083414e+00, 2.437703934833774e-03, -7.742588161637104e-04, -2.593420903834417e-06, -1.764713271652532e-06
3852, 3.926990816987241e+00, 1.963495408493621e+00, 5.105088062083414e+00, 2.370834682639188e-03, 1.542546634452941e-10, 5.157084047970307e-04, -1.603879735438898e-06
3853, 4.319689898685965e+00, 1.963495408493621e+00, 5.105088062083414e+00, 2.437586322672730e-03, 7.742591063194063e-04, -2.593324211442465e-06, -1.764705728580183e-06
3854, 4.712388980384690e+00, 1.963495408493621e+00, 5.105088062083414e+00, 2.502913815062170e-03, 2.589631915175708e-10, -5.208872300330963e-04, -1.917280246182736e-06
3855, 5.105088062083414e+00, 1.963495408493621e+00, 5.105088062083414e+00, 2.437389481528904e-03, -7.742586221837641e-04, -2.593147895201029e-06, -1.764695819211086e-06
3856, 5.497787143782138e+00, 1.963495408493621e+00, 5.105088062083414e+00, 2.370467080972172e-03, 2.308899622957537e-10, 5.157087382723490e-04, -1.603861914914534e-06
3857, 5.890486225480862e+00, 1.963495408493621e+00, 5.105088062083414e+00, 2.437216049701774e-03, 7.742590434309104e-04, -2.592970310251386e-06, -1.764690792751939e-06
3858, 6.283185307179586e+00, 1.963495408493621e+00, 5.105088062083414e+00, 2.502598587455317e-03, 3.640858397845114e-11, -5.208869097282023e-04, -1.917270041026516e-06
3859, 0.000000000000000e+00, 2.356194490192345e+00, 5.105088062083414e+00, 3.430760165909421e-03, 5.292198446902844e-11, -2.753530774963833e-05, -2.254615328624824e-06
3860, 3.926990816987241e-01, 2.356194490192345e+00, 5.105088062083414e+00, 3.260086745104760e-03, -6.267028869407184e-05, -1.615191707422647e-06, -1.836531006168600e-06
3861, 7.853981633974483e-01, 2.356194490192345e+00, 5.105088062083414e+00, 3.088284378376768e-03, -2.752374872120680e-10, 2.429723838988139e-05, -1.411746897939023e-06
3862, 1.178097245096172e+00, 2.356194490192345e+00, 5.105088062083414e+00, 3.260291010368947e-03, 6.266979878867481e-05, -1.615316175361143e-06, -1.836543964966771e-06
3863, 1.570796326794897e+00, 2.356194490192345e+00, 5.105088062083414e+00, 3.431121171953374e-03, -3.524125850419368e-10, -2.753552429788287e-05, -2.254639747170141e-06
3864, 1.963495408493621e+00, 2.356194490192345e+00, 5.105088062083414e+00, 3.260558720595013e-03, -6.267045719357214e-05, -1.615464415949253e-06, -1.836565117121421e-06
3865, 2.356194490192345e+00, 2.356194490192345e+00, 5.105088062083414e+00, 3.088783583477196e-03, -2.452155494144552e-10, 2.429696023082570e-05, -1.411786016001616e-06
3866, 2.748893571891069e+00, 2.356194490192345e+00, 5.105088062083414e+00, 3.260745971431396e-03, 6.266999425212027e-05, -1.615561658152040e-06, -1.836582429906553e-06
3867, 3.141592653589793e+00, 2.356194490192345e+00, 5.105088062083414e+00, 3.431474349033904e-03, -2.950198015281672e-11, -2.753571041889932e-05, -2.254671421036640e-06
3868, 3.534291735288517e+00, 2.356194490192345e+00, 5.105088062083414e+00, 3.260768533908413e-03, -6.267005012453517e-05, -1.615573834287630e-06, -1.836584690997181e-06
3869, 3.926990816987241e+00, 2.356194490192345e+00, 5.105088062083414e+00, 3.088826280350281e-03, 1.985716278182371e-10, 2.429693683344184e-05, -1.411790177959727e-06
3870, 4.319689898685965e+00, 2.356194490192345e+00, 5.105088062083414e+00, 3.260616820270373e-03, 6.267042540265568e-05, -1.615497066323413e-06, -1.836570505346138e-06
3871, 4.712388980384690e+00, 2.356194490192345e+00, 5.105088062083414e+00, 3.431187867117826e-03, 3.404102873480575e-10, -2.753556309019485e-05, -2.254645481755943e-06
3872, 5.105088062083414e+00, 2.356194490192345e+00, 5.105088062083414e+00, 3.260357697072205e-03, -6.266978678730320e-05, -1.615356640794286e-06, -1.836549152600420e-06
3873, 5.497787143782138e+00, 2.356194490192345e+00, 5.105088062083414e+00, 3.088340899146004e-03, 3.149747756020857e-10, 2.429720239330347e-05, -1.411750861846178e-06
3874, 5.890486225480862e+00, 2.356194490192345e+00, 5.105088062083414e+00, 3.260121508441594e-03, 6.267035977893793e-05, -1.615215023591926e-06, -1.836533310303611e-06
3875, 6.283185307179586e+00, 2.356194490192345e+00, 5.105088062083414e+00, 3.430760165909421e-03, 5.292198446902844e-11, -2.753530774963833e-05, -2.254615328624824e-06
3876, 0.000000000000000e+00, 2.748893571891069e+00, 5.105088062083414e+00, 3.820259522323620e-03, 6.458021498348884e-11, -5.476087899823910e-07, -2.046705518071581e-06
3877, 3.926990816987241e-01, 2.748893571891069e+00, 5.105088062083414e+00, 3.726947811607264e-03, -2.478746647621293e-07, -7.687466921925165e-07, -1.821280726595921e-06
3878, 7.853981633974483e-01, 2.748893571891069e+00, 5.105088062083414e+00, 3.633563944741561e-03, -3.282627129924344e-10, -9.918561845406000e-07, -1.595083275384053e-06
3879, 1.178097245096172e+00, 2.748893571891069e+00, 5.105088062083414e+00, 3.727191053987931e-03, 2.472921457565576e-07, -7.688204809681227e-07, -1.821300234559567e-06
3880, 1.570796326794897e+00, 2.748893571891069e+00, 5.105088062083414e+00, 3.820687840004244e-03, -4.133443972733351e-10, -5.477371514394982e-07, -2.046741532273475e-06
3881, 1.963495408493621e+00, 2.748893571891069e+00, 5.105088062083414e+00, 3.727505182772137e-03, -2.480652526954324e-07, -7.689083180498151e-07, -1.821329688224448e-06
3882, 2.356194490192345e+00, 2.748893571891069e+00, 5.105088062083414e+00, 3.634150243554778e-03, -2.847900656195503e-10, -9.920209809580589e-07, -1.595137944192553e-06
3883, 2.748893571891069e+00, 2.748893571891069e+00, 5.105088062083414e+00, 3.727722861709071e-03, 2.475264190838918e-07, -7.689658356861627e-07, -1.821352875277469e-06
3884, 3.141592653589793e+00, 2.748893571891069e+00, 5.105088062083414e+00, 3.821099267214380e-03, -3.445076349118848e-11, -5.478472922565159e-07, -2.046784278847970e-06
3885, 3.534291735288517e+00, 2.748893571891069e+00, 5.105088062083414e+00, 3.727749236505705e-03, -2.475918166210698e-07, -7.689730505416680e-07, -1.821355931355676e-06
3886, 3.926990816987241e+00, 2.748893571891069e+00, 5.105088062083414e+00, 3.634200267420068e-03, 2.297629167286969e-10, -9.920348505004290e-07, -1.595143613420388e-06
3887, 4.319689898685965e+00, 2.748893571891069e+00, 5.105088062083414e+00, 3.727573509400856e-03, 2.480270662389192e-07, -7.689276834653158e-07, -1.821337131334157e-06
3888, 4.712388980384690e+00, 2.748893571891069e+00, 5.105088062083414e+00, 3.820766688356635e-03, 3.979172162019094e-10, -5.477601720190528e-07, -2.046749628946438e-06
3889, 5.105088062083414e+00, 2.748893571891069e+00, 5.105088062083414e+00, 3.727270419022727e-03, -2.472794031308900e-07, -7.688445010069311e-07, -1.821307796122491e-06
3890, 5.497787143782138e+00, 2.748893571891069e+00, 5.105088062083414e+00, 3.633631742673423e-03, 3.743964377763552e-10, -9.918775493760917e-07, -1.595089299973010e-06
3891, 5.890486225480862e+00, 2.748893571891069e+00, 5.105088062083414e+00, 3.726989877925669e-03, 2.479596153021490e-07, -7.687605246353448e-07, -1.821284383151508e-06
3892, 6.283185307179586e+00, 2.748893571891069e+00, 5.105088062083414e+00, 3.820259522323620e-03, 6.458021498348884e-11, -5.476087899823910e-07, -2.046705518071581e-06
3893, 0.000000000000000e+00, 3.141592653589793e+00, 5.105088062083414e+00, 3.877545867747529e-03, 6.963915759525462e-11, 2.562390616460689e-07, -1.808659618758605e-06
3894, 3.926990816987241e-01, 3.141592653589793e+00, 5.105088062083414e+00, 3.877542089763967e-03, -1.931292577855486e-10, 1.272359291287294e-10, -1.808486024199759e-06
3895, 7.853981633974483e-01, 3.141592653589793e+00, 5.105088062083414e+00, 3.877679403507094e-03, -3.511785231013146e-10, -2.559881678975429e-07, -1.808671009073888e-06
3896, 1.178097245096172e+00, 3.141592653589793e+00, 5.105088062083414e+00, 3.877802175103617e-03, -4.294037077154233e-10, 1.153528331434649e-10, -1.808508288340525e-06
3897, 1.570796326794897e+00, 3.141592653589793e+00, 5.105088062083414e+00, 3.878003261175256e-03, -4.396411779257146e-10, 2.562184308729956e-07, -1.808700509642629e-06
3898, 1.963495408493621e+00, 3.141592653589793e+00, 5.105088062083414e+00, 3.878136336469225e-03, -3.932043389115890e-10, 1.013059299680324e-10, -1.808541225394602e-06
3899, 2.356194490192345e+00, 3.141592653589793e+00, 5.105088062083414e+00, 3.878303289239962e-03, -3.018373146298740e-10, -2.560145387272324e-07, -1.808732203567556e-06
3900, 2.748893571891069e+00, 3.141592653589793e+00, 5.105088062083414e+00, 3.878367126154665e-03, -1.783401115367875e-10, 9.214337767691471e-11, -1.808566871143540e-06
3901, 3.141592653589793e+00, 3.141592653589793e+00, 5.105088062083414e+00, 3.878439799219765e-03, -3.659449745531102e-11, 2.562008599591697e-07, -1.808747893920572e-06
3902, 3.534291735288517e+00, 3.141592653589793e+00, 5.105088062083414e+00, 3.878395152553283e-03, 1.088153693781383e-10, 9.095755484052863e-11, -1.808570261638657e-06
3903, 3.926990816987241e+00, 3.141592653589793e+00, 5.105088062083414e+00, 3.878356488234819e-03, 2.431745564057371e-10, -2.560168185980204e-07, -1.808738507245310e-06
3904, 4.319689898685965e+00, 3.141592653589793e+00, 5.105088062083414e+00, 3.878209096711618e-03, 3.522399962555149e-10, 9.812143184939787e-11, -1.808549534723327e-06
3905, 4.712388980384690e+00, 3.141592653589793e+00, 5.105088062083414e+00, 3.878087380519934e-03, 4.227228071711014e-10, 2.562146422559259e-07, -1.808709604593360e-06
3906, 5.105088062083414e+00, 3.141592653589793e+00, 5.105088062083414e+00, 3.877887040776055e-03, 4.424644347390380e-10, 1.113945910767324e-10, -1.808516856637076e-06
3907, 5.497787143782138e+00, 3.141592653589793e+00, 5.105088062083414e+00, 3.877752094914196e-03, 4.000873902516240e-10, -2.559916943375887e-07, -1.808677910591526e-06
3908, 5.890486225480862e+00, 3.141592653589793e+00, 5.105088062083414e+00, 3.877587324915113e-03, 2.840971167665017e-10, 1.249491006618901e-10, -1.808490257659206e-06
3909, 6.283185307179586e+00, 3.141592653589793e+00, 5.105088062083414e+00, 3.877545867747529e-03, 6.963915759525462e-11, 2.562390616460689e-07, -1.808659618758605e-06
3910, 0.000000000000000e+00, 3.534291735288517e+00, 5.105088062083414e+00, 3.633341857045059e-03, 6.734921343415098e-11, 9.920552965568715e-07, -1.595052262693647e-06
3911, 3.926990816987241e-01, 3.534291735288517e+00, 5.105088062083414e+00, 3.726851306942581e-03, 2.475078189283762e-07, 7.689831757569603e-07, -1.821259758156733e-06
3912, 7.853981633974483e-01, 3.534291735288517e+00, 5.105088062083414e+00, 3.820291426451651e-03, -3.404992695641625e-10, 5.478760349612299e-07, -2.046694975958313e-06
3913, 1.178097245096172e+00, 3.534291735288517e+00, 5.105088062083414e+00, 3.727103536064407e-03, -2.481116725980803e-07, 7.690350211036972e-07, -1.821280560767157e-06
3914, 1.570796326794897e+00, 3.534291735288517e+00, 5.105088062083414e+00, 3.633785657793849e-03, -4.272885004161279e-10, 9.921455624694973e-07, -1.595090562499232e-06
3915, 1.963495408493621e+00, 3.534291735288517e+00, 5.105088062083414e+00, 3.727428290322113e-03, 2.473122975292291e-07, 7.690969136334872e-07, -1.821311637202991e-06
3916, 2.356194490192345e+00, 3.534291735288517e+00, 5.105088062083414e+00, 3.820897674432233e-03, -2.938059531141828e-10, 5.479921153613647e-07, -2.046752688400498e-06
3917, 2.748893571891069e+00, 3.534291735288517e+00, 5.105088062083414e+00, 3.727652906666206e-03, -2.478684500283213e-07, 7.691374731998721e-07, -1.821335972561124e-06
3918, 3.141592653589793e+00, 3.534291735288517e+00, 5.105088062083414e+00, 3.634210385778344e-03, -3.561691459846902e-11, 9.922231982371575e-07, -1.595135475447937e-06
3919, 3.534291735288517e+00, 3.534291735288517e+00, 5.105088062083414e+00, 3.727680179875646e-03, 2.478008076696412e-07, 7.691424896804122e-07, -1.821339190132159e-06
3920, 3.926990816987241e+00, 3.534291735288517e+00, 5.105088062083414e+00, 3.820949425370695e-03, 2.368014050989543e-10, 5.480017598848510e-07, -2.046758663586681e-06
3921, 4.319689898685965e+00, 3.534291735288517e+00, 5.105088062083414e+00, 3.727499028809420e-03, -2.473519966605588e-07, 7.691103805923796e-07, -1.821319498138660e-06
3922, 4.712388980384690e+00, 3.534291735288517e+00, 5.105088062083414e+00, 3.633867374846117e-03, 4.110444606594554e-10, 9.921615694306966e-07, -1.595099142672418e-06
3923, 5.105088062083414e+00, 3.534291735288517e+00, 5.105088062083414e+00, 3.727185897699133e-03, 2.481245785937602e-07, 7.690517160603385e-07, -1.821288614548718e-06
3924, 5.497787143782138e+00, 3.534291735288517e+00, 5.105088062083414e+00, 3.820361894156551e-03, 3.881351811033868e-10, 5.478908725655065e-07, -2.046701435632306e-06
3925, 5.890486225480862e+00, 3.534291735288517e+00, 5.105088062083414e+00, 3.726895105060758e-03, -2.474195881727417e-07, 7.689927720613870e-07, -1.821263705789090e-06
3926, 6.283185307179586e+00, 3.534291735288517e+00, 5.105088062083414e+00, 3.633341857045059e-03, 6.734921343415098e-11, 9.920552965568715e-07, -1.595052262693647e-06
3927, 0.000000000000000e+00, 3.926990816987241e+00, 5.105088062083414e+00, 3.087999291925070e-03, 5.804927890534226e-11, -2.429711901724650e-05, -1.411701309331518e-06
3928, 3.926990816987241e-01, 3.926990816987241e+00, 5.105088062083414e+00, 3.259907412254473e-03, 6.266997716998293e-05, 1.615376602546478e-06, -1.836492006260311e-06
3929, 7.853981633974483e-01, 3.926990816987241e+00, 5.105088062083414e+00, 3.430691806034728e-03, -2.978334835337078e-10, 2.753555311897606e-05, -2.254583615744302e-06
3930, 1.178097245096172e+00, 3.926990816987241e+00, 5.105088062083414e+00, 3.260128268156833e-03, -6.267050646375743e-05, 1.615484338718011e-06, -1.836507327776413e-06
3931, 1.570796326794897e+00, 3.926990816987241e+00, 5.105088062083414e+00, 3.088388881514562e-03, -3.781623498086195e-10, -2.429693152105088e-05, -1.411729904519356e-06
3932, 1.963495408493621e+00, 3.926990816987241e+00, 5.105088062083414e+00, 3.260415604545495e-03, 6.266979953179051e-05, 1.615612752452906e-06, -1.836531463599793e-06
3933, 2.356194490192345e+00, 3.926990816987241e+00, 5.105088062083414e+00, 3.431227865010316e-03, -2.619106829774650e-10, 2.753579402680161e-05, -2.254628330803104e-06
3934, 2.748893571891069e+00, 3.926990816987241e+00, 5.105088062083414e+00, 3.260615696756711e-03, -6.267029451879642e-05, 1.615696921038173e-06, -1.836550910845311e-06
3935, 3.141592653589793e+00, 3.926990816987241e+00, 5.105088062083414e+00, 3.088766666410435e-03, -3.166365357153848e-11, -2.429677040873937e-05, -1.411765596308819e-06
3936, 3.534291735288517e+00, 3.926990816987241e+00, 5.105088062083414e+00, 3.260639924593065e-03, 6.267023448578182e-05, 1.615707394323495e-06, -1.836553473561210e-06
3937, 3.926990816987241e+00, 3.926990816987241e+00, 5.105088062083414e+00, 3.431273762370409e-03, 2.116050291035378e-10, 2.753581415465950e-05, -2.254633062477195e-06
3938, 4.319689898685965e+00, 3.926990816987241e+00, 5.105088062083414e+00, 3.260478171642354e-03, -6.266983411787782e-05, 1.615640845366215e-06, -1.836537625898878e-06
3939, 4.712388980384690e+00, 3.926990816987241e+00, 5.105088062083414e+00, 3.088460887382013e-03, 3.646556798692285e-10, -2.429689813651379e-05, -1.411736528742825e-06
3940, 5.105088062083414e+00, 3.926990816987241e+00, 5.105088062083414e+00, 3.260200500055680e-03, 6.267051877002060e-05, 1.615519167170850e-06, -1.836513415236320e-06
3941, 5.497787143782138e+00, 3.926990816987241e+00, 5.105088062083414e+00, 3.430753267408384e-03, 3.403453739952474e-10, 2.753558409386903e-05, -2.254588373562121e-06
3942, 5.890486225480862e+00, 3.926990816987241e+00, 5.105088062083414e+00, 3.259945382427406e-03, -6.266990001769125e-05, 1.615396651347122e-06, -1.836494844328123e-06
3943, 6.283185307179586e+00, 3.926990816987241e+00, 5.105088062083414e+00, 3.087999291925070e-03, 5.804927890534226e-11, -2.429711901724650e-05, -1.411701309331518e-06
3944, 0.000000000000000e+00, 4.319689898685965e+00, 5.105088062083414e+00, 2.370112848436964e-03, 4.311059108810352e-11, -5.157087606448879e-04, -1.603807828414876e-06
3945, 3.926990816987241e-01, 4.319689898685965e+00, 5.105088062083414e+00, 2.436955018356333e-03, 7.742587633083125e-04, 2.593047532548153e-06, -1.764638893942801e-06
3946, 7.853981633974483e-01, 4.319689898685965e+00, 5.105088062083414e+00, 2.502445846740237e-03, -2.296804736572360e-10, 5.208870972270974e-04, -1.917220951318519e-06
3947, 1.178097245096172e+00, 4.319689898685965e+00, 5.105088062083414e+00, 2.437125750896476e-03, -7.742591734821642e-04, 2.593194727043017e-06, -1.764645511254676e-06
3948, 1.570796326794897e+00, 4.319689898685965e+00, 5.105088062083414e+00, 2.370415853264226e-03, -2.997339651903257e-10, -5.157085044732218e-04, -1.603821018427953e-06
3949, 1.963495408493621e+00, 4.319689898685965e+00, 5.105088062083414e+00, 2.437353356693117e-03, 7.742586141384543e-04, 2.593370107838293e-06, -1.764658643179274e-06
3950, 2.356194490192345e+00, 4.319689898685965e+00, 5.105088062083414e+00, 2.502869834005479e-03, -2.109520267461875e-10, 5.208874262904982e-04, -1.917245052306563e-06
3951, 2.748893571891069e+00, 4.319689898685965e+00, 5.105088062083414e+00, 2.437514262730815e-03, -7.742590114026051e-04, 2.593485236047234e-06, -1.764670335220229e-06
3952, 3.141592653589793e+00, 4.319689898685965e+00, 5.105088062083414e+00, 2.370718644495277e-03, -2.531855190803422e-11, -5.157082841505870e-04, -1.603842083395289e-06
3953, 3.534291735288517e+00, 4.319689898685965e+00, 5.105088062083414e+00, 2.437533604698304e-03, 7.742589635729922e-04, 2.593499616258426e-06, -1.764671854604924e-06
3954, 3.926990816987241e+00, 4.319689898685965e+00, 5.105088062083414e+00, 2.502906344766883e-03, 1.713712702935286e-10, 5.208874539049508e-04, -1.917247804267972e-06
3955, 4.319689898685965e+00, 4.319689898685965e+00, 5.105088062083414e+00, 2.437402828973784e-03, -7.742586405513610e-04, 2.593408616307813e-06, -1.764662103230173e-06
3956, 4.712388980384690e+00, 4.319689898685965e+00, 5.105088062083414e+00, 2.370472304688504e-03, 2.906005732736610e-10, -5.157084587453282e-04, -1.603824530755822e-06
3957, 5.105088062083414e+00, 4.319689898685965e+00, 5.105088062083414e+00, 2.437181758350700e-03, 7.742591848382993e-04, 2.593242418296139e-06, -1.764648464758406e-06
3958, 5.497787143782138e+00, 4.319689898685965e+00, 5.105088062083414e+00, 2.502492874963228e-03, 2.640100240854977e-10, 5.208871396649215e-04, -1.917222988804452e-06
3959, 5.890486225480862e+00, 4.319689898685965e+00, 5.105088062083414e+00, 2.436983640905583e-03, -7.742587039000188e-04, 2.593075035259649e-06, -1.764639954610657e-06
3960, 6.283185307179586e+00, 4.319689898685965e+00, 5.105088062083414e+00, 2.370112848436964e-03, 4.311059108810352e-11, -5.157087606448879e-04, -1.603807828414876e-06
3961, 0.000000000000000e+00, 4.712388980384690e+00, 5.105088062083414e+00, 1.610315032961761e-03, 2.477625506444485e-11, -3.564337749230820e-03, -2.442253322129284e-06
3962, 3.926990816987241e-01, 4.712388980384690e+00, 5.105088062083414e+00, 1.212960415688559e-03, 3.565035395270121e-03, 3.696007787641706e-06, -1.387326184701144e-06
3963, 7.853981633974483e-01, 4.712388980384690e+00, 5.105088062083414e+00, 8.334267586529990e-04, -1.465088924575488e-10, 3.571518909663296e-03, -4.345288998315515e-07
3964, 1.178097245096172e+00, 4.712388980384690e+00, 5.105088062083414e+00, 1.213069967719751e-03, -3.565035660002267e-03, 3.696171662238309e-06, -1.387322171632305e-06
3965, 1.570796326794897e+00, 4.712388980384690e+00, 5.105088062083414e+00, 1.610512349632609e-03, -2.039377455245315e-10, -3.564337463722864e-03, -2.442247700783652e-06
3966, 1.963495408493621e+00, 4.712388980384690e+00, 5.105088062083414e+00, 1.213224629690900e-03, 3.565035280908066e-03, 3.696367340470057e-06, -1.387321859157606e-06
3967, 2.356194490192345e+00, 4.712388980384690e+00, 5.105088062083414e+00, 8.337138547844171e-04, -1.485712827724587e-10, 3.571519276635287e-03, -4.345278059305183e-07
3968, 2.748893571891069e+00, 4.712388980384690e+00, 5.105088062083414e+00, 1.213337562809285e-03, -3.565035558575964e-03, 3.696496168220293e-06, -1.387324055137056e-06
3969, 3.141592653589793e+00, 4.712388980384690e+00, 5.105088062083414e+00, 1.610723382331349e-03, -1.751787644852470e-11, -3.564337217225064e-03, -2.442250866872795e-06
3970, 3.534291735288517e+00, 4.712388980384690e+00, 5.105088062083414e+00, 1.213350901891776e-03, 3.565035525732617e-03, 3.696512329876089e-06, -1.387324290604724e-06
3971, 3.926990816987241e+00, 4.712388980384690e+00, 5.105088062083414e+00, 8.337388410699292e-04, 1.221263575247720e-10, 3.571519307628648e-03, -4.345281252089561e-07
3972, 4.319689898685965e+00, 4.712388980384690e+00, 5.105088062083414e+00, 1.213258042816237e-03, -3.565035297348590e-03, 3.696410511954216e-06, -1.387322006460746e-06
3973, 4.712388980384690e+00, 4.712388980384690e+00, 5.105088062083414e+00, 1.610549748966430e-03, 2.001059888945438e-10, -3.564337412528310e-03, -2.442247404778063e-06
3974, 5.105088062083414e+00, 4.712388980384690e+00, 5.105088062083414e+00, 1.213106117349792e-03, 3.565035670178200e-03, 3.696224962408048e-06, -1.387321286536869e-06
3975, 5.497787143782138e+00, 4.712388980384690e+00, 5.105088062083414e+00, 8.334561168175403e-04, 1.708667369195159e-10, 3.571518957073302e-03, -4.345275919179975e-07
3976, 5.890486225480862e+00, 4.712388980384690e+00, 5.105088062083414e+00, 1.212977579442347e-03, -3.565035357562504e-03, 3.696038580500679e-06, -1.387325047043885e-06
3977, 6.283185307179586e+00, 4.712388980384690e+00, 5.105088062083414e+00, 1.610315032961761e-03, 2.477625506444485e-11, -3.564337749230820e-03, -2.442253322129284e-06
3978, 0.000000000000000e+00, 5.105088062083414e+00, 5.105088062083414e+00, 6.790898817101202e-04, 5.923390844348764e-12, -1.303178463335183e-02, -3.271507517253670e-06
3979, 3.926990816987241e-01, 5.105088062083414e+00, 5.105088062083414e+00, -4.106060531837551e-04, 8.706944207241061e-03, 4.776618781726882e-06, -3.168899889922420e-07
3980, 7.853981633974483e-01, 5.105088062083414e+00, 5.105088062083414e+00, -1.406269654827954e-03, -6.123949550320068e-11, 1.304038110308382e-02, 2.092848877793411e-06
3981, 1.178097245096172e+00, 5.105088062083414e+00, 5.105088062083414e+00, -4.105591928544905e-04, -8.706944322779232e-03, 4.776773523372341e-06, -3.168750783595310e-07
3982, 1.570796326794897e+00, 5.105088062083414e+00, 5.105088062083414e+00, 6.791787917002618e-04, -1.053636540372423e-10, -1.303178436294538e-02, -3.271482585380963e-06
3983, 1.963495408493621e+00, 5.105088062083414e+00, 5.105088062083414e+00, -4.104795966447183e-04, 8.706944129140280e-03, 4.776959844063432e-06, -3.168608794775290e-07
3984, 2.356194490192345e+00, 5.105088062083414e+00, 5.105088062083414e+00, -1.406123399543304e-03, -8.406766307919959e-11, 1.304038145192075e-02, 2.092875986254955e-06
3985, 2.748893571891069e+00, 5.105088062083414e+00, 5.105088062083414e+00, -4.104162480160268e-04, -8.706944283267137e-03, 4.777083078984303e-06, -3.168532136131233e-07
3986, 3.141592653589793e+00, 5.105088062083414e+00, 5.105088062083414e+00, 6.792950697938768e-04, -9.421735369654727e-12, -1.303178412714244e-02, -3.271467185263130e-06
3987, 3.534291735288517e+00, 5.105088062083414e+00, 5.105088062083414e+00, -4.104091371520670e-04, 8.706944265968531e-03, 4.777098617129600e-06, -3.168521078584927e-07
3988, 3.926990816987241e+00, 5.105088062083414e+00, 5.105088062083414e+00, -1.406110362085613e-03, 7.121362217405374e-11, 1.304038148166932e-02, 2.092878203708408e-06
3989, 4.319689898685965e+00, 5.105088062083414e+00, 5.105088062083414e+00, -4.104628105576976e-04, -8.706944135336014e-03, 4.777001244907985e-06, -3.168575849324505e-07
3990, 4.712388980384690e+00, 5.105088062083414e+00, 5.105088062083414e+00, 6.791965072247730e-04, 1.068753162301890e-10, -1.303178431395159e-02, -3.271478348755729e-06
3991, 5.105088062083414e+00, 5.105088062083414e+00, 5.105088062083414e+00, -4.105435103789478e-04, 8.706944331626177e-03, 4.776824298430739e-06, -3.168702311304710e-07
3992, 5.497787143782138e+00, 5.105088062083414e+00, 5.105088062083414e+00, -1.406258482720973e-03, 7.534411592046499e-11, 1.304038114807380e-02, 2.092853646637117e-06
3993, 5.890486225480862e+00, 5.105088062083414e+00, 5.105088062083414e+00, -4.106006946977673e-04, -8.706944191824606e-03, 4.776648049707031e-06, -3.168865534583020e-07
3994, 6.283185307179586e+00, 5.105088062083414e+00, 5.105088062083414e+00, 6.790898817101202e-04, 5.923390844348764e-12, -1.303178463335183e-02, -3.271507517253670e-06
3995, 0.000000000000000e+00, 5.497787143782138e+00, 5.105088062083414e+00, -7.859825499721275e-04, -1.038209695907004e-11, -3.027977257347004e-02, -2.345291420586471e-06
3996, 3.926990816987241e-01, 5.497787143782138e+00, 5.105088062083414e+00, -2.264327718555170e-03, 1.254111747691038e-02, 5.243235053118431e-06, 1.721380311238081e-06
3997, 7.853981633974483e-01, 5.497787143782138e+00, 5.105088062083414e+00, -3.580261582469326e-03, 1.252649341731915e-11, 3.028819329603434e-02, 4.844435736103210e-06
3998, 1.178097245096172e+00, 5.497787143782138e+00, 5.105088062083414e+00, -2.264335079745633e-03, -1.254111746303564e-02, 5.243356051305008e-06, 1.721404541490146e-06
3999, 1.570796326794897e+00, 5.497787143782138e+00, 5.105088062083414e+00, -7.859877249959115e-04, -1.891485899275841e-11, -3.027977236106455e-02, -2.345249849850241e-06
4000, 1.963495408493621e+00, 5.497787143782138e+00, 5.105088062083414e+00, -2.264321326670757e-03, 1.254111743188696e-02, 5.243504923063016e-06, 1.721430979698496e-06
4001, 2.356194490192345e+00, 5.497787143782138e+00, 5.105088062083414e+00, -3.580238669571511e-03, -2.707384960556491e-11, 3.028819357391687e-02, 4.844485706754730e-06
4002, 2.748893571891069e+00, 5.497787143782138e+00, 5.105088062083414e+00, -2.264301737785232e-03, -1.254111747705723e-02, 5.243604011639224e-06, 1.721447443961240e-06
4003, 3.141592653589793e+00, 5.497787143782138e+00, 5.105088062083414e+00, -7.859549799061726e-04, -2.253442293846045e-12, -3.027977217148473e-02, -2.345217917559209e-06
4004, 3.534291735288517e+00, 5.497787143782138e+00, 5.105088062083414e+00, -2.264300143960573e-03, 1.254111747353136e-02, 5.243616565739509e-06, 1.721449750355070e-06
4005, 3.926990816987241e+00, 5.497787143782138e+00, 5.105088062083414e+00, -3.580236213405635e-03, 2.625235380544318e-11, 3.028819359793195e-02, 4.844490192630182e-06
4006, 4.319689898685965e+00, 5.497787143782138e+00, 5.105088062083414e+00, -2.264319249220932e-03, -1.254111742908895e-02, 5.243538347674427e-06, 1.721437343316268e-06
4007, 4.712388980384690e+00, 5.497787143782138e+00, 5.105088062083414e+00, -7.859873763497142e-04, 2.495425341938369e-11, -3.027977232160581e-02, -2.345242119375360e-06
4008, 5.105088062083414e+00, 5.497787143782138e+00, 5.105088062083414e+00, -2.264337363063128e-03, 1.254111747041888e-02, 5.243396611913800e-06, 1.721412863836497e-06
4009, 5.497787143782138e+00, 5.497787143782138e+00, 5.105088062083414e+00, -3.580266263816023e-03, -7.604635929104729e-12, 3.028819333153284e-02, 4.844443502267154e-06
4010, 5.890486225480862e+00, 5.497787143782138e+00, 5.105088062083414e+00, -2.264332604640109e-03, -1.254111748085953e-02, 5.243257897335420e-06, 1.721385731465086e-06
4011, 6.283185307179586e+00, 5.497787143782138e+00, 5.105088062083414e+00, -7.859825499721275e-04, -1.038209695907004e-11, -3.027977257347004e-02, -2.345291420586471e-06
4012, 0.000000000000000e+00, 5.890486225480862e+00, 5.105088062083414e+00, -2.817048897713645e-03, -2.144004205891999e-11, -4.884503039944552e-02, 1.338090355783941e-06
4013, 3.926990816987241e-01, 5.890486225480862e+00, 5.105088062083414e+00, -3.861076764715564e-03, 9.714751739846990e-03, 3.791060897126269e-06, 4.116283625692235e-06
4014, 7.853981633974483e-01, 5.890486225480862e+00, 5.105088062083414e+00, -4.849397091052272e-03, 6.287420539048802e-11, 4.885057962399363e-02, 6.571919028604656e-06
4015, 1.178097245096172e+00, 5.890486225480862e+00, 5.105088062083414e+00, -3.861121269215719e-03, -9.714751636950771e-03, 3.791129837745503e-06, 4.116313929516579e-06
4016, 1.570796326794897e+00, 5.890486225480862e+00, 5.105088062083414e+00, -2.817118970711621e-03, 4.253881916231989e-11, -4.884503027906268e-02, 1.338142985588166e-06
4017, 1.963495408493621e+00, 5.890486225480862e+00, 5.105088062083414e+00, -3.861154260347529e-03, 9.714751720852623e-03, 3.791218808036365e-06, 4.116349093131656e-06
4018, 2.356194490192345e+00, 5.890486225480862e+00, 5.105088062083414e+00, -4.849461378097530e-03, 1.368895629752658e-11, 4.885057978954942e-02, 6.571985158166845e-06
4019, 2.748893571891069e+00, 5.890486225480862e+00, 5.105088062083414e+00, -3.861165928716247e-03, -9.714751688207818e-03, 3.791278415416686e-06, 4.116371969611975e-06
4020, 3.141592653589793e+00, 5.890486225480862e+00, 5.105088062083414e+00, -2.817145847824604e-03, 2.879484704482552e-12, -4.884503016509417e-02, 1.338186934734416e-06
4021, 3.534291735288517e+00, 5.890486225480862e+00, 5.105088062083414e+00, -3.861168289517260e-03, 9.714751694559728e-03, 3.791286005629896e-06, 4.116375147699821e-06
4022, 3.926990816987241e+00, 5.890486225480862e+00, 5.105088062083414e+00, -4.849466509708258e-03, -5.863852946764767e-12, 4.885057980408547e-02, 6.571991291816610e-06
4023, 4.319689898685965e+00, 5.890486225480862e+00, 5.105088062083414e+00, -3.861162733019226e-03, -9.714751711607624e-03, 3.791239077820736e-06, 4.116357689390592e-06
4024, 4.712388980384690e+00, 5.890486225480862e+00, 5.105088062083414e+00, -2.817131058619607e-03, -3.336624884649546e-11, -4.884503025517807e-02, 1.338153246462745e-06
4025, 5.105088062083414e+00, 5.890486225480862e+00, 5.105088062083414e+00, -3.861136324135338e-03, 9.714751642872542e-03, 3.791154173323717e-06, 4.116324709464232e-06
4026, 5.497787143782138e+00, 5.890486225480862e+00, 5.105088062083414e+00, -4.849412833310816e-03, -6.517519077061163e-11, 4.885057964476468e-02, 6.571928798989430e-06
4027, 5.890486225480862e+00, 5.890486225480862e+00, 5.105088062083414e+00, -3.861088570328675e-03, -9.714751757247821e-03, 3.791073135256649e-06, 4.116290254491750e-06
4028, 6.283185307179586e+00, 5.890486225480862e+00, 5.105088062083414e+00, -2.817048897713645e-03, -2.144004205891999e-11, -4.884503039944552e-02, 1.338090355783941e-06
4029, 0.000000000000000e+00, 6.283185307179586e+00, 5.105088062083414e+00, -4.541861669135662e-03, -2.325907468030961e-11, -5.704928219919011e-02, 5.425421104242476e-06
4030, 3.926990816987241e-01, 6.283185307179586e+00, 5.105088062083414e+00, -4.510358478746202e-03, 5.198771025309058e-11, -1.504401001626214e-10, 5.240651001065376e-06
4031, 7.853981633974483e-01, 6.283185307179586e+00, 5.105088062083414e+00, -4.541895218168570e-03, 8.322698724423088e-11, 5.704928190545494e-02, 5.425438929105961e-06
4032, 1.178097245096172e+00, 6.283185307179586e+00, 5.105088062083414e+00, -4.510418038741803e-03, 8.414902135773575e-11, -1.381807825645216e-10, 5.240683421798206e-06
4033, 1.570796326794897e+00, 6.283185307179586e+00, 5.105088062083414e+00, -4.541957977633449e-03, 6.970451172751426e-11, -5.704928218174739e-02, 5.425477262737069e-06
4034, 1.963495408493621e+00, 6.283185307179586e+00, 5.105088062083414e+00, -4.510471517372598e-03, 5.030098898638604e-11, -1.238855186142567e-10, 5.240722424749441e-06
4035, 2.356194490192345e+00, 6.283185307179586e+00, 5.105088062083414e+00, -4.541997479592472e-03, 3.168061086066173e-11, 5.704928193291051e-02, 5.425512063065227e-06
4036, 2.748893571891069e+00, 6.283185307179586e+00, 5.105088062083414e+00, -4.510496921845555e-03, 1.669315985261659e-11, -1.140764028007180e-10, 5.240748237397025e-06
4037, 3.141592653589793e+00, 6.283185307179586e+00, 5.105088062083414e+00, -4.542011061351319e-03, 5.156032167568700e-12, -5.704928216313599e-02, 5.425526693000709e-06
4038, 3.534291735288517e+00, 6.283185307179586e+00, 5.105088062083414e+00, -4.510501032277681e-03, -5.950852682817934e-12, -1.127836320883547e-10, 5.240751810239320e-06
4039, 3.926990816987241e+00, 6.283185307179586e+00, 5.105088062083414e+00, -4.542005972259736e-03, -1.999299032663814e-11, 5.704928193541110e-02, 5.425518943498416e-06
4040, 4.319689898685965e+00, 6.283185307179586e+00, 5.105088062083414e+00, -4.510484674620100e-03, -3.813703081950127e-11, -1.203725303949284e-10, 5.240732041208767e-06
4041, 4.712388980384690e+00, 6.283185307179586e+00, 5.105088062083414e+00, -4.541975599012653e-03, -5.906994541887052e-11, -5.704928217767279e-02, 5.425488677850665e-06
4042, 5.105088062083414e+00, 6.283185307179586e+00, 5.105088062083414e+00, -4.510438757591203e-03, -7.901828571141777e-11, -1.340495228447040e-10, 5.240695278140947e-06
4043, 5.497787143782138e+00, 6.283185307179586e+00, 5.105088062083414e+00, -4.541915718748138e-03, -8.980473914932530e-11, 5.704928190916420e-02, 5.425449455795945e-06
4044, 5.890486225480862e+00, 6.283185307179586e+00, 5.105088062083414e+00, -4.510372822257335e-03, -7.765397292013138e-11, -1.480412092267626e-10, 5.240657839053844e-06
4045, 6.283185307179586e+00, 6.283185307179586e+00, 5.105088062083414e+00, -4.541861669135662e-03, -2.325907468030961e-11, -5.704928219919011e-02, 5.425421104242476e-06
4046, 0.000000000000000e+00, 0.000000000000000e+00, 5.497787143782138e+00, -6.841464388623747e-03, -2.686344121575528e-11, -1.325577538028102e-01, 6.308111489812717e-06
4047, 3.926990816987241e-01, 0.000000000000000e+00, 5.497787143782138e+00, -6.677130265171424e-03, 6.049467214591010e-11, -1.643569218340262e-10, 5.768511793544538e-06
4048, 7.853981633974483e-01, 0.000000000000000e+00, 5.497787143782138e+00, -6.841503758513012e-03, 9.807203802730094e-11, 1.325577534833959e-01, 6.308123702954290e-06
4049, 1.178097245096172e+00, 0.000000000000000e+00, 5.497787143782138e+00, -6.677200755372364e-03, 1.017091682272411e-10, -1.497999141753828e-10, 5.768534777812576e-06
4050, 1.570796326794897e+00, 0.000000000000000e+00, 5.497787143782138e+00, -6.841579708099038e-03, 8.786789507986386e-11, -1.325577537838788e-01, 6.308152521092892e-06
4051, 1.963495408493621e+00, 0.000000000000000e+00, 5.497787143782138e+00, -6.677268012831631e-03, 6.668698901622893e-11, -1.353892658729473e-10, 5.768566051260528e-06
4052, 2.356194490192345e+00, 0.000000000000000e+00, 5.497787143782138e+00, -6.841631718751087e-03, 4.375523196303142e-11, 1.325577535128758e-01, 6.308181517065694e-06
4053, 2.748893571891069e+00, 0.000000000000000e+00, 5.497787143782138e+00, -6.677302679799589e-03, 2.342891795635927e-11, -1.247624913873340e-10, 5.768587448929825e-06
4054, 3.141592653589793e+00, 0.000000000000000e+00, 5.497787143782138e+00, -6.841650485037914e-03, 6.833227036812876e-12, -1.325577537643148e-01, 6.308193295225781e-06
4055, 3.534291735288517e+00, 0.000000000000000e+00, 5.497787143782138e+00, -6.677308081324799e-03, -9.448449320224862e-12, -1.233730814874660e-10, 5.768590453854752e-06
4056, 3.926990816987241e+00, 0.000000000000000e+00, 5.497787143782138e+00, -6.841642696909670e-03, -2.920971660016389e-11, 1.325577535156235e-01, 6.308187301890479e-06
4057, 4.319689898685965e+00, 0.000000000000000e+00, 5.497787143782138e+00, -6.677284637939617e-03, -5.237626041818236e-11, -1.315314462638371e-10, 5.768574113683122e-06
4058, 4.712388980384690e+00, 0.000000000000000e+00, 5.497787143782138e+00, -6.841601423811537e-03, -7.620807734999760e-11, -1.325577537796118e-01, 6.308161989267640e-06
4059, 5.105088062083414e+00, 0.000000000000000e+00, 5.497787143782138e+00, -6.677225671750277e-03, -9.706157238614602e-11, -1.456253665010623e-10, 5.768544321405795e-06
4060, 5.497787143782138e+00, 0.000000000000000e+00, 5.497787143782138e+00, -6.841527906529655e-03, -1.069415234866158e-10, 1.325577534872113e-01, 6.308131705587353e-06
4061, 5.890486225480862e+00, 0.000000000000000e+00, 5.497787143782138e+00, -6.677146925214625e-03, -9.072549133282802e-11, -1.619336559185239e-10, 5.768516661794275e-06
4062, 6.283185307179586e+00, 0.000000000000000e+00, 5.497787143782138e+00, -6.841464388623747e-03, -2.686344121575528e-11, -1.325577538028102e-01, 6.308111489812717e-06
4063, 0.000000000000000e+00, 3.926990816987241e-01, 5.497787143782138e+00, -7.561362987129583e-03, -2.880655131378120e-11, -1.135013914225875e-01, 7.316606363629204e-06
4064, 3.926990816987241e-01, 3.926990816987241e-01, 5.497787143782138e+00, -5.519902523025386e-03, -2.257208984520901e-02, -8.843495090675037e-06, 4.320587613829961e-06
4065, 7.853981633974483e-01, 3.926990816987241e-01, 5.497787143782138e+00, -3.196150176052827e-03, 8.787765354463135e-11, 1.134948280997199e-01, 4.254053335984785e-07
4066, 1.178097245096172e+00, 3.926990816987241e-01, 5.497787143782138e+00, -5.519965900001904e-03, 2.257208999299004e-02, -8.843542382340063e-06, 4.320609562260929e-06
4067, 1.570796326794897e+00, 3.926990816987241e-01, 5.497787143782138e+00, -7.561465665613086e-03, 7.398864116470279e-11, -1.135013915083398e-01, 7.316646100840913e-06
4068, 1.963495408493621e+00, 3.926990816987241e-01, 5.497787143782138e+00, -5.520022725323209e-03, -2.257208985040539e-02, -8.843611110846848e-06, 4.320638868250507e-06
4069, 2.356194490192345e+00, 3.926990816987241e-01, 5.497787143782138e+00, -3.196258957839922e-03, 3.468378288775612e-11, 1.134948279737642e-01, 4.254596290008287e-07
4070, 2.748893571891069e+00, 3.926990816987241e-01, 5.497787143782138e+00, -5.520050436928214e-03, 2.257208992300628e-02, -8.843656933353015e-06, 4.320658918741902e-06
4071, 3.141592653589793e+00, 3.926990816987241e-01, 5.497787143782138e+00, -7.561523141806063e-03, 5.682361286684053e-12, -1.135013915955346e-01, 7.316684273007027e-06
4072, 3.534291735288517e+00, 3.926990816987241e-01, 5.497787143782138e+00, -5.520054968390077e-03, -2.257208991121691e-02, -8.843662696540083e-06, 4.320661741649559e-06
4073, 3.926990816987241e+00, 3.926990816987241e-01, 5.497787143782138e+00, -3.196268272010787e-03, -2.205545876265351e-11, 1.134948279626977e-01, 4.254650758122814e-07
4074, 4.319689898685965e+00, 3.926990816987241e-01, 5.497787143782138e+00, -5.520037039355687e-03, 2.257208986328308e-02, -8.843626375995534e-06, 4.320646464018818e-06
4075, 4.712388980384690e+00, 3.926990816987241e-01, 5.497787143782138e+00, -7.561484659193910e-03, -6.295725624046641e-11, -1.135013915263717e-01, 7.316655015968385e-06
4076, 5.105088062083414e+00, 3.926990816987241e-01, 5.497787143782138e+00, -5.519988061754562e-03, -2.257208998780962e-02, -8.843560962164344e-06, 4.320618547746022e-06
4077, 5.497787143782138e+00, 3.926990816987241e-01, 5.497787143782138e+00, -3.196172128108559e-03, -9.413351909386701e-11, 1.134948280844435e-01, 4.254128631450990e-07
4078, 5.890486225480862e+00, 3.926990816987241e-01, 5.497787143782138e+00, -5.519918312143392e-03, 2.257208982043803e-02, -8.843502985451942e-06, 4.320592253469385e-06
4079, 6.283185307179586e+00, 3.926990816987241e-01, 5.497787143782138e+00, -7.561362987129583e-03, -2.880655131378120e-11, -1.135013914225875e-01, 7.316606363629204e-06
4080, 0.000000000000000e+00, 7.853981633974483e-01, 5.497787143782138e+00, -5.455240620384866e-03, -1.946151416559107e-11, -7.036871183788593e-02, 4.799759161550932e-06
4081, 3.926990816987241e-01, 7.853981633974483e-01, 5.497787143782138e+00, -2.875023731249809e-03, -2.913903845719498e-02, -1.006902386640980e-05, 1.403099834659298e-06
4082, 7.853981633974483e-01, 7.853981633974483e-01, 5.497787143782138e+00, 5.317751458184522e-04, 4.538052811869678e-11, 7.035977005928008e-02, -4.640971791406414e-06
4083, 1.178097245096172e+00, 7.853981633974483e-01, 5.497787143782138e+00, -2.875055669252430e-03, 2.913903852990099e-02, -1.006913245879420e-05, 1.403117655831339e-06
4084, 1.570796326794897e+00, 7.853981633974483e-01, 5.497787143782138e+00, -5.455288378479055e-03, 2.036728842733793e-11, -7.036871202994679e-02, 4.799791101195201e-06
4085, 1.963495408493621e+00, 7.853981633974483e-01, 5.497787143782138e+00, -2.875071885641330e-03, -2.913903848708199e-02, -1.006927111320571e-05, 1.403140338515511e-06
4086, 2.356194490192345e+00, 7.853981633974483e-01, 5.497787143782138e+00, 5.317419620602482e-04, -8.351563583808409e-13, 7.035976980005813e-02, -4.640929669219556e-06
4087, 2.748893571891069e+00, 7.853981633974483e-01, 5.497787143782138e+00, -2.875072285660808e-03, 2.913903849168850e-02, -1.006936455447434e-05, 1.403155474263838e-06
4088, 3.141592653589793e+00, 7.853981633974483e-01, 5.497787143782138e+00, -5.455293831259132e-03, 1.184410717044062e-12, -7.036871220701564e-02, 4.799820104709967e-06
4089, 3.534291735288517e+00, 7.853981633974483e-01, 5.497787143782138e+00, -2.875073363850138e-03, -2.913903848851531e-02, -1.006937631223700e-05, 1.403157630306539e-06
4090, 3.926990816987241e+00, 7.853981633974483e-01, 5.497787143782138e+00, 5.317392669125526e-04, 5.978268759147035e-12, 7.035976977741339e-02, -4.640925486674834e-06
4091, 4.319689898685965e+00, 7.853981633974483e-01, 5.497787143782138e+00, -2.875077024524451e-03, 2.913903849441733e-02, -1.006930239190443e-05, 1.403146235282242e-06
4092, 4.712388980384690e+00, 7.853981633974483e-01, 5.497787143782138e+00, -5.455296602329458e-03, -1.192372918068838e-11, -7.036871206662797e-02, 4.799798109511469e-06
4093, 5.105088062083414e+00, 7.853981633974483e-01, 5.497787143782138e+00, -2.875066833572160e-03, -2.913903852322162e-02, -1.006917025831483e-05, 1.403124806423320e-06
4094, 5.497787143782138e+00, 7.853981633974483e-01, 5.497787143782138e+00, 5.317626306999171e-04, -4.521325440818512e-11, 7.035977002651933e-02, -4.640965710872839e-06
4095, 5.890486225480862e+00, 7.853981633974483e-01, 5.497787143782138e+00, -2.875033695360114e-03, 2.913903844387622e-02, -1.006904436908740e-05, 1.403103659546636e-06
4096, 6.283185307179586e+00, 7.853981633974483e-01, 5.497787143782138e+00, -5.455240620384866e-03, -1.946151416559107e-11, -7.036871183788593e-02, 4.799759161550932e-06
4097, 0.000000000000000e+00, 1.178097245096172e+00, 5.497787143782138e+00, -2.184445679344167e-03, -3.292136327752518e-12, -3.029352782182025e-02, 2.016197252600145e-06
4098, 3.926990816987241e-01, 1.178097245096172e+00, 5.497787143782138e+00, -1.969814331978069e-04, -2.023031339200925e-02, -6.938256068317935e-06, -7.411305543115578e-07
4099, 7.853981633974483e-01, 1.178097245096172e+00, 5.497787143782138e+00, 2.263387311521420e-03, -2.452195895715283e-11, 3.028474327475577e-02, -4.996339533172676e-06
4100, 1.178097245096172e+00, 1.178097245096172e+00, 5.497787143782138e+00, -1.969615263497071e-04, 2.023031334060807e-02, -6.938409558380224e-06, -7.411191913372965e-07
4101, 1.570796326794897e+00, 1.178097245096172e+00, 5.497787143782138e+00, -2.184403142143576e-03, -6.412403222032794e-11, -3.029352809012542e-02, 2.016216966985411e-06
4102, 1.963495408493621e+00, 1.178097245096172e+00, 5.497787143782138e+00, -1.969135796775779e-04, -2.023031345586944e-02, -6.938597217465497e-06, -7.411066676840773e-07
4103, 2.356194490192345e+00, 1.178097245096172e+00, 5.497787143782138e+00, 2.263474122480731e-03, -5.691347118173893e-11, 3.028474292223877e-02, -4.996316058390331e-06
4104, 2.748893571891069e+00, 1.178097245096172e+00, 5.497787143782138e+00, -1.968709324918564e-04, 2.023031335335157e-02, -6.938723197440891e-06, -7.410991715001845e-07
4105, 3.141592653589793e+00, 1.178097245096172e+00, 5.497787143782138e+00, -2.184326575039008e-03, -5.889768994787913e-12, -3.029352832933823e-02, 2.016231718562547e-06
4106, 3.534291735288517e+00, 1.178097245096172e+00, 5.497787143782138e+00, -1.968665714042393e-04, -2.023031336374597e-02, -6.938739054018312e-06, -7.410980477566089e-07
4107, 3.926990816987241e+00, 1.178097245096172e+00, 5.497787143782138e+00, 2.263481849123083e-03, 5.026366910555700e-11, 3.028474289174481e-02, -4.996313829141842e-06
4108, 4.319689898685965e+00, 1.178097245096172e+00, 5.497787143782138e+00, -1.969042615622717e-04, 2.023031345445295e-02, -6.938639453058044e-06, -7.411034108382926e-07
4109, 4.712388980384690e+00, 1.178097245096172e+00, 5.497787143782138e+00, -2.184394359621069e-03, 6.829377202852360e-11, -3.029352813976863e-02, 2.016221009554157e-06
4110, 5.105088062083414e+00, 1.178097245096172e+00, 5.497787143782138e+00, -1.969552013590751e-04, -2.023031333216507e-02, -6.938460898300576e-06, -7.411148557431453e-07
4111, 5.497787143782138e+00, 1.178097245096172e+00, 5.497787143782138e+00, 2.263390114805687e-03, 3.398669416542252e-11, 3.028474322949949e-02, -4.996335626582856e-06
4112, 5.890486225480862e+00, 1.178097245096172e+00, 5.497787143782138e+00, -1.969815678962767e-04, 2.023031339733486e-02, -6.938285146647043e-06, -7.411279404711914e-07
4113, 6.283185307179586e+00, 1.178097245096172e+00, 5.497787143782138e+00, -2.184445679344167e-03, -3.292136327752518e-12, -3.029352782182025e-02, 2.016197252600145e-06
4114, 0.000000000000000e+00, 1.570796326794897e+00, 5.497787143782138e+00, 1.018339780574185e-03, 1.643702281207191e-11, -8.293594392368497e-03, -3.700231771271463e-07
4115, 3.926990816987241e-01, 1.570796326794897e+00, 5.497787143782138e+00, 1.792317176216313e-03, -8.283231044093682e-03, -4.225996541175237e-06, -1.531471683290453e-06
4116, 7.853981633974483e-01, 1.570796326794897e+00, 5.497787143782138e+00, 2.653255343007223e-03, -1.116217994737432e-10, 8.286228023394330e-03, -2.961152900953410e-06
4117, 1.178097245096172e+00, 1.570796326794897e+00, 5.497787143782138e+00, 1.792401347826550e-03, 8.283230839330019e-03, -4.226169728468883e-06, -1.531468100571746e-06
4118, 1.570796326794897e+00, 1.570796326794897e+00, 5.497787143782138e+00, 1.018493819330214e-03, -1.665691675114537e-10, -8.293594694301652e-03, -3.700181104513406e-07
4119, 1.963495408493621e+00, 1.570796326794897e+00, 5.497787143782138e+00, 1.792527320029353e-03, -8.283231147207528e-03, -4.226378610816195e-06, -1.531467749213753e-06
4120, 2.356194490192345e+00, 1.570796326794897e+00, 5.497787143782138e+00, 2.653488382673255e-03, -1.248159729035033e-10, 8.286227631120040e-03, -2.961151757280663e-06
4121, 2.748893571891069e+00, 1.570796326794897e+00, 5.497787143782138e+00, 1.792622035332021e-03, 8.283230915129027e-03, -4.226517808234202e-06, -1.531469390168935e-06
4122, 3.141592653589793e+00, 1.570796326794897e+00, 5.497787143782138e+00, 1.018669687821743e-03, -1.442337262524195e-11, -8.293594959493547e-03, -3.700204174236584e-07
4123, 3.534291735288517e+00, 1.570796326794897e+00, 5.497787143782138e+00, 1.792632967169424e-03, -8.283230941918539e-03, -4.226535339527651e-06, -1.531469500426276e-06
4124, 3.926990816987241e+00, 1.570796326794897e+00, 5.497787143782138e+00, 2.653508702014840e-03, 1.038746734445042e-10, 8.286227597462285e-03, -2.961151862394008e-06
4125, 4.319689898685965e+00, 1.570796326794897e+00, 5.497787143782138e+00, 1.792554127518717e-03, 8.283231135144651e-03, -4.226425350592029e-06, -1.531467654158885e-06
4126, 4.712388980384690e+00, 1.570796326794897e+00, 5.497787143782138e+00, 1.018523231857826e-03, 1.653676172672504e-10, -8.293594749446897e-03, -3.700176253679323e-07
4127, 5.105088062083414e+00, 1.570796326794897e+00, 5.497787143782138e+00, 1.792429001265239e-03, -8.283230829148801e-03, -4.226226901991812e-06, -1.531467143402692e-06
4128, 5.497787143782138e+00, 1.570796326794897e+00, 5.497787143782138e+00, 2.653276973740992e-03, 1.320838712836124e-10, 8.286227972776689e-03, -2.961151610080528e-06
4129, 5.890486225480862e+00, 1.570796326794897e+00, 5.497787143782138e+00, 1.792329206850347e-03, 8.283231072423465e-03, -4.226029251756625e-06, -1.531470552046978e-06
4130, 6.283185307179586e+00, 1.570796326794897e+00, 5.497787143782138e+00, 1.018339780574185e-03, 1.643702281207191e-11, -8.293594392368497e-03, -3.700231771271463e-07
4131, 0.000000000000000e+00, 1.963495408493621e+00, 5.497787143782138e+00, 3.249000527778059e-03, 3.656062121623357e-11, -1.206728036165186e-03, -1.804483625853866e-06
4132, 3.926990816987241e-01, 1.963495408493621e+00, 5.497787143782138e+00, 3.101437937797353e-03, -1.799042723335600e-03, -2.606372221787986e-06, -1.595855082937146e-06
4133, 7.853981633974483e-01, 1.963495408493621e+00, 5.497787143782138e+00, 2.946851346247139e-03, -2.020769045505032e-10, 1.201549192553175e-03, -1.365187735090784e-06
4134, 1.178097245096172e+00, 1.963495408493621e+00, 5.497787143782138e+00, 3.101588634865082e-03, 1.799042360114877e-03, -2.606537483562141e-06, -1.595859461643402e-06
4135, 1.570796326794897e+00, 1.963495408493621e+00, 5.497787143782138e+00, 3.249269769697008e-03, -2.717231320036509e-10, -1.206728324277668e-03, -1.804493484880303e-06
4136, 1.963495408493621e+00, 1.963495408493621e+00, 5.497787143782138e+00, 3.101794768506185e-03, -1.799042866018131e-03, -2.606736128162809e-06, -1.595871496338888e-06
4137, 2.356194490192345e+00, 1.963495408493621e+00, 5.497787143782138e+00, 2.947234713275361e-03, -1.941870345058439e-10, 1.201548819877403e-03, -1.365209314297072e-06
4138, 2.748893571891069e+00, 1.963495408493621e+00, 5.497787143782138e+00, 3.101942698010863e-03, 1.799042501468824e-03, -2.606867733662280e-06, -1.595882373021211e-06
4139, 3.141592653589793e+00, 1.963495408493621e+00, 5.497787143782138e+00, 3.249547232040214e-03, -2.313115730882379e-11, -1.206728575577227e-03, -1.804513053573540e-06
4140, 3.534291735288517e+00, 1.963495408493621e+00, 5.497787143782138e+00, 3.101960337228765e-03, -1.799042545000311e-03, -2.606884307725148e-06, -1.595883732064525e-06
4141, 3.926990816987241e+00, 1.963495408493621e+00, 5.497787143782138e+00, 2.947267894867481e-03, 1.586132681404257e-10, 1.201548788073835e-03, -1.365211782418916e-06
4142, 4.319689898685965e+00, 1.963495408493621e+00, 5.497787143782138e+00, 3.101839462138748e-03, 1.799042842993378e-03, -2.606780375418127e-06, -1.595874603435600e-06
4143, 4.712388980384690e+00, 1.963495408493621e+00, 5.497787143782138e+00, 3.249320326683564e-03, 2.648869265877267e-10, -1.206728376622362e-03, -1.804496608800066e-06
4144, 5.105088062083414e+00, 1.963495408493621e+00, 5.497787143782138e+00, 3.101638215456046e-03, -1.799042348334491e-03, -2.606591830687660e-06, -1.595861949567802e-06
4145, 5.497787143782138e+00, 1.963495408493621e+00, 5.497787143782138e+00, 2.946892387408455e-03, 2.337154952561073e-10, 1.201549144399866e-03, -1.365189139674275e-06
4146, 5.890486225480862e+00, 1.963495408493621e+00, 5.497787143782138e+00, 3.101462526541882e-03, 1.799042775433786e-03, -2.606403373464301e-06, -1.595855514020069e-06
4147, 6.283185307179586e+00, 1.963495408493621e+00, 5.497787143782138e+00, 3.249000527778059e-03, 3.656062121623357e-11, -1.206728036165186e-03, -1.804483625853866e-06
4148, 0.000000000000000e+00, 2.356194490192345e+00, 5.497787143782138e+00, 4.278390091304221e-03, 5.414266262074526e-11, -6.176824226349585e-05, -2.028153099420920e-06
4149, 3.926990816987241e-01, 2.356194490192345e+00, 5.497787143782138e+00, 3.914520626130956e-03, -1.457373799708135e-04, -1.539955018358473e-06, -1.484176134395169e-06
4150, 7.853981633974483e-01, 2.356194490192345e+00, 5.497787143782138e+00, 3.545222065117736e-03, -2.814773311120346e-10, 5.865050297323660e-05, -9.242498448276347e-07
4151, 1.178097245096172e+00, 2.356194490192345e+00, 5.497787143782138e+00, 3.914729706012645e-03, 1.457368777611093e-04, -1.540086740610704e-06, -1.484187459937079e-06
4152, 1.570796326794897e+00, 2.356194490192345e+00, 5.497787143782138e+00, 4.278760371593591e-03, -3.638139799601628e-10, -6.176847191579764e-05, -2.028175954557618e-06
4153, 1.963495408493621e+00, 2.356194490192345e+00, 5.497787143782138e+00, 3.915006010059308e-03, -1.457375569966220e-04, -1.540244934688175e-06, -1.484210252112293e-06
4154, 2.356194490192345e+00, 2.356194490192345e+00, 5.497787143782138e+00, 3.545737024829781e-03, -2.546199957716117e-10, 5.865020632461432e-05, -9.242911605728299e-07
4155, 2.748893571891069e+00, 2.356194490192345e+00, 5.497787143782138e+00, 3.915200344651826e-03, 1.457370768512727e-04, -1.540349384815030e-06, -1.484229102646758e-06
4156, 3.141592653589793e+00, 2.356194490192345e+00, 5.497787143782138e+00, 4.279126502859520e-03, -3.072049227921437e-11, -6.176867157103359e-05, -2.028210442319459e-06
4157, 3.534291735288517e+00, 2.356194490192345e+00, 5.497787143782138e+00, 3.915223828271847e-03, -1.457371349742577e-04, -1.540362536596191e-06, -1.484231540457529e-06
4158, 3.926990816987241e+00, 2.356194490192345e+00, 5.497787143782138e+00, 3.545781421257849e-03, 2.062688846098553e-10, 5.865018107923292e-05, -9.242956712046113e-07
4159, 4.319689898685965e+00, 2.356194490192345e+00, 5.497787143782138e+00, 3.915066315651987e-03, 1.457375243453020e-04, -1.540280096737249e-06, -1.484216129028805e-06
4160, 4.712388980384690e+00, 2.356194490192345e+00, 5.497787143782138e+00, 4.278829411362439e-03, 3.519793292360612e-10, -6.176851356932378e-05, -2.028182206987913e-06
4161, 5.105088062083414e+00, 2.356194490192345e+00, 5.497787143782138e+00, 3.914798481926140e-03, -1.457368646364342e-04, -1.540130021523834e-06, -1.484192949175444e-06
4162, 5.497787143782138e+00, 2.356194490192345e+00, 5.497787143782138e+00, 3.545280112475038e-03, 3.228818262675864e-10, 5.865046462187513e-05, -9.242536164589386e-07
4163, 5.890486225480862e+00, 2.356194490192345e+00, 5.497787143782138e+00, 3.914556215087321e-03, 1.457374529148034e-04, -1.539979819106564e-06, -1.484177951120744e-06
4164, 6.283185307179586e+00, 2.356194490192345e+00, 5.497787143782138e+00, 4.278390091304221e-03, 5.414266262074526e-11, -6.176824226349585e-05, -2.028153099420920e-06
4165, 0.000000000000000e+00, 2.748893571891069e+00, 5.497787143782138e+00, 4.554609465525024e-03, 6.656094711210869e-11, -2.594687207826994e-07, -1.680993884441486e-06
4166, 3.926990816987241e-01, 2.748893571891069e+00, 5.497787143782138e+00, 4.359091774011058e-03, -6.566305334176287e-07, -7.188070136153110e-07, -1.392573394125092e-06
4167, 7.853981633974483e-01, 2.748893571891069e+00, 5.497787143782138e+00, 4.163040542385539e-03, -3.375373227450731e-10, -1.186928008308716e-06, -1.102536531537262e-06
4168, 1.178097245096172e+00, 2.748893571891069e+00, 5.497787143782138e+00, 4.359342091476394e-03, 6.560301593309215e-07, -7.188850471624125e-07, -1.392589589594533e-06
4169, 1.570796326794897e+00, 2.748893571891069e+00, 5.497787143782138e+00, 4.555051098812628e-03, -4.288319291921898e-10, -2.596047491130950e-07, -1.681025843531999e-06
4170, 1.963495408493621e+00, 2.748893571891069e+00, 5.497787143782138e+00, 4.359667914902158e-03, -6.568316916876940e-07, -7.189787007084360e-07, -1.392619904621167e-06
4171, 2.356194490192345e+00, 2.748893571891069e+00, 5.497787143782138e+00, 4.163648355551260e-03, -2.971380279864185e-10, -1.187103606761388e-06, -1.102591648192199e-06
4172, 2.748893571891069e+00, 2.748893571891069e+00, 5.497787143782138e+00, 4.359894919735078e-03, 6.562701230051020e-07, -7.190404160934980e-07, -1.392644310652598e-06
4173, 3.141592653589793e+00, 2.748893571891069e+00, 5.497787143782138e+00, 4.555479691432540e-03, -3.606589045581985e-11, -2.597227785149993e-07, -1.681070733892589e-06
4174, 3.534291735288517e+00, 2.748893571891069e+00, 5.497787143782138e+00, 4.359922519332907e-03, -6.563385244564537e-07, -7.190482000002752e-07, -1.392647500405573e-06
4175, 3.926990816987241e+00, 2.748893571891069e+00, 5.497787143782138e+00, 4.163700654359238e-03, 2.397729326544947e-10, -1.187118554995575e-06, -1.102597583558626e-06
4176, 4.319689898685965e+00, 2.748893571891069e+00, 5.497787143782138e+00, 4.359739229849492e-03, 6.567922233992205e-07, -7.189995343267765e-07, -1.392627715943937e-06
4177, 4.712388980384690e+00, 2.748893571891069e+00, 5.497787143782138e+00, 4.555133183832404e-03, 4.134393362103821e-10, -2.596294462321674e-07, -1.681034285827059e-06
4178, 5.105088062083414e+00, 2.748893571891069e+00, 5.497787143782138e+00, 4.359424424653245e-03, -6.560160968842342e-07, -7.189107218962345e-07, -1.392597186898004e-06
4179, 5.497787143782138e+00, 2.748893571891069e+00, 5.497787143782138e+00, 4.163110602746390e-03, 3.858470579879084e-10, -1.186950760532490e-06, -1.102541972307982e-06
4180, 5.890486225480862e+00, 2.748893571891069e+00, 5.497787143782138e+00, 4.359135129637010e-03, 6.567182098557129e-07, -7.188217208286040e-07, -1.392576189814206e-06
4181, 6.283185307179586e+00, 2.748893571891069e+00, 5.497787143782138e+00, 4.554609465525024e-03, 6.656094711210869e-11, -2.594687207826994e-07, -1.680993884441486e-06
4182, 0.000000000000000e+00, 3.141592653589793e+00, 5.497787143782138e+00, 4.500594810694680e-03, 7.194559241304120e-11, 5.342135338005758e-07, -1.361033554781884e-06
4183, 3.926990816987241e-01, 3.141592653589793e+00, 5.497787143782138e+00, 4.500477879325246e-03, -1.984688907526209e-10, 1.375882066038164e-10, -1.360612257869181e-06
4184, 7.853981633974483e-01, 3.141592653589793e+00, 5.497787143782138e+00, 4.500732081133219e-03, -3.617271437968846e-10, -5.339421053386796e-07, -1.361041351080058e-06
4185, 1.178097245096172e+00, 3.141592653589793e+00, 5.497787143782138e+00, 4.500745989724280e-03, -4.442535917704714e-10, 1.251181373674053e-10, -1.360630494939662e-06
4186, 1.570796326794897e+00, 3.141592653589793e+00, 5.497787143782138e+00, 4.501067217438526e-03, -4.568459252553847e-10, 5.341918424475875e-07, -1.361069333507700e-06
4187, 1.963495408493621e+00, 3.141592653589793e+00, 5.497787143782138e+00, 4.501093147795483e-03, -4.099676851520714e-10, 1.102652593357713e-10, -1.360663971799476e-06
4188, 2.356194490192345e+00, 3.141592653589793e+00, 5.497787143782138e+00, 4.501379899415821e-03, -3.154180269651074e-10, -5.339699723414830e-07, -1.361102265408404e-06
4189, 2.748893571891069e+00, 3.141592653589793e+00, 5.497787143782138e+00, 4.501334203221003e-03, -1.866318241090594e-10, 1.005203109872463e-10, -1.360690710327316e-06
4190, 3.141592653589793e+00, 3.141592653589793e+00, 5.497787143782138e+00, 4.501522687089613e-03, -3.837676406865732e-11, 5.341731763195145e-07, -1.361118593355881e-06
4191, 3.534291735288517e+00, 3.141592653589793e+00, 5.497787143782138e+00, 4.501363582353753e-03, 1.137857820639458e-10, 9.925268962541588e-11, -1.360694217409972e-06
4192, 3.926990816987241e+00, 3.141592653589793e+00, 5.497787143782138e+00, 4.501435615913158e-03, 2.541510180551333e-10, -5.339724072837129e-07, -1.361108802370827e-06
4193, 4.319689898685965e+00, 3.141592653589793e+00, 5.497787143782138e+00, 4.501169226645813e-03, 3.675417462786497e-10, 1.068691020488680e-10, -1.360672601032986e-06
4194, 4.712388980384690e+00, 3.141592653589793e+00, 5.497787143782138e+00, 4.501154950965036e-03, 4.399027903933006e-10, 5.341878103184977e-07, -1.361078703936414e-06
4195, 5.105088062083414e+00, 3.141592653589793e+00, 5.497787143782138e+00, 4.500834196703635e-03, 4.587145237765459e-10, 1.209166050415953e-10, -1.360638988378186e-06
4196, 5.497787143782138e+00, 3.141592653589793e+00, 5.497787143782138e+00, 4.500807348357997e-03, 4.130266455027807e-10, -5.339458387078529e-07, -1.361047503198912e-06
4197, 5.890486225480862e+00, 3.141592653589793e+00, 5.497787143782138e+00, 4.500524601626550e-03, 2.925315419159550e-10, 1.351692281824903e-10, -1.360615471154036e-06
4198, 6.283185307179586e+00, 3.141592653589793e+00, 5.497787143782138e+00, 4.500594810694680e-03, 7.194559241304120e-11, 5.342135338005758e-07, -1.361033554781884e-06
4199, 0.000000000000000e+00, 3.534291735288517e+00, 5.497787143782138e+00, 4.162807304347363e-03, 6.949590304085486e-11, 1.187144270949945e-06, -1.102510606265470e-06
4200, 3.926990816987241e-01, 3.534291735288517e+00, 5.497787143782138e+00, 4.358987415297891e-03, 6.562541211633155e-07, 7.190627534090660e-07, -1.392554369854303e-06
4201, 7.853981633974483e-01, 3.534291735288517e+00, 5.497787143782138e+00, 4.554636949223457e-03, -3.503653193124984e-10, 2.597570167656298e-07, -1.680982017441701e-06
4202, 1.178097245096172e+00, 3.534291735288517e+00, 5.497787143782138e+00, 4.359247160550477e-03, -6.568769180983039e-07, 7.191177749506888e-07, -1.392571494809765e-06
4203, 1.570796326794897e+00, 3.534291735288517e+00, 5.497787143782138e+00, 4.163265208684467e-03, -4.435786439779392e-10, 1.187240269365895e-06, -1.102544318847991e-06
4204, 1.963495408493621e+00, 3.534291735288517e+00, 5.497787143782138e+00, 4.359584217776739e-03, 6.560476296663892e-07, 7.191840022925468e-07, -1.392603292997980e-06
4205, 2.356194490192345e+00, 3.534291735288517e+00, 5.497787143782138e+00, 4.555265840815888e-03, -3.067332193425532e-10, 2.598811508954439e-07, -1.681039846084421e-06
4206, 2.748893571891069e+00, 3.534291735288517e+00, 5.497787143782138e+00, 4.359818601707342e-03, -6.566276078562439e-07, 7.192276784561300e-07, -1.392628802831160e-06
4207, 3.141592653589793e+00, 3.534291735288517e+00, 5.497787143782138e+00, 4.163707931883386e-03, -3.731334823876535e-11, 1.187323763216562e-06, -1.102591275767287e-06
4208, 3.534291735288517e+00, 3.534291735288517e+00, 5.497787143782138e+00, 4.359847161898998e-03, 6.565568076142554e-07, 7.192331111219336e-07, -1.392632147914234e-06
4209, 3.926990816987241e+00, 3.534291735288517e+00, 5.497787143782138e+00, 4.555319984416829e-03, 2.472618763844206e-10, 2.598915855553343e-07, -1.681046075478083e-06
4210, 4.319689898685965e+00, 3.534291735288517e+00, 5.497787143782138e+00, 4.359658104879562e-03, -6.560886985375321e-07, 7.191985457722566e-07, -1.392611504035390e-06
4211, 4.712388980384690e+00, 3.534291735288517e+00, 5.497787143782138e+00, 4.163350346235473e-03, 4.273376815365419e-10, 1.187257505253150e-06, -1.102553215973054e-06
4212, 5.105088062083414e+00, 3.534291735288517e+00, 5.497787143782138e+00, 4.359332673425524e-03, 6.568911787349061e-07, 7.191356801750847e-07, -1.392579533623248e-06
4213, 5.497787143782138e+00, 3.534291735288517e+00, 5.497787143782138e+00, 4.554709834920817e-03, 4.002781574765317e-10, 2.597728638835901e-07, -1.680987810947632e-06
4214, 5.890486225480862e+00, 3.534291735288517e+00, 5.497787143782138e+00, 4.359032602317418e-03, -6.561629828423785e-07, 7.190729811033390e-07, -1.392557374342090e-06
4215, 6.283185307179586e+00, 3.534291735288517e+00, 5.497787143782138e+00, 4.162807304347363e-03, 6.949590304085486e-11, 1.187144270949945e-06, -1.102510606265470e-06
4216, 0.000000000000000e+00, 3.926990816987241e+00, 5.497787143782138e+00, 3.544920190620314e-03, 5.957053868600878e-11, -5.865037224846961e-05, -9.242098720339203e-07
4217, 3.926990816987241e-01, 3.926990816987241e+00, 5.497787143782138e+00, 3.914326689788198e-03, 1.457370620544804e-04, 1.540154996645418e-06, -1.484140770525928e-06
4218, 7.853981633974483e-01, 3.926990816987241e+00, 5.497787143782138e+00, 4.278309563170123e-03, -3.051560997871474e-10, 6.176850621528309e-05, -2.028122809225168e-06
4219, 1.178097245096172e+00, 3.926990816987241e+00, 5.497787143782138e+00, 3.914553162604446e-03, -1.457376056322572e-04, 1.540269216480420e-06, -1.484153778702486e-06
4220, 1.570796326794897e+00, 3.926990816987241e+00, 5.497787143782138e+00, 3.545320490383151e-03, -3.910330168312752e-10, -5.865017304822992e-05, -9.242359127403820e-07
4221, 1.963495408493621e+00, 3.926990816987241e+00, 5.497787143782138e+00, 3.914850210917429e-03, 1.457368751325645e-04, 1.540406476025919e-06, -1.484179296414438e-06
4222, 2.356194490192345e+00, 3.926990816987241e+00, 5.497787143782138e+00, 4.278863452042961e-03, -2.723959460209264e-10, 6.176876355817126e-05, -2.028169106053713e-06
4223, 2.748893571891069e+00, 3.926990816987241e+00, 5.497787143782138e+00, 3.915058207436028e-03, -1.457373893452204e-04, 1.540497004992721e-06, -1.484200196410918e-06
4224, 3.141592653589793e+00, 3.926990816987241e+00, 5.497787143782138e+00, 3.545712767852463e-03, -3.303381280638545e-11, -5.864999997992451e-05, -9.242742302548805e-07
4225, 3.534291735288517e+00, 3.926990816987241e+00, 5.497787143782138e+00, 3.915083472537800e-03, 1.457373267743796e-04, 1.540508332392032e-06, -1.484202924251210e-06
4226, 3.926990816987241e+00, 3.926990816987241e+00, 5.497787143782138e+00, 4.278911268113520e-03, 2.201448147625758e-10, 6.176878530693739e-05, -2.028174163959301e-06
4227, 4.319689898685965e+00, 3.926990816987241e+00, 5.497787143782138e+00, 3.914915280796286e-03, -1.457369107362578e-04, 1.540436777457994e-06, -1.484185913396885e-06
4228, 4.712388980384690e+00, 3.926990816987241e+00, 5.497787143782138e+00, 3.545395178893668e-03, 3.776433951915279e-10, -5.865013713966940e-05, -9.242430011979942e-07
4229, 5.105088062083414e+00, 3.926990816987241e+00, 5.497787143782138e+00, 3.914627818034840e-03, 1.457376191293961e-04, 1.540306536851879e-06, -1.484160073289649e-06
4230, 5.497787143782138e+00, 3.926990816987241e+00, 5.497787143782138e+00, 4.278372834445617e-03, 3.495171493863132e-10, 6.176853927454271e-05, -2.028127221613829e-06
4231, 5.890486225480862e+00, 3.926990816987241e+00, 5.497787143782138e+00, 3.914365667996876e-03, -1.457369827133698e-04, 1.540176350578320e-06, -1.484142968499915e-06
4232, 6.283185307179586e+00, 3.926990816987241e+00, 5.497787143782138e+00, 3.544920190620314e-03, 5.957053868600878e-11, -5.865037224846961e-05, -9.242098720339203e-07
4233, 0.000000000000000e+00, 4.319689898685965e+00, 5.497787143782138e+00, 2.946517832234060e-03, 4.361524601466208e-11, -1.201549165850684e-03, -1.365139820555966e-06
4234, 3.926990816987241e-01, 4.319689898685965e+00, 5.497787143782138e+00, 3.101182052226908e-03, 1.799042493055944e-03, 2.606487433072440e-06, -1.595808436447468e-06
4235, 7.853981633974483e-01, 4.319689898685965e+00, 5.497787143782138e+00, 3.248829396672908e-03, -2.329939177572288e-10, 1.206728237014041e-03, -1.804438831118222e-06
4236, 1.178097245096172e+00, 4.319689898685965e+00, 5.497787143782138e+00, 3.101355388762579e-03, -1.799042910110561e-03, 2.606643446810650e-06, -1.595814926329808e-06
4237, 1.570796326794897e+00, 4.319689898685965e+00, 5.497787143782138e+00, 2.946826165144077e-03, -3.071596499164253e-10, -1.201548893693659e-03, -1.365153707023391e-06
4238, 1.963495408493621e+00, 4.319689898685965e+00, 5.497787143782138e+00, 3.101588597949240e-03, 1.799042337251175e-03, 2.606830902704827e-06, -1.595830483422205e-06
4239, 2.356194490192345e+00, 4.319689898685965e+00, 5.497787143782138e+00, 3.249263579412943e-03, -2.175769837166690e-10, 1.206728588445992e-03, -1.804466840319318e-06
4240, 2.748893571891069e+00, 4.319689898685965e+00, 5.497787143782138e+00, 3.101754451786978e-03, -1.799042746436043e-03, 2.606954695023866e-06, -1.595844067503391e-06
4241, 3.141592653589793e+00, 4.319689898685965e+00, 5.497787143782138e+00, 2.947137892263338e-03, -2.616700649532593e-11, -1.201548657042516e-03, -1.365178315718482e-06
4242, 3.534291735288517e+00, 4.319689898685965e+00, 5.497787143782138e+00, 3.101774433152454e-03, 1.799042697055054e-03, 2.606970246809555e-06, -1.595845811821508e-06
4243, 3.926990816987241e+00, 4.319689898685965e+00, 5.497787143782138e+00, 3.249301254253506e-03, 1.768762984118529e-10, 1.206728618275739e-03, -1.804470032664132e-06
4244, 4.319689898685965e+00, 4.319689898685965e+00, 5.497787143782138e+00, 3.101639545385828e-03, -1.799042364119988e-03, 2.606872428505877e-06, -1.595834563270116e-06
4245, 4.712388980384690e+00, 4.319689898685965e+00, 5.497787143782138e+00, 2.946884124988873e-03, 2.983291253018035e-10, -1.201548844512973e-03, -1.365157916183099e-06
4246, 5.105088062083414e+00, 4.319689898685965e+00, 5.497787143782138e+00, 3.101412659661314e-03, 1.799042922400740e-03, 2.606694548263492e-06, -1.595818439832033e-06
4247, 5.497787143782138e+00, 4.319689898685965e+00, 5.497787143782138e+00, 3.248877262764839e-03, 2.684946573417995e-10, 1.206728282309929e-03, -1.804441036412795e-06
4248, 5.890486225480862e+00, 4.319689898685965e+00, 5.497787143782138e+00, 3.101211072900558e-03, -1.799042432605805e-03, 2.606516734560245e-06, -1.595809344113710e-06
4249, 6.283185307179586e+00, 4.319689898685965e+00, 5.497787143782138e+00, 2.946517832234060e-03, 4.361524601466208e-11, -1.201549165850684e-03, -1.365139820555966e-06
4250, 0.000000000000000e+00, 4.712388980384690e+00, 5.497787143782138e+00, 2.652931745311716e-03, 2.402733954293620e-11, -8.286228104981613e-03, -2.961104399970451e-06
4251, 3.926990816987241e-01, 4.712388980384690e+00, 5.497787143782138e+00, 1.792036209771822e-03, 8.283230917161674e-03, 4.226009053094759e-06, -1.531420588580531e-06
4252, 7.853981633974483e-01, 4.712388980384690e+00, 5.497787143782138e+00, 1.018109092203324e-03, -1.449407507635353e-10, 8.293594498816287e-03, -3.699700604625914e-07
4253, 1.178097245096172e+00, 4.712388980384690e+00, 5.497787143782138e+00, 1.792144687554193e-03, -8.283231179720839e-03, 4.226182712608213e-06, -1.531419131075471e-06
4254, 1.570796326794897e+00, 4.712388980384690e+00, 5.497787143782138e+00, 2.653127820843767e-03, -2.046760867776644e-10, -8.286227801477936e-03, -2.961103462838274e-06
4255, 1.963495408493621e+00, 4.712388980384690e+00, 5.497787143782138e+00, 1.792299932855154e-03, 8.283230799380908e-03, 4.226391967316028e-06, -1.531422517317106e-06
4256, 2.356194490192345e+00, 4.712388980384690e+00, 5.497787143782138e+00, 1.018397053135968e-03, -1.504995992113833e-10, 8.293594890641983e-03, -3.699757224560951e-07
4257, 2.748893571891069e+00, 4.712388980384690e+00, 5.497787143782138e+00, 1.792414196035660e-03, -8.283231080025325e-03, 4.226530454565937e-06, -1.531427154427981e-06
4258, 3.141592653589793e+00, 4.712388980384690e+00, 5.497787143782138e+00, 2.653340993397374e-03, -1.772105149133400e-11, -8.286227536578879e-03, -2.961111312566275e-06
4259, 3.534291735288517e+00, 4.712388980384690e+00, 5.497787143782138e+00, 1.792427685185433e-03, 8.283231046841488e-03, 4.226547943431176e-06, -1.531427689846937e-06
4260, 3.926990816987241e+00, 4.712388980384690e+00, 5.497787143782138e+00, 1.018422276673487e-03, 1.239391754531211e-10, 8.293594924115083e-03, -3.699766247081996e-07
4261, 4.319689898685965e+00, 4.712388980384690e+00, 5.497787143782138e+00, 1.792333561922921e-03, -8.283230815593167e-03, 4.226438521371079e-06, -1.531423489421477e-06
4262, 4.712388980384690e+00, 4.712388980384690e+00, 5.497787143782138e+00, 2.653165292027829e-03, 2.013719258329317e-10, -8.286227746396204e-03, -2.961104150047901e-06
4263, 5.105088062083414e+00, 4.712388980384690e+00, 5.497787143782138e+00, 1.792180679689808e-03, 8.283231190522723e-03, 4.226239829441180e-06, -1.531419238385220e-06
4264, 5.497787143782138e+00, 4.712388980384690e+00, 5.497787143782138e+00, 1.018138092302589e-03, 1.696623447823298e-10, 8.293594549421766e-03, -3.699695505063457e-07
4265, 5.890486225480862e+00, 4.712388980384690e+00, 5.497787143782138e+00, 1.792053016277432e-03, -8.283230879820306e-03, 4.226041900089798e-06, -1.531419897100980e-06
4266, 6.283185307179586e+00, 4.712388980384690e+00, 5.497787143782138e+00, 2.652931745311716e-03, 2.402733954293620e-11, -8.286228104981613e-03, -2.961104399970451e-06
4267, 0.000000000000000e+00, 5.105088062083414e+00, 5.497787143782138e+00, 2.263114036747448e-03, 3.966104677597046e-12, -3.028474345423744e-02, -4.996298027987703e-06
4268, 3.926990816987241e-01, 5.105088062083414e+00, 5.497787143782138e+00, -1.972461853898735e-04, 2.023031336769288e-02, 6.938160948270069e-06, -7.410827328886377e-07
4269, 7.853981633974483e-01, 5.105088062083414e+00, 5.497787143782138e+00, -2.184694982039638e-03, -5.454344244464541e-11, 3.029352781394137e-02, 2.016250993147325e-06
4270, 1.178097245096172e+00, 5.105088062083414e+00, 5.497787143782138e+00, -1.972041731990837e-04, -2.023031347177343e-02, 6.938325001709369e-06, -7.410731183823821e-07
4271, 1.570796326794897e+00, 5.105088062083414e+00, 5.497787143782138e+00, 2.263194960543357e-03, -9.923192886441504e-11, -3.028474316646192e-02, -4.996281867253123e-06
4272, 1.963495408493621e+00, 5.105088062083414e+00, 5.497787143782138e+00, -1.971291775783714e-04, 2.023031328957525e-02, 6.938524378121574e-06, -7.410639413958856e-07
4273, 2.356194490192345e+00, 5.105088062083414e+00, 5.497787143782138e+00, -2.184557495441401e-03, -8.112019140129759e-11, 3.029352818626339e-02, 2.016268397392218e-06
4274, 2.748893571891069e+00, 5.105088062083414e+00, 5.497787143782138e+00, -1.970682493368859e-04, -2.023031343742345e-02, 6.938656815029630e-06, -7.410593193545506e-07
4275, 3.141592653589793e+00, 5.105088062083414e+00, 5.497787143782138e+00, 2.263306339579266e-03, -8.951756184687071e-12, -3.028474291280201e-02, -4.996272384738543e-06
4276, 3.534291735288517e+00, 5.105088062083414e+00, 5.497787143782138e+00, -1.970614989066839e-04, 2.023031342104782e-02, 6.938673648160088e-06, -7.410585954233173e-07
4277, 3.926990816987241e+00, 5.105088062083414e+00, 5.497787143782138e+00, -2.184545185909213e-03, 6.919336917772801e-11, 3.029352821838488e-02, 2.016269876518350e-06
4278, 4.319689898685965e+00, 5.105088062083414e+00, 5.497787143782138e+00, -1.971134819456508e-04, -2.023031329485063e-02, 6.938569033850541e-06, -7.410616939992211e-07
4279, 4.712388980384690e+00, 5.105088062083414e+00, 5.497787143782138e+00, 2.263211263165880e-03, 1.014785255207561e-10, -3.028474311370968e-02, -4.996278918363197e-06
4280, 5.105088062083414e+00, 5.105088062083414e+00, 5.497787143782138e+00, -1.971901144817229e-04, 2.023031348093528e-02, 6.938379396759793e-06, -7.410697121654414e-07
4281, 5.497787143782138e+00, 5.105088062083414e+00, 5.497787143782138e+00, -2.184685406765230e-03, 6.823491199837022e-11, 3.029352786194415e-02, 2.016254317406179e-06
4282, 5.890486225480862e+00, 5.105088062083414e+00, 5.497787143782138e+00, -1.972419771687929e-04, -2.023031335410053e-02, 6.938192240824649e-06, -7.410803552791793e-07
4283, 6.283185307179586e+00, 5.105088062083414e+00, 5.497787143782138e+00, 2.263114036747448e-03, 3.966104677597046e-12, -3.028474345423744e-02, -4.996298027987703e-06
4284, 0.000000000000000e+00, 5.497787143782138e+00, 5.497787143782138e+00, 5.315860175903112e-04, -1.326872250216218e-11, -7.035977031317324e-02, -4.640943834630043e-06
4285, 3.926990816987241e-01, 5.497787143782138e+00, 5.497787143782138e+00, -2.875231894792829e-03, 2.913903851727783e-02, 1.006882915554548e-05, 1.403137013501211e-06
4286, 7.853981633974483e-01, 5.497787143782138e+00, 5.497787143782138e+00, -5.455462624816262e-03, 2.378037537902105e-11, 7.036871170922229e-02, 4.799805442498804e-06
4287, 1.178097245096172e+00, 5.497787143782138e+00, 5.497787143782138e+00, -2.875247341595206e-03, -2.913903848397991e-02, 1.006895788225556e-05, 1.403153664074620e-06
4288, 1.570796326794897e+00, 5.497787143782138e+00, 5.497787143782138e+00, 5.315670356069139e-04, -6.846813470851352e-12, -7.035977008699368e-02, -4.640914486261312e-06
4289, 1.963495408493621e+00, 5.497787143782138e+00, 5.497787143782138e+00, -2.875242750098999e-03, 2.913903847546752e-02, 1.006911710793426e-05, 1.403173868012113e-06
4290, 2.356194490192345e+00, 5.497787143782138e+00, 5.497787143782138e+00, -5.455456939053910e-03, -1.972829917021642e-11, 7.036871200580512e-02, 4.799843075336730e-06
4291, 2.748893571891069e+00, 5.497787143782138e+00, 5.497787143782138e+00, -2.875228916591873e-03, -2.913903850616655e-02, 1.006922363285962e-05, 1.403186691872313e-06
4292, 3.141592653589793e+00, 5.497787143782138e+00, 5.497787143782138e+00, 5.315886326498859e-04, -1.189069765114989e-12, -7.035976988286162e-02, -4.640889672398416e-06
4293, 3.534291735288517e+00, 5.497787143782138e+00, 5.497787143782138e+00, -2.875228138901178e-03, 2.913903850469531e-02, 1.006923724704043e-05, 1.403188536199357e-06
4294, 3.926990816987241e+00, 5.497787143782138e+00, 5.497787143782138e+00, -5.455456071318276e-03, 2.077340612917994e-11, 7.036871203174334e-02, 4.799846670059258e-06
4295, 4.319689898685965e+00, 5.497787143782138e+00, 5.497787143782138e+00, -2.875242924273003e-03, -2.913903847115688e-02, 1.006915319466187e-05, 1.403178965969950e-06
4296, 4.712388980384690e+00, 5.497787143782138e+00, 5.497787143782138e+00, 5.315646585931235e-04, 1.376497868190743e-11, -7.035977004448515e-02, -4.640908333717616e-06
4297, 5.105088062083414e+00, 5.497787143782138e+00, 5.497787143782138e+00, -2.875252532984965e-03, 2.913903849138311e-02, 1.006900126733162e-05, 1.403160142489176e-06
4298, 5.497787143782138e+00, 5.497787143782138e+00, 5.497787143782138e+00, -5.455469977440679e-03, -1.993863372570180e-11, 7.036871174706111e-02, 4.799811213146483e-06
4299, 5.890486225480862e+00, 5.497787143782138e+00, 5.497787143782138e+00, -2.875238619825452e-03, -2.913903852431532e-02, 1.006885365246657e-05, 1.403140868624962e-06
4300, 6.283185307179586e+00, 5.497787143782138e+00, 5.497787143782138e+00, 5.315860175903112e-04, -1.326872250216218e-11, -7.035977031317324e-02, -4.640943834630043e-06
4301, 0.000000000000000e+00, 5.890486225480862e+00, 5.497787143782138e+00, -3.196231690641600e-03, -2.498201432590929e-11, -1.134948283990458e-01, 4.254152307117639e-07
4302, 3.926990816987241e-01, 5.890486225480862e+00, 5.497787143782138e+00, -5.520019506900211e-03, 2.257208995658173e-02, 8.843220179301303e-06, 4.320608406407937e-06
4303, 7.853981633974483e-01, 5.890486225480862e+00, 5.497787143782138e+00, -7.561512416885100e-03, 7.701846782924361e-11, 1.135013911823319e-01, 7.316638141599397e-06
4304, 1.178097245096172e+00, 5.890486225480862e+00, 5.497787143782138e+00, -5.520074218961103e-03, -2.257208982899681e-02, 8.843294432084823e-06, 4.320629745130506e-06
4305, 1.570796326794897e+00, 5.890486225480862e+00, 5.497787143782138e+00, -3.196319450037360e-03, 5.879073504017375e-11, -1.134948282714303e-01, 4.254534732679618e-07
4306, 1.963495408493621e+00, 5.890486225480862e+00, 5.497787143782138e+00, -5.520119604643782e-03, 2.257208994345760e-02, 8.843389191181112e-06, 4.320657704260710e-06
4307, 2.356194490192345e+00, 5.890486225480862e+00, 5.497787143782138e+00, -7.561599887377270e-03, 2.427574236570710e-11, 1.135013913591963e-01, 7.316689955883320e-06
4308, 2.748893571891069e+00, 5.890486225480862e+00, 5.497787143782138e+00, -5.520139447132074e-03, -2.257208989041438e-02, 8.843453412408716e-06, 4.320676434784580e-06
4309, 3.141592653589793e+00, 5.890486225480862e+00, 5.497787143782138e+00, -3.196361995401619e-03, 4.367624229970735e-12, -1.134948281487042e-01, 4.254892972293171e-07
4310, 3.534291735288517e+00, 5.890486225480862e+00, 5.497787143782138e+00, -5.520142953102982e-03, 2.257208989964002e-02, 8.843461645140856e-06, 4.320679082499480e-06
4311, 3.926990816987241e+00, 5.890486225480862e+00, 5.497787143782138e+00, -7.561607228885143e-03, -1.389750934393317e-11, 1.135013913749277e-01, 7.316695067187387e-06
4312, 4.319689898685965e+00, 5.890486225480862e+00, 5.497787143782138e+00, -5.520131168913374e-03, -2.257208993227492e-02, 8.843411137804938e-06, 4.320664847830039e-06
4313, 4.712388980384690e+00, 5.890486225480862e+00, 5.497787143782138e+00, -3.196335209410753e-03, -4.865258571900328e-11, -1.134948282457083e-01, 4.254619150145285e-07
4314, 5.105088062083414e+00, 5.890486225480862e+00, 5.497787143782138e+00, -5.520093086206520e-03, 2.257208983465068e-02, 8.843320345321921e-06, 4.320638373188539e-06
4315, 5.497787143782138e+00, 5.890486225480862e+00, 5.497787143782138e+00, -7.561531547948360e-03, -8.103751463571177e-11, 1.135013912044112e-01, 7.316645551964243e-06
4316, 5.890486225480862e+00, 5.890486225480862e+00, 5.497787143782138e+00, -5.520033570277766e-03, -2.257208997789343e-02, 8.843233319690914e-06, 4.320613172940914e-06
4317, 6.283185307179586e+00, 5.890486225480862e+00, 5.497787143782138e+00, -3.196231690641600e-03, -2.498201432590929e-11, -1.134948283990458e-01, 4.254152307117639e-07
4318, 0.000000000000000e+00, 6.283185307179586e+00, 5.497787143782138e+00, -6.841464388623747e-03, -2.686344121575528e-11, -1.325577538028102e-01, 6.308111489812717e-06
4319, 3.926990816987241e-01, 6.283185307179586e+00, 5.497787143782138e+00, -6.677130265171424e-03, 6.049467214591010e-11, -1.643569218340262e-10, 5.768511793544538e-06
4320, 7.853981633974483e-01, 6.283185307179586e+00, 5.497787143782138e+00, -6.841503758513012e-03, 9.807203802730094e-11, 1.325577534833959e-01, 6.308123702954290e-06
4321, 1.178097245096172e+00, 6.283185307179586e+00, 5.497787143782138e+00, -6.677200755372364e-03, 1.017091682272411e-10, -1.497999141753828e-10, 5.768534777812576e-06
4322, 1.570796326794897e+00, 6.283185307179586e+00, 5.497787143782138e+00, -6.841579708099038e-03, 8.786789507986386e-11, -1.325577537838788e-01, 6.308152521092892e-06
4323, 1.963495408493621e+00, 6.283185307179586e+00, 5.497787143782138e+00, -6.677268012831631e-03, 6.668698901622893e-11, -1.353892658729473e-10, 5.768566051260528e-06
4324, 2.356194490192345e+00, 6.283185307179586e+00, 5.497787143782138e+00, -6.841631718751087e-03, 4.375523196303142e-11, 1.325577535128758e-01, 6.308181517065694e-06
4325, 2.748893571891069e+00, 6.283185307179586e+00, 5.497787143782138e+00, -6.677302679799589e-03, 2.342891795635927e-11, -1.247624913873340e-10, 5.768587448929825e-06
4326, 3.141592653589793e+00, 6.283185307179586e+00, 5.497787143782138e+00, -6.841650485037914e-03, 6.833227036812876e-12, -1.325577537643148e-01, 6.308193295225781e-06
4327, 3.534291735288517e+00, 6.283185307179586e+00, 5.497787143782138e+00, -6.677308081324799e-03, -9.448449320224862e-12, -1.233730814874660e-10, 5.768590453854752e-06
4328, 3.926990816987241e+00, 6.283185307179586e+00, 5.497787143782138e+00, -6.841642696909670e-03, -2.920971660016389e-11, 1.325577535156235e-01, 6.308187301890479e-06
4329, 4.319689898685965e+00, 6.283185307179586e+00, 5.497787143782138e+00, -6.677284637939617e-03, -5.237626041818236e-11, -1.315314462638371e-10, 5.768574113683122e-06
4330, 4.712388980384690e+00, 6.283185307179586e+00, 5.497787143782138e+00, -6.841601423811537e-03, -7.620807734999760e-11, -1.325577537796118e-01, 6.308161989267640e-06
4331, 5.105088062083414e+00, 6.283185307179586e+00, 5.497787143782138e+00, -6.677225671750277e-03, -9.706157238614602e-11, -1.456253665010623e-10, 5.768544321405795e-06
4332, 5.497787143782138e+00, 6.283185307179586e+00, 5.497787143782138e+00, -6.841527906529655e-03, -1.069415234866158e-10, 1.325577534872113e-01, 6.308131705587353e-06
4333, 5.890486225480862e+00, 6.283185307179586e+00, 5.497787143782138e+00, -6.677146925214625e-03, -9.072549133282802e-11, -1.619336559185239e-10, 5.768516661794275e-06
4334, 6.283185307179586e+00, 6.283185307179586e+00, 5.497787143782138e+00, -6.841464388623747e-03, -2.686344121575528e-11, -1.325577538028102e-01, 6.308111489812717e-06
4335, 0.000000000000000e+00, 0.000000000000000e+00, 5.890486225480862e+00, -9.060770869158337e-03, -2.891646859932570e-11, -2.138338259179614e-01, 4.649800973759055e-06
4336, 3.926990816987241e-01, 0.000000000000000e+00, 5.890486225480862e+00, -8.657212541741420e-03, 6.455993080669444e-11, -1.751550819366797e-10, 4.051827369283050e-06
4337, 7.853981633974483e-01, 0.000000000000000e+00, 5.890486225480862e+00, -9.060813230114317e-03, 1.068171810192375e-10, 2.138338255795094e-01, 4.649803295918945e-06
4338, 1.178097245096172e+00, 0.000000000000000e+00, 5.890486225480862e+00, -8.657289577585265e-03, 1.136412880564832e-10, -1.582016880849723e-10, 4.051837580773059e-06
4339, 1.570796326794897e+00, 0.000000000000000e+00, 5.890486225480862e+00, -9.060898028159322e-03, 1.009986714101681e-10, -2.138338258977335e-01, 4.649820232344405e-06
4340, 1.963495408493621e+00, 0.000000000000000e+00, 5.890486225480862e+00, -8.657366710179779e-03, 7.876577475545672e-11, -1.441401388656264e-10, 4.051856728983369e-06
4341, 2.356194490192345e+00, 0.000000000000000e+00, 5.890486225480862e+00, -9.060959255537255e-03, 5.266643763249562e-11, 2.138338256107419e-01, 4.649837765976760e-06
4342, 2.748893571891069e+00, 0.000000000000000e+00, 5.890486225480862e+00, -8.657408202700428e-03, 2.838492379415291e-11, -1.327406027801279e-10, 4.051870070176215e-06
4343, 3.141592653589793e+00, 0.000000000000000e+00, 5.890486225480862e+00, -9.060981799709865e-03, 8.086085976095539e-12, -2.138338258776655e-01, 4.649845619084214e-06
4344, 3.534291735288517e+00, 0.000000000000000e+00, 5.890486225480862e+00, -8.657414569163979e-03, -1.198046271283475e-11, -1.312857335348686e-10, 4.051871976128340e-06
4345, 3.926990816987241e+00, 0.000000000000000e+00, 5.890486225480862e+00, -9.060972093496194e-03, -3.597412736710947e-11, 2.138338256137199e-01, 4.649841447252120e-06
4346, 4.319689898685965e+00, 0.000000000000000e+00, 5.890486225480862e+00, -8.657385930055465e-03, -6.285503802738893e-11, -1.399627394764887e-10, 4.051861874758748e-06
4347, 4.712388980384690e+00, 0.000000000000000e+00, 5.890486225480862e+00, -9.060922787266850e-03, -8.868692595384630e-11, -2.138338258933650e-01, 4.649826273365100e-06
4348, 5.105088062083414e+00, 0.000000000000000e+00, 5.890486225480862e+00, -8.657317526720078e-03, -1.097394518010608e-10, -1.540553783667943e-10, 4.051843547850654e-06
4349, 5.497787143782138e+00, 0.000000000000000e+00, 5.890486225480862e+00, -9.060839820995975e-03, -1.179396233159444e-10, 2.138338255833848e-01, 4.649807798858091e-06
4350, 5.890486225480862e+00, 0.000000000000000e+00, 5.890486225480862e+00, -8.657230548786671e-03, -9.781403137594629e-11, -1.727320878227970e-10, 4.051829095206390e-06
4351, 6.283185307179586e+00, 0.000000000000000e+00, 5.890486225480862e+00, -9.060770869158337e-03, -2.891646859932570e-11, -2.138338259179614e-01, 4.649800973759055e-06
4352, 0.000000000000000e+00, 3.926990816987241e-01, 5.890486225480862e+00, -1.000561738941331e-02, -3.134024230026320e-11, -1.830846764452870e-01, 5.022168452686020e-06
4353, 3.926990816987241e-01, 3.926990816987241e-01, 5.890486225480862e+00, -6.986171866381853e-03, -3.641116097453879e-02, -1.652779153029897e-05, 2.968897827220987e-06
4354, 7.853981633974483e-01, 3.926990816987241e-01, 5.890486225480862e+00, -3.289004671977403e-03, 9.573741206154905e-11, 1.830809448002430e-01, -6.065815038456930e-08
4355, 1.178097245096172e+00, 3.926990816987241e-01, 5.890486225480862e+00, -6.986241415401553e-03, 3.641116113784115e-02, -1.652783899081847e-05, 2.968906909761865e-06
4356, 1.570796326794897e+00, 3.926990816987241e-01, 5.890486225480862e+00, -1.000573134021774e-02, 8.636770410157949e-11, -1.830846765350143e-01, 5.022185966484510e-06
4357, 1.963495408493621e+00, 3.926990816987241e-01, 5.890486225480862e+00, -6.986307492270849e-03, -3.641116097281558e-02, -1.652791214963331e-05, 2.968924834207686e-06
4358, 2.356194490192345e+00, 3.926990816987241e-01, 5.890486225480862e+00, -3.289130395629416e-03, 4.303663599460213e-11, 1.830809446676040e-01, -6.062596026725358e-08
4359, 2.748893571891069e+00, 3.926990816987241e-01, 5.890486225480862e+00, -6.986341596560830e-03, 3.641116106135619e-02, -1.652796071059508e-05, 2.968937296953776e-06
4360, 3.141592653589793e+00, 3.926990816987241e-01, 5.890486225480862e+00, -1.000580097746307e-02, 6.853802865761182e-12, -1.830846766275536e-01, 5.022209690210727e-06
4361, 3.534291735288517e+00, 3.926990816987241e-01, 5.890486225480862e+00, -6.986347034642067e-03, -3.641116104729058e-02, -1.652796685606176e-05, 2.968939085777345e-06
4362, 3.926990816987241e+00, 3.926990816987241e-01, 5.890486225480862e+00, -3.289141461457503e-03, -2.839352149737170e-11, 1.830809446558461e-01, -6.062249848254841e-08
4363, 4.319689898685965e+00, 3.926990816987241e-01, 5.890486225480862e+00, -6.986324252538013e-03, 3.641116098721223e-02, -1.652792829355007e-05, 2.968929684366850e-06
4364, 4.712388980384690e+00, 3.926990816987241e-01, 5.890486225480862e+00, -1.000575320245451e-02, -7.467254008047943e-11, -1.830846765541432e-01, 5.022191670247519e-06
4365, 5.105088062083414e+00, 3.926990816987241e-01, 5.890486225480862e+00, -6.986266434056464e-03, -3.641116113340108e-02, -1.652785876877797e-05, 2.968912537501325e-06
4366, 5.497787143782138e+00, 3.926990816987241e-01, 5.890486225480862e+00, -3.289028908824493e-03, -1.042440013345539e-10, 1.830809447841737e-01, -6.065400336815380e-08
4367, 5.890486225480862e+00, 3.926990816987241e-01, 5.890486225480862e+00, -6.986188892921701e-03, 3.641116094716666e-02, -1.652779951466095e-05, 2.968899051169703e-06
4368, 6.283185307179586e+00, 3.926990816987241e-01, 5.890486225480862e+00, -1.000561738941331e-02, -3.134024230026320e-11, -1.830846764452870e-01, 5.022168452686020e-06
4369, 0.000000000000000e+00, 7.853981633974483e-01, 5.890486225480862e+00, -6.922029825053733e-03, -2.162410823825109e-11, -1.135050551467849e-01, 2.870655091570974e-06
4370, 3.926990816987241e-01, 7.853981633974483e-01, 5.890486225480862e+00, -3.318641614154399e-03, -4.700430024978415e-02, -1.682249093374703e-05, 8.357453603298578e-07
4371, 7.853981633974483e-01, 7.853981633974483e-01, 5.890486225480862e+00, 2.275127222487280e-03, 5.161782218928578e-11, 1.135005887422468e-01, -4.081401146397262e-06
4372, 1.178097245096172e+00, 7.853981633974483e-01, 5.890486225480862e+00, -3.318678447030204e-03, 4.700430033467218e-02, -1.682260284357576e-05, 8.357521473805658e-07
4373, 1.570796326794897e+00, 7.853981633974483e-01, 5.890486225480862e+00, -6.922086406093706e-03, 2.974182569942646e-11, -1.135050553464795e-01, 2.870667904944742e-06
4374, 1.963495408493621e+00, 7.853981633974483e-01, 5.890486225480862e+00, -3.318701711849813e-03, -4.700430027471405e-02, -1.682274908873726e-05, 8.357654753397719e-07
4375, 2.356194490192345e+00, 7.853981633974483e-01, 5.890486225480862e+00, 2.275081120835830e-03, 5.398274899250093e-12, 1.135005884691272e-01, -4.081377246930349e-06
4376, 2.748893571891069e+00, 7.853981633974483e-01, 5.890486225480862e+00, -3.318706852710643e-03, 4.700430029117183e-02, -1.682284825686727e-05, 8.357744545780594e-07
4377, 3.141592653589793e+00, 7.853981633974483e-01, 5.890486225480862e+00, -6.922100942081725e-03, 2.057539142986973e-12, -1.135050555337741e-01, 2.870685127064501e-06
4378, 3.534291735288517e+00, 7.853981633974483e-01, 5.890486225480862e+00, -3.318708613914174e-03, -4.700430028627536e-02, -1.682286076340061e-05, 8.357757744393637e-07
4379, 3.926990816987241e+00, 7.853981633974483e-01, 5.890486225480862e+00, 2.275077098008124e-03, 1.311091699450044e-12, 1.135005884450067e-01, -4.081374671904523e-06
4380, 4.319689898685965e+00, 7.853981633974483e-01, 5.890486225480862e+00, -3.318708727072882e-03, 4.700430028326936e-02, -1.682278227807602e-05, 8.357691285426177e-07
4381, 4.712388980384690e+00, 7.853981633974483e-01, 5.890486225480862e+00, -6.922096859943346e-03, -2.069675922095185e-11, -1.135050553852817e-01, 2.870672262411427e-06
4382, 5.105088062083414e+00, 7.853981633974483e-01, 5.890486225480862e+00, -3.318691859461008e-03, -4.700430032849463e-02, -1.682264277697955e-05, 8.357565057829891e-07
4383, 5.497787143782138e+00, 7.853981633974483e-01, 5.890486225480862e+00, 2.275112888107707e-03, -5.321005283117846e-11, 1.135005887079333e-01, -4.081397915531689e-06
4384, 5.890486225480862e+00, 7.853981633974483e-01, 5.890486225480862e+00, -3.318652579660671e-03, 4.700430023441173e-02, -1.682251196861290e-05, 8.357462895802417e-07
4385, 6.283185307179586e+00, 7.853981633974483e-01, 5.890486225480862e+00, -6.922029825053733e-03, -2.162410823825109e-11, -1.135050551467849e-01, 2.870655091570974e-06
4386, 0.000000000000000e+00, 1.178097245096172e+00, 5.890486225480862e+00, -2.761094545866793e-03, -4.680074244307111e-12, -4.886187952752682e-02, 1.147609463698445e-06
4387, 3.926990816987241e-01, 1.178097245096172e+00, 5.890486225480862e+00, 8.259241235591548e-05, -3.263348978984124e-02, -9.386975568722597e-06, -6.205950934000441e-07
4388, 7.853981633974483e-01, 1.178097245096172e+00, 5.890486225480862e+00, 4.053592205929216e-03, -2.050896452115054e-11, 4.885609592300552e-02, -4.004440008899844e-06
4389, 1.178097245096172e+00, 1.178097245096172e+00, 5.890486225480862e+00, 8.260933313991807e-05, 3.263348974566619e-02, -9.387134433717410e-06, -6.205914267469428e-07
4390, 1.570796326794897e+00, 1.178097245096172e+00, 5.890486225480862e+00, -2.761057155653894e-03, -5.943476009237750e-11, -4.886187980601808e-02, 1.147615988678210e-06
4391, 1.963495408493621e+00, 1.178097245096172e+00, 5.890486225480862e+00, 8.265365959670359e-05, -3.263348985201102e-02, -9.387331974576752e-06, -6.205854792585567e-07
4392, 2.356194490192345e+00, 1.178097245096172e+00, 5.890486225480862e+00, 4.053672322337546e-03, -5.406442694093062e-11, 4.885609555191626e-02, -4.004429302431448e-06
4393, 2.748893571891069e+00, 1.178097245096172e+00, 5.890486225480862e+00, 8.269416289028801e-05, 3.263348975492084e-02, -9.387465654202091e-06, -6.205820917940131e-07
4394, 3.141592653589793e+00, 1.178097245096172e+00, 5.890486225480862e+00, -2.760984829348110e-03, -5.477722941261247e-12, -4.886188005901561e-02, 1.147622775246613e-06
4395, 3.534291735288517e+00, 1.178097245096172e+00, 5.890486225480862e+00, 8.269819121133031e-05, -3.263348976445785e-02, -9.387482516150147e-06, -6.205815246527622e-07
4396, 3.926990816987241e+00, 1.178097245096172e+00, 5.890486225480862e+00, 4.053679384645991e-03, 4.827123470135789e-11, 4.885609551944659e-02, -4.004428154451758e-06
4397, 4.319689898685965e+00, 1.178097245096172e+00, 5.890486225480862e+00, 8.266199911585168e-05, 3.263348985133471e-02, -9.387376827084397e-06, -6.205837616674177e-07
4398, 4.712388980384690e+00, 1.178097245096172e+00, 5.890486225480862e+00, -2.761049594794977e-03, 6.409204321496856e-11, -4.886187985853521e-02, 1.147618164908574e-06
4399, 5.105088062083414e+00, 1.178097245096172e+00, 5.890486225480862e+00, 8.261435625823597e-05, -3.263348973729006e-02, -9.387188555175371e-06, -6.205891051788906e-07
4400, 5.497787143782138e+00, 1.178097245096172e+00, 5.890486225480862e+00, 4.053593881173860e-03, 2.913350605716973e-11, 4.885609587568941e-02, -4.004438147091457e-06
4401, 5.890486225480862e+00, 1.178097245096172e+00, 5.890486225480862e+00, 8.259159389658311e-05, 3.263348979392000e-02, -9.387005502366919e-06, -6.205944112890748e-07
4402, 6.283185307179586e+00, 1.178097245096172e+00, 5.890486225480862e+00, -2.761094545866793e-03, -4.680074244307111e-12, -4.886187952752682e-02, 1.147609463698445e-06
4403, 0.000000000000000e+00, 1.570796326794897e+00, 5.890486225480862e+00, 1.164875134472816e-03, 1.582410500789204e-11, -1.337550256147836e-02, -2.266723365141351e-07
4404, 3.926990816987241e-01, 1.570796326794897e+00, 5.890486225480862e+00, 2.306355396558029e-03, -1.336164968386622e-02, -4.515929667966827e-06, -1.030606774045812e-06
4405, 7.853981633974483e-01, 1.570796326794897e+00, 5.890486225480862e+00, 3.650450759530261e-03, -1.104423926879254e-10, 1.336914263877772e-02, -2.117794817835830e-06
4406, 1.178097245096172e+00, 1.570796326794897e+00, 5.890486225480862e+00, 2.306438851333590e-03, 1.336164948051100e-02, -4.516108960253548e-06, -1.030606735975491e-06
4407, 1.570796326794897e+00, 1.570796326794897e+00, 5.890486225480862e+00, 1.165028385024621e-03, -1.673845426616912e-10, -1.337550287493769e-02, -2.266731413491129e-07
4408, 1.963495408493621e+00, 1.570796326794897e+00, 5.890486225480862e+00, 2.306565332656469e-03, -1.336164978942432e-02, -4.516328773437657e-06, -1.030609743433254e-06
4409, 2.356194490192345e+00, 1.570796326794897e+00, 5.890486225480862e+00, 3.650684583795072e-03, -1.261091585820461e-10, 1.336914222632272e-02, -2.117800066067461e-06
4410, 2.748893571891069e+00, 1.570796326794897e+00, 5.890486225480862e+00, 2.306661025423276e-03, 1.336164955509405e-02, -4.516476339298110e-06, -1.030613120619477e-06
4411, 3.141592653589793e+00, 1.570796326794897e+00, 5.890486225480862e+00, 1.165205838052177e-03, -1.455718208951031e-11, -1.337550315547278e-02, -2.266789868546092e-07
4412, 3.534291735288517e+00, 1.570796326794897e+00, 5.890486225480862e+00, 2.306672045300070e-03, -1.336164958207155e-02, -4.516494983359874e-06, -1.030613463596480e-06
4413, 3.926990816987241e+00, 1.570796326794897e+00, 5.890486225480862e+00, 3.650705035795938e-03, 1.051499704979094e-10, 1.336914219052235e-02, -2.117800645051674e-06
4414, 4.319689898685965e+00, 1.570796326794897e+00, 5.890486225480862e+00, 2.306592242738028e-03, 1.336164977753346e-02, -4.516378395758156e-06, -1.030610373572268e-06
4415, 4.712388980384690e+00, 1.570796326794897e+00, 5.890486225480862e+00, 1.165057792063846e-03, 1.665495902896359e-10, -1.337550293328995e-02, -2.266736142550655e-07
4416, 5.105088062083414e+00, 1.570796326794897e+00, 5.890486225480862e+00, 2.306466343569481e-03, -1.336164946988586e-02, -4.516169182125938e-06, -1.030606887462490e-06
4417, 5.497787143782138e+00, 1.570796326794897e+00, 5.890486225480862e+00, 3.650472093680302e-03, 1.311539627450095e-10, 1.336914258590029e-02, -2.117794608738410e-06
4418, 5.890486225480862e+00, 1.570796326794897e+00, 5.890486225480862e+00, 2.306367129934510e-03, 1.336164971191436e-02, -4.515963422544069e-06, -1.030606385480378e-06
4419, 6.283185307179586e+00, 1.570796326794897e+00, 5.890486225480862e+00, 1.164875134472816e-03, 1.582410500789204e-11, -1.337550256147836e-02, -2.266723365141351e-07
4420, 0.000000000000000e+00, 1.963495408493621e+00, 5.890486225480862e+00, 3.840196959649263e-03, 3.661737351734809e-11, -1.944712431829922e-03, -1.114226503964269e-06
4421, 3.926990816987241e-01, 1.963495408493621e+00, 5.890486225480862e+00, 3.608241161171224e-03, -2.902104798821660e-03, -2.455532838398350e-06, -9.589642024280981e-07
4422, 7.853981633974483e-01, 1.963495408493621e+00, 5.890486225480862e+00, 3.359713280789711e-03, -2.039427380742692e-10, 1.939873355543944e-03, -7.803552955105005e-07
4423, 1.178097245096172e+00, 1.963495408493621e+00, 5.890486225480862e+00, 3.608393460417996e-03, 2.902104431098872e-03, -2.455703863512454e-06, -9.589678662326776e-07
4424, 1.570796326794897e+00, 1.963495408493621e+00, 5.890486225480862e+00, 3.840469852201886e-03, -2.780902734980947e-10, -1.944712731017038e-03, -1.114234777684544e-06
4425, 1.963495408493621e+00, 1.963495408493621e+00, 5.890486225480862e+00, 3.608604311627996e-03, -2.902104948203729e-03, -2.455912877713928e-06, -9.589800135304604e-07
4426, 2.356194490192345e+00, 1.963495408493621e+00, 5.890486225480862e+00, 3.360105051850470e-03, -1.996876901183791e-10, 1.939872964013337e-03, -7.803768152851700e-07
4427, 2.748893571891069e+00, 1.963495408493621e+00, 5.890486225480862e+00, 3.608756380540256e-03, 2.902104573634573e-03, -2.456052279139494e-06, -9.589902622277624e-07
4428, 3.141592653589793e+00, 1.963495408493621e+00, 5.890486225480862e+00, 3.840754806163871e-03, -2.381710467178343e-11, -1.944712996834265e-03, -1.114253467082023e-06
4429, 3.534291735288517e+00, 1.963495408493621e+00, 5.890486225480862e+00, 3.608774534533360e-03, -2.902104618416238e-03, -2.456069902332317e-06, -9.589915298940055e-07
4430, 3.926990816987241e+00, 1.963495408493621e+00, 5.890486225480862e+00, 3.360139174587458e-03, 1.632010566482964e-10, 1.939872930214967e-03, -7.803791495201893e-07
4431, 4.319689898685965e+00, 1.963495408493621e+00, 5.890486225480862e+00, 3.608650205179110e-03, 2.902104924777505e-03, -2.455959829243022e-06, -9.589830321550343e-07
4432, 4.712388980384690e+00, 1.963495408493621e+00, 5.890486225480862e+00, 3.840521639895584e-03, 2.715060042864845e-10, -1.944712786404050e-03, -1.114237950281498e-06
4433, 5.105088062083414e+00, 1.963495408493621e+00, 5.890486225480862e+00, 3.608444044759717e-03, -2.902104418380995e-03, -2.455761090905821e-06, -9.589705481699755e-07
4434, 5.497787143782138e+00, 1.963495408493621e+00, 5.890486225480862e+00, 3.359754883549831e-03, 2.368879985598018e-10, 1.939873305252053e-03, -7.803567940243713e-07
4435, 5.890486225480862e+00, 1.963495408493621e+00, 5.890486225480862e+00, 3.608265864001208e-03, 2.902104851633274e-03, -2.455565023889248e-06, -9.589641414188975e-07
4436, 6.283185307179586e+00, 1.963495408493621e+00, 5.890486225480862e+00, 3.840196959649263e-03, 3.661737351734809e-11, -1.944712431829922e-03, -1.114226503964269e-06
4437, 0.000000000000000e+00, 2.356194490192345e+00, 5.890486225480862e+00, 4.926937537465067e-03, 5.477523458564460e-11, -9.857370844846407e-05, -1.226439261300865e-06
4438, 3.926990816987241e-01, 2.356194490192345e+00, 5.890486225480862e+00, 4.370248768724520e-03, -2.352026718438649e-04, -1.409326762461236e-06, -8.285981731775980e-07
4439, 7.853981633974483e-01, 2.356194490192345e+00, 5.890486225480862e+00, 3.801448151856033e-03, -2.860098530951092e-10, 9.566694172782722e-05, -4.147534473572696e-07
4440, 1.178097245096172e+00, 2.356194490192345e+00, 5.890486225480862e+00, 4.370461477238265e-03, 2.352021599638077e-04, -1.409463047559177e-06, -8.286050817749310e-07
4441, 1.570796326794897e+00, 2.356194490192345e+00, 5.890486225480862e+00, 4.927315337972827e-03, -3.750295327271013e-10, -9.857394691234027e-05, -1.226454061086393e-06
4442, 1.963495408493621e+00, 2.356194490192345e+00, 5.890486225480862e+00, 4.370746156065542e-03, -2.352028592225542e-04, -1.409629451395281e-06, -8.286251771187972e-07
4443, 2.356194490192345e+00, 2.356194490192345e+00, 5.890486225480862e+00, 3.801978137706794e-03, -2.637325137431264e-10, 9.566663021385853e-05, -4.147891167016783e-07
4444, 2.748893571891069e+00, 2.356194490192345e+00, 5.890486225480862e+00, 4.370947363114834e-03, 2.352023623290732e-04, -1.409740024006386e-06, -8.286413738638473e-07
4445, 3.141592653589793e+00, 2.356194490192345e+00, 5.890486225480862e+00, 4.927694071571143e-03, -3.188643798578750e-11, -9.857415802226457e-05, -1.226483879430052e-06
4446, 3.534291735288517e+00, 2.356194490192345e+00, 5.890486225480862e+00, 4.370971730534835e-03, -2.352024226198292e-04, -1.409754002304582e-06, -8.286434420908363e-07
4447, 3.926990816987241e+00, 2.356194490192345e+00, 5.890486225480862e+00, 3.802024174823615e-03, 2.136965306654959e-10, 9.566660340116663e-05, -4.147929711799409e-07
4448, 4.319689898685965e+00, 2.356194490192345e+00, 5.890486225480862e+00, 4.370808611687109e-03, 2.352028256669293e-04, -1.409666743827320e-06, -8.286302663369648e-07
4449, 4.712388980384690e+00, 2.356194490192345e+00, 5.890486225480862e+00, 4.927386681001060e-03, 3.633408439666587e-10, -9.857399097411138e-05, -1.226459579091965e-06
4450, 5.105088062083414e+00, 2.356194490192345e+00, 5.890486225480862e+00, 4.370532272556481e-03, -2.352021454847879e-04, -1.409508613571293e-06, -8.286099716728237e-07
4451, 5.497787143782138e+00, 2.356194490192345e+00, 5.890486225480862e+00, 3.801507515554870e-03, 3.296185324282258e-10, 9.566690167310591e-05, -4.147564492138703e-07
4452, 5.890486225480862e+00, 2.356194490192345e+00, 5.890486225480862e+00, 4.370284839143387e-03, 2.352027463764353e-04, -1.409352396151281e-06, -8.285984162830194e-07
4453, 6.283185307179586e+00, 2.356194490192345e+00, 5.890486225480862e+00, 4.926937537465067e-03, 5.477523458564460e-11, -9.857370844846407e-05, -1.226439261300865e-06
4454, 0.000000000000000e+00, 2.748893571891069e+00, 5.890486225480862e+00, 5.076441877024300e-03, 6.760860431547672e-11, 3.297316992136462e-08, -9.593344492434570e-07
4455, 3.926990816987241e-01, 2.748893571891069e+00, 5.890486225480862e+00, 4.780064603839462e-03, -1.131248242821928e-06, -6.579808939690490e-07, -7.499261062028980e-07
4456, 7.853981633974483e-01, 2.748893571891069e+00, 5.890486225480862e+00, 4.482503742791607e-03, -3.439258297657373e-10, -1.367969777775947e-06, -5.390059734652097e-07
4457, 1.178097245096172e+00, 2.748893571891069e+00, 5.890486225480862e+00, 4.780319971709790e-03, 1.130634566177085e-06, -6.580615962301882e-07, -7.499352948474637e-07
4458, 1.570796326794897e+00, 2.748893571891069e+00, 5.890486225480862e+00, 5.076893742835008e-03, -4.434566707919238e-10, 3.283198633915813e-08, -9.593538268198295e-07
4459, 1.963495408493621e+00, 2.748893571891069e+00, 5.890486225480862e+00, 4.780656728764653e-03, -1.131462284068886e-06, -6.581600533021169e-07, -7.499609558215038e-07
4460, 2.356194490192345e+00, 2.748893571891069e+00, 5.890486225480862e+00, 4.483131215160950e-03, -3.087571701482600e-10, -1.368154070742373e-06, -5.390515499692843e-07
4461, 2.748893571891069e+00, 2.748893571891069e+00, 5.890486225480862e+00, 4.780892511809937e-03, 1.130879266626717e-06, -6.582253410415104e-07, -7.499813046063251e-07
4462, 3.141592653589793e+00, 2.748893571891069e+00, 5.890486225480862e+00, 5.077338504100128e-03, -3.756784891830360e-11, 3.270726853231289e-08, -9.593914197100054e-07
4463, 3.534291735288517e+00, 2.748893571891069e+00, 5.890486225480862e+00, 4.780921252648492e-03, -1.130950475371601e-06, -6.582336080061471e-07, -7.499839319771646e-07
4464, 3.926990816987241e+00, 2.748893571891069e+00, 5.890486225480862e+00, 4.483185643009565e-03, 2.491693410737693e-10, -1.368169935590749e-06, -5.390564668299716e-07
4465, 4.319689898685965e+00, 2.748893571891069e+00, 5.890486225480862e+00, 4.780730857788314e-03, 1.131421554933300e-06, -6.581821344714975e-07, -7.499674937072337e-07
4466, 4.712388980384690e+00, 2.748893571891069e+00, 5.890486225480862e+00, 5.076978882383371e-03, 4.281293741392556e-10, 3.280587571002942e-08, -9.593609892707034e-07
4467, 5.105088062083414e+00, 2.748893571891069e+00, 5.890486225480862e+00, 4.780405038113070e-03, -1.130618860979736e-06, -6.580886161845144e-07, -7.499417376768843e-07
4468, 5.497787143782138e+00, 2.748893571891069e+00, 5.890486225480862e+00, 4.482575652247428e-03, 3.950666159502708e-10, -1.367993535559738e-06, -5.390100376939929e-07
4469, 5.890486225480862e+00, 2.748893571891069e+00, 5.890486225480862e+00, 4.780108701237059e-03, 1.131338125630679e-06, -6.579960929355482e-07, -7.499265687535086e-07
4470, 6.283185307179586e+00, 2.748893571891069e+00, 5.890486225480862e+00, 5.076441877024300e-03, 6.760860431547672e-11, 3.297316992136462e-08, -9.593344492434570e-07
4471, 0.000000000000000e+00, 3.141592653589793e+00, 5.890486225480862e+00, 4.910349357292207e-03, 7.317116853991965e-11, 8.077204640831761e-07, -7.257784005959946e-07
4472, 3.926990816987241e-01, 3.141592653589793e+00, 5.890486225480862e+00, 4.910055165177022e-03, -2.002481932010198e-10, 1.460099567468886e-10, -7.253521009229448e-07
4473, 7.853981633974483e-01, 3.141592653589793e+00, 5.890486225480862e+00, 4.910488223097662e-03, -3.688889627375110e-10, -8.074322917414446e-07, -7.257773958142382e-07
4474, 1.178097245096172e+00, 3.141592653589793e+00, 5.890486225480862e+00, 4.910328920066435e-03, -4.572979213180563e-10, 1.331875257926072e-10, -7.253622341069511e-07
4475, 1.570796326794897e+00, 3.141592653589793e+00, 5.890486225480862e+00, 4.910833131612481e-03, -4.729074441870316e-10, 8.076980809479868e-07, -7.257996814311592e-07
4476, 1.963495408493621e+00, 3.141592653589793e+00, 5.890486225480862e+00, 4.910688088670265e-03, -4.256998276016555e-10, 1.176610543471024e-10, -7.253902424221732e-07
4477, 2.356194490192345e+00, 3.141592653589793e+00, 5.890486225480862e+00, 4.911157648865110e-03, -3.280901811243722e-10, -8.074613717468778e-07, -7.258271457380125e-07
4478, 2.748893571891069e+00, 3.141592653589793e+00, 5.890486225480862e+00, 4.910938723744103e-03, -1.943266303302099e-10, 1.074122282596247e-10, -7.254123410666915e-07
4479, 3.141592653589793e+00, 3.141592653589793e+00, 5.890486225480862e+00, 4.911306270280596e-03, -4.002083688606782e-11, 8.076784712285014e-07, -7.258405523430707e-07
4480, 3.534291735288517e+00, 3.141592653589793e+00, 5.890486225480862e+00, 4.910969352948208e-03, 1.184029794362512e-10, 1.060739967217551e-10, -7.254152053811137e-07
4481, 3.926990816987241e+00, 3.141592653589793e+00, 5.890486225480862e+00, 4.911215700963704e-03, 2.643726614992103e-10, -8.074639407038940e-07, -7.258325130214780e-07
4482, 4.319689898685965e+00, 3.141592653589793e+00, 5.890486225480862e+00, 4.910767262846084e-03, 3.818604291141962e-10, 1.140819917711351e-10, -7.253973952908288e-07
4483, 4.712388980384690e+00, 3.141592653589793e+00, 5.890486225480862e+00, 4.910924238587856e-03, 4.559930052106322e-10, 8.076938402386322e-07, -7.258075434992485e-07
4484, 5.105088062083414e+00, 3.141592653589793e+00, 5.890486225480862e+00, 4.910420164112993e-03, 4.735227113758680e-10, 1.287858711268439e-10, -7.253693392123297e-07
4485, 5.497787143782138e+00, 3.141592653589793e+00, 5.890486225480862e+00, 4.910565566579685e-03, 4.232866128073932e-10, -8.074361751385649e-07, -7.257819134003415e-07
4486, 5.890486225480862e+00, 3.141592653589793e+00, 5.890486225480862e+00, 4.910102740062852e-03, 2.967804462066723e-10, 1.435185858427755e-10, -7.253526551567611e-07
4487, 6.283185307179586e+00, 3.141592653589793e+00, 5.890486225480862e+00, 4.910349357292207e-03, 7.317116853991965e-11, 8.077204640831761e-07, -7.257784005959946e-07
4488, 0.000000000000000e+00, 3.534291735288517e+00, 5.890486225480862e+00, 4.482262727260338e-03, 7.063195118718971e-11, 1.368200714510967e-06, -5.389935474061348e-07
4489, 3.926990816987241e-01, 3.534291735288517e+00, 5.890486225480862e+00, 4.779953856507452e-03, 1.130868719622439e-06, 6.582522956833341e-07, -7.499125974681457e-07
4490, 7.853981633974483e-01, 3.534291735288517e+00, 5.890486225480862e+00, 5.076464443248614e-03, -3.570944343750034e-10, -3.266840492499458e-08, -9.593200076941714e-07
4491, 1.178097245096172e+00, 3.534291735288517e+00, 5.890486225480862e+00, 4.780218915736848e-03, -1.131505503805428e-06, 6.583093511221350e-07, -7.499221775195945e-07
4492, 1.570796326794897e+00, 3.534291735288517e+00, 5.890486225480862e+00, 4.482731375119827e-03, -4.588833483934755e-10, 1.368300614712504e-06, -5.390137414690586e-07
4493, 1.963495408493621e+00, 3.534291735288517e+00, 5.890486225480862e+00, 4.780567415047015e-03, 1.130648811420747e-06, 6.583791434095259e-07, -7.499489584168334e-07
4494, 2.356194490192345e+00, 3.534291735288517e+00, 5.890486225480862e+00, 5.077113909416977e-03, -3.188542704367892e-10, -3.253780270924589e-08, -9.593675611257046e-07
4495, 2.748893571891069e+00, 3.534291735288517e+00, 5.890486225480862e+00, 4.780810959181768e-03, -1.131251181770416e-06, 6.584254572506225e-07, -7.499701492311283e-07
4496, 3.141592653589793e+00, 3.534291735288517e+00, 5.890486225480862e+00, 4.483190981687770e-03, -3.888544037129841e-11, 1.368389048001636e-06, -5.390529111365608e-07
4497, 3.534291735288517e+00, 3.534291735288517e+00, 5.890486225480862e+00, 4.780840714278746e-03, 1.131177441182250e-06, 6.584312410757769e-07, -7.499728946142257e-07
4498, 3.926990816987241e+00, 3.534291735288517e+00, 5.890486225480862e+00, 5.077170283781067e-03, 2.570482958831917e-10, -3.252670069258612e-08, -9.593727021000765e-07
4499, 4.319689898685965e+00, 3.534291735288517e+00, 5.890486225480862e+00, 4.780644254736718e-03, -1.130691216898371e-06, 6.583945959861019e-07, -7.499558023317383e-07
4500, 4.712388980384690e+00, 3.534291735288517e+00, 5.890486225480862e+00, 4.482819724659579e-03, 4.426880837467217e-10, 1.368318880558892e-06, -5.390212529115799e-07
4501, 5.105088062083414e+00, 3.534291735288517e+00, 5.890486225480862e+00, 4.780307312418945e-03, 1.131521466265443e-06, 6.583282361277806e-07, -7.499289516569086e-07
4502, 5.497787143782138e+00, 3.534291735288517e+00, 5.890486225480862e+00, 5.076539290640130e-03, 4.099720124183892e-10, -3.265182520298808e-08, -9.593242967916519e-07
4503, 5.890486225480862e+00, 3.534291735288517e+00, 5.890486225480862e+00, 4.779999839610900e-03, -1.130775245685317e-06, 6.582628827779295e-07, -7.499130975561507e-07
4504, 6.283185307179586e+00, 3.534291735288517e+00, 5.890486225480862e+00, 4.482262727260338e-03, 7.063195118718971e-11, 1.368200714510967e-06, -5.389935474061348e-07
4505, 0.000000000000000e+00, 3.926990816987241e+00, 5.890486225480862e+00, 3.801133517014155e-03, 6.035934036088232e-11, -9.566680046891759e-05, -4.147294835242502e-07
4506, 3.926990816987241e-01, 3.926990816987241e+00, 5.890486225480862e+00, 4.370042956999251e-03, 2.352023520880118e-04, 1.409538997332580e-06, -8.285730639050269e-07
4507, 7.853981633974483e-01, 3.926990816987241e+00, 5.890486225480862e+00, 4.926846167634429e-03, -3.103083562606580e-10, 9.857398624742965e-05, -1.226413274153932e-06
4508, 1.178097245096172e+00, 3.926990816987241e+00, 5.890486225480862e+00, 4.370273532956668e-03, -2.352029065707480e-04, 1.409657340337917e-06, -8.285806669155610e-07
4509, 1.570796326794897e+00, 3.926990816987241e+00, 5.890486225480862e+00, 3.801542261885050e-03, -4.034919246405732e-10, -9.566659333909136e-05, -4.147457489931661e-07
4510, 1.963495408493621e+00, 3.926990816987241e+00, 5.890486225480862e+00, 4.370579890764431e-03, 2.352021538058028e-04, 1.409801883529115e-06, -8.286028222168856e-07
4511, 2.356194490192345e+00, 3.926990816987241e+00, 5.890486225480862e+00, 4.927416764113586e-03, -2.824450214642386e-10, 9.857425679498916e-05, -1.226452576911913e-06
4512, 2.748893571891069e+00, 3.926990816987241e+00, 5.890486225480862e+00, 4.370795468745625e-03, -2.352026865134190e-04, 1.409897804452602e-06, -8.286205813108624e-07
4513, 3.141592653589793e+00, 3.926990816987241e+00, 5.890486225480862e+00, 3.801948465897674e-03, -3.433036955513745e-11, -9.566641017271174e-05, -4.147784874870425e-07
4514, 3.534291735288517e+00, 3.926990816987241e+00, 5.890486225480862e+00, 4.370821717817751e-03, 2.352026215265659e-04, 1.409909853730608e-06, -8.286228696744380e-07
4515, 3.926990816987241e+00, 3.926990816987241e+00, 5.890486225480862e+00, 4.927466410187539e-03, 2.283018487417168e-10, 9.857427991520040e-05, -1.226456848433291e-06
4516, 4.319689898685965e+00, 3.926990816987241e+00, 5.890486225480862e+00, 4.370647367142364e-03, -2.352021904491351e-04, 1.409834053551477e-06, -8.286084781827981e-07
4517, 4.712388980384690e+00, 3.926990816987241e+00, 5.890486225480862e+00, 3.801619543199230e-03, 3.902185849211359e-10, -9.566655531131564e-05, -4.147519091815182e-07
4518, 5.105088062083414e+00, 3.926990816987241e+00, 5.890486225480862e+00, 4.370350482609171e-03, 2.352029215341570e-04, 1.409696680279815e-06, -8.285861623446276e-07
4519, 5.497787143782138e+00, 3.926990816987241e+00, 5.890486225480862e+00, 4.926910959532161e-03, 3.571179542245246e-10, 9.857402081825739e-05, -1.226416683482161e-06
4520, 5.890486225480862e+00, 3.926990816987241e+00, 5.890486225480862e+00, 4.370082515141055e-03, -2.352022709248731e-04, 1.409561090650391e-06, -8.285733703951483e-07
4521, 6.283185307179586e+00, 3.926990816987241e+00, 5.890486225480862e+00, 3.801133517014155e-03, 6.035934036088232e-11, -9.566680046891759e-05, -4.147294835242502e-07
4522, 0.000000000000000e+00, 4.319689898685965e+00, 5.890486225480862e+00, 3.359363940083534e-03, 4.383452102346944e-11, -1.939873324007900e-03, -7.803233402628278e-07
4523, 3.926990816987241e-01, 4.319689898685965e+00, 5.890486225480862e+00, 3.607969612654665e-03, 2.902104568595868e-03, 2.455655082398829e-06, -9.589310850837248e-07
4524, 7.853981633974483e-01, 4.319689898685965e+00, 5.890486225480862e+00, 3.840010514995266e-03, -2.356852380427111e-10, 1.944712641797040e-03, -1.114192548319455e-06
4525, 1.178097245096172e+00, 4.319689898685965e+00, 5.890486225480862e+00, 3.608145140672475e-03, -2.902104991671883e-03, 2.455816668435174e-06, -9.589355873862664e-07
4526, 1.570796326794897e+00, 4.319689898685965e+00, 5.890486225480862e+00, 3.359677085213426e-03, -3.150765187638455e-10, -1.939873041041857e-03, -7.803334284496030e-07
4527, 1.963495408493621e+00, 4.319689898685965e+00, 5.890486225480862e+00, 3.608384276341305e-03, 2.902104404682928e-03, 2.456014074838618e-06, -9.589504016433175e-07
4528, 2.356194490192345e+00, 4.319689898685965e+00, 5.890486225480862e+00, 3.840455273184698e-03, -2.243537442355489e-10, 1.944713011180032e-03, -1.114218767192148e-06
4529, 2.748893571891069e+00, 4.319689898685965e+00, 5.890486225480862e+00, 3.608555205358624e-03, -2.902104826167367e-03, 2.456145207721735e-06, -9.589627109338999e-07
4530, 3.141592653589793e+00, 4.319689898685965e+00, 5.890486225480862e+00, 3.359998045465505e-03, -2.702233006967935e-11, -1.939872790590053e-03, -7.803559535775198e-07
4531, 3.534291735288517e+00, 4.319689898685965e+00, 5.890486225480862e+00, 3.608575834501653e-03, 2.902104775204509e-03, 2.456161749803331e-06, -9.589642705604392e-07
4532, 3.926990816987241e+00, 4.319689898685965e+00, 5.890486225480862e+00, 3.840494139633163e-03, 1.824617015556035e-10, 1.944713042882697e-03, -1.114221653162195e-06
4533, 4.319689898685965e+00, 4.319689898685965e+00, 5.890486225480862e+00, 3.608436760763316e-03, -2.902104432115928e-03, 2.456058153660079e-06, -9.589541651244744e-07
4534, 4.712388980384690e+00, 4.319689898685965e+00, 5.890486225480862e+00, 3.359736651768913e-03, 3.064784386967644e-10, -1.939872988959307e-03, -7.803374355107179e-07
4535, 5.105088062083414e+00, 4.319689898685965e+00, 5.890486225480862e+00, 3.608203765651730e-03, 2.902105005052688e-03, 2.455870533361666e-06, -9.589390435287831e-07
4536, 5.497787143782138e+00, 4.319689898685965e+00, 5.890486225480862e+00, 3.840059197336950e-03, 2.728122230594846e-10, 1.944712689160634e-03, -1.114194554109542e-06
4537, 5.890486225480862e+00, 4.319689898685965e+00, 5.890486225480862e+00, 3.607998868174762e-03, -2.902104507141905e-03, 2.455685400101553e-06, -9.589310856957309e-07
4538, 6.283185307179586e+00, 4.319689898685965e+00, 5.890486225480862e+00, 3.359363940083534e-03, 4.383452102346944e-11, -1.939873324007900e-03, -7.803233402628278e-07
4539, 0.000000000000000e+00, 4.712388980384690e+00, 5.890486225480862e+00, 3.650110667824892e-03, 2.355259858494032e-11, -1.336914272219467e-02, -2.117759646105142e-06
4540, 3.926990816987241e-01, 4.712388980384690e+00, 5.890486225480862e+00, 2.306057281080948e-03, 1.336164955920816e-02, 4.515942749369672e-06, -1.030570507171304e-06
4541, 7.853981633974483e-01, 4.712388980384690e+00, 5.890486225480862e+00, 1.164626822824116e-03, -1.446538253740294e-10, 1.337550267068653e-02, -2.266352762793556e-07
4542, 1.178097245096172e+00, 4.712388980384690e+00, 5.890486225480862e+00, 2.306165626629576e-03, -1.336164982183149e-02, 4.516122540653368e-06, -1.030571270725845e-06
4543, 1.570796326794897e+00, 4.712388980384690e+00, 5.890486225480862e+00, 3.650307135600986e-03, -2.070054118996400e-10, -1.336914240648844e-02, -2.117762264492226e-06
4544, 1.963495408493621e+00, 4.712388980384690e+00, 5.890486225480862e+00, 2.306322665108493e-03, 1.336164943728332e-02, 4.516343002174971e-06, -1.030577117549213e-06
4545, 2.356194490192345e+00, 4.712388980384690e+00, 5.890486225480862e+00, 1.164917868558545e-03, -1.533063210882462e-10, 1.337550308238484e-02, -2.266455250566005e-07
4546, 2.748893571891069e+00, 4.712388980384690e+00, 5.890486225480862e+00, 2.306438939164635e-03, -1.336164972264314e-02, 4.516489646100135e-06, -1.030582765118802e-06
4547, 3.141592653589793e+00, 4.712388980384690e+00, 5.890486225480862e+00, 3.650523804575931e-03, -1.803028910546697e-11, -1.336914212601596e-02, -2.117772305366407e-06
4548, 3.534291735288517e+00, 4.712388980384690e+00, 5.890486225480862e+00, 2.306452663016607e-03, 1.336164968889998e-02, 4.516508256787065e-06, -1.030583429771306e-06
4549, 3.926990816987241e+00, 4.712388980384690e+00, 5.890486225480862e+00, 1.164943500268893e-03, 1.264058587442564e-10, 1.337550311794645e-02, -2.266467115853176e-07
4550, 4.319689898685965e+00, 4.712388980384690e+00, 5.890486225480862e+00, 2.306356766214716e-03, -1.336164945347865e-02, 4.516392414523999e-06, -1.030578563384276e-06
4551, 4.712388980384690e+00, 4.712388980384690e+00, 5.890486225480862e+00, 3.650345007282027e-03, 2.040733383538036e-10, -1.336914234813313e-02, -2.117763637073895e-06
4552, 5.105088062083414e+00, 4.712388980384690e+00, 5.890486225480862e+00, 2.306201821677737e-03, 1.336164983326567e-02, 4.516182748175077e-06, -1.030572230700999e-06
4553, 5.497787143782138e+00, 4.712388980384690e+00, 5.890486225480862e+00, 1.164655773767663e-03, 1.700112268434286e-10, 1.337550272359031e-02, -2.266355624656750e-07
4554, 5.890486225480862e+00, 4.712388980384690e+00, 5.890486225480862e+00, 2.306073895631190e-03, -1.336164952186459e-02, 4.515976758601383e-06, -1.030570134817063e-06
4555, 6.283185307179586e+00, 4.712388980384690e+00, 5.890486225480862e+00, 3.650110667824892e-03, 2.355259858494032e-11, -1.336914272219467e-02, -2.117759646105142e-06
4556, 0.000000000000000e+00, 5.105088062083414e+00, 5.890486225480862e+00, 4.053304346976795e-03, 2.885198420340285e-12, -4.885609611127600e-02, -4.004407107856159e-06
4557, 3.926990816987241e-01, 5.105088062083414e+00, 5.890486225480862e+00, 8.231164807961214e-05, 3.263348976995999e-02, 9.386873846477988e-06, -6.205612558091751e-07
4558, 7.853981633974483e-01, 5.105088062083414e+00, 5.890486225480862e+00, -2.761361162605278e-03, -5.107569317719618e-11, 4.886187951528812e-02, 1.147644024832848e-06
4559, 1.178097245096172e+00, 5.105088062083414e+00, 5.890486225480862e+00, 8.235114901539043e-05, -3.263348986801939e-02, 9.387043801627117e-06, -6.205582331770263e-07
4560, 1.570796326794897e+00, 5.105088062083414e+00, 5.890486225480862e+00, 4.053381134004721e-03, -9.584767194825644e-11, -4.885609581157323e-02, -4.004402132401494e-06
4561, 1.963495408493621e+00, 5.105088062083414e+00, 5.890486225480862e+00, 8.242367344661517e-05, 3.263348969187355e-02, 9.387253941886831e-06, -6.205548368277744e-07
4562, 2.356194490192345e+00, 5.105088062083414e+00, 5.890486225480862e+00, -2.761228318316605e-03, -7.981239806610684e-11, 4.886187990627664e-02, 1.147650227967232e-06
4563, 2.748893571891069e+00, 5.105088062083414e+00, 5.890486225480862e+00, 8.248344476195759e-05, -3.263348983661550e-02, 9.387394093630911e-06, -6.205536027976860e-07
4564, 3.141592653589793e+00, 5.105088062083414e+00, 5.890486225480862e+00, 4.053490082132630e-03, -8.693364668233408e-12, -4.885609554280671e-02, -4.004399281322959e-06
4565, 3.534291735288517e+00, 5.105088062083414e+00, 5.890486225480862e+00, 8.249000005984178e-05, 3.263348982074550e-02, 9.387412019341642e-06, -6.205533375867067e-07
4566, 3.926990816987241e+00, 5.105088062083414e+00, 5.890486225480862e+00, -2.761216414407327e-03, 6.842950356182589e-11, 4.886187994038110e-02, 1.147650804143399e-06
4567, 4.319689898685965e+00, 5.105088062083414e+00, 5.890486225480862e+00, 8.243873886750196e-05, -3.263348969654618e-02, 9.387301337939913e-06, -6.205538856030159e-07
4568, 4.712388980384690e+00, 5.105088062083414e+00, 5.890486225480862e+00, 4.053396592519205e-03, 9.858734369432627e-11, -4.885609575565481e-02, -4.004400786660071e-06
4569, 5.105088062083414e+00, 5.105088062083414e+00, 5.890486225480862e+00, 8.236422371258172e-05, 3.263348987735091e-02, 9.387101118220280e-06, -6.205566204299781e-07
4570, 5.497787143782138e+00, 5.105088062083414e+00, 5.890486225480862e+00, -2.761352532137035e-03, 6.442577383139643e-11, 4.886187956544529e-02, 1.147645509999217e-06
4571, 5.890486225480862e+00, 5.105088062083414e+00, 5.890486225480862e+00, 8.231521544087133e-05, -3.263348975740181e-02, 9.386906316097884e-06, -6.205605072071186e-07
4572, 6.283185307179586e+00, 5.105088062083414e+00, 5.890486225480862e+00, 4.053304346976795e-03, 2.885198420340285e-12, -4.885609611127600e-02, -4.004407107856159e-06
4573, 0.000000000000000e+00, 5.497787143782138e+00, 5.890486225480862e+00, 2.274927796586362e-03, -1.475416824336168e-11, -1.135005890107286e-01, -4.081376263682001e-06
4574, 3.926990816987241e-01, 5.497787143782138e+00, 5.890486225480862e+00, -3.318862105268235e-03, 4.700430031597103e-02, 1.682228253588798e-05, 8.357710793379391e-07
4575, 7.853981633974483e-01, 5.497787143782138e+00, 5.890486225480862e+00, -6.922266152320406e-03, 3.018353866705231e-11, 1.135050550073425e-01, 2.870681590314973e-06
4576, 1.178097245096172e+00, 5.497787143782138e+00, 5.890486225480862e+00, -3.318882125492052e-03, -4.700430027141684e-02, 1.682241663752306e-05, 8.357773896222346e-07
4577, 1.570796326794897e+00, 5.497787143782138e+00, 5.890486225480862e+00, 2.274900744426381e-03, 1.401933973700304e-12, -1.135005887747885e-01, -4.081364693001122e-06
4578, 1.963495408493621e+00, 5.497787143782138e+00, 5.890486225480862e+00, -3.318883739311696e-03, 4.700430027800948e-02, 1.682258422714042e-05, 8.357888548304582e-07
4579, 2.356194490192345e+00, 5.497787143782138e+00, 5.890486225480862e+00, -6.922271876876802e-03, -1.471449283161211e-11, 1.135050553187113e-01, 2.870702176115342e-06
4580, 2.748893571891069e+00, 5.497787143782138e+00, 5.890486225480862e+00, -3.318873859794878e-03, -4.700430029874161e-02, 1.682269692193882e-05, 8.357961461881243e-07
4581, 3.141592653589793e+00, 5.497787143782138e+00, 5.890486225480862e+00, 2.274914684058092e-03, -4.349668595730156e-13, -1.135005885585001e-01, -4.081350512687040e-06
4582, 3.534291735288517e+00, 5.497787143782138e+00, 5.890486225480862e+00, -3.318873658582180e-03, 4.700430029872586e-02, 1.682271142022312e-05, 8.357972335333755e-07
4583, 3.926990816987241e+00, 5.497787143782138e+00, 5.890486225480862e+00, -6.922272135635259e-03, 1.709847453589680e-11, 1.135050553462395e-01, 2.870704308629031e-06
4584, 4.319689898685965e+00, 5.497787143782138e+00, 5.890486225480862e+00, -3.318885516530063e-03, -4.700430027260398e-02, 1.682262253679409e-05, 8.357919147865762e-07
4585, 4.712388980384690e+00, 5.497787143782138e+00, 5.890486225480862e+00, 2.274896429994205e-03, 6.082534484462445e-12, -1.135005887297455e-01, -4.081360966527047e-06
4586, 5.105088062083414e+00, 5.497787143782138e+00, 5.890486225480862e+00, -3.318889337134647e-03, 4.700430027858872e-02, 1.682246226753199e-05, 8.357812447323461e-07
4587, 5.497787143782138e+00, 5.497787143782138e+00, 5.890486225480862e+00, -6.922275229334919e-03, -2.751308459076190e-11, 1.135050550468770e-01, 2.870684615894902e-06
4588, 5.890486225480862e+00, 5.497787143782138e+00, 5.890486225480862e+00, -3.318869865843812e-03, -4.700430032495023e-02, 1.682230812240827e-05, 8.357721450324762e-07
4589, 6.283185307179586e+00, 5.497787143782138e+00, 5.890486225480862e+00, 2.274927796586362e-03, -1.475416824336168e-11, -1.135005890107286e-01, -4.081376263682001e-06
4590, 0.000000000000000e+00, 5.890486225480862e+00, 5.890486225480862e+00, -3.289090456334544e-03, -2.684624789042893e-11, -1.830809451180201e-01, -6.064656380360543e-08
4591, 3.926990816987241e-01, 5.890486225480862e+00, 5.890486225480862e+00, -6.986295545734957e-03, 3.641116109311751e-02, 1.652749793905327e-05, 2.968910688847933e-06
4592, 7.853981633974483e-01, 5.890486225480862e+00, 5.890486225480862e+00, -1.000577599752553e-02, 8.534508872489167e-11, 1.830846761905028e-01, 5.022182863597257e-06
4593, 1.178097245096172e+00, 5.890486225480862e+00, 5.890486225480862e+00, -6.986356252960563e-03, -3.641116095065623e-02, 1.652757676010774e-05, 2.968919472153128e-06
4594, 1.570796326794897e+00, 5.890486225480862e+00, 5.890486225480862e+00, -3.289189007851956e-03, 7.040018759803779e-11, -1.830809449849639e-01, -6.063009056484031e-08
4595, 1.963495408493621e+00, 5.890486225480862e+00, 5.890486225480862e+00, -6.986410446641507e-03, 3.641116108655544e-02, 1.652767581825634e-05, 2.968936483511224e-06
4596, 2.356194490192345e+00, 5.890486225480862e+00, 5.890486225480862e+00, -1.000587960089850e-02, 3.199019794456208e-11, 1.830846763762718e-01, 5.022213414672127e-06
4597, 2.748893571891069e+00, 5.890486225480862e+00, 5.890486225480862e+00, -6.986436240598626e-03, -3.641116101866620e-02, 1.652774383483585e-05, 2.968948043580309e-06
4598, 3.141592653589793e+00, 5.890486225480862e+00, 5.890486225480862e+00, -3.289242930559228e-03, 5.469041253191710e-12, -1.830809448552244e-01, -6.060796720345123e-08
4599, 3.534291735288517e+00, 5.890486225480862e+00, 5.890486225480862e+00, -6.986440594498555e-03, 3.641116103002524e-02, 1.652775258419909e-05, 2.968949709891423e-06
4600, 3.926990816987241e+00, 5.890486225480862e+00, 5.890486225480862e+00, -1.000588858166171e-02, -1.970305636577523e-11, 1.830846763929831e-01, 5.022216642587616e-06
4601, 4.319689898685965e+00, 5.890486225480862e+00, 5.890486225480862e+00, -6.986424305674002e-03, -3.641116107393690e-02, 1.652769914902998e-05, 2.968941021821385e-06
4602, 4.712388980384690e+00, 5.890486225480862e+00, 5.890486225480862e+00, -3.289207477730158e-03, -5.965266998386976e-11, -1.830809449577842e-01, -6.062471041863694e-08
4603, 5.105088062083414e+00, 5.890486225480862e+00, 5.890486225480862e+00, -6.986377859984357e-03, 3.641116095576574e-02, 1.652760385945249e-05, 2.968924862614705e-06
4604, 5.497787143782138e+00, 5.890486225480862e+00, 5.890486225480862e+00, -1.000579738115902e-02, -9.118879193200993e-11, 1.830846762135741e-01, 5.022186954964810e-06
4605, 5.890486225480862e+00, 5.890486225480862e+00, 5.890486225480862e+00, -6.986310901479913e-03, -3.641116111696744e-02, 1.652751192397201e-05, 2.968912039684486e-06
4606, 6.283185307179586e+00, 5.890486225480862e+00, 5.890486225480862e+00, -3.289090456334544e-03, -2.684624789042893e-11, -1.830809451180201e-01, -6.064656380360543e-08
4607, 0.000000000000000e+00, 6.283185307179586e+00, 5.890486225480862e+00, -9.060770869158337e-03, -2.891646859932570e-11, -2.138338259179614e-01, 4.649800973759055e-06
4608, 3.926990816987241e-01, 6.283185307179586e+00, 5.890486225480862e+00, -8.657212541741420e-03, 6.455993080669444e-11, -1.751550819366797e-10, 4.051827369283050e-06
4609, 7.853981633974483e-01, 6.283185307179586e+00, 5.890486225480862e+00, -9.060813230114317e-03, 1.068171810192375e-10, 2.138338255795094e-01, 4.649803295918945e-06
4610, 1.178097245096172e+00, 6.283185307179586e+00, 5.890486225480862e+00, -8.657289577585265e-03, 1.136412880564832e-10, -1.582016880849723e-10, 4.051837580773059e-06
4611, 1.570796326794897e+00, 6.283185307179586e+00, 5.890486225480862e+00, -9.060898028159322e-03, 1.009986714101681e-10, -2.138338258977335e-01, 4.649820232344405e-06
4612, 1.963495408493621e+00, 6.283185307179586e+00, 5.890486225480862e+00, -8.657366710179779e-03, 7.876577475545672e-11, -1.441401388656264e-10, 4.051856728983369e-06
4613, 2.356194490192345e+00, 6.283185307179586e+00, 5.890486225480862e+00, -9.060959255537255e-03, 5.266643763249562e-11, 2.138338256107419e-01, 4.649837765976760e-06
4614, 2.748893571891069e+00, 6.283185307179586e+00, 5.890486225480862e+00, -8.657408202700428e-03, 2.838492379415291e-11, -1.327406027801279e-10, 4.051870070176215e-06
4615, 3.141592653589793e+00, 6.283185307179586e+00, 5.890486225480862e+00, -9.060981799709865e-03, 8.086085976095539e-12, -2.138338258776655e-01, 4.649845619084214e-06
4616, 3.534291735288517e+00, 6.283185307179586e+00, 5.890486225480862e+00, -8.657414569163979e-03, -1.198046271283475e-11, -1.312857335348686e-10, 4.051871976128340e-06
4617, 3.926990816987241e+00, 6.283185307179586e+00, 5.890486225480862e+00, -9.060972093496194e-03, -3.597412736710947e-11, 2.138338256137199e-01, 4.649841447252120e-06
4618, 4.319689898685965e+00, 6.283185307179586e+00, 5.890486225480862e+00, -8.657385930055465e-03, -6.285503802738893e-11, -1.399627394764887e-10, 4.051861874758748e-06
4619, 4.712388980384690e+00, 6.283185307179586e+00, 5.890486225480862e+00, -9.060922787266850e-03, -8.868692595384630e-11, -2.138338258933650e-01, 4.649826273365100e-06
4620, 5.105088062083414e+00, 6.283185307179586e+00, 5.890486225480862e+00, -8.657317526720078e-03, -1.097394518010608e-10, -1.540553783667943e-10, 4.051843547850654e-06
4621, 5.497787143782138e+00, 6.283185307179586e+00, 5.890486225480862e+00, -9.060839820995975e-03, -1.179396233159444e-10, 2.138338255833848e-01, 4.649807798858091e-06
4622, 5.890486225480862e+00, 6.283185307179586e+00, 5.890486225480862e+00, -8.657230548786671e-03, -9.781403137594629e-11, -1.727320878227970e-10, 4.051829095206390e-06
4623, 6.283185307179586e+00, 6.283185307179586e+00, 5.890486225480862e+00, -9.060770869158337e-03, -2.891646859932570e-11, -2.138338259179614e-01, 4.649800973759055e-06
4624, 0.000000000000000e+00, 0.000000000000000e+00, 6.283185307179586e+00, -1.002949210185052e-02, -2.766125284289596e-11, -2.497387260403874e-01, -5.437943952630947e-11
4625, 3.926990816987241e-01, 0.000000000000000e+00, 6.283185307179586e+00, -9.490206774688119e-03, 6.180451742839823e-11, -1.762229728506772e-10, -5.678848911541221e-11
4626, 7.853981633974483e-01, 0.000000000000000e+00, 6.283185307179586e+00, -1.002953399859892e-02, 1.093354254001672e-10, 2.497387256983734e-01, -5.661660948550166e-11
4627, 1.178097245096172e+00, 0.000000000000000e+00, 6.283185307179586e+00, -9.490285673341928e-03, 1.193077384127083e-10, -1.589999773311424e-10, -5.552405334410299e-11
4628, 1.570796326794897e+00, 0.000000000000000e+00, 6.283185307179586e+00, -1.002962277233999e-02, 1.070187533650884e-10, -2.497387260192079e-01, -5.407448837010857e-11
4629, 1.963495408493621e+00, 0.000000000000000e+00, 6.283185307179586e+00, -9.490367216541820e-03, 8.388201118436546e-11, -1.453890201438136e-10, -5.260780862921925e-11
4630, 2.356194490192345e+00, 0.000000000000000e+00, 6.283185307179586e+00, -1.002968786907180e-02, 5.670424645188104e-11, 2.497387257300628e-01, -5.142532074842231e-11
4631, 2.748893571891069e+00, 0.000000000000000e+00, 6.283185307179586e+00, -9.490411766021304e-03, 3.101055650879469e-11, -1.336140691661481e-10, -5.063398732266332e-11
4632, 3.141592653589793e+00, 0.000000000000000e+00, 6.283185307179586e+00, -1.002971237058265e-02, 8.669880551959043e-12, -2.497387259989755e-01, -5.027929271352679e-11
4633, 3.534291735288517e+00, 0.000000000000000e+00, 6.283185307179586e+00, -9.490418577861559e-03, -1.346919644582951e-11, -1.321444902704802e-10, -5.030827439432049e-11
4634, 3.926990816987241e+00, 0.000000000000000e+00, 6.283185307179586e+00, -1.002970157039729e-02, -3.898837869534017e-11, 2.497387257331292e-01, -5.078557849273837e-11
4635, 4.319689898685965e+00, 0.000000000000000e+00, 6.283185307179586e+00, -9.490387649395674e-03, -6.717927918805895e-11, -1.410754447957384e-10, -5.168538187365315e-11
4636, 4.712388980384690e+00, 0.000000000000000e+00, 6.283185307179586e+00, -1.002964896793511e-02, -9.433686920648287e-11, -2.497387260148083e-01, -5.293555196217735e-11
4637, 5.105088062083414e+00, 0.000000000000000e+00, 6.283185307179586e+00, -9.490315057137452e-03, -1.158252613194792e-10, -1.549209852691904e-10, -5.429133945224836e-11
4638, 5.497787143782138e+00, 0.000000000000000e+00, 6.283185307179586e+00, -1.002956164630603e-02, -1.222766001772225e-10, 2.497387257021950e-01, -5.548768317936194e-11
4639, 5.890486225480862e+00, 0.000000000000000e+00, 6.283185307179586e+00, -9.490225032502813e-03, -9.798899907747237e-11, -1.744102099877710e-10, -5.604994991454369e-11
4640, 6.283185307179586e+00, 0.000000000000000e+00, 6.283185307179586e+00, -1.002949210185052e-02, -2.766125284289596e-11, -2.497387260403874e-01, -5.437943952630947e-11
4641, 0.000000000000000e+00, 3.926990816987241e-01, 6.283185307179586e+00, -1.100868787837229e-02, -2.830333190139312e-11, -2.138222163650263e-01, -5.435313329232100e-11
4642, 3.926990816987241e-01, 3.926990816987241e-01, 6.283185307179586e+00, -7.595754813801364e-03, -4.252470323645682e-02, -2.070704129205354e-05, -5.842191171716276e-11
4643, 7.853981633974483e-01, 3.926990816987241e-01, 6.283185307179586e+00, -3.283862448985251e-03, 9.768175156828576e-11, 2.138209664024067e-01, -5.831827187739071e-11
4644, 1.178097245096172e+00, 3.926990816987241e-01, 6.283185307179586e+00, -7.595825865877292e-03, 4.252470340056567e-02, -2.070709006134107e-05, -5.719382385030234e-11
4645, 1.570796326794897e+00, 3.926990816987241e-01, 6.283185307179586e+00, -1.100880465293107e-02, 9.218589172779081e-11, -2.138222164582270e-01, -5.572827715164191e-11
4646, 1.963495408493621e+00, 3.926990816987241e-01, 6.283185307179586e+00, -7.595896086946858e-03, -4.252470322529801e-02, -2.070716549152200e-05, -5.434509156231844e-11
4647, 2.356194490192345e+00, 3.926990816987241e-01, 6.283185307179586e+00, -3.283995499460056e-03, 4.683344402787362e-11, 2.138209662666684e-01, -5.323719617143826e-11
4648, 2.748893571891069e+00, 3.926990816987241e-01, 6.283185307179586e+00, -7.595933049042132e-03, 4.252470332116415e-02, -2.070721531218332e-05, -5.245847580905950e-11
4649, 3.141592653589793e+00, 3.926990816987241e-01, 6.283185307179586e+00, -1.100887974948265e-02, 7.408573515576988e-12, -2.138222165534685e-01, -5.208508816798921e-11
4650, 3.534291735288517e+00, 3.926990816987241e-01, 6.283185307179586e+00, -7.595938906122883e-03, -4.252470330601985e-02, -2.070722165211085e-05, -5.214346630790289e-11
4651, 3.926990816987241e+00, 3.926990816987241e-01, 6.283185307179586e+00, -3.284007378367294e-03, -3.121984654342234e-11, 2.138209662545900e-01, -5.261606078570731e-11
4652, 4.319689898685965e+00, 3.926990816987241e-01, 6.283185307179586e+00, -7.595913994456432e-03, 4.252470324047058e-02, -2.070718204096579e-05, -5.344534360205296e-11
4653, 4.712388980384690e+00, 3.926990816987241e-01, 6.283185307179586e+00, -1.100882787997053e-02, -8.008288758511811e-11, -2.138222164778987e-01, -5.461122773227036e-11
4654, 5.105088062083414e+00, 3.926990816987241e-01, 6.283185307179586e+00, -7.595852246848681e-03, -4.252470339653800e-02, -2.070711041370072e-05, -5.597514162869990e-11
4655, 5.497787143782138e+00, 3.926990816987241e-01, 6.283185307179586e+00, -3.283887654557298e-03, -1.082342714643040e-10, 2.138209663858942e-01, -5.718865949264798e-11
4656, 5.890486225480862e+00, 3.926990816987241e-01, 6.283185307179586e+00, -7.595771906551232e-03, 4.252470320503430e-02, -2.070705040032069e-05, -5.766240006665677e-11
4657, 6.283185307179586e+00, 3.926990816987241e-01, 6.283185307179586e+00, -1.100868787837229e-02, -2.830333190139312e-11, -2.138222163650263e-01, -5.435313329232100e-11
4658, 0.000000000000000e+00, 7.853981633974483e-01, 6.283185307179586e+00, -7.453386074897086e-03, -1.920334209446645e-11, -1.325593737133236e-01, -4.436951644717639e-11
4659, 3.926990816987241e-01, 7.853981633974483e-01, 6.283185307179586e+00, -3.488823501371792e-03, -5.489645804899147e-02, -2.039939215349029e-05, -4.759026274509539e-11
4660, 7.853981633974483e-01, 7.853981633974483e-01, 6.283185307179586e+00, 3.118278672053823e-03, 5.289068841809563e-11, 1.325583889730505e-01, -4.765489565922355e-11
4661, 1.178097245096172e+00, 7.853981633974483e-01, 6.283185307179586e+00, -3.488861330223325e-03, 5.489645813387227e-02, -2.039950577132266e-05, -4.699570354832702e-11
4662, 1.570796326794897e+00, 7.853981633974483e-01, 6.283185307179586e+00, -7.453444425058846e-03, 3.389306310739499e-11, -1.325593739155664e-01, -4.612872053437962e-11
4663, 1.963495408493621e+00, 7.853981633974483e-01, 6.283185307179586e+00, -3.488887585041780e-03, -5.489645806655601e-02, -2.039965641946461e-05, -4.532758158553220e-11
4664, 2.356194490192345e+00, 7.853981633974483e-01, 6.283185307179586e+00, 3.118227305002593e-03, 8.025896923554687e-12, 1.325583886921145e-01, -4.471739968061846e-11
4665, 2.748893571891069e+00, 7.853981633974483e-01, 6.283185307179586e+00, -3.488894708802980e-03, 5.489645808805907e-02, -2.039975879114159e-05, -4.430946106851315e-11
4666, 3.141592653589793e+00, 7.853981633974483e-01, 6.283185307179586e+00, -7.453462781109532e-03, 2.447923109041709e-12, -1.325593741086762e-01, -4.411412647260394e-11
4667, 3.534291735288517e+00, 7.853981633974483e-01, 6.283185307179586e+00, -3.488896771250536e-03, -5.489645808238539e-02, -2.039977172431951e-05, -4.411511574529536e-11
4668, 3.926990816987241e+00, 7.853981633974483e-01, 6.283185307179586e+00, 3.118222691306876e-03, -5.947373164746980e-13, 1.325583886671614e-01, -4.432671010671704e-11
4669, 4.319689898685965e+00, 7.853981633974483e-01, 6.283185307179586e+00, -3.488895445096434e-03, 5.489645807570896e-02, -2.039969069393731e-05, -4.474519604237581e-11
4670, 4.712388980384690e+00, 7.853981633974483e-01, 6.283185307179586e+00, -7.453455899784863e-03, -2.448515022185051e-11, -1.325593739555957e-01, -4.538081836422889e-11
4671, 5.105088062083414e+00, 7.853981633974483e-01, 6.283185307179586e+00, -3.488875779273306e-03, -5.489645812796549e-02, -2.039954695343684e-05, -4.614962082984662e-11
4672, 5.497787143782138e+00, 7.853981633974483e-01, 6.283185307179586e+00, 3.118263598703132e-03, -5.608562768995355e-11, 1.325583889378659e-01, -4.683979256525335e-11
4673, 5.890486225480862e+00, 7.853981633974483e-01, 6.283185307179586e+00, -3.488834494485667e-03, 5.489645803053621e-02, -2.039941355592148e-05, -4.702037496674248e-11
4674, 6.283185307179586e+00, 7.853981633974483e-01, 6.283185307179586e+00, -7.453386074897086e-03, -1.920334209446645e-11, -1.325593737133236e-01, -4.436951644717639e-11
4675, 0.000000000000000e+00, 1.178097245096172e+00, 6.283185307179586e+00, -2.957393548450677e-03, -3.479869290341364e-12, -5.706396217599480e-02, -2.756649622595857e-11
4676, 3.926990816987241e-01, 1.178097245096172e+00, 6.283185307179586e+00, 2.100196619282488e-04, -3.811269650934916e-02, -1.059520437140306e-05, -2.931830880295393e-11
4677, 7.853981633974483e-01, 1.178097245096172e+00, 6.283185307179586e+00, 4.869029121972206e-03, -2.002580461964381e-11, 5.706037157790465e-02, -2.960002059063759e-11
4678, 1.178097245096172e+00, 1.178097245096172e+00, 6.283185307179586e+00, 2.100362229535807e-04, 3.811269646455386e-02, -1.059536528789733e-05, -2.969073707803635e-11
4679, 1.570796326794897e+00, 1.178097245096172e+00, 6.283185307179586e+00, -2.957356692678549e-03, -5.806041289131851e-11, -5.706396245714362e-02, -2.979561423896903e-11
4680, 1.963495408493621e+00, 1.178097245096172e+00, 6.283185307179586e+00, 2.100794695411471e-04, -3.811269656833197e-02, -1.059556867572281e-05, -2.996562293261259e-11
4681, 2.356194490192345e+00, 1.178097245096172e+00, 6.283185307179586e+00, 4.869107358978344e-03, -5.336768732870664e-11, 5.706037119608330e-02, -3.017725932486176e-11
4682, 2.748893571891069e+00, 1.178097245096172e+00, 6.283185307179586e+00, 2.101194199416909e-04, 3.811269647258481e-02, -1.059570680005879e-05, -3.035876079326483e-11
4683, 3.141592653589793e+00, 1.178097245096172e+00, 6.283185307179586e+00, -2.957285510470369e-03, -5.353134402336217e-12, -5.706396271814750e-02, -3.043548202869819e-11
4684, 3.534291735288517e+00, 1.178097245096172e+00, 6.283185307179586e+00, 2.101233401918486e-04, -3.811269648184206e-02, -1.059572424458365e-05, -3.036020881016276e-11
4685, 3.926990816987241e+00, 1.178097245096172e+00, 6.283185307179586e+00, 4.869114197304331e-03, 4.788482594318025e-11, 5.706037116246557e-02, -3.016100612715161e-11
4686, 4.319689898685965e+00, 1.178097245096172e+00, 6.283185307179586e+00, 2.100874642691039e-04, 3.811269656795905e-02, -1.059561505793594e-05, -2.990073474512122e-11
4687, 4.712388980384690e+00, 1.178097245096172e+00, 6.283185307179586e+00, -2.957349583400951e-03, 6.297528903447787e-11, -5.706396251136616e-02, -2.965328754884541e-11
4688, 5.105088062083414e+00, 1.178097245096172e+00, 6.283185307179586e+00, 2.100407497943156e-04, -3.811269645619320e-02, -1.059542108924571e-05, -2.946279057226082e-11
4689, 5.497787143782138e+00, 1.178097245096172e+00, 6.283185307179586e+00, 4.869030416025689e-03, 2.790417353499136e-11, 5.706037152943615e-02, -2.932014851466867e-11
4690, 5.890486225480862e+00, 1.178097245096172e+00, 6.283185307179586e+00, 2.100188129938585e-04, 3.811269651182485e-02, -1.059523439067265e-05, -2.908569804287852e-11
4691, 6.283185307179586e+00, 1.178097245096172e+00, 6.283185307179586e+00, -2.957393548450677e-03, -3.479869290341364e-12, -5.706396217599480e-02, -2.756649622595857e-11
4692, 0.000000000000000e+00, 1.570796326794897e+00, 6.283185307179586e+00, 1.223470613777334e-03, 1.564287125422325e-11, -1.562031363816938e-02, -6.916803837702204e-12
4693, 3.926990816987241e-01, 1.570796326794897e+00, 6.283185307179586e+00, 2.514186730228385e-03, -1.560507917058989e-02, -4.614752349174794e-06, -6.904102207196472e-12
4694, 7.853981633974483e-01, 1.570796326794897e+00, 6.283185307179586e+00, 4.070947631461088e-03, -1.109646869710804e-10, 1.561466051556067e-02, -7.460838208197207e-12
4695, 1.178097245096172e+00, 1.570796326794897e+00, 6.283185307179586e+00, 2.514270558211957e-03, 1.560507896604838e-02, -4.614933849744831e-06, -8.460929094327241e-12
4696, 1.570796326794897e+00, 1.570796326794897e+00, 6.283185307179586e+00, 1.223624755513224e-03, -1.693072456306877e-10, -1.562031395457533e-02, -9.751679721121444e-12
4697, 1.963495408493621e+00, 1.570796326794897e+00, 6.283185307179586e+00, 2.514398291353694e-03, -1.560507927827573e-02, -4.615160143023964e-06, -1.111875333942318e-11
4698, 2.356194490192345e+00, 1.570796326794897e+00, 6.283185307179586e+00, 4.071183697739747e-03, -1.278066704158669e-10, 1.561466009141350e-02, -1.234441846359542e-11
4699, 2.748893571891069e+00, 1.570796326794897e+00, 6.283185307179586e+00, 2.514495168839169e-03, 1.560507904081966e-02, -4.615312580293012e-06, -1.323239575927705e-11
4700, 3.141592653589793e+00, 1.570796326794897e+00, 6.283185307179586e+00, 1.223804317368103e-03, -1.474932407840764e-11, -1.562031424408056e-02, -1.363213978847676e-11
4701, 3.534291735288517e+00, 1.570796326794897e+00, 6.283185307179586e+00, 2.514506315203946e-03, -1.560507906812547e-02, -4.615331870856666e-06, -1.347182726362590e-11
4702, 3.926990816987241e+00, 1.570796326794897e+00, 6.283185307179586e+00, 4.071204371954446e-03, 1.066438826045635e-10, 1.561466005436274e-02, -1.278368513208688e-11
4703, 4.319689898685965e+00, 1.570796326794897e+00, 6.283185307179586e+00, 2.514425465943586e-03, 1.560507926633646e-02, -4.615211460772474e-06, -1.168499466733923e-11
4704, 4.712388980384690e+00, 1.570796326794897e+00, 6.283185307179586e+00, 1.223654405757915e-03, 1.686093181088684e-10, -1.562031401484378e-02, -1.035106967926113e-11
4705, 5.105088062083414e+00, 1.570796326794897e+00, 6.283185307179586e+00, 2.514298214978998e-03, -1.560507895513890e-02, -4.614995923167645e-06, -8.995396485719029e-12
4706, 5.497787143782138e+00, 1.570796326794897e+00, 6.283185307179586e+00, 4.070969021021697e-03, 1.319957785926908e-10, 1.561466046142418e-02, -7.847616644172297e-12
4707, 5.890486225480862e+00, 1.570796326794897e+00, 6.283185307179586e+00, 2.514198428785108e-03, 1.560507919885438e-02, -4.614786133424637e-06, -7.095665601295272e-12
4708, 6.283185307179586e+00, 1.570796326794897e+00, 6.283185307179586e+00, 1.223470613777334e-03, 1.564287125422325e-11, -1.562031363816938e-02, -6.916803837702204e-12
4709, 0.000000000000000e+00, 1.963495408493621e+00, 6.283185307179586e+00, 4.066999431300830e-03, 3.511567557237811e-11, -2.270689628088627e-03, 1.423802025546629e-11
4710, 3.926990816987241e-01, 1.963495408493621e+00, 6.283185307179586e+00, 3.798758428265579e-03, -3.389398122222812e-03, -2.367176358672181e-06, 1.603707175393301e-11
4711, 7.853981633974483e-01, 1.963495408493621e+00, 6.283185307179586e+00, 3.508704449126127e-03, -2.055657225723683e-10, 2.266046737871115e-03, 1.518492222725171e-11
4712, 1.178097245096172e+00, 1.963495408493621e+00, 6.283185307179586e+00, 3.798911850954405e-03, 3.389397752768538e-03, -2.367349475776460e-06, 1.324586168925060e-11
4713, 1.570796326794897e+00, 1.963495408493621e+00, 6.283185307179586e+00, 4.067274676991405e-03, -2.833391165946951e-10, -2.270689930150435e-03, 1.073422925967452e-11
4714, 1.963495408493621e+00, 1.963495408493621e+00, 6.283185307179586e+00, 3.799126337115602e-03, -3.389398279205139e-03, -2.367564643815036e-06, 8.138500187273544e-12
4715, 2.356194490192345e+00, 1.963495408493621e+00, 6.283185307179586e+00, 3.509102671342473e-03, -2.038350186242804e-10, 2.266046335397031e-03, 5.873062939229240e-12
4716, 2.748893571891069e+00, 1.963495408493621e+00, 6.283185307179586e+00, 3.799281359556070e-03, 3.389397896965077e-03, -2.367708600414206e-06, 4.264319972568374e-12
4717, 3.141592653589793e+00, 1.963495408493621e+00, 6.283185307179586e+00, 4.067565054381222e-03, -2.432980442875190e-11, -2.270690204481452e-03, 3.534669522671858e-12
4718, 3.534291735288517e+00, 1.963495408493621e+00, 6.283185307179586e+00, 3.799299878611133e-03, -3.389397942694527e-03, -2.367726834284179e-06, 3.781868444889008e-12
4719, 3.926990816987241e+00, 1.963495408493621e+00, 6.283185307179586e+00, 3.509137470342948e-03, 1.666152419095917e-10, 2.266046300431878e-03, 4.968213115775736e-12
4720, 4.319689898685965e+00, 1.963495408493621e+00, 6.283185307179586e+00, 3.799173116156475e-03, 3.389398255371484e-03, -2.367613190619653e-06, 6.925970421560552e-12
4721, 4.712388980384690e+00, 1.963495408493621e+00, 6.283185307179586e+00, 4.067327417577324e-03, 2.767748604985642e-10, -2.270689987360541e-03, 9.373017226009986e-12
4722, 5.105088062083414e+00, 1.963495408493621e+00, 6.283185307179586e+00, 3.798963277313238e-03, -3.389397739471855e-03, -2.367408455816539e-06, 1.192512636171541e-11
4723, 5.497787143782138e+00, 1.963495408493621e+00, 6.283185307179586e+00, 3.508746558433151e-03, 2.399233243212291e-10, 2.266046686388977e-03, 1.410780165125906e-11
4724, 5.890486225480862e+00, 1.963495408493621e+00, 6.283185307179586e+00, 3.798783096144810e-03, 3.389398177137144e-03, -2.367208586623290e-06, 1.540484093195770e-11
4725, 6.283185307179586e+00, 1.963495408493621e+00, 6.283185307179586e+00, 4.066999431300830e-03, 3.511567557237811e-11, -2.270689628088627e-03, 1.423802025546629e-11
4726, 0.000000000000000e+00, 2.356194490192345e+00, 6.283185307179586e+00, 5.172275483552070e-03, 5.214574291027742e-11, -1.148313383449522e-04, 3.267386800868425e-11
4727, 3.926990816987241e-01, 2.356194490192345e+00, 6.283185307179586e+00, 4.533406753709668e-03, -2.747354192451937e-04, -1.347489376450888e-06, 3.602123563591205e-11
4728, 7.853981633974483e-01, 2.356194490192345e+00, 6.283185307179586e+00, 3.878893937604291e-03, -2.886033455619391e-10, 1.120207456047639e-04, 3.490443084806780e-11
4729, 1.178097245096172e+00, 2.356194490192345e+00, 6.283185307179586e+00, 4.533621246519789e-03, 2.747349051373460e-04, -1.347627331739838e-06, 3.213910544475605e-11
4730, 1.570796326794897e+00, 2.356194490192345e+00, 6.283185307179586e+00, 5.172656920704163e-03, -3.831858514645218e-10, -1.148315791192565e-04, 2.855749477697299e-11
4731, 1.963495408493621e+00, 2.356194490192345e+00, 6.283185307179586e+00, 4.533911634577666e-03, -2.747356189558398e-04, -1.347798615946877e-06, 2.489035521093075e-11
4732, 2.356194490192345e+00, 2.356194490192345e+00, 6.283185307179586e+00, 3.879434037990278e-03, -2.699903172780340e-10, 1.120204254464424e-04, 2.171973347732805e-11
4733, 2.748893571891069e+00, 2.356194490192345e+00, 6.283185307179586e+00, 4.534117328460992e-03, 2.747351104412875e-04, -1.347912774765331e-06, 1.948275291241329e-11
4734, 3.141592653589793e+00, 2.356194490192345e+00, 6.283185307179586e+00, 5.173043954104201e-03, -3.267834523786633e-11, -1.148317969627392e-04, 1.846483047277779e-11
4735, 3.534291735288517e+00, 2.356194490192345e+00, 6.283185307179586e+00, 4.534142267700585e-03, -2.747351722159212e-04, -1.347927235307087e-06, 1.878880802694391e-11
4736, 3.926990816987241e+00, 2.356194490192345e+00, 6.283185307179586e+00, 3.879481145014148e-03, 2.187628042990247e-10, 1.120203977149216e-04, 2.040936512973046e-11
4737, 4.319689898685965e+00, 2.356194490192345e+00, 6.283185307179586e+00, 4.533975514743860e-03, 2.747355846763793e-04, -1.347837168087300e-06, 2.311411669398342e-11
4738, 4.712388980384690e+00, 2.356194490192345e+00, 6.283185307179586e+00, 5.172729834106695e-03, 3.714125379609248e-10, -1.148316246271529e-04, 2.653051001315613e-11
4739, 5.105088062083414e+00, 2.356194490192345e+00, 6.283185307179586e+00, 4.533693475447052e-03, -2.747348898273288e-04, -1.347674289832638e-06, 3.012978032739449e-11
4740, 5.497787143782138e+00, 2.356194490192345e+00, 6.283185307179586e+00, 3.878954204621955e-03, 3.345700855408768e-10, 1.120207046014655e-04, 3.322174621469802e-11
4741, 5.890486225480862e+00, 2.356194490192345e+00, 6.283185307179586e+00, 4.533442792999750e-03, 2.747354975278020e-04, -1.347515055199620e-06, 3.500213784215712e-11
4742, 6.283185307179586e+00, 2.356194490192345e+00, 6.283185307179586e+00, 5.172275483552070e-03, 5.214574291027742e-11, -1.148313383449522e-04, 3.267386800868425e-11
4743, 0.000000000000000e+00, 2.748893571891069e+00, 6.283185307179586e+00, 5.266455811005300e-03, 6.418605439445612e-11, 1.564743912908901e-07, 4.566900408964287e-11
4744, 3.926990816987241e-01, 2.748893571891069e+00, 6.283185307179586e+00, 4.927269085224654e-03, -1.347505345897012e-06, -6.319230574453560e-07, 5.010384400517807e-11
4745, 7.853981633974483e-01, 2.748893571891069e+00, 6.283185307179586e+00, 4.586572483151606e-03, -3.471956667221432e-10, -1.444686299755863e-06, 4.879899309740425e-11
4746, 1.178097245096172e+00, 2.748893571891069e+00, 6.283185307179586e+00, 4.927526703085304e-03, 1.346889085570769e-06, -6.320047371493371e-07, 4.544972912713720e-11
4747, 1.570796326794897e+00, 2.748893571891069e+00, 6.283185307179586e+00, 5.266912215431979e-03, -4.536617088116664e-10, 1.563318637352478e-07, 4.111380861212838e-11
4748, 1.963495408493621e+00, 2.748893571891069e+00, 6.283185307179586e+00, 4.927870623555109e-03, -1.347735023288869e-06, -6.321060578459991e-07, 3.669361894494787e-11
4749, 2.356194490192345e+00, 2.748893571891069e+00, 6.283185307179586e+00, 4.587212637969797e-03, -3.164830404985556e-10, -1.444875661690103e-06, 3.288771491230516e-11
4750, 2.748893571891069e+00, 2.748893571891069e+00, 6.283185307179586e+00, 4.928111965114183e-03, 1.347137618415771e-06, -6.321734441088104e-07, 3.020939118418314e-11
4751, 3.141592653589793e+00, 2.748893571891069e+00, 6.283185307179586e+00, 5.267367288525487e-03, -3.855577575262272e-11, 1.562032019618393e-07, 2.898869146897622e-11
4752, 3.534291735288517e+00, 2.748893571891069e+00, 6.283185307179586e+00, 4.928141422380451e-03, -1.347210685650611e-06, -6.321819938904550e-07, 2.936680453057882e-11
4753, 3.926990816987241e+00, 2.748893571891069e+00, 6.283185307179586e+00, 4.587268411178761e-03, 2.553835537342277e-10, -1.444892065576145e-06, 3.129215851716704e-11
4754, 4.319689898685965e+00, 2.748893571891069e+00, 6.283185307179586e+00, 4.927946554779458e-03, 1.347693345832587e-06, -6.321288789721098e-07, 3.452055129606008e-11
4755, 4.712388980384690e+00, 2.748893571891069e+00, 6.283185307179586e+00, 5.266999358821444e-03, 4.381731004473437e-10, 1.563049019027568e-07, 3.861759322242141e-11
4756, 5.105088062083414e+00, 2.748893571891069e+00, 6.283185307179586e+00, 4.927613619475199e-03, -1.346872373779759e-06, -6.320325782673150e-07, 4.295458393091896e-11
4757, 5.497787143782138e+00, 2.748893571891069e+00, 6.283185307179586e+00, 4.586645576340520e-03, 4.013559130331369e-10, -1.444710618429841e-06, 4.668881313950452e-11
4758, 5.890486225480862e+00, 2.748893571891069e+00, 6.283185307179586e+00, 4.927313155772477e-03, 1.347600136641913e-06, -6.319382844106871e-07, 4.881165112616346e-11
4759, 6.283185307179586e+00, 2.748893571891069e+00, 6.283185307179586e+00, 5.266455811005300e-03, 6.418605439445612e-11, 1.564743912908901e-07, 4.566900408964287e-11
4760, 0.000000000000000e+00, 3.141592653589793e+00, 6.283185307179586e+00, 5.052741459775072e-03, 6.940372859893847e-11, 9.236714267739047e-07, 5.133705395379680e-11
4761, 3.926990816987241e-01, 3.141592653589793e+00, 6.283185307179586e+00, 5.052352434366457e-03, -1.937240494055441e-10, 1.507095685249235e-10, 5.624349500676183e-11
4762, 7.853981633974483e-01, 3.141592653589793e+00, 6.283185307179586e+00, 5.052878997576836e-03, -3.724375012905784e-10, -9.233740175896692e-07, 5.485939597287258e-11
4763, 1.178097245096172e+00, 3.141592653589793e+00, 6.283185307179586e+00, 5.052628631183593e-03, -4.665355131785606e-10, 1.377691799042355e-10, 5.126048446135581e-11
4764, 1.570796326794897e+00, 3.141592653589793e+00, 6.283185307179586e+00, 5.053230145218109e-03, -4.839807739903876e-10, 9.236489008023201e-07, 4.660203877677024e-11
4765, 1.963495408493621e+00, 3.141592653589793e+00, 6.283185307179586e+00, 5.052995578391894e-03, -4.362297698763368e-10, 1.218290397126227e-10, 4.186036093152302e-11
4766, 2.356194490192345e+00, 3.141592653589793e+00, 6.283185307179586e+00, 5.053562190800263e-03, -3.364358653805231e-10, -9.234038244927575e-07, 3.778352798741361e-11
4767, 2.748893571891069e+00, 3.141592653589793e+00, 6.283185307179586e+00, 5.053252224860428e-03, -1.993541647368136e-10, 1.112764302537151e-10, 3.491686478309989e-11
4768, 3.141592653589793e+00, 3.141592653589793e+00, 6.283185307179586e+00, 5.053714446428509e-03, -4.109216627793171e-11, 9.236287196006970e-07, 3.360943394295195e-11
4769, 3.534291735288517e+00, 3.141592653589793e+00, 6.283185307179586e+00, 5.053283631975132e-03, 1.214127285201065e-10, 1.098956427327517e-10, 3.401034593815266e-11
4770, 3.926990816987241e+00, 3.141592653589793e+00, 6.283185307179586e+00, 5.053621705428470e-03, 2.710703660535141e-10, -9.234064745960010e-07, 3.606526275296241e-11
4771, 4.319689898685965e+00, 3.141592653589793e+00, 6.283185307179586e+00, 5.053076715602246e-03, 3.913456495694400e-10, 1.181383185075378e-10, 3.951643905699744e-11
4772, 4.712388980384690e+00, 3.141592653589793e+00, 6.283185307179586e+00, 5.053323441001726e-03, 4.668710775393117e-10, 9.236445309493100e-07, 4.390362764429613e-11
4773, 5.105088062083414e+00, 3.141592653589793e+00, 6.283185307179586e+00, 5.052721903272942e-03, 4.838412264987982e-10, 1.332421500555844e-10, 4.855581285383160e-11
4774, 5.497787143782138e+00, 3.141592653589793e+00, 6.283185307179586e+00, 5.052957644751703e-03, 4.301386762150943e-10, -9.233779861238055e-07, 5.256471388863891e-11
4775, 5.890486225480862e+00, 3.141592653589793e+00, 6.283185307179586e+00, 5.052399983581416e-03, 2.956635476945537e-10, 1.482175998447720e-10, 5.483339373115507e-11
4776, 6.283185307179586e+00, 3.141592653589793e+00, 6.283185307179586e+00, 5.052741459775072e-03, 6.940372859893847e-11, 9.236714267739047e-07, 5.133705395379680e-11
4777, 0.000000000000000e+00, 3.534291735288517e+00, 6.283185307179586e+00, 4.586329307673448e-03, 6.701599847597283e-11, 1.444926679470954e-06, 4.886603285846483e-11
4778, 3.926990816987241e-01, 3.534291735288517e+00, 6.283185307179586e+00, 4.927154912549719e-03, 1.347137997702291e-06, 6.322031991292363e-07, 5.356156613055657e-11
4779, 7.853981633974483e-01, 3.534291735288517e+00, 6.283185307179586e+00, 5.266473738798168e-03, -3.604760989456555e-10, -1.561618860836556e-07, 5.222070326504362e-11
4780, 1.178097245096172e+00, 3.534291735288517e+00, 6.283185307179586e+00, 4.927422297501475e-03, -1.347777363151685e-06, 6.322610234444045e-07, 4.874569656300652e-11
4781, 1.570796326794897e+00, 3.534291735288517e+00, 6.283185307179586e+00, 4.586802645451991e-03, -4.695107258631334e-10, 1.445027673584726e-06, 4.424610599232842e-11
4782, 1.963495408493621e+00, 3.534291735288517e+00, 6.283185307179586e+00, 4.927778258160331e-03, 1.346901702224203e-06, 6.323329174450025e-07, 3.966298832402675e-11
4783, 2.356194490192345e+00, 3.534291735288517e+00, 6.283185307179586e+00, 5.267136409127589e-03, -3.268822245544249e-10, -1.560275531325822e-07, 3.571987645713586e-11
4784, 2.748893571891069e+00, 3.534291735288517e+00, 6.283185307179586e+00, 4.928027581382876e-03, -1.347519030440293e-06, 6.323807665339538e-07, 3.294581575419440e-11
4785, 3.141592653589793e+00, 3.534291735288517e+00, 6.283185307179586e+00, 4.587272978183354e-03, -3.991552356632841e-11, 1.445118993173090e-06, 3.168051814179413e-11
4786, 3.534291735288517e+00, 3.534291735288517e+00, 6.283185307179586e+00, 4.928058083955786e-03, 1.347443350911899e-06, 6.323867538366258e-07, 3.206939796310750e-11
4787, 3.926990816987241e+00, 3.534291735288517e+00, 6.283185307179586e+00, 5.267194187990679e-03, 2.634958273540807e-10, -1.560160630600993e-07, 3.405938900134685e-11
4788, 4.319689898685965e+00, 3.534291735288517e+00, 6.283185307179586e+00, 4.927856981249252e-03, -1.346945104999257e-06, 6.323489031692463e-07, 3.739948071527199e-11
4789, 4.712388980384690e+00, 3.534291735288517e+00, 6.283185307179586e+00, 4.586893092446889e-03, 4.531359157704915e-10, 1.445046552688747e-06, 4.164273873694125e-11
4790, 5.105088062083414e+00, 3.534291735288517e+00, 6.283185307179586e+00, 4.927512634586077e-03, 1.347794369582371e-06, 6.322804995276237e-07, 4.613927906415600e-11
4791, 5.497787143782138e+00, 3.534291735288517e+00, 6.283185307179586e+00, 5.266549830285986e-03, 4.165229676635259e-10, -1.561449008978101e-07, 5.001224722443066e-11
4792, 5.890486225480862e+00, 3.534291735288517e+00, 6.283185307179586e+00, 4.927200866534214e-03, -1.347039349294028e-06, 6.322138149936200e-07, 5.220636529526593e-11
4793, 6.283185307179586e+00, 3.534291735288517e+00, 6.283185307179586e+00, 4.586329307673448e-03, 6.701599847597283e-11, 1.444926679470954e-06, 4.886603285846483e-11
4794, 0.000000000000000e+00, 3.926990816987241e+00, 6.283185307179586e+00, 3.878573966129469e-03, 5.736996464506285e-11, -1.120205960224563e-04, 3.862243151274306e-11
4795, 3.926990816987241e-01, 3.926990816987241e+00, 6.283185307179586e+00, 4.533194574022819e-03, 2.747351091636321e-04, 1.347708452865649e-06, 4.245471132662439e-11
4796, 7.853981633974483e-01, 3.926990816987241e+00, 6.283185307179586e+00, 5.172176808519351e-03, -3.131024398797703e-10, 1.148316212897430e-04, 4.127244664266259e-11
4797, 1.178097245096172e+00, 3.926990816987241e+00, 6.283185307179586e+00, 4.533427067199314e-03, -2.747356658498752e-04, 1.347828335034369e-06, 3.827600597289163e-11
4798, 1.570796326794897e+00, 3.926990816987241e+00, 6.283185307179586e+00, 3.878986616945203e-03, -4.124217699268929e-10, -1.120203867313745e-04, 3.439268402281765e-11
4799, 1.963495408493621e+00, 3.926990816987241e+00, 6.283185307179586e+00, 4.533739682819022e-03, 2.747348971445482e-04, 1.347977185284330e-06, 3.042408302761280e-11
4800, 2.356194490192345e+00, 3.926990816987241e+00, 6.283185307179586e+00, 5.172758479672285e-03, -2.892663211264429e-10, 1.148318994710592e-04, 2.699900567390873e-11
4801, 2.748893571891069e+00, 3.926990816987241e+00, 6.283185307179586e+00, 4.533960156839746e-03, -2.747354425287137e-04, 1.348076252792557e-06, 2.458450898447742e-11
4802, 3.141592653589793e+00, 3.926990816987241e+00, 6.283185307179586e+00, 3.879401887941147e-03, -3.520058305782481e-11, -1.120201976466662e-04, 2.348391984295918e-11
4803, 3.534291735288517e+00, 3.926990816987241e+00, 6.283185307179586e+00, 4.533987035591058e-03, 2.747353759080235e-04, 1.348088721825267e-06, 2.382770066143029e-11
4804, 3.926990816987241e+00, 3.926990816987241e+00, 6.283185307179586e+00, 5.172809305675911e-03, 2.338040199418438e-10, 1.148319233913150e-04, 2.556804242863342e-11
4805, 4.319689898685965e+00, 3.926990816987241e+00, 6.283185307179586e+00, 4.533808734193238e-03, -2.747349346001356e-04, 1.348010454696392e-06, 2.848001199503671e-11
4806, 4.712388980384690e+00, 3.926990816987241e+00, 6.283185307179586e+00, 3.879065641182372e-03, 3.990329131125908e-10, -1.120203474379085e-04, 3.216708140447591e-11
4807, 5.105088062083414e+00, 3.926990816987241e+00, 6.283185307179586e+00, 4.533505616284269e-03, 2.747356817146380e-04, 1.347868896104970e-06, 3.606065357362800e-11
4808, 5.497787143782138e+00, 3.926990816987241e+00, 6.283185307179586e+00, 5.172242613566452e-03, 3.625487980208452e-10, 1.148316566977792e-04, 3.940787192030966e-11
4809, 5.890486225480862e+00, 3.926990816987241e+00, 6.283185307179586e+00, 4.533234095052150e-03, -2.747350237572809e-04, 1.347730601670582e-06, 4.131890855723594e-11
4810, 6.283185307179586e+00, 3.926990816987241e+00, 6.283185307179586e+00, 3.878573966129469e-03, 5.736996464506285e-11, -1.120205960224563e-04, 3.862243151274306e-11
4811, 0.000000000000000e+00, 4.319689898685965e+00, 6.283185307179586e+00, 3.508347357348630e-03, 4.186270364141664e-11, -2.266046700313311e-03, 2.210377200804082e-11
4812, 3.926990816987241e-01, 4.319689898685965e+00, 6.283185307179586e+00, 3.798478476184463e-03, 3.389397897884584e-03, 2.367302541077728e-06, 2.454271361938147e-11
4813, 7.853981633974483e-01, 4.319689898685965e+00, 6.283185307179586e+00, 4.066804045931053e-03, -2.375765279258725e-10, 2.270689839821138e-03, 2.360703454045797e-11
4814, 1.178097245096172e+00, 4.319689898685965e+00, 6.283185307179586e+00, 3.798655284757352e-03, -3.389398322600487e-03, 2.367466184309240e-06, 2.137038600132559e-11
4815, 1.570796326794897e+00, 4.319689898685965e+00, 6.283185307179586e+00, 3.508663184259294e-03, -3.212934186140061e-10, -2.266046414459185e-03, 1.846742702507560e-11
4816, 1.963495408493621e+00, 4.319689898685965e+00, 6.283185307179586e+00, 3.798898767125323e-03, 3.389397724470322e-03, 2.367669475345002e-06, 1.547565282471130e-11
4817, 2.356194490192345e+00, 4.319689898685965e+00, 6.283185307179586e+00, 4.067256500668128e-03, -2.292682675184321e-10, 2.270690219578061e-03, 1.287428976818132e-11
4818, 2.748893571891069e+00, 4.319689898685965e+00, 6.283185307179586e+00, 3.799073189127374e-03, -3.389398155001328e-03, 2.367804892261114e-06, 1.103299088013915e-11
4819, 3.141592653589793e+00, 4.319689898685965e+00, 6.283185307179586e+00, 3.508990574953139e-03, -2.763613128350420e-11, -2.266046155917557e-03, 1.019572223567319e-11
4820, 3.534291735288517e+00, 4.319689898685965e+00, 6.283185307179586e+00, 3.799094259961117e-03, 3.389398102890667e-03, 2.367822010341973e-06, 1.046763131338375e-11
4821, 3.926990816987241e+00, 4.319689898685965e+00, 6.283185307179586e+00, 4.067296188904752e-03, 1.864712647207342e-10, 2.270690252373640e-03, 1.181045598749739e-11
4822, 4.319689898685965e+00, 4.319689898685965e+00, 6.283185307179586e+00, 3.798952334873859e-03, -3.389397752419224e-03, 2.367715056892629e-06, 1.404208817968393e-11
4823, 4.712388980384690e+00, 4.319689898685965e+00, 6.283185307179586e+00, 3.508723928456914e-03, 3.126836279401523e-10, -2.266046360643047e-03, 1.684515064357000e-11
4824, 5.105088062083414e+00, 4.319689898685965e+00, 6.283185307179586e+00, 3.798714965241514e-03, 3.389398336653873e-03, 2.367521719152720e-06, 1.977957403328570e-11
4825, 5.497787143782138e+00, 4.319689898685965e+00, 6.283185307179586e+00, 4.066853373133688e-03, 2.764907387045397e-10, 2.270689888326592e-03, 2.229200044111016e-11
4826, 5.890486225480862e+00, 4.319689898685965e+00, 6.283185307179586e+00, 3.798507683118898e-03, -3.389397833678939e-03, 2.367332936951499e-06, 2.375784498053801e-11
4827, 6.283185307179586e+00, 4.319689898685965e+00, 6.283185307179586e+00, 3.508347357348630e-03, 4.186270364141664e-11, -2.266046700313311e-03, 2.210377200804082e-11
4828, 0.000000000000000e+00, 4.712388980384690e+00, 6.283185307179586e+00, 4.070598495014493e-03, 2.283531894310957e-11, -1.561466059616686e-02, 1.748202585163487e-12
4829, 3.926990816987241e-01, 4.712388980384690e+00, 6.283185307179586e+00, 2.513879396143841e-03, 1.560507904727418e-02, 4.614765825922795e-06, 2.461393893774369e-12
4830, 7.853981633974483e-01, 4.712388980384690e+00, 6.283185307179586e+00, 1.223213022068432e-03, -1.454742277341415e-10, 1.562031374539291e-02, 1.816785539332871e-12
4831, 1.178097245096172e+00, 4.712388980384690e+00, 6.283185307179586e+00, 2.513988262315424e-03, -1.560507931090235e-02, 4.614947825295923e-06, 5.051666998152284e-13
4832, 1.570796326794897e+00, 4.712388980384690e+00, 6.283185307179586e+00, 4.070796178349166e-03, -2.098885219738973e-10, -1.561466027730205e-02, -1.201948501025235e-12
4833, 1.963495408493621e+00, 4.712388980384690e+00, 6.283185307179586e+00, 2.514147314013004e-03, 1.560507892105719e-02, 4.615174904712762e-06, -3.004121390114356e-12
4834, 2.356194490192345e+00, 4.712388980384690e+00, 6.283185307179586e+00, 1.223507644438526e-03, -1.559078516863742e-10, 1.562031416855792e-02, -4.601928244907394e-12
4835, 2.748893571891069e+00, 4.712388980384690e+00, 6.283185307179586e+00, 2.514265366087886e-03, -1.560507921101828e-02, 4.615326307319196e-06, -5.740831547064444e-12
4836, 3.141592653589793e+00, 4.712388980384690e+00, 6.283185307179586e+00, 4.071016054788316e-03, -1.832707992250264e-11, -1.561465998770885e-02, -6.254243112499309e-12
4837, 3.534291735288517e+00, 4.712388980384690e+00, 6.283185307179586e+00, 2.514279300807038e-03, 1.560507917672248e-02, 4.615345569475332e-06, -6.071179216851838e-12
4838, 3.926990816987241e+00, 4.712388980384690e+00, 6.283185307179586e+00, 1.223533658774266e-03, 1.286060466897524e-10, 1.562031420533711e-02, -5.215562159351335e-12
4839, 4.319689898685965e+00, 4.712388980384690e+00, 6.283185307179586e+00, 2.514181896283191e-03, -1.560507893740468e-02, 4.615225999155259e-06, -3.812663879844257e-12
4840, 4.712388980384690e+00, 4.712388980384690e+00, 6.283185307179586e+00, 4.070834535890933e-03, 2.070696750807245e-10, -1.561466021699131e-02, -2.086796534734572e-12
4841, 5.105088062083414e+00, 4.712388980384690e+00, 6.283185307179586e+00, 2.514024847453095e-03, 1.560507932272558e-02, 4.615009898578942e-06, -3.230717956719345e-13
4842, 5.497787143782138e+00, 4.712388980384690e+00, 6.283185307179586e+00, 1.223242168030592e-03, 1.715771862088883e-10, 1.562031379955505e-02, 1.172948464026600e-12
4843, 5.890486225480862e+00, 4.712388980384690e+00, 6.283185307179586e+00, 2.513895951052109e-03, -1.560507900901462e-02, 4.614799915143432e-06, 2.105870321298629e-12
4844, 6.283185307179586e+00, 4.712388980384690e+00, 6.283185307179586e+00, 4.070598495014493e-03, 2.283531894310957e-11, -1.561466059616686e-02, 1.748202585163487e-12
4845, 0.000000000000000e+00, 5.105088062083414e+00, 6.283185307179586e+00, 4.868732299497136e-03, 3.431867052376867e-12, -5.706037176733663e-02, -1.936738427216908e-11
4846, 3.926990816987241e-01, 5.105088062083414e+00, 6.283185307179586e+00, 2.097302671869747e-04, 3.811269648617076e-02, 1.059509922153817e-05, -2.046198881965954e-11
4847, 7.853981633974483e-01, 5.105088062083414e+00, 6.283185307179586e+00, -2.957668367302141e-03, -5.076518790207766e-11, 5.706396215816167e-02, -2.081896177365375e-11
4848, 1.178097245096172e+00, 5.105088062083414e+00, 6.283185307179586e+00, 2.097695322364775e-04, -3.811269658470993e-02, 1.059527115232892e-05, -2.118259236109976e-11
4849, 1.570796326794897e+00, 5.105088062083414e+00, 6.283185307179586e+00, 4.868808832615812e-03, -9.533715671802430e-11, -5.706037146477021e-02, -2.166319868008127e-11
4850, 1.963495408493621e+00, 5.105088062083414e+00, 6.283185307179586e+00, 2.098416674414682e-04, 3.811269640929258e-02, 1.059548761700435e-05, -2.224501325937151e-11
4851, 2.356194490192345e+00, 5.105088062083414e+00, 6.283185307179586e+00, -2.957536183803450e-03, -8.001431175583258e-11, 5.706396255987801e-02, -2.281253036671766e-11
4852, 2.748893571891069e+00, 5.105088062083414e+00, 6.283185307179586e+00, 2.099014457087928e-04, -3.811269655405215e-02, 1.059563227011990e-05, -2.322491499594871e-11
4853, 3.141592653589793e+00, 5.105088062083414e+00, 6.283185307179586e+00, 4.868917660864626e-03, -8.662230012900489e-12, -5.706037118717298e-02, -2.340272205195030e-11
4854, 3.534291735288517e+00, 5.105088062083414e+00, 6.283185307179586e+00, 2.099079722947564e-04, 3.811269653824752e-02, 1.059565082735886e-05, -2.331180390409041e-11
4855, 3.926990816987241e+00, 5.105088062083414e+00, 6.283185307179586e+00, -2.957524352367871e-03, 6.875396628649894e-11, 5.706396259513490e-02, -2.296030711382751e-11
4856, 4.319689898685965e+00, 5.105088062083414e+00, 6.283185307179586e+00, 2.098565913545336e-04, -3.811269641374714e-02, 1.059553662417279e-05, -2.240817821116106e-11
4857, 4.712388980384690e+00, 5.105088062083414e+00, 6.283185307179586e+00, 4.868824063044464e-03, 9.830499599296130e-11, -5.706037140696025e-02, -2.178886238634353e-11
4858, 5.105088062083414e+00, 5.105088062083414e+00, 6.283185307179586e+00, 2.097823116700141e-04, 3.811269659413756e-02, 1.059533023144561e-05, -2.122828487894859e-11
4859, 5.497787143782138e+00, 5.105088062083414e+00, 6.283185307179586e+00, -2.957660002467406e-03, 6.376425329225973e-11, 5.706396220947753e-02, -2.077527262214545e-11
4860, 5.890486225480862e+00, 5.105088062083414e+00, 6.283185307179586e+00, 2.097337731219052e-04, -3.811269647462558e-02, 1.059513167000769e-05, -2.037698589857447e-11
4861, 6.283185307179586e+00, 5.105088062083414e+00, 6.283185307179586e+00, 4.868732299497136e-03, 3.431867052376867e-12, -5.706037176733663e-02, -1.936738427216908e-11
4862, 0.000000000000000e+00, 5.497787143782138e+00, 6.283185307179586e+00, 3.118071975284190e-03, -1.312875530619486e-11, -1.325583892481375e-01, -3.790215922654572e-11
4863, 3.926990816987241e-01, 5.497787143782138e+00, 6.283185307179586e+00, -3.489050534885753e-03, 5.489645810805219e-02, 2.039917625211200e-05, -4.059740133485532e-11
4864, 7.853981633974483e-01, 5.497787143782138e+00, 6.283185307179586e+00, -7.453628158624342e-03, 3.156284036536878e-11, 1.325593735655240e-01, -4.070103957048412e-11
4865, 1.178097245096172e+00, 5.497787143782138e+00, 6.283185307179586e+00, -3.489071443920042e-03, -5.489645806363667e-02, 2.039931192864933e-05, -4.024621052419107e-11
4866, 1.570796326794897e+00, 5.497787143782138e+00, 6.283185307179586e+00, 3.118043401217374e-03, 4.779496307986070e-12, -1.325583890101081e-01, -3.966946222967897e-11
4867, 1.963495408493621e+00, 5.497787143782138e+00, 6.283185307179586e+00, -3.489075539440159e-03, 5.489645807625300e-02, 2.039948433207071e-05, -3.918586419488941e-11
4868, 2.356194490192345e+00, 5.497787143782138e+00, 6.283185307179586e+00, -7.453638241411674e-03, -1.275878178079360e-11, 1.325593738852844e-01, -3.885171970077212e-11
4869, 2.748893571891069e+00, 5.497787143782138e+00, 6.283185307179586e+00, -3.489067209148873e-03, -5.489645809300396e-02, 2.039960061765673e-05, -3.862841254524601e-11
4870, 3.141592653589793e+00, 5.497787143782138e+00, 6.283185307179586e+00, 3.118054302984690e-03, -1.196653680579663e-13, -1.325583887867781e-01, -3.851520820966332e-11
4871, 3.534291735288517e+00, 5.497787143782138e+00, 6.283185307179586e+00, -3.489067248050291e-03, 5.489645809360211e-02, 2.039961561945692e-05, -3.850098145334365e-11
4872, 3.926990816987241e+00, 5.497787143782138e+00, 6.283185307179586e+00, -7.453638973781714e-03, 1.573552014702974e-11, 1.325593739137275e-01, -3.858971720513428e-11
4873, 4.319689898685965e+00, 5.497787143782138e+00, 6.283185307179586e+00, -3.489078005182664e-03, -5.489645807031819e-02, 2.039952393835945e-05, -3.878249108871427e-11
4874, 4.712388980384690e+00, 5.497787143782138e+00, 6.283185307179586e+00, 3.118038234185573e-03, 3.015115297603961e-12, -1.325583889635626e-01, -3.913140744638366e-11
4875, 5.105088062083414e+00, 5.497787143782138e+00, 6.283185307179586e+00, -3.489079547514355e-03, 5.489645807065414e-02, 2.039935890127988e-05, -3.961271340477528e-11
4876, 5.497787143782138e+00, 5.497787143782138e+00, 6.283185307179586e+00, -7.453637900154247e-03, -3.023090926774740e-11, 1.325593736059469e-01, -4.006608284966696e-11
4877, 5.890486225480862e+00, 5.497787143782138e+00, 6.283185307179586e+00, -3.489058348694529e-03, -5.489645811977795e-02, 2.039920155118011e-05, -4.013579495909866e-11
4878, 6.283185307179586e+00, 5.497787143782138e+00, 6.283185307179586e+00, 3.118071975284190e-03, -1.312875530619486e-11, -1.325583892481375e-01, -3.790215922654572e-11
4879, 0.000000000000000e+00, 5.890486225480862e+00, 6.283185307179586e+00, -3.283952028201225e-03, -2.444783239933951e-11, -2.138209667330755e-01, -5.073132523488049e-11
4880, 3.926990816987241e-01, 5.890486225480862e+00, 6.283185307179586e+00, -7.595881546792208e-03, 4.252470334627444e-02, 2.070673670704285e-05, -5.447316466930313e-11
4881, 7.853981633974483e-01, 5.890486225480862e+00, 6.283185307179586e+00, -1.100884887012047e-02, 8.753810684823368e-11, 2.138222161012661e-01, -5.435969836040736e-11
4882, 1.178097245096172e+00, 5.890486225480862e+00, 6.283185307179586e+00, -7.595943684348840e-03, -4.252470320345350e-02, 2.070681694839712e-05, -5.336333965374523e-11
4883, 1.570796326794897e+00, 5.890486225480862e+00, 6.283185307179586e+00, -3.284053138980844e-03, 7.571844014901915e-11, -2.138209665977930e-01, -5.207669661057786e-11
4884, 1.963495408493621e+00, 5.890486225480862e+00, 6.283185307179586e+00, -7.596001783733169e-03, 4.252470334901638e-02, 2.070691817712865e-05, -5.085113584827228e-11
4885, 2.356194490192345e+00, 5.890486225480862e+00, 6.283185307179586e+00, -1.100895937845457e-02, 3.548012741928811e-11, 2.138222162917914e-01, -4.987883800745592e-11
4886, 2.748893571891069e+00, 5.890486225480862e+00, 6.283185307179586e+00, -7.596030212282037e-03, -4.252470327437705e-02, 2.070698831538355e-05, -4.922147883556031e-11
4887, 3.141592653589793e+00, 5.890486225480862e+00, 6.283185307179586e+00, -3.284112121549707e-03, 5.980632673477057e-12, -2.138209664643164e-01, -4.891183932319777e-11
4888, 3.534291735288517e+00, 5.890486225480862e+00, 6.283185307179586e+00, -7.596034954058251e-03, 4.252470328673548e-02, 2.070699733601062e-05, -4.894387652760439e-11
4889, 3.926990816987241e+00, 5.890486225480862e+00, 6.283185307179586e+00, -1.100896911318075e-02, -2.227230788256057e-11, 2.138222163090400e-01, -4.932985796880711e-11
4890, 4.319689898685965e+00, 5.890486225480862e+00, 6.283185307179586e+00, -7.596016711084144e-03, -4.252470333566494e-02, 2.070694226546720e-05, -5.005149522366614e-11
4891, 4.712388980384690e+00, 5.890486225480862e+00, 6.283185307179586e+00, -3.284072889968130e-03, -6.461114712153601e-11, -2.138209665698340e-01, -5.107654510997015e-11
4892, 5.105088062083414e+00, 5.890486225480862e+00, 6.283185307179586e+00, -7.595966588071377e-03, 4.252470320823996e-02, 2.070684468418268e-05, -5.226283911647160e-11
4893, 5.497787143782138e+00, 5.890486225480862e+00, 6.283185307179586e+00, -1.100887119790335e-02, -9.532167312243921e-11, 2.138222161248338e-01, -5.332903658893364e-11
4894, 5.890486225480862e+00, 5.890486225480862e+00, 6.283185307179586e+00, -7.595896986469876e-03, -4.252470337408656e-02, 2.070675036354846e-05, -5.377059764241753e-11
4895, 6.283185307179586e+00, 5.890486225480862e+00, 6.283185307179586e+00, -3.283952028201225e-03, -2.444783239933951e-11, -2.138209667330755e-01, -5.073132523488049e-11
4896, 0.000000000000000e+00, 6.283185307179586e+00, 6.283185307179586e+00, -1.002949210185052e-02, -2.766125284289596e-11, -2.497387260403874e-01, -5.437943952630947e-11
4897, 3.926990816987241e-01, 6.283185307179586e+00, 6.283185307179586e+00, -9.490206774688119e-03, 6.180451742839823e-11, -1.762229728506772e-10, -5.678848911541221e-11
4898, 7.853981633974483e-01, 6.283185307179586e+00, 6.283185307179586e+00, -1.002953399859892e-02, 1.093354254001672e-10, 2.497387256983734e-01, -5.661660948550166e-11
4899, 1.178097245096172e+00, 6.283185307179586e+00, 6.283185307179586e+00, -9.490285673341928e-03, 1.193077384127083e-10, -1.589999773311424e-10, -5.552405334410299e-11
4900, 1.570796326794897e+00, 6.283185307179586e+00, 6.283185307179586e+00, -1.002962277233999e-02, 1.070187533650884e-10, -2.497387260192079e-01, -5.407448837010857e-11
4901, 1.963495408493621e+00, 6.283185307179586e+00, 6.283185307179586e+00, -9.490367216541820e-03, 8.388201118436546e-11, -1.453890201438136e-10, -5.260780862921925e-11
4902, 2.356194490192345e+00, 6.283185307179586e+00, 6.283185307179586e+00, -1.002968786907180e-02, 5.670424645188104e-11, 2.497387257300628e-01, -5.142532074842231e-11
4903, 2.748893571891069e+00, 6.283185307179586e+00, 6.283185307179586e+00, -9.490411766021304e-03, 3.101055650879469e-11, -1.336140691661481e-10, -5.063398732266332e-11
4904, 3.141592653589793e+00, 6.283185307179586e+00, 6.283185307179586e+00, -1.002971237058265e-02, 8.669880551959043e-12, -2.497387259989755e-01, -5.027929271352679e-11
4905, 3.534291735288517e+00, 6.283185307179586e+00, 6.283185307179586e+00, -9.490418577861559e-03, -1.346919644582951e-11, -1.321444902704802e-10, -5.030827439432049e-11
4906, 3.926990816987241e+00, 6.283185307179586e+00, 6.283185307179586e+00, -1.002970157039729e-02, -3.898837869534017e-11, 2.497387257331292e-01, -5.078557849273837e-11
4907, 4.319689898685965e+00, 6.283185307179586e+00, 6.283185307179586e+00, -9.490387649395674e-03, -6.717927918805895e-11, -1.410754447957384e-10, -5.168538187365315e-11
4908, 4.712388980384690e+00, 6.283185307179586e+00, 6.283185307179586e+00, -1.002964896793511e-02, -9.433686920648287e-11, -2.497387260148083e-01, -5.293555196217735e-11
4909, 5.105088062083414e+00, 6.283185307179586e+00, 6.283185307179586e+00, -9.490315057137452e-03, -1.158252613194792e-10, -1.549209852691904e-10, -5.429133945224836e-11
4910, 5.497787143782138e+00, 6.283185307179586e+00, 6.283185307179586e+00, -1.002956164630603e-02, -1.222766001772225e-10, 2.497387257021950e-01, -5.548768317936194e-11
4911, 5.890486225480862e+00, 6.283185307179586e+00, 6.283185307179586e+00, -9.490225032502813e-03, -9.798899907747237e-11, -1.744102099877710e-10, -5.604994991454369e-11
4912, 6.283185307179586e+00, 6.283185307179586e+00, 6.283185307179586e+00, -1.002949210185052e-02, -2.766125284289596e-11, -2.497387260403874e-01, -5.437943952630947e-11
