changes	Set up job	﻿2026-10-03T19:07:21.4544991Z Current runner version: '2.337.0'
changes	Set up job	2026-10-03T19:07:21.4576999Z ##[group]Runner Image Provisioner
changes	Set up job	2026-10-03T19:07:21.4578204Z Hosted Compute Agent
changes	Set up job	2026-10-03T19:07:21.4579035Z Version: 20260901.588
changes	Set up job	2026-10-03T19:07:21.4580093Z Commit: f88ec8081b781fac6c440065ac7ff9e710ce3d0b
changes	Set up job	2026-10-03T19:07:21.4581242Z Build Date: 2026-09-01T19:56:44Z
changes	Set up job	2026-10-03T19:07:21.4582145Z Worker ID: {c7ee67fe-1a4e-4713-bce2-3b1c265e50ad}
changes	Set up job	2026-10-03T19:07:21.4583192Z Azure Region: eastus
changes	Set up job	2026-10-03T19:07:21.4583946Z ##[endgroup]
changes	Set up job	2026-10-03T19:07:21.4585741Z ##[group]Operating System
changes	Set up job	2026-10-03T19:07:21.4586715Z Ubuntu
changes	Set up job	2026-10-03T19:07:21.4587387Z 24.04.5
changes	Set up job	2026-10-03T19:07:21.4588095Z LTS
changes	Set up job	2026-10-03T19:07:21.4588755Z ##[endgroup]
changes	Set up job	2026-10-03T19:07:21.4589658Z ##[group]Runner Image
changes	Set up job	2026-10-03T19:07:21.4590542Z Image: ubuntu-24.04
changes	Set up job	2026-10-03T19:07:21.4591246Z Version: 20260927.320.1
changes	Set up job	2026-10-03T19:07:21.4592868Z Included Software: https://github.com/actions/runner-images/blob/ubuntu24/20260927.320/images/ubuntu/Ubuntu2404-Readme.md
changes	Set up job	2026-10-03T19:07:21.4595393Z Image Release: https://github.com/actions/runner-images/releases/tag/ubuntu24%2F20260927.320
changes	Set up job	2026-10-03T19:07:21.4596710Z ##[endgroup]
changes	Set up job	2026-10-03T19:07:21.4598241Z ##[group]GITHUB_TOKEN Permissions
changes	Set up job	2026-10-03T19:07:21.4601046Z Contents: read
changes	Set up job	2026-10-03T19:07:21.4601995Z Metadata: read
changes	Set up job	2026-10-03T19:07:21.4602716Z ##[endgroup]
changes	Set up job	2026-10-03T19:07:21.4605490Z Secret source: Actions
changes	Set up job	2026-10-03T19:07:21.4606890Z Cache mode: write
changes	Set up job	2026-10-03T19:07:21.4608232Z Prepare workflow directory
changes	Set up job	2026-10-03T19:07:21.4995432Z Prepare all required actions
changes	Set up job	2026-10-03T19:07:21.5054506Z Getting action download info
changes	Set up job	2026-10-03T19:07:21.6687438Z Download action repository 'actions/checkout@v5' (SHA:fbc6f3992d24b796d5a048ff273f7fcc4a7b6c09)
changes	Set up job	2026-10-03T19:07:21.8589449Z Complete job name: changes
changes	Run actions/checkout@v5	﻿2026-10-03T19:07:21.9250589Z ##[group]Run actions/checkout@v5
changes	Run actions/checkout@v5	2026-10-03T19:07:21.9251966Z with:
changes	Run actions/checkout@v5	2026-10-03T19:07:21.9252624Z   ref: 4bea7e3731e7e19ac1741f928f82845332f0fe71
changes	Run actions/checkout@v5	2026-10-03T19:07:21.9253485Z   repository: Unjuno/concentration-aware-ns
changes	Run actions/checkout@v5	2026-10-03T19:07:21.9259088Z   token: ***
changes	Run actions/checkout@v5	2026-10-03T19:07:21.9259851Z   ssh-strict: true
changes	Run actions/checkout@v5	2026-10-03T19:07:21.9260440Z   ssh-user: git
changes	Run actions/checkout@v5	2026-10-03T19:07:21.9261047Z   persist-credentials: true
changes	Run actions/checkout@v5	2026-10-03T19:07:21.9261717Z   clean: true
changes	Run actions/checkout@v5	2026-10-03T19:07:21.9262317Z   sparse-checkout-cone-mode: true
changes	Run actions/checkout@v5	2026-10-03T19:07:21.9263031Z   fetch-depth: 1
changes	Run actions/checkout@v5	2026-10-03T19:07:21.9263568Z   fetch-tags: false
changes	Run actions/checkout@v5	2026-10-03T19:07:21.9264134Z   show-progress: true
changes	Run actions/checkout@v5	2026-10-03T19:07:21.9264765Z   lfs: false
changes	Run actions/checkout@v5	2026-10-03T19:07:21.9265338Z   submodules: false
changes	Run actions/checkout@v5	2026-10-03T19:07:21.9265939Z   set-safe-directory: true
changes	Run actions/checkout@v5	2026-10-03T19:07:21.9266615Z   allow-unsafe-pr-checkout: false
changes	Run actions/checkout@v5	2026-10-03T19:07:21.9267624Z ##[endgroup]
changes	Run actions/checkout@v5	2026-10-03T19:07:22.0142927Z Syncing repository: Unjuno/concentration-aware-ns
changes	Run actions/checkout@v5	2026-10-03T19:07:22.0144539Z ##[group]Getting Git version info
changes	Run actions/checkout@v5	2026-10-03T19:07:22.0145711Z Working directory is '/home/runner/work/concentration-aware-ns/concentration-aware-ns'
changes	Run actions/checkout@v5	2026-10-03T19:07:22.0147276Z [command]/usr/bin/git version
changes	Run actions/checkout@v5	2026-10-03T19:07:22.0223237Z git version 2.55.0
changes	Run actions/checkout@v5	2026-10-03T19:07:22.0248164Z ##[endgroup]
changes	Run actions/checkout@v5	2026-10-03T19:07:22.0262081Z Temporarily overriding HOME='/home/runner/work/_temp/504ea951-0c08-4fd5-8b8a-287488f793e3' before making global git config changes
changes	Run actions/checkout@v5	2026-10-03T19:07:22.0264446Z Adding repository directory to the temporary git global config as a safe directory
changes	Run actions/checkout@v5	2026-10-03T19:07:22.0267960Z [command]/usr/bin/git config --global --add safe.directory /home/runner/work/concentration-aware-ns/concentration-aware-ns
changes	Run actions/checkout@v5	2026-10-03T19:07:22.0313622Z Deleting the contents of '/home/runner/work/concentration-aware-ns/concentration-aware-ns'
changes	Run actions/checkout@v5	2026-10-03T19:07:22.0318044Z ##[group]Initializing the repository
changes	Run actions/checkout@v5	2026-10-03T19:07:22.0322435Z [command]/usr/bin/git init /home/runner/work/concentration-aware-ns/concentration-aware-ns
changes	Run actions/checkout@v5	2026-10-03T19:07:22.0406340Z hint: Using 'master' as the name for the initial branch. This default branch name
changes	Run actions/checkout@v5	2026-10-03T19:07:22.0407498Z hint: will change to "main" in Git 3.0. To configure the initial branch name
changes	Run actions/checkout@v5	2026-10-03T19:07:22.0408584Z hint: to use in all of your new repositories, which will suppress this warning,
changes	Run actions/checkout@v5	2026-10-03T19:07:22.0409597Z hint: call:
changes	Run actions/checkout@v5	2026-10-03T19:07:22.0409957Z hint:
changes	Run actions/checkout@v5	2026-10-03T19:07:22.0410411Z hint: 	git config --global init.defaultBranch <name>
changes	Run actions/checkout@v5	2026-10-03T19:07:22.0410932Z hint:
changes	Run actions/checkout@v5	2026-10-03T19:07:22.0411413Z hint: Names commonly chosen instead of 'master' are 'main', 'trunk' and
changes	Run actions/checkout@v5	2026-10-03T19:07:22.0412163Z hint: 'development'. The just-created branch can be renamed via this command:
changes	Run actions/checkout@v5	2026-10-03T19:07:22.0412773Z hint:
changes	Run actions/checkout@v5	2026-10-03T19:07:22.0413341Z hint: 	git branch -m <name>
changes	Run actions/checkout@v5	2026-10-03T19:07:22.0413825Z hint:
changes	Run actions/checkout@v5	2026-10-03T19:07:22.0414511Z hint: Disable this message with "git config set advice.defaultBranchName false"
changes	Run actions/checkout@v5	2026-10-03T19:07:22.0419567Z Initialized empty Git repository in /home/runner/work/concentration-aware-ns/concentration-aware-ns/.git/
changes	Run actions/checkout@v5	2026-10-03T19:07:22.0428105Z [command]/usr/bin/git remote add origin https://github.com/Unjuno/concentration-aware-ns
changes	Run actions/checkout@v5	2026-10-03T19:07:22.0472399Z ##[endgroup]
changes	Run actions/checkout@v5	2026-10-03T19:07:22.0473509Z ##[group]Disabling automatic garbage collection
changes	Run actions/checkout@v5	2026-10-03T19:07:22.0477031Z [command]/usr/bin/git config --local gc.auto 0
changes	Run actions/checkout@v5	2026-10-03T19:07:22.0506215Z ##[endgroup]
changes	Run actions/checkout@v5	2026-10-03T19:07:22.0507171Z ##[group]Setting up auth
changes	Run actions/checkout@v5	2026-10-03T19:07:22.0512908Z [command]/usr/bin/git config --local --name-only --get-regexp core\.sshCommand
changes	Run actions/checkout@v5	2026-10-03T19:07:22.0543497Z [command]/usr/bin/git submodule foreach --recursive sh -c "git config --local --name-only --get-regexp 'core\.sshCommand' && git config --local --unset-all 'core.sshCommand' || :"
changes	Run actions/checkout@v5	2026-10-03T19:07:22.0926092Z [command]/usr/bin/git config --local --name-only --get-regexp http\.https\:\/\/github\.com\/\.extraheader
changes	Run actions/checkout@v5	2026-10-03T19:07:22.0959615Z [command]/usr/bin/git submodule foreach --recursive sh -c "git config --local --name-only --get-regexp 'http\.https\:\/\/github\.com\/\.extraheader' && git config --local --unset-all 'http.https://github.com/.extraheader' || :"
changes	Run actions/checkout@v5	2026-10-03T19:07:22.1155607Z [command]/usr/bin/git config --local --name-only --get-regexp ^includeIf\.gitdir:
changes	Run actions/checkout@v5	2026-10-03T19:07:22.1186290Z [command]/usr/bin/git submodule foreach --recursive git config --local --show-origin --name-only --get-regexp remote.origin.url
changes	Run actions/checkout@v5	2026-10-03T19:07:22.1386051Z [command]/usr/bin/git config --local http.https://github.com/.extraheader AUTHORIZATION: basic ***
changes	Run actions/checkout@v5	2026-10-03T19:07:22.1457081Z ##[endgroup]
changes	Run actions/checkout@v5	2026-10-03T19:07:22.1457821Z ##[group]Fetching the repository
changes	Run actions/checkout@v5	2026-10-03T19:07:22.1463613Z [command]/usr/bin/git -c protocol.version=2 fetch --no-tags --prune --no-recurse-submodules --depth=1 origin 4bea7e3731e7e19ac1741f928f82845332f0fe71
changes	Run actions/checkout@v5	2026-10-03T19:08:05.4384393Z From https://github.com/Unjuno/concentration-aware-ns
changes	Run actions/checkout@v5	2026-10-03T19:08:05.4385773Z  * branch            4bea7e3731e7e19ac1741f928f82845332f0fe71 -> FETCH_HEAD
changes	Run actions/checkout@v5	2026-10-03T19:08:05.4388836Z ##[endgroup]
changes	Run actions/checkout@v5	2026-10-03T19:08:05.4391795Z ##[group]Determining the checkout info
changes	Run actions/checkout@v5	2026-10-03T19:08:05.4392768Z ##[endgroup]
changes	Run actions/checkout@v5	2026-10-03T19:08:05.4396243Z [command]/usr/bin/git sparse-checkout disable
changes	Run actions/checkout@v5	2026-10-03T19:08:05.4449859Z [command]/usr/bin/git config --local --unset-all extensions.worktreeConfig
changes	Run actions/checkout@v5	2026-10-03T19:08:05.4477715Z ##[group]Checking out the ref
changes	Run actions/checkout@v5	2026-10-03T19:08:05.4480657Z [command]/usr/bin/git checkout --progress --force 4bea7e3731e7e19ac1741f928f82845332f0fe71
changes	Run actions/checkout@v5	2026-10-03T19:08:06.4773734Z Updating files:  47% (1017/2132)
changes	Run actions/checkout@v5	2026-10-03T19:08:06.8140909Z Updating files:  48% (1024/2132)
changes	Run actions/checkout@v5	2026-10-03T19:08:07.0815505Z Updating files:  49% (1045/2132)
changes	Run actions/checkout@v5	2026-10-03T19:08:07.3214445Z Updating files:  50% (1066/2132)
changes	Run actions/checkout@v5	2026-10-03T19:08:07.3226188Z Updating files:  51% (1088/2132)
changes	Run actions/checkout@v5	2026-10-03T19:08:07.3485093Z Updating files:  52% (1109/2132)
changes	Run actions/checkout@v5	2026-10-03T19:08:07.4218505Z Updating files:  53% (1130/2132)
changes	Run actions/checkout@v5	2026-10-03T19:08:07.4463603Z Updating files:  54% (1152/2132)
changes	Run actions/checkout@v5	2026-10-03T19:08:07.4468426Z Updating files:  55% (1173/2132)
changes	Run actions/checkout@v5	2026-10-03T19:08:07.4476021Z Updating files:  56% (1194/2132)
changes	Run actions/checkout@v5	2026-10-03T19:08:07.4503024Z Updating files:  57% (1216/2132)
changes	Run actions/checkout@v5	2026-10-03T19:08:07.4667409Z Updating files:  58% (1237/2132)
changes	Run actions/checkout@v5	2026-10-03T19:08:07.4673154Z Updating files:  59% (1258/2132)
changes	Run actions/checkout@v5	2026-10-03T19:08:07.4681026Z Updating files:  59% (1269/2132)
changes	Run actions/checkout@v5	2026-10-03T19:08:07.8263329Z Updating files:  60% (1280/2132)
changes	Run actions/checkout@v5	2026-10-03T19:08:07.8292993Z Updating files:  61% (1301/2132)
changes	Run actions/checkout@v5	2026-10-03T19:08:07.8301073Z Updating files:  62% (1322/2132)
changes	Run actions/checkout@v5	2026-10-03T19:08:07.8309399Z Updating files:  63% (1344/2132)
changes	Run actions/checkout@v5	2026-10-03T19:08:07.8318743Z Updating files:  64% (1365/2132)
changes	Run actions/checkout@v5	2026-10-03T19:08:07.8328399Z Updating files:  65% (1386/2132)
changes	Run actions/checkout@v5	2026-10-03T19:08:07.8370080Z Updating files:  66% (1408/2132)
changes	Run actions/checkout@v5	2026-10-03T19:08:07.8379661Z Updating files:  67% (1429/2132)
changes	Run actions/checkout@v5	2026-10-03T19:08:07.8389785Z Updating files:  68% (1450/2132)
changes	Run actions/checkout@v5	2026-10-03T19:08:07.8400444Z Updating files:  69% (1472/2132)
changes	Run actions/checkout@v5	2026-10-03T19:08:07.8410366Z Updating files:  70% (1493/2132)
changes	Run actions/checkout@v5	2026-10-03T19:08:07.8419863Z Updating files:  71% (1514/2132)
changes	Run actions/checkout@v5	2026-10-03T19:08:07.8431757Z Updating files:  72% (1536/2132)
changes	Run actions/checkout@v5	2026-10-03T19:08:07.8439745Z Updating files:  73% (1557/2132)
changes	Run actions/checkout@v5	2026-10-03T19:08:07.8447369Z Updating files:  74% (1578/2132)
changes	Run actions/checkout@v5	2026-10-03T19:08:07.8460193Z Updating files:  75% (1599/2132)
changes	Run actions/checkout@v5	2026-10-03T19:08:07.8478698Z Updating files:  76% (1621/2132)
changes	Run actions/checkout@v5	2026-10-03T19:08:07.8485334Z Updating files:  77% (1642/2132)
changes	Run actions/checkout@v5	2026-10-03T19:08:07.8497018Z Updating files:  78% (1663/2132)
changes	Run actions/checkout@v5	2026-10-03T19:08:07.8511656Z Updating files:  79% (1685/2132)
changes	Run actions/checkout@v5	2026-10-03T19:08:07.8523218Z Updating files:  80% (1706/2132)
changes	Run actions/checkout@v5	2026-10-03T19:08:07.8532627Z Updating files:  81% (1727/2132)
changes	Run actions/checkout@v5	2026-10-03T19:08:07.8542086Z Updating files:  82% (1749/2132)
changes	Run actions/checkout@v5	2026-10-03T19:08:07.8553820Z Updating files:  83% (1770/2132)
changes	Run actions/checkout@v5	2026-10-03T19:08:07.8564107Z Updating files:  84% (1791/2132)
changes	Run actions/checkout@v5	2026-10-03T19:08:07.8572640Z Updating files:  85% (1813/2132)
changes	Run actions/checkout@v5	2026-10-03T19:08:07.8582603Z Updating files:  86% (1834/2132)
changes	Run actions/checkout@v5	2026-10-03T19:08:07.8592141Z Updating files:  87% (1855/2132)
changes	Run actions/checkout@v5	2026-10-03T19:08:07.8601894Z Updating files:  88% (1877/2132)
changes	Run actions/checkout@v5	2026-10-03T19:08:07.8613642Z Updating files:  89% (1898/2132)
changes	Run actions/checkout@v5	2026-10-03T19:08:07.8624901Z Updating files:  90% (1919/2132)
changes	Run actions/checkout@v5	2026-10-03T19:08:07.8636081Z Updating files:  91% (1941/2132)
changes	Run actions/checkout@v5	2026-10-03T19:08:07.8646228Z Updating files:  92% (1962/2132)
changes	Run actions/checkout@v5	2026-10-03T19:08:07.8657875Z Updating files:  93% (1983/2132)
changes	Run actions/checkout@v5	2026-10-03T19:08:07.8667616Z Updating files:  94% (2005/2132)
changes	Run actions/checkout@v5	2026-10-03T19:08:07.8677892Z Updating files:  95% (2026/2132)
changes	Run actions/checkout@v5	2026-10-03T19:08:07.8691029Z Updating files:  96% (2047/2132)
changes	Run actions/checkout@v5	2026-10-03T19:08:07.8703995Z Updating files:  97% (2069/2132)
changes	Run actions/checkout@v5	2026-10-03T19:08:07.8713771Z Updating files:  98% (2090/2132)
changes	Run actions/checkout@v5	2026-10-03T19:08:07.8730127Z Updating files:  99% (2111/2132)
changes	Run actions/checkout@v5	2026-10-03T19:08:07.8730568Z Updating files: 100% (2132/2132)
changes	Run actions/checkout@v5	2026-10-03T19:08:07.8730925Z Updating files: 100% (2132/2132), done.
changes	Run actions/checkout@v5	2026-10-03T19:08:07.9761053Z Note: switching to '4bea7e3731e7e19ac1741f928f82845332f0fe71'.
changes	Run actions/checkout@v5	2026-10-03T19:08:07.9761633Z 
changes	Run actions/checkout@v5	2026-10-03T19:08:07.9761927Z You are in 'detached HEAD' state. You can look around, make experimental
changes	Run actions/checkout@v5	2026-10-03T19:08:07.9762582Z changes and commit them, and you can discard any commits you make in this
changes	Run actions/checkout@v5	2026-10-03T19:08:07.9763244Z state without impacting any branches by switching back to a branch.
changes	Run actions/checkout@v5	2026-10-03T19:08:07.9763643Z 
changes	Run actions/checkout@v5	2026-10-03T19:08:07.9763940Z If you want to create a new branch to retain commits you create, you may
changes	Run actions/checkout@v5	2026-10-03T19:08:07.9764569Z do so (now or later) by using -c with the switch command. Example:
changes	Run actions/checkout@v5	2026-10-03T19:08:07.9764987Z 
changes	Run actions/checkout@v5	2026-10-03T19:08:07.9765152Z   git switch -c <new-branch-name>
changes	Run actions/checkout@v5	2026-10-03T19:08:07.9765432Z 
changes	Run actions/checkout@v5	2026-10-03T19:08:07.9765580Z Or undo this operation with:
changes	Run actions/checkout@v5	2026-10-03T19:08:07.9765841Z 
changes	Run actions/checkout@v5	2026-10-03T19:08:07.9765969Z   git switch -
changes	Run actions/checkout@v5	2026-10-03T19:08:07.9766160Z 
changes	Run actions/checkout@v5	2026-10-03T19:08:07.9766464Z Turn off this advice by setting config variable advice.detachedHead to false
changes	Run actions/checkout@v5	2026-10-03T19:08:07.9766886Z 
changes	Run actions/checkout@v5	2026-10-03T19:08:07.9767210Z HEAD is now at 4bea7e3 Replay native cellPoint position queries from frozen capture
changes	Run actions/checkout@v5	2026-10-03T19:08:07.9964009Z ##[endgroup]
changes	Run actions/checkout@v5	2026-10-03T19:08:08.0011447Z [command]/usr/bin/git log -1 --format=%H
changes	Run actions/checkout@v5	2026-10-03T19:08:08.0031460Z 4bea7e3731e7e19ac1741f928f82845332f0fe71
changes	Run execute=true	﻿2026-10-03T19:08:08.0224485Z ##[group]Run execute=true
changes	Run execute=true	2026-10-03T19:08:08.0224802Z ^[[36;1mexecute=true^[[0m
changes	Run execute=true	2026-10-03T19:08:08.0225200Z ^[[36;1mif [[ "$EVENT_NAME" == pull_request && "$EVENT_ACTION" == synchronize && "$BEFORE_SHA" =~ ^[0-9a-f]{40}$ ]]; then^[[0m
changes	Run execute=true	2026-10-03T19:08:08.0225815Z ^[[36;1m  if git cat-file -e "${BEFORE_SHA}^{commit}" 2>/dev/null || git fetch --no-tags --depth=1 origin "$BEFORE_SHA"; then^[[0m
changes	Run execute=true	2026-10-03T19:08:08.0226245Z ^[[36;1m    execute=false^[[0m
changes	Run execute=true	2026-10-03T19:08:08.0226475Z ^[[36;1m    while IFS= read -r -d '' path; do^[[0m
changes	Run execute=true	2026-10-03T19:08:08.0226724Z ^[[36;1m      case "$path" in^[[0m
changes	Run execute=true	2026-10-03T19:08:08.0227447Z ^[[36;1m        .github/workflows/cell-point-query.yml|runtime/of13-cell-point-query-probe/*|tools/run_of13_cell_point_query.py|tools/analyze_of13_cell_point_query.py|protocols/of13-cell-point-query-v1.json) execute=true; break ;;^[[0m
changes	Run execute=true	2026-10-03T19:08:08.0228186Z ^[[36;1m      esac^[[0m
changes	Run execute=true	2026-10-03T19:08:08.0228478Z ^[[36;1m    done < <(git diff --name-only --no-renames -z "$BEFORE_SHA" "$HEAD_SHA" --)^[[0m
changes	Run execute=true	2026-10-03T19:08:08.0228866Z ^[[36;1m  fi^[[0m
changes	Run execute=true	2026-10-03T19:08:08.0229035Z ^[[36;1mfi^[[0m
changes	Run execute=true	2026-10-03T19:08:08.0229519Z ^[[36;1mprintf 'execute=%s\n' "$execute" >> "$GITHUB_OUTPUT"^[[0m
changes	Run execute=true	2026-10-03T19:08:08.0953499Z shell: /usr/bin/bash --noprofile --norc -e -o pipefail {0}
changes	Run execute=true	2026-10-03T19:08:08.0953881Z env:
changes	Run execute=true	2026-10-03T19:08:08.0954085Z   EVENT_NAME: pull_request
changes	Run execute=true	2026-10-03T19:08:08.0954308Z   EVENT_ACTION: synchronize
changes	Run execute=true	2026-10-03T19:08:08.0954559Z   BEFORE_SHA: 5ebd81b9ba307415399cb6255ce45c5b221c89f9
changes	Run execute=true	2026-10-03T19:08:08.0954856Z   HEAD_SHA: 4bea7e3731e7e19ac1741f928f82845332f0fe71
changes	Run execute=true	2026-10-03T19:08:08.0955122Z ##[endgroup]
changes	Run execute=true	2026-10-03T19:08:53.9881196Z From https://github.com/Unjuno/concentration-aware-ns
changes	Run execute=true	2026-10-03T19:08:53.9881672Z  * branch            5ebd81b9ba307415399cb6255ce45c5b221c89f9 -> FETCH_HEAD
changes	Post Run actions/checkout@v5	﻿2026-10-03T19:08:54.0049770Z Post job cleanup.
changes	Post Run actions/checkout@v5	2026-10-03T19:08:54.0807022Z [command]/usr/bin/git version
changes	Post Run actions/checkout@v5	2026-10-03T19:08:54.0847303Z git version 2.55.0
changes	Post Run actions/checkout@v5	2026-10-03T19:08:54.0881867Z Temporarily overriding HOME='/home/runner/work/_temp/38c09c86-54e9-4a5a-b782-fa9f0b9c43ea' before making global git config changes
changes	Post Run actions/checkout@v5	2026-10-03T19:08:54.0882658Z Adding repository directory to the temporary git global config as a safe directory
changes	Post Run actions/checkout@v5	2026-10-03T19:08:54.0887030Z [command]/usr/bin/git config --global --add safe.directory /home/runner/work/concentration-aware-ns/concentration-aware-ns
changes	Post Run actions/checkout@v5	2026-10-03T19:08:54.0922552Z [command]/usr/bin/git config --local --name-only --get-regexp core\.sshCommand
changes	Post Run actions/checkout@v5	2026-10-03T19:08:54.0951977Z [command]/usr/bin/git submodule foreach --recursive sh -c "git config --local --name-only --get-regexp 'core\.sshCommand' && git config --local --unset-all 'core.sshCommand' || :"
changes	Post Run actions/checkout@v5	2026-10-03T19:08:54.1174342Z [command]/usr/bin/git config --local --name-only --get-regexp http\.https\:\/\/github\.com\/\.extraheader
changes	Post Run actions/checkout@v5	2026-10-03T19:08:54.1197129Z http.https://github.com/.extraheader
changes	Post Run actions/checkout@v5	2026-10-03T19:08:54.1207417Z [command]/usr/bin/git config --local --unset-all http.https://github.com/.extraheader
changes	Post Run actions/checkout@v5	2026-10-03T19:08:54.1251112Z [command]/usr/bin/git submodule foreach --recursive sh -c "git config --local --name-only --get-regexp 'http\.https\:\/\/github\.com\/\.extraheader' && git config --local --unset-all 'http.https://github.com/.extraheader' || :"
changes	Post Run actions/checkout@v5	2026-10-03T19:08:54.1465487Z [command]/usr/bin/git config --local --name-only --get-regexp ^includeIf\.gitdir:
changes	Post Run actions/checkout@v5	2026-10-03T19:08:54.1498733Z [command]/usr/bin/git submodule foreach --recursive git config --local --show-origin --name-only --get-regexp remote.origin.url
changes	Complete job	﻿2026-10-03T19:08:54.1867345Z Evaluate and set job outputs
changes	Complete job	2026-10-03T19:08:54.1873264Z Set output 'execute'
changes	Complete job	2026-10-03T19:08:54.1874813Z Cleaning up orphan processes
replay	Set up job	﻿2026-10-03T19:09:09.1104362Z Current runner version: '2.337.0'
replay	Set up job	2026-10-03T19:09:09.1137198Z ##[group]Runner Image Provisioner
replay	Set up job	2026-10-03T19:09:09.1138781Z Hosted Compute Agent
replay	Set up job	2026-10-03T19:09:09.1139467Z Version: 20260901.588
replay	Set up job	2026-10-03T19:09:09.1140223Z Commit: f88ec8081b781fac6c440065ac7ff9e710ce3d0b
replay	Set up job	2026-10-03T19:09:09.1141031Z Build Date: 2026-09-01T19:56:44Z
replay	Set up job	2026-10-03T19:09:09.1141753Z Worker ID: {8f12b345-b0a2-4633-a617-4f0799d854d4}
replay	Set up job	2026-10-03T19:09:09.1142601Z Azure Region: westcentralus
replay	Set up job	2026-10-03T19:09:09.1143232Z ##[endgroup]
replay	Set up job	2026-10-03T19:09:09.1145327Z ##[group]Operating System
replay	Set up job	2026-10-03T19:09:09.1146076Z Ubuntu
replay	Set up job	2026-10-03T19:09:09.1146596Z 24.04.5
replay	Set up job	2026-10-03T19:09:09.1147230Z LTS
replay	Set up job	2026-10-03T19:09:09.1147754Z ##[endgroup]
replay	Set up job	2026-10-03T19:09:09.1148815Z ##[group]Runner Image
replay	Set up job	2026-10-03T19:09:09.1149497Z Image: ubuntu-24.04-arm
replay	Set up job	2026-10-03T19:09:09.1150159Z Version: 20260927.135.1
replay	Set up job	2026-10-03T19:09:09.1151383Z Included Software: https://github.com/actions/runner-images/blob/ubuntu24-arm64/20260927.135/images/ubuntu/Ubuntu2404-Arm64-Readme.md
replay	Set up job	2026-10-03T19:09:09.1153276Z Image Release: https://github.com/actions/runner-images/releases/tag/ubuntu24-arm64%2F20260927.135
replay	Set up job	2026-10-03T19:09:09.1154277Z ##[endgroup]
replay	Set up job	2026-10-03T19:09:09.1155486Z ##[group]GITHUB_TOKEN Permissions
replay	Set up job	2026-10-03T19:09:09.1159741Z Contents: read
replay	Set up job	2026-10-03T19:09:09.1160411Z Metadata: read
replay	Set up job	2026-10-03T19:09:09.1161200Z ##[endgroup]
replay	Set up job	2026-10-03T19:09:09.1163914Z Secret source: Actions
replay	Set up job	2026-10-03T19:09:09.1165094Z Cache mode: write
replay	Set up job	2026-10-03T19:09:09.1166139Z Prepare workflow directory
replay	Set up job	2026-10-03T19:09:09.1566025Z Prepare all required actions
replay	Set up job	2026-10-03T19:09:09.1619552Z Getting action download info
replay	Set up job	2026-10-03T19:09:09.4576177Z Download action repository 'actions/checkout@v5' (SHA:fbc6f3992d24b796d5a048ff273f7fcc4a7b6c09)
replay	Set up job	2026-10-03T19:09:09.5834070Z Download action repository 'actions/setup-python@v6' (SHA:ece7cb06caefa5fff74198d8649806c4678c61a1)
replay	Set up job	2026-10-03T19:09:09.6992955Z Download action repository 'actions/upload-artifact@v4' (SHA:ea165f8d65b6e75b540449e92b4886f43607fa02)
replay	Set up job	2026-10-03T19:09:09.8909842Z Complete job name: replay
replay	Run actions/checkout@v5	﻿2026-10-03T19:09:09.9799024Z ##[group]Run actions/checkout@v5
replay	Run actions/checkout@v5	2026-10-03T19:09:09.9800584Z with:
replay	Run actions/checkout@v5	2026-10-03T19:09:09.9801282Z   ref: 4bea7e3731e7e19ac1741f928f82845332f0fe71
replay	Run actions/checkout@v5	2026-10-03T19:09:09.9802167Z   repository: Unjuno/concentration-aware-ns
replay	Run actions/checkout@v5	2026-10-03T19:09:09.9805898Z   token: ***
replay	Run actions/checkout@v5	2026-10-03T19:09:09.9806427Z   ssh-strict: true
replay	Run actions/checkout@v5	2026-10-03T19:09:09.9807325Z   ssh-user: git
replay	Run actions/checkout@v5	2026-10-03T19:09:09.9807901Z   persist-credentials: true
replay	Run actions/checkout@v5	2026-10-03T19:09:09.9809073Z   clean: true
replay	Run actions/checkout@v5	2026-10-03T19:09:09.9809640Z   sparse-checkout-cone-mode: true
replay	Run actions/checkout@v5	2026-10-03T19:09:09.9810316Z   fetch-depth: 1
replay	Run actions/checkout@v5	2026-10-03T19:09:09.9810958Z   fetch-tags: false
replay	Run actions/checkout@v5	2026-10-03T19:09:09.9811535Z   show-progress: true
replay	Run actions/checkout@v5	2026-10-03T19:09:09.9812134Z   lfs: false
replay	Run actions/checkout@v5	2026-10-03T19:09:09.9812711Z   submodules: false
replay	Run actions/checkout@v5	2026-10-03T19:09:09.9813290Z   set-safe-directory: true
replay	Run actions/checkout@v5	2026-10-03T19:09:09.9813955Z   allow-unsafe-pr-checkout: false
replay	Run actions/checkout@v5	2026-10-03T19:09:09.9815156Z ##[endgroup]
replay	Run actions/checkout@v5	2026-10-03T19:09:10.0713591Z Syncing repository: Unjuno/concentration-aware-ns
replay	Run actions/checkout@v5	2026-10-03T19:09:10.0716063Z ##[group]Getting Git version info
replay	Run actions/checkout@v5	2026-10-03T19:09:10.0717797Z Working directory is '/home/runner/work/concentration-aware-ns/concentration-aware-ns'
replay	Run actions/checkout@v5	2026-10-03T19:09:10.0719750Z [command]/usr/bin/git version
replay	Run actions/checkout@v5	2026-10-03T19:09:10.0820016Z git version 2.55.0
replay	Run actions/checkout@v5	2026-10-03T19:09:10.0823254Z ##[endgroup]
replay	Run actions/checkout@v5	2026-10-03T19:09:10.0833443Z Temporarily overriding HOME='/home/runner/work/_temp/67eb1222-a62a-4a0c-b89b-a79ff588d50b' before making global git config changes
replay	Run actions/checkout@v5	2026-10-03T19:09:10.0839911Z Adding repository directory to the temporary git global config as a safe directory
replay	Run actions/checkout@v5	2026-10-03T19:09:10.0841418Z [command]/usr/bin/git config --global --add safe.directory /home/runner/work/concentration-aware-ns/concentration-aware-ns
replay	Run actions/checkout@v5	2026-10-03T19:09:10.0873185Z Deleting the contents of '/home/runner/work/concentration-aware-ns/concentration-aware-ns'
replay	Run actions/checkout@v5	2026-10-03T19:09:10.0881711Z ##[group]Initializing the repository
replay	Run actions/checkout@v5	2026-10-03T19:09:10.0885463Z [command]/usr/bin/git init /home/runner/work/concentration-aware-ns/concentration-aware-ns
replay	Run actions/checkout@v5	2026-10-03T19:09:10.0962964Z hint: Using 'master' as the name for the initial branch. This default branch name
replay	Run actions/checkout@v5	2026-10-03T19:09:10.0968430Z hint: will change to "main" in Git 3.0. To configure the initial branch name
replay	Run actions/checkout@v5	2026-10-03T19:09:10.0970352Z hint: to use in all of your new repositories, which will suppress this warning,
replay	Run actions/checkout@v5	2026-10-03T19:09:10.0971599Z hint: call:
replay	Run actions/checkout@v5	2026-10-03T19:09:10.0972439Z hint:
replay	Run actions/checkout@v5	2026-10-03T19:09:10.0973342Z hint: 	git config --global init.defaultBranch <name>
replay	Run actions/checkout@v5	2026-10-03T19:09:10.0974393Z hint:
replay	Run actions/checkout@v5	2026-10-03T19:09:10.0975366Z hint: Names commonly chosen instead of 'master' are 'main', 'trunk' and
replay	Run actions/checkout@v5	2026-10-03T19:09:10.0976743Z hint: 'development'. The just-created branch can be renamed via this command:
replay	Run actions/checkout@v5	2026-10-03T19:09:10.0977814Z hint:
replay	Run actions/checkout@v5	2026-10-03T19:09:10.0978859Z hint: 	git branch -m <name>
replay	Run actions/checkout@v5	2026-10-03T19:09:10.0979763Z hint:
replay	Run actions/checkout@v5	2026-10-03T19:09:10.0980824Z hint: Disable this message with "git config set advice.defaultBranchName false"
replay	Run actions/checkout@v5	2026-10-03T19:09:10.0982725Z Initialized empty Git repository in /home/runner/work/concentration-aware-ns/concentration-aware-ns/.git/
replay	Run actions/checkout@v5	2026-10-03T19:09:10.0985629Z [command]/usr/bin/git remote add origin https://github.com/Unjuno/concentration-aware-ns
replay	Run actions/checkout@v5	2026-10-03T19:09:10.1013755Z ##[endgroup]
replay	Run actions/checkout@v5	2026-10-03T19:09:10.1015273Z ##[group]Disabling automatic garbage collection
replay	Run actions/checkout@v5	2026-10-03T19:09:10.1017165Z [command]/usr/bin/git config --local gc.auto 0
replay	Run actions/checkout@v5	2026-10-03T19:09:10.1048420Z ##[endgroup]
replay	Run actions/checkout@v5	2026-10-03T19:09:10.1050073Z ##[group]Setting up auth
replay	Run actions/checkout@v5	2026-10-03T19:09:10.1054325Z [command]/usr/bin/git config --local --name-only --get-regexp core\.sshCommand
replay	Run actions/checkout@v5	2026-10-03T19:09:10.1086259Z [command]/usr/bin/git submodule foreach --recursive sh -c "git config --local --name-only --get-regexp 'core\.sshCommand' && git config --local --unset-all 'core.sshCommand' || :"
replay	Run actions/checkout@v5	2026-10-03T19:09:10.1373310Z [command]/usr/bin/git config --local --name-only --get-regexp http\.https\:\/\/github\.com\/\.extraheader
replay	Run actions/checkout@v5	2026-10-03T19:09:10.1406425Z [command]/usr/bin/git submodule foreach --recursive sh -c "git config --local --name-only --get-regexp 'http\.https\:\/\/github\.com\/\.extraheader' && git config --local --unset-all 'http.https://github.com/.extraheader' || :"
replay	Run actions/checkout@v5	2026-10-03T19:09:10.1607557Z [command]/usr/bin/git config --local --name-only --get-regexp ^includeIf\.gitdir:
replay	Run actions/checkout@v5	2026-10-03T19:09:10.1643033Z [command]/usr/bin/git submodule foreach --recursive git config --local --show-origin --name-only --get-regexp remote.origin.url
replay	Run actions/checkout@v5	2026-10-03T19:09:10.1854484Z [command]/usr/bin/git config --local http.https://github.com/.extraheader AUTHORIZATION: basic ***
replay	Run actions/checkout@v5	2026-10-03T19:09:10.1897590Z ##[endgroup]
replay	Run actions/checkout@v5	2026-10-03T19:09:10.1899754Z ##[group]Fetching the repository
replay	Run actions/checkout@v5	2026-10-03T19:09:10.1907646Z [command]/usr/bin/git -c protocol.version=2 fetch --no-tags --prune --no-recurse-submodules --depth=1 origin 4bea7e3731e7e19ac1741f928f82845332f0fe71
replay	Run actions/checkout@v5	2026-10-03T19:09:55.5897778Z From https://github.com/Unjuno/concentration-aware-ns
replay	Run actions/checkout@v5	2026-10-03T19:09:55.5899607Z  * branch            4bea7e3731e7e19ac1741f928f82845332f0fe71 -> FETCH_HEAD
replay	Run actions/checkout@v5	2026-10-03T19:09:55.5902505Z ##[endgroup]
replay	Run actions/checkout@v5	2026-10-03T19:09:55.5903313Z ##[group]Determining the checkout info
replay	Run actions/checkout@v5	2026-10-03T19:09:55.5904492Z ##[endgroup]
replay	Run actions/checkout@v5	2026-10-03T19:09:55.5917716Z [command]/usr/bin/git sparse-checkout disable
replay	Run actions/checkout@v5	2026-10-03T19:09:55.5963186Z [command]/usr/bin/git config --local --unset-all extensions.worktreeConfig
replay	Run actions/checkout@v5	2026-10-03T19:09:55.5993290Z ##[group]Checking out the ref
replay	Run actions/checkout@v5	2026-10-03T19:09:55.5996436Z [command]/usr/bin/git checkout --progress --force 4bea7e3731e7e19ac1741f928f82845332f0fe71
replay	Run actions/checkout@v5	2026-10-03T19:09:56.6212679Z Updating files:  47% (1017/2132)
replay	Run actions/checkout@v5	2026-10-03T19:09:56.9898707Z Updating files:  48% (1024/2132)
replay	Run actions/checkout@v5	2026-10-03T19:09:57.2558749Z Updating files:  49% (1045/2132)
replay	Run actions/checkout@v5	2026-10-03T19:09:57.4977586Z Updating files:  50% (1066/2132)
replay	Run actions/checkout@v5	2026-10-03T19:09:57.4982878Z Updating files:  51% (1088/2132)
replay	Run actions/checkout@v5	2026-10-03T19:09:57.5213161Z Updating files:  52% (1109/2132)
replay	Run actions/checkout@v5	2026-10-03T19:09:57.5877242Z Updating files:  53% (1130/2132)
replay	Run actions/checkout@v5	2026-10-03T19:09:57.6053909Z Updating files:  54% (1152/2132)
replay	Run actions/checkout@v5	2026-10-03T19:09:57.6098320Z Updating files:  54% (1166/2132)
replay	Run actions/checkout@v5	2026-10-03T19:09:57.6101805Z Updating files:  55% (1173/2132)
replay	Run actions/checkout@v5	2026-10-03T19:09:57.6106642Z Updating files:  56% (1194/2132)
replay	Run actions/checkout@v5	2026-10-03T19:09:57.6129585Z Updating files:  57% (1216/2132)
replay	Run actions/checkout@v5	2026-10-03T19:09:57.6287055Z Updating files:  58% (1237/2132)
replay	Run actions/checkout@v5	2026-10-03T19:09:57.6298307Z Updating files:  59% (1258/2132)
replay	Run actions/checkout@v5	2026-10-03T19:09:57.9982903Z Updating files:  60% (1280/2132)
replay	Run actions/checkout@v5	2026-10-03T19:09:58.0007020Z Updating files:  61% (1301/2132)
replay	Run actions/checkout@v5	2026-10-03T19:09:58.0011692Z Updating files:  62% (1322/2132)
replay	Run actions/checkout@v5	2026-10-03T19:09:58.0016294Z Updating files:  63% (1344/2132)
replay	Run actions/checkout@v5	2026-10-03T19:09:58.0021714Z Updating files:  64% (1365/2132)
replay	Run actions/checkout@v5	2026-10-03T19:09:58.0026886Z Updating files:  65% (1386/2132)
replay	Run actions/checkout@v5	2026-10-03T19:09:58.0060759Z Updating files:  66% (1408/2132)
replay	Run actions/checkout@v5	2026-10-03T19:09:58.0065795Z Updating files:  67% (1429/2132)
replay	Run actions/checkout@v5	2026-10-03T19:09:58.0071949Z Updating files:  68% (1450/2132)
replay	Run actions/checkout@v5	2026-10-03T19:09:58.0078660Z Updating files:  69% (1472/2132)
replay	Run actions/checkout@v5	2026-10-03T19:09:58.0084171Z Updating files:  70% (1493/2132)
replay	Run actions/checkout@v5	2026-10-03T19:09:58.0089548Z Updating files:  71% (1514/2132)
replay	Run actions/checkout@v5	2026-10-03T19:09:58.0097054Z Updating files:  72% (1536/2132)
replay	Run actions/checkout@v5	2026-10-03T19:09:58.0101442Z Updating files:  73% (1557/2132)
replay	Run actions/checkout@v5	2026-10-03T19:09:58.0105358Z Updating files:  74% (1578/2132)
replay	Run actions/checkout@v5	2026-10-03T19:09:58.0113553Z Updating files:  75% (1599/2132)
replay	Run actions/checkout@v5	2026-10-03T19:09:58.0122200Z Updating files:  76% (1621/2132)
replay	Run actions/checkout@v5	2026-10-03T19:09:58.0128758Z Updating files:  77% (1642/2132)
replay	Run actions/checkout@v5	2026-10-03T19:09:58.0135349Z Updating files:  78% (1663/2132)
replay	Run actions/checkout@v5	2026-10-03T19:09:58.0144193Z Updating files:  79% (1685/2132)
replay	Run actions/checkout@v5	2026-10-03T19:09:58.0150662Z Updating files:  80% (1706/2132)
replay	Run actions/checkout@v5	2026-10-03T19:09:58.0155580Z Updating files:  81% (1727/2132)
replay	Run actions/checkout@v5	2026-10-03T19:09:58.0160146Z Updating files:  82% (1749/2132)
replay	Run actions/checkout@v5	2026-10-03T19:09:58.0166583Z Updating files:  83% (1770/2132)
replay	Run actions/checkout@v5	2026-10-03T19:09:58.0172340Z Updating files:  84% (1791/2132)
replay	Run actions/checkout@v5	2026-10-03T19:09:58.0176742Z Updating files:  85% (1813/2132)
replay	Run actions/checkout@v5	2026-10-03T19:09:58.0182169Z Updating files:  86% (1834/2132)
replay	Run actions/checkout@v5	2026-10-03T19:09:58.0186963Z Updating files:  87% (1855/2132)
replay	Run actions/checkout@v5	2026-10-03T19:09:58.0192278Z Updating files:  88% (1877/2132)
replay	Run actions/checkout@v5	2026-10-03T19:09:58.0199123Z Updating files:  89% (1898/2132)
replay	Run actions/checkout@v5	2026-10-03T19:09:58.0205781Z Updating files:  90% (1919/2132)
replay	Run actions/checkout@v5	2026-10-03T19:09:58.0212416Z Updating files:  91% (1941/2132)
replay	Run actions/checkout@v5	2026-10-03T19:09:58.0217705Z Updating files:  92% (1962/2132)
replay	Run actions/checkout@v5	2026-10-03T19:09:58.0224522Z Updating files:  93% (1983/2132)
replay	Run actions/checkout@v5	2026-10-03T19:09:58.0229700Z Updating files:  94% (2005/2132)
replay	Run actions/checkout@v5	2026-10-03T19:09:58.0235126Z Updating files:  95% (2026/2132)
replay	Run actions/checkout@v5	2026-10-03T19:09:58.0243023Z Updating files:  96% (2047/2132)
replay	Run actions/checkout@v5	2026-10-03T19:09:58.0250761Z Updating files:  97% (2069/2132)
replay	Run actions/checkout@v5	2026-10-03T19:09:58.0255881Z Updating files:  98% (2090/2132)
replay	Run actions/checkout@v5	2026-10-03T19:09:58.0266978Z Updating files:  99% (2111/2132)
replay	Run actions/checkout@v5	2026-10-03T19:09:58.0267959Z Updating files: 100% (2132/2132)
replay	Run actions/checkout@v5	2026-10-03T19:09:58.0268768Z Updating files: 100% (2132/2132), done.
replay	Run actions/checkout@v5	2026-10-03T19:09:58.1268483Z Note: switching to '4bea7e3731e7e19ac1741f928f82845332f0fe71'.
replay	Run actions/checkout@v5	2026-10-03T19:09:58.1269330Z 
replay	Run actions/checkout@v5	2026-10-03T19:09:58.1270096Z You are in 'detached HEAD' state. You can look around, make experimental
replay	Run actions/checkout@v5	2026-10-03T19:09:58.1270615Z changes and commit them, and you can discard any commits you make in this
replay	Run actions/checkout@v5	2026-10-03T19:09:58.1271097Z state without impacting any branches by switching back to a branch.
replay	Run actions/checkout@v5	2026-10-03T19:09:58.1271495Z 
replay	Run actions/checkout@v5	2026-10-03T19:09:58.1271689Z If you want to create a new branch to retain commits you create, you may
replay	Run actions/checkout@v5	2026-10-03T19:09:58.1272169Z do so (now or later) by using -c with the switch command. Example:
replay	Run actions/checkout@v5	2026-10-03T19:09:58.1272443Z 
replay	Run actions/checkout@v5	2026-10-03T19:09:58.1272609Z   git switch -c <new-branch-name>
replay	Run actions/checkout@v5	2026-10-03T19:09:58.1272831Z 
replay	Run actions/checkout@v5	2026-10-03T19:09:58.1272966Z Or undo this operation with:
replay	Run actions/checkout@v5	2026-10-03T19:09:58.1273128Z 
replay	Run actions/checkout@v5	2026-10-03T19:09:58.1273236Z   git switch -
replay	Run actions/checkout@v5	2026-10-03T19:09:58.1273408Z 
replay	Run actions/checkout@v5	2026-10-03T19:09:58.1273689Z Turn off this advice by setting config variable advice.detachedHead to false
replay	Run actions/checkout@v5	2026-10-03T19:09:58.1274538Z 
replay	Run actions/checkout@v5	2026-10-03T19:09:58.1275008Z HEAD is now at 4bea7e3 Replay native cellPoint position queries from frozen capture
replay	Run actions/checkout@v5	2026-10-03T19:09:58.1494067Z ##[endgroup]
replay	Run actions/checkout@v5	2026-10-03T19:09:58.1540405Z [command]/usr/bin/git log -1 --format=%H
replay	Run actions/checkout@v5	2026-10-03T19:09:58.1579536Z 4bea7e3731e7e19ac1741f928f82845332f0fe71
replay	Run actions/setup-python@v6	﻿2026-10-03T19:09:58.5189186Z ##[group]Run actions/setup-python@v6
replay	Run actions/setup-python@v6	2026-10-03T19:09:58.5190048Z with:
replay	Run actions/setup-python@v6	2026-10-03T19:09:58.5190298Z   python-version: 3.12
replay	Run actions/setup-python@v6	2026-10-03T19:09:58.5190764Z   check-latest: false
replay	Run actions/setup-python@v6	2026-10-03T19:09:58.5193280Z   token: ***
replay	Run actions/setup-python@v6	2026-10-03T19:09:58.5193587Z   update-environment: true
replay	Run actions/setup-python@v6	2026-10-03T19:09:58.5193915Z   allow-prereleases: false
replay	Run actions/setup-python@v6	2026-10-03T19:09:58.5194182Z   freethreaded: false
replay	Run actions/setup-python@v6	2026-10-03T19:09:58.5194461Z ##[endgroup]
replay	Run actions/setup-python@v6	2026-10-03T19:09:58.6307272Z ##[group]Installed versions
replay	Run actions/setup-python@v6	2026-10-03T19:09:58.6812926Z Successfully set up CPython (3.12.14)
replay	Run actions/setup-python@v6	2026-10-03T19:09:58.6813840Z ##[endgroup]
replay	Install locked dependencies	﻿2026-10-03T19:09:58.6957281Z ##[group]Run python -m pip install -r requirements-verification-locked.txt
replay	Install locked dependencies	2026-10-03T19:09:58.6958462Z ^[[36;1mpython -m pip install -r requirements-verification-locked.txt^[[0m
replay	Install locked dependencies	2026-10-03T19:09:58.7216635Z shell: /usr/bin/bash -e {0}
replay	Install locked dependencies	2026-10-03T19:09:58.7217359Z env:
replay	Install locked dependencies	2026-10-03T19:09:58.7217699Z   pythonLocation: /opt/hostedtoolcache/Python/3.12.14/arm64
replay	Install locked dependencies	2026-10-03T19:09:58.7218584Z   PKG_CONFIG_PATH: /opt/hostedtoolcache/Python/3.12.14/arm64/lib/pkgconfig
replay	Install locked dependencies	2026-10-03T19:09:58.7219150Z   Python_ROOT_DIR: /opt/hostedtoolcache/Python/3.12.14/arm64
replay	Install locked dependencies	2026-10-03T19:09:58.7219562Z   Python2_ROOT_DIR: /opt/hostedtoolcache/Python/3.12.14/arm64
replay	Install locked dependencies	2026-10-03T19:09:58.7220056Z   Python3_ROOT_DIR: /opt/hostedtoolcache/Python/3.12.14/arm64
replay	Install locked dependencies	2026-10-03T19:09:58.7220492Z   LD_LIBRARY_PATH: /opt/hostedtoolcache/Python/3.12.14/arm64/lib
replay	Install locked dependencies	2026-10-03T19:09:58.7220866Z ##[endgroup]
replay	Install locked dependencies	2026-10-03T19:10:01.6014025Z Collecting numpy<3,>=1.26 (from -r /home/runner/work/concentration-aware-ns/concentration-aware-ns/requirements.txt (line 1))
replay	Install locked dependencies	2026-10-03T19:10:01.7020999Z   Downloading numpy-2.5.3-cp312-cp312-manylinux_2_27_aarch64.manylinux_2_28_aarch64.whl.metadata (6.6 kB)
replay	Install locked dependencies	2026-10-03T19:10:01.7318581Z Collecting sympy==1.14.0 (from -r /home/runner/work/concentration-aware-ns/concentration-aware-ns/requirements-verification.txt (line 2))
replay	Install locked dependencies	2026-10-03T19:10:01.7511500Z   Downloading sympy-1.14.0-py3-none-any.whl.metadata (12 kB)
replay	Install locked dependencies	2026-10-03T19:10:01.8610995Z Collecting scipy==1.16.2 (from -r /home/runner/work/concentration-aware-ns/concentration-aware-ns/requirements-verification.txt (line 3))
replay	Install locked dependencies	2026-10-03T19:10:01.8813000Z   Downloading scipy-1.16.2-cp312-cp312-manylinux2014_aarch64.manylinux_2_17_aarch64.whl.metadata (62 kB)
replay	Install locked dependencies	2026-10-03T19:10:01.9519682Z Collecting python-flint==0.9.0 (from -r /home/runner/work/concentration-aware-ns/concentration-aware-ns/requirements-verification.txt (line 4))
replay	Install locked dependencies	2026-10-03T19:10:01.9716955Z   Downloading python_flint-0.9.0-cp310-abi3-manylinux_2_27_aarch64.manylinux_2_28_aarch64.whl.metadata (23 kB)
replay	Install locked dependencies	2026-10-03T19:10:02.0087112Z Collecting pytest==9.1.1 (from -r /home/runner/work/concentration-aware-ns/concentration-aware-ns/requirements-verification.txt (line 5))
replay	Install locked dependencies	2026-10-03T19:10:02.0283496Z   Downloading pytest-9.1.1-py3-none-any.whl.metadata (7.6 kB)
replay	Install locked dependencies	2026-10-03T19:10:02.0341009Z Collecting numpy<3,>=1.26 (from -r /home/runner/work/concentration-aware-ns/concentration-aware-ns/requirements.txt (line 1))
replay	Install locked dependencies	2026-10-03T19:10:02.0542517Z   Downloading numpy-2.5.2-cp312-cp312-manylinux_2_27_aarch64.manylinux_2_28_aarch64.whl.metadata (6.6 kB)
replay	Install locked dependencies	2026-10-03T19:10:02.0820210Z Collecting mpmath==1.3.0 (from -r requirements-verification-locked.txt (line 5))
replay	Install locked dependencies	2026-10-03T19:10:02.1014083Z   Downloading mpmath-1.3.0-py3-none-any.whl.metadata (8.6 kB)
replay	Install locked dependencies	2026-10-03T19:10:02.1283034Z Collecting iniconfig==2.3.0 (from -r requirements-verification-locked.txt (line 7))
replay	Install locked dependencies	2026-10-03T19:10:02.1472357Z   Downloading iniconfig-2.3.0-py3-none-any.whl.metadata (2.5 kB)
replay	Install locked dependencies	2026-10-03T19:10:02.1759196Z Collecting packaging==26.3 (from -r requirements-verification-locked.txt (line 8))
replay	Install locked dependencies	2026-10-03T19:10:02.1952192Z   Downloading packaging-26.3-py3-none-any.whl.metadata (3.5 kB)
replay	Install locked dependencies	2026-10-03T19:10:02.2227896Z Collecting pluggy==1.6.0 (from -r requirements-verification-locked.txt (line 9))
replay	Install locked dependencies	2026-10-03T19:10:02.2416725Z   Downloading pluggy-1.6.0-py3-none-any.whl.metadata (4.8 kB)
replay	Install locked dependencies	2026-10-03T19:10:02.2721925Z Collecting Pygments==2.21.0 (from -r requirements-verification-locked.txt (line 10))
replay	Install locked dependencies	2026-10-03T19:10:02.2912467Z   Downloading pygments-2.21.0-py3-none-any.whl.metadata (2.5 kB)
replay	Install locked dependencies	2026-10-03T19:10:02.3236518Z Downloading numpy-2.5.2-cp312-cp312-manylinux_2_27_aarch64.manylinux_2_28_aarch64.whl (15.6 MB)
replay	Install locked dependencies	2026-10-03T19:10:02.6054001Z    ━━━━━━━━━━━━━━━━━━━━━━━━━━━━━━━━━━━━━━━━ 15.6/15.6 MB 63.3 MB/s  0:00:00
replay	Install locked dependencies	2026-10-03T19:10:02.6245197Z Downloading sympy-1.14.0-py3-none-any.whl (6.3 MB)
replay	Install locked dependencies	2026-10-03T19:10:02.6599232Z    ━━━━━━━━━━━━━━━━━━━━━━━━━━━━━━━━━━━━━━━━ 6.3/6.3 MB 182.9 MB/s  0:00:00
replay	Install locked dependencies	2026-10-03T19:10:02.6792795Z Downloading mpmath-1.3.0-py3-none-any.whl (536 kB)
replay	Install locked dependencies	2026-10-03T19:10:02.6845555Z    ━━━━━━━━━━━━━━━━━━━━━━━━━━━━━━━━━━━━━━━━ 536.2/536.2 kB 83.0 MB/s  0:00:00
replay	Install locked dependencies	2026-10-03T19:10:02.7059502Z Downloading scipy-1.16.2-cp312-cp312-manylinux2014_aarch64.manylinux_2_17_aarch64.whl (33.3 MB)
replay	Install locked dependencies	2026-10-03T19:10:05.6463405Z    ━━━━━━━━━━━━━━━━━━━━━━━━━━━━━━━━━━━━━━━━ 33.3/33.3 MB 11.3 MB/s  0:00:02
replay	Install locked dependencies	2026-10-03T19:10:05.6784603Z Downloading python_flint-0.9.0-cp310-abi3-manylinux_2_27_aarch64.manylinux_2_28_aarch64.whl (10.1 MB)
replay	Install locked dependencies	2026-10-03T19:10:06.0211152Z    ━━━━━━━━━━━━━━━━━━━━━━━━━━━━━━━━━━━━━━━━ 10.1/10.1 MB 29.4 MB/s  0:00:00
replay	Install locked dependencies	2026-10-03T19:10:06.0448825Z Downloading pytest-9.1.1-py3-none-any.whl (386 kB)
replay	Install locked dependencies	2026-10-03T19:10:06.0676170Z Downloading pluggy-1.6.0-py3-none-any.whl (20 kB)
replay	Install locked dependencies	2026-10-03T19:10:06.0890067Z Downloading iniconfig-2.3.0-py3-none-any.whl (7.5 kB)
replay	Install locked dependencies	2026-10-03T19:10:06.1111881Z Downloading packaging-26.3-py3-none-any.whl (129 kB)
replay	Install locked dependencies	2026-10-03T19:10:06.1352080Z Downloading pygments-2.21.0-py3-none-any.whl (1.3 MB)
replay	Install locked dependencies	2026-10-03T19:10:06.1443582Z    ━━━━━━━━━━━━━━━━━━━━━━━━━━━━━━━━━━━━━━━━ 1.3/1.3 MB 144.0 MB/s  0:00:00
replay	Install locked dependencies	2026-10-03T19:10:06.3906369Z Installing collected packages: mpmath, sympy, python-flint, Pygments, pluggy, packaging, numpy, iniconfig, scipy, pytest
replay	Install locked dependencies	2026-10-03T19:10:17.7424579Z 
replay	Install locked dependencies	2026-10-03T19:10:17.7438944Z Successfully installed Pygments-2.21.0 iniconfig-2.3.0 mpmath-1.3.0 numpy-2.5.2 packaging-26.3 pluggy-1.6.0 pytest-9.1.1 python-flint-0.9.0 scipy-1.16.2 sympy-1.14.0
replay	Download frozen capture and source	﻿2026-10-03T19:10:17.8209802Z ##[group]Run mkdir -p work
replay	Download frozen capture and source	2026-10-03T19:10:17.8210262Z ^[[36;1mmkdir -p work^[[0m
replay	Download frozen capture and source	2026-10-03T19:10:17.8211121Z ^[[36;1mcurl --fail --location --retry 3 -o work/capture.tar.gz https://github.com/Unjuno/concentration-aware-ns/releases/download/of13-cell-point-capture-v1-4999a4d/cell-point-capture-n16-4999a4d.tar.gz^[[0m
replay	Download frozen capture and source	2026-10-03T19:10:17.8212363Z ^[[36;1mecho 'ad1fb32afd6e9cb1f799945fa2967d09150fc567bd3daa11e0a62029a268e830  work/capture.tar.gz' | sha256sum -c -^[[0m
replay	Download frozen capture and source	2026-10-03T19:10:17.8212923Z ^[[36;1mgit init work/pinned-of13^[[0m
replay	Download frozen capture and source	2026-10-03T19:10:17.8213384Z ^[[36;1mgit -C work/pinned-of13 remote add origin https://github.com/OpenFOAM/OpenFOAM-13.git^[[0m
replay	Download frozen capture and source	2026-10-03T19:10:17.8214089Z ^[[36;1mgit -C work/pinned-of13 fetch --filter=blob:none --depth=1 origin 18870c24d21c6b982e2cdec27b2f59738cca5f90^[[0m
replay	Download frozen capture and source	2026-10-03T19:10:17.8272489Z shell: /usr/bin/bash --noprofile --norc -e -o pipefail {0}
replay	Download frozen capture and source	2026-10-03T19:10:17.8272877Z env:
replay	Download frozen capture and source	2026-10-03T19:10:17.8273247Z   pythonLocation: /opt/hostedtoolcache/Python/3.12.14/arm64
replay	Download frozen capture and source	2026-10-03T19:10:17.8273820Z   PKG_CONFIG_PATH: /opt/hostedtoolcache/Python/3.12.14/arm64/lib/pkgconfig
replay	Download frozen capture and source	2026-10-03T19:10:17.8274304Z   Python_ROOT_DIR: /opt/hostedtoolcache/Python/3.12.14/arm64
replay	Download frozen capture and source	2026-10-03T19:10:17.8274704Z   Python2_ROOT_DIR: /opt/hostedtoolcache/Python/3.12.14/arm64
replay	Download frozen capture and source	2026-10-03T19:10:17.8275101Z   Python3_ROOT_DIR: /opt/hostedtoolcache/Python/3.12.14/arm64
replay	Download frozen capture and source	2026-10-03T19:10:17.8275583Z   LD_LIBRARY_PATH: /opt/hostedtoolcache/Python/3.12.14/arm64/lib
replay	Download frozen capture and source	2026-10-03T19:10:17.8275924Z ##[endgroup]
replay	Download frozen capture and source	2026-10-03T19:10:17.8415610Z   % Total    % Received % Xferd  Average Speed   Time    Time     Time  Current
replay	Download frozen capture and source	2026-10-03T19:10:17.8416589Z                                  Dload  Upload   Total   Spent    Left  Speed
replay	Download frozen capture and source	2026-10-03T19:10:17.8416844Z 
replay	Download frozen capture and source	2026-10-03T19:10:18.0851919Z   0     0    0     0    0     0      0      0 --:--:-- --:--:-- --:--:--     0
replay	Download frozen capture and source	2026-10-03T19:10:18.0852647Z   0     0    0     0    0     0      0      0 --:--:-- --:--:-- --:--:--     0
replay	Download frozen capture and source	2026-10-03T19:10:18.5801190Z 
replay	Download frozen capture and source	2026-10-03T19:10:18.5802250Z 100 16.4M  100 16.4M    0     0  22.2M      0 --:--:-- --:--:-- --:--:-- 22.2M
replay	Download frozen capture and source	2026-10-03T19:10:18.5959180Z work/capture.tar.gz: OK
replay	Download frozen capture and source	2026-10-03T19:10:18.5986008Z hint: Using 'master' as the name for the initial branch. This default branch name
replay	Download frozen capture and source	2026-10-03T19:10:18.5986587Z hint: will change to "main" in Git 3.0. To configure the initial branch name
replay	Download frozen capture and source	2026-10-03T19:10:18.5987087Z hint: to use in all of your new repositories, which will suppress this warning,
replay	Download frozen capture and source	2026-10-03T19:10:18.5987526Z hint: call:
replay	Download frozen capture and source	2026-10-03T19:10:18.5987786Z hint:
replay	Download frozen capture and source	2026-10-03T19:10:18.5988351Z hint: 	git config --global init.defaultBranch <name>
replay	Download frozen capture and source	2026-10-03T19:10:18.5988712Z hint:
replay	Download frozen capture and source	2026-10-03T19:10:18.5989004Z hint: Names commonly chosen instead of 'master' are 'main', 'trunk' and
replay	Download frozen capture and source	2026-10-03T19:10:18.5989558Z hint: 'development'. The just-created branch can be renamed via this command:
replay	Download frozen capture and source	2026-10-03T19:10:18.5989987Z hint:
replay	Download frozen capture and source	2026-10-03T19:10:18.5990222Z hint: 	git branch -m <name>
replay	Download frozen capture and source	2026-10-03T19:10:18.5990477Z hint:
replay	Download frozen capture and source	2026-10-03T19:10:18.5990802Z hint: Disable this message with "git config set advice.defaultBranchName false"
replay	Download frozen capture and source	2026-10-03T19:10:18.5992011Z Initialized empty Git repository in /home/runner/work/concentration-aware-ns/concentration-aware-ns/work/pinned-of13/.git/
replay	Download frozen capture and source	2026-10-03T19:10:19.3829701Z From https://github.com/OpenFOAM/OpenFOAM-13
replay	Download frozen capture and source	2026-10-03T19:10:19.3830263Z  * branch            18870c24d21c6b982e2cdec27b2f59738cca5f90 -> FETCH_HEAD
replay	Build pinned ARM64 runtime	﻿2026-10-03T19:10:19.3893750Z ##[group]Run mkdir -p evidence/cell-point-query-build
replay	Build pinned ARM64 runtime	2026-10-03T19:10:19.3894289Z ^[[36;1mmkdir -p evidence/cell-point-query-build^[[0m
replay	Build pinned ARM64 runtime	2026-10-03T19:10:19.3894639Z ^[[36;1mset -o pipefail^[[0m
replay	Build pinned ARM64 runtime	2026-10-03T19:10:19.3895447Z ^[[36;1mdocker build --platform linux/arm64 -t concentration-aware-ns:of13-cell-point-query-v1 runtime/of13-interface-operator 2>&1 | tee evidence/cell-point-query-build/build.log^[[0m
replay	Build pinned ARM64 runtime	2026-10-03T19:10:19.3896494Z ^[[36;1mdocker image inspect concentration-aware-ns:of13-cell-point-query-v1 > evidence/cell-point-query-build/image.json^[[0m
replay	Build pinned ARM64 runtime	2026-10-03T19:10:19.3933966Z shell: /usr/bin/bash --noprofile --norc -e -o pipefail {0}
replay	Build pinned ARM64 runtime	2026-10-03T19:10:19.3934395Z env:
replay	Build pinned ARM64 runtime	2026-10-03T19:10:19.3934867Z   pythonLocation: /opt/hostedtoolcache/Python/3.12.14/arm64
replay	Build pinned ARM64 runtime	2026-10-03T19:10:19.3935318Z   PKG_CONFIG_PATH: /opt/hostedtoolcache/Python/3.12.14/arm64/lib/pkgconfig
replay	Build pinned ARM64 runtime	2026-10-03T19:10:19.3935799Z   Python_ROOT_DIR: /opt/hostedtoolcache/Python/3.12.14/arm64
replay	Build pinned ARM64 runtime	2026-10-03T19:10:19.3936215Z   Python2_ROOT_DIR: /opt/hostedtoolcache/Python/3.12.14/arm64
replay	Build pinned ARM64 runtime	2026-10-03T19:10:19.3936785Z   Python3_ROOT_DIR: /opt/hostedtoolcache/Python/3.12.14/arm64
replay	Build pinned ARM64 runtime	2026-10-03T19:10:19.3937220Z   LD_LIBRARY_PATH: /opt/hostedtoolcache/Python/3.12.14/arm64/lib
replay	Build pinned ARM64 runtime	2026-10-03T19:10:19.3937584Z ##[endgroup]
replay	Build pinned ARM64 runtime	2026-10-03T19:10:19.8213689Z #0 building with "default" instance using docker driver
replay	Build pinned ARM64 runtime	2026-10-03T19:10:19.8214102Z 
replay	Build pinned ARM64 runtime	2026-10-03T19:10:19.8214258Z #1 [internal] load build definition from Dockerfile
replay	Build pinned ARM64 runtime	2026-10-03T19:10:19.8214922Z #1 transferring dockerfile: 1.06kB 0.0s done
replay	Build pinned ARM64 runtime	2026-10-03T19:10:19.8219540Z #1 DONE 0.0s
replay	Build pinned ARM64 runtime	2026-10-03T19:10:19.8219725Z 
replay	Build pinned ARM64 runtime	2026-10-03T19:10:19.8220105Z #2 [auth] library/ubuntu:pull token for registry-1.docker.io
replay	Build pinned ARM64 runtime	2026-10-03T19:10:19.9724736Z #2 DONE 0.0s
replay	Build pinned ARM64 runtime	2026-10-03T19:10:19.9725020Z 
replay	Build pinned ARM64 runtime	2026-10-03T19:10:19.9725473Z #3 [internal] load metadata for docker.io/library/ubuntu:24.04@sha256:33ceb71981b602c1a7443a53469e4dba065f7503eab3078a2d7a57a2ab987517
replay	Build pinned ARM64 runtime	2026-10-03T19:10:20.3888824Z #3 DONE 0.7s
replay	Build pinned ARM64 runtime	2026-10-03T19:10:20.5042879Z 
replay	Build pinned ARM64 runtime	2026-10-03T19:10:20.5044335Z #4 [internal] load .dockerignore
replay	Build pinned ARM64 runtime	2026-10-03T19:10:20.5045076Z #4 transferring context: 2B done
replay	Build pinned ARM64 runtime	2026-10-03T19:10:20.5045363Z #4 DONE 0.0s
replay	Build pinned ARM64 runtime	2026-10-03T19:10:20.5045923Z 
replay	Build pinned ARM64 runtime	2026-10-03T19:10:20.5046048Z #5 [internal] load build context
replay	Build pinned ARM64 runtime	2026-10-03T19:10:20.5046388Z #5 transferring context: 744B done
replay	Build pinned ARM64 runtime	2026-10-03T19:10:20.5046699Z #5 DONE 0.0s
replay	Build pinned ARM64 runtime	2026-10-03T19:10:20.5046830Z 
replay	Build pinned ARM64 runtime	2026-10-03T19:10:20.5047159Z #6 [1/4] FROM docker.io/library/ubuntu:24.04@sha256:33ceb71981b602c1a7443a53469e4dba065f7503eab3078a2d7a57a2ab987517
replay	Build pinned ARM64 runtime	2026-10-03T19:10:20.5047985Z #6 resolve docker.io/library/ubuntu:24.04@sha256:33ceb71981b602c1a7443a53469e4dba065f7503eab3078a2d7a57a2ab987517 done
replay	Build pinned ARM64 runtime	2026-10-03T19:10:20.5049550Z #6 sha256:5b8c0c14690ed170da4e663fe0bae0d58efe59661e791296ffab28ed2113b650 2.07kB / 2.07kB done
replay	Build pinned ARM64 runtime	2026-10-03T19:10:20.5050349Z #6 sha256:0b613318ea879878918380aa3aeb220dfe824e311b83bc955cb8a1d4319650ab 0B / 28.89MB 0.1s
replay	Build pinned ARM64 runtime	2026-10-03T19:10:20.5050984Z #6 sha256:33ceb71981b602c1a7443a53469e4dba065f7503eab3078a2d7a57a2ab987517 6.69kB / 6.69kB done
replay	Build pinned ARM64 runtime	2026-10-03T19:10:20.5051602Z #6 sha256:95fa486768020359141f1318720f43e7982ef926c792891d984aef9aaf05e7ea 424B / 424B done
replay	Build pinned ARM64 runtime	2026-10-03T19:10:20.7114809Z #6 sha256:0b613318ea879878918380aa3aeb220dfe824e311b83bc955cb8a1d4319650ab 16.78MB / 28.89MB 0.3s
replay	Build pinned ARM64 runtime	2026-10-03T19:10:20.8607604Z #6 sha256:0b613318ea879878918380aa3aeb220dfe824e311b83bc955cb8a1d4319650ab 28.89MB / 28.89MB 0.4s
replay	Build pinned ARM64 runtime	2026-10-03T19:10:20.8608599Z #6 extracting sha256:0b613318ea879878918380aa3aeb220dfe824e311b83bc955cb8a1d4319650ab
replay	Build pinned ARM64 runtime	2026-10-03T19:10:20.9645309Z #6 sha256:0b613318ea879878918380aa3aeb220dfe824e311b83bc955cb8a1d4319650ab 28.89MB / 28.89MB 0.4s done
replay	Build pinned ARM64 runtime	2026-10-03T19:10:21.7702166Z #6 extracting sha256:0b613318ea879878918380aa3aeb220dfe824e311b83bc955cb8a1d4319650ab 0.8s done
replay	Build pinned ARM64 runtime	2026-10-03T19:10:22.0382851Z #6 DONE 1.6s
replay	Build pinned ARM64 runtime	2026-10-03T19:10:22.1906140Z 
replay	Build pinned ARM64 runtime	2026-10-03T19:10:22.1907093Z #7 [2/4] COPY fetch_pinned_package.sh /usr/local/bin/fetch-pinned-openfoam-package
replay	Build pinned ARM64 runtime	2026-10-03T19:10:24.5130893Z #7 DONE 2.5s
replay	Build pinned ARM64 runtime	2026-10-03T19:10:24.6652238Z 
replay	Build pinned ARM64 runtime	2026-10-03T19:10:24.6655639Z #8 [3/4] RUN test "$(dpkg --print-architecture)" = arm64  && apt-get update  && apt-get install -y --no-install-recommends ca-certificates curl  && /bin/bash /usr/local/bin/fetch-pinned-openfoam-package       https://dl.openfoam.org/ubuntu/dists/noble/main/binary-arm64/openfoam13_20260624_arm64.deb       6da0f6460fbc33c8995cbc97caba52c6cb0342f52ed02ff57530d9d62e9ef360 /tmp/openfoam13.deb  && apt-get install -y --no-install-recommends /tmp/openfoam13.deb  && dpkg-query -W > /opt/package-versions.txt  && rm /tmp/openfoam13.deb  && find /var/lib/apt/lists -type f -delete
replay	Build pinned ARM64 runtime	2026-10-03T19:10:25.0232192Z #8 0.509 Get:1 http://ports.ubuntu.com/ubuntu-ports noble InRelease [256 kB]
replay	Build pinned ARM64 runtime	2026-10-03T19:10:25.8265549Z #8 1.312 Get:2 http://ports.ubuntu.com/ubuntu-ports noble-updates InRelease [126 kB]
replay	Build pinned ARM64 runtime	2026-10-03T19:10:26.0214965Z #8 1.507 Get:3 http://ports.ubuntu.com/ubuntu-ports noble-backports InRelease [126 kB]
replay	Build pinned ARM64 runtime	2026-10-03T19:10:26.2171093Z #8 1.703 Get:4 http://ports.ubuntu.com/ubuntu-ports noble-security InRelease [126 kB]
replay	Build pinned ARM64 runtime	2026-10-03T19:10:26.4164931Z #8 1.902 Get:5 http://ports.ubuntu.com/ubuntu-ports noble/universe arm64 Packages [19.0 MB]
replay	Build pinned ARM64 runtime	2026-10-03T19:10:27.8699710Z #8 3.356 Get:6 http://ports.ubuntu.com/ubuntu-ports noble/main arm64 Packages [1776 kB]
replay	Build pinned ARM64 runtime	2026-10-03T19:10:27.9825088Z #8 3.370 Get:7 http://ports.ubuntu.com/ubuntu-ports noble/restricted arm64 Packages [113 kB]
replay	Build pinned ARM64 runtime	2026-10-03T19:10:27.9826315Z #8 3.371 Get:8 http://ports.ubuntu.com/ubuntu-ports noble/multiverse arm64 Packages [274 kB]
replay	Build pinned ARM64 runtime	2026-10-03T19:10:27.9832914Z #8 3.374 Get:9 http://ports.ubuntu.com/ubuntu-ports noble-updates/universe arm64 Packages [2201 kB]
replay	Build pinned ARM64 runtime	2026-10-03T19:10:27.9834273Z #8 3.400 Get:10 http://ports.ubuntu.com/ubuntu-ports noble-updates/main arm64 Packages [1753 kB]
replay	Build pinned ARM64 runtime	2026-10-03T19:10:27.9835019Z #8 3.468 Get:11 http://ports.ubuntu.com/ubuntu-ports noble-updates/multiverse arm64 Packages [94.8 kB]
replay	Build pinned ARM64 runtime	2026-10-03T19:10:28.1528648Z #8 3.469 Get:12 http://ports.ubuntu.com/ubuntu-ports noble-updates/restricted arm64 Packages [3122 kB]
replay	Build pinned ARM64 runtime	2026-10-03T19:10:28.1529580Z #8 3.500 Get:13 http://ports.ubuntu.com/ubuntu-ports noble-backports/main arm64 Packages [49.0 kB]
replay	Build pinned ARM64 runtime	2026-10-03T19:10:28.1530285Z #8 3.500 Get:14 http://ports.ubuntu.com/ubuntu-ports noble-backports/universe arm64 Packages [36.3 kB]
replay	Build pinned ARM64 runtime	2026-10-03T19:10:28.1531443Z #8 3.501 Get:15 http://ports.ubuntu.com/ubuntu-ports noble-backports/multiverse arm64 Packages [671 B]
replay	Build pinned ARM64 runtime	2026-10-03T19:10:28.1532111Z #8 3.638 Get:16 http://ports.ubuntu.com/ubuntu-ports noble-security/restricted arm64 Packages [2886 kB]
replay	Build pinned ARM64 runtime	2026-10-03T19:10:28.3288293Z #8 3.655 Get:17 http://ports.ubuntu.com/ubuntu-ports noble-security/main arm64 Packages [1388 kB]
replay	Build pinned ARM64 runtime	2026-10-03T19:10:28.3289099Z #8 3.663 Get:18 http://ports.ubuntu.com/ubuntu-ports noble-security/multiverse arm64 Packages [89.7 kB]
replay	Build pinned ARM64 runtime	2026-10-03T19:10:28.3290312Z #8 3.664 Get:19 http://ports.ubuntu.com/ubuntu-ports noble-security/universe arm64 Packages [1624 kB]
replay	Build pinned ARM64 runtime	2026-10-03T19:10:28.7837078Z #8 4.269 Fetched 35.1 MB in 4s (8445 kB/s)
replay	Build pinned ARM64 runtime	2026-10-03T19:10:29.6080257Z #8 4.269 Reading package lists...
replay	Build pinned ARM64 runtime	2026-10-03T19:10:30.4467177Z #8 5.110 Reading package lists...
replay	Build pinned ARM64 runtime	2026-10-03T19:10:30.7334705Z #8 5.942 Building dependency tree...
replay	Build pinned ARM64 runtime	2026-10-03T19:10:30.7335480Z #8 6.219 Reading state information...
replay	Build pinned ARM64 runtime	2026-10-03T19:10:31.0182094Z #8 6.504 The following additional packages will be installed:
replay	Build pinned ARM64 runtime	2026-10-03T19:10:31.2102494Z #8 6.504   libbrotli1 libcurl4t64 libgssapi-krb5-2 libk5crypto3 libkeyutils1 libkrb5-3
replay	Build pinned ARM64 runtime	2026-10-03T19:10:31.2103194Z #8 6.504   libkrb5support0 libldap2 libnghttp2-14 libpsl5t64 librtmp1 libsasl2-2
replay	Build pinned ARM64 runtime	2026-10-03T19:10:31.2103726Z #8 6.505   libsasl2-modules-db libssh-4 libssl3t64 openssl
replay	Build pinned ARM64 runtime	2026-10-03T19:10:31.2104150Z #8 6.506 Suggested packages:
replay	Build pinned ARM64 runtime	2026-10-03T19:10:31.2104446Z #8 6.506   krb5-doc krb5-user
replay	Build pinned ARM64 runtime	2026-10-03T19:10:31.2104805Z #8 6.506 Recommended packages:
replay	Build pinned ARM64 runtime	2026-10-03T19:10:31.2105162Z #8 6.506   krb5-locales libldap-common publicsuffix libsasl2-modules
replay	Build pinned ARM64 runtime	2026-10-03T19:10:31.2105677Z #8 6.543 The following NEW packages will be installed:
replay	Build pinned ARM64 runtime	2026-10-03T19:10:31.2106129Z #8 6.544   ca-certificates curl libbrotli1 libcurl4t64 libgssapi-krb5-2 libk5crypto3
replay	Build pinned ARM64 runtime	2026-10-03T19:10:31.2107128Z #8 6.544   libkeyutils1 libkrb5-3 libkrb5support0 libldap2 libnghttp2-14 libpsl5t64
replay	Build pinned ARM64 runtime	2026-10-03T19:10:31.2107647Z #8 6.544   librtmp1 libsasl2-2 libsasl2-modules-db libssh-4 openssl
replay	Build pinned ARM64 runtime	2026-10-03T19:10:31.2108309Z #8 6.545 The following packages will be upgraded:
replay	Build pinned ARM64 runtime	2026-10-03T19:10:31.2108685Z #8 6.545   libssl3t64
replay	Build pinned ARM64 runtime	2026-10-03T19:10:31.4771208Z #8 6.963 1 upgraded, 17 newly installed, 0 to remove and 31 not upgraded.
replay	Build pinned ARM64 runtime	2026-10-03T19:10:31.4771868Z #8 6.963 Need to get 5137 kB of archives.
replay	Build pinned ARM64 runtime	2026-10-03T19:10:31.4772292Z #8 6.963 After this operation, 8790 kB of additional disk space will be used.
replay	Build pinned ARM64 runtime	2026-10-03T19:10:31.4773016Z #8 6.963 Get:1 http://ports.ubuntu.com/ubuntu-ports noble-updates/main arm64 libssl3t64 arm64 3.0.13-0ubuntu3.16 [1838 kB]
replay	Build pinned ARM64 runtime	2026-10-03T19:10:32.9768407Z #8 8.463 Get:2 http://ports.ubuntu.com/ubuntu-ports noble-updates/main arm64 openssl arm64 3.0.13-0ubuntu3.16 [985 kB]
replay	Build pinned ARM64 runtime	2026-10-03T19:10:33.1296036Z #8 8.615 Get:3 http://ports.ubuntu.com/ubuntu-ports noble-updates/main arm64 ca-certificates all 20260601~24.04.1 [139 kB]
replay	Build pinned ARM64 runtime	2026-10-03T19:10:33.2635151Z #8 8.628 Get:4 http://ports.ubuntu.com/ubuntu-ports noble-updates/main arm64 libkrb5support0 arm64 1.20.1-6ubuntu2.10 [35.4 kB]
replay	Build pinned ARM64 runtime	2026-10-03T19:10:33.2636193Z #8 8.631 Get:5 http://ports.ubuntu.com/ubuntu-ports noble-updates/main arm64 libk5crypto3 arm64 1.20.1-6ubuntu2.10 [85.8 kB]
replay	Build pinned ARM64 runtime	2026-10-03T19:10:33.2637396Z #8 8.638 Get:6 http://ports.ubuntu.com/ubuntu-ports noble/main arm64 libkeyutils1 arm64 1.6.3-3build1 [9654 B]
replay	Build pinned ARM64 runtime	2026-10-03T19:10:33.2638434Z #8 8.639 Get:7 http://ports.ubuntu.com/ubuntu-ports noble-updates/main arm64 libkrb5-3 arm64 1.20.1-6ubuntu2.10 [350 kB]
replay	Build pinned ARM64 runtime	2026-10-03T19:10:33.2639314Z #8 8.671 Get:8 http://ports.ubuntu.com/ubuntu-ports noble-updates/main arm64 libgssapi-krb5-2 arm64 1.20.1-6ubuntu2.10 [142 kB]
replay	Build pinned ARM64 runtime	2026-10-03T19:10:33.2640194Z #8 8.749 Get:9 http://ports.ubuntu.com/ubuntu-ports noble-updates/main arm64 libnghttp2-14 arm64 1.59.0-1ubuntu0.4 [74.8 kB]
replay	Build pinned ARM64 runtime	2026-10-03T19:10:33.4179016Z #8 8.753 Get:10 http://ports.ubuntu.com/ubuntu-ports noble/main arm64 libpsl5t64 arm64 0.21.2-1.1build1 [57.4 kB]
replay	Build pinned ARM64 runtime	2026-10-03T19:10:33.4180235Z #8 8.757 Get:11 http://ports.ubuntu.com/ubuntu-ports noble/main arm64 libbrotli1 arm64 1.1.0-2build2 [339 kB]
replay	Build pinned ARM64 runtime	2026-10-03T19:10:33.4181275Z #8 8.776 Get:12 http://ports.ubuntu.com/ubuntu-ports noble-updates/main arm64 libsasl2-modules-db arm64 2.1.28+dfsg1-5ubuntu3.1 [21.6 kB]
replay	Build pinned ARM64 runtime	2026-10-03T19:10:33.4182163Z #8 8.904 Get:13 http://ports.ubuntu.com/ubuntu-ports noble-updates/main arm64 libsasl2-2 arm64 2.1.28+dfsg1-5ubuntu3.1 [54.7 kB]
replay	Build pinned ARM64 runtime	2026-10-03T19:10:33.5749633Z #8 8.906 Get:14 http://ports.ubuntu.com/ubuntu-ports noble-updates/main arm64 libldap2 arm64 2.6.10+dfsg-0ubuntu0.24.04.1 [196 kB]
replay	Build pinned ARM64 runtime	2026-10-03T19:10:33.5750627Z #8 8.915 Get:15 http://ports.ubuntu.com/ubuntu-ports noble/main arm64 librtmp1 arm64 2.4+20151223.gitfa8646d.1-2build7 [57.8 kB]
replay	Build pinned ARM64 runtime	2026-10-03T19:10:33.5751435Z #8 8.918 Get:16 http://ports.ubuntu.com/ubuntu-ports noble-updates/main arm64 libssh-4 arm64 0.10.6-2ubuntu0.5 [192 kB]
replay	Build pinned ARM64 runtime	2026-10-03T19:10:33.5752357Z #8 8.927 Get:17 http://ports.ubuntu.com/ubuntu-ports noble-updates/main arm64 libcurl4t64 arm64 8.5.0-2ubuntu10.15 [337 kB]
replay	Build pinned ARM64 runtime	2026-10-03T19:10:33.5753154Z #8 8.943 Get:18 http://ports.ubuntu.com/ubuntu-ports noble-updates/main arm64 curl arm64 8.5.0-2ubuntu10.15 [222 kB]
replay	Build pinned ARM64 runtime	2026-10-03T19:10:33.5753837Z #8 9.061 debconf: delaying package configuration, since apt-utils is not installed
replay	Build pinned ARM64 runtime	2026-10-03T19:10:33.7098319Z #8 9.099 Fetched 5137 kB in 2s (2143 kB/s)
replay	Build pinned ARM64 runtime	2026-10-03T19:10:33.7098813Z #8 9.113 (Reading database ... 
replay	Build pinned ARM64 runtime	2026-10-03T19:10:33.7099289Z (Reading database ... 5%
replay	Build pinned ARM64 runtime	2026-10-03T19:10:33.7099555Z (Reading database ... 10%
replay	Build pinned ARM64 runtime	2026-10-03T19:10:33.7099845Z (Reading database ... 15%
replay	Build pinned ARM64 runtime	2026-10-03T19:10:33.7101433Z (Reading database ... 20%
replay	Build pinned ARM64 runtime	2026-10-03T19:10:33.7101806Z (Reading database ... 25%
replay	Build pinned ARM64 runtime	2026-10-03T19:10:33.7102199Z (Reading database ... 30%
replay	Build pinned ARM64 runtime	2026-10-03T19:10:33.7102452Z (Reading database ... 35%
replay	Build pinned ARM64 runtime	2026-10-03T19:10:33.7102736Z (Reading database ... 40%
replay	Build pinned ARM64 runtime	2026-10-03T19:10:33.7103326Z (Reading database ... 45%
replay	Build pinned ARM64 runtime	2026-10-03T19:10:33.7103583Z (Reading database ... 50%
replay	Build pinned ARM64 runtime	2026-10-03T19:10:33.7103876Z (Reading database ... 55%
replay	Build pinned ARM64 runtime	2026-10-03T19:10:33.7104449Z (Reading database ... 60%
replay	Build pinned ARM64 runtime	2026-10-03T19:10:33.7104700Z (Reading database ... 65%
replay	Build pinned ARM64 runtime	2026-10-03T19:10:33.7105025Z (Reading database ... 70%
replay	Build pinned ARM64 runtime	2026-10-03T19:10:33.7105290Z (Reading database ... 75%
replay	Build pinned ARM64 runtime	2026-10-03T19:10:33.7105568Z (Reading database ... 80%
replay	Build pinned ARM64 runtime	2026-10-03T19:10:33.7105822Z (Reading database ... 85%
replay	Build pinned ARM64 runtime	2026-10-03T19:10:33.7106059Z (Reading database ... 90%
replay	Build pinned ARM64 runtime	2026-10-03T19:10:33.7106362Z (Reading database ... 95%
replay	Build pinned ARM64 runtime	2026-10-03T19:10:33.7106610Z (Reading database ... 100%
replay	Build pinned ARM64 runtime	2026-10-03T19:10:33.7106974Z (Reading database ... 4376 files and directories currently installed.)
replay	Build pinned ARM64 runtime	2026-10-03T19:10:33.7107486Z #8 9.116 Preparing to unpack .../libssl3t64_3.0.13-0ubuntu3.16_arm64.deb ...
replay	Build pinned ARM64 runtime	2026-10-03T19:10:33.7108002Z #8 9.119 Unpacking libssl3t64:arm64 (3.0.13-0ubuntu3.16) over (3.0.13-0ubuntu3.12) ...
replay	Build pinned ARM64 runtime	2026-10-03T19:10:33.7109032Z #8 9.196 Setting up libssl3t64:arm64 (3.0.13-0ubuntu3.16) ...
replay	Build pinned ARM64 runtime	2026-10-03T19:10:33.8214212Z #8 9.211 Selecting previously unselected package openssl.
replay	Build pinned ARM64 runtime	2026-10-03T19:10:33.8214830Z #8 9.211 (Reading database ... 
replay	Build pinned ARM64 runtime	2026-10-03T19:10:33.8215334Z (Reading database ... 5%
replay	Build pinned ARM64 runtime	2026-10-03T19:10:33.8215583Z (Reading database ... 10%
replay	Build pinned ARM64 runtime	2026-10-03T19:10:33.8215895Z (Reading database ... 15%
replay	Build pinned ARM64 runtime	2026-10-03T19:10:33.8216182Z (Reading database ... 20%
replay	Build pinned ARM64 runtime	2026-10-03T19:10:33.8216423Z (Reading database ... 25%
replay	Build pinned ARM64 runtime	2026-10-03T19:10:33.8216700Z (Reading database ... 30%
replay	Build pinned ARM64 runtime	2026-10-03T19:10:33.8216981Z (Reading database ... 35%
replay	Build pinned ARM64 runtime	2026-10-03T19:10:33.8217240Z (Reading database ... 40%
replay	Build pinned ARM64 runtime	2026-10-03T19:10:33.8217523Z (Reading database ... 45%
replay	Build pinned ARM64 runtime	2026-10-03T19:10:33.8217774Z (Reading database ... 50%
replay	Build pinned ARM64 runtime	2026-10-03T19:10:33.8218041Z (Reading database ... 55%
replay	Build pinned ARM64 runtime	2026-10-03T19:10:33.8218579Z (Reading database ... 60%
replay	Build pinned ARM64 runtime	2026-10-03T19:10:33.8218863Z (Reading database ... 65%
replay	Build pinned ARM64 runtime	2026-10-03T19:10:33.8219166Z (Reading database ... 70%
replay	Build pinned ARM64 runtime	2026-10-03T19:10:33.8219414Z (Reading database ... 75%
replay	Build pinned ARM64 runtime	2026-10-03T19:10:33.8219671Z (Reading database ... 80%
replay	Build pinned ARM64 runtime	2026-10-03T19:10:33.8219979Z (Reading database ... 85%
replay	Build pinned ARM64 runtime	2026-10-03T19:10:33.8220249Z (Reading database ... 90%
replay	Build pinned ARM64 runtime	2026-10-03T19:10:33.8220875Z (Reading database ... 95%
replay	Build pinned ARM64 runtime	2026-10-03T19:10:33.8221122Z (Reading database ... 100%
replay	Build pinned ARM64 runtime	2026-10-03T19:10:33.8221460Z (Reading database ... 4376 files and directories currently installed.)
replay	Build pinned ARM64 runtime	2026-10-03T19:10:33.8221984Z #8 9.214 Preparing to unpack .../00-openssl_3.0.13-0ubuntu3.16_arm64.deb ...
replay	Build pinned ARM64 runtime	2026-10-03T19:10:33.8222432Z #8 9.215 Unpacking openssl (3.0.13-0ubuntu3.16) ...
replay	Build pinned ARM64 runtime	2026-10-03T19:10:33.8222835Z #8 9.240 Selecting previously unselected package ca-certificates.
replay	Build pinned ARM64 runtime	2026-10-03T19:10:33.8223304Z #8 9.241 Preparing to unpack .../01-ca-certificates_20260601~24.04.1_all.deb ...
replay	Build pinned ARM64 runtime	2026-10-03T19:10:33.8223751Z #8 9.242 Unpacking ca-certificates (20260601~24.04.1) ...
replay	Build pinned ARM64 runtime	2026-10-03T19:10:33.8224202Z #8 9.264 Selecting previously unselected package libkrb5support0:arm64.
replay	Build pinned ARM64 runtime	2026-10-03T19:10:33.8224733Z #8 9.265 Preparing to unpack .../02-libkrb5support0_1.20.1-6ubuntu2.10_arm64.deb ...
replay	Build pinned ARM64 runtime	2026-10-03T19:10:33.8225234Z #8 9.266 Unpacking libkrb5support0:arm64 (1.20.1-6ubuntu2.10) ...
replay	Build pinned ARM64 runtime	2026-10-03T19:10:33.8225832Z #8 9.277 Selecting previously unselected package libk5crypto3:arm64.
replay	Build pinned ARM64 runtime	2026-10-03T19:10:33.8226374Z #8 9.278 Preparing to unpack .../03-libk5crypto3_1.20.1-6ubuntu2.10_arm64.deb ...
replay	Build pinned ARM64 runtime	2026-10-03T19:10:33.8226868Z #8 9.279 Unpacking libk5crypto3:arm64 (1.20.1-6ubuntu2.10) ...
replay	Build pinned ARM64 runtime	2026-10-03T19:10:33.8227334Z #8 9.293 Selecting previously unselected package libkeyutils1:arm64.
replay	Build pinned ARM64 runtime	2026-10-03T19:10:33.8227818Z #8 9.294 Preparing to unpack .../04-libkeyutils1_1.6.3-3build1_arm64.deb ...
replay	Build pinned ARM64 runtime	2026-10-03T19:10:33.8228583Z #8 9.295 Unpacking libkeyutils1:arm64 (1.6.3-3build1) ...
replay	Build pinned ARM64 runtime	2026-10-03T19:10:33.8229003Z #8 9.307 Selecting previously unselected package libkrb5-3:arm64.
replay	Build pinned ARM64 runtime	2026-10-03T19:10:33.9299420Z #8 9.308 Preparing to unpack .../05-libkrb5-3_1.20.1-6ubuntu2.10_arm64.deb ...
replay	Build pinned ARM64 runtime	2026-10-03T19:10:33.9300021Z #8 9.309 Unpacking libkrb5-3:arm64 (1.20.1-6ubuntu2.10) ...
replay	Build pinned ARM64 runtime	2026-10-03T19:10:33.9300811Z #8 9.326 Selecting previously unselected package libgssapi-krb5-2:arm64.
replay	Build pinned ARM64 runtime	2026-10-03T19:10:33.9301901Z #8 9.327 Preparing to unpack .../06-libgssapi-krb5-2_1.20.1-6ubuntu2.10_arm64.deb ...
replay	Build pinned ARM64 runtime	2026-10-03T19:10:33.9302565Z #8 9.327 Unpacking libgssapi-krb5-2:arm64 (1.20.1-6ubuntu2.10) ...
replay	Build pinned ARM64 runtime	2026-10-03T19:10:33.9303213Z #8 9.341 Selecting previously unselected package libnghttp2-14:arm64.
replay	Build pinned ARM64 runtime	2026-10-03T19:10:33.9303909Z #8 9.342 Preparing to unpack .../07-libnghttp2-14_1.59.0-1ubuntu0.4_arm64.deb ...
replay	Build pinned ARM64 runtime	2026-10-03T19:10:33.9304885Z #8 9.343 Unpacking libnghttp2-14:arm64 (1.59.0-1ubuntu0.4) ...
replay	Build pinned ARM64 runtime	2026-10-03T19:10:33.9305466Z #8 9.355 Selecting previously unselected package libpsl5t64:arm64.
replay	Build pinned ARM64 runtime	2026-10-03T19:10:33.9305927Z #8 9.356 Preparing to unpack .../08-libpsl5t64_0.21.2-1.1build1_arm64.deb ...
replay	Build pinned ARM64 runtime	2026-10-03T19:10:33.9306389Z #8 9.357 Unpacking libpsl5t64:arm64 (0.21.2-1.1build1) ...
replay	Build pinned ARM64 runtime	2026-10-03T19:10:33.9306798Z #8 9.371 Selecting previously unselected package libbrotli1:arm64.
replay	Build pinned ARM64 runtime	2026-10-03T19:10:33.9307522Z #8 9.372 Preparing to unpack .../09-libbrotli1_1.1.0-2build2_arm64.deb ...
replay	Build pinned ARM64 runtime	2026-10-03T19:10:33.9308240Z #8 9.373 Unpacking libbrotli1:arm64 (1.1.0-2build2) ...
replay	Build pinned ARM64 runtime	2026-10-03T19:10:33.9308714Z #8 9.387 Selecting previously unselected package libsasl2-modules-db:arm64.
replay	Build pinned ARM64 runtime	2026-10-03T19:10:33.9309290Z #8 9.388 Preparing to unpack .../10-libsasl2-modules-db_2.1.28+dfsg1-5ubuntu3.1_arm64.deb ...
replay	Build pinned ARM64 runtime	2026-10-03T19:10:33.9309861Z #8 9.389 Unpacking libsasl2-modules-db:arm64 (2.1.28+dfsg1-5ubuntu3.1) ...
replay	Build pinned ARM64 runtime	2026-10-03T19:10:33.9310344Z #8 9.402 Selecting previously unselected package libsasl2-2:arm64.
replay	Build pinned ARM64 runtime	2026-10-03T19:10:33.9310850Z #8 9.403 Preparing to unpack .../11-libsasl2-2_2.1.28+dfsg1-5ubuntu3.1_arm64.deb ...
replay	Build pinned ARM64 runtime	2026-10-03T19:10:33.9311601Z #8 9.404 Unpacking libsasl2-2:arm64 (2.1.28+dfsg1-5ubuntu3.1) ...
replay	Build pinned ARM64 runtime	2026-10-03T19:10:33.9312080Z #8 9.416 Selecting previously unselected package libldap2:arm64.
replay	Build pinned ARM64 runtime	2026-10-03T19:10:34.0312807Z #8 9.417 Preparing to unpack .../12-libldap2_2.6.10+dfsg-0ubuntu0.24.04.1_arm64.deb ...
replay	Build pinned ARM64 runtime	2026-10-03T19:10:34.0313784Z #8 9.418 Unpacking libldap2:arm64 (2.6.10+dfsg-0ubuntu0.24.04.1) ...
replay	Build pinned ARM64 runtime	2026-10-03T19:10:34.0314279Z #8 9.432 Selecting previously unselected package librtmp1:arm64.
replay	Build pinned ARM64 runtime	2026-10-03T19:10:34.0315382Z #8 9.433 Preparing to unpack .../13-librtmp1_2.4+20151223.gitfa8646d.1-2build7_arm64.deb ...
replay	Build pinned ARM64 runtime	2026-10-03T19:10:34.0316034Z #8 9.434 Unpacking librtmp1:arm64 (2.4+20151223.gitfa8646d.1-2build7) ...
replay	Build pinned ARM64 runtime	2026-10-03T19:10:34.0316524Z #8 9.445 Selecting previously unselected package libssh-4:arm64.
replay	Build pinned ARM64 runtime	2026-10-03T19:10:34.0317063Z #8 9.446 Preparing to unpack .../14-libssh-4_0.10.6-2ubuntu0.5_arm64.deb ...
replay	Build pinned ARM64 runtime	2026-10-03T19:10:34.0317948Z #8 9.447 Unpacking libssh-4:arm64 (0.10.6-2ubuntu0.5) ...
replay	Build pinned ARM64 runtime	2026-10-03T19:10:34.0318615Z #8 9.460 Selecting previously unselected package libcurl4t64:arm64.
replay	Build pinned ARM64 runtime	2026-10-03T19:10:34.0319231Z #8 9.461 Preparing to unpack .../15-libcurl4t64_8.5.0-2ubuntu10.15_arm64.deb ...
replay	Build pinned ARM64 runtime	2026-10-03T19:10:34.0319685Z #8 9.462 Unpacking libcurl4t64:arm64 (8.5.0-2ubuntu10.15) ...
replay	Build pinned ARM64 runtime	2026-10-03T19:10:34.0320340Z #8 9.475 Selecting previously unselected package curl.
replay	Build pinned ARM64 runtime	2026-10-03T19:10:34.0320780Z #8 9.476 Preparing to unpack .../16-curl_8.5.0-2ubuntu10.15_arm64.deb ...
replay	Build pinned ARM64 runtime	2026-10-03T19:10:34.0321184Z #8 9.477 Unpacking curl (8.5.0-2ubuntu10.15) ...
replay	Build pinned ARM64 runtime	2026-10-03T19:10:34.0321581Z #8 9.494 Setting up libkeyutils1:arm64 (1.6.3-3build1) ...
replay	Build pinned ARM64 runtime	2026-10-03T19:10:34.0321982Z #8 9.496 Setting up libbrotli1:arm64 (1.1.0-2build2) ...
replay	Build pinned ARM64 runtime	2026-10-03T19:10:34.0322341Z #8 9.498 Setting up libpsl5t64:arm64 (0.21.2-1.1build1) ...
replay	Build pinned ARM64 runtime	2026-10-03T19:10:34.0322791Z #8 9.500 Setting up libnghttp2-14:arm64 (1.59.0-1ubuntu0.4) ...
replay	Build pinned ARM64 runtime	2026-10-03T19:10:34.0323540Z #8 9.502 Setting up libkrb5support0:arm64 (1.20.1-6ubuntu2.10) ...
replay	Build pinned ARM64 runtime	2026-10-03T19:10:34.0324094Z #8 9.503 Setting up libsasl2-modules-db:arm64 (2.1.28+dfsg1-5ubuntu3.1) ...
replay	Build pinned ARM64 runtime	2026-10-03T19:10:34.0324582Z #8 9.505 Setting up librtmp1:arm64 (2.4+20151223.gitfa8646d.1-2build7) ...
replay	Build pinned ARM64 runtime	2026-10-03T19:10:34.0325219Z #8 9.507 Setting up libk5crypto3:arm64 (1.20.1-6ubuntu2.10) ...
replay	Build pinned ARM64 runtime	2026-10-03T19:10:34.0326278Z #8 9.509 Setting up libsasl2-2:arm64 (2.1.28+dfsg1-5ubuntu3.1) ...
replay	Build pinned ARM64 runtime	2026-10-03T19:10:34.0326689Z #8 9.511 Setting up libkrb5-3:arm64 (1.20.1-6ubuntu2.10) ...
replay	Build pinned ARM64 runtime	2026-10-03T19:10:34.0327142Z #8 9.513 Setting up openssl (3.0.13-0ubuntu3.16) ...
replay	Build pinned ARM64 runtime	2026-10-03T19:10:34.0327747Z #8 9.517 Setting up libldap2:arm64 (2.6.10+dfsg-0ubuntu0.24.04.1) ...
replay	Build pinned ARM64 runtime	2026-10-03T19:10:34.1840540Z #8 9.519 Setting up ca-certificates (20260601~24.04.1) ...
replay	Build pinned ARM64 runtime	2026-10-03T19:10:34.3604994Z #8 9.846 Updating certificates in /etc/ssl/certs...
replay	Build pinned ARM64 runtime	2026-10-03T19:10:34.7583038Z #8 10.24 121 added, 0 removed; done.
replay	Build pinned ARM64 runtime	2026-10-03T19:10:34.9396323Z #8 10.26 Setting up libgssapi-krb5-2:arm64 (1.20.1-6ubuntu2.10) ...
replay	Build pinned ARM64 runtime	2026-10-03T19:10:34.9396902Z #8 10.26 Setting up libssh-4:arm64 (0.10.6-2ubuntu0.5) ...
replay	Build pinned ARM64 runtime	2026-10-03T19:10:34.9397484Z #8 10.26 Setting up libcurl4t64:arm64 (8.5.0-2ubuntu10.15) ...
replay	Build pinned ARM64 runtime	2026-10-03T19:10:34.9397852Z #8 10.26 Setting up curl (8.5.0-2ubuntu10.15) ...
replay	Build pinned ARM64 runtime	2026-10-03T19:10:34.9398793Z #8 10.26 Processing triggers for libc-bin (2.39-0ubuntu8.8) ...
replay	Build pinned ARM64 runtime	2026-10-03T19:10:34.9399345Z #8 10.27 Processing triggers for ca-certificates (20260601~24.04.1) ...
replay	Build pinned ARM64 runtime	2026-10-03T19:10:34.9399756Z #8 10.27 Updating certificates in /etc/ssl/certs...
replay	Build pinned ARM64 runtime	2026-10-03T19:10:35.0982217Z #8 10.58 0 added, 0 removed; done.
replay	Build pinned ARM64 runtime	2026-10-03T19:10:35.0982741Z #8 10.58 Running hooks in /etc/ca-certificates/update.d...
replay	Build pinned ARM64 runtime	2026-10-03T19:10:35.2728338Z #8 10.58 done.
replay	Build pinned ARM64 runtime	2026-10-03T19:10:35.2728846Z #8 10.60 Pinned package download attempt 1 (resume any partial file)
replay	Build pinned ARM64 runtime	2026-10-03T19:10:35.2729353Z #8 10.61   % Total    % Received % Xferd  Average Speed   Time    Time     Time  Current
replay	Build pinned ARM64 runtime	2026-10-03T19:10:35.2730057Z #8 10.61                                  Dload  Upload   Total   Spent    Left  Speed
replay	Build pinned ARM64 runtime	2026-10-03T19:10:35.2730473Z #8 10.61 
replay	Build pinned ARM64 runtime	2026-10-03T19:10:35.5682589Z   0     0    0     0    0     0      0      0 --:--:-- --:--:-- --:--:--     0
replay	Build pinned ARM64 runtime	2026-10-03T19:10:35.5683760Z 100   383  100   383    0     0    858      0 --:--:-- --:--:-- --:--:--   860
replay	Build pinned ARM64 runtime	2026-10-03T19:10:35.7256914Z #8 11.21 
replay	Build pinned ARM64 runtime	2026-10-03T19:10:35.7257417Z 100   583  100   583    0     0    966      0 --:--:-- --:--:-- --:--:--   966
replay	Build pinned ARM64 runtime	2026-10-03T19:10:35.9718444Z #8 11.31 
replay	Build pinned ARM64 runtime	2026-10-03T19:10:36.8614363Z   0     0    0     0    0     0      0      0 --:--:-- --:--:-- --:--:--     0
replay	Build pinned ARM64 runtime	2026-10-03T19:10:37.8270053Z   0  109M    0  408k    0     0   234k      0  0:07:58  0:00:01  0:07:57  392k
replay	Build pinned ARM64 runtime	2026-10-03T19:10:38.8089521Z   3  109M    3 3921k    0     0  1449k      0  0:01:17  0:00:02  0:01:15 1954k
replay	Build pinned ARM64 runtime	2026-10-03T19:10:39.8218903Z  19  109M   19 21.1M    0     0  5883k      0  0:00:19  0:00:03  0:00:16 7256k
replay	Build pinned ARM64 runtime	2026-10-03T19:10:40.8385154Z  40  109M   40 44.8M    0     0  9762k      0  0:00:11  0:00:04  0:00:07 11.1M
replay	Build pinned ARM64 runtime	2026-10-03T19:10:41.8539377Z  62  109M   62 68.4M    0     0  11.9M      0  0:00:09  0:00:05  0:00:04 13.6M
replay	Build pinned ARM64 runtime	2026-10-03T19:10:42.5651310Z  83  109M   83 91.9M    0     0  13.6M      0  0:00:08  0:00:06  0:00:02 18.3M
replay	Build pinned ARM64 runtime	2026-10-03T19:10:42.5652121Z 100  109M  100  109M    0     0  14.7M      0  0:00:07  0:00:07 --:--:-- 22.3M
replay	Build pinned ARM64 runtime	2026-10-03T19:10:42.7942477Z #8 18.13 /tmp/openfoam13.deb: OK
replay	Build pinned ARM64 runtime	2026-10-03T19:10:43.4704452Z #8 18.13 Reading package lists...
replay	Build pinned ARM64 runtime	2026-10-03T19:10:43.7625235Z #8 18.97 Building dependency tree...
replay	Build pinned ARM64 runtime	2026-10-03T19:10:43.7626038Z #8 19.25 Reading state information...
replay	Build pinned ARM64 runtime	2026-10-03T19:10:44.1125496Z #8 19.60 The following additional packages will be installed:
replay	Build pinned ARM64 runtime	2026-10-03T19:10:44.1128501Z #8 19.60   adduser adwaita-icon-theme aglfn at-spi2-common autoconf automake
replay	Build pinned ARM64 runtime	2026-10-03T19:10:44.1130897Z #8 19.60   autotools-dev binutils binutils-aarch64-linux-gnu binutils-common
replay	Build pinned ARM64 runtime	2026-10-03T19:10:44.1132099Z #8 19.60   binutils-dev bsdutils cpp cpp-13 cpp-13-aarch64-linux-gnu
replay	Build pinned ARM64 runtime	2026-10-03T19:10:44.1132707Z #8 19.60   cpp-aarch64-linux-gnu dbus dbus-bin dbus-daemon dbus-session-bus-common
replay	Build pinned ARM64 runtime	2026-10-03T19:10:44.1133247Z #8 19.60   dbus-system-bus-common dbus-user-session dconf-gsettings-backend
replay	Build pinned ARM64 runtime	2026-10-03T19:10:44.1133873Z #8 19.60   dconf-service flex fontconfig fontconfig-config fonts-dejavu-core
replay	Build pinned ARM64 runtime	2026-10-03T19:10:44.2653189Z #8 19.60   fonts-dejavu-mono g++ g++-13 g++-13-aarch64-linux-gnu g++-aarch64-linux-gnu
replay	Build pinned ARM64 runtime	2026-10-03T19:10:44.2654324Z #8 19.60   gcc gcc-13 gcc-13-aarch64-linux-gnu gcc-13-base gcc-aarch64-linux-gnu
replay	Build pinned ARM64 runtime	2026-10-03T19:10:44.2654925Z #8 19.60   gfortran-13 gfortran-13-aarch64-linux-gnu gnuplot gnuplot-data gnuplot-qt
replay	Build pinned ARM64 runtime	2026-10-03T19:10:44.2655494Z #8 19.60   gtk-update-icon-cache hicolor-icon-theme humanity-icon-theme
replay	Build pinned ARM64 runtime	2026-10-03T19:10:44.2655963Z #8 19.60   ibverbs-providers libaom3 libapparmor1 libargon2-1 libasan8
replay	Build pinned ARM64 runtime	2026-10-03T19:10:44.2656470Z #8 19.60   libatk-bridge2.0-0t64 libatk1.0-0t64 libatomic1 libatspi2.0-0t64
replay	Build pinned ARM64 runtime	2026-10-03T19:10:44.2657010Z #8 19.60   libavahi-client3 libavahi-common-data libavahi-common3 libbinutils libblkid1
replay	Build pinned ARM64 runtime	2026-10-03T19:10:44.2657584Z #8 19.60   libbsd0 libc-bin libc-dev-bin libc6 libc6-dev libcairo-gobject2 libcairo2
replay	Build pinned ARM64 runtime	2026-10-03T19:10:44.2658446Z #8 19.60   libcbor0.10 libcc1-0 libcolord2 libcrypt-dev libcryptsetup12 libctf-nobfd0
replay	Build pinned ARM64 runtime	2026-10-03T19:10:44.2658975Z #8 19.60   libctf0 libcups2t64 libdatrie1 libdbus-1-3 libdconf1 libdeflate0
replay	Build pinned ARM64 runtime	2026-10-03T19:10:44.2659528Z #8 19.60   libdevmapper1.02.1 libdouble-conversion3 libdrm-amdgpu1 libdrm-common
replay	Build pinned ARM64 runtime	2026-10-03T19:10:44.2660039Z #8 19.60   libdrm2 libedit2 libegl-mesa0 libegl1 libelf1t64 libepoxy0 libevdev2
replay	Build pinned ARM64 runtime	2026-10-03T19:10:44.2660495Z #8 19.60   libevent-2.1-7t64 libevent-core-2.1-7t64 libevent-dev
replay	Build pinned ARM64 runtime	2026-10-03T19:10:44.2661056Z #8 19.60   libevent-extra-2.1-7t64 libevent-openssl-2.1-7t64 libevent-pthreads-2.1-7t64
replay	Build pinned ARM64 runtime	2026-10-03T19:10:44.2661595Z #8 19.60   libexpat1 libfabric1 libfdisk1 libfido2-1 libfontconfig1 libfreetype6
replay	Build pinned ARM64 runtime	2026-10-03T19:10:44.2662142Z #8 19.60   libfribidi0 libgbm1 libgcc-13-dev libgd3 libgdbm-compat4t64 libgdbm6t64
replay	Build pinned ARM64 runtime	2026-10-03T19:10:44.2662684Z #8 19.60   libgdk-pixbuf-2.0-0 libgdk-pixbuf2.0-common libgfortran-13-dev libgfortran5
replay	Build pinned ARM64 runtime	2026-10-03T19:10:44.2663209Z #8 19.60   libgl1 libgl1-mesa-dri libglib2.0-0t64 libglvnd0 libglx-mesa0 libglx0
replay	Build pinned ARM64 runtime	2026-10-03T19:10:44.2663766Z #8 19.60   libgomp1 libgprofng0 libgraphite2-3 libgtk-3-0t64 libgtk-3-common
replay	Build pinned ARM64 runtime	2026-10-03T19:10:44.2664269Z #8 19.60   libgudev-1.0-0 libharfbuzz0b libheif-plugin-aomdec libheif1 libhwasan0
replay	Build pinned ARM64 runtime	2026-10-03T19:10:44.2664827Z #8 19.60   libhwloc-dev libhwloc-plugins libhwloc15 libibverbs-dev libibverbs1
replay	Build pinned ARM64 runtime	2026-10-03T19:10:44.2665552Z #8 19.60   libice-dev libice6 libicu74 libinput-bin libinput10 libisl23 libitm1
replay	Build pinned ARM64 runtime	2026-10-03T19:10:44.2666090Z #8 19.60   libjansson4 libjbig0 libjpeg-turbo8 libjpeg8 libjs-jquery libjs-jquery-ui
replay	Build pinned ARM64 runtime	2026-10-03T19:10:44.2666657Z #8 19.60   libjson-c5 libkmod2 liblcms2-2 liblerc4 libllvm20 liblsan0 libltdl-dev
replay	Build pinned ARM64 runtime	2026-10-03T19:10:44.2667159Z #8 19.60   libltdl7 liblua5.4-0 libmd4c0 libmount1 libmpc3 libmpfr6 libmtdev1t64
replay	Build pinned ARM64 runtime	2026-10-03T19:10:44.2667690Z #8 19.60   libmunge2 libncurses-dev libncurses6 libncursesw6 libnl-3-200 libnl-3-dev
replay	Build pinned ARM64 runtime	2026-10-03T19:10:44.2668389Z #8 19.60   libnl-route-3-200 libnl-route-3-dev libnotify4 libnuma-dev libnuma1
replay	Build pinned ARM64 runtime	2026-10-03T19:10:44.2668930Z #8 19.60   libopenmpi-dev libopenmpi3t64 libpam-systemd libpango-1.0-0
replay	Build pinned ARM64 runtime	2026-10-03T19:10:44.2669441Z #8 19.60   libpangocairo-1.0-0 libpangoft2-1.0-0 libpciaccess0 libpcre2-16-0
replay	Build pinned ARM64 runtime	2026-10-03T19:10:44.2669941Z #8 19.60   libpcre2-32-0 libperl5.38t64 libpixman-1-0 libpmix-dev libpmix2t64
replay	Build pinned ARM64 runtime	2026-10-03T19:10:44.2670460Z #8 19.60   libpng16-16t64 libpthread-stubs0-dev libqt5core5t64 libqt5dbus5t64
replay	Build pinned ARM64 runtime	2026-10-03T19:10:44.2670959Z #8 19.60   libqt5gui5t64 libqt5network5t64 libqt5printsupport5t64 libqt5svg5
replay	Build pinned ARM64 runtime	2026-10-03T19:10:44.2671462Z #8 19.60   libqt5widgets5t64 librdmacm1t64 libreadline-dev libreadline8t64
replay	Build pinned ARM64 runtime	2026-10-03T19:10:44.2671991Z #8 19.60   libsensors-config libsensors5 libsframe1 libsharpyuv0 libsm-dev libsm6
replay	Build pinned ARM64 runtime	2026-10-03T19:10:44.2672530Z #8 19.60   libsmartcols1 libstdc++-13-dev libsystemd-shared libthai-data libthai0
replay	Build pinned ARM64 runtime	2026-10-03T19:10:44.2673044Z #8 19.60   libtiff6 libtinfo6 libtsan2 libubsan1 libucx0 libuuid1 libvulkan1
replay	Build pinned ARM64 runtime	2026-10-03T19:10:44.2673531Z #8 19.60   libwacom-common libwacom9 libwayland-client0 libwayland-cursor0
replay	Build pinned ARM64 runtime	2026-10-03T19:10:44.2674052Z #8 19.60   libwayland-egl1 libwebp7 libwebpmux3 libwxbase3.2-1t64 libwxgtk3.2-1t64
replay	Build pinned ARM64 runtime	2026-10-03T19:10:44.2674886Z #8 19.60   libx11-6 libx11-data libx11-dev libx11-xcb1 libxau-dev libxau6 libxcb-dri3-0
replay	Build pinned ARM64 runtime	2026-10-03T19:10:44.2675440Z #8 19.60   libxcb-glx0 libxcb-icccm4 libxcb-image0 libxcb-keysyms1 libxcb-present0
replay	Build pinned ARM64 runtime	2026-10-03T19:10:44.2675980Z #8 19.60   libxcb-randr0 libxcb-render-util0 libxcb-render0 libxcb-shape0 libxcb-shm0
replay	Build pinned ARM64 runtime	2026-10-03T19:10:44.2676590Z #8 19.60   libxcb-sync1 libxcb-util1 libxcb-xfixes0 libxcb-xinerama0 libxcb-xinput0
replay	Build pinned ARM64 runtime	2026-10-03T19:10:44.2677124Z #8 19.60   libxcb-xkb1 libxcb1 libxcb1-dev libxcomposite1 libxcursor1 libxdamage1
replay	Build pinned ARM64 runtime	2026-10-03T19:10:44.2677638Z #8 19.60   libxdmcp-dev libxdmcp6 libxext6 libxfixes3 libxi6 libxinerama1
replay	Build pinned ARM64 runtime	2026-10-03T19:10:44.2678421Z #8 19.60   libxkbcommon-x11-0 libxkbcommon0 libxml2 libxnvctrl0 libxpm4 libxrandr2
replay	Build pinned ARM64 runtime	2026-10-03T19:10:44.2678944Z #8 19.60   libxrender1 libxshmfence1 libxt-dev libxt6t64 libxtst6 libxxf86vm1
replay	Build pinned ARM64 runtime	2026-10-03T19:10:44.2679507Z #8 19.60   linux-libc-dev m4 make mesa-libgallium mount ncurses-base ncurses-bin
replay	Build pinned ARM64 runtime	2026-10-03T19:10:44.2680072Z #8 19.60   ocl-icd-libopencl1 openmpi-bin openmpi-common openssh-client perl perl-base
replay	Build pinned ARM64 runtime	2026-10-03T19:10:44.2680673Z #8 19.60   perl-modules-5.38 readline-common rpcsvc-proto shared-mime-info systemd
replay	Build pinned ARM64 runtime	2026-10-03T19:10:44.2681206Z #8 19.60   systemd-dev systemd-sysv ubuntu-mono util-linux x11-common x11proto-dev
replay	Build pinned ARM64 runtime	2026-10-03T19:10:44.2681671Z #8 19.60   xkb-data xorg-sgml-doctools xtrans-dev zlib1g zlib1g-dev
replay	Build pinned ARM64 runtime	2026-10-03T19:10:44.2682076Z #8 19.60 Suggested packages:
replay	Build pinned ARM64 runtime	2026-10-03T19:10:44.2682438Z #8 19.60   liblocale-gettext-perl cron quota ecryptfs-utils autoconf-archive
replay	Build pinned ARM64 runtime	2026-10-03T19:10:44.2682978Z #8 19.60   gnu-standards autoconf-doc libtool gettext binutils-doc gprofng-gui cpp-doc
replay	Build pinned ARM64 runtime	2026-10-03T19:10:44.2683511Z #8 19.60   gcc-13-locales cpp-13-doc bison build-essential flex-doc gcc-13-doc
replay	Build pinned ARM64 runtime	2026-10-03T19:10:44.2684040Z #8 19.60   gcc-multilib manpages-dev gdb gcc-doc gdb-aarch64-linux-gnu gfortran-13-doc
replay	Build pinned ARM64 runtime	2026-10-03T19:10:44.2684610Z #8 19.60   libcoarrays-dev gnuplot-doc manpages glibc-doc locales libnss-nis
replay	Build pinned ARM64 runtime	2026-10-03T19:10:44.2685134Z #8 19.60   libnss-nisplus colord cups-common libgd-tools gdbm-l10n low-memory-monitor
replay	Build pinned ARM64 runtime	2026-10-03T19:10:44.2685718Z #8 19.60   gvfs libheif-plugin-libde265 libheif-plugin-x265 libheif-plugin-ffmpegdec
replay	Build pinned ARM64 runtime	2026-10-03T19:10:44.2686439Z #8 19.60   libheif-plugin-jpegdec libheif-plugin-jpegenc libheif-plugin-j2kdec
replay	Build pinned ARM64 runtime	2026-10-03T19:10:44.2686984Z #8 19.60   libheif-plugin-j2kenc libheif-plugin-rav1e libheif-plugin-svtenc libice-doc
replay	Build pinned ARM64 runtime	2026-10-03T19:10:44.2687594Z #8 19.60   libjs-jquery-ui-docs liblcms2-utils libtool-doc cryptsetup-bin ncurses-doc
replay	Build pinned ARM64 runtime	2026-10-03T19:10:44.2688293Z #8 19.60   notification-daemon openmpi-doc pciutils qgnomeplatform-qt5
replay	Build pinned ARM64 runtime	2026-10-03T19:10:44.2688837Z #8 19.60   qt5-image-formats-plugins readline-doc lm-sensors libsm-doc libstdc++-13-doc
replay	Build pinned ARM64 runtime	2026-10-03T19:10:44.2689394Z #8 19.60   libwacom-bin libx11-doc libxcb-doc libxt-doc m4-doc make-doc nfs-common
replay	Build pinned ARM64 runtime	2026-10-03T19:10:44.2689908Z #8 19.60   opencl-icd gfortran | fortran-compiler keychain libpam-ssh monkeysphere
replay	Build pinned ARM64 runtime	2026-10-03T19:10:44.2690486Z #8 19.60   ssh-askpass perl-doc libterm-readline-gnu-perl | libterm-readline-perl-perl
replay	Build pinned ARM64 runtime	2026-10-03T19:10:44.2691062Z #8 19.60   libtap-harness-archive-perl systemd-container systemd-homed systemd-userdbd
replay	Build pinned ARM64 runtime	2026-10-03T19:10:44.2691618Z #8 19.60   systemd-boot libip4tc2 libqrencode4 libtss2-esys-3.0.2-0 libtss2-mu-4.0.1-0
replay	Build pinned ARM64 runtime	2026-10-03T19:10:44.2692202Z #8 19.60   libtss2-rc0 libtss2-tcti-device0 polkitd dosfstools kbd util-linux-extra
replay	Build pinned ARM64 runtime	2026-10-03T19:10:44.2692611Z #8 19.60   util-linux-locales
replay	Build pinned ARM64 runtime	2026-10-03T19:10:44.2692911Z #8 19.60 Recommended packages:
replay	Build pinned ARM64 runtime	2026-10-03T19:10:44.2693302Z #8 19.60   librsvg2-common bsdextrautils libfl-dev at-spi2-core manpages manpages-dev
replay	Build pinned ARM64 runtime	2026-10-03T19:10:44.2693838Z #8 19.60   libc-devtools dmsetup libgdk-pixbuf2.0-bin libglib2.0-data xdg-user-dirs
replay	Build pinned ARM64 runtime	2026-10-03T19:10:44.2694400Z #8 19.60   libgtk-3-bin libheif-plugin-aomenc javascript-common libtool libgpm2
replay	Build pinned ARM64 runtime	2026-10-03T19:10:44.2694916Z #8 19.60   libcoarrays-openmpi-dev qttranslations5-l10n qt5-gtk-platformtheme
replay	Build pinned ARM64 runtime	2026-10-03T19:10:44.2695520Z #8 19.60   qtwayland5 uuid-runtime mesa-vulkan-drivers | vulkan-icd paraview xauth
replay	Build pinned ARM64 runtime	2026-10-03T19:10:44.2696193Z #8 19.60   netbase networkd-dispatcher systemd-timesyncd | time-daemon systemd-resolved
replay	Build pinned ARM64 runtime	2026-10-03T19:10:44.2696618Z #8 19.60   libnss-systemd
replay	Build pinned ARM64 runtime	2026-10-03T19:10:44.4629318Z #8 19.95 The following NEW packages will be installed:
replay	Build pinned ARM64 runtime	2026-10-03T19:10:44.4629925Z #8 19.95   adduser adwaita-icon-theme aglfn at-spi2-common autoconf automake
replay	Build pinned ARM64 runtime	2026-10-03T19:10:44.4630644Z #8 19.95   autotools-dev binutils binutils-aarch64-linux-gnu binutils-common
replay	Build pinned ARM64 runtime	2026-10-03T19:10:44.4631182Z #8 19.95   binutils-dev cpp cpp-13 cpp-13-aarch64-linux-gnu cpp-aarch64-linux-gnu dbus
replay	Build pinned ARM64 runtime	2026-10-03T19:10:44.4631811Z #8 19.95   dbus-bin dbus-daemon dbus-session-bus-common dbus-system-bus-common
replay	Build pinned ARM64 runtime	2026-10-03T19:10:44.4632353Z #8 19.95   dbus-user-session dconf-gsettings-backend dconf-service flex fontconfig
replay	Build pinned ARM64 runtime	2026-10-03T19:10:44.6160213Z #8 19.95   fontconfig-config fonts-dejavu-core fonts-dejavu-mono g++ g++-13
replay	Build pinned ARM64 runtime	2026-10-03T19:10:44.6161152Z #8 19.95   g++-13-aarch64-linux-gnu g++-aarch64-linux-gnu gcc gcc-13
replay	Build pinned ARM64 runtime	2026-10-03T19:10:44.6161683Z #8 19.95   gcc-13-aarch64-linux-gnu gcc-13-base gcc-aarch64-linux-gnu gfortran-13
replay	Build pinned ARM64 runtime	2026-10-03T19:10:44.6162233Z #8 19.95   gfortran-13-aarch64-linux-gnu gnuplot gnuplot-data gnuplot-qt
replay	Build pinned ARM64 runtime	2026-10-03T19:10:44.6162766Z #8 19.95   gtk-update-icon-cache hicolor-icon-theme humanity-icon-theme
replay	Build pinned ARM64 runtime	2026-10-03T19:10:44.6163226Z #8 19.95   ibverbs-providers libaom3 libapparmor1 libargon2-1 libasan8
replay	Build pinned ARM64 runtime	2026-10-03T19:10:44.6163739Z #8 19.95   libatk-bridge2.0-0t64 libatk1.0-0t64 libatomic1 libatspi2.0-0t64
replay	Build pinned ARM64 runtime	2026-10-03T19:10:44.6164262Z #8 19.95   libavahi-client3 libavahi-common-data libavahi-common3 libbinutils libbsd0
replay	Build pinned ARM64 runtime	2026-10-03T19:10:44.6164832Z #8 19.95   libc-dev-bin libc6-dev libcairo-gobject2 libcairo2 libcbor0.10 libcc1-0
replay	Build pinned ARM64 runtime	2026-10-03T19:10:44.6165375Z #8 19.95   libcolord2 libcrypt-dev libcryptsetup12 libctf-nobfd0 libctf0 libcups2t64
replay	Build pinned ARM64 runtime	2026-10-03T19:10:44.6165909Z #8 19.95   libdatrie1 libdbus-1-3 libdconf1 libdeflate0 libdevmapper1.02.1
replay	Build pinned ARM64 runtime	2026-10-03T19:10:44.6166482Z #8 19.95   libdouble-conversion3 libdrm-amdgpu1 libdrm-common libdrm2 libedit2
replay	Build pinned ARM64 runtime	2026-10-03T19:10:44.6167000Z #8 19.95   libegl-mesa0 libegl1 libelf1t64 libepoxy0 libevdev2 libevent-2.1-7t64
replay	Build pinned ARM64 runtime	2026-10-03T19:10:44.6167790Z #8 19.95   libevent-core-2.1-7t64 libevent-dev libevent-extra-2.1-7t64
replay	Build pinned ARM64 runtime	2026-10-03T19:10:44.6168710Z #8 19.95   libevent-openssl-2.1-7t64 libevent-pthreads-2.1-7t64 libexpat1 libfabric1
replay	Build pinned ARM64 runtime	2026-10-03T19:10:44.6169257Z #8 19.95   libfdisk1 libfido2-1 libfontconfig1 libfreetype6 libfribidi0 libgbm1
replay	Build pinned ARM64 runtime	2026-10-03T19:10:44.6169833Z #8 19.95   libgcc-13-dev libgd3 libgdbm-compat4t64 libgdbm6t64 libgdk-pixbuf-2.0-0
replay	Build pinned ARM64 runtime	2026-10-03T19:10:44.6170342Z #8 19.95   libgdk-pixbuf2.0-common libgfortran-13-dev libgfortran5 libgl1
replay	Build pinned ARM64 runtime	2026-10-03T19:10:44.6170947Z #8 19.95   libgl1-mesa-dri libglib2.0-0t64 libglvnd0 libglx-mesa0 libglx0 libgomp1
replay	Build pinned ARM64 runtime	2026-10-03T19:10:44.6171513Z #8 19.95   libgprofng0 libgraphite2-3 libgtk-3-0t64 libgtk-3-common libgudev-1.0-0
replay	Build pinned ARM64 runtime	2026-10-03T19:10:44.6172041Z #8 19.95   libharfbuzz0b libheif-plugin-aomdec libheif1 libhwasan0 libhwloc-dev
replay	Build pinned ARM64 runtime	2026-10-03T19:10:44.6172630Z #8 19.95   libhwloc-plugins libhwloc15 libibverbs-dev libibverbs1 libice-dev libice6
replay	Build pinned ARM64 runtime	2026-10-03T19:10:44.6173176Z #8 19.95   libicu74 libinput-bin libinput10 libisl23 libitm1 libjansson4 libjbig0
replay	Build pinned ARM64 runtime	2026-10-03T19:10:44.6174199Z #8 19.95   libjpeg-turbo8 libjpeg8 libjs-jquery libjs-jquery-ui libjson-c5 libkmod2
replay	Build pinned ARM64 runtime	2026-10-03T19:10:44.6174810Z #8 19.95   liblcms2-2 liblerc4 libllvm20 liblsan0 libltdl-dev libltdl7 liblua5.4-0
replay	Build pinned ARM64 runtime	2026-10-03T19:10:44.6175366Z #8 19.95   libmd4c0 libmpc3 libmpfr6 libmtdev1t64 libmunge2 libncurses-dev libncurses6
replay	Build pinned ARM64 runtime	2026-10-03T19:10:44.6175928Z #8 19.95   libnl-3-200 libnl-3-dev libnl-route-3-200 libnl-route-3-dev libnotify4
replay	Build pinned ARM64 runtime	2026-10-03T19:10:44.6176431Z #8 19.95   libnuma-dev libnuma1 libopenmpi-dev libopenmpi3t64 libpam-systemd
replay	Build pinned ARM64 runtime	2026-10-03T19:10:44.6176916Z #8 19.95   libpango-1.0-0 libpangocairo-1.0-0 libpangoft2-1.0-0 libpciaccess0
replay	Build pinned ARM64 runtime	2026-10-03T19:10:44.6177465Z #8 19.95   libpcre2-16-0 libpcre2-32-0 libperl5.38t64 libpixman-1-0 libpmix-dev
replay	Build pinned ARM64 runtime	2026-10-03T19:10:44.6178496Z #8 19.95   libpmix2t64 libpng16-16t64 libpthread-stubs0-dev libqt5core5t64
replay	Build pinned ARM64 runtime	2026-10-03T19:10:44.6179049Z #8 19.95   libqt5dbus5t64 libqt5gui5t64 libqt5network5t64 libqt5printsupport5t64
replay	Build pinned ARM64 runtime	2026-10-03T19:10:44.6179616Z #8 19.95   libqt5svg5 libqt5widgets5t64 librdmacm1t64 libreadline-dev libreadline8t64
replay	Build pinned ARM64 runtime	2026-10-03T19:10:44.6180175Z #8 19.95   libsensors-config libsensors5 libsframe1 libsharpyuv0 libsm-dev libsm6
replay	Build pinned ARM64 runtime	2026-10-03T19:10:44.6180744Z #8 19.95   libstdc++-13-dev libsystemd-shared libthai-data libthai0 libtiff6 libtsan2
replay	Build pinned ARM64 runtime	2026-10-03T19:10:44.6181285Z #8 19.95   libubsan1 libucx0 libvulkan1 libwacom-common libwacom9 libwayland-client0
replay	Build pinned ARM64 runtime	2026-10-03T19:10:44.6181865Z #8 19.95   libwayland-cursor0 libwayland-egl1 libwebp7 libwebpmux3 libwxbase3.2-1t64
replay	Build pinned ARM64 runtime	2026-10-03T19:10:44.6182410Z #8 19.95   libwxgtk3.2-1t64 libx11-6 libx11-data libx11-dev libx11-xcb1 libxau-dev
replay	Build pinned ARM64 runtime	2026-10-03T19:10:44.6182919Z #8 19.95   libxau6 libxcb-dri3-0 libxcb-glx0 libxcb-icccm4 libxcb-image0
replay	Build pinned ARM64 runtime	2026-10-03T19:10:44.6183466Z #8 19.95   libxcb-keysyms1 libxcb-present0 libxcb-randr0 libxcb-render-util0
replay	Build pinned ARM64 runtime	2026-10-03T19:10:44.6183962Z #8 19.95   libxcb-render0 libxcb-shape0 libxcb-shm0 libxcb-sync1 libxcb-util1
replay	Build pinned ARM64 runtime	2026-10-03T19:10:44.6184481Z #8 19.95   libxcb-xfixes0 libxcb-xinerama0 libxcb-xinput0 libxcb-xkb1 libxcb1
replay	Build pinned ARM64 runtime	2026-10-03T19:10:44.6185013Z #8 19.95   libxcb1-dev libxcomposite1 libxcursor1 libxdamage1 libxdmcp-dev libxdmcp6
replay	Build pinned ARM64 runtime	2026-10-03T19:10:44.6185574Z #8 19.95   libxext6 libxfixes3 libxi6 libxinerama1 libxkbcommon-x11-0 libxkbcommon0
replay	Build pinned ARM64 runtime	2026-10-03T19:10:44.6186209Z #8 19.95   libxml2 libxnvctrl0 libxpm4 libxrandr2 libxrender1 libxshmfence1 libxt-dev
replay	Build pinned ARM64 runtime	2026-10-03T19:10:44.6186745Z #8 19.95   libxt6t64 libxtst6 libxxf86vm1 linux-libc-dev m4 make mesa-libgallium
replay	Build pinned ARM64 runtime	2026-10-03T19:10:44.6187316Z #8 19.95   ocl-icd-libopencl1 openfoam13 openmpi-bin openmpi-common openssh-client perl
replay	Build pinned ARM64 runtime	2026-10-03T19:10:44.6187881Z #8 19.95   perl-modules-5.38 readline-common rpcsvc-proto shared-mime-info systemd
replay	Build pinned ARM64 runtime	2026-10-03T19:10:44.6188702Z #8 19.95   systemd-dev systemd-sysv ubuntu-mono x11-common x11proto-dev xkb-data
replay	Build pinned ARM64 runtime	2026-10-03T19:10:44.6189219Z #8 19.95   xorg-sgml-doctools xtrans-dev zlib1g-dev
replay	Build pinned ARM64 runtime	2026-10-03T19:10:44.6189777Z #8 19.95 The following packages will be upgraded:
replay	Build pinned ARM64 runtime	2026-10-03T19:10:44.6190240Z #8 19.95   bsdutils libblkid1 libc-bin libc6 libmount1 libncursesw6 libsmartcols1
replay	Build pinned ARM64 runtime	2026-10-03T19:10:44.6190797Z #8 19.95   libtinfo6 libuuid1 mount ncurses-base ncurses-bin perl-base util-linux
replay	Build pinned ARM64 runtime	2026-10-03T19:10:44.6191188Z #8 19.95   zlib1g
replay	Build pinned ARM64 runtime	2026-10-03T19:10:44.7197344Z #8 20.21 15 upgraded, 284 newly installed, 0 to remove and 16 not upgraded.
replay	Build pinned ARM64 runtime	2026-10-03T19:10:44.7198523Z #8 20.21 Need to get 221 MB/336 MB of archives.
replay	Build pinned ARM64 runtime	2026-10-03T19:10:44.7199254Z #8 20.21 After this operation, 1509 MB of additional disk space will be used.
replay	Build pinned ARM64 runtime	2026-10-03T19:10:44.7199932Z #8 20.21 Get:1 http://ports.ubuntu.com/ubuntu-ports noble-updates/main arm64 bsdutils arm64 1:2.39.3-9ubuntu6.6 [99.1 kB]
replay	Build pinned ARM64 runtime	2026-10-03T19:10:44.9403358Z #8 20.43 Get:2 http://ports.ubuntu.com/ubuntu-ports noble-updates/main arm64 ncurses-bin arm64 6.4+20240113-1ubuntu2.2 [186 kB]
replay	Build pinned ARM64 runtime	2026-10-03T19:10:45.0412100Z #8 20.50 Get:3 /tmp/openfoam13.deb openfoam13 arm64 20260624 [115 MB]
replay	Build pinned ARM64 runtime	2026-10-03T19:10:45.0412950Z #8 20.53 Get:4 http://ports.ubuntu.com/ubuntu-ports noble-updates/main arm64 perl-base arm64 5.38.2-3.2ubuntu0.6 [1780 kB]
replay	Build pinned ARM64 runtime	2026-10-03T19:10:45.2900275Z #8 20.78 Get:5 http://ports.ubuntu.com/ubuntu-ports noble-updates/main arm64 util-linux arm64 2.39.3-9ubuntu6.6 [1116 kB]
replay	Build pinned ARM64 runtime	2026-10-03T19:10:45.4521060Z #8 20.86 Get:6 http://ports.ubuntu.com/ubuntu-ports noble-updates/main arm64 libc6 arm64 2.39-0ubuntu8.9 [2776 kB]
replay	Build pinned ARM64 runtime	2026-10-03T19:10:45.4522219Z #8 20.94 Get:7 http://ports.ubuntu.com/ubuntu-ports noble-updates/main arm64 libc-bin arm64 2.39-0ubuntu8.9 [591 kB]
replay	Build pinned ARM64 runtime	2026-10-03T19:10:45.5599347Z #8 20.97 Get:8 http://ports.ubuntu.com/ubuntu-ports noble-updates/main arm64 ncurses-base all 6.4+20240113-1ubuntu2.2 [25.8 kB]
replay	Build pinned ARM64 runtime	2026-10-03T19:10:45.5600302Z #8 20.97 Get:9 http://ports.ubuntu.com/ubuntu-ports noble-updates/main arm64 mount arm64 2.39.3-9ubuntu6.6 [116 kB]
replay	Build pinned ARM64 runtime	2026-10-03T19:10:45.5602153Z #8 20.97 Get:10 http://ports.ubuntu.com/ubuntu-ports noble-updates/main arm64 libapparmor1 arm64 4.0.1really4.0.1-0ubuntu0.24.04.8 [51.9 kB]
replay	Build pinned ARM64 runtime	2026-10-03T19:10:45.5603564Z #8 20.97 Get:11 http://ports.ubuntu.com/ubuntu-ports noble/main arm64 libargon2-1 arm64 0~20190702+dfsg-4build1 [20.5 kB]
replay	Build pinned ARM64 runtime	2026-10-03T19:10:45.5604679Z #8 20.97 Get:12 http://ports.ubuntu.com/ubuntu-ports noble-updates/main arm64 libblkid1 arm64 2.39.3-9ubuntu6.6 [124 kB]
replay	Build pinned ARM64 runtime	2026-10-03T19:10:45.5605523Z #8 20.97 Get:13 http://ports.ubuntu.com/ubuntu-ports noble-updates/main arm64 libdevmapper1.02.1 arm64 2:1.02.185-3ubuntu3.2 [128 kB]
replay	Build pinned ARM64 runtime	2026-10-03T19:10:45.5606310Z #8 20.97 Get:14 http://ports.ubuntu.com/ubuntu-ports noble/main arm64 libjson-c5 arm64 0.17-1build1 [36.4 kB]
replay	Build pinned ARM64 runtime	2026-10-03T19:10:45.5607097Z #8 20.97 Get:15 http://ports.ubuntu.com/ubuntu-ports noble-updates/main arm64 libuuid1 arm64 2.39.3-9ubuntu6.6 [36.8 kB]
replay	Build pinned ARM64 runtime	2026-10-03T19:10:45.5607931Z #8 20.99 Get:16 http://ports.ubuntu.com/ubuntu-ports noble-updates/main arm64 libcryptsetup12 arm64 2:2.7.0-1ubuntu4.2 [261 kB]
replay	Build pinned ARM64 runtime	2026-10-03T19:10:45.5608930Z #8 21.05 Get:17 http://ports.ubuntu.com/ubuntu-ports noble-updates/main arm64 libfdisk1 arm64 2.39.3-9ubuntu6.6 [142 kB]
replay	Build pinned ARM64 runtime	2026-10-03T19:10:45.6843158Z #8 21.05 Get:18 http://ports.ubuntu.com/ubuntu-ports noble-security/main arm64 libkmod2 arm64 31+20240202-2ubuntu7.2 [52.0 kB]
replay	Build pinned ARM64 runtime	2026-10-03T19:10:45.6844099Z #8 21.05 Get:19 http://ports.ubuntu.com/ubuntu-ports noble-updates/main arm64 libmount1 arm64 2.39.3-9ubuntu6.6 [134 kB]
replay	Build pinned ARM64 runtime	2026-10-03T19:10:45.6845186Z #8 21.05 Get:20 http://ports.ubuntu.com/ubuntu-ports noble-updates/main arm64 libsystemd-shared arm64 255.4-1ubuntu8.17 [2021 kB]
replay	Build pinned ARM64 runtime	2026-10-03T19:10:45.6846279Z #8 21.07 Get:21 http://ports.ubuntu.com/ubuntu-ports noble-updates/main arm64 systemd-dev all 255.4-1ubuntu8.17 [107 kB]
replay	Build pinned ARM64 runtime	2026-10-03T19:10:45.6847357Z #8 21.07 Get:22 http://ports.ubuntu.com/ubuntu-ports noble-updates/main arm64 systemd arm64 255.4-1ubuntu8.17 [3407 kB]
replay	Build pinned ARM64 runtime	2026-10-03T19:10:45.6848419Z #8 21.12 Get:23 http://ports.ubuntu.com/ubuntu-ports noble-updates/main arm64 systemd-sysv arm64 255.4-1ubuntu8.17 [11.9 kB]
replay	Build pinned ARM64 runtime	2026-10-03T19:10:45.6849476Z #8 21.12 Get:24 http://ports.ubuntu.com/ubuntu-ports noble/main arm64 m4 arm64 1.4.19-4build1 [240 kB]
replay	Build pinned ARM64 runtime	2026-10-03T19:10:45.6850202Z #8 21.13 Get:25 http://ports.ubuntu.com/ubuntu-ports noble/main arm64 flex arm64 2.6.4-8.2build1 [291 kB]
replay	Build pinned ARM64 runtime	2026-10-03T19:10:45.6850956Z #8 21.13 Get:26 http://ports.ubuntu.com/ubuntu-ports noble-updates/main arm64 perl-modules-5.38 all 5.38.2-3.2ubuntu0.6 [3110 kB]
replay	Build pinned ARM64 runtime	2026-10-03T19:10:45.6851775Z #8 21.17 Get:27 http://ports.ubuntu.com/ubuntu-ports noble/main arm64 libgdbm6t64 arm64 1.23-5.1build1 [34.4 kB]
replay	Build pinned ARM64 runtime	2026-10-03T19:10:45.8279772Z #8 21.17 Get:28 http://ports.ubuntu.com/ubuntu-ports noble/main arm64 libgdbm-compat4t64 arm64 1.23-5.1build1 [6578 B]
replay	Build pinned ARM64 runtime	2026-10-03T19:10:45.8281018Z #8 21.17 Get:29 http://ports.ubuntu.com/ubuntu-ports noble-updates/main arm64 zlib1g arm64 1:1.3.dfsg-3.1ubuntu2.2 [61.9 kB]
replay	Build pinned ARM64 runtime	2026-10-03T19:10:45.8281920Z #8 21.17 Get:30 http://ports.ubuntu.com/ubuntu-ports noble-updates/main arm64 libperl5.38t64 arm64 5.38.2-3.2ubuntu0.6 [4785 kB]
replay	Build pinned ARM64 runtime	2026-10-03T19:10:45.8282791Z #8 21.21 Get:31 http://ports.ubuntu.com/ubuntu-ports noble-updates/main arm64 perl arm64 5.38.2-3.2ubuntu0.6 [231 kB]
replay	Build pinned ARM64 runtime	2026-10-03T19:10:45.8283584Z #8 21.22 Get:32 http://ports.ubuntu.com/ubuntu-ports noble-updates/main arm64 libsmartcols1 arm64 2.39.3-9ubuntu6.6 [65.8 kB]
replay	Build pinned ARM64 runtime	2026-10-03T19:10:45.8284417Z #8 21.22 Get:33 http://ports.ubuntu.com/ubuntu-ports noble-updates/main arm64 libncursesw6 arm64 6.4+20240113-1ubuntu2.2 [146 kB]
replay	Build pinned ARM64 runtime	2026-10-03T19:10:45.8285240Z #8 21.22 Get:34 http://ports.ubuntu.com/ubuntu-ports noble-updates/main arm64 libtinfo6 arm64 6.4+20240113-1ubuntu2.2 [105 kB]
replay	Build pinned ARM64 runtime	2026-10-03T19:10:45.8286088Z #8 21.22 Get:35 http://ports.ubuntu.com/ubuntu-ports noble/main arm64 adduser all 3.137ubuntu1 [101 kB]
replay	Build pinned ARM64 runtime	2026-10-03T19:10:45.8286856Z #8 21.26 Get:36 http://ports.ubuntu.com/ubuntu-ports noble-updates/main arm64 libdbus-1-3 arm64 1.14.10-4ubuntu4.1 [210 kB]
replay	Build pinned ARM64 runtime	2026-10-03T19:10:45.8288378Z #8 21.26 Get:37 http://ports.ubuntu.com/ubuntu-ports noble-updates/main arm64 dbus-bin arm64 1.14.10-4ubuntu4.1 [38.8 kB]
replay	Build pinned ARM64 runtime	2026-10-03T19:10:45.8289330Z #8 21.26 Get:38 http://ports.ubuntu.com/ubuntu-ports noble-updates/main arm64 dbus-session-bus-common all 1.14.10-4ubuntu4.1 [80.5 kB]
replay	Build pinned ARM64 runtime	2026-10-03T19:10:45.8290161Z #8 21.26 Get:39 http://ports.ubuntu.com/ubuntu-ports noble-updates/main arm64 libexpat1 arm64 2.6.1-2ubuntu0.6 [89.8 kB]
replay	Build pinned ARM64 runtime	2026-10-03T19:10:45.8291163Z #8 21.31 Get:40 http://ports.ubuntu.com/ubuntu-ports noble-updates/main arm64 dbus-daemon arm64 1.14.10-4ubuntu4.1 [115 kB]
replay	Build pinned ARM64 runtime	2026-10-03T19:10:45.9507947Z #8 21.31 Get:41 http://ports.ubuntu.com/ubuntu-ports noble-updates/main arm64 dbus-system-bus-common all 1.14.10-4ubuntu4.1 [81.6 kB]
replay	Build pinned ARM64 runtime	2026-10-03T19:10:45.9509036Z #8 21.32 Get:42 http://ports.ubuntu.com/ubuntu-ports noble-updates/main arm64 dbus arm64 1.14.10-4ubuntu4.1 [23.9 kB]
replay	Build pinned ARM64 runtime	2026-10-03T19:10:45.9510086Z #8 21.32 Get:43 http://ports.ubuntu.com/ubuntu-ports noble-updates/main arm64 libpam-systemd arm64 255.4-1ubuntu8.17 [232 kB]
replay	Build pinned ARM64 runtime	2026-10-03T19:10:45.9510972Z #8 21.32 Get:44 http://ports.ubuntu.com/ubuntu-ports noble-updates/main arm64 dbus-user-session arm64 1.14.10-4ubuntu4.1 [9968 B]
replay	Build pinned ARM64 runtime	2026-10-03T19:10:45.9511775Z #8 21.32 Get:45 http://ports.ubuntu.com/ubuntu-ports noble-updates/main arm64 libbsd0 arm64 0.12.1-1build1.1 [41.0 kB]
replay	Build pinned ARM64 runtime	2026-10-03T19:10:45.9512588Z #8 21.37 Get:46 http://ports.ubuntu.com/ubuntu-ports noble-updates/main arm64 libelf1t64 arm64 0.190-1.1ubuntu0.1 [58.4 kB]
replay	Build pinned ARM64 runtime	2026-10-03T19:10:45.9513332Z #8 21.37 Get:47 http://ports.ubuntu.com/ubuntu-ports noble/main arm64 libfribidi0 arm64 1.0.13-3build1 [26.5 kB]
replay	Build pinned ARM64 runtime	2026-10-03T19:10:45.9514119Z #8 21.37 Get:48 http://ports.ubuntu.com/ubuntu-ports noble-updates/main arm64 libglib2.0-0t64 arm64 2.80.0-6ubuntu3.9 [1533 kB]
replay	Build pinned ARM64 runtime	2026-10-03T19:10:45.9514953Z #8 21.38 Get:49 http://ports.ubuntu.com/ubuntu-ports noble-updates/main arm64 libicu74 arm64 74.2-1ubuntu3.1 [10.8 MB]
replay	Build pinned ARM64 runtime	2026-10-03T19:10:45.9515692Z #8 21.44 Get:50 http://ports.ubuntu.com/ubuntu-ports noble/main arm64 readline-common all 8.2-4build1 [56.5 kB]
replay	Build pinned ARM64 runtime	2026-10-03T19:10:46.0970612Z #8 21.44 Get:51 http://ports.ubuntu.com/ubuntu-ports noble/main arm64 libreadline8t64 arm64 8.2-4build1 [153 kB]
replay	Build pinned ARM64 runtime	2026-10-03T19:10:46.0971585Z #8 21.44 Get:52 http://ports.ubuntu.com/ubuntu-ports noble-updates/main arm64 libxml2 arm64 2.9.14+dfsg-1.3ubuntu3.9 [737 kB]
replay	Build pinned ARM64 runtime	2026-10-03T19:10:46.0972654Z #8 21.44 Get:53 http://ports.ubuntu.com/ubuntu-ports noble/main arm64 shared-mime-info arm64 2.4-4 [472 kB]
replay	Build pinned ARM64 runtime	2026-10-03T19:10:46.0973421Z #8 21.44 Get:54 http://ports.ubuntu.com/ubuntu-ports noble-updates/main arm64 xkb-data all 2.41-2ubuntu1.1 [397 kB]
replay	Build pinned ARM64 runtime	2026-10-03T19:10:46.0974499Z #8 21.45 Get:55 http://ports.ubuntu.com/ubuntu-ports noble-updates/main arm64 libnl-3-200 arm64 3.7.0-0.3build1.1 [57.5 kB]
replay	Build pinned ARM64 runtime	2026-10-03T19:10:46.0975392Z #8 21.48 Get:56 http://ports.ubuntu.com/ubuntu-ports noble-updates/main arm64 libnl-route-3-200 arm64 3.7.0-0.3build1.1 [182 kB]
replay	Build pinned ARM64 runtime	2026-10-03T19:10:46.0976221Z #8 21.48 Get:57 http://ports.ubuntu.com/ubuntu-ports noble-updates/main arm64 libibverbs1 arm64 50.0-2ubuntu0.2 [67.5 kB]
replay	Build pinned ARM64 runtime	2026-10-03T19:10:46.0977649Z #8 21.48 Get:58 http://ports.ubuntu.com/ubuntu-ports noble-updates/main arm64 ibverbs-providers arm64 50.0-2ubuntu0.2 [375 kB]
replay	Build pinned ARM64 runtime	2026-10-03T19:10:46.0979209Z #8 21.53 Get:59 http://ports.ubuntu.com/ubuntu-ports noble/main arm64 libcbor0.10 arm64 0.10.2-1.2ubuntu2 [26.0 kB]
replay	Build pinned ARM64 runtime	2026-10-03T19:10:46.0980153Z #8 21.53 Get:60 http://ports.ubuntu.com/ubuntu-ports noble-updates/main arm64 libdrm-common all 2.4.125-1ubuntu0.1~24.04.2 [9250 B]
replay	Build pinned ARM64 runtime	2026-10-03T19:10:46.0981104Z #8 21.53 Get:61 http://ports.ubuntu.com/ubuntu-ports noble-updates/main arm64 libdrm2 arm64 2.4.125-1ubuntu0.1~24.04.2 [42.9 kB]
replay	Build pinned ARM64 runtime	2026-10-03T19:10:46.0981871Z #8 21.53 Get:62 http://ports.ubuntu.com/ubuntu-ports noble/main arm64 libedit2 arm64 3.1-20230828-1build1 [97.5 kB]
replay	Build pinned ARM64 runtime	2026-10-03T19:10:46.0982625Z #8 21.53 Get:63 http://ports.ubuntu.com/ubuntu-ports noble/main arm64 libevdev2 arm64 1.13.1+dfsg-1build1 [35.8 kB]
replay	Build pinned ARM64 runtime	2026-10-03T19:10:46.0983788Z #8 21.53 Get:64 http://ports.ubuntu.com/ubuntu-ports noble/main arm64 libfido2-1 arm64 1.14.0-1build3 [82.5 kB]
replay	Build pinned ARM64 runtime	2026-10-03T19:10:46.0984512Z #8 21.53 Get:65 http://ports.ubuntu.com/ubuntu-ports noble/main arm64 libjansson4 arm64 2.14-2build2 [34.4 kB]
replay	Build pinned ARM64 runtime	2026-10-03T19:10:46.0985326Z #8 21.58 Get:66 http://ports.ubuntu.com/ubuntu-ports noble-updates/main arm64 libncurses6 arm64 6.4+20240113-1ubuntu2.2 [110 kB]
replay	Build pinned ARM64 runtime	2026-10-03T19:10:46.2048687Z #8 21.58 Get:67 http://ports.ubuntu.com/ubuntu-ports noble-updates/main arm64 libnuma1 arm64 2.0.18-1ubuntu0.24.04.1 [23.7 kB]
replay	Build pinned ARM64 runtime	2026-10-03T19:10:46.2050991Z #8 21.58 Get:68 http://ports.ubuntu.com/ubuntu-ports noble-updates/main arm64 libpng16-16t64 arm64 1.6.43-5ubuntu0.6 [187 kB]
replay	Build pinned ARM64 runtime	2026-10-03T19:10:46.2054276Z #8 21.64 Get:69 http://ports.ubuntu.com/ubuntu-ports noble/main arm64 libsensors-config all 1:3.6.0-9build1 [5546 B]
replay	Build pinned ARM64 runtime	2026-10-03T19:10:46.2055803Z #8 21.64 Get:70 http://ports.ubuntu.com/ubuntu-ports noble/main arm64 libsensors5 arm64 1:3.6.0-9build1 [27.0 kB]
replay	Build pinned ARM64 runtime	2026-10-03T19:10:46.2056780Z #8 21.64 Get:71 http://ports.ubuntu.com/ubuntu-ports noble/main arm64 libxau6 arm64 1:1.0.9-1build6 [7264 B]
replay	Build pinned ARM64 runtime	2026-10-03T19:10:46.2057515Z #8 21.64 Get:72 http://ports.ubuntu.com/ubuntu-ports noble/main arm64 libxdmcp6 arm64 1:1.1.3-0ubuntu6 [10.4 kB]
replay	Build pinned ARM64 runtime	2026-10-03T19:10:46.2058398Z #8 21.64 Get:73 http://ports.ubuntu.com/ubuntu-ports noble/main arm64 libxcb1 arm64 1.15-1ubuntu2 [49.4 kB]
replay	Build pinned ARM64 runtime	2026-10-03T19:10:46.2059106Z #8 21.64 Get:74 http://ports.ubuntu.com/ubuntu-ports noble/main arm64 libx11-data all 2:1.8.7-1build1 [115 kB]
replay	Build pinned ARM64 runtime	2026-10-03T19:10:46.2059810Z #8 21.64 Get:75 http://ports.ubuntu.com/ubuntu-ports noble/main arm64 libx11-6 arm64 2:1.8.7-1build1 [649 kB]
replay	Build pinned ARM64 runtime	2026-10-03T19:10:46.2060579Z #8 21.69 Get:76 http://ports.ubuntu.com/ubuntu-ports noble/main arm64 libxext6 arm64 2:1.3.4-1build2 [30.4 kB]
replay	Build pinned ARM64 runtime	2026-10-03T19:10:46.3121965Z #8 21.69 Get:77 http://ports.ubuntu.com/ubuntu-ports noble/main arm64 libxkbcommon0 arm64 1.6.0-1build1 [122 kB]
replay	Build pinned ARM64 runtime	2026-10-03T19:10:46.3123281Z #8 21.69 Get:78 http://ports.ubuntu.com/ubuntu-ports noble-updates/main arm64 openssh-client arm64 1:9.6p1-3ubuntu13.19 [890 kB]
replay	Build pinned ARM64 runtime	2026-10-03T19:10:46.3124511Z #8 21.74 Get:79 http://ports.ubuntu.com/ubuntu-ports noble-updates/main arm64 libgdk-pixbuf2.0-common all 2.42.10+dfsg-3ubuntu3.3 [8302 B]
replay	Build pinned ARM64 runtime	2026-10-03T19:10:46.3125339Z #8 21.74 Get:80 http://ports.ubuntu.com/ubuntu-ports noble/main arm64 libjpeg-turbo8 arm64 2.1.5-2ubuntu2 [163 kB]
replay	Build pinned ARM64 runtime	2026-10-03T19:10:46.3126107Z #8 21.75 Get:81 http://ports.ubuntu.com/ubuntu-ports noble/main arm64 libjpeg8 arm64 8c-2ubuntu11 [2148 B]
replay	Build pinned ARM64 runtime	2026-10-03T19:10:46.3126871Z #8 21.75 Get:82 http://ports.ubuntu.com/ubuntu-ports noble-updates/main arm64 libdeflate0 arm64 1.19-1build1.1 [43.5 kB]
replay	Build pinned ARM64 runtime	2026-10-03T19:10:46.3127630Z #8 21.75 Get:83 http://ports.ubuntu.com/ubuntu-ports noble/main arm64 libjbig0 arm64 2.1-6.1ubuntu2 [29.3 kB]
replay	Build pinned ARM64 runtime	2026-10-03T19:10:46.3128709Z #8 21.75 Get:84 http://ports.ubuntu.com/ubuntu-ports noble/main arm64 liblerc4 arm64 4.0.0+ds-4ubuntu2 [154 kB]
replay	Build pinned ARM64 runtime	2026-10-03T19:10:46.3129473Z #8 21.75 Get:85 http://ports.ubuntu.com/ubuntu-ports noble/main arm64 libsharpyuv0 arm64 1.3.2-0.4build3 [14.5 kB]
replay	Build pinned ARM64 runtime	2026-10-03T19:10:46.3130258Z #8 21.80 Get:86 http://ports.ubuntu.com/ubuntu-ports noble/main arm64 libwebp7 arm64 1.3.2-0.4build3 [191 kB]
replay	Build pinned ARM64 runtime	2026-10-03T19:10:46.4193948Z #8 21.80 Get:87 http://ports.ubuntu.com/ubuntu-ports noble-updates/main arm64 libtiff6 arm64 4.5.1+git230720-4ubuntu2.5 [192 kB]
replay	Build pinned ARM64 runtime	2026-10-03T19:10:46.4195233Z #8 21.80 Get:88 http://ports.ubuntu.com/ubuntu-ports noble-updates/main arm64 libgdk-pixbuf-2.0-0 arm64 2.42.10+dfsg-3ubuntu3.3 [146 kB]
replay	Build pinned ARM64 runtime	2026-10-03T19:10:46.4196420Z #8 21.85 Get:89 http://ports.ubuntu.com/ubuntu-ports noble-updates/main arm64 gtk-update-icon-cache arm64 3.24.41-4ubuntu1.3 [52.2 kB]
replay	Build pinned ARM64 runtime	2026-10-03T19:10:46.4197220Z #8 21.85 Get:90 http://ports.ubuntu.com/ubuntu-ports noble/main arm64 hicolor-icon-theme all 0.17-2 [9976 B]
replay	Build pinned ARM64 runtime	2026-10-03T19:10:46.4197989Z #8 21.85 Get:91 http://ports.ubuntu.com/ubuntu-ports noble/main arm64 humanity-icon-theme all 0.6.16 [1282 kB]
replay	Build pinned ARM64 runtime	2026-10-03T19:10:46.4199212Z #8 21.86 Get:92 http://ports.ubuntu.com/ubuntu-ports noble/main arm64 ubuntu-mono all 24.04-0ubuntu1 [151 kB]
replay	Build pinned ARM64 runtime	2026-10-03T19:10:46.4200026Z #8 21.86 Get:93 http://ports.ubuntu.com/ubuntu-ports noble/main arm64 adwaita-icon-theme all 46.0-1 [723 kB]
replay	Build pinned ARM64 runtime	2026-10-03T19:10:46.4200729Z #8 21.86 Get:94 http://ports.ubuntu.com/ubuntu-ports noble/main arm64 at-spi2-common all 2.52.0-1build1 [8674 B]
replay	Build pinned ARM64 runtime	2026-10-03T19:10:46.4201384Z #8 21.86 Get:95 http://ports.ubuntu.com/ubuntu-ports noble/main arm64 autoconf all 2.71-3 [339 kB]
replay	Build pinned ARM64 runtime	2026-10-03T19:10:46.4202065Z #8 21.91 Get:96 http://ports.ubuntu.com/ubuntu-ports noble/main arm64 autotools-dev all 20220109.1 [44.9 kB]
replay	Build pinned ARM64 runtime	2026-10-03T19:10:46.6294008Z #8 21.91 Get:97 http://ports.ubuntu.com/ubuntu-ports noble/main arm64 automake all 1:1.16.5-1.3ubuntu1 [558 kB]
replay	Build pinned ARM64 runtime	2026-10-03T19:10:46.6295257Z #8 21.91 Get:98 http://ports.ubuntu.com/ubuntu-ports noble-updates/main arm64 binutils-common arm64 2.42-4ubuntu2.10 [240 kB]
replay	Build pinned ARM64 runtime	2026-10-03T19:10:46.6296109Z #8 21.96 Get:99 http://ports.ubuntu.com/ubuntu-ports noble-updates/main arm64 libsframe1 arm64 2.42-4ubuntu2.10 [15.4 kB]
replay	Build pinned ARM64 runtime	2026-10-03T19:10:46.6296903Z #8 21.96 Get:100 http://ports.ubuntu.com/ubuntu-ports noble-updates/main arm64 libbinutils arm64 2.42-4ubuntu2.10 [766 kB]
replay	Build pinned ARM64 runtime	2026-10-03T19:10:46.6297769Z #8 21.96 Get:101 http://ports.ubuntu.com/ubuntu-ports noble-updates/main arm64 libctf-nobfd0 arm64 2.42-4ubuntu2.10 [101 kB]
replay	Build pinned ARM64 runtime	2026-10-03T19:10:46.6298886Z #8 21.96 Get:102 http://ports.ubuntu.com/ubuntu-ports noble-updates/main arm64 libctf0 arm64 2.42-4ubuntu2.10 [95.7 kB]
replay	Build pinned ARM64 runtime	2026-10-03T19:10:46.7656290Z #8 22.25 Get:103 http://ports.ubuntu.com/ubuntu-ports noble-updates/main arm64 libgprofng0 arm64 2.42-4ubuntu2.10 [776 kB]
replay	Build pinned ARM64 runtime	2026-10-03T19:10:47.9334578Z #8 23.42 Get:104 http://ports.ubuntu.com/ubuntu-ports noble-updates/main arm64 binutils-aarch64-linux-gnu arm64 2.42-4ubuntu2.10 [3304 kB]
replay	Build pinned ARM64 runtime	2026-10-03T19:10:48.5469453Z #8 24.03 Get:105 http://ports.ubuntu.com/ubuntu-ports noble-updates/main arm64 binutils arm64 2.42-4ubuntu2.10 [18.1 kB]
replay	Build pinned ARM64 runtime	2026-10-03T19:10:48.6522190Z #8 24.03 Get:106 http://ports.ubuntu.com/ubuntu-ports noble-updates/main arm64 gcc-13-base arm64 13.3.0-6ubuntu2~24.04.1 [51.6 kB]
replay	Build pinned ARM64 runtime	2026-10-03T19:10:48.6523507Z #8 24.04 Get:107 http://ports.ubuntu.com/ubuntu-ports noble-updates/main arm64 libisl23 arm64 0.26-3build1.1 [669 kB]
replay	Build pinned ARM64 runtime	2026-10-03T19:10:48.6524500Z #8 24.08 Get:108 http://ports.ubuntu.com/ubuntu-ports noble-updates/main arm64 libmpfr6 arm64 4.2.1-1build1.1 [329 kB]
replay	Build pinned ARM64 runtime	2026-10-03T19:10:48.6525331Z #8 24.14 Get:109 http://ports.ubuntu.com/ubuntu-ports noble-updates/main arm64 libmpc3 arm64 1.3.1-1build1.1 [56.4 kB]
replay	Build pinned ARM64 runtime	2026-10-03T19:10:48.8065378Z #8 24.14 Get:110 http://ports.ubuntu.com/ubuntu-ports noble-updates/main arm64 cpp-13-aarch64-linux-gnu arm64 13.3.0-6ubuntu2~24.04.1 [9560 kB]
replay	Build pinned ARM64 runtime	2026-10-03T19:10:49.0858040Z #8 24.57 Get:111 http://ports.ubuntu.com/ubuntu-ports noble-updates/main arm64 cpp-13 arm64 13.3.0-6ubuntu2~24.04.1 [1038 B]
replay	Build pinned ARM64 runtime	2026-10-03T19:10:49.2284813Z #8 24.57 Get:112 http://ports.ubuntu.com/ubuntu-ports noble/main arm64 cpp-aarch64-linux-gnu arm64 4:13.2.0-7ubuntu1 [5316 B]
replay	Build pinned ARM64 runtime	2026-10-03T19:10:49.2286537Z #8 24.57 Get:113 http://ports.ubuntu.com/ubuntu-ports noble/main arm64 cpp arm64 4:13.2.0-7ubuntu1 [22.4 kB]
replay	Build pinned ARM64 runtime	2026-10-03T19:10:49.2288003Z #8 24.57 Get:114 http://ports.ubuntu.com/ubuntu-ports noble-updates/main arm64 libdconf1 arm64 0.40.0-4ubuntu0.1 [39.9 kB]
replay	Build pinned ARM64 runtime	2026-10-03T19:10:49.2289008Z #8 24.57 Get:115 http://ports.ubuntu.com/ubuntu-ports noble-updates/main arm64 dconf-service arm64 0.40.0-4ubuntu0.1 [27.0 kB]
replay	Build pinned ARM64 runtime	2026-10-03T19:10:49.2289878Z #8 24.57 Get:116 http://ports.ubuntu.com/ubuntu-ports noble-updates/main arm64 dconf-gsettings-backend arm64 0.40.0-4ubuntu0.1 [22.0 kB]
replay	Build pinned ARM64 runtime	2026-10-03T19:10:49.2290865Z #8 24.57 Get:117 http://ports.ubuntu.com/ubuntu-ports noble-updates/main arm64 libfreetype6 arm64 2.13.2+dfsg-1ubuntu0.1 [394 kB]
replay	Build pinned ARM64 runtime	2026-10-03T19:10:49.2291625Z #8 24.58 Get:118 http://ports.ubuntu.com/ubuntu-ports noble/main arm64 fonts-dejavu-mono all 2.37-8 [502 kB]
replay	Build pinned ARM64 runtime	2026-10-03T19:10:49.2292626Z #8 24.59 Get:119 http://ports.ubuntu.com/ubuntu-ports noble/main arm64 fonts-dejavu-core all 2.37-8 [835 kB]
replay	Build pinned ARM64 runtime	2026-10-03T19:10:49.2293372Z #8 24.71 Get:120 http://ports.ubuntu.com/ubuntu-ports noble/main arm64 fontconfig-config arm64 2.15.0-1.1ubuntu2 [37.4 kB]
replay	Build pinned ARM64 runtime	2026-10-03T19:10:49.3697264Z #8 24.71 Get:121 http://ports.ubuntu.com/ubuntu-ports noble/main arm64 libfontconfig1 arm64 2.15.0-1.1ubuntu2 [142 kB]
replay	Build pinned ARM64 runtime	2026-10-03T19:10:49.3700661Z #8 24.72 Get:122 http://ports.ubuntu.com/ubuntu-ports noble/main arm64 fontconfig arm64 2.15.0-1.1ubuntu2 [190 kB]
replay	Build pinned ARM64 runtime	2026-10-03T19:10:49.3701775Z #8 24.86 Get:123 http://ports.ubuntu.com/ubuntu-ports noble-updates/main arm64 libcc1-0 arm64 14.2.0-4ubuntu2~24.04.1 [49.7 kB]
replay	Build pinned ARM64 runtime	2026-10-03T19:10:49.5148669Z #8 24.86 Get:124 http://ports.ubuntu.com/ubuntu-ports noble-updates/main arm64 libgomp1 arm64 14.2.0-4ubuntu2~24.04.1 [145 kB]
replay	Build pinned ARM64 runtime	2026-10-03T19:10:49.5149752Z #8 24.86 Get:125 http://ports.ubuntu.com/ubuntu-ports noble-updates/main arm64 libitm1 arm64 14.2.0-4ubuntu2~24.04.1 [28.2 kB]
replay	Build pinned ARM64 runtime	2026-10-03T19:10:49.5150897Z #8 24.86 Get:126 http://ports.ubuntu.com/ubuntu-ports noble-updates/main arm64 libatomic1 arm64 14.2.0-4ubuntu2~24.04.1 [11.6 kB]
replay	Build pinned ARM64 runtime	2026-10-03T19:10:49.5151737Z #8 24.86 Get:127 http://ports.ubuntu.com/ubuntu-ports noble-updates/main arm64 libasan8 arm64 14.2.0-4ubuntu2~24.04.1 [2928 kB]
replay	Build pinned ARM64 runtime	2026-10-03T19:10:49.5152616Z #8 24.89 Get:128 http://ports.ubuntu.com/ubuntu-ports noble-updates/main arm64 liblsan0 arm64 14.2.0-4ubuntu2~24.04.1 [1289 kB]
replay	Build pinned ARM64 runtime	2026-10-03T19:10:49.5153433Z #8 24.90 Get:129 http://ports.ubuntu.com/ubuntu-ports noble-updates/main arm64 libtsan2 arm64 14.2.0-4ubuntu2~24.04.1 [2697 kB]
replay	Build pinned ARM64 runtime	2026-10-03T19:10:49.5154239Z #8 25.00 Get:130 http://ports.ubuntu.com/ubuntu-ports noble-updates/main arm64 libubsan1 arm64 14.2.0-4ubuntu2~24.04.1 [1157 kB]
replay	Build pinned ARM64 runtime	2026-10-03T19:10:49.6513250Z #8 25.01 Get:131 http://ports.ubuntu.com/ubuntu-ports noble-updates/main arm64 libhwasan0 arm64 14.2.0-4ubuntu2~24.04.1 [1605 kB]
replay	Build pinned ARM64 runtime	2026-10-03T19:10:49.6514307Z #8 25.03 Get:132 http://ports.ubuntu.com/ubuntu-ports noble-updates/main arm64 libgcc-13-dev arm64 13.3.0-6ubuntu2~24.04.1 [2473 kB]
replay	Build pinned ARM64 runtime	2026-10-03T19:10:49.6515477Z #8 25.14 Get:133 http://ports.ubuntu.com/ubuntu-ports noble-updates/main arm64 gcc-13-aarch64-linux-gnu arm64 13.3.0-6ubuntu2~24.04.1 [18.7 MB]
replay	Build pinned ARM64 runtime	2026-10-03T19:10:49.8326159Z #8 25.32 Get:134 http://ports.ubuntu.com/ubuntu-ports noble-updates/main arm64 gcc-13 arm64 13.3.0-6ubuntu2~24.04.1 [484 kB]
replay	Build pinned ARM64 runtime	2026-10-03T19:10:49.9756053Z #8 25.32 Get:135 http://ports.ubuntu.com/ubuntu-ports noble/main arm64 gcc-aarch64-linux-gnu arm64 4:13.2.0-7ubuntu1 [1198 B]
replay	Build pinned ARM64 runtime	2026-10-03T19:10:49.9756934Z #8 25.32 Get:136 http://ports.ubuntu.com/ubuntu-ports noble/main arm64 gcc arm64 4:13.2.0-7ubuntu1 [5018 B]
replay	Build pinned ARM64 runtime	2026-10-03T19:10:49.9757670Z #8 25.32 Get:137 http://ports.ubuntu.com/ubuntu-ports noble-updates/main arm64 libc-dev-bin arm64 2.39-0ubuntu8.9 [19.7 kB]
replay	Build pinned ARM64 runtime	2026-10-03T19:10:49.9758897Z #8 25.32 Get:138 http://ports.ubuntu.com/ubuntu-ports noble-updates/main arm64 linux-libc-dev arm64 6.8.0-146.146 [1515 kB]
replay	Build pinned ARM64 runtime	2026-10-03T19:10:49.9759723Z #8 25.34 Get:139 http://ports.ubuntu.com/ubuntu-ports noble/main arm64 libcrypt-dev arm64 1:4.4.36-4build1 [118 kB]
replay	Build pinned ARM64 runtime	2026-10-03T19:10:49.9760506Z #8 25.34 Get:140 http://ports.ubuntu.com/ubuntu-ports noble/main arm64 rpcsvc-proto arm64 1.4.2-0ubuntu7 [64.8 kB]
replay	Build pinned ARM64 runtime	2026-10-03T19:10:49.9761262Z #8 25.34 Get:141 http://ports.ubuntu.com/ubuntu-ports noble-updates/main arm64 libc6-dev arm64 2.39-0ubuntu8.9 [1596 kB]
replay	Build pinned ARM64 runtime	2026-10-03T19:10:49.9762070Z #8 25.35 Get:142 http://ports.ubuntu.com/ubuntu-ports noble-updates/main arm64 libstdc++-13-dev arm64 13.3.0-6ubuntu2~24.04.1 [2397 kB]
replay	Build pinned ARM64 runtime	2026-10-03T19:10:49.9763009Z #8 25.46 Get:143 http://ports.ubuntu.com/ubuntu-ports noble-updates/main arm64 g++-13-aarch64-linux-gnu arm64 13.3.0-6ubuntu2~24.04.1 [10.9 MB]
replay	Build pinned ARM64 runtime	2026-10-03T19:10:50.0986939Z #8 25.52 Get:144 http://ports.ubuntu.com/ubuntu-ports noble-updates/main arm64 g++-13 arm64 13.3.0-6ubuntu2~24.04.1 [16.0 kB]
replay	Build pinned ARM64 runtime	2026-10-03T19:10:50.0989203Z #8 25.52 Get:145 http://ports.ubuntu.com/ubuntu-ports noble/main arm64 g++-aarch64-linux-gnu arm64 4:13.2.0-7ubuntu1 [962 B]
replay	Build pinned ARM64 runtime	2026-10-03T19:10:50.0990898Z #8 25.52 Get:146 http://ports.ubuntu.com/ubuntu-ports noble/main arm64 g++ arm64 4:13.2.0-7ubuntu1 [1082 B]
replay	Build pinned ARM64 runtime	2026-10-03T19:10:50.0991785Z #8 25.52 Get:147 http://ports.ubuntu.com/ubuntu-ports noble-updates/main arm64 libgfortran5 arm64 14.2.0-4ubuntu2~24.04.1 [439 kB]
replay	Build pinned ARM64 runtime	2026-10-03T19:10:50.0992907Z #8 25.53 Get:148 http://ports.ubuntu.com/ubuntu-ports noble-updates/main arm64 libgfortran-13-dev arm64 13.3.0-6ubuntu2~24.04.1 [481 kB]
replay	Build pinned ARM64 runtime	2026-10-03T19:10:50.0993921Z #8 25.53 Get:149 http://ports.ubuntu.com/ubuntu-ports noble-updates/main arm64 gfortran-13-aarch64-linux-gnu arm64 13.3.0-6ubuntu2~24.04.1 [10.3 MB]
replay	Build pinned ARM64 runtime	2026-10-03T19:10:50.0994865Z #8 25.58 Get:150 http://ports.ubuntu.com/ubuntu-ports noble-updates/main arm64 gfortran-13 arm64 13.3.0-6ubuntu2~24.04.1 [13.9 kB]
replay	Build pinned ARM64 runtime	2026-10-03T19:10:50.2578216Z #8 25.58 Get:151 http://ports.ubuntu.com/ubuntu-ports noble/universe arm64 aglfn all 1.7+git20191031.4036a9c-2 [30.6 kB]
replay	Build pinned ARM64 runtime	2026-10-03T19:10:50.2579276Z #8 25.60 Get:152 http://ports.ubuntu.com/ubuntu-ports noble/universe arm64 gnuplot-data all 6.0.0+dfsg1-1ubuntu3 [75.3 kB]
replay	Build pinned ARM64 runtime	2026-10-03T19:10:50.2580069Z #8 25.74 Get:153 http://ports.ubuntu.com/ubuntu-ports noble/main arm64 libpixman-1-0 arm64 0.42.2-1build1 [204 kB]
replay	Build pinned ARM64 runtime	2026-10-03T19:10:50.3989103Z #8 25.74 Get:154 http://ports.ubuntu.com/ubuntu-ports noble/main arm64 libxcb-render0 arm64 1.15-1ubuntu2 [16.6 kB]
replay	Build pinned ARM64 runtime	2026-10-03T19:10:50.3990192Z #8 25.75 Get:155 http://ports.ubuntu.com/ubuntu-ports noble/main arm64 libxcb-shm0 arm64 1.15-1ubuntu2 [5876 B]
replay	Build pinned ARM64 runtime	2026-10-03T19:10:50.3991234Z #8 25.75 Get:156 http://ports.ubuntu.com/ubuntu-ports noble/main arm64 libxrender1 arm64 1:0.9.10-1.1build1 [18.8 kB]
replay	Build pinned ARM64 runtime	2026-10-03T19:10:50.3991955Z #8 25.75 Get:157 http://ports.ubuntu.com/ubuntu-ports noble/main arm64 libcairo2 arm64 1.18.0-3build1 [555 kB]
replay	Build pinned ARM64 runtime	2026-10-03T19:10:50.3992682Z #8 25.75 Get:158 http://ports.ubuntu.com/ubuntu-ports noble-updates/main arm64 libaom3 arm64 3.8.2-2ubuntu0.2 [1620 kB]
replay	Build pinned ARM64 runtime	2026-10-03T19:10:50.3993611Z #8 25.76 Get:159 http://ports.ubuntu.com/ubuntu-ports noble-updates/main arm64 libheif-plugin-aomdec arm64 1.17.6-1ubuntu4.9 [11.7 kB]
replay	Build pinned ARM64 runtime	2026-10-03T19:10:50.3994787Z #8 25.76 Get:160 http://ports.ubuntu.com/ubuntu-ports noble-updates/main arm64 libheif1 arm64 1.17.6-1ubuntu4.9 [261 kB]
replay	Build pinned ARM64 runtime	2026-10-03T19:10:50.3995638Z #8 25.76 Get:161 http://ports.ubuntu.com/ubuntu-ports noble-updates/main arm64 libxpm4 arm64 1:3.5.17-1ubuntu0.24.04.2 [35.3 kB]
replay	Build pinned ARM64 runtime	2026-10-03T19:10:50.3996421Z #8 25.88 Get:162 http://ports.ubuntu.com/ubuntu-ports noble/main arm64 libgd3 arm64 2.3.3-9ubuntu5 [122 kB]
replay	Build pinned ARM64 runtime	2026-10-03T19:10:50.5402739Z #8 26.03 Get:163 http://ports.ubuntu.com/ubuntu-ports noble/main arm64 liblua5.4-0 arm64 5.4.6-3build2 [158 kB]
replay	Build pinned ARM64 runtime	2026-10-03T19:10:50.6815483Z #8 26.03 Get:164 http://ports.ubuntu.com/ubuntu-ports noble-updates/main arm64 libgraphite2-3 arm64 1.3.14-2ubuntu0.24.04.1 [71.1 kB]
replay	Build pinned ARM64 runtime	2026-10-03T19:10:50.6816474Z #8 26.03 Get:165 http://ports.ubuntu.com/ubuntu-ports noble/main arm64 libharfbuzz0b arm64 8.3.0-2build2 [463 kB]
replay	Build pinned ARM64 runtime	2026-10-03T19:10:50.6817459Z #8 26.03 Get:166 http://ports.ubuntu.com/ubuntu-ports noble/main arm64 libthai-data all 0.1.29-2build1 [158 kB]
replay	Build pinned ARM64 runtime	2026-10-03T19:10:50.6818386Z #8 26.03 Get:167 http://ports.ubuntu.com/ubuntu-ports noble/main arm64 libdatrie1 arm64 0.2.13-3build1 [19.2 kB]
replay	Build pinned ARM64 runtime	2026-10-03T19:10:50.6819097Z #8 26.03 Get:168 http://ports.ubuntu.com/ubuntu-ports noble/main arm64 libthai0 arm64 0.1.29-2build1 [18.2 kB]
replay	Build pinned ARM64 runtime	2026-10-03T19:10:50.6819876Z #8 26.03 Get:169 http://ports.ubuntu.com/ubuntu-ports noble/main arm64 libpango-1.0-0 arm64 1.52.1+ds-1build1 [228 kB]
replay	Build pinned ARM64 runtime	2026-10-03T19:10:50.6820670Z #8 26.03 Get:170 http://ports.ubuntu.com/ubuntu-ports noble/main arm64 libpangoft2-1.0-0 arm64 1.52.1+ds-1build1 [42.0 kB]
replay	Build pinned ARM64 runtime	2026-10-03T19:10:50.6821492Z #8 26.03 Get:171 http://ports.ubuntu.com/ubuntu-ports noble/main arm64 libpangocairo-1.0-0 arm64 1.52.1+ds-1build1 [27.4 kB]
replay	Build pinned ARM64 runtime	2026-10-03T19:10:50.6822311Z #8 26.17 Get:172 http://ports.ubuntu.com/ubuntu-ports noble/universe arm64 libdouble-conversion3 arm64 3.3.0-1build1 [38.0 kB]
replay	Build pinned ARM64 runtime	2026-10-03T19:10:50.8590866Z #8 26.18 Get:173 http://ports.ubuntu.com/ubuntu-ports noble-updates/main arm64 libpcre2-16-0 arm64 10.42-4ubuntu2.1 [196 kB]
replay	Build pinned ARM64 runtime	2026-10-03T19:10:50.8591839Z #8 26.18 Get:174 http://ports.ubuntu.com/ubuntu-ports noble/universe arm64 libqt5core5t64 arm64 5.15.13+dfsg-1ubuntu1 [1973 kB]
replay	Build pinned ARM64 runtime	2026-10-03T19:10:50.8592864Z #8 26.19 Get:175 http://ports.ubuntu.com/ubuntu-ports noble/main arm64 libglvnd0 arm64 1.7.0-1build1 [60.6 kB]
replay	Build pinned ARM64 runtime	2026-10-03T19:10:50.8593667Z #8 26.19 Get:176 http://ports.ubuntu.com/ubuntu-ports noble-updates/main arm64 libdrm-amdgpu1 arm64 2.4.125-1ubuntu0.1~24.04.2 [21.9 kB]
replay	Build pinned ARM64 runtime	2026-10-03T19:10:50.8594541Z #8 26.19 Get:177 http://ports.ubuntu.com/ubuntu-ports noble-updates/main arm64 libllvm20 arm64 1:20.1.2-0ubuntu1~24.04.3 [29.3 MB]
replay	Build pinned ARM64 runtime	2026-10-03T19:10:50.9303843Z #8 26.42 Get:178 http://ports.ubuntu.com/ubuntu-ports noble/main arm64 libx11-xcb1 arm64 2:1.8.7-1build1 [7870 B]
replay	Build pinned ARM64 runtime	2026-10-03T19:10:51.0410239Z #8 26.42 Get:179 http://ports.ubuntu.com/ubuntu-ports noble/main arm64 libxcb-dri3-0 arm64 1.15-1ubuntu2 [7196 B]
replay	Build pinned ARM64 runtime	2026-10-03T19:10:51.0411967Z #8 26.42 Get:180 http://ports.ubuntu.com/ubuntu-ports noble/main arm64 libxcb-present0 arm64 1.15-1ubuntu2 [5866 B]
replay	Build pinned ARM64 runtime	2026-10-03T19:10:51.0412957Z #8 26.42 Get:181 http://ports.ubuntu.com/ubuntu-ports noble/main arm64 libxcb-randr0 arm64 1.15-1ubuntu2 [18.4 kB]
replay	Build pinned ARM64 runtime	2026-10-03T19:10:51.0413921Z #8 26.45 Get:182 http://ports.ubuntu.com/ubuntu-ports noble/main arm64 libxcb-sync1 arm64 1.15-1ubuntu2 [9682 B]
replay	Build pinned ARM64 runtime	2026-10-03T19:10:51.0414886Z #8 26.45 Get:183 http://ports.ubuntu.com/ubuntu-ports noble/main arm64 libxcb-xfixes0 arm64 1.15-1ubuntu2 [10.6 kB]
replay	Build pinned ARM64 runtime	2026-10-03T19:10:51.0415830Z #8 26.45 Get:184 http://ports.ubuntu.com/ubuntu-ports noble/main arm64 libxshmfence1 arm64 1.3-1build5 [4938 B]
replay	Build pinned ARM64 runtime	2026-10-03T19:10:51.0416851Z #8 26.45 Get:185 http://ports.ubuntu.com/ubuntu-ports noble-updates/main arm64 mesa-libgallium arm64 25.2.8-0ubuntu0.24.04.4 [12.1 MB]
replay	Build pinned ARM64 runtime	2026-10-03T19:10:51.0417814Z #8 26.53 Get:186 http://ports.ubuntu.com/ubuntu-ports noble-updates/main arm64 libgbm1 arm64 25.2.8-0ubuntu0.24.04.4 [35.0 kB]
replay	Build pinned ARM64 runtime	2026-10-03T19:10:51.2485689Z #8 26.59 Get:187 http://ports.ubuntu.com/ubuntu-ports noble/main arm64 libwayland-client0 arm64 1.22.0-2.1build1 [25.9 kB]
replay	Build pinned ARM64 runtime	2026-10-03T19:10:51.2487795Z #8 26.59 Get:188 http://ports.ubuntu.com/ubuntu-ports noble-updates/main arm64 libegl-mesa0 arm64 25.2.8-0ubuntu0.24.04.4 [117 kB]
replay	Build pinned ARM64 runtime	2026-10-03T19:10:51.2488866Z #8 26.59 Get:189 http://ports.ubuntu.com/ubuntu-ports noble/main arm64 libegl1 arm64 1.7.0-1build1 [29.5 kB]
replay	Build pinned ARM64 runtime	2026-10-03T19:10:51.2489722Z #8 26.59 Get:190 http://ports.ubuntu.com/ubuntu-ports noble/main arm64 libxcb-glx0 arm64 1.15-1ubuntu2 [25.5 kB]
replay	Build pinned ARM64 runtime	2026-10-03T19:10:51.2490510Z #8 26.60 Get:191 http://ports.ubuntu.com/ubuntu-ports noble/main arm64 libxxf86vm1 arm64 1:1.1.4-1build4 [9130 B]
replay	Build pinned ARM64 runtime	2026-10-03T19:10:51.2491262Z #8 26.73 Get:192 http://ports.ubuntu.com/ubuntu-ports noble/main arm64 libvulkan1 arm64 1.3.275.0-1build1 [150 kB]
replay	Build pinned ARM64 runtime	2026-10-03T19:10:51.3901885Z #8 26.74 Get:193 http://ports.ubuntu.com/ubuntu-ports noble-updates/main arm64 libgl1-mesa-dri arm64 25.2.8-0ubuntu0.24.04.4 [37.0 kB]
replay	Build pinned ARM64 runtime	2026-10-03T19:10:51.3904194Z #8 26.74 Get:194 http://ports.ubuntu.com/ubuntu-ports noble-updates/main arm64 libglx-mesa0 arm64 25.2.8-0ubuntu0.24.04.4 [111 kB]
replay	Build pinned ARM64 runtime	2026-10-03T19:10:51.3910274Z #8 26.74 Get:195 http://ports.ubuntu.com/ubuntu-ports noble/main arm64 libglx0 arm64 1.7.0-1build1 [33.2 kB]
replay	Build pinned ARM64 runtime	2026-10-03T19:10:51.3911723Z #8 26.74 Get:196 http://ports.ubuntu.com/ubuntu-ports noble/main arm64 libgl1 arm64 1.7.0-1build1 [106 kB]
replay	Build pinned ARM64 runtime	2026-10-03T19:10:51.3912612Z #8 26.88 Get:197 http://ports.ubuntu.com/ubuntu-ports noble/main arm64 x11-common all 1:7.7+23ubuntu3 [21.7 kB]
replay	Build pinned ARM64 runtime	2026-10-03T19:10:51.5310307Z #8 26.88 Get:198 http://ports.ubuntu.com/ubuntu-ports noble/main arm64 libice6 arm64 2:1.0.10-1build3 [41.1 kB]
replay	Build pinned ARM64 runtime	2026-10-03T19:10:51.5311445Z #8 26.88 Get:199 http://ports.ubuntu.com/ubuntu-ports noble/main arm64 libmtdev1t64 arm64 1.1.6-1.1build1 [14.3 kB]
replay	Build pinned ARM64 runtime	2026-10-03T19:10:51.5312188Z #8 26.88 Get:200 http://ports.ubuntu.com/ubuntu-ports noble/main arm64 libgudev-1.0-0 arm64 1:238-5ubuntu1 [15.1 kB]
replay	Build pinned ARM64 runtime	2026-10-03T19:10:51.5313321Z #8 26.88 Get:201 http://ports.ubuntu.com/ubuntu-ports noble/main arm64 libwacom-common all 2.10.0-2 [63.4 kB]
replay	Build pinned ARM64 runtime	2026-10-03T19:10:51.5314021Z #8 27.02 Get:202 http://ports.ubuntu.com/ubuntu-ports noble/main arm64 libwacom9 arm64 2.10.0-2 [23.7 kB]
replay	Build pinned ARM64 runtime	2026-10-03T19:10:51.9316044Z #8 27.42 Get:203 http://ports.ubuntu.com/ubuntu-ports noble-updates/main arm64 libinput-bin arm64 1.25.0-1ubuntu3.7 [23.6 kB]
replay	Build pinned ARM64 runtime	2026-10-03T19:10:52.0994538Z #8 27.59 Get:204 http://ports.ubuntu.com/ubuntu-ports noble-updates/main arm64 libinput10 arm64 1.25.0-1ubuntu3.7 [129 kB]
replay	Build pinned ARM64 runtime	2026-10-03T19:10:52.4671845Z #8 27.95 Get:205 http://ports.ubuntu.com/ubuntu-ports noble/universe arm64 libmd4c0 arm64 0.4.8-1build1 [40.9 kB]
replay	Build pinned ARM64 runtime	2026-10-03T19:10:52.6814796Z #8 28.02 Get:206 http://ports.ubuntu.com/ubuntu-ports noble/universe arm64 libqt5dbus5t64 arm64 5.15.13+dfsg-1ubuntu1 [224 kB]
replay	Build pinned ARM64 runtime	2026-10-03T19:10:52.7316075Z #8 28.22 Get:207 http://ports.ubuntu.com/ubuntu-ports noble/universe arm64 libqt5network5t64 arm64 5.15.13+dfsg-1ubuntu1 [741 kB]
replay	Build pinned ARM64 runtime	2026-10-03T19:10:53.1230279Z #8 28.61 Get:208 http://ports.ubuntu.com/ubuntu-ports noble/main arm64 libsm6 arm64 2:1.2.3-1build3 [15.6 kB]
replay	Build pinned ARM64 runtime	2026-10-03T19:10:53.2665357Z #8 28.61 Get:209 http://ports.ubuntu.com/ubuntu-ports noble/main arm64 libxcb-icccm4 arm64 0.4.1-1.1build3 [10.5 kB]
replay	Build pinned ARM64 runtime	2026-10-03T19:10:53.2666572Z #8 28.61 Get:210 http://ports.ubuntu.com/ubuntu-ports noble/main arm64 libxcb-util1 arm64 0.4.0-1build3 [10.7 kB]
replay	Build pinned ARM64 runtime	2026-10-03T19:10:53.2667317Z #8 28.62 Get:211 http://ports.ubuntu.com/ubuntu-ports noble/main arm64 libxcb-image0 arm64 0.4.0-2build1 [10.8 kB]
replay	Build pinned ARM64 runtime	2026-10-03T19:10:53.2668991Z #8 28.62 Get:212 http://ports.ubuntu.com/ubuntu-ports noble/main arm64 libxcb-keysyms1 arm64 0.4.0-1build4 [7984 B]
replay	Build pinned ARM64 runtime	2026-10-03T19:10:53.2669874Z #8 28.62 Get:213 http://ports.ubuntu.com/ubuntu-ports noble/main arm64 libxcb-render-util0 arm64 0.3.9-1build4 [9648 B]
replay	Build pinned ARM64 runtime	2026-10-03T19:10:53.2670617Z #8 28.62 Get:214 http://ports.ubuntu.com/ubuntu-ports noble/main arm64 libxcb-shape0 arm64 1.15-1ubuntu2 [6250 B]
replay	Build pinned ARM64 runtime	2026-10-03T19:10:53.2671419Z #8 28.62 Get:215 http://ports.ubuntu.com/ubuntu-ports noble/main arm64 libxcb-xinerama0 arm64 1.15-1ubuntu2 [5598 B]
replay	Build pinned ARM64 runtime	2026-10-03T19:10:53.2672549Z #8 28.62 Get:216 http://ports.ubuntu.com/ubuntu-ports noble/main arm64 libxcb-xinput0 arm64 1.15-1ubuntu2 [34.2 kB]
replay	Build pinned ARM64 runtime	2026-10-03T19:10:53.2673304Z #8 28.75 Get:217 http://ports.ubuntu.com/ubuntu-ports noble/main arm64 libxcb-xkb1 arm64 1.15-1ubuntu2 [32.6 kB]
replay	Build pinned ARM64 runtime	2026-10-03T19:10:53.4397840Z #8 28.77 Get:218 http://ports.ubuntu.com/ubuntu-ports noble/main arm64 libxkbcommon-x11-0 arm64 1.6.0-1build1 [13.6 kB]
replay	Build pinned ARM64 runtime	2026-10-03T19:10:53.4398932Z #8 28.77 Get:219 http://ports.ubuntu.com/ubuntu-ports noble/universe arm64 libqt5gui5t64 arm64 5.15.13+dfsg-1ubuntu1 [3617 kB]
replay	Build pinned ARM64 runtime	2026-10-03T19:10:53.7594962Z #8 29.25 Get:220 http://ports.ubuntu.com/ubuntu-ports noble-updates/main arm64 libavahi-common-data arm64 0.8-13ubuntu6.2 [30.0 kB]
replay	Build pinned ARM64 runtime	2026-10-03T19:10:53.9231211Z #8 29.25 Get:221 http://ports.ubuntu.com/ubuntu-ports noble-updates/main arm64 libavahi-common3 arm64 0.8-13ubuntu6.2 [23.3 kB]
replay	Build pinned ARM64 runtime	2026-10-03T19:10:53.9232250Z #8 29.25 Get:222 http://ports.ubuntu.com/ubuntu-ports noble-updates/main arm64 libavahi-client3 arm64 0.8-13ubuntu6.2 [27.3 kB]
replay	Build pinned ARM64 runtime	2026-10-03T19:10:53.9233111Z #8 29.25 Get:223 http://ports.ubuntu.com/ubuntu-ports noble-updates/main arm64 libcups2t64 arm64 2.4.7-1.2ubuntu7.14 [277 kB]
replay	Build pinned ARM64 runtime	2026-10-03T19:10:53.9234001Z #8 29.27 Get:224 http://ports.ubuntu.com/ubuntu-ports noble/universe arm64 libqt5widgets5t64 arm64 5.15.13+dfsg-1ubuntu1 [2564 kB]
replay	Build pinned ARM64 runtime	2026-10-03T19:10:54.0481310Z #8 29.41 Get:225 http://ports.ubuntu.com/ubuntu-ports noble/universe arm64 libqt5printsupport5t64 arm64 5.15.13+dfsg-1ubuntu1 [210 kB]
replay	Build pinned ARM64 runtime	2026-10-03T19:10:54.0482579Z #8 29.42 Get:226 http://ports.ubuntu.com/ubuntu-ports noble/universe arm64 libqt5svg5 arm64 5.15.13-1 [148 kB]
replay	Build pinned ARM64 runtime	2026-10-03T19:10:54.0483346Z #8 29.42 Get:227 http://ports.ubuntu.com/ubuntu-ports noble/main arm64 libwebpmux3 arm64 1.3.2-0.4build3 [25.0 kB]
replay	Build pinned ARM64 runtime	2026-10-03T19:10:54.0484433Z #8 29.42 Get:228 http://ports.ubuntu.com/ubuntu-ports noble-updates/main arm64 libpcre2-32-0 arm64 10.42-4ubuntu2.1 [184 kB]
replay	Build pinned ARM64 runtime	2026-10-03T19:10:54.0485335Z #8 29.43 Get:229 http://ports.ubuntu.com/ubuntu-ports noble/universe arm64 libwxbase3.2-1t64 arm64 3.2.4+dfsg-4build1 [860 kB]
replay	Build pinned ARM64 runtime	2026-10-03T19:10:54.0486136Z #8 29.53 Get:230 http://ports.ubuntu.com/ubuntu-ports noble/main arm64 libatk1.0-0t64 arm64 2.52.0-1build1 [55.1 kB]
replay	Build pinned ARM64 runtime	2026-10-03T19:10:54.1916977Z #8 29.53 Get:231 http://ports.ubuntu.com/ubuntu-ports noble/main arm64 libxi6 arm64 2:1.8.1-1build1 [31.9 kB]
replay	Build pinned ARM64 runtime	2026-10-03T19:10:54.1918323Z #8 29.54 Get:232 http://ports.ubuntu.com/ubuntu-ports noble/main arm64 libatspi2.0-0t64 arm64 2.52.0-1build1 [80.9 kB]
replay	Build pinned ARM64 runtime	2026-10-03T19:10:54.1919873Z #8 29.54 Get:233 http://ports.ubuntu.com/ubuntu-ports noble/main arm64 libatk-bridge2.0-0t64 arm64 2.52.0-1build1 [66.3 kB]
replay	Build pinned ARM64 runtime	2026-10-03T19:10:54.1920758Z #8 29.68 Get:234 http://ports.ubuntu.com/ubuntu-ports noble/main arm64 libcairo-gobject2 arm64 1.18.0-3build1 [127 kB]
replay	Build pinned ARM64 runtime	2026-10-03T19:10:54.3349104Z #8 29.68 Get:235 http://ports.ubuntu.com/ubuntu-ports noble-updates/main arm64 liblcms2-2 arm64 2.14-2ubuntu0.1 [161 kB]
replay	Build pinned ARM64 runtime	2026-10-03T19:10:54.3350044Z #8 29.68 Get:236 http://ports.ubuntu.com/ubuntu-ports noble/main arm64 libcolord2 arm64 1.4.7-1build2 [149 kB]
replay	Build pinned ARM64 runtime	2026-10-03T19:10:54.3351005Z #8 29.68 Get:237 http://ports.ubuntu.com/ubuntu-ports noble/main arm64 libepoxy0 arm64 1.5.10-1build1 [240 kB]
replay	Build pinned ARM64 runtime	2026-10-03T19:10:54.3353167Z #8 29.69 Get:238 http://ports.ubuntu.com/ubuntu-ports noble/main arm64 libwayland-cursor0 arm64 1.22.0-2.1build1 [10.3 kB]
replay	Build pinned ARM64 runtime	2026-10-03T19:10:54.3353976Z #8 29.69 Get:239 http://ports.ubuntu.com/ubuntu-ports noble/main arm64 libwayland-egl1 arm64 1.22.0-2.1build1 [5622 B]
replay	Build pinned ARM64 runtime	2026-10-03T19:10:54.3354874Z #8 29.82 Get:240 http://ports.ubuntu.com/ubuntu-ports noble/main arm64 libxcomposite1 arm64 1:0.4.5-1build3 [6336 B]
replay	Build pinned ARM64 runtime	2026-10-03T19:10:54.4772679Z #8 29.82 Get:241 http://ports.ubuntu.com/ubuntu-ports noble/main arm64 libxfixes3 arm64 1:6.0.0-2build1 [11.2 kB]
replay	Build pinned ARM64 runtime	2026-10-03T19:10:54.4773633Z #8 29.82 Get:242 http://ports.ubuntu.com/ubuntu-ports noble/main arm64 libxcursor1 arm64 1:1.2.1-1build1 [21.1 kB]
replay	Build pinned ARM64 runtime	2026-10-03T19:10:54.4774984Z #8 29.82 Get:243 http://ports.ubuntu.com/ubuntu-ports noble/main arm64 libxdamage1 arm64 1:1.1.6-1build1 [6236 B]
replay	Build pinned ARM64 runtime	2026-10-03T19:10:54.4775701Z #8 29.96 Get:244 http://ports.ubuntu.com/ubuntu-ports noble/main arm64 libxinerama1 arm64 2:1.1.4-3build1 [6394 B]
replay	Build pinned ARM64 runtime	2026-10-03T19:10:54.6205253Z #8 29.96 Get:245 http://ports.ubuntu.com/ubuntu-ports noble/main arm64 libxrandr2 arm64 2:1.5.2-2build1 [19.6 kB]
replay	Build pinned ARM64 runtime	2026-10-03T19:10:54.6206178Z #8 29.96 Get:246 http://ports.ubuntu.com/ubuntu-ports noble-updates/main arm64 libgtk-3-common all 3.24.41-4ubuntu1.3 [1426 kB]
replay	Build pinned ARM64 runtime	2026-10-03T19:10:54.6207014Z #8 29.99 Get:247 http://ports.ubuntu.com/ubuntu-ports noble-updates/main arm64 libgtk-3-0t64 arm64 3.24.41-4ubuntu1.3 [2881 kB]
replay	Build pinned ARM64 runtime	2026-10-03T19:10:54.6207912Z #8 30.04 Get:248 http://ports.ubuntu.com/ubuntu-ports noble/main arm64 libnotify4 arm64 0.8.3-1build2 [25.4 kB]
replay	Build pinned ARM64 runtime	2026-10-03T19:10:54.6208992Z #8 30.04 Get:249 http://ports.ubuntu.com/ubuntu-ports noble/main arm64 libxtst6 arm64 2:1.2.3-1.1build1 [13.0 kB]
replay	Build pinned ARM64 runtime	2026-10-03T19:10:54.6209842Z #8 30.11 Get:250 http://ports.ubuntu.com/ubuntu-ports noble/universe arm64 libwxgtk3.2-1t64 arm64 3.2.4+dfsg-4build1 [4352 kB]
replay	Build pinned ARM64 runtime	2026-10-03T19:10:54.7633506Z #8 30.18 Get:251 http://ports.ubuntu.com/ubuntu-ports noble/universe arm64 gnuplot-qt arm64 6.0.0+dfsg1-1ubuntu3 [1196 kB]
replay	Build pinned ARM64 runtime	2026-10-03T19:10:54.7634484Z #8 30.20 Get:252 http://ports.ubuntu.com/ubuntu-ports noble/universe arm64 gnuplot all 6.0.0+dfsg1-1ubuntu3 [3568 B]
replay	Build pinned ARM64 runtime	2026-10-03T19:10:54.7635558Z #8 30.20 Get:253 http://ports.ubuntu.com/ubuntu-ports noble-updates/main arm64 libevent-2.1-7t64 arm64 2.1.12-stable-9ubuntu2.2 [141 kB]
replay	Build pinned ARM64 runtime	2026-10-03T19:10:54.7636482Z #8 30.25 Get:254 http://ports.ubuntu.com/ubuntu-ports noble-updates/main arm64 libevent-core-2.1-7t64 arm64 2.1.12-stable-9ubuntu2.2 [90.6 kB]
replay	Build pinned ARM64 runtime	2026-10-03T19:10:54.9067257Z #8 30.25 Get:255 http://ports.ubuntu.com/ubuntu-ports noble-updates/main arm64 libevent-extra-2.1-7t64 arm64 2.1.12-stable-9ubuntu2.2 [62.5 kB]
replay	Build pinned ARM64 runtime	2026-10-03T19:10:54.9069139Z #8 30.25 Get:256 http://ports.ubuntu.com/ubuntu-ports noble-updates/main arm64 libevent-pthreads-2.1-7t64 arm64 2.1.12-stable-9ubuntu2.2 [7928 B]
replay	Build pinned ARM64 runtime	2026-10-03T19:10:54.9070147Z #8 30.25 Get:257 http://ports.ubuntu.com/ubuntu-ports noble-updates/main arm64 libevent-openssl-2.1-7t64 arm64 2.1.12-stable-9ubuntu2.2 [14.7 kB]
replay	Build pinned ARM64 runtime	2026-10-03T19:10:54.9071292Z #8 30.25 Get:258 http://ports.ubuntu.com/ubuntu-ports noble-updates/main arm64 libevent-dev arm64 2.1.12-stable-9ubuntu2.2 [283 kB]
replay	Build pinned ARM64 runtime	2026-10-03T19:10:54.9176966Z #8 30.25 Get:259 http://ports.ubuntu.com/ubuntu-ports noble-updates/main arm64 librdmacm1t64 arm64 50.0-2ubuntu0.2 [70.6 kB]
replay	Build pinned ARM64 runtime	2026-10-03T19:10:54.9177960Z #8 30.39 Get:260 http://ports.ubuntu.com/ubuntu-ports noble/universe arm64 libfabric1 arm64 1.17.0-3build2 [541 kB]
replay	Build pinned ARM64 runtime	2026-10-03T19:10:55.0496004Z #8 30.40 Get:261 http://ports.ubuntu.com/ubuntu-ports noble/universe arm64 libhwloc15 arm64 2.10.0-1build1 [159 kB]
replay	Build pinned ARM64 runtime	2026-10-03T19:10:55.0497475Z #8 30.40 Get:262 http://ports.ubuntu.com/ubuntu-ports noble/main arm64 xorg-sgml-doctools all 1:1.11-1.1 [10.9 kB]
replay	Build pinned ARM64 runtime	2026-10-03T19:10:55.0498438Z #8 30.40 Get:263 http://ports.ubuntu.com/ubuntu-ports noble/main arm64 x11proto-dev all 2023.2-1 [602 kB]
replay	Build pinned ARM64 runtime	2026-10-03T19:10:55.0499783Z #8 30.54 Get:264 http://ports.ubuntu.com/ubuntu-ports noble/main arm64 libice-dev arm64 2:1.0.10-1build3 [52.3 kB]
replay	Build pinned ARM64 runtime	2026-10-03T19:10:55.1928944Z #8 30.54 Get:265 http://ports.ubuntu.com/ubuntu-ports noble/main arm64 libjs-jquery all 3.6.1+dfsg+~3.5.14-1 [328 kB]
replay	Build pinned ARM64 runtime	2026-10-03T19:10:55.1929792Z #8 30.54 Get:266 http://ports.ubuntu.com/ubuntu-ports noble/universe arm64 libjs-jquery-ui all 1.13.2+dfsg-1 [252 kB]
replay	Build pinned ARM64 runtime	2026-10-03T19:10:55.1930562Z #8 30.54 Get:267 http://ports.ubuntu.com/ubuntu-ports noble/main arm64 libltdl7 arm64 2.4.7-7build1 [40.4 kB]
replay	Build pinned ARM64 runtime	2026-10-03T19:10:55.1931827Z #8 30.54 Get:268 http://ports.ubuntu.com/ubuntu-ports noble/main arm64 libltdl-dev arm64 2.4.7-7build1 [170 kB]
replay	Build pinned ARM64 runtime	2026-10-03T19:10:55.1934374Z #8 30.54 Get:269 http://ports.ubuntu.com/ubuntu-ports noble-updates/main arm64 libncurses-dev arm64 6.4+20240113-1ubuntu2.2 [385 kB]
replay	Build pinned ARM64 runtime	2026-10-03T19:10:55.1935652Z #8 30.68 Get:270 http://ports.ubuntu.com/ubuntu-ports noble-updates/main arm64 libnl-3-dev arm64 3.7.0-0.3build1.1 [105 kB]
replay	Build pinned ARM64 runtime	2026-10-03T19:10:55.3360346Z #8 30.68 Get:271 http://ports.ubuntu.com/ubuntu-ports noble-updates/main arm64 libnl-route-3-dev arm64 3.7.0-0.3build1.1 [225 kB]
replay	Build pinned ARM64 runtime	2026-10-03T19:10:55.3362776Z #8 30.68 Get:272 http://ports.ubuntu.com/ubuntu-ports noble-updates/universe arm64 libmunge2 arm64 0.5.15-4ubuntu0.1 [15.1 kB]
replay	Build pinned ARM64 runtime	2026-10-03T19:10:55.3363893Z #8 30.68 Get:273 http://ports.ubuntu.com/ubuntu-ports noble-updates/main arm64 libpciaccess0 arm64 0.17-3ubuntu0.24.04.3 [19.5 kB]
replay	Build pinned ARM64 runtime	2026-10-03T19:10:55.3365174Z #8 30.82 Get:274 http://ports.ubuntu.com/ubuntu-ports noble-updates/main arm64 libxnvctrl0 arm64 510.47.03-0ubuntu4.24.04.1 [12.6 kB]
replay	Build pinned ARM64 runtime	2026-10-03T19:10:55.4790964Z #8 30.82 Get:275 http://ports.ubuntu.com/ubuntu-ports noble/universe arm64 ocl-icd-libopencl1 arm64 2.3.2-1build1 [37.6 kB]
replay	Build pinned ARM64 runtime	2026-10-03T19:10:55.4791877Z #8 30.82 Get:276 http://ports.ubuntu.com/ubuntu-ports noble/universe arm64 libhwloc-plugins arm64 2.10.0-1build1 [15.7 kB]
replay	Build pinned ARM64 runtime	2026-10-03T19:10:55.4792627Z #8 30.82 Get:277 http://ports.ubuntu.com/ubuntu-ports noble/universe arm64 libpmix2t64 arm64 5.0.1-4.1build1 [655 kB]
replay	Build pinned ARM64 runtime	2026-10-03T19:10:55.4793324Z #8 30.83 Get:278 http://ports.ubuntu.com/ubuntu-ports noble/universe arm64 libucx0 arm64 1.16.0+ds-5ubuntu1 [1074 kB]
replay	Build pinned ARM64 runtime	2026-10-03T19:10:55.4794029Z #8 30.84 Get:279 http://ports.ubuntu.com/ubuntu-ports noble/universe arm64 libopenmpi3t64 arm64 4.1.6-7ubuntu2 [2463 kB]
replay	Build pinned ARM64 runtime	2026-10-03T19:10:55.4794786Z #8 30.96 Get:280 http://ports.ubuntu.com/ubuntu-ports noble-updates/main arm64 libnuma-dev arm64 2.0.18-1ubuntu0.24.04.1 [39.6 kB]
replay	Build pinned ARM64 runtime	2026-10-03T19:10:55.6221770Z #8 30.97 Get:281 http://ports.ubuntu.com/ubuntu-ports noble/universe arm64 libhwloc-dev arm64 2.10.0-1build1 [261 kB]
replay	Build pinned ARM64 runtime	2026-10-03T19:10:55.6224457Z #8 30.97 Get:282 http://ports.ubuntu.com/ubuntu-ports noble-updates/main arm64 zlib1g-dev arm64 1:1.3.dfsg-3.1ubuntu2.2 [894 kB]
replay	Build pinned ARM64 runtime	2026-10-03T19:10:55.6225776Z #8 30.97 Get:283 http://ports.ubuntu.com/ubuntu-ports noble/universe arm64 libpmix-dev arm64 5.0.1-4.1build1 [4022 kB]
replay	Build pinned ARM64 runtime	2026-10-03T19:10:55.6226583Z #8 31.11 Get:284 http://ports.ubuntu.com/ubuntu-ports noble/main arm64 libpthread-stubs0-dev arm64 0.4-1build3 [4734 B]
replay	Build pinned ARM64 runtime	2026-10-03T19:10:55.7651506Z #8 31.11 Get:285 http://ports.ubuntu.com/ubuntu-ports noble/main arm64 libreadline-dev arm64 8.2-4build1 [177 kB]
replay	Build pinned ARM64 runtime	2026-10-03T19:10:55.7655562Z #8 31.11 Get:286 http://ports.ubuntu.com/ubuntu-ports noble/main arm64 libsm-dev arm64 2:1.2.3-1build3 [18.9 kB]
replay	Build pinned ARM64 runtime	2026-10-03T19:10:55.7656305Z #8 31.11 Get:287 http://ports.ubuntu.com/ubuntu-ports noble/main arm64 libxau-dev arm64 1:1.0.9-1build6 [10.0 kB]
replay	Build pinned ARM64 runtime	2026-10-03T19:10:55.7656995Z #8 31.11 Get:288 http://ports.ubuntu.com/ubuntu-ports noble/main arm64 libxdmcp-dev arm64 1:1.1.3-0ubuntu6 [26.3 kB]
replay	Build pinned ARM64 runtime	2026-10-03T19:10:55.7657780Z #8 31.11 Get:289 http://ports.ubuntu.com/ubuntu-ports noble/main arm64 xtrans-dev all 1.4.0-1 [68.9 kB]
replay	Build pinned ARM64 runtime	2026-10-03T19:10:55.7659093Z #8 31.25 Get:290 http://ports.ubuntu.com/ubuntu-ports noble/main arm64 libxcb1-dev arm64 1.15-1ubuntu2 [91.2 kB]
replay	Build pinned ARM64 runtime	2026-10-03T19:10:55.9080899Z #8 31.25 Get:291 http://ports.ubuntu.com/ubuntu-ports noble/main arm64 libx11-dev arm64 2:1.8.7-1build1 [742 kB]
replay	Build pinned ARM64 runtime	2026-10-03T19:10:55.9082594Z #8 31.26 Get:292 http://ports.ubuntu.com/ubuntu-ports noble/main arm64 libxt6t64 arm64 1:1.2.1-1.2build1 [168 kB]
replay	Build pinned ARM64 runtime	2026-10-03T19:10:55.9083406Z #8 31.26 Get:293 http://ports.ubuntu.com/ubuntu-ports noble/main arm64 libxt-dev arm64 1:1.2.1-1.2build1 [404 kB]
replay	Build pinned ARM64 runtime	2026-10-03T19:10:55.9084055Z #8 31.39 Get:294 http://ports.ubuntu.com/ubuntu-ports noble/main arm64 make arm64 4.3-4.1build2 [178 kB]
replay	Build pinned ARM64 runtime	2026-10-03T19:10:56.0597341Z #8 31.39 Get:295 http://ports.ubuntu.com/ubuntu-ports noble-updates/main arm64 binutils-dev arm64 2.42-4ubuntu2.10 [12.7 MB]
replay	Build pinned ARM64 runtime	2026-10-03T19:10:56.0640592Z #8 31.55 Get:296 http://ports.ubuntu.com/ubuntu-ports noble/universe arm64 openmpi-common all 4.1.6-7ubuntu2 [170 kB]
replay	Build pinned ARM64 runtime	2026-10-03T19:10:56.2218638Z #8 31.55 Get:297 http://ports.ubuntu.com/ubuntu-ports noble-updates/main arm64 libibverbs-dev arm64 50.0-2ubuntu0.2 [695 kB]
replay	Build pinned ARM64 runtime	2026-10-03T19:10:56.2219947Z #8 31.56 Get:298 http://ports.ubuntu.com/ubuntu-ports noble/universe arm64 openmpi-bin arm64 4.1.6-7ubuntu2 [113 kB]
replay	Build pinned ARM64 runtime	2026-10-03T19:10:56.2220675Z #8 31.56 Get:299 http://ports.ubuntu.com/ubuntu-ports noble/universe arm64 libopenmpi-dev arm64 4.1.6-7ubuntu2 [865 kB]
replay	Build pinned ARM64 runtime	2026-10-03T19:10:56.2284966Z #8 31.71 debconf: delaying package configuration, since apt-utils is not installed
replay	Build pinned ARM64 runtime	2026-10-03T19:10:56.3428944Z #8 31.75 Fetched 221 MB in 12s (19.0 MB/s)
replay	Build pinned ARM64 runtime	2026-10-03T19:10:56.3429316Z #8 31.76 (Reading database ... 
replay	Build pinned ARM64 runtime	2026-10-03T19:10:56.3429538Z (Reading database ... 5%
replay	Build pinned ARM64 runtime	2026-10-03T19:10:56.3429746Z (Reading database ... 10%
replay	Build pinned ARM64 runtime	2026-10-03T19:10:56.3429951Z (Reading database ... 15%
replay	Build pinned ARM64 runtime	2026-10-03T19:10:56.3430159Z (Reading database ... 20%
replay	Build pinned ARM64 runtime	2026-10-03T19:10:56.3430388Z (Reading database ... 25%
replay	Build pinned ARM64 runtime	2026-10-03T19:10:56.3430590Z (Reading database ... 30%
replay	Build pinned ARM64 runtime	2026-10-03T19:10:56.3430817Z (Reading database ... 35%
replay	Build pinned ARM64 runtime	2026-10-03T19:10:56.3431032Z (Reading database ... 40%
replay	Build pinned ARM64 runtime	2026-10-03T19:10:56.3431234Z (Reading database ... 45%
replay	Build pinned ARM64 runtime	2026-10-03T19:10:56.3431436Z (Reading database ... 50%
replay	Build pinned ARM64 runtime	2026-10-03T19:10:56.3431636Z (Reading database ... 55%
replay	Build pinned ARM64 runtime	2026-10-03T19:10:56.3431834Z (Reading database ... 60%
replay	Build pinned ARM64 runtime	2026-10-03T19:10:56.3432038Z (Reading database ... 65%
replay	Build pinned ARM64 runtime	2026-10-03T19:10:56.3432238Z (Reading database ... 70%
replay	Build pinned ARM64 runtime	2026-10-03T19:10:56.3432441Z (Reading database ... 75%
replay	Build pinned ARM64 runtime	2026-10-03T19:10:56.3432643Z (Reading database ... 80%
replay	Build pinned ARM64 runtime	2026-10-03T19:10:56.3432843Z (Reading database ... 85%
replay	Build pinned ARM64 runtime	2026-10-03T19:10:56.3433042Z (Reading database ... 90%
replay	Build pinned ARM64 runtime	2026-10-03T19:10:56.3433239Z (Reading database ... 95%
replay	Build pinned ARM64 runtime	2026-10-03T19:10:56.3433439Z (Reading database ... 100%
replay	Build pinned ARM64 runtime	2026-10-03T19:10:56.3433738Z (Reading database ... 4941 files and directories currently installed.)
replay	Build pinned ARM64 runtime	2026-10-03T19:10:56.3434182Z #8 31.76 Preparing to unpack .../bsdutils_1%3a2.39.3-9ubuntu6.6_arm64.deb ...
replay	Build pinned ARM64 runtime	2026-10-03T19:10:56.3435073Z #8 31.77 Unpacking bsdutils (1:2.39.3-9ubuntu6.6) over (1:2.39.3-9ubuntu6.5) ...
replay	Build pinned ARM64 runtime	2026-10-03T19:10:56.3435468Z #8 31.79 Setting up bsdutils (1:2.39.3-9ubuntu6.6) ...
replay	Build pinned ARM64 runtime	2026-10-03T19:10:56.3435745Z #8 31.80 (Reading database ... 
replay	Build pinned ARM64 runtime	2026-10-03T19:10:56.3435959Z (Reading database ... 5%
replay	Build pinned ARM64 runtime	2026-10-03T19:10:56.3436158Z (Reading database ... 10%
replay	Build pinned ARM64 runtime	2026-10-03T19:10:56.3436358Z (Reading database ... 15%
replay	Build pinned ARM64 runtime	2026-10-03T19:10:56.3436555Z (Reading database ... 20%
replay	Build pinned ARM64 runtime	2026-10-03T19:10:56.3436753Z (Reading database ... 25%
replay	Build pinned ARM64 runtime	2026-10-03T19:10:56.3436956Z (Reading database ... 30%
replay	Build pinned ARM64 runtime	2026-10-03T19:10:56.3437154Z (Reading database ... 35%
replay	Build pinned ARM64 runtime	2026-10-03T19:10:56.3437359Z (Reading database ... 40%
replay	Build pinned ARM64 runtime	2026-10-03T19:10:56.3437569Z (Reading database ... 45%
replay	Build pinned ARM64 runtime	2026-10-03T19:10:56.3437771Z (Reading database ... 50%
replay	Build pinned ARM64 runtime	2026-10-03T19:10:56.3437972Z (Reading database ... 55%
replay	Build pinned ARM64 runtime	2026-10-03T19:10:56.3438737Z (Reading database ... 60%
replay	Build pinned ARM64 runtime	2026-10-03T19:10:56.3438951Z (Reading database ... 65%
replay	Build pinned ARM64 runtime	2026-10-03T19:10:56.3439159Z (Reading database ... 70%
replay	Build pinned ARM64 runtime	2026-10-03T19:10:56.3439361Z (Reading database ... 75%
replay	Build pinned ARM64 runtime	2026-10-03T19:10:56.3439558Z (Reading database ... 80%
replay	Build pinned ARM64 runtime	2026-10-03T19:10:56.3439768Z (Reading database ... 85%
replay	Build pinned ARM64 runtime	2026-10-03T19:10:56.3439969Z (Reading database ... 90%
replay	Build pinned ARM64 runtime	2026-10-03T19:10:56.3440170Z (Reading database ... 95%
replay	Build pinned ARM64 runtime	2026-10-03T19:10:56.3440462Z (Reading database ... 100%
replay	Build pinned ARM64 runtime	2026-10-03T19:10:56.3440760Z (Reading database ... 4941 files and directories currently installed.)
replay	Build pinned ARM64 runtime	2026-10-03T19:10:56.3441202Z #8 31.81 Preparing to unpack .../ncurses-bin_6.4+20240113-1ubuntu2.2_arm64.deb ...
replay	Build pinned ARM64 runtime	2026-10-03T19:10:56.3441687Z #8 31.81 Unpacking ncurses-bin (6.4+20240113-1ubuntu2.2) over (6.4+20240113-1ubuntu2.1) ...
replay	Build pinned ARM64 runtime	2026-10-03T19:10:56.3442120Z #8 31.83 Setting up ncurses-bin (6.4+20240113-1ubuntu2.2) ...
replay	Build pinned ARM64 runtime	2026-10-03T19:10:56.5206077Z #8 31.84 (Reading database ... 
replay	Build pinned ARM64 runtime	2026-10-03T19:10:56.5206442Z (Reading database ... 5%
replay	Build pinned ARM64 runtime	2026-10-03T19:10:56.5206657Z (Reading database ... 10%
replay	Build pinned ARM64 runtime	2026-10-03T19:10:56.5206867Z (Reading database ... 15%
replay	Build pinned ARM64 runtime	2026-10-03T19:10:56.5207102Z (Reading database ... 20%
replay	Build pinned ARM64 runtime	2026-10-03T19:10:56.5207306Z (Reading database ... 25%
replay	Build pinned ARM64 runtime	2026-10-03T19:10:56.5207510Z (Reading database ... 30%
replay	Build pinned ARM64 runtime	2026-10-03T19:10:56.5208314Z (Reading database ... 35%
replay	Build pinned ARM64 runtime	2026-10-03T19:10:56.5208534Z (Reading database ... 40%
replay	Build pinned ARM64 runtime	2026-10-03T19:10:56.5208737Z (Reading database ... 45%
replay	Build pinned ARM64 runtime	2026-10-03T19:10:56.5208945Z (Reading database ... 50%
replay	Build pinned ARM64 runtime	2026-10-03T19:10:56.5209145Z (Reading database ... 55%
replay	Build pinned ARM64 runtime	2026-10-03T19:10:56.5209344Z (Reading database ... 60%
replay	Build pinned ARM64 runtime	2026-10-03T19:10:56.5209542Z (Reading database ... 65%
replay	Build pinned ARM64 runtime	2026-10-03T19:10:56.5209743Z (Reading database ... 70%
replay	Build pinned ARM64 runtime	2026-10-03T19:10:56.5209944Z (Reading database ... 75%
replay	Build pinned ARM64 runtime	2026-10-03T19:10:56.5210142Z (Reading database ... 80%
replay	Build pinned ARM64 runtime	2026-10-03T19:10:56.5210341Z (Reading database ... 85%
replay	Build pinned ARM64 runtime	2026-10-03T19:10:56.5210542Z (Reading database ... 90%
replay	Build pinned ARM64 runtime	2026-10-03T19:10:56.5210742Z (Reading database ... 95%
replay	Build pinned ARM64 runtime	2026-10-03T19:10:56.5210943Z (Reading database ... 100%
replay	Build pinned ARM64 runtime	2026-10-03T19:10:56.5211246Z (Reading database ... 4941 files and directories currently installed.)
replay	Build pinned ARM64 runtime	2026-10-03T19:10:56.5211694Z #8 31.85 Preparing to unpack .../perl-base_5.38.2-3.2ubuntu0.6_arm64.deb ...
replay	Build pinned ARM64 runtime	2026-10-03T19:10:56.5212147Z #8 31.86 Unpacking perl-base (5.38.2-3.2ubuntu0.6) over (5.38.2-3.2ubuntu0.3) ...
replay	Build pinned ARM64 runtime	2026-10-03T19:10:56.8915896Z #8 32.38 Setting up perl-base (5.38.2-3.2ubuntu0.6) ...
replay	Build pinned ARM64 runtime	2026-10-03T19:10:57.0668761Z #8 32.40 (Reading database ... 
replay	Build pinned ARM64 runtime	2026-10-03T19:10:57.0669125Z (Reading database ... 5%
replay	Build pinned ARM64 runtime	2026-10-03T19:10:57.0669339Z (Reading database ... 10%
replay	Build pinned ARM64 runtime	2026-10-03T19:10:57.0669551Z (Reading database ... 15%
replay	Build pinned ARM64 runtime	2026-10-03T19:10:57.0669754Z (Reading database ... 20%
replay	Build pinned ARM64 runtime	2026-10-03T19:10:57.0669965Z (Reading database ... 25%
replay	Build pinned ARM64 runtime	2026-10-03T19:10:57.0670165Z (Reading database ... 30%
replay	Build pinned ARM64 runtime	2026-10-03T19:10:57.0670366Z (Reading database ... 35%
replay	Build pinned ARM64 runtime	2026-10-03T19:10:57.0670566Z (Reading database ... 40%
replay	Build pinned ARM64 runtime	2026-10-03T19:10:57.0670767Z (Reading database ... 45%
replay	Build pinned ARM64 runtime	2026-10-03T19:10:57.0670967Z (Reading database ... 50%
replay	Build pinned ARM64 runtime	2026-10-03T19:10:57.0671166Z (Reading database ... 55%
replay	Build pinned ARM64 runtime	2026-10-03T19:10:57.0671362Z (Reading database ... 60%
replay	Build pinned ARM64 runtime	2026-10-03T19:10:57.0671950Z (Reading database ... 65%
replay	Build pinned ARM64 runtime	2026-10-03T19:10:57.0672152Z (Reading database ... 70%
replay	Build pinned ARM64 runtime	2026-10-03T19:10:57.0672366Z (Reading database ... 75%
replay	Build pinned ARM64 runtime	2026-10-03T19:10:57.0672572Z (Reading database ... 80%
replay	Build pinned ARM64 runtime	2026-10-03T19:10:57.0672770Z (Reading database ... 85%
replay	Build pinned ARM64 runtime	2026-10-03T19:10:57.0672967Z (Reading database ... 90%
replay	Build pinned ARM64 runtime	2026-10-03T19:10:57.0673164Z (Reading database ... 95%
replay	Build pinned ARM64 runtime	2026-10-03T19:10:57.0673366Z (Reading database ... 100%
replay	Build pinned ARM64 runtime	2026-10-03T19:10:57.0673663Z (Reading database ... 4941 files and directories currently installed.)
replay	Build pinned ARM64 runtime	2026-10-03T19:10:57.0674099Z #8 32.40 Preparing to unpack .../util-linux_2.39.3-9ubuntu6.6_arm64.deb ...
replay	Build pinned ARM64 runtime	2026-10-03T19:10:57.0674544Z #8 32.40 Unpacking util-linux (2.39.3-9ubuntu6.6) over (2.39.3-9ubuntu6.5) ...
replay	Build pinned ARM64 runtime	2026-10-03T19:10:57.0706904Z #8 32.56 Setting up util-linux (2.39.3-9ubuntu6.6) ...
replay	Build pinned ARM64 runtime	2026-10-03T19:10:57.2313070Z #8 32.65 (Reading database ... 
replay	Build pinned ARM64 runtime	2026-10-03T19:10:57.2313437Z (Reading database ... 5%
replay	Build pinned ARM64 runtime	2026-10-03T19:10:57.2313651Z (Reading database ... 10%
replay	Build pinned ARM64 runtime	2026-10-03T19:10:57.2313889Z (Reading database ... 15%
replay	Build pinned ARM64 runtime	2026-10-03T19:10:57.2314089Z (Reading database ... 20%
replay	Build pinned ARM64 runtime	2026-10-03T19:10:57.2314290Z (Reading database ... 25%
replay	Build pinned ARM64 runtime	2026-10-03T19:10:57.2314507Z (Reading database ... 30%
replay	Build pinned ARM64 runtime	2026-10-03T19:10:57.2314707Z (Reading database ... 35%
replay	Build pinned ARM64 runtime	2026-10-03T19:10:57.2314905Z (Reading database ... 40%
replay	Build pinned ARM64 runtime	2026-10-03T19:10:57.2315107Z (Reading database ... 45%
replay	Build pinned ARM64 runtime	2026-10-03T19:10:57.2315320Z (Reading database ... 50%
replay	Build pinned ARM64 runtime	2026-10-03T19:10:57.2315522Z (Reading database ... 55%
replay	Build pinned ARM64 runtime	2026-10-03T19:10:57.2315723Z (Reading database ... 60%
replay	Build pinned ARM64 runtime	2026-10-03T19:10:57.2315921Z (Reading database ... 65%
replay	Build pinned ARM64 runtime	2026-10-03T19:10:57.2316118Z (Reading database ... 70%
replay	Build pinned ARM64 runtime	2026-10-03T19:10:57.2316319Z (Reading database ... 75%
replay	Build pinned ARM64 runtime	2026-10-03T19:10:57.2316521Z (Reading database ... 80%
replay	Build pinned ARM64 runtime	2026-10-03T19:10:57.2316722Z (Reading database ... 85%
replay	Build pinned ARM64 runtime	2026-10-03T19:10:57.2316920Z (Reading database ... 90%
replay	Build pinned ARM64 runtime	2026-10-03T19:10:57.2317123Z (Reading database ... 95%
replay	Build pinned ARM64 runtime	2026-10-03T19:10:57.2317324Z (Reading database ... 100%
replay	Build pinned ARM64 runtime	2026-10-03T19:10:57.2317640Z (Reading database ... 4941 files and directories currently installed.)
replay	Build pinned ARM64 runtime	2026-10-03T19:10:57.2318273Z #8 32.66 Preparing to unpack .../libc6_2.39-0ubuntu8.9_arm64.deb ...
replay	Build pinned ARM64 runtime	2026-10-03T19:10:57.2319115Z #8 32.72 Unpacking libc6:arm64 (2.39-0ubuntu8.9) over (2.39-0ubuntu8.8) ...
replay	Build pinned ARM64 runtime	2026-10-03T19:10:57.6256903Z #8 33.11 Setting up libc6:arm64 (2.39-0ubuntu8.9) ...
replay	Build pinned ARM64 runtime	2026-10-03T19:10:58.8183300Z #8 34.18 (Reading database ... 
replay	Build pinned ARM64 runtime	2026-10-03T19:10:58.8183665Z (Reading database ... 5%
replay	Build pinned ARM64 runtime	2026-10-03T19:10:58.8184199Z (Reading database ... 10%
replay	Build pinned ARM64 runtime	2026-10-03T19:10:58.8184416Z (Reading database ... 15%
replay	Build pinned ARM64 runtime	2026-10-03T19:10:58.8184619Z (Reading database ... 20%
replay	Build pinned ARM64 runtime	2026-10-03T19:10:58.8184820Z (Reading database ... 25%
replay	Build pinned ARM64 runtime	2026-10-03T19:10:58.8185021Z (Reading database ... 30%
replay	Build pinned ARM64 runtime	2026-10-03T19:10:58.8185249Z (Reading database ... 35%
replay	Build pinned ARM64 runtime	2026-10-03T19:10:58.8185451Z (Reading database ... 40%
replay	Build pinned ARM64 runtime	2026-10-03T19:10:58.8185648Z (Reading database ... 45%
replay	Build pinned ARM64 runtime	2026-10-03T19:10:58.8185847Z (Reading database ... 50%
replay	Build pinned ARM64 runtime	2026-10-03T19:10:58.8186242Z (Reading database ... 55%
replay	Build pinned ARM64 runtime	2026-10-03T19:10:58.8186482Z (Reading database ... 60%
replay	Build pinned ARM64 runtime	2026-10-03T19:10:58.8186681Z (Reading database ... 65%
replay	Build pinned ARM64 runtime	2026-10-03T19:10:58.8186879Z (Reading database ... 70%
replay	Build pinned ARM64 runtime	2026-10-03T19:10:58.8187097Z (Reading database ... 75%
replay	Build pinned ARM64 runtime	2026-10-03T19:10:58.8187296Z (Reading database ... 80%
replay	Build pinned ARM64 runtime	2026-10-03T19:10:58.8187502Z (Reading database ... 85%
replay	Build pinned ARM64 runtime	2026-10-03T19:10:58.8187703Z (Reading database ... 90%
replay	Build pinned ARM64 runtime	2026-10-03T19:10:58.8187904Z (Reading database ... 95%
replay	Build pinned ARM64 runtime	2026-10-03T19:10:58.8188324Z (Reading database ... 100%
replay	Build pinned ARM64 runtime	2026-10-03T19:10:58.8188649Z (Reading database ... 4941 files and directories currently installed.)
replay	Build pinned ARM64 runtime	2026-10-03T19:10:58.8189076Z #8 34.18 Preparing to unpack .../libc-bin_2.39-0ubuntu8.9_arm64.deb ...
replay	Build pinned ARM64 runtime	2026-10-03T19:10:58.8189486Z #8 34.18 Unpacking libc-bin (2.39-0ubuntu8.9) over (2.39-0ubuntu8.8) ...
replay	Build pinned ARM64 runtime	2026-10-03T19:10:58.8189839Z #8 34.23 Setting up libc-bin (2.39-0ubuntu8.9) ...
replay	Build pinned ARM64 runtime	2026-10-03T19:10:58.8190105Z #8 34.25 (Reading database ... 
replay	Build pinned ARM64 runtime	2026-10-03T19:10:58.8190320Z (Reading database ... 5%
replay	Build pinned ARM64 runtime	2026-10-03T19:10:58.8190923Z (Reading database ... 10%
replay	Build pinned ARM64 runtime	2026-10-03T19:10:58.8191411Z (Reading database ... 15%
replay	Build pinned ARM64 runtime	2026-10-03T19:10:58.8191638Z (Reading database ... 20%
replay	Build pinned ARM64 runtime	2026-10-03T19:10:58.8191853Z (Reading database ... 25%
replay	Build pinned ARM64 runtime	2026-10-03T19:10:58.8192054Z (Reading database ... 30%
replay	Build pinned ARM64 runtime	2026-10-03T19:10:58.8192253Z (Reading database ... 35%
replay	Build pinned ARM64 runtime	2026-10-03T19:10:58.8192454Z (Reading database ... 40%
replay	Build pinned ARM64 runtime	2026-10-03T19:10:58.8192652Z (Reading database ... 45%
replay	Build pinned ARM64 runtime	2026-10-03T19:10:58.8192850Z (Reading database ... 50%
replay	Build pinned ARM64 runtime	2026-10-03T19:10:58.8193051Z (Reading database ... 55%
replay	Build pinned ARM64 runtime	2026-10-03T19:10:58.8193250Z (Reading database ... 60%
replay	Build pinned ARM64 runtime	2026-10-03T19:10:58.8193453Z (Reading database ... 65%
replay	Build pinned ARM64 runtime	2026-10-03T19:10:58.8193651Z (Reading database ... 70%
replay	Build pinned ARM64 runtime	2026-10-03T19:10:58.8193848Z (Reading database ... 75%
replay	Build pinned ARM64 runtime	2026-10-03T19:10:58.8194293Z (Reading database ... 80%
replay	Build pinned ARM64 runtime	2026-10-03T19:10:58.8194502Z (Reading database ... 85%
replay	Build pinned ARM64 runtime	2026-10-03T19:10:58.8194702Z (Reading database ... 90%
replay	Build pinned ARM64 runtime	2026-10-03T19:10:58.8194899Z (Reading database ... 95%
replay	Build pinned ARM64 runtime	2026-10-03T19:10:58.8195098Z (Reading database ... 100%
replay	Build pinned ARM64 runtime	2026-10-03T19:10:58.8195405Z (Reading database ... 4941 files and directories currently installed.)
replay	Build pinned ARM64 runtime	2026-10-03T19:10:58.8195849Z #8 34.26 Preparing to unpack .../ncurses-base_6.4+20240113-1ubuntu2.2_all.deb ...
replay	Build pinned ARM64 runtime	2026-10-03T19:10:58.8196352Z #8 34.26 Unpacking ncurses-base (6.4+20240113-1ubuntu2.2) over (6.4+20240113-1ubuntu2.1) ...
replay	Build pinned ARM64 runtime	2026-10-03T19:10:58.8196964Z #8 34.30 Setting up ncurses-base (6.4+20240113-1ubuntu2.2) ...
replay	Build pinned ARM64 runtime	2026-10-03T19:10:58.9204840Z #8 34.32 (Reading database ... 
replay	Build pinned ARM64 runtime	2026-10-03T19:10:58.9205980Z (Reading database ... 5%
replay	Build pinned ARM64 runtime	2026-10-03T19:10:58.9206256Z (Reading database ... 10%
replay	Build pinned ARM64 runtime	2026-10-03T19:10:58.9206781Z (Reading database ... 15%
replay	Build pinned ARM64 runtime	2026-10-03T19:10:58.9207359Z (Reading database ... 20%
replay	Build pinned ARM64 runtime	2026-10-03T19:10:58.9207599Z (Reading database ... 25%
replay	Build pinned ARM64 runtime	2026-10-03T19:10:58.9208166Z (Reading database ... 30%
replay	Build pinned ARM64 runtime	2026-10-03T19:10:58.9208438Z (Reading database ... 35%
replay	Build pinned ARM64 runtime	2026-10-03T19:10:58.9208870Z (Reading database ... 40%
replay	Build pinned ARM64 runtime	2026-10-03T19:10:58.9209129Z (Reading database ... 45%
replay	Build pinned ARM64 runtime	2026-10-03T19:10:58.9209335Z (Reading database ... 50%
replay	Build pinned ARM64 runtime	2026-10-03T19:10:58.9209767Z (Reading database ... 55%
replay	Build pinned ARM64 runtime	2026-10-03T19:10:58.9209984Z (Reading database ... 60%
replay	Build pinned ARM64 runtime	2026-10-03T19:10:58.9210305Z (Reading database ... 65%
replay	Build pinned ARM64 runtime	2026-10-03T19:10:58.9210891Z (Reading database ... 70%
replay	Build pinned ARM64 runtime	2026-10-03T19:10:58.9211317Z (Reading database ... 75%
replay	Build pinned ARM64 runtime	2026-10-03T19:10:58.9211529Z (Reading database ... 80%
replay	Build pinned ARM64 runtime	2026-10-03T19:10:58.9211732Z (Reading database ... 85%
replay	Build pinned ARM64 runtime	2026-10-03T19:10:58.9211932Z (Reading database ... 90%
replay	Build pinned ARM64 runtime	2026-10-03T19:10:58.9212147Z (Reading database ... 95%
replay	Build pinned ARM64 runtime	2026-10-03T19:10:58.9212351Z (Reading database ... 100%
replay	Build pinned ARM64 runtime	2026-10-03T19:10:58.9212651Z (Reading database ... 4941 files and directories currently installed.)
replay	Build pinned ARM64 runtime	2026-10-03T19:10:58.9213075Z #8 34.32 Preparing to unpack .../mount_2.39.3-9ubuntu6.6_arm64.deb ...
replay	Build pinned ARM64 runtime	2026-10-03T19:10:58.9213481Z #8 34.32 Unpacking mount (2.39.3-9ubuntu6.6) over (2.39.3-9ubuntu6.5) ...
replay	Build pinned ARM64 runtime	2026-10-03T19:10:58.9213896Z #8 34.34 Selecting previously unselected package libapparmor1:arm64.
replay	Build pinned ARM64 runtime	2026-10-03T19:10:58.9214372Z #8 34.35 Preparing to unpack .../libapparmor1_4.0.1really4.0.1-0ubuntu0.24.04.8_arm64.deb ...
replay	Build pinned ARM64 runtime	2026-10-03T19:10:58.9214881Z #8 34.35 Unpacking libapparmor1:arm64 (4.0.1really4.0.1-0ubuntu0.24.04.8) ...
replay	Build pinned ARM64 runtime	2026-10-03T19:10:58.9215312Z #8 34.36 Selecting previously unselected package libargon2-1:arm64.
replay	Build pinned ARM64 runtime	2026-10-03T19:10:58.9215770Z #8 34.36 Preparing to unpack .../libargon2-1_0~20190702+dfsg-4build1_arm64.deb ...
replay	Build pinned ARM64 runtime	2026-10-03T19:10:58.9216193Z #8 34.36 Unpacking libargon2-1:arm64 (0~20190702+dfsg-4build1) ...
replay	Build pinned ARM64 runtime	2026-10-03T19:10:58.9216584Z #8 34.37 Preparing to unpack .../libblkid1_2.39.3-9ubuntu6.6_arm64.deb ...
replay	Build pinned ARM64 runtime	2026-10-03T19:10:58.9217024Z #8 34.37 Unpacking libblkid1:arm64 (2.39.3-9ubuntu6.6) over (2.39.3-9ubuntu6.5) ...
replay	Build pinned ARM64 runtime	2026-10-03T19:10:58.9217430Z #8 34.39 Setting up libblkid1:arm64 (2.39.3-9ubuntu6.6) ...
replay	Build pinned ARM64 runtime	2026-10-03T19:10:58.9218240Z #8 34.41 Selecting previously unselected package libdevmapper1.02.1:arm64.
replay	Build pinned ARM64 runtime	2026-10-03T19:10:59.0302099Z #8 34.41 (Reading database ... 
replay	Build pinned ARM64 runtime	2026-10-03T19:10:59.0302446Z (Reading database ... 5%
replay	Build pinned ARM64 runtime	2026-10-03T19:10:59.0302660Z (Reading database ... 10%
replay	Build pinned ARM64 runtime	2026-10-03T19:10:59.0303413Z (Reading database ... 15%
replay	Build pinned ARM64 runtime	2026-10-03T19:10:59.0303619Z (Reading database ... 20%
replay	Build pinned ARM64 runtime	2026-10-03T19:10:59.0303837Z (Reading database ... 25%
replay	Build pinned ARM64 runtime	2026-10-03T19:10:59.0304041Z (Reading database ... 30%
replay	Build pinned ARM64 runtime	2026-10-03T19:10:59.0304242Z (Reading database ... 35%
replay	Build pinned ARM64 runtime	2026-10-03T19:10:59.0304441Z (Reading database ... 40%
replay	Build pinned ARM64 runtime	2026-10-03T19:10:59.0304639Z (Reading database ... 45%
replay	Build pinned ARM64 runtime	2026-10-03T19:10:59.0304841Z (Reading database ... 50%
replay	Build pinned ARM64 runtime	2026-10-03T19:10:59.0305044Z (Reading database ... 55%
replay	Build pinned ARM64 runtime	2026-10-03T19:10:59.0305244Z (Reading database ... 60%
replay	Build pinned ARM64 runtime	2026-10-03T19:10:59.0305444Z (Reading database ... 65%
replay	Build pinned ARM64 runtime	2026-10-03T19:10:59.0305646Z (Reading database ... 70%
replay	Build pinned ARM64 runtime	2026-10-03T19:10:59.0305846Z (Reading database ... 75%
replay	Build pinned ARM64 runtime	2026-10-03T19:10:59.0306046Z (Reading database ... 80%
replay	Build pinned ARM64 runtime	2026-10-03T19:10:59.0306248Z (Reading database ... 85%
replay	Build pinned ARM64 runtime	2026-10-03T19:10:59.0306447Z (Reading database ... 90%
replay	Build pinned ARM64 runtime	2026-10-03T19:10:59.0306646Z (Reading database ... 95%
replay	Build pinned ARM64 runtime	2026-10-03T19:10:59.0306849Z (Reading database ... 100%
replay	Build pinned ARM64 runtime	2026-10-03T19:10:59.0307157Z (Reading database ... 4950 files and directories currently installed.)
replay	Build pinned ARM64 runtime	2026-10-03T19:10:59.0307642Z #8 34.41 Preparing to unpack .../libdevmapper1.02.1_2%3a1.02.185-3ubuntu3.2_arm64.deb ...
replay	Build pinned ARM64 runtime	2026-10-03T19:10:59.0308892Z #8 34.41 Unpacking libdevmapper1.02.1:arm64 (2:1.02.185-3ubuntu3.2) ...
replay	Build pinned ARM64 runtime	2026-10-03T19:10:59.0309330Z #8 34.42 Selecting previously unselected package libjson-c5:arm64.
replay	Build pinned ARM64 runtime	2026-10-03T19:10:59.0309730Z #8 34.42 Preparing to unpack .../libjson-c5_0.17-1build1_arm64.deb ...
replay	Build pinned ARM64 runtime	2026-10-03T19:10:59.0310085Z #8 34.42 Unpacking libjson-c5:arm64 (0.17-1build1) ...
replay	Build pinned ARM64 runtime	2026-10-03T19:10:59.0310438Z #8 34.44 Preparing to unpack .../libuuid1_2.39.3-9ubuntu6.6_arm64.deb ...
replay	Build pinned ARM64 runtime	2026-10-03T19:10:59.0310877Z #8 34.44 Unpacking libuuid1:arm64 (2.39.3-9ubuntu6.6) over (2.39.3-9ubuntu6.5) ...
replay	Build pinned ARM64 runtime	2026-10-03T19:10:59.0311276Z #8 34.45 Setting up libuuid1:arm64 (2.39.3-9ubuntu6.6) ...
replay	Build pinned ARM64 runtime	2026-10-03T19:10:59.0311684Z #8 34.47 Selecting previously unselected package libcryptsetup12:arm64.
replay	Build pinned ARM64 runtime	2026-10-03T19:10:59.0312027Z #8 34.47 (Reading database ... 
replay	Build pinned ARM64 runtime	2026-10-03T19:10:59.0312253Z (Reading database ... 5%
replay	Build pinned ARM64 runtime	2026-10-03T19:10:59.0312460Z (Reading database ... 10%
replay	Build pinned ARM64 runtime	2026-10-03T19:10:59.0313054Z (Reading database ... 15%
replay	Build pinned ARM64 runtime	2026-10-03T19:10:59.0313260Z (Reading database ... 20%
replay	Build pinned ARM64 runtime	2026-10-03T19:10:59.0313461Z (Reading database ... 25%
replay	Build pinned ARM64 runtime	2026-10-03T19:10:59.0313662Z (Reading database ... 30%
replay	Build pinned ARM64 runtime	2026-10-03T19:10:59.0313863Z (Reading database ... 35%
replay	Build pinned ARM64 runtime	2026-10-03T19:10:59.0314070Z (Reading database ... 40%
replay	Build pinned ARM64 runtime	2026-10-03T19:10:59.0314269Z (Reading database ... 45%
replay	Build pinned ARM64 runtime	2026-10-03T19:10:59.0314470Z (Reading database ... 50%
replay	Build pinned ARM64 runtime	2026-10-03T19:10:59.0314669Z (Reading database ... 55%
replay	Build pinned ARM64 runtime	2026-10-03T19:10:59.0314873Z (Reading database ... 60%
replay	Build pinned ARM64 runtime	2026-10-03T19:10:59.0315074Z (Reading database ... 65%
replay	Build pinned ARM64 runtime	2026-10-03T19:10:59.0315275Z (Reading database ... 70%
replay	Build pinned ARM64 runtime	2026-10-03T19:10:59.0315476Z (Reading database ... 75%
replay	Build pinned ARM64 runtime	2026-10-03T19:10:59.0315675Z (Reading database ... 80%
replay	Build pinned ARM64 runtime	2026-10-03T19:10:59.0315875Z (Reading database ... 85%
replay	Build pinned ARM64 runtime	2026-10-03T19:10:59.0316077Z (Reading database ... 90%
replay	Build pinned ARM64 runtime	2026-10-03T19:10:59.0316294Z (Reading database ... 95%
replay	Build pinned ARM64 runtime	2026-10-03T19:10:59.0316497Z (Reading database ... 100%
replay	Build pinned ARM64 runtime	2026-10-03T19:10:59.0316792Z (Reading database ... 4961 files and directories currently installed.)
replay	Build pinned ARM64 runtime	2026-10-03T19:10:59.0317249Z #8 34.47 Preparing to unpack .../libcryptsetup12_2%3a2.7.0-1ubuntu4.2_arm64.deb ...
replay	Build pinned ARM64 runtime	2026-10-03T19:10:59.0317675Z #8 34.47 Unpacking libcryptsetup12:arm64 (2:2.7.0-1ubuntu4.2) ...
replay	Build pinned ARM64 runtime	2026-10-03T19:10:59.0318283Z #8 34.49 Selecting previously unselected package libfdisk1:arm64.
replay	Build pinned ARM64 runtime	2026-10-03T19:10:59.0318719Z #8 34.49 Preparing to unpack .../libfdisk1_2.39.3-9ubuntu6.6_arm64.deb ...
replay	Build pinned ARM64 runtime	2026-10-03T19:10:59.0319095Z #8 34.49 Unpacking libfdisk1:arm64 (2.39.3-9ubuntu6.6) ...
replay	Build pinned ARM64 runtime	2026-10-03T19:10:59.0319444Z #8 34.50 Selecting previously unselected package libkmod2:arm64.
replay	Build pinned ARM64 runtime	2026-10-03T19:10:59.0319853Z #8 34.50 Preparing to unpack .../libkmod2_31+20240202-2ubuntu7.2_arm64.deb ...
replay	Build pinned ARM64 runtime	2026-10-03T19:10:59.0320248Z #8 34.50 Unpacking libkmod2:arm64 (31+20240202-2ubuntu7.2) ...
replay	Build pinned ARM64 runtime	2026-10-03T19:10:59.0320913Z #8 34.52 Preparing to unpack .../libmount1_2.39.3-9ubuntu6.6_arm64.deb ...
replay	Build pinned ARM64 runtime	2026-10-03T19:10:59.2242255Z #8 34.52 Unpacking libmount1:arm64 (2.39.3-9ubuntu6.6) over (2.39.3-9ubuntu6.5) ...
replay	Build pinned ARM64 runtime	2026-10-03T19:10:59.2242842Z #8 34.54 Setting up libmount1:arm64 (2.39.3-9ubuntu6.6) ...
replay	Build pinned ARM64 runtime	2026-10-03T19:10:59.2243267Z #8 34.55 Selecting previously unselected package libsystemd-shared:arm64.
replay	Build pinned ARM64 runtime	2026-10-03T19:10:59.2243615Z #8 34.55 (Reading database ... 
replay	Build pinned ARM64 runtime	2026-10-03T19:10:59.2243841Z (Reading database ... 5%
replay	Build pinned ARM64 runtime	2026-10-03T19:10:59.2244043Z (Reading database ... 10%
replay	Build pinned ARM64 runtime	2026-10-03T19:10:59.2244247Z (Reading database ... 15%
replay	Build pinned ARM64 runtime	2026-10-03T19:10:59.2244448Z (Reading database ... 20%
replay	Build pinned ARM64 runtime	2026-10-03T19:10:59.2244648Z (Reading database ... 25%
replay	Build pinned ARM64 runtime	2026-10-03T19:10:59.2244848Z (Reading database ... 30%
replay	Build pinned ARM64 runtime	2026-10-03T19:10:59.2245051Z (Reading database ... 35%
replay	Build pinned ARM64 runtime	2026-10-03T19:10:59.2245254Z (Reading database ... 40%
replay	Build pinned ARM64 runtime	2026-10-03T19:10:59.2245458Z (Reading database ... 45%
replay	Build pinned ARM64 runtime	2026-10-03T19:10:59.2245658Z (Reading database ... 50%
replay	Build pinned ARM64 runtime	2026-10-03T19:10:59.2245859Z (Reading database ... 55%
replay	Build pinned ARM64 runtime	2026-10-03T19:10:59.2246080Z (Reading database ... 60%
replay	Build pinned ARM64 runtime	2026-10-03T19:10:59.2246282Z (Reading database ... 65%
replay	Build pinned ARM64 runtime	2026-10-03T19:10:59.2246495Z (Reading database ... 70%
replay	Build pinned ARM64 runtime	2026-10-03T19:10:59.2246695Z (Reading database ... 75%
replay	Build pinned ARM64 runtime	2026-10-03T19:10:59.2246894Z (Reading database ... 80%
replay	Build pinned ARM64 runtime	2026-10-03T19:10:59.2247098Z (Reading database ... 85%
replay	Build pinned ARM64 runtime	2026-10-03T19:10:59.2247302Z (Reading database ... 90%
replay	Build pinned ARM64 runtime	2026-10-03T19:10:59.2247503Z (Reading database ... 95%
replay	Build pinned ARM64 runtime	2026-10-03T19:10:59.2247704Z (Reading database ... 100%
replay	Build pinned ARM64 runtime	2026-10-03T19:10:59.2248001Z (Reading database ... 4981 files and directories currently installed.)
replay	Build pinned ARM64 runtime	2026-10-03T19:10:59.2249571Z #8 34.55 Preparing to unpack .../libsystemd-shared_255.4-1ubuntu8.17_arm64.deb ...
replay	Build pinned ARM64 runtime	2026-10-03T19:10:59.2250025Z #8 34.56 Unpacking libsystemd-shared:arm64 (255.4-1ubuntu8.17) ...
replay	Build pinned ARM64 runtime	2026-10-03T19:10:59.2250401Z #8 34.59 Selecting previously unselected package systemd-dev.
replay	Build pinned ARM64 runtime	2026-10-03T19:10:59.2250789Z #8 34.59 Preparing to unpack .../systemd-dev_255.4-1ubuntu8.17_all.deb ...
replay	Build pinned ARM64 runtime	2026-10-03T19:10:59.2251169Z #8 34.59 Unpacking systemd-dev (255.4-1ubuntu8.17) ...
replay	Build pinned ARM64 runtime	2026-10-03T19:10:59.2251492Z #8 34.61 Selecting previously unselected package systemd.
replay	Build pinned ARM64 runtime	2026-10-03T19:10:59.2252265Z #8 34.61 Preparing to unpack .../systemd_255.4-1ubuntu8.17_arm64.deb ...
replay	Build pinned ARM64 runtime	2026-10-03T19:10:59.2252619Z #8 34.61 Unpacking systemd (255.4-1ubuntu8.17) ...
replay	Build pinned ARM64 runtime	2026-10-03T19:10:59.2252986Z #8 34.71 Setting up libapparmor1:arm64 (4.0.1really4.0.1-0ubuntu0.24.04.8) ...
replay	Build pinned ARM64 runtime	2026-10-03T19:10:59.3354678Z #8 34.71 Setting up libargon2-1:arm64 (0~20190702+dfsg-4build1) ...
replay	Build pinned ARM64 runtime	2026-10-03T19:10:59.3355227Z #8 34.71 Setting up libdevmapper1.02.1:arm64 (2:1.02.185-3ubuntu3.2) ...
replay	Build pinned ARM64 runtime	2026-10-03T19:10:59.3355600Z #8 34.72 Setting up libjson-c5:arm64 (0.17-1build1) ...
replay	Build pinned ARM64 runtime	2026-10-03T19:10:59.3355950Z #8 34.72 Setting up libcryptsetup12:arm64 (2:2.7.0-1ubuntu4.2) ...
replay	Build pinned ARM64 runtime	2026-10-03T19:10:59.3356304Z #8 34.72 Setting up libfdisk1:arm64 (2.39.3-9ubuntu6.6) ...
replay	Build pinned ARM64 runtime	2026-10-03T19:10:59.3356725Z #8 34.72 Setting up libkmod2:arm64 (31+20240202-2ubuntu7.2) ...
replay	Build pinned ARM64 runtime	2026-10-03T19:10:59.3357118Z #8 34.72 Setting up libsystemd-shared:arm64 (255.4-1ubuntu8.17) ...
replay	Build pinned ARM64 runtime	2026-10-03T19:10:59.3357468Z #8 34.72 Setting up systemd-dev (255.4-1ubuntu8.17) ...
replay	Build pinned ARM64 runtime	2026-10-03T19:10:59.3357784Z #8 34.73 Setting up mount (2.39.3-9ubuntu6.6) ...
replay	Build pinned ARM64 runtime	2026-10-03T19:10:59.3358434Z #8 34.73 Setting up systemd (255.4-1ubuntu8.17) ...
replay	Build pinned ARM64 runtime	2026-10-03T19:10:59.3359327Z #8 34.74 Created symlink /etc/systemd/system/getty.target.wants/getty@tty1.service → /usr/lib/systemd/system/getty@.service.
replay	Build pinned ARM64 runtime	2026-10-03T19:10:59.3359761Z 
replay	Build pinned ARM64 runtime	2026-10-03T19:10:59.3360223Z #8 34.74 Created symlink /etc/systemd/system/multi-user.target.wants/remote-fs.target → /usr/lib/systemd/system/remote-fs.target.
replay	Build pinned ARM64 runtime	2026-10-03T19:10:59.3360681Z 
replay	Build pinned ARM64 runtime	2026-10-03T19:10:59.3361177Z #8 34.74 Created symlink /etc/systemd/system/sysinit.target.wants/systemd-pstore.service → /usr/lib/systemd/system/systemd-pstore.service.
replay	Build pinned ARM64 runtime	2026-10-03T19:10:59.3361673Z 
replay	Build pinned ARM64 runtime	2026-10-03T19:10:59.3361793Z #8 34.75 Initializing machine ID from random generator.
replay	Build pinned ARM64 runtime	2026-10-03T19:10:59.3361998Z 
replay	Build pinned ARM64 runtime	2026-10-03T19:10:59.3362690Z #8 34.76 /usr/lib/tmpfiles.d/systemd-network.conf:10: Failed to resolve user 'systemd-network': No such process
replay	Build pinned ARM64 runtime	2026-10-03T19:10:59.3363092Z 
replay	Build pinned ARM64 runtime	2026-10-03T19:10:59.3363382Z #8 34.76 /usr/lib/tmpfiles.d/systemd-network.conf:11: Failed to resolve user 'systemd-network': No such process
replay	Build pinned ARM64 runtime	2026-10-03T19:10:59.3363760Z 
replay	Build pinned ARM64 runtime	2026-10-03T19:10:59.3364047Z #8 34.76 /usr/lib/tmpfiles.d/systemd-network.conf:12: Failed to resolve user 'systemd-network': No such process
replay	Build pinned ARM64 runtime	2026-10-03T19:10:59.3364427Z 
replay	Build pinned ARM64 runtime	2026-10-03T19:10:59.3364710Z #8 34.76 /usr/lib/tmpfiles.d/systemd-network.conf:13: Failed to resolve user 'systemd-network': No such process
replay	Build pinned ARM64 runtime	2026-10-03T19:10:59.3365088Z 
replay	Build pinned ARM64 runtime	2026-10-03T19:10:59.3365347Z #8 34.76 /usr/lib/tmpfiles.d/systemd.conf:22: Failed to resolve group 'systemd-journal': No such process
replay	Build pinned ARM64 runtime	2026-10-03T19:10:59.3365703Z 
replay	Build pinned ARM64 runtime	2026-10-03T19:10:59.3365959Z #8 34.76 /usr/lib/tmpfiles.d/systemd.conf:23: Failed to resolve group 'systemd-journal': No such process
replay	Build pinned ARM64 runtime	2026-10-03T19:10:59.3366315Z 
replay	Build pinned ARM64 runtime	2026-10-03T19:10:59.3366582Z #8 34.76 /usr/lib/tmpfiles.d/systemd.conf:28: Failed to resolve group 'systemd-journal': No such process
replay	Build pinned ARM64 runtime	2026-10-03T19:10:59.3366933Z 
replay	Build pinned ARM64 runtime	2026-10-03T19:10:59.3367201Z #8 34.76 /usr/lib/tmpfiles.d/systemd.conf:29: Failed to resolve group 'systemd-journal': No such process
replay	Build pinned ARM64 runtime	2026-10-03T19:10:59.3367556Z 
replay	Build pinned ARM64 runtime	2026-10-03T19:10:59.3367813Z #8 34.76 /usr/lib/tmpfiles.d/systemd.conf:30: Failed to resolve group 'systemd-journal': No such process
replay	Build pinned ARM64 runtime	2026-10-03T19:10:59.3368358Z 
replay	Build pinned ARM64 runtime	2026-10-03T19:10:59.3368487Z #8 34.77 Creating group 'systemd-journal' with GID 999.
replay	Build pinned ARM64 runtime	2026-10-03T19:10:59.3368698Z 
replay	Build pinned ARM64 runtime	2026-10-03T19:10:59.3368821Z #8 34.77 Creating group 'systemd-network' with GID 998.
replay	Build pinned ARM64 runtime	2026-10-03T19:10:59.3369027Z 
replay	Build pinned ARM64 runtime	2026-10-03T19:10:59.3369266Z #8 34.77 Creating user 'systemd-network' (systemd Network Management) with UID 998 and GID 998.
replay	Build pinned ARM64 runtime	2026-10-03T19:10:59.3369593Z 
replay	Build pinned ARM64 runtime	2026-10-03T19:10:59.3369738Z #8 34.79 Selecting previously unselected package systemd-sysv.
replay	Build pinned ARM64 runtime	2026-10-03T19:10:59.3370042Z #8 34.79 (Reading database ... 
replay	Build pinned ARM64 runtime	2026-10-03T19:10:59.3370265Z (Reading database ... 5%
replay	Build pinned ARM64 runtime	2026-10-03T19:10:59.3370464Z (Reading database ... 10%
replay	Build pinned ARM64 runtime	2026-10-03T19:10:59.3370667Z (Reading database ... 15%
replay	Build pinned ARM64 runtime	2026-10-03T19:10:59.3371159Z (Reading database ... 20%
replay	Build pinned ARM64 runtime	2026-10-03T19:10:59.3371363Z (Reading database ... 25%
replay	Build pinned ARM64 runtime	2026-10-03T19:10:59.3371564Z (Reading database ... 30%
replay	Build pinned ARM64 runtime	2026-10-03T19:10:59.3371769Z (Reading database ... 35%
replay	Build pinned ARM64 runtime	2026-10-03T19:10:59.3371970Z (Reading database ... 40%
replay	Build pinned ARM64 runtime	2026-10-03T19:10:59.3372172Z (Reading database ... 45%
replay	Build pinned ARM64 runtime	2026-10-03T19:10:59.3372372Z (Reading database ... 50%
replay	Build pinned ARM64 runtime	2026-10-03T19:10:59.3372575Z (Reading database ... 55%
replay	Build pinned ARM64 runtime	2026-10-03T19:10:59.3372772Z (Reading database ... 60%
replay	Build pinned ARM64 runtime	2026-10-03T19:10:59.3372971Z (Reading database ... 65%
replay	Build pinned ARM64 runtime	2026-10-03T19:10:59.3373171Z (Reading database ... 70%
replay	Build pinned ARM64 runtime	2026-10-03T19:10:59.3373371Z (Reading database ... 75%
replay	Build pinned ARM64 runtime	2026-10-03T19:10:59.3373571Z (Reading database ... 80%
replay	Build pinned ARM64 runtime	2026-10-03T19:10:59.3373770Z (Reading database ... 85%
replay	Build pinned ARM64 runtime	2026-10-03T19:10:59.3373974Z (Reading database ... 90%
replay	Build pinned ARM64 runtime	2026-10-03T19:10:59.3374176Z (Reading database ... 95%
replay	Build pinned ARM64 runtime	2026-10-03T19:10:59.3374386Z (Reading database ... 100%
replay	Build pinned ARM64 runtime	2026-10-03T19:10:59.3374682Z (Reading database ... 5969 files and directories currently installed.)
replay	Build pinned ARM64 runtime	2026-10-03T19:10:59.3375126Z #8 34.80 Preparing to unpack .../0-systemd-sysv_255.4-1ubuntu8.17_arm64.deb ...
replay	Build pinned ARM64 runtime	2026-10-03T19:10:59.3375513Z #8 34.80 Unpacking systemd-sysv (255.4-1ubuntu8.17) ...
replay	Build pinned ARM64 runtime	2026-10-03T19:10:59.3375827Z #8 34.81 Selecting previously unselected package m4.
replay	Build pinned ARM64 runtime	2026-10-03T19:10:59.3376170Z #8 34.81 Preparing to unpack .../1-m4_1.4.19-4build1_arm64.deb ...
replay	Build pinned ARM64 runtime	2026-10-03T19:10:59.3376488Z #8 34.81 Unpacking m4 (1.4.19-4build1) ...
replay	Build pinned ARM64 runtime	2026-10-03T19:10:59.3376777Z #8 34.82 Selecting previously unselected package flex.
replay	Build pinned ARM64 runtime	2026-10-03T19:10:59.4957344Z #8 34.82 Preparing to unpack .../2-flex_2.6.4-8.2build1_arm64.deb ...
replay	Build pinned ARM64 runtime	2026-10-03T19:10:59.4958328Z #8 34.82 Unpacking flex (2.6.4-8.2build1) ...
replay	Build pinned ARM64 runtime	2026-10-03T19:10:59.4958746Z #8 34.84 Selecting previously unselected package perl-modules-5.38.
replay	Build pinned ARM64 runtime	2026-10-03T19:10:59.4959205Z #8 34.84 Preparing to unpack .../3-perl-modules-5.38_5.38.2-3.2ubuntu0.6_all.deb ...
replay	Build pinned ARM64 runtime	2026-10-03T19:10:59.4960044Z #8 34.84 Unpacking perl-modules-5.38 (5.38.2-3.2ubuntu0.6) ...
replay	Build pinned ARM64 runtime	2026-10-03T19:10:59.4960438Z #8 34.98 Selecting previously unselected package libgdbm6t64:arm64.
replay	Build pinned ARM64 runtime	2026-10-03T19:10:59.6900909Z #8 34.98 Preparing to unpack .../4-libgdbm6t64_1.23-5.1build1_arm64.deb ...
replay	Build pinned ARM64 runtime	2026-10-03T19:10:59.6901473Z #8 34.98 Unpacking libgdbm6t64:arm64 (1.23-5.1build1) ...
replay	Build pinned ARM64 runtime	2026-10-03T19:10:59.6901874Z #8 35.00 Selecting previously unselected package libgdbm-compat4t64:arm64.
replay	Build pinned ARM64 runtime	2026-10-03T19:10:59.6902337Z #8 35.00 Preparing to unpack .../5-libgdbm-compat4t64_1.23-5.1build1_arm64.deb ...
replay	Build pinned ARM64 runtime	2026-10-03T19:10:59.6902768Z #8 35.00 Unpacking libgdbm-compat4t64:arm64 (1.23-5.1build1) ...
replay	Build pinned ARM64 runtime	2026-10-03T19:10:59.6903179Z #8 35.01 Preparing to unpack .../6-zlib1g_1%3a1.3.dfsg-3.1ubuntu2.2_arm64.deb ...
replay	Build pinned ARM64 runtime	2026-10-03T19:10:59.6903675Z #8 35.01 Unpacking zlib1g:arm64 (1:1.3.dfsg-3.1ubuntu2.2) over (1:1.3.dfsg-3.1ubuntu2.1) ...
replay	Build pinned ARM64 runtime	2026-10-03T19:10:59.6904116Z #8 35.03 Setting up zlib1g:arm64 (1:1.3.dfsg-3.1ubuntu2.2) ...
replay	Build pinned ARM64 runtime	2026-10-03T19:10:59.6904523Z #8 35.05 Selecting previously unselected package libperl5.38t64:arm64.
replay	Build pinned ARM64 runtime	2026-10-03T19:10:59.6904872Z #8 35.05 (Reading database ... 
replay	Build pinned ARM64 runtime	2026-10-03T19:10:59.6905086Z (Reading database ... 5%
replay	Build pinned ARM64 runtime	2026-10-03T19:10:59.6905288Z (Reading database ... 10%
replay	Build pinned ARM64 runtime	2026-10-03T19:10:59.6905489Z (Reading database ... 15%
replay	Build pinned ARM64 runtime	2026-10-03T19:10:59.6905691Z (Reading database ... 20%
replay	Build pinned ARM64 runtime	2026-10-03T19:10:59.6905891Z (Reading database ... 25%
replay	Build pinned ARM64 runtime	2026-10-03T19:10:59.6906101Z (Reading database ... 30%
replay	Build pinned ARM64 runtime	2026-10-03T19:10:59.6906305Z (Reading database ... 35%
replay	Build pinned ARM64 runtime	2026-10-03T19:10:59.6906505Z (Reading database ... 40%
replay	Build pinned ARM64 runtime	2026-10-03T19:10:59.6906711Z (Reading database ... 45%
replay	Build pinned ARM64 runtime	2026-10-03T19:10:59.6906912Z (Reading database ... 50%
replay	Build pinned ARM64 runtime	2026-10-03T19:10:59.6907111Z (Reading database ... 55%
replay	Build pinned ARM64 runtime	2026-10-03T19:10:59.6907312Z (Reading database ... 60%
replay	Build pinned ARM64 runtime	2026-10-03T19:10:59.6907513Z (Reading database ... 65%
replay	Build pinned ARM64 runtime	2026-10-03T19:10:59.6907712Z (Reading database ... 70%
replay	Build pinned ARM64 runtime	2026-10-03T19:10:59.6907914Z (Reading database ... 75%
replay	Build pinned ARM64 runtime	2026-10-03T19:10:59.6908362Z (Reading database ... 80%
replay	Build pinned ARM64 runtime	2026-10-03T19:10:59.6908576Z (Reading database ... 85%
replay	Build pinned ARM64 runtime	2026-10-03T19:10:59.6908777Z (Reading database ... 90%
replay	Build pinned ARM64 runtime	2026-10-03T19:10:59.6909384Z (Reading database ... 95%
replay	Build pinned ARM64 runtime	2026-10-03T19:10:59.6909591Z (Reading database ... 100%
replay	Build pinned ARM64 runtime	2026-10-03T19:10:59.6909891Z (Reading database ... 7543 files and directories currently installed.)
replay	Build pinned ARM64 runtime	2026-10-03T19:10:59.6910757Z #8 35.05 Preparing to unpack .../libperl5.38t64_5.38.2-3.2ubuntu0.6_arm64.deb ...
replay	Build pinned ARM64 runtime	2026-10-03T19:10:59.6911461Z #8 35.05 Unpacking libperl5.38t64:arm64 (5.38.2-3.2ubuntu0.6) ...
replay	Build pinned ARM64 runtime	2026-10-03T19:10:59.6911852Z #8 35.18 Selecting previously unselected package perl.
replay	Build pinned ARM64 runtime	2026-10-03T19:10:59.8037293Z #8 35.18 Preparing to unpack .../perl_5.38.2-3.2ubuntu0.6_arm64.deb ...
replay	Build pinned ARM64 runtime	2026-10-03T19:10:59.8038273Z #8 35.18 Unpacking perl (5.38.2-3.2ubuntu0.6) ...
replay	Build pinned ARM64 runtime	2026-10-03T19:10:59.8038721Z #8 35.20 Preparing to unpack .../libsmartcols1_2.39.3-9ubuntu6.6_arm64.deb ...
replay	Build pinned ARM64 runtime	2026-10-03T19:10:59.8039213Z #8 35.20 Unpacking libsmartcols1:arm64 (2.39.3-9ubuntu6.6) over (2.39.3-9ubuntu6.5) ...
replay	Build pinned ARM64 runtime	2026-10-03T19:10:59.8039746Z #8 35.22 Setting up libsmartcols1:arm64 (2.39.3-9ubuntu6.6) ...
replay	Build pinned ARM64 runtime	2026-10-03T19:10:59.8040076Z #8 35.23 (Reading database ... 
replay	Build pinned ARM64 runtime	2026-10-03T19:10:59.8040295Z (Reading database ... 5%
replay	Build pinned ARM64 runtime	2026-10-03T19:10:59.8041005Z (Reading database ... 10%
replay	Build pinned ARM64 runtime	2026-10-03T19:10:59.8041234Z (Reading database ... 15%
replay	Build pinned ARM64 runtime	2026-10-03T19:10:59.8041447Z (Reading database ... 20%
replay	Build pinned ARM64 runtime	2026-10-03T19:10:59.8041653Z (Reading database ... 25%
replay	Build pinned ARM64 runtime	2026-10-03T19:10:59.8041855Z (Reading database ... 30%
replay	Build pinned ARM64 runtime	2026-10-03T19:10:59.8042059Z (Reading database ... 35%
replay	Build pinned ARM64 runtime	2026-10-03T19:10:59.8042260Z (Reading database ... 40%
replay	Build pinned ARM64 runtime	2026-10-03T19:10:59.8042467Z (Reading database ... 45%
replay	Build pinned ARM64 runtime	2026-10-03T19:10:59.8042673Z (Reading database ... 50%
replay	Build pinned ARM64 runtime	2026-10-03T19:10:59.8042879Z (Reading database ... 55%
replay	Build pinned ARM64 runtime	2026-10-03T19:10:59.8043082Z (Reading database ... 60%
replay	Build pinned ARM64 runtime	2026-10-03T19:10:59.8043293Z (Reading database ... 65%
replay	Build pinned ARM64 runtime	2026-10-03T19:10:59.8043495Z (Reading database ... 70%
replay	Build pinned ARM64 runtime	2026-10-03T19:10:59.8043700Z (Reading database ... 75%
replay	Build pinned ARM64 runtime	2026-10-03T19:10:59.8044352Z (Reading database ... 80%
replay	Build pinned ARM64 runtime	2026-10-03T19:10:59.8044556Z (Reading database ... 85%
replay	Build pinned ARM64 runtime	2026-10-03T19:10:59.8044762Z (Reading database ... 90%
replay	Build pinned ARM64 runtime	2026-10-03T19:10:59.8044977Z (Reading database ... 95%
replay	Build pinned ARM64 runtime	2026-10-03T19:10:59.8045183Z (Reading database ... 100%
replay	Build pinned ARM64 runtime	2026-10-03T19:10:59.8045485Z (Reading database ... 8137 files and directories currently installed.)
replay	Build pinned ARM64 runtime	2026-10-03T19:10:59.8045938Z #8 35.23 Preparing to unpack .../libncursesw6_6.4+20240113-1ubuntu2.2_arm64.deb ...
replay	Build pinned ARM64 runtime	2026-10-03T19:10:59.8046465Z #8 35.24 Unpacking libncursesw6:arm64 (6.4+20240113-1ubuntu2.2) over (6.4+20240113-1ubuntu2.1) ...
replay	Build pinned ARM64 runtime	2026-10-03T19:10:59.8046972Z #8 35.25 Preparing to unpack .../libtinfo6_6.4+20240113-1ubuntu2.2_arm64.deb ...
replay	Build pinned ARM64 runtime	2026-10-03T19:10:59.8047494Z #8 35.26 Unpacking libtinfo6:arm64 (6.4+20240113-1ubuntu2.2) over (6.4+20240113-1ubuntu2.1) ...
replay	Build pinned ARM64 runtime	2026-10-03T19:10:59.8047950Z #8 35.27 Setting up libtinfo6:arm64 (6.4+20240113-1ubuntu2.2) ...
replay	Build pinned ARM64 runtime	2026-10-03T19:10:59.8048709Z #8 35.29 Selecting previously unselected package adduser.
replay	Build pinned ARM64 runtime	2026-10-03T19:10:59.9044439Z #8 35.29 (Reading database ... 
replay	Build pinned ARM64 runtime	2026-10-03T19:10:59.9049224Z (Reading database ... 5%
replay	Build pinned ARM64 runtime	2026-10-03T19:10:59.9049531Z (Reading database ... 10%
replay	Build pinned ARM64 runtime	2026-10-03T19:10:59.9049743Z (Reading database ... 15%
replay	Build pinned ARM64 runtime	2026-10-03T19:10:59.9049947Z (Reading database ... 20%
replay	Build pinned ARM64 runtime	2026-10-03T19:10:59.9050148Z (Reading database ... 25%
replay	Build pinned ARM64 runtime	2026-10-03T19:10:59.9050350Z (Reading database ... 30%
replay	Build pinned ARM64 runtime	2026-10-03T19:10:59.9050553Z (Reading database ... 35%
replay	Build pinned ARM64 runtime	2026-10-03T19:10:59.9050752Z (Reading database ... 40%
replay	Build pinned ARM64 runtime	2026-10-03T19:10:59.9050952Z (Reading database ... 45%
replay	Build pinned ARM64 runtime	2026-10-03T19:10:59.9051152Z (Reading database ... 50%
replay	Build pinned ARM64 runtime	2026-10-03T19:10:59.9051354Z (Reading database ... 55%
replay	Build pinned ARM64 runtime	2026-10-03T19:10:59.9051551Z (Reading database ... 60%
replay	Build pinned ARM64 runtime	2026-10-03T19:10:59.9051750Z (Reading database ... 65%
replay	Build pinned ARM64 runtime	2026-10-03T19:10:59.9051949Z (Reading database ... 70%
replay	Build pinned ARM64 runtime	2026-10-03T19:10:59.9052147Z (Reading database ... 75%
replay	Build pinned ARM64 runtime	2026-10-03T19:10:59.9052348Z (Reading database ... 80%
replay	Build pinned ARM64 runtime	2026-10-03T19:10:59.9052548Z (Reading database ... 85%
replay	Build pinned ARM64 runtime	2026-10-03T19:10:59.9052765Z (Reading database ... 90%
replay	Build pinned ARM64 runtime	2026-10-03T19:10:59.9052966Z (Reading database ... 95%
replay	Build pinned ARM64 runtime	2026-10-03T19:10:59.9053167Z (Reading database ... 100%
replay	Build pinned ARM64 runtime	2026-10-03T19:10:59.9053909Z (Reading database ... 8137 files and directories currently installed.)
replay	Build pinned ARM64 runtime	2026-10-03T19:10:59.9054323Z #8 35.29 Preparing to unpack .../adduser_3.137ubuntu1_all.deb ...
replay	Build pinned ARM64 runtime	2026-10-03T19:10:59.9054651Z #8 35.30 Unpacking adduser (3.137ubuntu1) ...
replay	Build pinned ARM64 runtime	2026-10-03T19:10:59.9054926Z #8 35.31 Setting up adduser (3.137ubuntu1) ...
replay	Build pinned ARM64 runtime	2026-10-03T19:10:59.9055259Z #8 35.34 Selecting previously unselected package libdbus-1-3:arm64.
replay	Build pinned ARM64 runtime	2026-10-03T19:10:59.9055579Z #8 35.34 (Reading database ... 
replay	Build pinned ARM64 runtime	2026-10-03T19:10:59.9055793Z (Reading database ... 5%
replay	Build pinned ARM64 runtime	2026-10-03T19:10:59.9055999Z (Reading database ... 10%
replay	Build pinned ARM64 runtime	2026-10-03T19:10:59.9056198Z (Reading database ... 15%
replay	Build pinned ARM64 runtime	2026-10-03T19:10:59.9056395Z (Reading database ... 20%
replay	Build pinned ARM64 runtime	2026-10-03T19:10:59.9056596Z (Reading database ... 25%
replay	Build pinned ARM64 runtime	2026-10-03T19:10:59.9056797Z (Reading database ... 30%
replay	Build pinned ARM64 runtime	2026-10-03T19:10:59.9057078Z (Reading database ... 35%
replay	Build pinned ARM64 runtime	2026-10-03T19:10:59.9057293Z (Reading database ... 40%
replay	Build pinned ARM64 runtime	2026-10-03T19:10:59.9057492Z (Reading database ... 45%
replay	Build pinned ARM64 runtime	2026-10-03T19:10:59.9057700Z (Reading database ... 50%
replay	Build pinned ARM64 runtime	2026-10-03T19:10:59.9057901Z (Reading database ... 55%
replay	Build pinned ARM64 runtime	2026-10-03T19:10:59.9058504Z (Reading database ... 60%
replay	Build pinned ARM64 runtime	2026-10-03T19:10:59.9058731Z (Reading database ... 65%
replay	Build pinned ARM64 runtime	2026-10-03T19:10:59.9058934Z (Reading database ... 70%
replay	Build pinned ARM64 runtime	2026-10-03T19:10:59.9059137Z (Reading database ... 75%
replay	Build pinned ARM64 runtime	2026-10-03T19:10:59.9059337Z (Reading database ... 80%
replay	Build pinned ARM64 runtime	2026-10-03T19:10:59.9059534Z (Reading database ... 85%
replay	Build pinned ARM64 runtime	2026-10-03T19:10:59.9059736Z (Reading database ... 90%
replay	Build pinned ARM64 runtime	2026-10-03T19:10:59.9059934Z (Reading database ... 95%
replay	Build pinned ARM64 runtime	2026-10-03T19:10:59.9060135Z (Reading database ... 100%
replay	Build pinned ARM64 runtime	2026-10-03T19:10:59.9060461Z (Reading database ... 8185 files and directories currently installed.)
replay	Build pinned ARM64 runtime	2026-10-03T19:10:59.9060903Z #8 35.34 Preparing to unpack .../000-libdbus-1-3_1.14.10-4ubuntu4.1_arm64.deb ...
replay	Build pinned ARM64 runtime	2026-10-03T19:10:59.9061309Z #8 35.34 Unpacking libdbus-1-3:arm64 (1.14.10-4ubuntu4.1) ...
replay	Build pinned ARM64 runtime	2026-10-03T19:10:59.9062024Z #8 35.35 Selecting previously unselected package dbus-bin.
replay	Build pinned ARM64 runtime	2026-10-03T19:10:59.9062412Z #8 35.35 Preparing to unpack .../001-dbus-bin_1.14.10-4ubuntu4.1_arm64.deb ...
replay	Build pinned ARM64 runtime	2026-10-03T19:10:59.9062790Z #8 35.35 Unpacking dbus-bin (1.14.10-4ubuntu4.1) ...
replay	Build pinned ARM64 runtime	2026-10-03T19:10:59.9063155Z #8 35.36 Selecting previously unselected package dbus-session-bus-common.
replay	Build pinned ARM64 runtime	2026-10-03T19:10:59.9063633Z #8 35.36 Preparing to unpack .../002-dbus-session-bus-common_1.14.10-4ubuntu4.1_all.deb ...
replay	Build pinned ARM64 runtime	2026-10-03T19:10:59.9064093Z #8 35.37 Unpacking dbus-session-bus-common (1.14.10-4ubuntu4.1) ...
replay	Build pinned ARM64 runtime	2026-10-03T19:10:59.9064479Z #8 35.38 Selecting previously unselected package libexpat1:arm64.
replay	Build pinned ARM64 runtime	2026-10-03T19:10:59.9064886Z #8 35.38 Preparing to unpack .../003-libexpat1_2.6.1-2ubuntu0.6_arm64.deb ...
replay	Build pinned ARM64 runtime	2026-10-03T19:10:59.9065266Z #8 35.38 Unpacking libexpat1:arm64 (2.6.1-2ubuntu0.6) ...
replay	Build pinned ARM64 runtime	2026-10-03T19:10:59.9065605Z #8 35.39 Selecting previously unselected package dbus-daemon.
replay	Build pinned ARM64 runtime	2026-10-03T19:11:00.0051605Z #8 35.39 Preparing to unpack .../004-dbus-daemon_1.14.10-4ubuntu4.1_arm64.deb ...
replay	Build pinned ARM64 runtime	2026-10-03T19:11:00.0052155Z #8 35.39 Unpacking dbus-daemon (1.14.10-4ubuntu4.1) ...
replay	Build pinned ARM64 runtime	2026-10-03T19:11:00.0052570Z #8 35.40 Selecting previously unselected package dbus-system-bus-common.
replay	Build pinned ARM64 runtime	2026-10-03T19:11:00.0053055Z #8 35.41 Preparing to unpack .../005-dbus-system-bus-common_1.14.10-4ubuntu4.1_all.deb ...
replay	Build pinned ARM64 runtime	2026-10-03T19:11:00.0053514Z #8 35.41 Unpacking dbus-system-bus-common (1.14.10-4ubuntu4.1) ...
replay	Build pinned ARM64 runtime	2026-10-03T19:11:00.0053871Z #8 35.42 Selecting previously unselected package dbus.
replay	Build pinned ARM64 runtime	2026-10-03T19:11:00.0054235Z #8 35.42 Preparing to unpack .../006-dbus_1.14.10-4ubuntu4.1_arm64.deb ...
replay	Build pinned ARM64 runtime	2026-10-03T19:11:00.0054581Z #8 35.42 Unpacking dbus (1.14.10-4ubuntu4.1) ...
replay	Build pinned ARM64 runtime	2026-10-03T19:11:00.0054931Z #8 35.44 Selecting previously unselected package libpam-systemd:arm64.
replay	Build pinned ARM64 runtime	2026-10-03T19:11:00.0055379Z #8 35.44 Preparing to unpack .../007-libpam-systemd_255.4-1ubuntu8.17_arm64.deb ...
replay	Build pinned ARM64 runtime	2026-10-03T19:11:00.0055796Z #8 35.44 Unpacking libpam-systemd:arm64 (255.4-1ubuntu8.17) ...
replay	Build pinned ARM64 runtime	2026-10-03T19:11:00.0056195Z #8 35.45 Selecting previously unselected package dbus-user-session.
replay	Build pinned ARM64 runtime	2026-10-03T19:11:00.0057057Z #8 35.45 Preparing to unpack .../008-dbus-user-session_1.14.10-4ubuntu4.1_arm64.deb ...
replay	Build pinned ARM64 runtime	2026-10-03T19:11:00.0057488Z #8 35.45 Unpacking dbus-user-session (1.14.10-4ubuntu4.1) ...
replay	Build pinned ARM64 runtime	2026-10-03T19:11:00.0057848Z #8 35.46 Selecting previously unselected package libbsd0:arm64.
replay	Build pinned ARM64 runtime	2026-10-03T19:11:00.0058591Z #8 35.46 Preparing to unpack .../009-libbsd0_0.12.1-1build1.1_arm64.deb ...
replay	Build pinned ARM64 runtime	2026-10-03T19:11:00.0058975Z #8 35.47 Unpacking libbsd0:arm64 (0.12.1-1build1.1) ...
replay	Build pinned ARM64 runtime	2026-10-03T19:11:00.0059322Z #8 35.48 Selecting previously unselected package libelf1t64:arm64.
replay	Build pinned ARM64 runtime	2026-10-03T19:11:00.0059739Z #8 35.48 Preparing to unpack .../010-libelf1t64_0.190-1.1ubuntu0.1_arm64.deb ...
replay	Build pinned ARM64 runtime	2026-10-03T19:11:00.0060130Z #8 35.48 Unpacking libelf1t64:arm64 (0.190-1.1ubuntu0.1) ...
replay	Build pinned ARM64 runtime	2026-10-03T19:11:00.0060491Z #8 35.49 Selecting previously unselected package libfribidi0:arm64.
replay	Build pinned ARM64 runtime	2026-10-03T19:11:00.0060915Z #8 35.49 Preparing to unpack .../011-libfribidi0_1.0.13-3build1_arm64.deb ...
replay	Build pinned ARM64 runtime	2026-10-03T19:11:00.1792702Z #8 35.49 Unpacking libfribidi0:arm64 (1.0.13-3build1) ...
replay	Build pinned ARM64 runtime	2026-10-03T19:11:00.1793254Z #8 35.50 Selecting previously unselected package libglib2.0-0t64:arm64.
replay	Build pinned ARM64 runtime	2026-10-03T19:11:00.1793713Z #8 35.51 Preparing to unpack .../012-libglib2.0-0t64_2.80.0-6ubuntu3.9_arm64.deb ...
replay	Build pinned ARM64 runtime	2026-10-03T19:11:00.1794144Z #8 35.51 Unpacking libglib2.0-0t64:arm64 (2.80.0-6ubuntu3.9) ...
replay	Build pinned ARM64 runtime	2026-10-03T19:11:00.1794520Z #8 35.54 Selecting previously unselected package libicu74:arm64.
replay	Build pinned ARM64 runtime	2026-10-03T19:11:00.1794918Z #8 35.54 Preparing to unpack .../013-libicu74_74.2-1ubuntu3.1_arm64.deb ...
replay	Build pinned ARM64 runtime	2026-10-03T19:11:00.1795289Z #8 35.54 Unpacking libicu74:arm64 (74.2-1ubuntu3.1) ...
replay	Build pinned ARM64 runtime	2026-10-03T19:11:00.1795635Z #8 35.66 Selecting previously unselected package readline-common.
replay	Build pinned ARM64 runtime	2026-10-03T19:11:00.3057740Z #8 35.67 Preparing to unpack .../014-readline-common_8.2-4build1_all.deb ...
replay	Build pinned ARM64 runtime	2026-10-03T19:11:00.3058463Z #8 35.67 Unpacking readline-common (8.2-4build1) ...
replay	Build pinned ARM64 runtime	2026-10-03T19:11:00.3059274Z #8 35.68 Selecting previously unselected package libreadline8t64:arm64.
replay	Build pinned ARM64 runtime	2026-10-03T19:11:00.3059757Z #8 35.68 Preparing to unpack .../015-libreadline8t64_8.2-4build1_arm64.deb ...
replay	Build pinned ARM64 runtime	2026-10-03T19:11:00.3060437Z #8 35.68 Adding 'diversion of /lib/aarch64-linux-gnu/libhistory.so.8 to /lib/aarch64-linux-gnu/libhistory.so.8.usr-is-merged by libreadline8t64'
replay	Build pinned ARM64 runtime	2026-10-03T19:11:00.3061356Z #8 35.69 Adding 'diversion of /lib/aarch64-linux-gnu/libhistory.so.8.2 to /lib/aarch64-linux-gnu/libhistory.so.8.2.usr-is-merged by libreadline8t64'
replay	Build pinned ARM64 runtime	2026-10-03T19:11:00.3062270Z #8 35.69 Adding 'diversion of /lib/aarch64-linux-gnu/libreadline.so.8 to /lib/aarch64-linux-gnu/libreadline.so.8.usr-is-merged by libreadline8t64'
replay	Build pinned ARM64 runtime	2026-10-03T19:11:00.3063197Z #8 35.69 Adding 'diversion of /lib/aarch64-linux-gnu/libreadline.so.8.2 to /lib/aarch64-linux-gnu/libreadline.so.8.2.usr-is-merged by libreadline8t64'
replay	Build pinned ARM64 runtime	2026-10-03T19:11:00.3063833Z #8 35.70 Unpacking libreadline8t64:arm64 (8.2-4build1) ...
replay	Build pinned ARM64 runtime	2026-10-03T19:11:00.3064192Z #8 35.71 Selecting previously unselected package libxml2:arm64.
replay	Build pinned ARM64 runtime	2026-10-03T19:11:00.3064610Z #8 35.71 Preparing to unpack .../016-libxml2_2.9.14+dfsg-1.3ubuntu3.9_arm64.deb ...
replay	Build pinned ARM64 runtime	2026-10-03T19:11:00.3065037Z #8 35.71 Unpacking libxml2:arm64 (2.9.14+dfsg-1.3ubuntu3.9) ...
replay	Build pinned ARM64 runtime	2026-10-03T19:11:00.3065420Z #8 35.73 Selecting previously unselected package shared-mime-info.
replay	Build pinned ARM64 runtime	2026-10-03T19:11:00.3065823Z #8 35.73 Preparing to unpack .../017-shared-mime-info_2.4-4_arm64.deb ...
replay	Build pinned ARM64 runtime	2026-10-03T19:11:00.3066178Z #8 35.73 Unpacking shared-mime-info (2.4-4) ...
replay	Build pinned ARM64 runtime	2026-10-03T19:11:00.3066491Z #8 35.75 Selecting previously unselected package xkb-data.
replay	Build pinned ARM64 runtime	2026-10-03T19:11:00.3066864Z #8 35.75 Preparing to unpack .../018-xkb-data_2.41-2ubuntu1.1_all.deb ...
replay	Build pinned ARM64 runtime	2026-10-03T19:11:00.3067218Z #8 35.75 Unpacking xkb-data (2.41-2ubuntu1.1) ...
replay	Build pinned ARM64 runtime	2026-10-03T19:11:00.3067556Z #8 35.79 Selecting previously unselected package libnl-3-200:arm64.
replay	Build pinned ARM64 runtime	2026-10-03T19:11:00.4111665Z #8 35.79 Preparing to unpack .../019-libnl-3-200_3.7.0-0.3build1.1_arm64.deb ...
replay	Build pinned ARM64 runtime	2026-10-03T19:11:00.4112248Z #8 35.79 Unpacking libnl-3-200:arm64 (3.7.0-0.3build1.1) ...
replay	Build pinned ARM64 runtime	2026-10-03T19:11:00.4113132Z #8 35.81 Selecting previously unselected package libnl-route-3-200:arm64.
replay	Build pinned ARM64 runtime	2026-10-03T19:11:00.4113598Z #8 35.81 Preparing to unpack .../020-libnl-route-3-200_3.7.0-0.3build1.1_arm64.deb ...
replay	Build pinned ARM64 runtime	2026-10-03T19:11:00.4114032Z #8 35.81 Unpacking libnl-route-3-200:arm64 (3.7.0-0.3build1.1) ...
replay	Build pinned ARM64 runtime	2026-10-03T19:11:00.4114419Z #8 35.82 Selecting previously unselected package libibverbs1:arm64.
replay	Build pinned ARM64 runtime	2026-10-03T19:11:00.4114838Z #8 35.83 Preparing to unpack .../021-libibverbs1_50.0-2ubuntu0.2_arm64.deb ...
replay	Build pinned ARM64 runtime	2026-10-03T19:11:00.4115228Z #8 35.83 Unpacking libibverbs1:arm64 (50.0-2ubuntu0.2) ...
replay	Build pinned ARM64 runtime	2026-10-03T19:11:00.4115613Z #8 35.84 Selecting previously unselected package ibverbs-providers:arm64.
replay	Build pinned ARM64 runtime	2026-10-03T19:11:00.4116071Z #8 35.84 Preparing to unpack .../022-ibverbs-providers_50.0-2ubuntu0.2_arm64.deb ...
replay	Build pinned ARM64 runtime	2026-10-03T19:11:00.4116498Z #8 35.85 Unpacking ibverbs-providers:arm64 (50.0-2ubuntu0.2) ...
replay	Build pinned ARM64 runtime	2026-10-03T19:11:00.4116892Z #8 35.87 Selecting previously unselected package libcbor0.10:arm64.
replay	Build pinned ARM64 runtime	2026-10-03T19:11:00.4117316Z #8 35.87 Preparing to unpack .../023-libcbor0.10_0.10.2-1.2ubuntu2_arm64.deb ...
replay	Build pinned ARM64 runtime	2026-10-03T19:11:00.4117714Z #8 35.87 Unpacking libcbor0.10:arm64 (0.10.2-1.2ubuntu2) ...
replay	Build pinned ARM64 runtime	2026-10-03T19:11:00.4118321Z #8 35.88 Selecting previously unselected package libdrm-common.
replay	Build pinned ARM64 runtime	2026-10-03T19:11:00.4118794Z #8 35.88 Preparing to unpack .../024-libdrm-common_2.4.125-1ubuntu0.1~24.04.2_all.deb ...
replay	Build pinned ARM64 runtime	2026-10-03T19:11:00.4119233Z #8 35.89 Unpacking libdrm-common (2.4.125-1ubuntu0.1~24.04.2) ...
replay	Build pinned ARM64 runtime	2026-10-03T19:11:00.4119605Z #8 35.90 Selecting previously unselected package libdrm2:arm64.
replay	Build pinned ARM64 runtime	2026-10-03T19:11:00.5119750Z #8 35.90 Preparing to unpack .../025-libdrm2_2.4.125-1ubuntu0.1~24.04.2_arm64.deb ...
replay	Build pinned ARM64 runtime	2026-10-03T19:11:00.5120310Z #8 35.90 Unpacking libdrm2:arm64 (2.4.125-1ubuntu0.1~24.04.2) ...
replay	Build pinned ARM64 runtime	2026-10-03T19:11:00.5120691Z #8 35.91 Selecting previously unselected package libedit2:arm64.
replay	Build pinned ARM64 runtime	2026-10-03T19:11:00.5121504Z #8 35.91 Preparing to unpack .../026-libedit2_3.1-20230828-1build1_arm64.deb ...
replay	Build pinned ARM64 runtime	2026-10-03T19:11:00.5121898Z #8 35.91 Unpacking libedit2:arm64 (3.1-20230828-1build1) ...
replay	Build pinned ARM64 runtime	2026-10-03T19:11:00.5122279Z #8 35.93 Selecting previously unselected package libevdev2:arm64.
replay	Build pinned ARM64 runtime	2026-10-03T19:11:00.5122693Z #8 35.93 Preparing to unpack .../027-libevdev2_1.13.1+dfsg-1build1_arm64.deb ...
replay	Build pinned ARM64 runtime	2026-10-03T19:11:00.5123091Z #8 35.93 Unpacking libevdev2:arm64 (1.13.1+dfsg-1build1) ...
replay	Build pinned ARM64 runtime	2026-10-03T19:11:00.5123455Z #8 35.94 Selecting previously unselected package libfido2-1:arm64.
replay	Build pinned ARM64 runtime	2026-10-03T19:11:00.5123862Z #8 35.94 Preparing to unpack .../028-libfido2-1_1.14.0-1build3_arm64.deb ...
replay	Build pinned ARM64 runtime	2026-10-03T19:11:00.5124234Z #8 35.94 Unpacking libfido2-1:arm64 (1.14.0-1build3) ...
replay	Build pinned ARM64 runtime	2026-10-03T19:11:00.5124587Z #8 35.95 Selecting previously unselected package libjansson4:arm64.
replay	Build pinned ARM64 runtime	2026-10-03T19:11:00.5124996Z #8 35.95 Preparing to unpack .../029-libjansson4_2.14-2build2_arm64.deb ...
replay	Build pinned ARM64 runtime	2026-10-03T19:11:00.5125371Z #8 35.95 Unpacking libjansson4:arm64 (2.14-2build2) ...
replay	Build pinned ARM64 runtime	2026-10-03T19:11:00.5125728Z #8 35.97 Selecting previously unselected package libncurses6:arm64.
replay	Build pinned ARM64 runtime	2026-10-03T19:11:00.5126166Z #8 35.97 Preparing to unpack .../030-libncurses6_6.4+20240113-1ubuntu2.2_arm64.deb ...
replay	Build pinned ARM64 runtime	2026-10-03T19:11:00.5126593Z #8 35.97 Unpacking libncurses6:arm64 (6.4+20240113-1ubuntu2.2) ...
replay	Build pinned ARM64 runtime	2026-10-03T19:11:00.5126971Z #8 35.98 Selecting previously unselected package libnuma1:arm64.
replay	Build pinned ARM64 runtime	2026-10-03T19:11:00.5127388Z #8 35.98 Preparing to unpack .../031-libnuma1_2.0.18-1ubuntu0.24.04.1_arm64.deb ...
replay	Build pinned ARM64 runtime	2026-10-03T19:11:00.5127793Z #8 35.98 Unpacking libnuma1:arm64 (2.0.18-1ubuntu0.24.04.1) ...
replay	Build pinned ARM64 runtime	2026-10-03T19:11:00.5128513Z #8 36.00 Selecting previously unselected package libpng16-16t64:arm64.
replay	Build pinned ARM64 runtime	2026-10-03T19:11:00.5128972Z #8 36.00 Preparing to unpack .../032-libpng16-16t64_1.6.43-5ubuntu0.6_arm64.deb ...
replay	Build pinned ARM64 runtime	2026-10-03T19:11:00.6285376Z #8 36.00 Unpacking libpng16-16t64:arm64 (1.6.43-5ubuntu0.6) ...
replay	Build pinned ARM64 runtime	2026-10-03T19:11:00.6285871Z #8 36.01 Selecting previously unselected package libsensors-config.
replay	Build pinned ARM64 runtime	2026-10-03T19:11:00.6286353Z #8 36.01 Preparing to unpack .../033-libsensors-config_1%3a3.6.0-9build1_all.deb ...
replay	Build pinned ARM64 runtime	2026-10-03T19:11:00.6287447Z #8 36.01 Unpacking libsensors-config (1:3.6.0-9build1) ...
replay	Build pinned ARM64 runtime	2026-10-03T19:11:00.6287853Z #8 36.03 Selecting previously unselected package libsensors5:arm64.
replay	Build pinned ARM64 runtime	2026-10-03T19:11:00.6288397Z #8 36.03 Preparing to unpack .../034-libsensors5_1%3a3.6.0-9build1_arm64.deb ...
replay	Build pinned ARM64 runtime	2026-10-03T19:11:00.6288798Z #8 36.03 Unpacking libsensors5:arm64 (1:3.6.0-9build1) ...
replay	Build pinned ARM64 runtime	2026-10-03T19:11:00.6289146Z #8 36.04 Selecting previously unselected package libxau6:arm64.
replay	Build pinned ARM64 runtime	2026-10-03T19:11:00.6289542Z #8 36.04 Preparing to unpack .../035-libxau6_1%3a1.0.9-1build6_arm64.deb ...
replay	Build pinned ARM64 runtime	2026-10-03T19:11:00.6289934Z #8 36.05 Unpacking libxau6:arm64 (1:1.0.9-1build6) ...
replay	Build pinned ARM64 runtime	2026-10-03T19:11:00.6290279Z #8 36.06 Selecting previously unselected package libxdmcp6:arm64.
replay	Build pinned ARM64 runtime	2026-10-03T19:11:00.6290690Z #8 36.06 Preparing to unpack .../036-libxdmcp6_1%3a1.1.3-0ubuntu6_arm64.deb ...
replay	Build pinned ARM64 runtime	2026-10-03T19:11:00.6291084Z #8 36.06 Unpacking libxdmcp6:arm64 (1:1.1.3-0ubuntu6) ...
replay	Build pinned ARM64 runtime	2026-10-03T19:11:00.6291426Z #8 36.07 Selecting previously unselected package libxcb1:arm64.
replay	Build pinned ARM64 runtime	2026-10-03T19:11:00.6291815Z #8 36.07 Preparing to unpack .../037-libxcb1_1.15-1ubuntu2_arm64.deb ...
replay	Build pinned ARM64 runtime	2026-10-03T19:11:00.6292172Z #8 36.07 Unpacking libxcb1:arm64 (1.15-1ubuntu2) ...
replay	Build pinned ARM64 runtime	2026-10-03T19:11:00.6292502Z #8 36.08 Selecting previously unselected package libx11-data.
replay	Build pinned ARM64 runtime	2026-10-03T19:11:00.6292908Z #8 36.09 Preparing to unpack .../038-libx11-data_2%3a1.8.7-1build1_all.deb ...
replay	Build pinned ARM64 runtime	2026-10-03T19:11:00.6293278Z #8 36.09 Unpacking libx11-data (2:1.8.7-1build1) ...
replay	Build pinned ARM64 runtime	2026-10-03T19:11:00.6293613Z #8 36.11 Selecting previously unselected package libx11-6:arm64.
replay	Build pinned ARM64 runtime	2026-10-03T19:11:00.7325592Z #8 36.12 Preparing to unpack .../039-libx11-6_2%3a1.8.7-1build1_arm64.deb ...
replay	Build pinned ARM64 runtime	2026-10-03T19:11:00.7326093Z #8 36.12 Unpacking libx11-6:arm64 (2:1.8.7-1build1) ...
replay	Build pinned ARM64 runtime	2026-10-03T19:11:00.7326450Z #8 36.13 Selecting previously unselected package libxext6:arm64.
replay	Build pinned ARM64 runtime	2026-10-03T19:11:00.7327278Z #8 36.13 Preparing to unpack .../040-libxext6_2%3a1.3.4-1build2_arm64.deb ...
replay	Build pinned ARM64 runtime	2026-10-03T19:11:00.7327663Z #8 36.13 Unpacking libxext6:arm64 (2:1.3.4-1build2) ...
replay	Build pinned ARM64 runtime	2026-10-03T19:11:00.7328042Z #8 36.15 Selecting previously unselected package libxkbcommon0:arm64.
replay	Build pinned ARM64 runtime	2026-10-03T19:11:00.7328672Z #8 36.15 Preparing to unpack .../041-libxkbcommon0_1.6.0-1build1_arm64.deb ...
replay	Build pinned ARM64 runtime	2026-10-03T19:11:00.7329064Z #8 36.15 Unpacking libxkbcommon0:arm64 (1.6.0-1build1) ...
replay	Build pinned ARM64 runtime	2026-10-03T19:11:00.7329421Z #8 36.16 Selecting previously unselected package openssh-client.
replay	Build pinned ARM64 runtime	2026-10-03T19:11:00.7329855Z #8 36.16 Preparing to unpack .../042-openssh-client_1%3a9.6p1-3ubuntu13.19_arm64.deb ...
replay	Build pinned ARM64 runtime	2026-10-03T19:11:00.7330281Z #8 36.17 Unpacking openssh-client (1:9.6p1-3ubuntu13.19) ...
replay	Build pinned ARM64 runtime	2026-10-03T19:11:00.7330672Z #8 36.19 Selecting previously unselected package libgdk-pixbuf2.0-common.
replay	Build pinned ARM64 runtime	2026-10-03T19:11:00.7331177Z #8 36.19 Preparing to unpack .../043-libgdk-pixbuf2.0-common_2.42.10+dfsg-3ubuntu3.3_all.deb ...
replay	Build pinned ARM64 runtime	2026-10-03T19:11:00.7331678Z #8 36.19 Unpacking libgdk-pixbuf2.0-common (2.42.10+dfsg-3ubuntu3.3) ...
replay	Build pinned ARM64 runtime	2026-10-03T19:11:00.7332100Z #8 36.20 Selecting previously unselected package libjpeg-turbo8:arm64.
replay	Build pinned ARM64 runtime	2026-10-03T19:11:00.7332543Z #8 36.21 Preparing to unpack .../044-libjpeg-turbo8_2.1.5-2ubuntu2_arm64.deb ...
replay	Build pinned ARM64 runtime	2026-10-03T19:11:00.7332941Z #8 36.21 Unpacking libjpeg-turbo8:arm64 (2.1.5-2ubuntu2) ...
replay	Build pinned ARM64 runtime	2026-10-03T19:11:00.7333296Z #8 36.22 Selecting previously unselected package libjpeg8:arm64.
replay	Build pinned ARM64 runtime	2026-10-03T19:11:00.8855435Z #8 36.22 Preparing to unpack .../045-libjpeg8_8c-2ubuntu11_arm64.deb ...
replay	Build pinned ARM64 runtime	2026-10-03T19:11:00.8855900Z #8 36.22 Unpacking libjpeg8:arm64 (8c-2ubuntu11) ...
replay	Build pinned ARM64 runtime	2026-10-03T19:11:00.9200400Z #8 36.41 Selecting previously unselected package libdeflate0:arm64.
replay	Build pinned ARM64 runtime	2026-10-03T19:11:01.0240066Z #8 36.41 Preparing to unpack .../046-libdeflate0_1.19-1build1.1_arm64.deb ...
replay	Build pinned ARM64 runtime	2026-10-03T19:11:01.0240579Z #8 36.41 Unpacking libdeflate0:arm64 (1.19-1build1.1) ...
replay	Build pinned ARM64 runtime	2026-10-03T19:11:01.0240972Z #8 36.42 Selecting previously unselected package libjbig0:arm64.
replay	Build pinned ARM64 runtime	2026-10-03T19:11:01.0241404Z #8 36.42 Preparing to unpack .../047-libjbig0_2.1-6.1ubuntu2_arm64.deb ...
replay	Build pinned ARM64 runtime	2026-10-03T19:11:01.0242149Z #8 36.42 Unpacking libjbig0:arm64 (2.1-6.1ubuntu2) ...
replay	Build pinned ARM64 runtime	2026-10-03T19:11:01.0242498Z #8 36.43 Selecting previously unselected package liblerc4:arm64.
replay	Build pinned ARM64 runtime	2026-10-03T19:11:01.0242903Z #8 36.43 Preparing to unpack .../048-liblerc4_4.0.0+ds-4ubuntu2_arm64.deb ...
replay	Build pinned ARM64 runtime	2026-10-03T19:11:01.0243291Z #8 36.44 Unpacking liblerc4:arm64 (4.0.0+ds-4ubuntu2) ...
replay	Build pinned ARM64 runtime	2026-10-03T19:11:01.0243655Z #8 36.45 Selecting previously unselected package libsharpyuv0:arm64.
replay	Build pinned ARM64 runtime	2026-10-03T19:11:01.0244083Z #8 36.45 Preparing to unpack .../049-libsharpyuv0_1.3.2-0.4build3_arm64.deb ...
replay	Build pinned ARM64 runtime	2026-10-03T19:11:01.0244475Z #8 36.45 Unpacking libsharpyuv0:arm64 (1.3.2-0.4build3) ...
replay	Build pinned ARM64 runtime	2026-10-03T19:11:01.0244830Z #8 36.46 Selecting previously unselected package libwebp7:arm64.
replay	Build pinned ARM64 runtime	2026-10-03T19:11:01.0245224Z #8 36.46 Preparing to unpack .../050-libwebp7_1.3.2-0.4build3_arm64.deb ...
replay	Build pinned ARM64 runtime	2026-10-03T19:11:01.0245599Z #8 36.46 Unpacking libwebp7:arm64 (1.3.2-0.4build3) ...
replay	Build pinned ARM64 runtime	2026-10-03T19:11:01.0245938Z #8 36.48 Selecting previously unselected package libtiff6:arm64.
replay	Build pinned ARM64 runtime	2026-10-03T19:11:01.0246370Z #8 36.48 Preparing to unpack .../051-libtiff6_4.5.1+git230720-4ubuntu2.5_arm64.deb ...
replay	Build pinned ARM64 runtime	2026-10-03T19:11:01.0246803Z #8 36.48 Unpacking libtiff6:arm64 (4.5.1+git230720-4ubuntu2.5) ...
replay	Build pinned ARM64 runtime	2026-10-03T19:11:01.0247212Z #8 36.49 Selecting previously unselected package libgdk-pixbuf-2.0-0:arm64.
replay	Build pinned ARM64 runtime	2026-10-03T19:11:01.0247710Z #8 36.49 Preparing to unpack .../052-libgdk-pixbuf-2.0-0_2.42.10+dfsg-3ubuntu3.3_arm64.deb ...
replay	Build pinned ARM64 runtime	2026-10-03T19:11:01.0248463Z #8 36.49 Unpacking libgdk-pixbuf-2.0-0:arm64 (2.42.10+dfsg-3ubuntu3.3) ...
replay	Build pinned ARM64 runtime	2026-10-03T19:11:01.0248915Z #8 36.51 Selecting previously unselected package gtk-update-icon-cache.
replay	Build pinned ARM64 runtime	2026-10-03T19:11:01.2333829Z #8 36.51 Preparing to unpack .../053-gtk-update-icon-cache_3.24.41-4ubuntu1.3_arm64.deb ...
replay	Build pinned ARM64 runtime	2026-10-03T19:11:01.2334425Z #8 36.51 Unpacking gtk-update-icon-cache (3.24.41-4ubuntu1.3) ...
replay	Build pinned ARM64 runtime	2026-10-03T19:11:01.2335243Z #8 36.52 Selecting previously unselected package hicolor-icon-theme.
replay	Build pinned ARM64 runtime	2026-10-03T19:11:01.2335666Z #8 36.53 Preparing to unpack .../054-hicolor-icon-theme_0.17-2_all.deb ...
replay	Build pinned ARM64 runtime	2026-10-03T19:11:01.2336049Z #8 36.53 Unpacking hicolor-icon-theme (0.17-2) ...
replay	Build pinned ARM64 runtime	2026-10-03T19:11:01.2336409Z #8 36.57 Selecting previously unselected package humanity-icon-theme.
replay	Build pinned ARM64 runtime	2026-10-03T19:11:01.2336831Z #8 36.57 Preparing to unpack .../055-humanity-icon-theme_0.6.16_all.deb ...
replay	Build pinned ARM64 runtime	2026-10-03T19:11:01.2337202Z #8 36.57 Unpacking humanity-icon-theme (0.6.16) ...
replay	Build pinned ARM64 runtime	2026-10-03T19:11:01.5448287Z #8 37.03 Selecting previously unselected package ubuntu-mono.
replay	Build pinned ARM64 runtime	2026-10-03T19:11:01.7001392Z #8 37.03 Preparing to unpack .../056-ubuntu-mono_24.04-0ubuntu1_all.deb ...
replay	Build pinned ARM64 runtime	2026-10-03T19:11:01.7001900Z #8 37.04 Unpacking ubuntu-mono (24.04-0ubuntu1) ...
replay	Build pinned ARM64 runtime	2026-10-03T19:11:01.7628702Z #8 37.25 Selecting previously unselected package adwaita-icon-theme.
replay	Build pinned ARM64 runtime	2026-10-03T19:11:01.8726793Z #8 37.25 Preparing to unpack .../057-adwaita-icon-theme_46.0-1_all.deb ...
replay	Build pinned ARM64 runtime	2026-10-03T19:11:01.8727301Z #8 37.25 Unpacking adwaita-icon-theme (46.0-1) ...
replay	Build pinned ARM64 runtime	2026-10-03T19:11:01.8727652Z #8 37.34 Selecting previously unselected package at-spi2-common.
replay	Build pinned ARM64 runtime	2026-10-03T19:11:01.8728360Z #8 37.35 Preparing to unpack .../058-at-spi2-common_2.52.0-1build1_all.deb ...
replay	Build pinned ARM64 runtime	2026-10-03T19:11:01.8728776Z #8 37.36 Unpacking at-spi2-common (2.52.0-1build1) ...
replay	Build pinned ARM64 runtime	2026-10-03T19:11:01.9733105Z #8 37.37 Selecting previously unselected package autoconf.
replay	Build pinned ARM64 runtime	2026-10-03T19:11:01.9733712Z #8 37.37 Preparing to unpack .../059-autoconf_2.71-3_all.deb ...
replay	Build pinned ARM64 runtime	2026-10-03T19:11:01.9734198Z #8 37.37 Unpacking autoconf (2.71-3) ...
replay	Build pinned ARM64 runtime	2026-10-03T19:11:01.9734536Z #8 37.39 Selecting previously unselected package autotools-dev.
replay	Build pinned ARM64 runtime	2026-10-03T19:11:01.9734939Z #8 37.40 Preparing to unpack .../060-autotools-dev_20220109.1_all.deb ...
replay	Build pinned ARM64 runtime	2026-10-03T19:11:01.9735295Z #8 37.40 Unpacking autotools-dev (20220109.1) ...
replay	Build pinned ARM64 runtime	2026-10-03T19:11:01.9735612Z #8 37.41 Selecting previously unselected package automake.
replay	Build pinned ARM64 runtime	2026-10-03T19:11:01.9736028Z #8 37.41 Preparing to unpack .../061-automake_1%3a1.16.5-1.3ubuntu1_all.deb ...
replay	Build pinned ARM64 runtime	2026-10-03T19:11:01.9736408Z #8 37.42 Unpacking automake (1:1.16.5-1.3ubuntu1) ...
replay	Build pinned ARM64 runtime	2026-10-03T19:11:01.9737162Z #8 37.44 Selecting previously unselected package binutils-common:arm64.
replay	Build pinned ARM64 runtime	2026-10-03T19:11:01.9737618Z #8 37.44 Preparing to unpack .../062-binutils-common_2.42-4ubuntu2.10_arm64.deb ...
replay	Build pinned ARM64 runtime	2026-10-03T19:11:01.9738041Z #8 37.44 Unpacking binutils-common:arm64 (2.42-4ubuntu2.10) ...
replay	Build pinned ARM64 runtime	2026-10-03T19:11:01.9738714Z #8 37.46 Selecting previously unselected package libsframe1:arm64.
replay	Build pinned ARM64 runtime	2026-10-03T19:11:01.9739145Z #8 37.46 Preparing to unpack .../063-libsframe1_2.42-4ubuntu2.10_arm64.deb ...
replay	Build pinned ARM64 runtime	2026-10-03T19:11:01.9739533Z #8 37.46 Unpacking libsframe1:arm64 (2.42-4ubuntu2.10) ...
replay	Build pinned ARM64 runtime	2026-10-03T19:11:02.0737799Z #8 37.47 Selecting previously unselected package libbinutils:arm64.
replay	Build pinned ARM64 runtime	2026-10-03T19:11:02.0739261Z #8 37.47 Preparing to unpack .../064-libbinutils_2.42-4ubuntu2.10_arm64.deb ...
replay	Build pinned ARM64 runtime	2026-10-03T19:11:02.0739725Z #8 37.47 Unpacking libbinutils:arm64 (2.42-4ubuntu2.10) ...
replay	Build pinned ARM64 runtime	2026-10-03T19:11:02.0740136Z #8 37.50 Selecting previously unselected package libctf-nobfd0:arm64.
replay	Build pinned ARM64 runtime	2026-10-03T19:11:02.0740601Z #8 37.50 Preparing to unpack .../065-libctf-nobfd0_2.42-4ubuntu2.10_arm64.deb ...
replay	Build pinned ARM64 runtime	2026-10-03T19:11:02.0741018Z #8 37.50 Unpacking libctf-nobfd0:arm64 (2.42-4ubuntu2.10) ...
replay	Build pinned ARM64 runtime	2026-10-03T19:11:02.0741378Z #8 37.51 Selecting previously unselected package libctf0:arm64.
replay	Build pinned ARM64 runtime	2026-10-03T19:11:02.0741772Z #8 37.51 Preparing to unpack .../066-libctf0_2.42-4ubuntu2.10_arm64.deb ...
replay	Build pinned ARM64 runtime	2026-10-03T19:11:02.0742142Z #8 37.52 Unpacking libctf0:arm64 (2.42-4ubuntu2.10) ...
replay	Build pinned ARM64 runtime	2026-10-03T19:11:02.0742498Z #8 37.53 Selecting previously unselected package libgprofng0:arm64.
replay	Build pinned ARM64 runtime	2026-10-03T19:11:02.0743133Z #8 37.54 Preparing to unpack .../067-libgprofng0_2.42-4ubuntu2.10_arm64.deb ...
replay	Build pinned ARM64 runtime	2026-10-03T19:11:02.0743779Z #8 37.54 Unpacking libgprofng0:arm64 (2.42-4ubuntu2.10) ...
replay	Build pinned ARM64 runtime	2026-10-03T19:11:02.0744187Z #8 37.56 Selecting previously unselected package binutils-aarch64-linux-gnu.
replay	Build pinned ARM64 runtime	2026-10-03T19:11:02.0745050Z #8 37.56 Preparing to unpack .../068-binutils-aarch64-linux-gnu_2.42-4ubuntu2.10_arm64.deb ...
replay	Build pinned ARM64 runtime	2026-10-03T19:11:02.1746245Z #8 37.56 Unpacking binutils-aarch64-linux-gnu (2.42-4ubuntu2.10) ...
replay	Build pinned ARM64 runtime	2026-10-03T19:11:02.1747187Z #8 37.64 Selecting previously unselected package binutils.
replay	Build pinned ARM64 runtime	2026-10-03T19:11:02.1747643Z #8 37.64 Preparing to unpack .../069-binutils_2.42-4ubuntu2.10_arm64.deb ...
replay	Build pinned ARM64 runtime	2026-10-03T19:11:02.1748020Z #8 37.64 Unpacking binutils (2.42-4ubuntu2.10) ...
replay	Build pinned ARM64 runtime	2026-10-03T19:11:02.1748609Z #8 37.66 Selecting previously unselected package gcc-13-base:arm64.
replay	Build pinned ARM64 runtime	2026-10-03T19:11:02.1749059Z #8 37.66 Preparing to unpack .../070-gcc-13-base_13.3.0-6ubuntu2~24.04.1_arm64.deb ...
replay	Build pinned ARM64 runtime	2026-10-03T19:11:02.1749487Z #8 37.66 Unpacking gcc-13-base:arm64 (13.3.0-6ubuntu2~24.04.1) ...
replay	Build pinned ARM64 runtime	2026-10-03T19:11:02.3562279Z #8 37.67 Selecting previously unselected package libisl23:arm64.
replay	Build pinned ARM64 runtime	2026-10-03T19:11:02.3562827Z #8 37.68 Preparing to unpack .../071-libisl23_0.26-3build1.1_arm64.deb ...
replay	Build pinned ARM64 runtime	2026-10-03T19:11:02.3563237Z #8 37.68 Unpacking libisl23:arm64 (0.26-3build1.1) ...
replay	Build pinned ARM64 runtime	2026-10-03T19:11:02.3563587Z #8 37.70 Selecting previously unselected package libmpfr6:arm64.
replay	Build pinned ARM64 runtime	2026-10-03T19:11:02.3564010Z #8 37.70 Preparing to unpack .../072-libmpfr6_4.2.1-1build1.1_arm64.deb ...
replay	Build pinned ARM64 runtime	2026-10-03T19:11:02.3564390Z #8 37.70 Unpacking libmpfr6:arm64 (4.2.1-1build1.1) ...
replay	Build pinned ARM64 runtime	2026-10-03T19:11:02.3564737Z #8 37.71 Selecting previously unselected package libmpc3:arm64.
replay	Build pinned ARM64 runtime	2026-10-03T19:11:02.3565135Z #8 37.72 Preparing to unpack .../073-libmpc3_1.3.1-1build1.1_arm64.deb ...
replay	Build pinned ARM64 runtime	2026-10-03T19:11:02.3565507Z #8 37.72 Unpacking libmpc3:arm64 (1.3.1-1build1.1) ...
replay	Build pinned ARM64 runtime	2026-10-03T19:11:02.3565890Z #8 37.73 Selecting previously unselected package cpp-13-aarch64-linux-gnu.
replay	Build pinned ARM64 runtime	2026-10-03T19:11:02.3566411Z #8 37.73 Preparing to unpack .../074-cpp-13-aarch64-linux-gnu_13.3.0-6ubuntu2~24.04.1_arm64.deb ...
replay	Build pinned ARM64 runtime	2026-10-03T19:11:02.3566921Z #8 37.73 Unpacking cpp-13-aarch64-linux-gnu (13.3.0-6ubuntu2~24.04.1) ...
replay	Build pinned ARM64 runtime	2026-10-03T19:11:02.3567308Z #8 37.84 Selecting previously unselected package cpp-13.
replay	Build pinned ARM64 runtime	2026-10-03T19:11:02.4569046Z #8 37.84 Preparing to unpack .../075-cpp-13_13.3.0-6ubuntu2~24.04.1_arm64.deb ...
replay	Build pinned ARM64 runtime	2026-10-03T19:11:02.4569996Z #8 37.85 Unpacking cpp-13 (13.3.0-6ubuntu2~24.04.1) ...
replay	Build pinned ARM64 runtime	2026-10-03T19:11:02.4570375Z #8 37.86 Selecting previously unselected package cpp-aarch64-linux-gnu.
replay	Build pinned ARM64 runtime	2026-10-03T19:11:02.4570861Z #8 37.86 Preparing to unpack .../076-cpp-aarch64-linux-gnu_4%3a13.2.0-7ubuntu1_arm64.deb ...
replay	Build pinned ARM64 runtime	2026-10-03T19:11:02.4571313Z #8 37.86 Unpacking cpp-aarch64-linux-gnu (4:13.2.0-7ubuntu1) ...
replay	Build pinned ARM64 runtime	2026-10-03T19:11:02.4571658Z #8 37.87 Selecting previously unselected package cpp.
replay	Build pinned ARM64 runtime	2026-10-03T19:11:02.4572020Z #8 37.87 Preparing to unpack .../077-cpp_4%3a13.2.0-7ubuntu1_arm64.deb ...
replay	Build pinned ARM64 runtime	2026-10-03T19:11:02.4572372Z #8 37.88 Unpacking cpp (4:13.2.0-7ubuntu1) ...
replay	Build pinned ARM64 runtime	2026-10-03T19:11:02.4572700Z #8 37.89 Selecting previously unselected package libdconf1:arm64.
replay	Build pinned ARM64 runtime	2026-10-03T19:11:02.4573110Z #8 37.89 Preparing to unpack .../078-libdconf1_0.40.0-4ubuntu0.1_arm64.deb ...
replay	Build pinned ARM64 runtime	2026-10-03T19:11:02.4573508Z #8 37.90 Unpacking libdconf1:arm64 (0.40.0-4ubuntu0.1) ...
replay	Build pinned ARM64 runtime	2026-10-03T19:11:02.4573860Z #8 37.91 Selecting previously unselected package dconf-service.
replay	Build pinned ARM64 runtime	2026-10-03T19:11:02.4574604Z #8 37.91 Preparing to unpack .../079-dconf-service_0.40.0-4ubuntu0.1_arm64.deb ...
replay	Build pinned ARM64 runtime	2026-10-03T19:11:02.4575026Z #8 37.91 Unpacking dconf-service (0.40.0-4ubuntu0.1) ...
replay	Build pinned ARM64 runtime	2026-10-03T19:11:02.4575660Z #8 37.93 Selecting previously unselected package dconf-gsettings-backend:arm64.
replay	Build pinned ARM64 runtime	2026-10-03T19:11:02.4576183Z #8 37.93 Preparing to unpack .../080-dconf-gsettings-backend_0.40.0-4ubuntu0.1_arm64.deb ...
replay	Build pinned ARM64 runtime	2026-10-03T19:11:02.4576666Z #8 37.93 Unpacking dconf-gsettings-backend:arm64 (0.40.0-4ubuntu0.1) ...
replay	Build pinned ARM64 runtime	2026-10-03T19:11:02.4577089Z #8 37.94 Selecting previously unselected package libfreetype6:arm64.
replay	Build pinned ARM64 runtime	2026-10-03T19:11:02.4577535Z #8 37.94 Preparing to unpack .../081-libfreetype6_2.13.2+dfsg-1ubuntu0.1_arm64.deb ...
replay	Build pinned ARM64 runtime	2026-10-03T19:11:02.6494407Z #8 37.94 Unpacking libfreetype6:arm64 (2.13.2+dfsg-1ubuntu0.1) ...
replay	Build pinned ARM64 runtime	2026-10-03T19:11:02.6495419Z #8 37.96 Selecting previously unselected package fonts-dejavu-mono.
replay	Build pinned ARM64 runtime	2026-10-03T19:11:02.6495841Z #8 37.96 Preparing to unpack .../082-fonts-dejavu-mono_2.37-8_all.deb ...
replay	Build pinned ARM64 runtime	2026-10-03T19:11:02.6496226Z #8 37.96 Unpacking fonts-dejavu-mono (2.37-8) ...
replay	Build pinned ARM64 runtime	2026-10-03T19:11:02.6496574Z #8 37.98 Selecting previously unselected package fonts-dejavu-core.
replay	Build pinned ARM64 runtime	2026-10-03T19:11:02.6496980Z #8 37.98 Preparing to unpack .../083-fonts-dejavu-core_2.37-8_all.deb ...
replay	Build pinned ARM64 runtime	2026-10-03T19:11:02.6497336Z #8 37.99 Unpacking fonts-dejavu-core (2.37-8) ...
replay	Build pinned ARM64 runtime	2026-10-03T19:11:02.6497683Z #8 38.03 Selecting previously unselected package fontconfig-config.
replay	Build pinned ARM64 runtime	2026-10-03T19:11:02.6498690Z #8 38.03 Preparing to unpack .../084-fontconfig-config_2.15.0-1.1ubuntu2_arm64.deb ...
replay	Build pinned ARM64 runtime	2026-10-03T19:11:02.6499138Z #8 38.14 Unpacking fontconfig-config (2.15.0-1.1ubuntu2) ...
replay	Build pinned ARM64 runtime	2026-10-03T19:11:02.7552601Z #8 38.15 Selecting previously unselected package libfontconfig1:arm64.
replay	Build pinned ARM64 runtime	2026-10-03T19:11:02.7553182Z #8 38.16 Preparing to unpack .../085-libfontconfig1_2.15.0-1.1ubuntu2_arm64.deb ...
replay	Build pinned ARM64 runtime	2026-10-03T19:11:02.7553640Z #8 38.16 Unpacking libfontconfig1:arm64 (2.15.0-1.1ubuntu2) ...
replay	Build pinned ARM64 runtime	2026-10-03T19:11:02.7554005Z #8 38.17 Selecting previously unselected package fontconfig.
replay	Build pinned ARM64 runtime	2026-10-03T19:11:02.7554430Z #8 38.17 Preparing to unpack .../086-fontconfig_2.15.0-1.1ubuntu2_arm64.deb ...
replay	Build pinned ARM64 runtime	2026-10-03T19:11:02.7554813Z #8 38.17 Unpacking fontconfig (2.15.0-1.1ubuntu2) ...
replay	Build pinned ARM64 runtime	2026-10-03T19:11:02.7555159Z #8 38.19 Selecting previously unselected package libcc1-0:arm64.
replay	Build pinned ARM64 runtime	2026-10-03T19:11:02.7555586Z #8 38.19 Preparing to unpack .../087-libcc1-0_14.2.0-4ubuntu2~24.04.1_arm64.deb ...
replay	Build pinned ARM64 runtime	2026-10-03T19:11:02.7556003Z #8 38.19 Unpacking libcc1-0:arm64 (14.2.0-4ubuntu2~24.04.1) ...
replay	Build pinned ARM64 runtime	2026-10-03T19:11:02.7556374Z #8 38.21 Selecting previously unselected package libgomp1:arm64.
replay	Build pinned ARM64 runtime	2026-10-03T19:11:02.7556795Z #8 38.21 Preparing to unpack .../088-libgomp1_14.2.0-4ubuntu2~24.04.1_arm64.deb ...
replay	Build pinned ARM64 runtime	2026-10-03T19:11:02.7557204Z #8 38.21 Unpacking libgomp1:arm64 (14.2.0-4ubuntu2~24.04.1) ...
replay	Build pinned ARM64 runtime	2026-10-03T19:11:02.7557574Z #8 38.22 Selecting previously unselected package libitm1:arm64.
replay	Build pinned ARM64 runtime	2026-10-03T19:11:02.7557983Z #8 38.23 Preparing to unpack .../089-libitm1_14.2.0-4ubuntu2~24.04.1_arm64.deb ...
replay	Build pinned ARM64 runtime	2026-10-03T19:11:02.7558975Z #8 38.23 Unpacking libitm1:arm64 (14.2.0-4ubuntu2~24.04.1) ...
replay	Build pinned ARM64 runtime	2026-10-03T19:11:02.7559352Z #8 38.24 Selecting previously unselected package libatomic1:arm64.
replay	Build pinned ARM64 runtime	2026-10-03T19:11:02.8932929Z #8 38.24 Preparing to unpack .../090-libatomic1_14.2.0-4ubuntu2~24.04.1_arm64.deb ...
replay	Build pinned ARM64 runtime	2026-10-03T19:11:02.8933491Z #8 38.24 Unpacking libatomic1:arm64 (14.2.0-4ubuntu2~24.04.1) ...
replay	Build pinned ARM64 runtime	2026-10-03T19:11:02.8933882Z #8 38.26 Selecting previously unselected package libasan8:arm64.
replay	Build pinned ARM64 runtime	2026-10-03T19:11:02.8934308Z #8 38.26 Preparing to unpack .../091-libasan8_14.2.0-4ubuntu2~24.04.1_arm64.deb ...
replay	Build pinned ARM64 runtime	2026-10-03T19:11:02.8934726Z #8 38.26 Unpacking libasan8:arm64 (14.2.0-4ubuntu2~24.04.1) ...
replay	Build pinned ARM64 runtime	2026-10-03T19:11:02.8935089Z #8 38.31 Selecting previously unselected package liblsan0:arm64.
replay	Build pinned ARM64 runtime	2026-10-03T19:11:02.8935511Z #8 38.31 Preparing to unpack .../092-liblsan0_14.2.0-4ubuntu2~24.04.1_arm64.deb ...
replay	Build pinned ARM64 runtime	2026-10-03T19:11:02.8935954Z #8 38.31 Unpacking liblsan0:arm64 (14.2.0-4ubuntu2~24.04.1) ...
replay	Build pinned ARM64 runtime	2026-10-03T19:11:02.8936335Z #8 38.33 Selecting previously unselected package libtsan2:arm64.
replay	Build pinned ARM64 runtime	2026-10-03T19:11:02.8936754Z #8 38.34 Preparing to unpack .../093-libtsan2_14.2.0-4ubuntu2~24.04.1_arm64.deb ...
replay	Build pinned ARM64 runtime	2026-10-03T19:11:02.8937163Z #8 38.34 Unpacking libtsan2:arm64 (14.2.0-4ubuntu2~24.04.1) ...
replay	Build pinned ARM64 runtime	2026-10-03T19:11:02.8937534Z #8 38.38 Selecting previously unselected package libubsan1:arm64.
replay	Build pinned ARM64 runtime	2026-10-03T19:11:03.0105501Z #8 38.38 Preparing to unpack .../094-libubsan1_14.2.0-4ubuntu2~24.04.1_arm64.deb ...
replay	Build pinned ARM64 runtime	2026-10-03T19:11:03.0106045Z #8 38.38 Unpacking libubsan1:arm64 (14.2.0-4ubuntu2~24.04.1) ...
replay	Build pinned ARM64 runtime	2026-10-03T19:11:03.0106439Z #8 38.41 Selecting previously unselected package libhwasan0:arm64.
replay	Build pinned ARM64 runtime	2026-10-03T19:11:03.0106887Z #8 38.41 Preparing to unpack .../095-libhwasan0_14.2.0-4ubuntu2~24.04.1_arm64.deb ...
replay	Build pinned ARM64 runtime	2026-10-03T19:11:03.0107313Z #8 38.41 Unpacking libhwasan0:arm64 (14.2.0-4ubuntu2~24.04.1) ...
replay	Build pinned ARM64 runtime	2026-10-03T19:11:03.0108293Z #8 38.44 Selecting previously unselected package libgcc-13-dev:arm64.
replay	Build pinned ARM64 runtime	2026-10-03T19:11:03.0108784Z #8 38.44 Preparing to unpack .../096-libgcc-13-dev_13.3.0-6ubuntu2~24.04.1_arm64.deb ...
replay	Build pinned ARM64 runtime	2026-10-03T19:11:03.0109227Z #8 38.44 Unpacking libgcc-13-dev:arm64 (13.3.0-6ubuntu2~24.04.1) ...
replay	Build pinned ARM64 runtime	2026-10-03T19:11:03.0109643Z #8 38.50 Selecting previously unselected package gcc-13-aarch64-linux-gnu.
replay	Build pinned ARM64 runtime	2026-10-03T19:11:03.1648250Z #8 38.50 Preparing to unpack .../097-gcc-13-aarch64-linux-gnu_13.3.0-6ubuntu2~24.04.1_arm64.deb ...
replay	Build pinned ARM64 runtime	2026-10-03T19:11:03.1648884Z #8 38.50 Unpacking gcc-13-aarch64-linux-gnu (13.3.0-6ubuntu2~24.04.1) ...
replay	Build pinned ARM64 runtime	2026-10-03T19:11:03.2069431Z #8 38.69 Selecting previously unselected package gcc-13.
replay	Build pinned ARM64 runtime	2026-10-03T19:11:03.3700121Z #8 38.70 Preparing to unpack .../098-gcc-13_13.3.0-6ubuntu2~24.04.1_arm64.deb ...
replay	Build pinned ARM64 runtime	2026-10-03T19:11:03.3700649Z #8 38.70 Unpacking gcc-13 (13.3.0-6ubuntu2~24.04.1) ...
replay	Build pinned ARM64 runtime	2026-10-03T19:11:03.3701028Z #8 38.71 Selecting previously unselected package gcc-aarch64-linux-gnu.
replay	Build pinned ARM64 runtime	2026-10-03T19:11:03.3701543Z #8 38.71 Preparing to unpack .../099-gcc-aarch64-linux-gnu_4%3a13.2.0-7ubuntu1_arm64.deb ...
replay	Build pinned ARM64 runtime	2026-10-03T19:11:03.3702012Z #8 38.71 Unpacking gcc-aarch64-linux-gnu (4:13.2.0-7ubuntu1) ...
replay	Build pinned ARM64 runtime	2026-10-03T19:11:03.3702357Z #8 38.73 Selecting previously unselected package gcc.
replay	Build pinned ARM64 runtime	2026-10-03T19:11:03.3702719Z #8 38.73 Preparing to unpack .../100-gcc_4%3a13.2.0-7ubuntu1_arm64.deb ...
replay	Build pinned ARM64 runtime	2026-10-03T19:11:03.3703134Z #8 38.73 Unpacking gcc (4:13.2.0-7ubuntu1) ...
replay	Build pinned ARM64 runtime	2026-10-03T19:11:03.3703455Z #8 38.74 Selecting previously unselected package libc-dev-bin.
replay	Build pinned ARM64 runtime	2026-10-03T19:11:03.3703863Z #8 38.75 Preparing to unpack .../101-libc-dev-bin_2.39-0ubuntu8.9_arm64.deb ...
replay	Build pinned ARM64 runtime	2026-10-03T19:11:03.3704245Z #8 38.75 Unpacking libc-dev-bin (2.39-0ubuntu8.9) ...
replay	Build pinned ARM64 runtime	2026-10-03T19:11:03.3704606Z #8 38.76 Selecting previously unselected package linux-libc-dev:arm64.
replay	Build pinned ARM64 runtime	2026-10-03T19:11:03.3705035Z #8 38.76 Preparing to unpack .../102-linux-libc-dev_6.8.0-146.146_arm64.deb ...
replay	Build pinned ARM64 runtime	2026-10-03T19:11:03.3705428Z #8 38.76 Unpacking linux-libc-dev:arm64 (6.8.0-146.146) ...
replay	Build pinned ARM64 runtime	2026-10-03T19:11:03.3705793Z #8 38.85 Selecting previously unselected package libcrypt-dev:arm64.
replay	Build pinned ARM64 runtime	2026-10-03T19:11:03.4809513Z #8 38.86 Preparing to unpack .../103-libcrypt-dev_1%3a4.4.36-4build1_arm64.deb ...
replay	Build pinned ARM64 runtime	2026-10-03T19:11:03.4810068Z #8 38.86 Unpacking libcrypt-dev:arm64 (1:4.4.36-4build1) ...
replay	Build pinned ARM64 runtime	2026-10-03T19:11:03.4810442Z #8 38.87 Selecting previously unselected package rpcsvc-proto.
replay	Build pinned ARM64 runtime	2026-10-03T19:11:03.4810864Z #8 38.88 Preparing to unpack .../104-rpcsvc-proto_1.4.2-0ubuntu7_arm64.deb ...
replay	Build pinned ARM64 runtime	2026-10-03T19:11:03.4811253Z #8 38.88 Unpacking rpcsvc-proto (1.4.2-0ubuntu7) ...
replay	Build pinned ARM64 runtime	2026-10-03T19:11:03.4811603Z #8 38.89 Selecting previously unselected package libc6-dev:arm64.
replay	Build pinned ARM64 runtime	2026-10-03T19:11:03.4812014Z #8 38.90 Preparing to unpack .../105-libc6-dev_2.39-0ubuntu8.9_arm64.deb ...
replay	Build pinned ARM64 runtime	2026-10-03T19:11:03.4812398Z #8 38.90 Unpacking libc6-dev:arm64 (2.39-0ubuntu8.9) ...
replay	Build pinned ARM64 runtime	2026-10-03T19:11:03.4812772Z #8 38.97 Selecting previously unselected package libstdc++-13-dev:arm64.
replay	Build pinned ARM64 runtime	2026-10-03T19:11:03.6011948Z #8 38.97 Preparing to unpack .../106-libstdc++-13-dev_13.3.0-6ubuntu2~24.04.1_arm64.deb ...
replay	Build pinned ARM64 runtime	2026-10-03T19:11:03.6012777Z #8 38.97 Unpacking libstdc++-13-dev:arm64 (13.3.0-6ubuntu2~24.04.1) ...
replay	Build pinned ARM64 runtime	2026-10-03T19:11:03.6013809Z #8 39.09 Selecting previously unselected package g++-13-aarch64-linux-gnu.
replay	Build pinned ARM64 runtime	2026-10-03T19:11:03.7244814Z #8 39.09 Preparing to unpack .../107-g++-13-aarch64-linux-gnu_13.3.0-6ubuntu2~24.04.1_arm64.deb ...
replay	Build pinned ARM64 runtime	2026-10-03T19:11:03.7245441Z #8 39.09 Unpacking g++-13-aarch64-linux-gnu (13.3.0-6ubuntu2~24.04.1) ...
replay	Build pinned ARM64 runtime	2026-10-03T19:11:03.7245829Z #8 39.21 Selecting previously unselected package g++-13.
replay	Build pinned ARM64 runtime	2026-10-03T19:11:03.9383885Z #8 39.21 Preparing to unpack .../108-g++-13_13.3.0-6ubuntu2~24.04.1_arm64.deb ...
replay	Build pinned ARM64 runtime	2026-10-03T19:11:03.9384401Z #8 39.21 Unpacking g++-13 (13.3.0-6ubuntu2~24.04.1) ...
replay	Build pinned ARM64 runtime	2026-10-03T19:11:03.9384779Z #8 39.23 Selecting previously unselected package g++-aarch64-linux-gnu.
replay	Build pinned ARM64 runtime	2026-10-03T19:11:03.9385261Z #8 39.23 Preparing to unpack .../109-g++-aarch64-linux-gnu_4%3a13.2.0-7ubuntu1_arm64.deb ...
replay	Build pinned ARM64 runtime	2026-10-03T19:11:03.9386118Z #8 39.23 Unpacking g++-aarch64-linux-gnu (4:13.2.0-7ubuntu1) ...
replay	Build pinned ARM64 runtime	2026-10-03T19:11:03.9386489Z #8 39.24 Selecting previously unselected package g++.
replay	Build pinned ARM64 runtime	2026-10-03T19:11:03.9386857Z #8 39.24 Preparing to unpack .../110-g++_4%3a13.2.0-7ubuntu1_arm64.deb ...
replay	Build pinned ARM64 runtime	2026-10-03T19:11:03.9387211Z #8 39.24 Unpacking g++ (4:13.2.0-7ubuntu1) ...
replay	Build pinned ARM64 runtime	2026-10-03T19:11:03.9387550Z #8 39.26 Selecting previously unselected package libgfortran5:arm64.
replay	Build pinned ARM64 runtime	2026-10-03T19:11:03.9387997Z #8 39.26 Preparing to unpack .../111-libgfortran5_14.2.0-4ubuntu2~24.04.1_arm64.deb ...
replay	Build pinned ARM64 runtime	2026-10-03T19:11:03.9389013Z #8 39.26 Unpacking libgfortran5:arm64 (14.2.0-4ubuntu2~24.04.1) ...
replay	Build pinned ARM64 runtime	2026-10-03T19:11:03.9389450Z #8 39.28 Selecting previously unselected package libgfortran-13-dev:arm64.
replay	Build pinned ARM64 runtime	2026-10-03T19:11:03.9389945Z #8 39.28 Preparing to unpack .../112-libgfortran-13-dev_13.3.0-6ubuntu2~24.04.1_arm64.deb ...
replay	Build pinned ARM64 runtime	2026-10-03T19:11:03.9390435Z #8 39.28 Unpacking libgfortran-13-dev:arm64 (13.3.0-6ubuntu2~24.04.1) ...
replay	Build pinned ARM64 runtime	2026-10-03T19:11:03.9390901Z #8 39.30 Selecting previously unselected package gfortran-13-aarch64-linux-gnu.
replay	Build pinned ARM64 runtime	2026-10-03T19:11:03.9391471Z #8 39.31 Preparing to unpack .../113-gfortran-13-aarch64-linux-gnu_13.3.0-6ubuntu2~24.04.1_arm64.deb ...
replay	Build pinned ARM64 runtime	2026-10-03T19:11:03.9392018Z #8 39.31 Unpacking gfortran-13-aarch64-linux-gnu (13.3.0-6ubuntu2~24.04.1) ...
replay	Build pinned ARM64 runtime	2026-10-03T19:11:03.9392439Z #8 39.42 Selecting previously unselected package gfortran-13.
replay	Build pinned ARM64 runtime	2026-10-03T19:11:04.0480099Z #8 39.43 Preparing to unpack .../114-gfortran-13_13.3.0-6ubuntu2~24.04.1_arm64.deb ...
replay	Build pinned ARM64 runtime	2026-10-03T19:11:04.0480653Z #8 39.43 Unpacking gfortran-13 (13.3.0-6ubuntu2~24.04.1) ...
replay	Build pinned ARM64 runtime	2026-10-03T19:11:04.0480997Z #8 39.44 Selecting previously unselected package aglfn.
replay	Build pinned ARM64 runtime	2026-10-03T19:11:04.0481386Z #8 39.44 Preparing to unpack .../115-aglfn_1.7+git20191031.4036a9c-2_all.deb ...
replay	Build pinned ARM64 runtime	2026-10-03T19:11:04.0481780Z #8 39.44 Unpacking aglfn (1.7+git20191031.4036a9c-2) ...
replay	Build pinned ARM64 runtime	2026-10-03T19:11:04.0482121Z #8 39.46 Selecting previously unselected package gnuplot-data.
replay	Build pinned ARM64 runtime	2026-10-03T19:11:04.0482568Z #8 39.46 Preparing to unpack .../116-gnuplot-data_6.0.0+dfsg1-1ubuntu3_all.deb ...
replay	Build pinned ARM64 runtime	2026-10-03T19:11:04.0483374Z #8 39.46 Unpacking gnuplot-data (6.0.0+dfsg1-1ubuntu3) ...
replay	Build pinned ARM64 runtime	2026-10-03T19:11:04.0483747Z #8 39.48 Selecting previously unselected package libpixman-1-0:arm64.
replay	Build pinned ARM64 runtime	2026-10-03T19:11:04.0484176Z #8 39.48 Preparing to unpack .../117-libpixman-1-0_0.42.2-1build1_arm64.deb ...
replay	Build pinned ARM64 runtime	2026-10-03T19:11:04.0484569Z #8 39.48 Unpacking libpixman-1-0:arm64 (0.42.2-1build1) ...
replay	Build pinned ARM64 runtime	2026-10-03T19:11:04.0484943Z #8 39.50 Selecting previously unselected package libxcb-render0:arm64.
replay	Build pinned ARM64 runtime	2026-10-03T19:11:04.0485383Z #8 39.50 Preparing to unpack .../118-libxcb-render0_1.15-1ubuntu2_arm64.deb ...
replay	Build pinned ARM64 runtime	2026-10-03T19:11:04.0485780Z #8 39.50 Unpacking libxcb-render0:arm64 (1.15-1ubuntu2) ...
replay	Build pinned ARM64 runtime	2026-10-03T19:11:04.0486144Z #8 39.52 Selecting previously unselected package libxcb-shm0:arm64.
replay	Build pinned ARM64 runtime	2026-10-03T19:11:04.0486559Z #8 39.52 Preparing to unpack .../119-libxcb-shm0_1.15-1ubuntu2_arm64.deb ...
replay	Build pinned ARM64 runtime	2026-10-03T19:11:04.0486945Z #8 39.52 Unpacking libxcb-shm0:arm64 (1.15-1ubuntu2) ...
replay	Build pinned ARM64 runtime	2026-10-03T19:11:04.0487302Z #8 39.53 Selecting previously unselected package libxrender1:arm64.
replay	Build pinned ARM64 runtime	2026-10-03T19:11:04.1573362Z #8 39.54 Preparing to unpack .../120-libxrender1_1%3a0.9.10-1.1build1_arm64.deb ...
replay	Build pinned ARM64 runtime	2026-10-03T19:11:04.1573926Z #8 39.54 Unpacking libxrender1:arm64 (1:0.9.10-1.1build1) ...
replay	Build pinned ARM64 runtime	2026-10-03T19:11:04.1574305Z #8 39.55 Selecting previously unselected package libcairo2:arm64.
replay	Build pinned ARM64 runtime	2026-10-03T19:11:04.1574718Z #8 39.55 Preparing to unpack .../121-libcairo2_1.18.0-3build1_arm64.deb ...
replay	Build pinned ARM64 runtime	2026-10-03T19:11:04.1575095Z #8 39.55 Unpacking libcairo2:arm64 (1.18.0-3build1) ...
replay	Build pinned ARM64 runtime	2026-10-03T19:11:04.1575442Z #8 39.57 Selecting previously unselected package libaom3:arm64.
replay	Build pinned ARM64 runtime	2026-10-03T19:11:04.1575844Z #8 39.57 Preparing to unpack .../122-libaom3_3.8.2-2ubuntu0.2_arm64.deb ...
replay	Build pinned ARM64 runtime	2026-10-03T19:11:04.1576219Z #8 39.57 Unpacking libaom3:arm64 (3.8.2-2ubuntu0.2) ...
replay	Build pinned ARM64 runtime	2026-10-03T19:11:04.1576624Z #8 39.60 Selecting previously unselected package libheif-plugin-aomdec:arm64.
replay	Build pinned ARM64 runtime	2026-10-03T19:11:04.1577632Z #8 39.60 Preparing to unpack .../123-libheif-plugin-aomdec_1.17.6-1ubuntu4.9_arm64.deb ...
replay	Build pinned ARM64 runtime	2026-10-03T19:11:04.1578575Z #8 39.61 Unpacking libheif-plugin-aomdec:arm64 (1.17.6-1ubuntu4.9) ...
replay	Build pinned ARM64 runtime	2026-10-03T19:11:04.1578989Z #8 39.62 Selecting previously unselected package libheif1:arm64.
replay	Build pinned ARM64 runtime	2026-10-03T19:11:04.1579401Z #8 39.62 Preparing to unpack .../124-libheif1_1.17.6-1ubuntu4.9_arm64.deb ...
replay	Build pinned ARM64 runtime	2026-10-03T19:11:04.1579783Z #8 39.63 Unpacking libheif1:arm64 (1.17.6-1ubuntu4.9) ...
replay	Build pinned ARM64 runtime	2026-10-03T19:11:04.1580135Z #8 39.64 Selecting previously unselected package libxpm4:arm64.
replay	Build pinned ARM64 runtime	2026-10-03T19:11:04.2637164Z #8 39.65 Preparing to unpack .../125-libxpm4_1%3a3.5.17-1ubuntu0.24.04.2_arm64.deb ...
replay	Build pinned ARM64 runtime	2026-10-03T19:11:04.2637738Z #8 39.65 Unpacking libxpm4:arm64 (1:3.5.17-1ubuntu0.24.04.2) ...
replay	Build pinned ARM64 runtime	2026-10-03T19:11:04.2638777Z #8 39.66 Selecting previously unselected package libgd3:arm64.
replay	Build pinned ARM64 runtime	2026-10-03T19:11:04.2639197Z #8 39.67 Preparing to unpack .../126-libgd3_2.3.3-9ubuntu5_arm64.deb ...
replay	Build pinned ARM64 runtime	2026-10-03T19:11:04.2639588Z #8 39.67 Unpacking libgd3:arm64 (2.3.3-9ubuntu5) ...
replay	Build pinned ARM64 runtime	2026-10-03T19:11:04.2639939Z #8 39.68 Selecting previously unselected package liblua5.4-0:arm64.
replay	Build pinned ARM64 runtime	2026-10-03T19:11:04.2640370Z #8 39.69 Preparing to unpack .../127-liblua5.4-0_5.4.6-3build2_arm64.deb ...
replay	Build pinned ARM64 runtime	2026-10-03T19:11:04.2640752Z #8 39.69 Unpacking liblua5.4-0:arm64 (5.4.6-3build2) ...
replay	Build pinned ARM64 runtime	2026-10-03T19:11:04.2641121Z #8 39.71 Selecting previously unselected package libgraphite2-3:arm64.
replay	Build pinned ARM64 runtime	2026-10-03T19:11:04.2641583Z #8 39.71 Preparing to unpack .../128-libgraphite2-3_1.3.14-2ubuntu0.24.04.1_arm64.deb ...
replay	Build pinned ARM64 runtime	2026-10-03T19:11:04.2642039Z #8 39.71 Unpacking libgraphite2-3:arm64 (1.3.14-2ubuntu0.24.04.1) ...
replay	Build pinned ARM64 runtime	2026-10-03T19:11:04.2642457Z #8 39.73 Selecting previously unselected package libharfbuzz0b:arm64.
replay	Build pinned ARM64 runtime	2026-10-03T19:11:04.2642890Z #8 39.73 Preparing to unpack .../129-libharfbuzz0b_8.3.0-2build2_arm64.deb ...
replay	Build pinned ARM64 runtime	2026-10-03T19:11:04.2643285Z #8 39.73 Unpacking libharfbuzz0b:arm64 (8.3.0-2build2) ...
replay	Build pinned ARM64 runtime	2026-10-03T19:11:04.2643647Z #8 39.75 Selecting previously unselected package libthai-data.
replay	Build pinned ARM64 runtime	2026-10-03T19:11:04.3664384Z #8 39.75 Preparing to unpack .../130-libthai-data_0.1.29-2build1_all.deb ...
replay	Build pinned ARM64 runtime	2026-10-03T19:11:04.3665284Z #8 39.75 Unpacking libthai-data (0.1.29-2build1) ...
replay	Build pinned ARM64 runtime	2026-10-03T19:11:04.3665645Z #8 39.77 Selecting previously unselected package libdatrie1:arm64.
replay	Build pinned ARM64 runtime	2026-10-03T19:11:04.3666067Z #8 39.77 Preparing to unpack .../131-libdatrie1_0.2.13-3build1_arm64.deb ...
replay	Build pinned ARM64 runtime	2026-10-03T19:11:04.3666447Z #8 39.77 Unpacking libdatrie1:arm64 (0.2.13-3build1) ...
replay	Build pinned ARM64 runtime	2026-10-03T19:11:04.3666795Z #8 39.78 Selecting previously unselected package libthai0:arm64.
replay	Build pinned ARM64 runtime	2026-10-03T19:11:04.3667187Z #8 39.79 Preparing to unpack .../132-libthai0_0.1.29-2build1_arm64.deb ...
replay	Build pinned ARM64 runtime	2026-10-03T19:11:04.3667552Z #8 39.79 Unpacking libthai0:arm64 (0.1.29-2build1) ...
replay	Build pinned ARM64 runtime	2026-10-03T19:11:04.3667910Z #8 39.80 Selecting previously unselected package libpango-1.0-0:arm64.
replay	Build pinned ARM64 runtime	2026-10-03T19:11:04.3668554Z #8 39.80 Preparing to unpack .../133-libpango-1.0-0_1.52.1+ds-1build1_arm64.deb ...
replay	Build pinned ARM64 runtime	2026-10-03T19:11:04.3668988Z #8 39.81 Unpacking libpango-1.0-0:arm64 (1.52.1+ds-1build1) ...
replay	Build pinned ARM64 runtime	2026-10-03T19:11:04.3669395Z #8 39.85 Selecting previously unselected package libpangoft2-1.0-0:arm64.
replay	Build pinned ARM64 runtime	2026-10-03T19:11:04.3669857Z #8 39.85 Preparing to unpack .../134-libpangoft2-1.0-0_1.52.1+ds-1build1_arm64.deb ...
replay	Build pinned ARM64 runtime	2026-10-03T19:11:04.4719519Z #8 39.85 Unpacking libpangoft2-1.0-0:arm64 (1.52.1+ds-1build1) ...
replay	Build pinned ARM64 runtime	2026-10-03T19:11:04.4720076Z #8 39.87 Selecting previously unselected package libpangocairo-1.0-0:arm64.
replay	Build pinned ARM64 runtime	2026-10-03T19:11:04.4720573Z #8 39.87 Preparing to unpack .../135-libpangocairo-1.0-0_1.52.1+ds-1build1_arm64.deb ...
replay	Build pinned ARM64 runtime	2026-10-03T19:11:04.4721034Z #8 39.87 Unpacking libpangocairo-1.0-0:arm64 (1.52.1+ds-1build1) ...
replay	Build pinned ARM64 runtime	2026-10-03T19:11:04.4721474Z #8 39.89 Selecting previously unselected package libdouble-conversion3:arm64.
replay	Build pinned ARM64 runtime	2026-10-03T19:11:04.4721969Z #8 39.89 Preparing to unpack .../136-libdouble-conversion3_3.3.0-1build1_arm64.deb ...
replay	Build pinned ARM64 runtime	2026-10-03T19:11:04.4722838Z #8 39.89 Unpacking libdouble-conversion3:arm64 (3.3.0-1build1) ...
replay	Build pinned ARM64 runtime	2026-10-03T19:11:04.4723246Z #8 39.90 Selecting previously unselected package libpcre2-16-0:arm64.
replay	Build pinned ARM64 runtime	2026-10-03T19:11:04.4723699Z #8 39.91 Preparing to unpack .../137-libpcre2-16-0_10.42-4ubuntu2.1_arm64.deb ...
replay	Build pinned ARM64 runtime	2026-10-03T19:11:04.4724135Z #8 39.91 Unpacking libpcre2-16-0:arm64 (10.42-4ubuntu2.1) ...
replay	Build pinned ARM64 runtime	2026-10-03T19:11:04.4724518Z #8 39.92 Selecting previously unselected package libqt5core5t64:arm64.
replay	Build pinned ARM64 runtime	2026-10-03T19:11:04.4724971Z #8 39.92 Preparing to unpack .../138-libqt5core5t64_5.15.13+dfsg-1ubuntu1_arm64.deb ...
replay	Build pinned ARM64 runtime	2026-10-03T19:11:04.4725417Z #8 39.92 Unpacking libqt5core5t64:arm64 (5.15.13+dfsg-1ubuntu1) ...
replay	Build pinned ARM64 runtime	2026-10-03T19:11:04.4725809Z #8 39.96 Selecting previously unselected package libglvnd0:arm64.
replay	Build pinned ARM64 runtime	2026-10-03T19:11:04.6627687Z #8 39.96 Preparing to unpack .../139-libglvnd0_1.7.0-1build1_arm64.deb ...
replay	Build pinned ARM64 runtime	2026-10-03T19:11:04.6628475Z #8 39.96 Unpacking libglvnd0:arm64 (1.7.0-1build1) ...
replay	Build pinned ARM64 runtime	2026-10-03T19:11:04.6629218Z #8 39.98 Selecting previously unselected package libdrm-amdgpu1:arm64.
replay	Build pinned ARM64 runtime	2026-10-03T19:11:04.6629810Z #8 39.98 Preparing to unpack .../140-libdrm-amdgpu1_2.4.125-1ubuntu0.1~24.04.2_arm64.deb ...
replay	Build pinned ARM64 runtime	2026-10-03T19:11:04.6630311Z #8 39.98 Unpacking libdrm-amdgpu1:arm64 (2.4.125-1ubuntu0.1~24.04.2) ...
replay	Build pinned ARM64 runtime	2026-10-03T19:11:04.6630722Z #8 39.99 Selecting previously unselected package libllvm20:arm64.
replay	Build pinned ARM64 runtime	2026-10-03T19:11:04.6631158Z #8 40.00 Preparing to unpack .../141-libllvm20_1%3a20.1.2-0ubuntu1~24.04.3_arm64.deb ...
replay	Build pinned ARM64 runtime	2026-10-03T19:11:04.6631588Z #8 40.00 Unpacking libllvm20:arm64 (1:20.1.2-0ubuntu1~24.04.3) ...
replay	Build pinned ARM64 runtime	2026-10-03T19:11:04.9309672Z #8 40.42 Selecting previously unselected package libx11-xcb1:arm64.
replay	Build pinned ARM64 runtime	2026-10-03T19:11:05.0432888Z #8 40.42 Preparing to unpack .../142-libx11-xcb1_2%3a1.8.7-1build1_arm64.deb ...
replay	Build pinned ARM64 runtime	2026-10-03T19:11:05.0433546Z #8 40.42 Unpacking libx11-xcb1:arm64 (2:1.8.7-1build1) ...
replay	Build pinned ARM64 runtime	2026-10-03T19:11:05.0433933Z #8 40.43 Selecting previously unselected package libxcb-dri3-0:arm64.
replay	Build pinned ARM64 runtime	2026-10-03T19:11:05.0434368Z #8 40.43 Preparing to unpack .../143-libxcb-dri3-0_1.15-1ubuntu2_arm64.deb ...
replay	Build pinned ARM64 runtime	2026-10-03T19:11:05.0434785Z #8 40.44 Unpacking libxcb-dri3-0:arm64 (1.15-1ubuntu2) ...
replay	Build pinned ARM64 runtime	2026-10-03T19:11:05.0435592Z #8 40.45 Selecting previously unselected package libxcb-present0:arm64.
replay	Build pinned ARM64 runtime	2026-10-03T19:11:05.0436045Z #8 40.45 Preparing to unpack .../144-libxcb-present0_1.15-1ubuntu2_arm64.deb ...
replay	Build pinned ARM64 runtime	2026-10-03T19:11:05.0436454Z #8 40.45 Unpacking libxcb-present0:arm64 (1.15-1ubuntu2) ...
replay	Build pinned ARM64 runtime	2026-10-03T19:11:05.0436838Z #8 40.46 Selecting previously unselected package libxcb-randr0:arm64.
replay	Build pinned ARM64 runtime	2026-10-03T19:11:05.0437265Z #8 40.47 Preparing to unpack .../145-libxcb-randr0_1.15-1ubuntu2_arm64.deb ...
replay	Build pinned ARM64 runtime	2026-10-03T19:11:05.0437658Z #8 40.47 Unpacking libxcb-randr0:arm64 (1.15-1ubuntu2) ...
replay	Build pinned ARM64 runtime	2026-10-03T19:11:05.0438025Z #8 40.48 Selecting previously unselected package libxcb-sync1:arm64.
replay	Build pinned ARM64 runtime	2026-10-03T19:11:05.0438827Z #8 40.48 Preparing to unpack .../146-libxcb-sync1_1.15-1ubuntu2_arm64.deb ...
replay	Build pinned ARM64 runtime	2026-10-03T19:11:05.0439226Z #8 40.48 Unpacking libxcb-sync1:arm64 (1.15-1ubuntu2) ...
replay	Build pinned ARM64 runtime	2026-10-03T19:11:05.0439609Z #8 40.50 Selecting previously unselected package libxcb-xfixes0:arm64.
replay	Build pinned ARM64 runtime	2026-10-03T19:11:05.0440045Z #8 40.50 Preparing to unpack .../147-libxcb-xfixes0_1.15-1ubuntu2_arm64.deb ...
replay	Build pinned ARM64 runtime	2026-10-03T19:11:05.0440453Z #8 40.50 Unpacking libxcb-xfixes0:arm64 (1.15-1ubuntu2) ...
replay	Build pinned ARM64 runtime	2026-10-03T19:11:05.0440830Z #8 40.51 Selecting previously unselected package libxshmfence1:arm64.
replay	Build pinned ARM64 runtime	2026-10-03T19:11:05.0441253Z #8 40.52 Preparing to unpack .../148-libxshmfence1_1.3-1build5_arm64.deb ...
replay	Build pinned ARM64 runtime	2026-10-03T19:11:05.0441635Z #8 40.52 Unpacking libxshmfence1:arm64 (1.3-1build5) ...
replay	Build pinned ARM64 runtime	2026-10-03T19:11:05.0442011Z #8 40.53 Selecting previously unselected package mesa-libgallium:arm64.
replay	Build pinned ARM64 runtime	2026-10-03T19:11:05.1983144Z #8 40.53 Preparing to unpack .../149-mesa-libgallium_25.2.8-0ubuntu0.24.04.4_arm64.deb ...
replay	Build pinned ARM64 runtime	2026-10-03T19:11:05.1983725Z #8 40.53 Unpacking mesa-libgallium:arm64 (25.2.8-0ubuntu0.24.04.4) ...
replay	Build pinned ARM64 runtime	2026-10-03T19:11:05.2062919Z #8 40.69 Selecting previously unselected package libgbm1:arm64.
replay	Build pinned ARM64 runtime	2026-10-03T19:11:05.3091866Z #8 40.70 Preparing to unpack .../150-libgbm1_25.2.8-0ubuntu0.24.04.4_arm64.deb ...
replay	Build pinned ARM64 runtime	2026-10-03T19:11:05.3092401Z #8 40.70 Unpacking libgbm1:arm64 (25.2.8-0ubuntu0.24.04.4) ...
replay	Build pinned ARM64 runtime	2026-10-03T19:11:05.3092852Z #8 40.71 Selecting previously unselected package libwayland-client0:arm64.
replay	Build pinned ARM64 runtime	2026-10-03T19:11:05.3093330Z #8 40.71 Preparing to unpack .../151-libwayland-client0_1.22.0-2.1build1_arm64.deb ...
replay	Build pinned ARM64 runtime	2026-10-03T19:11:05.3093777Z #8 40.71 Unpacking libwayland-client0:arm64 (1.22.0-2.1build1) ...
replay	Build pinned ARM64 runtime	2026-10-03T19:11:05.3094188Z #8 40.73 Selecting previously unselected package libegl-mesa0:arm64.
replay	Build pinned ARM64 runtime	2026-10-03T19:11:05.3094635Z #8 40.73 Preparing to unpack .../152-libegl-mesa0_25.2.8-0ubuntu0.24.04.4_arm64.deb ...
replay	Build pinned ARM64 runtime	2026-10-03T19:11:05.3095072Z #8 40.73 Unpacking libegl-mesa0:arm64 (25.2.8-0ubuntu0.24.04.4) ...
replay	Build pinned ARM64 runtime	2026-10-03T19:11:05.3095457Z #8 40.74 Selecting previously unselected package libegl1:arm64.
replay	Build pinned ARM64 runtime	2026-10-03T19:11:05.3095842Z #8 40.75 Preparing to unpack .../153-libegl1_1.7.0-1build1_arm64.deb ...
replay	Build pinned ARM64 runtime	2026-10-03T19:11:05.3096218Z #8 40.75 Unpacking libegl1:arm64 (1.7.0-1build1) ...
replay	Build pinned ARM64 runtime	2026-10-03T19:11:05.3096571Z #8 40.76 Selecting previously unselected package libxcb-glx0:arm64.
replay	Build pinned ARM64 runtime	2026-10-03T19:11:05.3097000Z #8 40.77 Preparing to unpack .../154-libxcb-glx0_1.15-1ubuntu2_arm64.deb ...
replay	Build pinned ARM64 runtime	2026-10-03T19:11:05.3097380Z #8 40.77 Unpacking libxcb-glx0:arm64 (1.15-1ubuntu2) ...
replay	Build pinned ARM64 runtime	2026-10-03T19:11:05.3097736Z #8 40.78 Selecting previously unselected package libxxf86vm1:arm64.
replay	Build pinned ARM64 runtime	2026-10-03T19:11:05.3098408Z #8 40.78 Preparing to unpack .../155-libxxf86vm1_1%3a1.1.4-1build4_arm64.deb ...
replay	Build pinned ARM64 runtime	2026-10-03T19:11:05.3098818Z #8 40.78 Unpacking libxxf86vm1:arm64 (1:1.1.4-1build4) ...
replay	Build pinned ARM64 runtime	2026-10-03T19:11:05.3099179Z #8 40.79 Selecting previously unselected package libvulkan1:arm64.
replay	Build pinned ARM64 runtime	2026-10-03T19:11:05.4102983Z #8 40.80 Preparing to unpack .../156-libvulkan1_1.3.275.0-1build1_arm64.deb ...
replay	Build pinned ARM64 runtime	2026-10-03T19:11:05.4103523Z #8 40.80 Unpacking libvulkan1:arm64 (1.3.275.0-1build1) ...
replay	Build pinned ARM64 runtime	2026-10-03T19:11:05.4103917Z #8 40.81 Selecting previously unselected package libgl1-mesa-dri:arm64.
replay	Build pinned ARM64 runtime	2026-10-03T19:11:05.4104412Z #8 40.82 Preparing to unpack .../157-libgl1-mesa-dri_25.2.8-0ubuntu0.24.04.4_arm64.deb ...
replay	Build pinned ARM64 runtime	2026-10-03T19:11:05.4105305Z #8 40.82 Unpacking libgl1-mesa-dri:arm64 (25.2.8-0ubuntu0.24.04.4) ...
replay	Build pinned ARM64 runtime	2026-10-03T19:11:05.4105712Z #8 40.84 Selecting previously unselected package libglx-mesa0:arm64.
replay	Build pinned ARM64 runtime	2026-10-03T19:11:05.4106157Z #8 40.84 Preparing to unpack .../158-libglx-mesa0_25.2.8-0ubuntu0.24.04.4_arm64.deb ...
replay	Build pinned ARM64 runtime	2026-10-03T19:11:05.4106599Z #8 40.84 Unpacking libglx-mesa0:arm64 (25.2.8-0ubuntu0.24.04.4) ...
replay	Build pinned ARM64 runtime	2026-10-03T19:11:05.4106977Z #8 40.85 Selecting previously unselected package libglx0:arm64.
replay	Build pinned ARM64 runtime	2026-10-03T19:11:05.4107359Z #8 40.86 Preparing to unpack .../159-libglx0_1.7.0-1build1_arm64.deb ...
replay	Build pinned ARM64 runtime	2026-10-03T19:11:05.4107711Z #8 40.86 Unpacking libglx0:arm64 (1.7.0-1build1) ...
replay	Build pinned ARM64 runtime	2026-10-03T19:11:05.4108038Z #8 40.87 Selecting previously unselected package libgl1:arm64.
replay	Build pinned ARM64 runtime	2026-10-03T19:11:05.4108587Z #8 40.88 Preparing to unpack .../160-libgl1_1.7.0-1build1_arm64.deb ...
replay	Build pinned ARM64 runtime	2026-10-03T19:11:05.4108952Z #8 40.88 Unpacking libgl1:arm64 (1.7.0-1build1) ...
replay	Build pinned ARM64 runtime	2026-10-03T19:11:05.4109362Z #8 40.89 Selecting previously unselected package x11-common.
replay	Build pinned ARM64 runtime	2026-10-03T19:11:05.4109760Z #8 40.90 Preparing to unpack .../161-x11-common_1%3a7.7+23ubuntu3_all.deb ...
replay	Build pinned ARM64 runtime	2026-10-03T19:11:05.5240150Z #8 40.90 Unpacking x11-common (1:7.7+23ubuntu3) ...
replay	Build pinned ARM64 runtime	2026-10-03T19:11:05.5240635Z #8 40.91 Selecting previously unselected package libice6:arm64.
replay	Build pinned ARM64 runtime	2026-10-03T19:11:05.5241058Z #8 40.91 Preparing to unpack .../162-libice6_2%3a1.0.10-1build3_arm64.deb ...
replay	Build pinned ARM64 runtime	2026-10-03T19:11:05.5241443Z #8 40.92 Unpacking libice6:arm64 (2:1.0.10-1build3) ...
replay	Build pinned ARM64 runtime	2026-10-03T19:11:05.5241804Z #8 40.93 Selecting previously unselected package libmtdev1t64:arm64.
replay	Build pinned ARM64 runtime	2026-10-03T19:11:05.5242245Z #8 40.93 Preparing to unpack .../163-libmtdev1t64_1.1.6-1.1build1_arm64.deb ...
replay	Build pinned ARM64 runtime	2026-10-03T19:11:05.5242644Z #8 40.93 Unpacking libmtdev1t64:arm64 (1.1.6-1.1build1) ...
replay	Build pinned ARM64 runtime	2026-10-03T19:11:05.5243034Z #8 40.95 Selecting previously unselected package libgudev-1.0-0:arm64.
replay	Build pinned ARM64 runtime	2026-10-03T19:11:05.5243897Z #8 40.95 Preparing to unpack .../164-libgudev-1.0-0_1%3a238-5ubuntu1_arm64.deb ...
replay	Build pinned ARM64 runtime	2026-10-03T19:11:05.5244318Z #8 40.95 Unpacking libgudev-1.0-0:arm64 (1:238-5ubuntu1) ...
replay	Build pinned ARM64 runtime	2026-10-03T19:11:05.5244680Z #8 40.96 Selecting previously unselected package libwacom-common.
replay	Build pinned ARM64 runtime	2026-10-03T19:11:05.5245089Z #8 40.97 Preparing to unpack .../165-libwacom-common_2.10.0-2_all.deb ...
replay	Build pinned ARM64 runtime	2026-10-03T19:11:05.5245447Z #8 40.97 Unpacking libwacom-common (2.10.0-2) ...
replay	Build pinned ARM64 runtime	2026-10-03T19:11:05.5245785Z #8 41.01 Selecting previously unselected package libwacom9:arm64.
replay	Build pinned ARM64 runtime	2026-10-03T19:11:05.6271882Z #8 41.01 Preparing to unpack .../166-libwacom9_2.10.0-2_arm64.deb ...
replay	Build pinned ARM64 runtime	2026-10-03T19:11:05.6272355Z #8 41.01 Unpacking libwacom9:arm64 (2.10.0-2) ...
replay	Build pinned ARM64 runtime	2026-10-03T19:11:05.6272699Z #8 41.03 Selecting previously unselected package libinput-bin.
replay	Build pinned ARM64 runtime	2026-10-03T19:11:05.6273127Z #8 41.03 Preparing to unpack .../167-libinput-bin_1.25.0-1ubuntu3.7_arm64.deb ...
replay	Build pinned ARM64 runtime	2026-10-03T19:11:05.6273526Z #8 41.04 Unpacking libinput-bin (1.25.0-1ubuntu3.7) ...
replay	Build pinned ARM64 runtime	2026-10-03T19:11:05.6273921Z #8 41.06 Selecting previously unselected package libinput10:arm64.
replay	Build pinned ARM64 runtime	2026-10-03T19:11:05.6274362Z #8 41.06 Preparing to unpack .../168-libinput10_1.25.0-1ubuntu3.7_arm64.deb ...
replay	Build pinned ARM64 runtime	2026-10-03T19:11:05.6274761Z #8 41.06 Unpacking libinput10:arm64 (1.25.0-1ubuntu3.7) ...
replay	Build pinned ARM64 runtime	2026-10-03T19:11:05.6275118Z #8 41.08 Selecting previously unselected package libmd4c0:arm64.
replay	Build pinned ARM64 runtime	2026-10-03T19:11:05.6275509Z #8 41.08 Preparing to unpack .../169-libmd4c0_0.4.8-1build1_arm64.deb ...
replay	Build pinned ARM64 runtime	2026-10-03T19:11:05.6275869Z #8 41.08 Unpacking libmd4c0:arm64 (0.4.8-1build1) ...
replay	Build pinned ARM64 runtime	2026-10-03T19:11:05.6276229Z #8 41.09 Selecting previously unselected package libqt5dbus5t64:arm64.
replay	Build pinned ARM64 runtime	2026-10-03T19:11:05.6276679Z #8 41.10 Preparing to unpack .../170-libqt5dbus5t64_5.15.13+dfsg-1ubuntu1_arm64.deb ...
replay	Build pinned ARM64 runtime	2026-10-03T19:11:05.6277125Z #8 41.10 Unpacking libqt5dbus5t64:arm64 (5.15.13+dfsg-1ubuntu1) ...
replay	Build pinned ARM64 runtime	2026-10-03T19:11:05.6277538Z #8 41.11 Selecting previously unselected package libqt5network5t64:arm64.
replay	Build pinned ARM64 runtime	2026-10-03T19:11:05.7352051Z #8 41.12 Preparing to unpack .../171-libqt5network5t64_5.15.13+dfsg-1ubuntu1_arm64.deb ...
replay	Build pinned ARM64 runtime	2026-10-03T19:11:05.7353077Z #8 41.12 Unpacking libqt5network5t64:arm64 (5.15.13+dfsg-1ubuntu1) ...
replay	Build pinned ARM64 runtime	2026-10-03T19:11:05.7353949Z #8 41.14 Selecting previously unselected package libsm6:arm64.
replay	Build pinned ARM64 runtime	2026-10-03T19:11:05.7354360Z #8 41.14 Preparing to unpack .../172-libsm6_2%3a1.2.3-1build3_arm64.deb ...
replay	Build pinned ARM64 runtime	2026-10-03T19:11:05.7354730Z #8 41.14 Unpacking libsm6:arm64 (2:1.2.3-1build3) ...
replay	Build pinned ARM64 runtime	2026-10-03T19:11:05.7355093Z #8 41.15 Selecting previously unselected package libxcb-icccm4:arm64.
replay	Build pinned ARM64 runtime	2026-10-03T19:11:05.7355539Z #8 41.16 Preparing to unpack .../173-libxcb-icccm4_0.4.1-1.1build3_arm64.deb ...
replay	Build pinned ARM64 runtime	2026-10-03T19:11:05.7355943Z #8 41.16 Unpacking libxcb-icccm4:arm64 (0.4.1-1.1build3) ...
replay	Build pinned ARM64 runtime	2026-10-03T19:11:05.7356316Z #8 41.17 Selecting previously unselected package libxcb-util1:arm64.
replay	Build pinned ARM64 runtime	2026-10-03T19:11:05.7356739Z #8 41.17 Preparing to unpack .../174-libxcb-util1_0.4.0-1build3_arm64.deb ...
replay	Build pinned ARM64 runtime	2026-10-03T19:11:05.7357138Z #8 41.18 Unpacking libxcb-util1:arm64 (0.4.0-1build3) ...
replay	Build pinned ARM64 runtime	2026-10-03T19:11:05.7357513Z #8 41.19 Selecting previously unselected package libxcb-image0:arm64.
replay	Build pinned ARM64 runtime	2026-10-03T19:11:05.7357947Z #8 41.19 Preparing to unpack .../175-libxcb-image0_0.4.0-2build1_arm64.deb ...
replay	Build pinned ARM64 runtime	2026-10-03T19:11:05.7358857Z #8 41.19 Unpacking libxcb-image0:arm64 (0.4.0-2build1) ...
replay	Build pinned ARM64 runtime	2026-10-03T19:11:05.7359249Z #8 41.21 Selecting previously unselected package libxcb-keysyms1:arm64.
replay	Build pinned ARM64 runtime	2026-10-03T19:11:05.7359693Z #8 41.21 Preparing to unpack .../176-libxcb-keysyms1_0.4.0-1build4_arm64.deb ...
replay	Build pinned ARM64 runtime	2026-10-03T19:11:05.7360094Z #8 41.21 Unpacking libxcb-keysyms1:arm64 (0.4.0-1build4) ...
replay	Build pinned ARM64 runtime	2026-10-03T19:11:05.7360488Z #8 41.22 Selecting previously unselected package libxcb-render-util0:arm64.
replay	Build pinned ARM64 runtime	2026-10-03T19:11:05.8421132Z #8 41.22 Preparing to unpack .../177-libxcb-render-util0_0.3.9-1build4_arm64.deb ...
replay	Build pinned ARM64 runtime	2026-10-03T19:11:05.8421702Z #8 41.23 Unpacking libxcb-render-util0:arm64 (0.3.9-1build4) ...
replay	Build pinned ARM64 runtime	2026-10-03T19:11:05.8422113Z #8 41.24 Selecting previously unselected package libxcb-shape0:arm64.
replay	Build pinned ARM64 runtime	2026-10-03T19:11:05.8422905Z #8 41.24 Preparing to unpack .../178-libxcb-shape0_1.15-1ubuntu2_arm64.deb ...
replay	Build pinned ARM64 runtime	2026-10-03T19:11:05.8423324Z #8 41.24 Unpacking libxcb-shape0:arm64 (1.15-1ubuntu2) ...
replay	Build pinned ARM64 runtime	2026-10-03T19:11:05.8423710Z #8 41.26 Selecting previously unselected package libxcb-xinerama0:arm64.
replay	Build pinned ARM64 runtime	2026-10-03T19:11:05.8424162Z #8 41.26 Preparing to unpack .../179-libxcb-xinerama0_1.15-1ubuntu2_arm64.deb ...
replay	Build pinned ARM64 runtime	2026-10-03T19:11:05.8424575Z #8 41.26 Unpacking libxcb-xinerama0:arm64 (1.15-1ubuntu2) ...
replay	Build pinned ARM64 runtime	2026-10-03T19:11:05.8424961Z #8 41.27 Selecting previously unselected package libxcb-xinput0:arm64.
replay	Build pinned ARM64 runtime	2026-10-03T19:11:05.8425683Z #8 41.28 Preparing to unpack .../180-libxcb-xinput0_1.15-1ubuntu2_arm64.deb ...
replay	Build pinned ARM64 runtime	2026-10-03T19:11:05.8426199Z #8 41.28 Unpacking libxcb-xinput0:arm64 (1.15-1ubuntu2) ...
replay	Build pinned ARM64 runtime	2026-10-03T19:11:05.8426668Z #8 41.29 Selecting previously unselected package libxcb-xkb1:arm64.
replay	Build pinned ARM64 runtime	2026-10-03T19:11:05.8427183Z #8 41.29 Preparing to unpack .../181-libxcb-xkb1_1.15-1ubuntu2_arm64.deb ...
replay	Build pinned ARM64 runtime	2026-10-03T19:11:05.8427665Z #8 41.30 Unpacking libxcb-xkb1:arm64 (1.15-1ubuntu2) ...
replay	Build pinned ARM64 runtime	2026-10-03T19:11:05.8428630Z #8 41.31 Selecting previously unselected package libxkbcommon-x11-0:arm64.
replay	Build pinned ARM64 runtime	2026-10-03T19:11:05.8429133Z #8 41.31 Preparing to unpack .../182-libxkbcommon-x11-0_1.6.0-1build1_arm64.deb ...
replay	Build pinned ARM64 runtime	2026-10-03T19:11:05.8429554Z #8 41.31 Unpacking libxkbcommon-x11-0:arm64 (1.6.0-1build1) ...
replay	Build pinned ARM64 runtime	2026-10-03T19:11:05.8429941Z #8 41.33 Selecting previously unselected package libqt5gui5t64:arm64.
replay	Build pinned ARM64 runtime	2026-10-03T19:11:05.9512020Z #8 41.33 Preparing to unpack .../183-libqt5gui5t64_5.15.13+dfsg-1ubuntu1_arm64.deb ...
replay	Build pinned ARM64 runtime	2026-10-03T19:11:05.9512601Z #8 41.33 Unpacking libqt5gui5t64:arm64 (5.15.13+dfsg-1ubuntu1) ...
replay	Build pinned ARM64 runtime	2026-10-03T19:11:05.9513038Z #8 41.39 Selecting previously unselected package libavahi-common-data:arm64.
replay	Build pinned ARM64 runtime	2026-10-03T19:11:05.9513539Z #8 41.39 Preparing to unpack .../184-libavahi-common-data_0.8-13ubuntu6.2_arm64.deb ...
replay	Build pinned ARM64 runtime	2026-10-03T19:11:05.9513997Z #8 41.39 Unpacking libavahi-common-data:arm64 (0.8-13ubuntu6.2) ...
replay	Build pinned ARM64 runtime	2026-10-03T19:11:05.9514443Z #8 41.41 Selecting previously unselected package libavahi-common3:arm64.
replay	Build pinned ARM64 runtime	2026-10-03T19:11:05.9515335Z #8 41.41 Preparing to unpack .../185-libavahi-common3_0.8-13ubuntu6.2_arm64.deb ...
replay	Build pinned ARM64 runtime	2026-10-03T19:11:05.9515764Z #8 41.41 Unpacking libavahi-common3:arm64 (0.8-13ubuntu6.2) ...
replay	Build pinned ARM64 runtime	2026-10-03T19:11:05.9516171Z #8 41.42 Selecting previously unselected package libavahi-client3:arm64.
replay	Build pinned ARM64 runtime	2026-10-03T19:11:05.9516628Z #8 41.42 Preparing to unpack .../186-libavahi-client3_0.8-13ubuntu6.2_arm64.deb ...
replay	Build pinned ARM64 runtime	2026-10-03T19:11:05.9517052Z #8 41.42 Unpacking libavahi-client3:arm64 (0.8-13ubuntu6.2) ...
replay	Build pinned ARM64 runtime	2026-10-03T19:11:05.9517440Z #8 41.44 Selecting previously unselected package libcups2t64:arm64.
replay	Build pinned ARM64 runtime	2026-10-03T19:11:06.0518728Z #8 41.44 Preparing to unpack .../187-libcups2t64_2.4.7-1.2ubuntu7.14_arm64.deb ...
replay	Build pinned ARM64 runtime	2026-10-03T19:11:06.0519267Z #8 41.44 Unpacking libcups2t64:arm64 (2.4.7-1.2ubuntu7.14) ...
replay	Build pinned ARM64 runtime	2026-10-03T19:11:06.0519694Z #8 41.46 Selecting previously unselected package libqt5widgets5t64:arm64.
replay	Build pinned ARM64 runtime	2026-10-03T19:11:06.0520214Z #8 41.46 Preparing to unpack .../188-libqt5widgets5t64_5.15.13+dfsg-1ubuntu1_arm64.deb ...
replay	Build pinned ARM64 runtime	2026-10-03T19:11:06.0520709Z #8 41.46 Unpacking libqt5widgets5t64:arm64 (5.15.13+dfsg-1ubuntu1) ...
replay	Build pinned ARM64 runtime	2026-10-03T19:11:06.0521157Z #8 41.50 Selecting previously unselected package libqt5printsupport5t64:arm64.
replay	Build pinned ARM64 runtime	2026-10-03T19:11:06.0521691Z #8 41.50 Preparing to unpack .../189-libqt5printsupport5t64_5.15.13+dfsg-1ubuntu1_arm64.deb ...
replay	Build pinned ARM64 runtime	2026-10-03T19:11:06.0522227Z #8 41.50 Unpacking libqt5printsupport5t64:arm64 (5.15.13+dfsg-1ubuntu1) ...
replay	Build pinned ARM64 runtime	2026-10-03T19:11:06.0522652Z #8 41.52 Selecting previously unselected package libqt5svg5:arm64.
replay	Build pinned ARM64 runtime	2026-10-03T19:11:06.0523048Z #8 41.52 Preparing to unpack .../190-libqt5svg5_5.15.13-1_arm64.deb ...
replay	Build pinned ARM64 runtime	2026-10-03T19:11:06.0523397Z #8 41.52 Unpacking libqt5svg5:arm64 (5.15.13-1) ...
replay	Build pinned ARM64 runtime	2026-10-03T19:11:06.0523749Z #8 41.54 Selecting previously unselected package libwebpmux3:arm64.
replay	Build pinned ARM64 runtime	2026-10-03T19:11:06.1521315Z #8 41.54 Preparing to unpack .../191-libwebpmux3_1.3.2-0.4build3_arm64.deb ...
replay	Build pinned ARM64 runtime	2026-10-03T19:11:06.1522241Z #8 41.54 Unpacking libwebpmux3:arm64 (1.3.2-0.4build3) ...
replay	Build pinned ARM64 runtime	2026-10-03T19:11:06.1522641Z #8 41.55 Selecting previously unselected package libpcre2-32-0:arm64.
replay	Build pinned ARM64 runtime	2026-10-03T19:11:06.1523079Z #8 41.56 Preparing to unpack .../192-libpcre2-32-0_10.42-4ubuntu2.1_arm64.deb ...
replay	Build pinned ARM64 runtime	2026-10-03T19:11:06.1523488Z #8 41.56 Unpacking libpcre2-32-0:arm64 (10.42-4ubuntu2.1) ...
replay	Build pinned ARM64 runtime	2026-10-03T19:11:06.1523874Z #8 41.57 Selecting previously unselected package libwxbase3.2-1t64:arm64.
replay	Build pinned ARM64 runtime	2026-10-03T19:11:06.1524329Z #8 41.58 Preparing to unpack .../193-libwxbase3.2-1t64_3.2.4+dfsg-4build1_arm64.deb ...
replay	Build pinned ARM64 runtime	2026-10-03T19:11:06.1524769Z #8 41.58 Unpacking libwxbase3.2-1t64:arm64 (3.2.4+dfsg-4build1) ...
replay	Build pinned ARM64 runtime	2026-10-03T19:11:06.1525167Z #8 41.60 Selecting previously unselected package libatk1.0-0t64:arm64.
replay	Build pinned ARM64 runtime	2026-10-03T19:11:06.1525597Z #8 41.60 Preparing to unpack .../194-libatk1.0-0t64_2.52.0-1build1_arm64.deb ...
replay	Build pinned ARM64 runtime	2026-10-03T19:11:06.1525989Z #8 41.60 Unpacking libatk1.0-0t64:arm64 (2.52.0-1build1) ...
replay	Build pinned ARM64 runtime	2026-10-03T19:11:06.1526345Z #8 41.62 Selecting previously unselected package libxi6:arm64.
replay	Build pinned ARM64 runtime	2026-10-03T19:11:06.1526733Z #8 41.62 Preparing to unpack .../195-libxi6_2%3a1.8.1-1build1_arm64.deb ...
replay	Build pinned ARM64 runtime	2026-10-03T19:11:06.1527102Z #8 41.62 Unpacking libxi6:arm64 (2:1.8.1-1build1) ...
replay	Build pinned ARM64 runtime	2026-10-03T19:11:06.1527461Z #8 41.63 Selecting previously unselected package libatspi2.0-0t64:arm64.
replay	Build pinned ARM64 runtime	2026-10-03T19:11:06.1527904Z #8 41.64 Preparing to unpack .../196-libatspi2.0-0t64_2.52.0-1build1_arm64.deb ...
replay	Build pinned ARM64 runtime	2026-10-03T19:11:06.2644903Z #8 41.64 Unpacking libatspi2.0-0t64:arm64 (2.52.0-1build1) ...
replay	Build pinned ARM64 runtime	2026-10-03T19:11:06.2645450Z #8 41.65 Selecting previously unselected package libatk-bridge2.0-0t64:arm64.
replay	Build pinned ARM64 runtime	2026-10-03T19:11:06.2645965Z #8 41.66 Preparing to unpack .../197-libatk-bridge2.0-0t64_2.52.0-1build1_arm64.deb ...
replay	Build pinned ARM64 runtime	2026-10-03T19:11:06.2646413Z #8 41.66 Unpacking libatk-bridge2.0-0t64:arm64 (2.52.0-1build1) ...
replay	Build pinned ARM64 runtime	2026-10-03T19:11:06.2646837Z #8 41.67 Selecting previously unselected package libcairo-gobject2:arm64.
replay	Build pinned ARM64 runtime	2026-10-03T19:11:06.2647331Z #8 41.67 Preparing to unpack .../198-libcairo-gobject2_1.18.0-3build1_arm64.deb ...
replay	Build pinned ARM64 runtime	2026-10-03T19:11:06.2647757Z #8 41.67 Unpacking libcairo-gobject2:arm64 (1.18.0-3build1) ...
replay	Build pinned ARM64 runtime	2026-10-03T19:11:06.2648842Z #8 41.69 Selecting previously unselected package liblcms2-2:arm64.
replay	Build pinned ARM64 runtime	2026-10-03T19:11:06.2649268Z #8 41.69 Preparing to unpack .../199-liblcms2-2_2.14-2ubuntu0.1_arm64.deb ...
replay	Build pinned ARM64 runtime	2026-10-03T19:11:06.2649652Z #8 41.69 Unpacking liblcms2-2:arm64 (2.14-2ubuntu0.1) ...
replay	Build pinned ARM64 runtime	2026-10-03T19:11:06.2650013Z #8 41.71 Selecting previously unselected package libcolord2:arm64.
replay	Build pinned ARM64 runtime	2026-10-03T19:11:06.2650424Z #8 41.71 Preparing to unpack .../200-libcolord2_1.4.7-1build2_arm64.deb ...
replay	Build pinned ARM64 runtime	2026-10-03T19:11:06.2650795Z #8 41.71 Unpacking libcolord2:arm64 (1.4.7-1build2) ...
replay	Build pinned ARM64 runtime	2026-10-03T19:11:06.2651146Z #8 41.73 Selecting previously unselected package libepoxy0:arm64.
replay	Build pinned ARM64 runtime	2026-10-03T19:11:06.2651553Z #8 41.73 Preparing to unpack .../201-libepoxy0_1.5.10-1build1_arm64.deb ...
replay	Build pinned ARM64 runtime	2026-10-03T19:11:06.2651934Z #8 41.73 Unpacking libepoxy0:arm64 (1.5.10-1build1) ...
replay	Build pinned ARM64 runtime	2026-10-03T19:11:06.2652314Z #8 41.75 Selecting previously unselected package libwayland-cursor0:arm64.
replay	Build pinned ARM64 runtime	2026-10-03T19:11:06.3680080Z #8 41.75 Preparing to unpack .../202-libwayland-cursor0_1.22.0-2.1build1_arm64.deb ...
replay	Build pinned ARM64 runtime	2026-10-03T19:11:06.3687397Z #8 41.75 Unpacking libwayland-cursor0:arm64 (1.22.0-2.1build1) ...
replay	Build pinned ARM64 runtime	2026-10-03T19:11:06.3688288Z #8 41.77 Selecting previously unselected package libwayland-egl1:arm64.
replay	Build pinned ARM64 runtime	2026-10-03T19:11:06.3688821Z #8 41.77 Preparing to unpack .../203-libwayland-egl1_1.22.0-2.1build1_arm64.deb ...
replay	Build pinned ARM64 runtime	2026-10-03T19:11:06.3689254Z #8 41.77 Unpacking libwayland-egl1:arm64 (1.22.0-2.1build1) ...
replay	Build pinned ARM64 runtime	2026-10-03T19:11:06.3689653Z #8 41.79 Selecting previously unselected package libxcomposite1:arm64.
replay	Build pinned ARM64 runtime	2026-10-03T19:11:06.3690108Z #8 41.79 Preparing to unpack .../204-libxcomposite1_1%3a0.4.5-1build3_arm64.deb ...
replay	Build pinned ARM64 runtime	2026-10-03T19:11:06.3690528Z #8 41.79 Unpacking libxcomposite1:arm64 (1:0.4.5-1build3) ...
replay	Build pinned ARM64 runtime	2026-10-03T19:11:06.3690902Z #8 41.80 Selecting previously unselected package libxfixes3:arm64.
replay	Build pinned ARM64 runtime	2026-10-03T19:11:06.3691681Z #8 41.81 Preparing to unpack .../205-libxfixes3_1%3a6.0.0-2build1_arm64.deb ...
replay	Build pinned ARM64 runtime	2026-10-03T19:11:06.3692088Z #8 41.81 Unpacking libxfixes3:arm64 (1:6.0.0-2build1) ...
replay	Build pinned ARM64 runtime	2026-10-03T19:11:06.3692450Z #8 41.82 Selecting previously unselected package libxcursor1:arm64.
replay	Build pinned ARM64 runtime	2026-10-03T19:11:06.3692878Z #8 41.82 Preparing to unpack .../206-libxcursor1_1%3a1.2.1-1build1_arm64.deb ...
replay	Build pinned ARM64 runtime	2026-10-03T19:11:06.3693273Z #8 41.82 Unpacking libxcursor1:arm64 (1:1.2.1-1build1) ...
replay	Build pinned ARM64 runtime	2026-10-03T19:11:06.3693636Z #8 41.84 Selecting previously unselected package libxdamage1:arm64.
replay	Build pinned ARM64 runtime	2026-10-03T19:11:06.3694061Z #8 41.84 Preparing to unpack .../207-libxdamage1_1%3a1.1.6-1build1_arm64.deb ...
replay	Build pinned ARM64 runtime	2026-10-03T19:11:06.3694453Z #8 41.84 Unpacking libxdamage1:arm64 (1:1.1.6-1build1) ...
replay	Build pinned ARM64 runtime	2026-10-03T19:11:06.3694826Z #8 41.85 Selecting previously unselected package libxinerama1:arm64.
replay	Build pinned ARM64 runtime	2026-10-03T19:11:06.4984125Z #8 41.86 Preparing to unpack .../208-libxinerama1_2%3a1.1.4-3build1_arm64.deb ...
replay	Build pinned ARM64 runtime	2026-10-03T19:11:06.4984696Z #8 41.86 Unpacking libxinerama1:arm64 (2:1.1.4-3build1) ...
replay	Build pinned ARM64 runtime	2026-10-03T19:11:06.4985074Z #8 41.87 Selecting previously unselected package libxrandr2:arm64.
replay	Build pinned ARM64 runtime	2026-10-03T19:11:06.4985513Z #8 41.87 Preparing to unpack .../209-libxrandr2_2%3a1.5.2-2build1_arm64.deb ...
replay	Build pinned ARM64 runtime	2026-10-03T19:11:06.4985905Z #8 41.88 Unpacking libxrandr2:arm64 (2:1.5.2-2build1) ...
replay	Build pinned ARM64 runtime	2026-10-03T19:11:06.4986412Z #8 41.89 Selecting previously unselected package libgtk-3-common.
replay	Build pinned ARM64 runtime	2026-10-03T19:11:06.4987022Z #8 41.89 Preparing to unpack .../210-libgtk-3-common_3.24.41-4ubuntu1.3_all.deb ...
replay	Build pinned ARM64 runtime	2026-10-03T19:11:06.4987435Z #8 41.89 Unpacking libgtk-3-common (3.24.41-4ubuntu1.3) ...
replay	Build pinned ARM64 runtime	2026-10-03T19:11:06.4987812Z #8 41.92 Selecting previously unselected package libgtk-3-0t64:arm64.
replay	Build pinned ARM64 runtime	2026-10-03T19:11:06.4988724Z #8 41.93 Preparing to unpack .../211-libgtk-3-0t64_3.24.41-4ubuntu1.3_arm64.deb ...
replay	Build pinned ARM64 runtime	2026-10-03T19:11:06.4989157Z #8 41.94 Unpacking libgtk-3-0t64:arm64 (3.24.41-4ubuntu1.3) ...
replay	Build pinned ARM64 runtime	2026-10-03T19:11:06.4989543Z #8 41.98 Selecting previously unselected package libnotify4:arm64.
replay	Build pinned ARM64 runtime	2026-10-03T19:11:06.6062625Z #8 41.99 Preparing to unpack .../212-libnotify4_0.8.3-1build2_arm64.deb ...
replay	Build pinned ARM64 runtime	2026-10-03T19:11:06.6063955Z #8 41.99 Unpacking libnotify4:arm64 (0.8.3-1build2) ...
replay	Build pinned ARM64 runtime	2026-10-03T19:11:06.6064381Z #8 42.00 Selecting previously unselected package libxtst6:arm64.
replay	Build pinned ARM64 runtime	2026-10-03T19:11:06.6064818Z #8 42.00 Preparing to unpack .../213-libxtst6_2%3a1.2.3-1.1build1_arm64.deb ...
replay	Build pinned ARM64 runtime	2026-10-03T19:11:06.6065216Z #8 42.01 Unpacking libxtst6:arm64 (2:1.2.3-1.1build1) ...
replay	Build pinned ARM64 runtime	2026-10-03T19:11:06.6065599Z #8 42.02 Selecting previously unselected package libwxgtk3.2-1t64:arm64.
replay	Build pinned ARM64 runtime	2026-10-03T19:11:06.6066059Z #8 42.02 Preparing to unpack .../214-libwxgtk3.2-1t64_3.2.4+dfsg-4build1_arm64.deb ...
replay	Build pinned ARM64 runtime	2026-10-03T19:11:06.6066504Z #8 42.02 Unpacking libwxgtk3.2-1t64:arm64 (3.2.4+dfsg-4build1) ...
replay	Build pinned ARM64 runtime	2026-10-03T19:11:06.6066874Z #8 42.09 Selecting previously unselected package gnuplot-qt.
replay	Build pinned ARM64 runtime	2026-10-03T19:11:06.7086415Z #8 42.09 Preparing to unpack .../215-gnuplot-qt_6.0.0+dfsg1-1ubuntu3_arm64.deb ...
replay	Build pinned ARM64 runtime	2026-10-03T19:11:06.7086984Z #8 42.10 Unpacking gnuplot-qt (6.0.0+dfsg1-1ubuntu3) ...
replay	Build pinned ARM64 runtime	2026-10-03T19:11:06.7087348Z #8 42.12 Selecting previously unselected package gnuplot.
replay	Build pinned ARM64 runtime	2026-10-03T19:11:06.7087735Z #8 42.12 Preparing to unpack .../216-gnuplot_6.0.0+dfsg1-1ubuntu3_all.deb ...
replay	Build pinned ARM64 runtime	2026-10-03T19:11:06.7088251Z #8 42.13 Unpacking gnuplot (6.0.0+dfsg1-1ubuntu3) ...
replay	Build pinned ARM64 runtime	2026-10-03T19:11:06.7088641Z #8 42.14 Selecting previously unselected package libevent-2.1-7t64:arm64.
replay	Build pinned ARM64 runtime	2026-10-03T19:11:06.7089128Z #8 42.14 Preparing to unpack .../217-libevent-2.1-7t64_2.1.12-stable-9ubuntu2.2_arm64.deb ...
replay	Build pinned ARM64 runtime	2026-10-03T19:11:06.7089624Z #8 42.14 Unpacking libevent-2.1-7t64:arm64 (2.1.12-stable-9ubuntu2.2) ...
replay	Build pinned ARM64 runtime	2026-10-03T19:11:06.7090072Z #8 42.16 Selecting previously unselected package libevent-core-2.1-7t64:arm64.
replay	Build pinned ARM64 runtime	2026-10-03T19:11:06.7090727Z #8 42.16 Preparing to unpack .../218-libevent-core-2.1-7t64_2.1.12-stable-9ubuntu2.2_arm64.deb ...
replay	Build pinned ARM64 runtime	2026-10-03T19:11:06.7091247Z #8 42.16 Unpacking libevent-core-2.1-7t64:arm64 (2.1.12-stable-9ubuntu2.2) ...
replay	Build pinned ARM64 runtime	2026-10-03T19:11:06.7092048Z #8 42.17 Selecting previously unselected package libevent-extra-2.1-7t64:arm64.
replay	Build pinned ARM64 runtime	2026-10-03T19:11:06.7092588Z #8 42.18 Preparing to unpack .../219-libevent-extra-2.1-7t64_2.1.12-stable-9ubuntu2.2_arm64.deb ...
replay	Build pinned ARM64 runtime	2026-10-03T19:11:06.7093114Z #8 42.18 Unpacking libevent-extra-2.1-7t64:arm64 (2.1.12-stable-9ubuntu2.2) ...
replay	Build pinned ARM64 runtime	2026-10-03T19:11:06.7093600Z #8 42.19 Selecting previously unselected package libevent-pthreads-2.1-7t64:arm64.
replay	Build pinned ARM64 runtime	2026-10-03T19:11:06.7094155Z #8 42.19 Preparing to unpack .../220-libevent-pthreads-2.1-7t64_2.1.12-stable-9ubuntu2.2_arm64.deb ...
replay	Build pinned ARM64 runtime	2026-10-03T19:11:06.8115895Z #8 42.20 Unpacking libevent-pthreads-2.1-7t64:arm64 (2.1.12-stable-9ubuntu2.2) ...
replay	Build pinned ARM64 runtime	2026-10-03T19:11:06.8116547Z #8 42.21 Selecting previously unselected package libevent-openssl-2.1-7t64:arm64.
replay	Build pinned ARM64 runtime	2026-10-03T19:11:06.8117113Z #8 42.21 Preparing to unpack .../221-libevent-openssl-2.1-7t64_2.1.12-stable-9ubuntu2.2_arm64.deb ...
replay	Build pinned ARM64 runtime	2026-10-03T19:11:06.8117686Z #8 42.21 Unpacking libevent-openssl-2.1-7t64:arm64 (2.1.12-stable-9ubuntu2.2) ...
replay	Build pinned ARM64 runtime	2026-10-03T19:11:06.8118303Z #8 42.23 Selecting previously unselected package libevent-dev.
replay	Build pinned ARM64 runtime	2026-10-03T19:11:06.8118809Z #8 42.23 Preparing to unpack .../222-libevent-dev_2.1.12-stable-9ubuntu2.2_arm64.deb ...
replay	Build pinned ARM64 runtime	2026-10-03T19:11:06.8119251Z #8 42.23 Unpacking libevent-dev (2.1.12-stable-9ubuntu2.2) ...
replay	Build pinned ARM64 runtime	2026-10-03T19:11:06.8119635Z #8 42.25 Selecting previously unselected package librdmacm1t64:arm64.
replay	Build pinned ARM64 runtime	2026-10-03T19:11:06.8120069Z #8 42.26 Preparing to unpack .../223-librdmacm1t64_50.0-2ubuntu0.2_arm64.deb ...
replay	Build pinned ARM64 runtime	2026-10-03T19:11:06.8120463Z #8 42.26 Unpacking librdmacm1t64:arm64 (50.0-2ubuntu0.2) ...
replay	Build pinned ARM64 runtime	2026-10-03T19:11:06.8120828Z #8 42.27 Selecting previously unselected package libfabric1:arm64.
replay	Build pinned ARM64 runtime	2026-10-03T19:11:06.8121234Z #8 42.27 Preparing to unpack .../224-libfabric1_1.17.0-3build2_arm64.deb ...
replay	Build pinned ARM64 runtime	2026-10-03T19:11:06.8121610Z #8 42.28 Unpacking libfabric1:arm64 (1.17.0-3build2) ...
replay	Build pinned ARM64 runtime	2026-10-03T19:11:06.8121962Z #8 42.29 Selecting previously unselected package libhwloc15:arm64.
replay	Build pinned ARM64 runtime	2026-10-03T19:11:06.8122772Z #8 42.30 Preparing to unpack .../225-libhwloc15_2.10.0-1build1_arm64.deb ...
replay	Build pinned ARM64 runtime	2026-10-03T19:11:06.9202730Z #8 42.30 Unpacking libhwloc15:arm64 (2.10.0-1build1) ...
replay	Build pinned ARM64 runtime	2026-10-03T19:11:06.9203466Z #8 42.31 Selecting previously unselected package xorg-sgml-doctools.
replay	Build pinned ARM64 runtime	2026-10-03T19:11:06.9204025Z #8 42.32 Preparing to unpack .../226-xorg-sgml-doctools_1%3a1.11-1.1_all.deb ...
replay	Build pinned ARM64 runtime	2026-10-03T19:11:06.9204540Z #8 42.32 Unpacking xorg-sgml-doctools (1:1.11-1.1) ...
replay	Build pinned ARM64 runtime	2026-10-03T19:11:06.9204978Z #8 42.33 Selecting previously unselected package x11proto-dev.
replay	Build pinned ARM64 runtime	2026-10-03T19:11:06.9205456Z #8 42.33 Preparing to unpack .../227-x11proto-dev_2023.2-1_all.deb ...
replay	Build pinned ARM64 runtime	2026-10-03T19:11:06.9205890Z #8 42.34 Unpacking x11proto-dev (2023.2-1) ...
replay	Build pinned ARM64 runtime	2026-10-03T19:11:06.9206334Z #8 42.36 Selecting previously unselected package libice-dev:arm64.
replay	Build pinned ARM64 runtime	2026-10-03T19:11:06.9206848Z #8 42.37 Preparing to unpack .../228-libice-dev_2%3a1.0.10-1build3_arm64.deb ...
replay	Build pinned ARM64 runtime	2026-10-03T19:11:06.9207355Z #8 42.37 Unpacking libice-dev:arm64 (2:1.0.10-1build3) ...
replay	Build pinned ARM64 runtime	2026-10-03T19:11:06.9207790Z #8 42.38 Selecting previously unselected package libjs-jquery.
replay	Build pinned ARM64 runtime	2026-10-03T19:11:06.9208481Z #8 42.39 Preparing to unpack .../229-libjs-jquery_3.6.1+dfsg+~3.5.14-1_all.deb ...
replay	Build pinned ARM64 runtime	2026-10-03T19:11:06.9208908Z #8 42.39 Unpacking libjs-jquery (3.6.1+dfsg+~3.5.14-1) ...
replay	Build pinned ARM64 runtime	2026-10-03T19:11:06.9209270Z #8 42.41 Selecting previously unselected package libjs-jquery-ui.
replay	Build pinned ARM64 runtime	2026-10-03T19:11:07.0321245Z #8 42.41 Preparing to unpack .../230-libjs-jquery-ui_1.13.2+dfsg-1_all.deb ...
replay	Build pinned ARM64 runtime	2026-10-03T19:11:07.0321761Z #8 42.41 Unpacking libjs-jquery-ui (1.13.2+dfsg-1) ...
replay	Build pinned ARM64 runtime	2026-10-03T19:11:07.0322128Z #8 42.45 Selecting previously unselected package libltdl7:arm64.
replay	Build pinned ARM64 runtime	2026-10-03T19:11:07.0322525Z #8 42.45 Preparing to unpack .../231-libltdl7_2.4.7-7build1_arm64.deb ...
replay	Build pinned ARM64 runtime	2026-10-03T19:11:07.0322897Z #8 42.45 Unpacking libltdl7:arm64 (2.4.7-7build1) ...
replay	Build pinned ARM64 runtime	2026-10-03T19:11:07.0323525Z #8 42.47 Selecting previously unselected package libltdl-dev:arm64.
replay	Build pinned ARM64 runtime	2026-10-03T19:11:07.0324359Z #8 42.47 Preparing to unpack .../232-libltdl-dev_2.4.7-7build1_arm64.deb ...
replay	Build pinned ARM64 runtime	2026-10-03T19:11:07.0324745Z #8 42.47 Unpacking libltdl-dev:arm64 (2.4.7-7build1) ...
replay	Build pinned ARM64 runtime	2026-10-03T19:11:07.0325138Z #8 42.49 Selecting previously unselected package libncurses-dev:arm64.
replay	Build pinned ARM64 runtime	2026-10-03T19:11:07.0325602Z #8 42.49 Preparing to unpack .../233-libncurses-dev_6.4+20240113-1ubuntu2.2_arm64.deb ...
replay	Build pinned ARM64 runtime	2026-10-03T19:11:07.0326059Z #8 42.49 Unpacking libncurses-dev:arm64 (6.4+20240113-1ubuntu2.2) ...
replay	Build pinned ARM64 runtime	2026-10-03T19:11:07.0326465Z #8 42.52 Selecting previously unselected package libnl-3-dev:arm64.
replay	Build pinned ARM64 runtime	2026-10-03T19:11:07.1347331Z #8 42.52 Preparing to unpack .../234-libnl-3-dev_3.7.0-0.3build1.1_arm64.deb ...
replay	Build pinned ARM64 runtime	2026-10-03T19:11:07.1347995Z #8 42.52 Unpacking libnl-3-dev:arm64 (3.7.0-0.3build1.1) ...
replay	Build pinned ARM64 runtime	2026-10-03T19:11:07.1348506Z #8 42.55 Selecting previously unselected package libnl-route-3-dev:arm64.
replay	Build pinned ARM64 runtime	2026-10-03T19:11:07.1348983Z #8 42.55 Preparing to unpack .../235-libnl-route-3-dev_3.7.0-0.3build1.1_arm64.deb ...
replay	Build pinned ARM64 runtime	2026-10-03T19:11:07.1349459Z #8 42.55 Unpacking libnl-route-3-dev:arm64 (3.7.0-0.3build1.1) ...
replay	Build pinned ARM64 runtime	2026-10-03T19:11:07.1350029Z #8 42.57 Selecting previously unselected package libmunge2:arm64.
replay	Build pinned ARM64 runtime	2026-10-03T19:11:07.1350480Z #8 42.57 Preparing to unpack .../236-libmunge2_0.5.15-4ubuntu0.1_arm64.deb ...
replay	Build pinned ARM64 runtime	2026-10-03T19:11:07.1350872Z #8 42.57 Unpacking libmunge2:arm64 (0.5.15-4ubuntu0.1) ...
replay	Build pinned ARM64 runtime	2026-10-03T19:11:07.1351244Z #8 42.59 Selecting previously unselected package libpciaccess0:arm64.
replay	Build pinned ARM64 runtime	2026-10-03T19:11:07.1351699Z #8 42.59 Preparing to unpack .../237-libpciaccess0_0.17-3ubuntu0.24.04.3_arm64.deb ...
replay	Build pinned ARM64 runtime	2026-10-03T19:11:07.1352139Z #8 42.59 Unpacking libpciaccess0:arm64 (0.17-3ubuntu0.24.04.3) ...
replay	Build pinned ARM64 runtime	2026-10-03T19:11:07.1352534Z #8 42.60 Selecting previously unselected package libxnvctrl0:arm64.
replay	Build pinned ARM64 runtime	2026-10-03T19:11:07.1352980Z #8 42.61 Preparing to unpack .../238-libxnvctrl0_510.47.03-0ubuntu4.24.04.1_arm64.deb ...
replay	Build pinned ARM64 runtime	2026-10-03T19:11:07.1353430Z #8 42.61 Unpacking libxnvctrl0:arm64 (510.47.03-0ubuntu4.24.04.1) ...
replay	Build pinned ARM64 runtime	2026-10-03T19:11:07.1353868Z #8 42.62 Selecting previously unselected package ocl-icd-libopencl1:arm64.
replay	Build pinned ARM64 runtime	2026-10-03T19:11:07.2945705Z #8 42.62 Preparing to unpack .../239-ocl-icd-libopencl1_2.3.2-1build1_arm64.deb ...
replay	Build pinned ARM64 runtime	2026-10-03T19:11:07.2946677Z #8 42.62 Unpacking ocl-icd-libopencl1:arm64 (2.3.2-1build1) ...
replay	Build pinned ARM64 runtime	2026-10-03T19:11:07.2947107Z #8 42.64 Selecting previously unselected package libhwloc-plugins:arm64.
replay	Build pinned ARM64 runtime	2026-10-03T19:11:07.2947569Z #8 42.64 Preparing to unpack .../240-libhwloc-plugins_2.10.0-1build1_arm64.deb ...
replay	Build pinned ARM64 runtime	2026-10-03T19:11:07.2947992Z #8 42.64 Unpacking libhwloc-plugins:arm64 (2.10.0-1build1) ...
replay	Build pinned ARM64 runtime	2026-10-03T19:11:07.2948619Z #8 42.66 Selecting previously unselected package libpmix2t64:arm64.
replay	Build pinned ARM64 runtime	2026-10-03T19:11:07.2949089Z #8 42.66 Preparing to unpack .../241-libpmix2t64_5.0.1-4.1build1_arm64.deb ...
replay	Build pinned ARM64 runtime	2026-10-03T19:11:07.2949483Z #8 42.66 Unpacking libpmix2t64:arm64 (5.0.1-4.1build1) ...
replay	Build pinned ARM64 runtime	2026-10-03T19:11:07.2949834Z #8 42.68 Selecting previously unselected package libucx0:arm64.
replay	Build pinned ARM64 runtime	2026-10-03T19:11:07.2950254Z #8 42.69 Preparing to unpack .../242-libucx0_1.16.0+ds-5ubuntu1_arm64.deb ...
replay	Build pinned ARM64 runtime	2026-10-03T19:11:07.2950645Z #8 42.69 Unpacking libucx0:arm64 (1.16.0+ds-5ubuntu1) ...
replay	Build pinned ARM64 runtime	2026-10-03T19:11:07.2951029Z #8 42.71 Selecting previously unselected package libopenmpi3t64:arm64.
replay	Build pinned ARM64 runtime	2026-10-03T19:11:07.2951467Z #8 42.72 Preparing to unpack .../243-libopenmpi3t64_4.1.6-7ubuntu2_arm64.deb ...
replay	Build pinned ARM64 runtime	2026-10-03T19:11:07.2951869Z #8 42.72 Unpacking libopenmpi3t64:arm64 (4.1.6-7ubuntu2) ...
replay	Build pinned ARM64 runtime	2026-10-03T19:11:07.2952246Z #8 42.78 Selecting previously unselected package libnuma-dev:arm64.
replay	Build pinned ARM64 runtime	2026-10-03T19:11:07.4086716Z #8 42.78 Preparing to unpack .../244-libnuma-dev_2.0.18-1ubuntu0.24.04.1_arm64.deb ...
replay	Build pinned ARM64 runtime	2026-10-03T19:11:07.4087271Z #8 42.78 Unpacking libnuma-dev:arm64 (2.0.18-1ubuntu0.24.04.1) ...
replay	Build pinned ARM64 runtime	2026-10-03T19:11:07.4087677Z #8 42.80 Selecting previously unselected package libhwloc-dev:arm64.
replay	Build pinned ARM64 runtime	2026-10-03T19:11:07.4089345Z #8 42.80 Preparing to unpack .../245-libhwloc-dev_2.10.0-1build1_arm64.deb ...
replay	Build pinned ARM64 runtime	2026-10-03T19:11:07.4090111Z #8 42.80 Unpacking libhwloc-dev:arm64 (2.10.0-1build1) ...
replay	Build pinned ARM64 runtime	2026-10-03T19:11:07.4090919Z #8 42.82 Selecting previously unselected package zlib1g-dev:arm64.
replay	Build pinned ARM64 runtime	2026-10-03T19:11:07.4091394Z #8 42.82 Preparing to unpack .../246-zlib1g-dev_1%3a1.3.dfsg-3.1ubuntu2.2_arm64.deb ...
replay	Build pinned ARM64 runtime	2026-10-03T19:11:07.4091840Z #8 42.82 Unpacking zlib1g-dev:arm64 (1:1.3.dfsg-3.1ubuntu2.2) ...
replay	Build pinned ARM64 runtime	2026-10-03T19:11:07.4092234Z #8 42.84 Selecting previously unselected package libpmix-dev:arm64.
replay	Build pinned ARM64 runtime	2026-10-03T19:11:07.4092657Z #8 42.84 Preparing to unpack .../247-libpmix-dev_5.0.1-4.1build1_arm64.deb ...
replay	Build pinned ARM64 runtime	2026-10-03T19:11:07.4093046Z #8 42.84 Unpacking libpmix-dev:arm64 (5.0.1-4.1build1) ...
replay	Build pinned ARM64 runtime	2026-10-03T19:11:07.4093446Z #8 42.89 Selecting previously unselected package libpthread-stubs0-dev:arm64.
replay	Build pinned ARM64 runtime	2026-10-03T19:11:07.5117002Z #8 42.90 Preparing to unpack .../248-libpthread-stubs0-dev_0.4-1build3_arm64.deb ...
replay	Build pinned ARM64 runtime	2026-10-03T19:11:07.5117581Z #8 42.90 Unpacking libpthread-stubs0-dev:arm64 (0.4-1build3) ...
replay	Build pinned ARM64 runtime	2026-10-03T19:11:07.5117988Z #8 42.91 Selecting previously unselected package libreadline-dev:arm64.
replay	Build pinned ARM64 runtime	2026-10-03T19:11:07.5118605Z #8 42.91 Preparing to unpack .../249-libreadline-dev_8.2-4build1_arm64.deb ...
replay	Build pinned ARM64 runtime	2026-10-03T19:11:07.5119033Z #8 42.92 Unpacking libreadline-dev:arm64 (8.2-4build1) ...
replay	Build pinned ARM64 runtime	2026-10-03T19:11:07.5119398Z #8 42.93 Selecting previously unselected package libsm-dev:arm64.
replay	Build pinned ARM64 runtime	2026-10-03T19:11:07.5119812Z #8 42.93 Preparing to unpack .../250-libsm-dev_2%3a1.2.3-1build3_arm64.deb ...
replay	Build pinned ARM64 runtime	2026-10-03T19:11:07.5120195Z #8 42.94 Unpacking libsm-dev:arm64 (2:1.2.3-1build3) ...
replay	Build pinned ARM64 runtime	2026-10-03T19:11:07.5120552Z #8 42.96 Selecting previously unselected package libxau-dev:arm64.
replay	Build pinned ARM64 runtime	2026-10-03T19:11:07.5120968Z #8 42.97 Preparing to unpack .../251-libxau-dev_1%3a1.0.9-1build6_arm64.deb ...
replay	Build pinned ARM64 runtime	2026-10-03T19:11:07.5121358Z #8 42.97 Unpacking libxau-dev:arm64 (1:1.0.9-1build6) ...
replay	Build pinned ARM64 runtime	2026-10-03T19:11:07.5121721Z #8 42.98 Selecting previously unselected package libxdmcp-dev:arm64.
replay	Build pinned ARM64 runtime	2026-10-03T19:11:07.5122159Z #8 42.98 Preparing to unpack .../252-libxdmcp-dev_1%3a1.1.3-0ubuntu6_arm64.deb ...
replay	Build pinned ARM64 runtime	2026-10-03T19:11:07.5122578Z #8 42.98 Unpacking libxdmcp-dev:arm64 (1:1.1.3-0ubuntu6) ...
replay	Build pinned ARM64 runtime	2026-10-03T19:11:07.5122927Z #8 43.00 Selecting previously unselected package xtrans-dev.
replay	Build pinned ARM64 runtime	2026-10-03T19:11:07.6274735Z #8 43.00 Preparing to unpack .../253-xtrans-dev_1.4.0-1_all.deb ...
replay	Build pinned ARM64 runtime	2026-10-03T19:11:07.6275186Z #8 43.00 Unpacking xtrans-dev (1.4.0-1) ...
replay	Build pinned ARM64 runtime	2026-10-03T19:11:07.6275537Z #8 43.02 Selecting previously unselected package libxcb1-dev:arm64.
replay	Build pinned ARM64 runtime	2026-10-03T19:11:07.6275965Z #8 43.02 Preparing to unpack .../254-libxcb1-dev_1.15-1ubuntu2_arm64.deb ...
replay	Build pinned ARM64 runtime	2026-10-03T19:11:07.6276354Z #8 43.02 Unpacking libxcb1-dev:arm64 (1.15-1ubuntu2) ...
replay	Build pinned ARM64 runtime	2026-10-03T19:11:07.6276716Z #8 43.04 Selecting previously unselected package libx11-dev:arm64.
replay	Build pinned ARM64 runtime	2026-10-03T19:11:07.6277142Z #8 43.04 Preparing to unpack .../255-libx11-dev_2%3a1.8.7-1build1_arm64.deb ...
replay	Build pinned ARM64 runtime	2026-10-03T19:11:07.6277534Z #8 43.04 Unpacking libx11-dev:arm64 (2:1.8.7-1build1) ...
replay	Build pinned ARM64 runtime	2026-10-03T19:11:07.6277893Z #8 43.07 Selecting previously unselected package libxt6t64:arm64.
replay	Build pinned ARM64 runtime	2026-10-03T19:11:07.6278569Z #8 43.07 Preparing to unpack .../256-libxt6t64_1%3a1.2.1-1.2build1_arm64.deb ...
replay	Build pinned ARM64 runtime	2026-10-03T19:11:07.6278981Z #8 43.07 Unpacking libxt6t64:arm64 (1:1.2.1-1.2build1) ...
replay	Build pinned ARM64 runtime	2026-10-03T19:11:07.6279361Z #8 43.09 Selecting previously unselected package libxt-dev:arm64.
replay	Build pinned ARM64 runtime	2026-10-03T19:11:07.6279782Z #8 43.09 Preparing to unpack .../257-libxt-dev_1%3a1.2.1-1.2build1_arm64.deb ...
replay	Build pinned ARM64 runtime	2026-10-03T19:11:07.6280180Z #8 43.09 Unpacking libxt-dev:arm64 (1:1.2.1-1.2build1) ...
replay	Build pinned ARM64 runtime	2026-10-03T19:11:07.6280508Z #8 43.11 Selecting previously unselected package make.
replay	Build pinned ARM64 runtime	2026-10-03T19:11:07.8012623Z #8 43.12 Preparing to unpack .../258-make_4.3-4.1build2_arm64.deb ...
replay	Build pinned ARM64 runtime	2026-10-03T19:11:07.8013058Z #8 43.12 Unpacking make (4.3-4.1build2) ...
replay	Build pinned ARM64 runtime	2026-10-03T19:11:07.8013382Z #8 43.13 Selecting previously unselected package binutils-dev.
replay	Build pinned ARM64 runtime	2026-10-03T19:11:07.8013805Z #8 43.14 Preparing to unpack .../259-binutils-dev_2.42-4ubuntu2.10_arm64.deb ...
replay	Build pinned ARM64 runtime	2026-10-03T19:11:07.8014198Z #8 43.14 Unpacking binutils-dev (2.42-4ubuntu2.10) ...
replay	Build pinned ARM64 runtime	2026-10-03T19:11:07.8712338Z #8 43.36 Selecting previously unselected package openmpi-common.
replay	Build pinned ARM64 runtime	2026-10-03T19:11:08.1053568Z #8 43.36 Preparing to unpack .../260-openmpi-common_4.1.6-7ubuntu2_all.deb ...
replay	Build pinned ARM64 runtime	2026-10-03T19:11:08.1054902Z #8 43.36 Unpacking openmpi-common (4.1.6-7ubuntu2) ...
replay	Build pinned ARM64 runtime	2026-10-03T19:11:08.1055341Z #8 43.38 Selecting previously unselected package libibverbs-dev:arm64.
replay	Build pinned ARM64 runtime	2026-10-03T19:11:08.1055806Z #8 43.38 Preparing to unpack .../261-libibverbs-dev_50.0-2ubuntu0.2_arm64.deb ...
replay	Build pinned ARM64 runtime	2026-10-03T19:11:08.1056220Z #8 43.38 Unpacking libibverbs-dev:arm64 (50.0-2ubuntu0.2) ...
replay	Build pinned ARM64 runtime	2026-10-03T19:11:08.1056578Z #8 43.41 Selecting previously unselected package openmpi-bin.
replay	Build pinned ARM64 runtime	2026-10-03T19:11:08.1056981Z #8 43.42 Preparing to unpack .../262-openmpi-bin_4.1.6-7ubuntu2_arm64.deb ...
replay	Build pinned ARM64 runtime	2026-10-03T19:11:08.1057356Z #8 43.42 Unpacking openmpi-bin (4.1.6-7ubuntu2) ...
replay	Build pinned ARM64 runtime	2026-10-03T19:11:08.1057723Z #8 43.44 Selecting previously unselected package libopenmpi-dev:arm64.
replay	Build pinned ARM64 runtime	2026-10-03T19:11:08.1058390Z #8 43.44 Preparing to unpack .../263-libopenmpi-dev_4.1.6-7ubuntu2_arm64.deb ...
replay	Build pinned ARM64 runtime	2026-10-03T19:11:08.1058842Z #8 43.45 Unpacking libopenmpi-dev:arm64 (4.1.6-7ubuntu2) ...
replay	Build pinned ARM64 runtime	2026-10-03T19:11:08.1059224Z #8 43.59 Selecting previously unselected package openfoam13.
replay	Build pinned ARM64 runtime	2026-10-03T19:11:08.2608335Z #8 43.60 Preparing to unpack .../264-openfoam13.deb ...
replay	Build pinned ARM64 runtime	2026-10-03T19:11:08.2609211Z #8 43.60 Unpacking openfoam13 (20260624) ...
replay	Build pinned ARM64 runtime	2026-10-03T19:11:12.7484676Z #8 48.23 Setting up libexpat1:arm64 (2.6.1-2ubuntu0.6) ...
replay	Build pinned ARM64 runtime	2026-10-03T19:11:13.0242244Z #8 48.36 Setting up libgraphite2-3:arm64 (1.3.14-2ubuntu0.24.04.1) ...
replay	Build pinned ARM64 runtime	2026-10-03T19:11:13.3496055Z #8 48.66 Setting up liblcms2-2:arm64 (2.14-2ubuntu0.1) ...
replay	Build pinned ARM64 runtime	2026-10-03T19:11:13.3496511Z #8 48.68 Setting up libpixman-1-0:arm64 (0.42.2-1build1) ...
replay	Build pinned ARM64 runtime	2026-10-03T19:11:13.4401656Z #8 48.93 Setting up libsharpyuv0:arm64 (1.3.2-0.4build3) ...
replay	Build pinned ARM64 runtime	2026-10-03T19:11:13.5435027Z #8 48.94 Setting up libaom3:arm64 (3.8.2-2ubuntu0.2) ...
replay	Build pinned ARM64 runtime	2026-10-03T19:11:13.5435499Z #8 48.96 Setting up libpciaccess0:arm64 (0.17-3ubuntu0.24.04.3) ...
replay	Build pinned ARM64 runtime	2026-10-03T19:11:13.5435887Z #8 49.03 Setting up systemd-sysv (255.4-1ubuntu8.17) ...
replay	Build pinned ARM64 runtime	2026-10-03T19:11:13.7243880Z #8 49.21 Setting up libxau6:arm64 (1:1.0.9-1build6) ...
replay	Build pinned ARM64 runtime	2026-10-03T19:11:13.8902802Z #8 49.38 Setting up libdouble-conversion3:arm64 (3.3.0-1build1) ...
replay	Build pinned ARM64 runtime	2026-10-03T19:11:13.9984278Z #8 49.40 Setting up liblerc4:arm64 (4.0.0+ds-4ubuntu2) ...
replay	Build pinned ARM64 runtime	2026-10-03T19:11:13.9984739Z #8 49.41 Setting up libgdbm6t64:arm64 (1.23-5.1build1) ...
replay	Build pinned ARM64 runtime	2026-10-03T19:11:13.9985060Z #8 49.43 Setting up hicolor-icon-theme (0.17-2) ...
replay	Build pinned ARM64 runtime	2026-10-03T19:11:13.9985379Z #8 49.44 Setting up libdatrie1:arm64 (0.2.13-3build1) ...
replay	Build pinned ARM64 runtime	2026-10-03T19:11:13.9985720Z #8 49.47 Setting up libgdbm-compat4t64:arm64 (1.23-5.1build1) ...
replay	Build pinned ARM64 runtime	2026-10-03T19:11:13.9986072Z #8 49.48 Setting up libcbor0.10:arm64 (0.10.2-1.2ubuntu2) ...
replay	Build pinned ARM64 runtime	2026-10-03T19:11:14.2187094Z #8 49.55 Setting up libglvnd0:arm64 (1.7.0-1build1) ...
replay	Build pinned ARM64 runtime	2026-10-03T19:11:14.2187585Z #8 49.55 Setting up libgdk-pixbuf2.0-common (2.42.10+dfsg-3ubuntu3.3) ...
replay	Build pinned ARM64 runtime	2026-10-03T19:11:14.9387540Z #8 50.42 Setting up binutils-common:arm64 (2.42-4ubuntu2.10) ...
replay	Build pinned ARM64 runtime	2026-10-03T19:11:15.1882755Z #8 50.67 Setting up x11-common (1:7.7+23ubuntu3) ...
replay	Build pinned ARM64 runtime	2026-10-03T19:11:15.4052204Z #8 50.89 invoke-rc.d: could not determine current runlevel
replay	Build pinned ARM64 runtime	2026-10-03T19:11:15.6246538Z #8 50.89 invoke-rc.d: policy-rc.d denied execution of start.
replay	Build pinned ARM64 runtime	2026-10-03T19:11:15.6247028Z #8 50.91 Setting up libsensors-config (1:3.6.0-9build1) ...
replay	Build pinned ARM64 runtime	2026-10-03T19:11:15.6247372Z #8 50.93 Setting up libdeflate0:arm64 (1.19-1build1.1) ...
replay	Build pinned ARM64 runtime	2026-10-03T19:11:15.6247702Z #8 50.94 Setting up linux-libc-dev:arm64 (6.8.0-146.146) ...
replay	Build pinned ARM64 runtime	2026-10-03T19:11:15.6248039Z #8 50.95 Setting up libctf-nobfd0:arm64 (2.42-4ubuntu2.10) ...
replay	Build pinned ARM64 runtime	2026-10-03T19:11:15.6248546Z #8 50.96 Setting up m4 (1.4.19-4build1) ...
replay	Build pinned ARM64 runtime	2026-10-03T19:11:15.7672862Z #8 51.25 Setting up libevent-2.1-7t64:arm64 (2.1.12-stable-9ubuntu2.2) ...
replay	Build pinned ARM64 runtime	2026-10-03T19:11:15.9191426Z #8 51.40 Setting up xkb-data (2.41-2ubuntu1.1) ...
replay	Build pinned ARM64 runtime	2026-10-03T19:11:16.0200142Z #8 51.41 Setting up libgomp1:arm64 (14.2.0-4ubuntu2~24.04.1) ...
replay	Build pinned ARM64 runtime	2026-10-03T19:11:16.0201037Z #8 51.41 Setting up libpthread-stubs0-dev:arm64 (0.4-1build3) ...
replay	Build pinned ARM64 runtime	2026-10-03T19:11:16.0201398Z #8 51.41 Setting up libjbig0:arm64 (2.1-6.1ubuntu2) ...
replay	Build pinned ARM64 runtime	2026-10-03T19:11:16.0201743Z #8 51.41 Setting up libpcre2-16-0:arm64 (10.42-4ubuntu2.1) ...
replay	Build pinned ARM64 runtime	2026-10-03T19:11:16.0202083Z #8 51.41 Setting up libsframe1:arm64 (2.42-4ubuntu2.10) ...
replay	Build pinned ARM64 runtime	2026-10-03T19:11:16.0202418Z #8 51.42 Setting up libelf1t64:arm64 (0.190-1.1ubuntu0.1) ...
replay	Build pinned ARM64 runtime	2026-10-03T19:11:16.0202745Z #8 51.42 Setting up libjansson4:arm64 (2.14-2build2) ...
replay	Build pinned ARM64 runtime	2026-10-03T19:11:16.0203040Z #8 51.42 Setting up xtrans-dev (1.4.0-1) ...
replay	Build pinned ARM64 runtime	2026-10-03T19:11:16.0203315Z #8 51.42 Setting up autotools-dev (20220109.1) ...
replay	Build pinned ARM64 runtime	2026-10-03T19:11:16.0203629Z #8 51.43 Setting up libpcre2-32-0:arm64 (10.42-4ubuntu2.1) ...
replay	Build pinned ARM64 runtime	2026-10-03T19:11:16.0203980Z #8 51.43 Setting up libglib2.0-0t64:arm64 (2.80.0-6ubuntu3.9) ...
replay	Build pinned ARM64 runtime	2026-10-03T19:11:16.0204324Z #8 51.43 Setting up rpcsvc-proto (1.4.2-0ubuntu7) ...
replay	Build pinned ARM64 runtime	2026-10-03T19:11:16.0204662Z #8 51.44 Setting up gcc-13-base:arm64 (13.3.0-6ubuntu2~24.04.1) ...
replay	Build pinned ARM64 runtime	2026-10-03T19:11:16.0205016Z #8 51.44 Setting up libmunge2:arm64 (0.5.15-4ubuntu0.1) ...
replay	Build pinned ARM64 runtime	2026-10-03T19:11:16.0205339Z #8 51.44 Setting up libx11-data (2:1.8.7-1build1) ...
replay	Build pinned ARM64 runtime	2026-10-03T19:11:16.0205715Z #8 51.44 Setting up make (4.3-4.1build2) ...
replay	Build pinned ARM64 runtime	2026-10-03T19:11:16.0206004Z #8 51.44 Setting up libepoxy0:arm64 (1.5.10-1build1) ...
replay	Build pinned ARM64 runtime	2026-10-03T19:11:16.0206318Z #8 51.45 Setting up libmpfr6:arm64 (4.2.1-1build1.1) ...
replay	Build pinned ARM64 runtime	2026-10-03T19:11:16.0206632Z #8 51.45 Setting up aglfn (1.7+git20191031.4036a9c-2) ...
replay	Build pinned ARM64 runtime	2026-10-03T19:11:16.0206982Z #8 51.45 Setting up libavahi-common-data:arm64 (0.8-13ubuntu6.2) ...
replay	Build pinned ARM64 runtime	2026-10-03T19:11:16.0207370Z #8 51.45 Setting up libncurses6:arm64 (6.4+20240113-1ubuntu2.2) ...
replay	Build pinned ARM64 runtime	2026-10-03T19:11:16.0207727Z #8 51.45 Setting up libdbus-1-3:arm64 (1.14.10-4ubuntu4.1) ...
replay	Build pinned ARM64 runtime	2026-10-03T19:11:16.0208351Z #8 51.46 Setting up libfribidi0:arm64 (1.0.13-3build1) ...
replay	Build pinned ARM64 runtime	2026-10-03T19:11:16.0208714Z #8 51.46 Setting up perl-modules-5.38 (5.38.2-3.2ubuntu0.6) ...
replay	Build pinned ARM64 runtime	2026-10-03T19:11:16.0209051Z #8 51.46 Setting up fonts-dejavu-mono (2.37-8) ...
replay	Build pinned ARM64 runtime	2026-10-03T19:11:16.0209373Z #8 51.47 Setting up libpng16-16t64:arm64 (1.6.43-5ubuntu0.6) ...
replay	Build pinned ARM64 runtime	2026-10-03T19:11:16.0210018Z #8 51.47 Setting up libhwloc15:arm64 (2.10.0-1build1) ...
replay	Build pinned ARM64 runtime	2026-10-03T19:11:16.0210333Z #8 51.47 Setting up libmpc3:arm64 (1.3.1-1build1.1) ...
replay	Build pinned ARM64 runtime	2026-10-03T19:11:16.0210668Z #8 51.47 Setting up libatomic1:arm64 (14.2.0-4ubuntu2~24.04.1) ...
replay	Build pinned ARM64 runtime	2026-10-03T19:11:16.0210997Z #8 51.48 Setting up fonts-dejavu-core (2.37-8) ...
replay	Build pinned ARM64 runtime	2026-10-03T19:11:16.0211306Z #8 51.49 Setting up libsensors5:arm64 (1:3.6.0-9build1) ...
replay	Build pinned ARM64 runtime	2026-10-03T19:11:16.0211656Z #8 51.50 Setting up libncursesw6:arm64 (6.4+20240113-1ubuntu2.2) ...
replay	Build pinned ARM64 runtime	2026-10-03T19:11:16.0212017Z #8 51.50 Setting up libjpeg-turbo8:arm64 (2.1.5-2ubuntu2) ...
replay	Build pinned ARM64 runtime	2026-10-03T19:11:16.0212339Z #8 51.50 Setting up libltdl7:arm64 (2.4.7-7build1) ...
replay	Build pinned ARM64 runtime	2026-10-03T19:11:16.0212676Z #8 51.50 Setting up libgfortran5:arm64 (14.2.0-4ubuntu2~24.04.1) ...
replay	Build pinned ARM64 runtime	2026-10-03T19:11:16.0213038Z #8 51.50 Setting up libvulkan1:arm64 (1.3.275.0-1build1) ...
replay	Build pinned ARM64 runtime	2026-10-03T19:11:16.0213361Z #8 51.51 Setting up libwebp7:arm64 (1.3.2-0.4build3) ...
replay	Build pinned ARM64 runtime	2026-10-03T19:11:16.2280486Z #8 51.51 Setting up libubsan1:arm64 (14.2.0-4ubuntu2~24.04.1) ...
replay	Build pinned ARM64 runtime	2026-10-03T19:11:16.2280974Z #8 51.51 Setting up libicu74:arm64 (74.2-1ubuntu3.1) ...
replay	Build pinned ARM64 runtime	2026-10-03T19:11:16.2281314Z #8 51.51 Setting up libnuma1:arm64 (2.0.18-1ubuntu0.24.04.1) ...
replay	Build pinned ARM64 runtime	2026-10-03T19:11:16.2281658Z #8 51.51 Setting up libmtdev1t64:arm64 (1.1.6-1.1build1) ...
replay	Build pinned ARM64 runtime	2026-10-03T19:11:16.2282003Z #8 51.52 Setting up ocl-icd-libopencl1:arm64 (2.3.2-1build1) ...
replay	Build pinned ARM64 runtime	2026-10-03T19:11:16.2282344Z #8 51.52 Setting up libxshmfence1:arm64 (1.3-1build5) ...
replay	Build pinned ARM64 runtime	2026-10-03T19:11:16.2282684Z #8 51.52 Setting up libhwasan0:arm64 (14.2.0-4ubuntu2~24.04.1) ...
replay	Build pinned ARM64 runtime	2026-10-03T19:11:16.2283030Z #8 51.52 Setting up at-spi2-common (2.52.0-1build1) ...
replay	Build pinned ARM64 runtime	2026-10-03T19:11:16.2283354Z #8 51.53 Setting up libcrypt-dev:arm64 (1:4.4.36-4build1) ...
replay	Build pinned ARM64 runtime	2026-10-03T19:11:16.2283718Z #8 51.53 Setting up dbus-session-bus-common (1.14.10-4ubuntu4.1) ...
replay	Build pinned ARM64 runtime	2026-10-03T19:11:16.2284470Z #8 51.55 Setting up libasan8:arm64 (14.2.0-4ubuntu2~24.04.1) ...
replay	Build pinned ARM64 runtime	2026-10-03T19:11:16.2284827Z #8 51.55 Setting up libnl-3-200:arm64 (3.7.0-0.3build1.1) ...
replay	Build pinned ARM64 runtime	2026-10-03T19:11:16.2285152Z #8 51.55 Setting up openmpi-common (4.1.6-7ubuntu2) ...
replay	Build pinned ARM64 runtime	2026-10-03T19:11:16.2285458Z #8 51.56 Setting up libmd4c0:arm64 (0.4.8-1build1) ...
replay	Build pinned ARM64 runtime	2026-10-03T19:11:16.2285799Z #8 51.56 Setting up liblua5.4-0:arm64 (5.4.6-3build2) ...
replay	Build pinned ARM64 runtime	2026-10-03T19:11:16.2286107Z #8 51.56 Setting up libthai-data (0.1.29-2build1) ...
replay	Build pinned ARM64 runtime	2026-10-03T19:11:16.2286414Z #8 51.56 Setting up xorg-sgml-doctools (1:1.11-1.1) ...
replay	Build pinned ARM64 runtime	2026-10-03T19:11:16.2286792Z #8 51.57 Setting up libevent-core-2.1-7t64:arm64 (2.1.12-stable-9ubuntu2.2) ...
replay	Build pinned ARM64 runtime	2026-10-03T19:11:16.2287203Z #8 51.57 Setting up libwayland-egl1:arm64 (1.22.0-2.1build1) ...
replay	Build pinned ARM64 runtime	2026-10-03T19:11:16.2287562Z #8 51.57 Setting up libperl5.38t64:arm64 (5.38.2-3.2ubuntu0.6) ...
replay	Build pinned ARM64 runtime	2026-10-03T19:11:16.2287916Z #8 51.57 Setting up libtsan2:arm64 (14.2.0-4ubuntu2~24.04.1) ...
replay	Build pinned ARM64 runtime	2026-10-03T19:11:16.2288618Z #8 51.57 Setting up libjs-jquery (3.6.1+dfsg+~3.5.14-1) ...
replay	Build pinned ARM64 runtime	2026-10-03T19:11:16.2288983Z #8 51.58 Setting up libwxbase3.2-1t64:arm64 (3.2.4+dfsg-4build1) ...
replay	Build pinned ARM64 runtime	2026-10-03T19:11:16.2289350Z #8 51.58 Setting up libbinutils:arm64 (2.42-4ubuntu2.10) ...
replay	Build pinned ARM64 runtime	2026-10-03T19:11:16.2289707Z #8 51.58 Setting up dbus-system-bus-common (1.14.10-4ubuntu4.1) ...
replay	Build pinned ARM64 runtime	2026-10-03T19:11:16.2290058Z #8 51.71 Setting up libfido2-1:arm64 (1.14.0-1build3) ...
replay	Build pinned ARM64 runtime	2026-10-03T19:11:16.4100472Z #8 51.72 Setting up libisl23:arm64 (0.26-3build1.1) ...
replay	Build pinned ARM64 runtime	2026-10-03T19:11:16.4101139Z #8 51.72 Setting up libc-dev-bin (2.39-0ubuntu8.9) ...
replay	Build pinned ARM64 runtime	2026-10-03T19:11:16.4101678Z #8 51.72 Setting up libwebpmux3:arm64 (1.3.2-0.4build3) ...
replay	Build pinned ARM64 runtime	2026-10-03T19:11:16.4102138Z #8 51.72 Setting up libbsd0:arm64 (0.12.1-1build1.1) ...
replay	Build pinned ARM64 runtime	2026-10-03T19:11:16.4102607Z #8 51.72 Setting up libdrm-common (2.4.125-1ubuntu0.1~24.04.2) ...
replay	Build pinned ARM64 runtime	2026-10-03T19:11:16.4103155Z #8 51.73 Setting up libevdev2:arm64 (1.13.1+dfsg-1build1) ...
replay	Build pinned ARM64 runtime	2026-10-03T19:11:16.4103631Z #8 51.73 Setting up readline-common (8.2-4build1) ...
replay	Build pinned ARM64 runtime	2026-10-03T19:11:16.4104079Z #8 51.73 Setting up libxml2:arm64 (2.9.14+dfsg-1.3ubuntu3.9) ...
replay	Build pinned ARM64 runtime	2026-10-03T19:11:16.4104987Z #8 51.73 Setting up libcc1-0:arm64 (14.2.0-4ubuntu2~24.04.1) ...
replay	Build pinned ARM64 runtime	2026-10-03T19:11:16.4105444Z #8 51.74 Setting up dbus-bin (1.14.10-4ubuntu4.1) ...
replay	Build pinned ARM64 runtime	2026-10-03T19:11:16.4105874Z #8 51.74 Setting up libgudev-1.0-0:arm64 (1:238-5ubuntu1) ...
replay	Build pinned ARM64 runtime	2026-10-03T19:11:16.4106336Z #8 51.74 Setting up liblsan0:arm64 (14.2.0-4ubuntu2~24.04.1) ...
replay	Build pinned ARM64 runtime	2026-10-03T19:11:16.4106793Z #8 51.74 Setting up libitm1:arm64 (14.2.0-4ubuntu2~24.04.1) ...
replay	Build pinned ARM64 runtime	2026-10-03T19:11:16.4107220Z #8 51.74 Setting up libwacom-common (2.10.0-2) ...
replay	Build pinned ARM64 runtime	2026-10-03T19:11:16.4107635Z #8 51.75 Setting up libxkbcommon0:arm64 (1.6.0-1build1) ...
replay	Build pinned ARM64 runtime	2026-10-03T19:11:16.4108534Z #8 51.75 Setting up libwayland-client0:arm64 (1.22.0-2.1build1) ...
replay	Build pinned ARM64 runtime	2026-10-03T19:11:16.4109209Z #8 51.75 Setting up libctf0:arm64 (2.42-4ubuntu2.10) ...
replay	Build pinned ARM64 runtime	2026-10-03T19:11:16.4109649Z #8 51.75 Setting up libjpeg8:arm64 (8c-2ubuntu11) ...
replay	Build pinned ARM64 runtime	2026-10-03T19:11:16.4110086Z #8 51.75 Setting up x11proto-dev (2023.2-1) ...
replay	Build pinned ARM64 runtime	2026-10-03T19:11:16.4110508Z #8 51.76 Setting up gnuplot-data (6.0.0+dfsg1-1ubuntu3) ...
replay	Build pinned ARM64 runtime	2026-10-03T19:11:16.4110959Z #8 51.76 Setting up libice6:arm64 (2:1.0.10-1build3) ...
replay	Build pinned ARM64 runtime	2026-10-03T19:11:16.4111397Z #8 51.76 Setting up libxdmcp6:arm64 (1:1.1.3-0ubuntu6) ...
replay	Build pinned ARM64 runtime	2026-10-03T19:11:16.4111813Z #8 51.76 Setting up flex (2.6.4-8.2build1) ...
replay	Build pinned ARM64 runtime	2026-10-03T19:11:16.4112213Z #8 51.77 Setting up libxcb1:arm64 (1.15-1ubuntu2) ...
replay	Build pinned ARM64 runtime	2026-10-03T19:11:16.4112646Z #8 51.77 Setting up libxcb-xfixes0:arm64 (1.15-1ubuntu2) ...
replay	Build pinned ARM64 runtime	2026-10-03T19:11:16.4113446Z #8 51.77 Setting up libatk1.0-0t64:arm64 (2.52.0-1build1) ...
replay	Build pinned ARM64 runtime	2026-10-03T19:11:16.4114126Z #8 51.77 Setting up libxau-dev:arm64 (1:1.0.9-1build6) ...
replay	Build pinned ARM64 runtime	2026-10-03T19:11:16.4114597Z #8 51.77 Setting up libxcb-xinput0:arm64 (1.15-1ubuntu2) ...
replay	Build pinned ARM64 runtime	2026-10-03T19:11:16.4115089Z #8 51.78 Setting up cpp-13-aarch64-linux-gnu (13.3.0-6ubuntu2~24.04.1) ...
replay	Build pinned ARM64 runtime	2026-10-03T19:11:16.4115586Z #8 51.78 Setting up libice-dev:arm64 (2:1.0.10-1build3) ...
replay	Build pinned ARM64 runtime	2026-10-03T19:11:16.4116436Z #8 51.78 Setting up libxcb-render0:arm64 (1.15-1ubuntu2) ...
replay	Build pinned ARM64 runtime	2026-10-03T19:11:16.4116882Z #8 51.78 Setting up libwacom9:arm64 (2.10.0-2) ...
replay	Build pinned ARM64 runtime	2026-10-03T19:11:16.4117386Z #8 51.79 Setting up libevent-pthreads-2.1-7t64:arm64 (2.1.12-stable-9ubuntu2.2) ...
replay	Build pinned ARM64 runtime	2026-10-03T19:11:16.4117927Z #8 51.79 Setting up fontconfig-config (2.15.0-1.1ubuntu2) ...
replay	Build pinned ARM64 runtime	2026-10-03T19:11:16.4118540Z #8 51.90 Setting up libxcb-glx0:arm64 (1.15-1ubuntu2) ...
replay	Build pinned ARM64 runtime	2026-10-03T19:11:16.5185868Z #8 51.90 Setting up libedit2:arm64 (3.1-20230828-1build1) ...
replay	Build pinned ARM64 runtime	2026-10-03T19:11:16.5186847Z #8 51.90 Setting up libevent-openssl-2.1-7t64:arm64 (2.1.12-stable-9ubuntu2.2) ...
replay	Build pinned ARM64 runtime	2026-10-03T19:11:16.5187340Z #8 51.91 Setting up libxcb-keysyms1:arm64 (0.4.0-1build4) ...
replay	Build pinned ARM64 runtime	2026-10-03T19:11:16.5187700Z #8 51.91 Setting up libxcb-shape0:arm64 (1.15-1ubuntu2) ...
replay	Build pinned ARM64 runtime	2026-10-03T19:11:16.5188249Z #8 51.91 Setting up libavahi-common3:arm64 (0.8-13ubuntu6.2) ...
replay	Build pinned ARM64 runtime	2026-10-03T19:11:16.5188709Z #8 51.91 Setting up libxcb-render-util0:arm64 (0.3.9-1build4) ...
replay	Build pinned ARM64 runtime	2026-10-03T19:11:16.5189075Z #8 51.91 Setting up libxcb-shm0:arm64 (1.15-1ubuntu2) ...
replay	Build pinned ARM64 runtime	2026-10-03T19:11:16.5189422Z #8 51.91 Setting up libxcb-icccm4:arm64 (0.4.1-1.1build3) ...
replay	Build pinned ARM64 runtime	2026-10-03T19:11:16.5189803Z #8 51.92 Setting up dbus-daemon (1.14.10-4ubuntu4.1) ...
replay	Build pinned ARM64 runtime	2026-10-03T19:11:16.5190124Z #8 51.93 Setting up libcolord2:arm64 (1.4.7-1build2) ...
replay	Build pinned ARM64 runtime	2026-10-03T19:11:16.5190450Z #8 51.93 Setting up libxcb-util1:arm64 (0.4.0-1build3) ...
replay	Build pinned ARM64 runtime	2026-10-03T19:11:16.5190774Z #8 51.94 Setting up libinput-bin (1.25.0-1ubuntu3.7) ...
replay	Build pinned ARM64 runtime	2026-10-03T19:11:16.5191095Z #8 51.94 Setting up libxcb-xkb1:arm64 (1.15-1ubuntu2) ...
replay	Build pinned ARM64 runtime	2026-10-03T19:11:16.5191420Z #8 51.95 Setting up libxcb-image0:arm64 (0.4.0-2build1) ...
replay	Build pinned ARM64 runtime	2026-10-03T19:11:16.5191770Z #8 51.95 Setting up libnl-route-3-200:arm64 (3.7.0-0.3build1.1) ...
replay	Build pinned ARM64 runtime	2026-10-03T19:11:16.5192135Z #8 51.96 Setting up libxcb-present0:arm64 (1.15-1ubuntu2) ...
replay	Build pinned ARM64 runtime	2026-10-03T19:11:16.5192469Z #8 51.96 Setting up libdconf1:arm64 (0.40.0-4ubuntu0.1) ...
replay	Build pinned ARM64 runtime	2026-10-03T19:11:16.5192799Z #8 51.97 Setting up libthai0:arm64 (0.1.29-2build1) ...
replay	Build pinned ARM64 runtime	2026-10-03T19:11:16.5193124Z #8 51.97 Setting up libxdmcp-dev:arm64 (1:1.1.3-0ubuntu6) ...
replay	Build pinned ARM64 runtime	2026-10-03T19:11:16.5193910Z #8 51.97 Setting up perl (5.38.2-3.2ubuntu0.6) ...
replay	Build pinned ARM64 runtime	2026-10-03T19:11:16.5194246Z #8 51.98 Setting up cpp-aarch64-linux-gnu (4:13.2.0-7ubuntu1) ...
replay	Build pinned ARM64 runtime	2026-10-03T19:11:16.5194602Z #8 51.98 Setting up libgprofng0:arm64 (2.42-4ubuntu2.10) ...
replay	Build pinned ARM64 runtime	2026-10-03T19:11:16.5194943Z #8 51.98 Setting up libxcb-xinerama0:arm64 (1.15-1ubuntu2) ...
replay	Build pinned ARM64 runtime	2026-10-03T19:11:16.5195277Z #8 51.98 Setting up libjs-jquery-ui (1.13.2+dfsg-1) ...
replay	Build pinned ARM64 runtime	2026-10-03T19:11:16.5195622Z #8 51.99 Setting up libfreetype6:arm64 (2.13.2+dfsg-1ubuntu0.1) ...
replay	Build pinned ARM64 runtime	2026-10-03T19:11:16.5195983Z #8 51.99 Setting up libxcb-sync1:arm64 (1.15-1ubuntu2) ...
replay	Build pinned ARM64 runtime	2026-10-03T19:11:16.5196295Z #8 51.99 Setting up dbus (1.14.10-4ubuntu4.1) ...
replay	Build pinned ARM64 runtime	2026-10-03T19:11:16.5196581Z #8 52.00 Setting up shared-mime-info (2.4-4) ...
replay	Build pinned ARM64 runtime	2026-10-03T19:11:17.1311382Z #8 52.62 Setting up libxkbcommon-x11-0:arm64 (1.6.0-1build1) ...
replay	Build pinned ARM64 runtime	2026-10-03T19:11:17.2461819Z #8 52.62 Setting up libllvm20:arm64 (1:20.1.2-0ubuntu1~24.04.3) ...
replay	Build pinned ARM64 runtime	2026-10-03T19:11:17.2462533Z #8 52.64 Setting up autoconf (2.71-3) ...
replay	Build pinned ARM64 runtime	2026-10-03T19:11:17.2462931Z #8 52.64 Setting up libevent-extra-2.1-7t64:arm64 (2.1.12-stable-9ubuntu2.2) ...
replay	Build pinned ARM64 runtime	2026-10-03T19:11:17.2463336Z #8 52.64 Setting up libreadline8t64:arm64 (8.2-4build1) ...
replay	Build pinned ARM64 runtime	2026-10-03T19:11:17.2463687Z #8 52.64 Setting up libdrm2:arm64 (2.4.125-1ubuntu0.1~24.04.2) ...
replay	Build pinned ARM64 runtime	2026-10-03T19:11:17.2464040Z #8 52.65 Setting up libnl-3-dev:arm64 (3.7.0-0.3build1.1) ...
replay	Build pinned ARM64 runtime	2026-10-03T19:11:17.2464398Z #8 52.65 Setting up libgcc-13-dev:arm64 (13.3.0-6ubuntu2~24.04.1) ...
replay	Build pinned ARM64 runtime	2026-10-03T19:11:17.2464776Z #8 52.65 Setting up libtiff6:arm64 (4.5.1+git230720-4ubuntu2.5) ...
replay	Build pinned ARM64 runtime	2026-10-03T19:11:17.2465150Z #8 52.65 Setting up libwayland-cursor0:arm64 (1.22.0-2.1build1) ...
replay	Build pinned ARM64 runtime	2026-10-03T19:11:17.2465647Z #8 52.65 Setting up libxcb-randr0:arm64 (1.15-1ubuntu2) ...
replay	Build pinned ARM64 runtime	2026-10-03T19:11:17.2465998Z #8 52.66 Setting up libpam-systemd:arm64 (255.4-1ubuntu8.17) ...
replay	Build pinned ARM64 runtime	2026-10-03T19:11:17.2466679Z #8 52.73 Setting up libc6-dev:arm64 (2.39-0ubuntu8.9) ...
replay	Build pinned ARM64 runtime	2026-10-03T19:11:17.4859405Z #8 52.73 Setting up libx11-6:arm64 (2:1.8.7-1build1) ...
replay	Build pinned ARM64 runtime	2026-10-03T19:11:17.4859846Z #8 52.74 Setting up libharfbuzz0b:arm64 (8.3.0-2build2) ...
replay	Build pinned ARM64 runtime	2026-10-03T19:11:17.4860234Z #8 52.74 Setting up libgdk-pixbuf-2.0-0:arm64 (2.42.10+dfsg-3ubuntu3.3) ...
replay	Build pinned ARM64 runtime	2026-10-03T19:11:17.4860636Z #8 52.75 Setting up libfontconfig1:arm64 (2.15.0-1.1ubuntu2) ...
replay	Build pinned ARM64 runtime	2026-10-03T19:11:17.4861030Z #8 52.75 Setting up libgfortran-13-dev:arm64 (13.3.0-6ubuntu2~24.04.1) ...
replay	Build pinned ARM64 runtime	2026-10-03T19:11:17.4861413Z #8 52.75 Setting up libxcomposite1:arm64 (1:0.4.5-1build3) ...
replay	Build pinned ARM64 runtime	2026-10-03T19:11:17.4861738Z #8 52.76 Setting up libsm6:arm64 (2:1.2.3-1build3) ...
replay	Build pinned ARM64 runtime	2026-10-03T19:11:17.4862073Z #8 52.76 Setting up libavahi-client3:arm64 (0.8-13ubuntu6.2) ...
replay	Build pinned ARM64 runtime	2026-10-03T19:11:17.4862451Z #8 52.76 Setting up libstdc++-13-dev:arm64 (13.3.0-6ubuntu2~24.04.1) ...
replay	Build pinned ARM64 runtime	2026-10-03T19:11:17.4862851Z #8 52.76 Setting up libdrm-amdgpu1:arm64 (2.4.125-1ubuntu0.1~24.04.2) ...
replay	Build pinned ARM64 runtime	2026-10-03T19:11:17.4863233Z #8 52.77 Setting up automake (1:1.16.5-1.3ubuntu1) ...
replay	Build pinned ARM64 runtime	2026-10-03T19:11:17.4863735Z #8 52.77 update-alternatives: using /usr/bin/automake-1.16 to provide /usr/bin/automake (automake) in auto mode
replay	Build pinned ARM64 runtime	2026-10-03T19:11:17.4864671Z #8 52.77 update-alternatives: warning: skip creation of /usr/share/man/man1/automake.1.gz because associated file /usr/share/man/man1/automake-1.16.1.gz (of link group automake) doesn't exist
replay	Build pinned ARM64 runtime	2026-10-03T19:11:17.4865848Z #8 52.77 update-alternatives: warning: skip creation of /usr/share/man/man1/aclocal.1.gz because associated file /usr/share/man/man1/aclocal-1.16.1.gz (of link group automake) doesn't exist
replay	Build pinned ARM64 runtime	2026-10-03T19:11:17.4866598Z #8 52.77 Setting up libxcb-dri3-0:arm64 (1.15-1ubuntu2) ...
replay	Build pinned ARM64 runtime	2026-10-03T19:11:17.4866931Z #8 52.77 Setting up libinput10:arm64 (1.25.0-1ubuntu3.7) ...
replay	Build pinned ARM64 runtime	2026-10-03T19:11:17.4867286Z #8 52.78 Setting up gtk-update-icon-cache (3.24.41-4ubuntu1.3) ...
replay	Build pinned ARM64 runtime	2026-10-03T19:11:17.4867647Z #8 52.78 Setting up libx11-xcb1:arm64 (2:1.8.7-1build1) ...
replay	Build pinned ARM64 runtime	2026-10-03T19:11:17.4868005Z #8 52.78 Setting up mesa-libgallium:arm64 (25.2.8-0ubuntu0.24.04.4) ...
replay	Build pinned ARM64 runtime	2026-10-03T19:11:17.4869037Z #8 52.78 Setting up libibverbs1:arm64 (50.0-2ubuntu0.2) ...
replay	Build pinned ARM64 runtime	2026-10-03T19:11:17.4869357Z #8 52.82 Setting up fontconfig (2.15.0-1.1ubuntu2) ...
replay	Build pinned ARM64 runtime	2026-10-03T19:11:19.3463861Z #8 52.82 Regenerating fonts cache... done.
replay	Build pinned ARM64 runtime	2026-10-03T19:11:19.4471824Z #8 54.83 Setting up libncurses-dev:arm64 (6.4+20240113-1ubuntu2.2) ...
replay	Build pinned ARM64 runtime	2026-10-03T19:11:19.4472763Z #8 54.84 Setting up libxdamage1:arm64 (1:1.1.6-1build1) ...
replay	Build pinned ARM64 runtime	2026-10-03T19:11:19.4473160Z #8 54.84 Setting up libxcb1-dev:arm64 (1.15-1ubuntu2) ...
replay	Build pinned ARM64 runtime	2026-10-03T19:11:19.4473505Z #8 54.84 Setting up libxpm4:arm64 (1:3.5.17-1ubuntu0.24.04.2) ...
replay	Build pinned ARM64 runtime	2026-10-03T19:11:19.4473847Z #8 54.84 Setting up cpp-13 (13.3.0-6ubuntu2~24.04.1) ...
replay	Build pinned ARM64 runtime	2026-10-03T19:11:19.4474175Z #8 54.84 Setting up libxrender1:arm64 (1:0.9.10-1.1build1) ...
replay	Build pinned ARM64 runtime	2026-10-03T19:11:19.4474523Z #8 54.84 Setting up libgbm1:arm64 (25.2.8-0ubuntu0.24.04.4) ...
replay	Build pinned ARM64 runtime	2026-10-03T19:11:19.4474912Z #8 54.85 Setting up ibverbs-providers:arm64 (50.0-2ubuntu0.2) ...
replay	Build pinned ARM64 runtime	2026-10-03T19:11:19.4475274Z #8 54.87 Setting up libsm-dev:arm64 (2:1.2.3-1build3) ...
replay	Build pinned ARM64 runtime	2026-10-03T19:11:19.4475606Z #8 54.87 Setting up openssh-client (1:9.6p1-3ubuntu13.19) ...
replay	Build pinned ARM64 runtime	2026-10-03T19:11:19.4475956Z #8 54.91 Setting up libpango-1.0-0:arm64 (1.52.1+ds-1build1) ...
replay	Build pinned ARM64 runtime	2026-10-03T19:11:19.4476331Z #8 54.91 Setting up libgl1-mesa-dri:arm64 (25.2.8-0ubuntu0.24.04.4) ...
replay	Build pinned ARM64 runtime	2026-10-03T19:11:19.4476695Z #8 54.91 Setting up libx11-dev:arm64 (2:1.8.7-1build1) ...
replay	Build pinned ARM64 runtime	2026-10-03T19:11:19.4477011Z #8 54.92 Setting up libxext6:arm64 (2:1.3.4-1build2) ...
replay	Build pinned ARM64 runtime	2026-10-03T19:11:19.4477366Z #8 54.92 Setting up binutils-aarch64-linux-gnu (2.42-4ubuntu2.10) ...
replay	Build pinned ARM64 runtime	2026-10-03T19:11:19.4477717Z #8 54.92 Setting up binutils (2.42-4ubuntu2.10) ...
replay	Build pinned ARM64 runtime	2026-10-03T19:11:19.4478251Z #8 54.92 Setting up gcc-13-aarch64-linux-gnu (13.3.0-6ubuntu2~24.04.1) ...
replay	Build pinned ARM64 runtime	2026-10-03T19:11:19.4478651Z #8 54.92 Setting up libreadline-dev:arm64 (8.2-4build1) ...
replay	Build pinned ARM64 runtime	2026-10-03T19:11:19.4479379Z #8 54.92 Setting up libcairo2:arm64 (1.18.0-3build1) ...
replay	Build pinned ARM64 runtime	2026-10-03T19:11:19.4479697Z #8 54.93 Setting up libxxf86vm1:arm64 (1:1.1.4-1build4) ...
replay	Build pinned ARM64 runtime	2026-10-03T19:11:19.4480052Z #8 54.93 Setting up libnuma-dev:arm64 (2.0.18-1ubuntu0.24.04.1) ...
replay	Build pinned ARM64 runtime	2026-10-03T19:11:19.4480434Z #8 54.93 Setting up libxnvctrl0:arm64 (510.47.03-0ubuntu4.24.04.1) ...
replay	Build pinned ARM64 runtime	2026-10-03T19:11:19.4480820Z #8 54.93 Setting up libnl-route-3-dev:arm64 (3.7.0-0.3build1.1) ...
replay	Build pinned ARM64 runtime	2026-10-03T19:11:19.4481173Z #8 54.93 Setting up libltdl-dev:arm64 (2.4.7-7build1) ...
replay	Build pinned ARM64 runtime	2026-10-03T19:11:19.5483621Z #8 54.94 Setting up dbus-user-session (1.14.10-4ubuntu4.1) ...
replay	Build pinned ARM64 runtime	2026-10-03T19:11:19.5484135Z #8 54.94 Setting up libqt5core5t64:arm64 (5.15.13+dfsg-1ubuntu1) ...
replay	Build pinned ARM64 runtime	2026-10-03T19:11:19.5484533Z #8 54.94 Setting up libegl-mesa0:arm64 (25.2.8-0ubuntu0.24.04.4) ...
replay	Build pinned ARM64 runtime	2026-10-03T19:11:19.5484893Z #8 54.94 Setting up libxfixes3:arm64 (1:6.0.0-2build1) ...
replay	Build pinned ARM64 runtime	2026-10-03T19:11:19.5485214Z #8 54.94 Setting up libnotify4:arm64 (0.8.3-1build2) ...
replay	Build pinned ARM64 runtime	2026-10-03T19:11:19.5485568Z #8 54.95 Setting up libxinerama1:arm64 (2:1.1.4-3build1) ...
replay	Build pinned ARM64 runtime	2026-10-03T19:11:19.5485900Z #8 54.95 Setting up libxt6t64:arm64 (1:1.2.1-1.2build1) ...
replay	Build pinned ARM64 runtime	2026-10-03T19:11:19.5486258Z #8 54.95 Setting up libevent-dev (2.1.12-stable-9ubuntu2.2) ...
replay	Build pinned ARM64 runtime	2026-10-03T19:11:19.5486591Z #8 54.95 Setting up gcc-13 (13.3.0-6ubuntu2~24.04.1) ...
replay	Build pinned ARM64 runtime	2026-10-03T19:11:19.5486904Z #8 54.95 Setting up libxrandr2:arm64 (2:1.5.2-2build1) ...
replay	Build pinned ARM64 runtime	2026-10-03T19:11:19.5487247Z #8 54.95 Setting up zlib1g-dev:arm64 (1:1.3.dfsg-3.1ubuntu2.2) ...
replay	Build pinned ARM64 runtime	2026-10-03T19:11:19.5487574Z #8 54.96 Setting up cpp (4:13.2.0-7ubuntu1) ...
replay	Build pinned ARM64 runtime	2026-10-03T19:11:19.5487864Z #8 54.96 Setting up libegl1:arm64 (1.7.0-1build1) ...
replay	Build pinned ARM64 runtime	2026-10-03T19:11:19.5488396Z #8 54.96 Setting up librdmacm1t64:arm64 (50.0-2ubuntu0.2) ...
replay	Build pinned ARM64 runtime	2026-10-03T19:11:19.5488755Z #8 54.97 Setting up libcairo-gobject2:arm64 (1.18.0-3build1) ...
replay	Build pinned ARM64 runtime	2026-10-03T19:11:19.5489104Z #8 54.97 Setting up libhwloc-dev:arm64 (2.10.0-1build1) ...
replay	Build pinned ARM64 runtime	2026-10-03T19:11:19.5489462Z #8 54.97 Setting up libpangoft2-1.0-0:arm64 (1.52.1+ds-1build1) ...
replay	Build pinned ARM64 runtime	2026-10-03T19:11:19.5489824Z #8 54.97 Setting up libcups2t64:arm64 (2.4.7-1.2ubuntu7.14) ...
replay	Build pinned ARM64 runtime	2026-10-03T19:11:19.5490898Z #8 54.97 Setting up libpangocairo-1.0-0:arm64 (1.52.1+ds-1build1) ...
replay	Build pinned ARM64 runtime	2026-10-03T19:11:19.5491323Z #8 54.98 Setting up g++-13-aarch64-linux-gnu (13.3.0-6ubuntu2~24.04.1) ...
replay	Build pinned ARM64 runtime	2026-10-03T19:11:19.5491691Z #8 54.98 Setting up libfabric1:arm64 (1.17.0-3build2) ...
replay	Build pinned ARM64 runtime	2026-10-03T19:11:19.5492065Z #8 54.98 Setting up gcc-aarch64-linux-gnu (4:13.2.0-7ubuntu1) ...
replay	Build pinned ARM64 runtime	2026-10-03T19:11:19.5492405Z #8 54.98 Setting up g++-13 (13.3.0-6ubuntu2~24.04.1) ...
replay	Build pinned ARM64 runtime	2026-10-03T19:11:19.5492719Z #8 54.98 Setting up libucx0:arm64 (1.16.0+ds-5ubuntu1) ...
replay	Build pinned ARM64 runtime	2026-10-03T19:11:19.5493068Z #8 55.00 Setting up libqt5dbus5t64:arm64 (5.15.13+dfsg-1ubuntu1) ...
replay	Build pinned ARM64 runtime	2026-10-03T19:11:19.5493451Z #8 55.00 Setting up libglx-mesa0:arm64 (25.2.8-0ubuntu0.24.04.4) ...
replay	Build pinned ARM64 runtime	2026-10-03T19:11:19.5493981Z #8 55.00 Setting up libxi6:arm64 (2:1.8.1-1build1) ...
replay	Build pinned ARM64 runtime	2026-10-03T19:11:19.5494303Z #8 55.00 Setting up libglx0:arm64 (1.7.0-1build1) ...
replay	Build pinned ARM64 runtime	2026-10-03T19:11:19.5494617Z #8 55.01 Setting up libxtst6:arm64 (2:1.2.3-1.1build1) ...
replay	Build pinned ARM64 runtime	2026-10-03T19:11:19.5494943Z #8 55.01 Setting up libxcursor1:arm64 (1:1.2.1-1build1) ...
replay	Build pinned ARM64 runtime	2026-10-03T19:11:19.5495510Z #8 55.01 Setting up libqt5network5t64:arm64 (5.15.13+dfsg-1ubuntu1) ...
replay	Build pinned ARM64 runtime	2026-10-03T19:11:19.5495949Z #8 55.01 Setting up gfortran-13-aarch64-linux-gnu (13.3.0-6ubuntu2~24.04.1) ...
replay	Build pinned ARM64 runtime	2026-10-03T19:11:19.5496335Z #8 55.01 Setting up binutils-dev (2.42-4ubuntu2.10) ...
replay	Build pinned ARM64 runtime	2026-10-03T19:11:19.5496792Z #8 55.01 Setting up dconf-service (0.40.0-4ubuntu0.1) ...
replay	Build pinned ARM64 runtime	2026-10-03T19:11:19.5497134Z #8 55.02 Setting up libibverbs-dev:arm64 (50.0-2ubuntu0.2) ...
replay	Build pinned ARM64 runtime	2026-10-03T19:11:19.5497488Z #8 55.02 Setting up libhwloc-plugins:arm64 (2.10.0-1build1) ...
replay	Build pinned ARM64 runtime	2026-10-03T19:11:19.5497808Z #8 55.02 Setting up gcc (4:13.2.0-7ubuntu1) ...
replay	Build pinned ARM64 runtime	2026-10-03T19:11:19.5498220Z #8 55.03 Setting up libgl1:arm64 (1.7.0-1build1) ...
replay	Build pinned ARM64 runtime	2026-10-03T19:11:19.5498546Z #8 55.03 Setting up libxt-dev:arm64 (1:1.2.1-1.2build1) ...
replay	Build pinned ARM64 runtime	2026-10-03T19:11:19.5499357Z #8 55.03 Setting up gfortran-13 (13.3.0-6ubuntu2~24.04.1) ...
replay	Build pinned ARM64 runtime	2026-10-03T19:11:19.5499722Z #8 55.03 Setting up libatspi2.0-0t64:arm64 (2.52.0-1build1) ...
replay	Build pinned ARM64 runtime	2026-10-03T19:11:19.5500068Z #8 55.03 Setting up libpmix2t64:arm64 (5.0.1-4.1build1) ...
replay	Build pinned ARM64 runtime	2026-10-03T19:11:19.7468961Z #8 55.04 Setting up libopenmpi3t64:arm64 (4.1.6-7ubuntu2) ...
replay	Build pinned ARM64 runtime	2026-10-03T19:11:19.7469438Z #8 55.04 Setting up g++-aarch64-linux-gnu (4:13.2.0-7ubuntu1) ...
replay	Build pinned ARM64 runtime	2026-10-03T19:11:19.7470015Z #8 55.04 Setting up libpmix-dev:arm64 (5.0.1-4.1build1) ...
replay	Build pinned ARM64 runtime	2026-10-03T19:11:19.7470357Z #8 55.04 Setting up openmpi-bin (4.1.6-7ubuntu2) ...
replay	Build pinned ARM64 runtime	2026-10-03T19:11:19.7470845Z #8 55.05 update-alternatives: using /usr/bin/mpirun.openmpi to provide /usr/bin/mpirun (mpirun) in auto mode
replay	Build pinned ARM64 runtime	2026-10-03T19:11:19.7471771Z #8 55.05 update-alternatives: warning: skip creation of /usr/share/man/man1/mpirun.1.gz because associated file /usr/share/man/man1/mpirun.openmpi.1.gz (of link group mpirun) doesn't exist
replay	Build pinned ARM64 runtime	2026-10-03T19:11:19.7472976Z #8 55.05 update-alternatives: warning: skip creation of /usr/share/man/man1/mpiexec.1.gz because associated file /usr/share/man/man1/mpiexec.openmpi.1.gz (of link group mpirun) doesn't exist
replay	Build pinned ARM64 runtime	2026-10-03T19:11:19.7474083Z #8 55.05 update-alternatives: using /usr/bin/mpicc.openmpi to provide /usr/bin/mpicc (mpi) in auto mode
replay	Build pinned ARM64 runtime	2026-10-03T19:11:19.7474976Z #8 55.05 update-alternatives: warning: skip creation of /usr/share/man/man1/mpicc.1.gz because associated file /usr/share/man/man1/mpicc.openmpi.1.gz (of link group mpi) doesn't exist
replay	Build pinned ARM64 runtime	2026-10-03T19:11:19.7476109Z #8 55.05 update-alternatives: warning: skip creation of /usr/share/man/man1/mpic++.1.gz because associated file /usr/share/man/man1/mpic++.openmpi.1.gz (of link group mpi) doesn't exist
replay	Build pinned ARM64 runtime	2026-10-03T19:11:19.7477250Z #8 55.05 update-alternatives: warning: skip creation of /usr/share/man/man1/mpicxx.1.gz because associated file /usr/share/man/man1/mpicxx.openmpi.1.gz (of link group mpi) doesn't exist
replay	Build pinned ARM64 runtime	2026-10-03T19:11:19.7478931Z #8 55.05 update-alternatives: warning: skip creation of /usr/share/man/man1/mpiCC.1.gz because associated file /usr/share/man/man1/mpiCC.openmpi.1.gz (of link group mpi) doesn't exist
replay	Build pinned ARM64 runtime	2026-10-03T19:11:19.7480754Z #8 55.05 update-alternatives: warning: skip creation of /usr/share/man/man1/mpif77.1.gz because associated file /usr/share/man/man1/mpif77.openmpi.1.gz (of link group mpi) doesn't exist
replay	Build pinned ARM64 runtime	2026-10-03T19:11:19.7481919Z #8 55.05 update-alternatives: warning: skip creation of /usr/share/man/man1/mpif90.1.gz because associated file /usr/share/man/man1/mpif90.openmpi.1.gz (of link group mpi) doesn't exist
replay	Build pinned ARM64 runtime	2026-10-03T19:11:19.7483255Z #8 55.05 update-alternatives: warning: skip creation of /usr/share/man/man1/mpifort.1.gz because associated file /usr/share/man/man1/mpifort.openmpi.1.gz (of link group mpi) doesn't exist
replay	Build pinned ARM64 runtime	2026-10-03T19:11:19.7484038Z #8 55.05 Setting up libatk-bridge2.0-0t64:arm64 (2.52.0-1build1) ...
replay	Build pinned ARM64 runtime	2026-10-03T19:11:19.7484449Z #8 55.05 Setting up dconf-gsettings-backend:arm64 (0.40.0-4ubuntu0.1) ...
replay	Build pinned ARM64 runtime	2026-10-03T19:11:19.7484859Z #8 55.06 Setting up libqt5gui5t64:arm64 (5.15.13+dfsg-1ubuntu1) ...
replay	Build pinned ARM64 runtime	2026-10-03T19:11:19.7485188Z #8 55.06 Setting up g++ (4:13.2.0-7ubuntu1) ...
replay	Build pinned ARM64 runtime	2026-10-03T19:11:19.7485590Z #8 55.06 update-alternatives: using /usr/bin/g++ to provide /usr/bin/c++ (c++) in auto mode
replay	Build pinned ARM64 runtime	2026-10-03T19:11:19.7486580Z #8 55.06 update-alternatives: warning: skip creation of /usr/share/man/man1/c++.1.gz because associated file /usr/share/man/man1/g++.1.gz (of link group c++) doesn't exist
replay	Build pinned ARM64 runtime	2026-10-03T19:11:19.7487304Z #8 55.06 Setting up libopenmpi-dev:arm64 (4.1.6-7ubuntu2) ...
replay	Build pinned ARM64 runtime	2026-10-03T19:11:19.7488318Z #8 55.06 update-alternatives: using /usr/lib/aarch64-linux-gnu/openmpi/include to provide /usr/include/aarch64-linux-gnu/mpi (mpi-aarch64-linux-gnu) in auto mode
replay	Build pinned ARM64 runtime	2026-10-03T19:11:19.7489145Z #8 55.07 Setting up libgtk-3-common (3.24.41-4ubuntu1.3) ...
replay	Build pinned ARM64 runtime	2026-10-03T19:11:19.7489538Z #8 55.07 Setting up libqt5widgets5t64:arm64 (5.15.13+dfsg-1ubuntu1) ...
replay	Build pinned ARM64 runtime	2026-10-03T19:11:19.7489890Z #8 55.07 Setting up libqt5svg5:arm64 (5.15.13-1) ...
replay	Build pinned ARM64 runtime	2026-10-03T19:11:19.7490545Z #8 55.07 Setting up libqt5printsupport5t64:arm64 (5.15.13+dfsg-1ubuntu1) ...
replay	Build pinned ARM64 runtime	2026-10-03T19:11:19.7490924Z #8 55.08 Setting up adwaita-icon-theme (46.0-1) ...
replay	Build pinned ARM64 runtime	2026-10-03T19:11:19.7491544Z #8 55.09 update-alternatives: using /usr/share/icons/Adwaita/cursor.theme to provide /usr/share/icons/default/index.theme (x-cursor-theme) in auto mode
replay	Build pinned ARM64 runtime	2026-10-03T19:11:19.7492191Z #8 55.09 Setting up libgtk-3-0t64:arm64 (3.24.41-4ubuntu1.3) ...
replay	Build pinned ARM64 runtime	2026-10-03T19:11:19.7492553Z #8 55.10 Setting up libwxgtk3.2-1t64:arm64 (3.2.4+dfsg-4build1) ...
replay	Build pinned ARM64 runtime	2026-10-03T19:11:19.7492940Z #8 55.10 Setting up libheif-plugin-aomdec:arm64 (1.17.6-1ubuntu4.9) ...
replay	Build pinned ARM64 runtime	2026-10-03T19:11:19.7493310Z #8 55.11 Setting up libheif1:arm64 (1.17.6-1ubuntu4.9) ...
replay	Build pinned ARM64 runtime	2026-10-03T19:11:19.7493622Z #8 55.11 Setting up humanity-icon-theme (0.6.16) ...
replay	Build pinned ARM64 runtime	2026-10-03T19:11:19.7493922Z #8 55.23 Setting up libgd3:arm64 (2.3.3-9ubuntu5) ...
replay	Build pinned ARM64 runtime	2026-10-03T19:11:19.9410360Z #8 55.24 Setting up ubuntu-mono (24.04-0ubuntu1) ...
replay	Build pinned ARM64 runtime	2026-10-03T19:11:19.9410919Z #8 55.27 Setting up gnuplot-qt (6.0.0+dfsg1-1ubuntu3) ...
replay	Build pinned ARM64 runtime	2026-10-03T19:11:19.9411418Z #8 55.27 update-alternatives: using /usr/bin/gnuplot-qt to provide /usr/bin/gnuplot (gnuplot) in auto mode
replay	Build pinned ARM64 runtime	2026-10-03T19:11:19.9412349Z #8 55.27 update-alternatives: warning: skip creation of /usr/share/man/man1/gnuplot.1.gz because associated file /usr/share/man/man1/gnuplot-qt.1.gz (of link group gnuplot) doesn't exist
replay	Build pinned ARM64 runtime	2026-10-03T19:11:19.9413081Z #8 55.27 Setting up openfoam13 (20260624) ...
replay	Build pinned ARM64 runtime	2026-10-03T19:11:19.9413323Z #8 55.27 
replay	Build pinned ARM64 runtime	2026-10-03T19:11:19.9413497Z #8 55.27 ** To use OpenFOAM please add
replay	Build pinned ARM64 runtime	2026-10-03T19:11:19.9413719Z #8 55.27 **
replay	Build pinned ARM64 runtime	2026-10-03T19:11:19.9413895Z #8 55.27 **    . /opt/openfoam13/etc/bashrc
replay	Build pinned ARM64 runtime	2026-10-03T19:11:19.9414127Z #8 55.27 **
replay	Build pinned ARM64 runtime	2026-10-03T19:11:19.9414288Z #8 55.27 ** To your ~/.bashrc
replay	Build pinned ARM64 runtime	2026-10-03T19:11:19.9414486Z #8 55.27 
replay	Build pinned ARM64 runtime	2026-10-03T19:11:19.9414683Z #8 55.27 Setting up gnuplot (6.0.0+dfsg1-1ubuntu3) ...
replay	Build pinned ARM64 runtime	2026-10-03T19:11:19.9415028Z #8 55.28 Processing triggers for libc-bin (2.39-0ubuntu8.9) ...
replay	Build pinned ARM64 runtime	2026-10-03T19:11:21.1428635Z #8 DONE 56.6s
replay	Build pinned ARM64 runtime	2026-10-03T19:11:21.3047898Z 
replay	Build pinned ARM64 runtime	2026-10-03T19:11:21.3048381Z #9 [4/4] WORKDIR /case
replay	Build pinned ARM64 runtime	2026-10-03T19:11:21.3049046Z #9 DONE 0.0s
replay	Build pinned ARM64 runtime	2026-10-03T19:11:21.3049157Z 
replay	Build pinned ARM64 runtime	2026-10-03T19:11:21.3049237Z #10 exporting to image
replay	Build pinned ARM64 runtime	2026-10-03T19:11:21.3049435Z #10 exporting layers
replay	Build pinned ARM64 runtime	2026-10-03T19:11:28.3085205Z #10 exporting layers 7.2s done
replay	Build pinned ARM64 runtime	2026-10-03T19:11:28.3289490Z #10 writing image sha256:0796378d679d9b5ad0e0fc93044b795bdfce51f621f8555b96a9924c3145c86f done
replay	Build pinned ARM64 runtime	2026-10-03T19:11:28.3290177Z #10 naming to docker.io/library/concentration-aware-ns:of13-cell-point-query-v1 done
replay	Build pinned ARM64 runtime	2026-10-03T19:11:28.3290752Z #10 DONE 7.2s
replay	Execute read-only native position replay	﻿2026-10-03T19:11:28.3490480Z ##[group]Run python -m tools.run_of13_cell_point_query --bundle work/capture.tar.gz --image concentration-aware-ns:of13-cell-point-query-v1 --source work/pinned-of13 --work work/query-replay-v1 --evidence evidence/of13-cell-point-query-v1
replay	Execute read-only native position replay	2026-10-03T19:11:28.3492137Z ^[[36;1mpython -m tools.run_of13_cell_point_query --bundle work/capture.tar.gz --image concentration-aware-ns:of13-cell-point-query-v1 --source work/pinned-of13 --work work/query-replay-v1 --evidence evidence/of13-cell-point-query-v1^[[0m
replay	Execute read-only native position replay	2026-10-03T19:11:28.3493230Z ^[[36;1mpython -m tools.analyze_of13_cell_point_query --evidence evidence/of13-cell-point-query-v1^[[0m
replay	Execute read-only native position replay	2026-10-03T19:11:28.3530063Z shell: /usr/bin/bash -e {0}
replay	Execute read-only native position replay	2026-10-03T19:11:28.3530301Z env:
replay	Execute read-only native position replay	2026-10-03T19:11:28.3530538Z   pythonLocation: /opt/hostedtoolcache/Python/3.12.14/arm64
replay	Execute read-only native position replay	2026-10-03T19:11:28.3530940Z   PKG_CONFIG_PATH: /opt/hostedtoolcache/Python/3.12.14/arm64/lib/pkgconfig
replay	Execute read-only native position replay	2026-10-03T19:11:28.3531345Z   Python_ROOT_DIR: /opt/hostedtoolcache/Python/3.12.14/arm64
replay	Execute read-only native position replay	2026-10-03T19:11:28.3531760Z   Python2_ROOT_DIR: /opt/hostedtoolcache/Python/3.12.14/arm64
replay	Execute read-only native position replay	2026-10-03T19:11:28.3532121Z   Python3_ROOT_DIR: /opt/hostedtoolcache/Python/3.12.14/arm64
replay	Execute read-only native position replay	2026-10-03T19:11:28.3532487Z   LD_LIBRARY_PATH: /opt/hostedtoolcache/Python/3.12.14/arm64/lib
replay	Execute read-only native position replay	2026-10-03T19:11:28.3532786Z ##[endgroup]
replay	Execute read-only native position replay	2026-10-03T19:11:39.6353166Z NATIVE_QUERY_REPLAY_COMPLETE_NOT_CONTINUUM_CERTIFICATION
replay	Execute read-only native position replay	2026-10-03T19:11:40.0215120Z {"status": "FINITE_NATIVE_POSITION_REPLAY_VERIFIED", "runtime_source_commit": "4bea7e3731e7e19ac1741f928f82845332f0fe71", "manifest_sha256": "007531f277246cf59d27a68fd221a8265ba1b6022a2347a5aa01c18d13206571", "measurements": {"queries": 19, "candidates_per_query": 12, "selected_face": 22295, "selected_tetPt": 2, "minimum_native_barycentric_weight": 0.21021126422702344, "maximum_weighted_value_component_discrepancy": 2.7755575615628914e-17, "maximum_explicit_overload_component_discrepancy": 0.0, "floating_secant_diagnostics": [{"h": 0.00390625, "maximum_absolute_component_discrepancy": 1.887379141862766e-15}, {"h": 0.000244140625, "maximum_absolute_component_discrepancy": 2.398081733190338e-14}, {"h": 1.52587890625e-05, "maximum_absolute_component_discrepancy": 8.415490526658687e-13}]}, "limits": ["read-only replay of existing fields; no CFD evolution", "finite position samples and floating secants do not certify a continuum derivative or complete neighborhood", "original gates and physical claims unchanged"]}
replay	Preserve complete or partial evidence	﻿2026-10-03T19:11:40.0924653Z ##[group]Run actions/upload-artifact@v4
replay	Preserve complete or partial evidence	2026-10-03T19:11:40.0924991Z with:
replay	Preserve complete or partial evidence	2026-10-03T19:11:40.0925274Z   name: of13-cell-point-query-4bea7e3731e7e19ac1741f928f82845332f0fe71
replay	Preserve complete or partial evidence	2026-10-03T19:11:40.0925919Z   path: evidence/cell-point-query-build/
replay	Preserve complete or partial evidence	evidence/of13-cell-point-query-v1/
replay	Preserve complete or partial evidence	work/query-replay-v1/probe/cansCellPointQueryProbe
replay	Preserve complete or partial evidence	
replay	Preserve complete or partial evidence	2026-10-03T19:11:40.0926473Z   if-no-files-found: error
replay	Preserve complete or partial evidence	2026-10-03T19:11:40.0926675Z   retention-days: 90
replay	Preserve complete or partial evidence	2026-10-03T19:11:40.0926863Z   compression-level: 6
replay	Preserve complete or partial evidence	2026-10-03T19:11:40.0927050Z   overwrite: false
replay	Preserve complete or partial evidence	2026-10-03T19:11:40.0927237Z   include-hidden-files: false
replay	Preserve complete or partial evidence	2026-10-03T19:11:40.0927445Z env:
replay	Preserve complete or partial evidence	2026-10-03T19:11:40.0927667Z   pythonLocation: /opt/hostedtoolcache/Python/3.12.14/arm64
replay	Preserve complete or partial evidence	2026-10-03T19:11:40.0928330Z   PKG_CONFIG_PATH: /opt/hostedtoolcache/Python/3.12.14/arm64/lib/pkgconfig
replay	Preserve complete or partial evidence	2026-10-03T19:11:40.0928750Z   Python_ROOT_DIR: /opt/hostedtoolcache/Python/3.12.14/arm64
replay	Preserve complete or partial evidence	2026-10-03T19:11:40.0929107Z   Python2_ROOT_DIR: /opt/hostedtoolcache/Python/3.12.14/arm64
replay	Preserve complete or partial evidence	2026-10-03T19:11:40.0929514Z   Python3_ROOT_DIR: /opt/hostedtoolcache/Python/3.12.14/arm64
replay	Preserve complete or partial evidence	2026-10-03T19:11:40.0930174Z   LD_LIBRARY_PATH: /opt/hostedtoolcache/Python/3.12.14/arm64/lib
replay	Preserve complete or partial evidence	2026-10-03T19:11:40.0930471Z ##[endgroup]
replay	Preserve complete or partial evidence	2026-10-03T19:11:40.2397191Z (node:8885) [DEP0040] DeprecationWarning: The `punycode` module is deprecated. Please use a userland alternative instead.
replay	Preserve complete or partial evidence	2026-10-03T19:11:40.2397907Z (Use `node --trace-deprecation ...` to show where the warning was created)
replay	Preserve complete or partial evidence	2026-10-03T19:11:40.2473898Z Multiple search paths detected. Calculating the least common ancestor of all paths
replay	Preserve complete or partial evidence	2026-10-03T19:11:40.2476282Z The least common ancestor is /home/runner/work/concentration-aware-ns/concentration-aware-ns. This will be the root directory of the artifact
replay	Preserve complete or partial evidence	2026-10-03T19:11:40.2476929Z With the provided path, there will be 13 files uploaded
replay	Preserve complete or partial evidence	2026-10-03T19:11:40.2481039Z Artifact name is valid!
replay	Preserve complete or partial evidence	2026-10-03T19:11:40.2481974Z Root directory input is valid!
replay	Preserve complete or partial evidence	2026-10-03T19:11:40.5536468Z Beginning upload of artifact content to blob storage
replay	Preserve complete or partial evidence	2026-10-03T19:11:40.5979300Z (node:8885) [DEP0169] DeprecationWarning: `url.parse()` behavior is not standardized and prone to errors that have security implications. Use the WHATWG URL API instead. CVEs are not issued for `url.parse()` vulnerabilities.
replay	Preserve complete or partial evidence	2026-10-03T19:11:40.9319337Z Uploaded bytes 187111
replay	Preserve complete or partial evidence	2026-10-03T19:11:40.9889251Z Finished uploading artifact content to blob storage!
replay	Preserve complete or partial evidence	2026-10-03T19:11:40.9889882Z SHA256 digest of uploaded artifact zip is 3b60647a10b09711ef27fc61be1af91e7dd7a840e1179a9fa452a67ac405e61d
replay	Preserve complete or partial evidence	2026-10-03T19:11:40.9891126Z Finalizing artifact upload
replay	Preserve complete or partial evidence	2026-10-03T19:11:41.2450007Z Artifact of13-cell-point-query-4bea7e3731e7e19ac1741f928f82845332f0fe71.zip successfully finalized. Artifact ID 11282976331
replay	Preserve complete or partial evidence	2026-10-03T19:11:41.2451069Z Artifact of13-cell-point-query-4bea7e3731e7e19ac1741f928f82845332f0fe71 has been successfully uploaded! Final size is 187111 bytes. Artifact ID is 11282976331
replay	Preserve complete or partial evidence	2026-10-03T19:11:41.2455624Z Artifact download URL: https://github.com/Unjuno/concentration-aware-ns/actions/runs/37146624489/artifacts/11282976331
replay	Post Run actions/setup-python@v6	﻿2026-10-03T19:11:41.2619780Z Post job cleanup.
replay	Post Run actions/checkout@v5	﻿2026-10-03T19:11:41.3977516Z Post job cleanup.
replay	Post Run actions/checkout@v5	2026-10-03T19:11:41.4690385Z [command]/usr/bin/git version
replay	Post Run actions/checkout@v5	2026-10-03T19:11:41.4735445Z git version 2.55.0
replay	Post Run actions/checkout@v5	2026-10-03T19:11:41.4779682Z Temporarily overriding HOME='/home/runner/work/_temp/a7579aac-624f-4675-9a5c-beb9013ae4cf' before making global git config changes
replay	Post Run actions/checkout@v5	2026-10-03T19:11:41.4780461Z Adding repository directory to the temporary git global config as a safe directory
replay	Post Run actions/checkout@v5	2026-10-03T19:11:41.4781133Z [command]/usr/bin/git config --global --add safe.directory /home/runner/work/concentration-aware-ns/concentration-aware-ns
replay	Post Run actions/checkout@v5	2026-10-03T19:11:41.4815095Z [command]/usr/bin/git config --local --name-only --get-regexp core\.sshCommand
replay	Post Run actions/checkout@v5	2026-10-03T19:11:41.4847311Z [command]/usr/bin/git submodule foreach --recursive sh -c "git config --local --name-only --get-regexp 'core\.sshCommand' && git config --local --unset-all 'core.sshCommand' || :"
replay	Post Run actions/checkout@v5	2026-10-03T19:11:41.5060268Z [command]/usr/bin/git config --local --name-only --get-regexp http\.https\:\/\/github\.com\/\.extraheader
replay	Post Run actions/checkout@v5	2026-10-03T19:11:41.5078702Z http.https://github.com/.extraheader
replay	Post Run actions/checkout@v5	2026-10-03T19:11:41.5090747Z [command]/usr/bin/git config --local --unset-all http.https://github.com/.extraheader
replay	Post Run actions/checkout@v5	2026-10-03T19:11:41.5126911Z [command]/usr/bin/git submodule foreach --recursive sh -c "git config --local --name-only --get-regexp 'http\.https\:\/\/github\.com\/\.extraheader' && git config --local --unset-all 'http.https://github.com/.extraheader' || :"
replay	Post Run actions/checkout@v5	2026-10-03T19:11:41.5332259Z [command]/usr/bin/git config --local --name-only --get-regexp ^includeIf\.gitdir:
replay	Post Run actions/checkout@v5	2026-10-03T19:11:41.5368781Z [command]/usr/bin/git submodule foreach --recursive git config --local --show-origin --name-only --get-regexp remote.origin.url
replay	Complete job	﻿2026-10-03T19:11:41.5709261Z Cleaning up orphan processes
replay	Complete job	2026-10-03T19:11:41.6050958Z ##[warning]Node.js 20 is deprecated. The following actions target Node.js 20 but are being forced to run on Node.js 24: actions/upload-artifact@v4. For more information see: https://github.blog/changelog/2025-09-19-deprecation-of-node-20-on-github-actions-runners/
