#0 building with "orbstack" instance using docker driver

#1 [internal] load build definition from Dockerfile
#1 DONE 0.0s

#1 [internal] load build definition from Dockerfile
#1 transferring dockerfile: 890B done
#1 DONE 0.1s

#2 [internal] load metadata for docker.io/library/ubuntu:24.04@sha256:33ceb71981b602c1a7443a53469e4dba065f7503eab3078a2d7a57a2ab987517
#2 DONE 0.0s

#3 [internal] load .dockerignore
#3 transferring context: 2B done
#3 DONE 0.1s

#4 [1/3] FROM docker.io/library/ubuntu:24.04@sha256:33ceb71981b602c1a7443a53469e4dba065f7503eab3078a2d7a57a2ab987517
#4 resolve docker.io/library/ubuntu:24.04@sha256:33ceb71981b602c1a7443a53469e4dba065f7503eab3078a2d7a57a2ab987517 0.0s done
#4 DONE 0.0s

#4 [1/3] FROM docker.io/library/ubuntu:24.04@sha256:33ceb71981b602c1a7443a53469e4dba065f7503eab3078a2d7a57a2ab987517
#4 CACHED

#5 [2/3] RUN test "$(dpkg --print-architecture)" = arm64  && apt-get update  && apt-get install -y --no-install-recommends ca-certificates curl  && curl -fL --retry 3 https://dl.openfoam.org/ubuntu/dists/noble/main/binary-arm64/openfoam14_20260724_arm64.deb -o /tmp/openfoam14.deb  && echo 'd20102ae6b39377ab3f5e654302ea0d58de166156fe681670f147ac555299a69  /tmp/openfoam14.deb' | sha256sum -c -  && apt-get install -y --no-install-recommends /tmp/openfoam14.deb  && dpkg-query -W > /opt/package-versions.txt  && rm /tmp/openfoam14.deb  && rm -rf /var/lib/apt/lists/*
#5 0.748 Get:1 http://ports.ubuntu.com/ubuntu-ports noble InRelease [256 kB]
#5 1.913 Get:2 http://ports.ubuntu.com/ubuntu-ports noble-updates InRelease [126 kB]
#5 2.206 Get:3 http://ports.ubuntu.com/ubuntu-ports noble-backports InRelease [126 kB]
#5 2.495 Get:4 http://ports.ubuntu.com/ubuntu-ports noble-security InRelease [126 kB]
#5 2.788 Get:5 http://ports.ubuntu.com/ubuntu-ports noble/restricted arm64 Packages [113 kB]
#5 2.870 Get:6 http://ports.ubuntu.com/ubuntu-ports noble/multiverse arm64 Packages [274 kB]
#5 3.033 Get:7 http://ports.ubuntu.com/ubuntu-ports noble/universe arm64 Packages [19.0 MB]
#5 6.580 Get:8 http://ports.ubuntu.com/ubuntu-ports noble/main arm64 Packages [1776 kB]
#5 7.098 Get:9 http://ports.ubuntu.com/ubuntu-ports noble-updates/restricted arm64 Packages [3122 kB]
#5 7.387 Get:10 http://ports.ubuntu.com/ubuntu-ports noble-updates/main arm64 Packages [1753 kB]
#5 7.651 Get:11 http://ports.ubuntu.com/ubuntu-ports noble-updates/universe arm64 Packages [2201 kB]
#5 8.019 Get:12 http://ports.ubuntu.com/ubuntu-ports noble-updates/multiverse arm64 Packages [94.8 kB]
#5 8.030 Get:13 http://ports.ubuntu.com/ubuntu-ports noble-backports/universe arm64 Packages [36.3 kB]
#5 8.035 Get:14 http://ports.ubuntu.com/ubuntu-ports noble-backports/multiverse arm64 Packages [671 B]
#5 8.035 Get:15 http://ports.ubuntu.com/ubuntu-ports noble-backports/main arm64 Packages [49.0 kB]
#5 8.050 Get:16 http://ports.ubuntu.com/ubuntu-ports noble-security/main arm64 Packages [1388 kB]
#5 8.548 Get:17 http://ports.ubuntu.com/ubuntu-ports noble-security/restricted arm64 Packages [2886 kB]
#5 8.806 Get:18 http://ports.ubuntu.com/ubuntu-ports noble-security/multiverse arm64 Packages [89.7 kB]
#5 8.806 Get:19 http://ports.ubuntu.com/ubuntu-ports noble-security/universe arm64 Packages [1624 kB]
#5 9.120 Fetched 35.1 MB in 9s (3973 kB/s)
#5 9.120 Reading package lists...
#5 9.740 Reading package lists...
#5 10.35 Building dependency tree...
#5 10.52 Reading state information...
#5 10.73 The following additional packages will be installed:
#5 10.73   libbrotli1 libcurl4t64 libgssapi-krb5-2 libk5crypto3 libkeyutils1 libkrb5-3
#5 10.73   libkrb5support0 libldap2 libnghttp2-14 libpsl5t64 librtmp1 libsasl2-2
#5 10.74   libsasl2-modules-db libssh-4 libssl3t64 openssl
#5 10.74 Suggested packages:
#5 10.74   krb5-doc krb5-user
#5 10.74 Recommended packages:
#5 10.74   krb5-locales libldap-common publicsuffix libsasl2-modules
#5 10.76 The following NEW packages will be installed:
#5 10.76   ca-certificates curl libbrotli1 libcurl4t64 libgssapi-krb5-2 libk5crypto3
#5 10.76   libkeyutils1 libkrb5-3 libkrb5support0 libldap2 libnghttp2-14 libpsl5t64
#5 10.76   librtmp1 libsasl2-2 libsasl2-modules-db libssh-4 openssl
#5 10.76 The following packages will be upgraded:
#5 10.76   libssl3t64
#5 11.19 1 upgraded, 17 newly installed, 0 to remove and 31 not upgraded.
#5 11.19 Need to get 5137 kB of archives.
#5 11.19 After this operation, 8790 kB of additional disk space will be used.
#5 11.19 Get:1 http://ports.ubuntu.com/ubuntu-ports noble-updates/main arm64 libssl3t64 arm64 3.0.13-0ubuntu3.16 [1838 kB]
#5 12.96 Get:2 http://ports.ubuntu.com/ubuntu-ports noble-updates/main arm64 openssl arm64 3.0.13-0ubuntu3.16 [985 kB]
#5 13.09 Get:3 http://ports.ubuntu.com/ubuntu-ports noble-updates/main arm64 ca-certificates all 20260601~24.04.1 [139 kB]
#5 13.11 Get:4 http://ports.ubuntu.com/ubuntu-ports noble-updates/main arm64 libkrb5support0 arm64 1.20.1-6ubuntu2.10 [35.4 kB]
#5 13.11 Get:5 http://ports.ubuntu.com/ubuntu-ports noble-updates/main arm64 libk5crypto3 arm64 1.20.1-6ubuntu2.10 [85.8 kB]
#5 13.13 Get:6 http://ports.ubuntu.com/ubuntu-ports noble/main arm64 libkeyutils1 arm64 1.6.3-3build1 [9654 B]
#5 13.14 Get:7 http://ports.ubuntu.com/ubuntu-ports noble-updates/main arm64 libkrb5-3 arm64 1.20.1-6ubuntu2.10 [350 kB]
#5 13.17 Get:8 http://ports.ubuntu.com/ubuntu-ports noble-updates/main arm64 libgssapi-krb5-2 arm64 1.20.1-6ubuntu2.10 [142 kB]
#5 13.18 Get:9 http://ports.ubuntu.com/ubuntu-ports noble-updates/main arm64 libnghttp2-14 arm64 1.59.0-1ubuntu0.4 [74.8 kB]
#5 13.19 Get:10 http://ports.ubuntu.com/ubuntu-ports noble/main arm64 libpsl5t64 arm64 0.21.2-1.1build1 [57.4 kB]
#5 13.21 Get:11 http://ports.ubuntu.com/ubuntu-ports noble/main arm64 libbrotli1 arm64 1.1.0-2build2 [339 kB]
#5 13.30 Get:12 http://ports.ubuntu.com/ubuntu-ports noble-updates/main arm64 libsasl2-modules-db arm64 2.1.28+dfsg1-5ubuntu3.1 [21.6 kB]
#5 13.33 Get:13 http://ports.ubuntu.com/ubuntu-ports noble-updates/main arm64 libsasl2-2 arm64 2.1.28+dfsg1-5ubuntu3.1 [54.7 kB]
#5 13.34 Get:14 http://ports.ubuntu.com/ubuntu-ports noble-updates/main arm64 libldap2 arm64 2.6.10+dfsg-0ubuntu0.24.04.1 [196 kB]
#5 13.38 Get:15 http://ports.ubuntu.com/ubuntu-ports noble/main arm64 librtmp1 arm64 2.4+20151223.gitfa8646d.1-2build7 [57.8 kB]
#5 13.38 Get:16 http://ports.ubuntu.com/ubuntu-ports noble-updates/main arm64 libssh-4 arm64 0.10.6-2ubuntu0.5 [192 kB]
#5 13.40 Get:17 http://ports.ubuntu.com/ubuntu-ports noble-updates/main arm64 libcurl4t64 arm64 8.5.0-2ubuntu10.15 [337 kB]
#5 13.54 Get:18 http://ports.ubuntu.com/ubuntu-ports noble-updates/main arm64 curl arm64 8.5.0-2ubuntu10.15 [222 kB]
#5 13.68 debconf: delaying package configuration, since apt-utils is not installed
#5 13.70 Fetched 5137 kB in 3s (1842 kB/s)
#5 13.75 (Reading database ...
(Reading database ... 5%
(Reading database ... 10%
(Reading database ... 15%
(Reading database ... 20%
(Reading database ... 25%
(Reading database ... 30%
(Reading database ... 35%
(Reading database ... 40%
(Reading database ... 45%
(Reading database ... 50%
(Reading database ... 55%
(Reading database ... 60%
(Reading database ... 65%
(Reading database ... 70%
(Reading database ... 75%
(Reading database ... 80%
(Reading database ... 85%
(Reading database ... 90%
(Reading database ... 95%
(Reading database ... 100%
(Reading database ... 4376 files and directories currently installed.)
#5 13.78 Preparing to unpack .../libssl3t64_3.0.13-0ubuntu3.16_arm64.deb ...
#5 13.83 Unpacking libssl3t64:arm64 (3.0.13-0ubuntu3.16) over (3.0.13-0ubuntu3.12) ...
#5 13.92 Setting up libssl3t64:arm64 (3.0.13-0ubuntu3.16) ...
#5 13.95 Selecting previously unselected package openssl.
#5 13.95 (Reading database ...
(Reading database ... 5%
(Reading database ... 10%
(Reading database ... 15%
(Reading database ... 20%
(Reading database ... 25%
(Reading database ... 30%
(Reading database ... 35%
(Reading database ... 40%
(Reading database ... 45%
(Reading database ... 50%
(Reading database ... 55%
(Reading database ... 60%
(Reading database ... 65%
(Reading database ... 70%
(Reading database ... 75%
(Reading database ... 80%
(Reading database ... 85%
(Reading database ... 90%
(Reading database ... 95%
(Reading database ... 100%
(Reading database ... 4376 files and directories currently installed.)
#5 13.95 Preparing to unpack .../00-openssl_3.0.13-0ubuntu3.16_arm64.deb ...
#5 13.96 Unpacking openssl (3.0.13-0ubuntu3.16) ...
#5 14.00 Selecting previously unselected package ca-certificates.
#5 14.00 Preparing to unpack .../01-ca-certificates_20260601~24.04.1_all.deb ...
#5 14.01 Unpacking ca-certificates (20260601~24.04.1) ...
#5 14.05 Selecting previously unselected package libkrb5support0:arm64.
#5 14.05 Preparing to unpack .../02-libkrb5support0_1.20.1-6ubuntu2.10_arm64.deb ...
#5 14.06 Unpacking libkrb5support0:arm64 (1.20.1-6ubuntu2.10) ...
#5 14.09 Selecting previously unselected package libk5crypto3:arm64.
#5 14.09 Preparing to unpack .../03-libk5crypto3_1.20.1-6ubuntu2.10_arm64.deb ...
#5 14.09 Unpacking libk5crypto3:arm64 (1.20.1-6ubuntu2.10) ...
#5 14.13 Selecting previously unselected package libkeyutils1:arm64.
#5 14.13 Preparing to unpack .../04-libkeyutils1_1.6.3-3build1_arm64.deb ...
#5 14.13 Unpacking libkeyutils1:arm64 (1.6.3-3build1) ...
#5 14.17 Selecting previously unselected package libkrb5-3:arm64.
#5 14.17 Preparing to unpack .../05-libkrb5-3_1.20.1-6ubuntu2.10_arm64.deb ...
#5 14.18 Unpacking libkrb5-3:arm64 (1.20.1-6ubuntu2.10) ...
#5 14.24 Selecting previously unselected package libgssapi-krb5-2:arm64.
#5 14.24 Preparing to unpack .../06-libgssapi-krb5-2_1.20.1-6ubuntu2.10_arm64.deb ...
#5 14.26 Unpacking libgssapi-krb5-2:arm64 (1.20.1-6ubuntu2.10) ...
#5 14.33 Selecting previously unselected package libnghttp2-14:arm64.
#5 14.33 Preparing to unpack .../07-libnghttp2-14_1.59.0-1ubuntu0.4_arm64.deb ...
#5 14.34 Unpacking libnghttp2-14:arm64 (1.59.0-1ubuntu0.4) ...
#5 14.42 Selecting previously unselected package libpsl5t64:arm64.
#5 14.42 Preparing to unpack .../08-libpsl5t64_0.21.2-1.1build1_arm64.deb ...
#5 14.43 Unpacking libpsl5t64:arm64 (0.21.2-1.1build1) ...
#5 14.51 Selecting previously unselected package libbrotli1:arm64.
#5 14.51 Preparing to unpack .../09-libbrotli1_1.1.0-2build2_arm64.deb ...
#5 14.52 Unpacking libbrotli1:arm64 (1.1.0-2build2) ...
#5 14.58 Selecting previously unselected package libsasl2-modules-db:arm64.
#5 14.58 Preparing to unpack .../10-libsasl2-modules-db_2.1.28+dfsg1-5ubuntu3.1_arm64.deb ...
#5 14.59 Unpacking libsasl2-modules-db:arm64 (2.1.28+dfsg1-5ubuntu3.1) ...
#5 14.66 Selecting previously unselected package libsasl2-2:arm64.
#5 14.66 Preparing to unpack .../11-libsasl2-2_2.1.28+dfsg1-5ubuntu3.1_arm64.deb ...
#5 14.67 Unpacking libsasl2-2:arm64 (2.1.28+dfsg1-5ubuntu3.1) ...
#5 14.91 Selecting previously unselected package libldap2:arm64.
#5 14.91 Preparing to unpack .../12-libldap2_2.6.10+dfsg-0ubuntu0.24.04.1_arm64.deb ...
#5 14.92 Unpacking libldap2:arm64 (2.6.10+dfsg-0ubuntu0.24.04.1) ...
#5 14.97 Selecting previously unselected package librtmp1:arm64.
#5 14.97 Preparing to unpack .../13-librtmp1_2.4+20151223.gitfa8646d.1-2build7_arm64.deb ...
#5 14.98 Unpacking librtmp1:arm64 (2.4+20151223.gitfa8646d.1-2build7) ...
#5 15.01 Selecting previously unselected package libssh-4:arm64.
#5 15.01 Preparing to unpack .../14-libssh-4_0.10.6-2ubuntu0.5_arm64.deb ...
#5 15.01 Unpacking libssh-4:arm64 (0.10.6-2ubuntu0.5) ...
#5 15.04 Selecting previously unselected package libcurl4t64:arm64.
#5 15.04 Preparing to unpack .../15-libcurl4t64_8.5.0-2ubuntu10.15_arm64.deb ...
#5 15.05 Unpacking libcurl4t64:arm64 (8.5.0-2ubuntu10.15) ...
#5 15.07 Selecting previously unselected package curl.
#5 15.07 Preparing to unpack .../16-curl_8.5.0-2ubuntu10.15_arm64.deb ...
#5 15.08 Unpacking curl (8.5.0-2ubuntu10.15) ...
#5 15.11 Setting up libkeyutils1:arm64 (1.6.3-3build1) ...
#5 15.12 Setting up libbrotli1:arm64 (1.1.0-2build2) ...
#5 15.13 Setting up libpsl5t64:arm64 (0.21.2-1.1build1) ...
#5 15.14 Setting up libnghttp2-14:arm64 (1.59.0-1ubuntu0.4) ...
#5 15.15 Setting up libkrb5support0:arm64 (1.20.1-6ubuntu2.10) ...
#5 15.17 Setting up libsasl2-modules-db:arm64 (2.1.28+dfsg1-5ubuntu3.1) ...
#5 15.18 Setting up librtmp1:arm64 (2.4+20151223.gitfa8646d.1-2build7) ...
#5 15.19 Setting up libk5crypto3:arm64 (1.20.1-6ubuntu2.10) ...
#5 15.20 Setting up libsasl2-2:arm64 (2.1.28+dfsg1-5ubuntu3.1) ...
#5 15.21 Setting up libkrb5-3:arm64 (1.20.1-6ubuntu2.10) ...
#5 15.22 Setting up openssl (3.0.13-0ubuntu3.16) ...
#5 15.23 Setting up libldap2:arm64 (2.6.10+dfsg-0ubuntu0.24.04.1) ...
#5 15.24 Setting up ca-certificates (20260601~24.04.1) ...
#5 15.42 Updating certificates in /etc/ssl/certs...
#5 15.61 121 added, 0 removed; done.
#5 15.63 Setting up libgssapi-krb5-2:arm64 (1.20.1-6ubuntu2.10) ...
#5 15.65 Setting up libssh-4:arm64 (0.10.6-2ubuntu0.5) ...
#5 15.66 Setting up libcurl4t64:arm64 (8.5.0-2ubuntu10.15) ...
#5 15.67 Setting up curl (8.5.0-2ubuntu10.15) ...
#5 15.68 Processing triggers for libc-bin (2.39-0ubuntu8.8) ...
#5 15.71 Processing triggers for ca-certificates (20260601~24.04.1) ...
#5 15.72 Updating certificates in /etc/ssl/certs...
#5 15.86 0 added, 0 removed; done.
#5 15.86 Running hooks in /etc/ca-certificates/update.d...
#5 15.86 done.
#5 15.88   % Total    % Received % Xferd  Average Speed   Time    Time     Time  Current
#5 15.88                                  Dload  Upload   Total   Spent    Left  Speed
#5 15.88
  0     0    0     0    0     0      0      0 --:--:-- --:--:-- --:--:--     0
  0     0    0     0    0     0      0      0 --:--:-- --:--:-- --:--:--     0
100   383  100   383    0     0    346      0  0:00:01  0:00:01 --:--:--   346
#5 17.21
100   573  100   573    0     0    433      0  0:00:01  0:00:01 --:--:--   433
#5 17.52
  0     0    0     0    0     0      0      0 --:--:--  0:00:01 --:--:--     0
  0  115M    0 12399    0     0   5007      0  6:44:45  0:00:02  6:44:43 14656
  0  115M    0  120k    0     0  36237      0  0:55:55  0:00:03  0:55:52 69377
  0  115M    0 1090k    0     0   230k      0  0:08:35  0:00:04  0:08:31  351k
  3  115M    3 4739k    0     0   875k      0  0:02:15  0:00:05  0:02:10 1253k
  8  115M    8 9818k    0     0  1427k      0  0:01:23  0:00:06  0:01:17 1870k
 13  115M   13 15.1M    0     0  2092k      0  0:00:56  0:00:07  0:00:49 3138k
 17  115M   17 20.5M    0     0  2428k      0  0:00:48  0:00:08  0:00:40 3984k
 23  115M   23 26.8M    0     0  2918k      0  0:00:40  0:00:09  0:00:31 5634k
 27  115M   27 32.2M    0     0  3074k      0  0:00:38  0:00:10  0:00:28 5304k
 31  115M   31 36.2M    0     0  3231k      0  0:00:36  0:00:11  0:00:25 5933k
 33  115M   33 38.9M    0     0  3213k      0  0:00:36  0:00:12  0:00:24 4877k
 36  115M   36 41.7M    0     0  3121k      0  0:00:38  0:00:13  0:00:25 4308k
 37  115M   37 43.7M    0     0  3095k      0  0:00:38  0:00:14  0:00:24 3422k
 44  115M   44 51.1M    0     0  3399k      0  0:00:34  0:00:15  0:00:19 4148k
 46  115M   46 54.0M    0     0  3331k      0  0:00:35  0:00:16  0:00:19 3556k
 52  115M   52 60.8M    0     0  3577k      0  0:00:33  0:00:17  0:00:16 4480k
 56  115M   56 64.9M    0     0  3560k      0  0:00:33  0:00:18  0:00:15 4766k
 58  115M   58 67.7M    0     0  3548k      0  0:00:33  0:00:19  0:00:14 4845k
 62  115M   62 72.5M    0     0  3642k      0  0:00:32  0:00:20  0:00:12 4389k
 66  115M   66 77.1M    0     0  3687k      0  0:00:32  0:00:21  0:00:11 4917k
 71  115M   71 82.8M    0     0  3785k      0  0:00:31  0:00:22  0:00:09 4513k
 76  115M   76 88.9M    0     0  3890k      0  0:00:30  0:00:23  0:00:07 5198k
 79  115M   79 91.9M    0     0  3837k      0  0:00:30  0:00:24  0:00:06 4969k
 86  115M   86 99.8M    0     0  4025k      0  0:00:29  0:00:25  0:00:04 5587k
 91  115M   91  106M    0     0  4129k      0  0:00:28  0:00:26  0:00:02 6023k
 97  115M   97  113M    0     0  4231k      0  0:00:28  0:00:27  0:00:01 6228k
100  115M  100  115M    0     0  4274k      0  0:00:27  0:00:27 --:--:-- 6329k
#5 43.75 /tmp/openfoam14.deb: OK
#5 43.75 Reading package lists...
#5 44.36 Building dependency tree...
#5 44.53 Reading state information...
#5 44.79 The following additional packages will be installed:
#5 44.79   adduser adwaita-icon-theme aglfn at-spi2-common autoconf automake
#5 44.79   autotools-dev binutils binutils-aarch64-linux-gnu binutils-common
#5 44.79   binutils-dev bsdutils cpp cpp-13 cpp-13-aarch64-linux-gnu
#5 44.79   cpp-aarch64-linux-gnu dbus dbus-bin dbus-daemon dbus-session-bus-common
#5 44.79   dbus-system-bus-common dbus-user-session dconf-gsettings-backend
#5 44.79   dconf-service flex fontconfig fontconfig-config fonts-dejavu-core
#5 44.79   fonts-dejavu-mono g++ g++-13 g++-13-aarch64-linux-gnu g++-aarch64-linux-gnu
#5 44.79   gcc gcc-13 gcc-13-aarch64-linux-gnu gcc-13-base gcc-aarch64-linux-gnu
#5 44.79   gfortran-13 gfortran-13-aarch64-linux-gnu gnuplot gnuplot-data gnuplot-qt
#5 44.79   gtk-update-icon-cache hicolor-icon-theme humanity-icon-theme
#5 44.79   ibverbs-providers libaom3 libapparmor1 libargon2-1 libasan8
#5 44.79   libatk-bridge2.0-0t64 libatk1.0-0t64 libatomic1 libatspi2.0-0t64
#5 44.79   libavahi-client3 libavahi-common-data libavahi-common3 libbinutils libblkid1
#5 44.79   libbsd0 libc-bin libc-dev-bin libc6 libc6-dev libcairo-gobject2 libcairo2
#5 44.79   libcbor0.10 libcc1-0 libcolord2 libcrypt-dev libcryptsetup12 libctf-nobfd0
#5 44.79   libctf0 libcups2t64 libdatrie1 libdbus-1-3 libdconf1 libdeflate0
#5 44.79   libdevmapper1.02.1 libdouble-conversion3 libdrm-amdgpu1 libdrm-common
#5 44.79   libdrm2 libedit2 libegl-mesa0 libegl1 libelf1t64 libepoxy0 libevdev2
#5 44.79   libevent-2.1-7t64 libevent-core-2.1-7t64 libevent-dev
#5 44.79   libevent-extra-2.1-7t64 libevent-openssl-2.1-7t64 libevent-pthreads-2.1-7t64
#5 44.79   libexpat1 libfabric1 libfdisk1 libfido2-1 libfontconfig1 libfreetype6
#5 44.79   libfribidi0 libgbm1 libgcc-13-dev libgd3 libgdbm-compat4t64 libgdbm6t64
#5 44.79   libgdk-pixbuf-2.0-0 libgdk-pixbuf2.0-common libgfortran-13-dev libgfortran5
#5 44.79   libgl1 libgl1-mesa-dri libglib2.0-0t64 libglvnd0 libglx-mesa0 libglx0
#5 44.79   libgomp1 libgprofng0 libgraphite2-3 libgtk-3-0t64 libgtk-3-common
#5 44.79   libgudev-1.0-0 libharfbuzz0b libheif-plugin-aomdec libheif1 libhwasan0
#5 44.79   libhwloc-dev libhwloc-plugins libhwloc15 libibverbs-dev libibverbs1
#5 44.79   libice-dev libice6 libicu74 libinput-bin libinput10 libisl23 libitm1
#5 44.79   libjansson4 libjbig0 libjpeg-turbo8 libjpeg8 libjs-jquery libjs-jquery-ui
#5 44.79   libjson-c5 libkmod2 liblcms2-2 liblerc4 libllvm20 liblsan0 libltdl-dev
#5 44.79   libltdl7 liblua5.4-0 libmd4c0 libmount1 libmpc3 libmpfr6 libmtdev1t64
#5 44.79   libmunge2 libncurses-dev libncurses6 libncursesw6 libnl-3-200 libnl-3-dev
#5 44.79   libnl-route-3-200 libnl-route-3-dev libnotify4 libnuma-dev libnuma1
#5 44.79   libopenmpi-dev libopenmpi3t64 libpam-systemd libpango-1.0-0
#5 44.79   libpangocairo-1.0-0 libpangoft2-1.0-0 libpciaccess0 libpcre2-16-0
#5 44.79   libpcre2-32-0 libperl5.38t64 libpixman-1-0 libpmix-dev libpmix2t64
#5 44.79   libpng16-16t64 libpthread-stubs0-dev libqt5core5t64 libqt5dbus5t64
#5 44.79   libqt5gui5t64 libqt5network5t64 libqt5printsupport5t64 libqt5svg5
#5 44.79   libqt5widgets5t64 librdmacm1t64 libreadline-dev libreadline8t64
#5 44.79   libsensors-config libsensors5 libsframe1 libsharpyuv0 libsm-dev libsm6
#5 44.79   libsmartcols1 libstdc++-13-dev libsystemd-shared libthai-data libthai0
#5 44.79   libtiff6 libtinfo6 libtsan2 libubsan1 libucx0 libuuid1 libvulkan1
#5 44.79   libwacom-common libwacom9 libwayland-client0 libwayland-cursor0
#5 44.79   libwayland-egl1 libwayland-server0 libwebp7 libwebpmux3 libwxbase3.2-1t64
#5 44.79   libwxgtk3.2-1t64 libx11-6 libx11-data libx11-dev libx11-xcb1 libxau-dev
#5 44.79   libxau6 libxcb-dri3-0 libxcb-glx0 libxcb-icccm4 libxcb-image0
#5 44.79   libxcb-keysyms1 libxcb-present0 libxcb-randr0 libxcb-render-util0
#5 44.79   libxcb-render0 libxcb-shape0 libxcb-shm0 libxcb-sync1 libxcb-util1
#5 44.79   libxcb-xfixes0 libxcb-xinerama0 libxcb-xinput0 libxcb-xkb1 libxcb1
#5 44.79   libxcb1-dev libxcomposite1 libxcursor1 libxdamage1 libxdmcp-dev libxdmcp6
#5 44.79   libxext6 libxfixes3 libxi6 libxinerama1 libxkbcommon-x11-0 libxkbcommon0
#5 44.79   libxml2 libxnvctrl0 libxpm4 libxrandr2 libxrender1 libxshmfence1 libxt-dev
#5 44.79   libxt6t64 libxtst6 libxxf86vm1 linux-libc-dev m4 make mesa-libgallium mount
#5 44.79   ncurses-base ncurses-bin ocl-icd-libopencl1 openmpi-bin openmpi-common
#5 44.79   openssh-client perl perl-base perl-modules-5.38 readline-common rpcsvc-proto
#5 44.79   shared-mime-info systemd systemd-dev systemd-sysv ubuntu-mono util-linux
#5 44.79   x11-common x11proto-dev xkb-data xorg-sgml-doctools xtrans-dev zlib1g
#5 44.79   zlib1g-dev
#5 44.79 Suggested packages:
#5 44.79   liblocale-gettext-perl cron quota ecryptfs-utils autoconf-archive
#5 44.79   gnu-standards autoconf-doc libtool gettext binutils-doc gprofng-gui cpp-doc
#5 44.79   gcc-13-locales cpp-13-doc bison build-essential flex-doc gcc-13-doc
#5 44.79   gcc-multilib manpages-dev gdb gcc-doc gdb-aarch64-linux-gnu gfortran-13-doc
#5 44.79   libcoarrays-dev gnuplot-doc manpages glibc-doc locales libnss-nis
#5 44.79   libnss-nisplus colord cups-common libgd-tools gdbm-l10n low-memory-monitor
#5 44.79   gvfs libheif-plugin-libde265 libheif-plugin-x265 libheif-plugin-ffmpegdec
#5 44.79   libheif-plugin-jpegdec libheif-plugin-jpegenc libheif-plugin-j2kdec
#5 44.79   libheif-plugin-j2kenc libheif-plugin-rav1e libheif-plugin-svtenc libice-doc
#5 44.79   libjs-jquery-ui-docs liblcms2-utils libtool-doc cryptsetup-bin ncurses-doc
#5 44.79   notification-daemon openmpi-doc pciutils qgnomeplatform-qt5
#5 44.79   qt5-image-formats-plugins readline-doc lm-sensors libsm-doc libstdc++-13-doc
#5 44.79   libwacom-bin libx11-doc libxcb-doc libxt-doc m4-doc make-doc nfs-common
#5 44.79   opencl-icd gfortran | fortran-compiler keychain libpam-ssh monkeysphere
#5 44.79   ssh-askpass perl-doc libterm-readline-gnu-perl | libterm-readline-perl-perl
#5 44.79   libtap-harness-archive-perl systemd-container systemd-homed systemd-userdbd
#5 44.79   systemd-boot libip4tc2 libqrencode4 libtss2-esys-3.0.2-0 libtss2-mu-4.0.1-0
#5 44.79   libtss2-rc0 libtss2-tcti-device0 polkitd dosfstools kbd util-linux-extra
#5 44.79   util-linux-locales
#5 44.79 Recommended packages:
#5 44.79   librsvg2-common bsdextrautils libfl-dev at-spi2-core manpages manpages-dev
#5 44.79   libc-devtools dmsetup libgdk-pixbuf2.0-bin libglib2.0-data xdg-user-dirs
#5 44.79   libgtk-3-bin libheif-plugin-aomenc javascript-common libtool libgpm2
#5 44.79   libcoarrays-openmpi-dev qttranslations5-l10n qt5-gtk-platformtheme
#5 44.79   qtwayland5 uuid-runtime mesa-vulkan-drivers | vulkan-icd paraview xauth
#5 44.79   netbase networkd-dispatcher systemd-timesyncd | time-daemon systemd-resolved
#5 44.79   libnss-systemd
#5 45.09 The following NEW packages will be installed:
#5 45.09   adduser adwaita-icon-theme aglfn at-spi2-common autoconf automake
#5 45.09   autotools-dev binutils binutils-aarch64-linux-gnu binutils-common
#5 45.09   binutils-dev cpp cpp-13 cpp-13-aarch64-linux-gnu cpp-aarch64-linux-gnu dbus
#5 45.09   dbus-bin dbus-daemon dbus-session-bus-common dbus-system-bus-common
#5 45.09   dbus-user-session dconf-gsettings-backend dconf-service flex fontconfig
#5 45.09   fontconfig-config fonts-dejavu-core fonts-dejavu-mono g++ g++-13
#5 45.09   g++-13-aarch64-linux-gnu g++-aarch64-linux-gnu gcc gcc-13
#5 45.09   gcc-13-aarch64-linux-gnu gcc-13-base gcc-aarch64-linux-gnu gfortran-13
#5 45.09   gfortran-13-aarch64-linux-gnu gnuplot gnuplot-data gnuplot-qt
#5 45.09   gtk-update-icon-cache hicolor-icon-theme humanity-icon-theme
#5 45.09   ibverbs-providers libaom3 libapparmor1 libargon2-1 libasan8
#5 45.09   libatk-bridge2.0-0t64 libatk1.0-0t64 libatomic1 libatspi2.0-0t64
#5 45.09   libavahi-client3 libavahi-common-data libavahi-common3 libbinutils libbsd0
#5 45.09   libc-dev-bin libc6-dev libcairo-gobject2 libcairo2 libcbor0.10 libcc1-0
#5 45.09   libcolord2 libcrypt-dev libcryptsetup12 libctf-nobfd0 libctf0 libcups2t64
#5 45.09   libdatrie1 libdbus-1-3 libdconf1 libdeflate0 libdevmapper1.02.1
#5 45.09   libdouble-conversion3 libdrm-amdgpu1 libdrm-common libdrm2 libedit2
#5 45.09   libegl-mesa0 libegl1 libelf1t64 libepoxy0 libevdev2 libevent-2.1-7t64
#5 45.09   libevent-core-2.1-7t64 libevent-dev libevent-extra-2.1-7t64
#5 45.09   libevent-openssl-2.1-7t64 libevent-pthreads-2.1-7t64 libexpat1 libfabric1
#5 45.09   libfdisk1 libfido2-1 libfontconfig1 libfreetype6 libfribidi0 libgbm1
#5 45.09   libgcc-13-dev libgd3 libgdbm-compat4t64 libgdbm6t64 libgdk-pixbuf-2.0-0
#5 45.09   libgdk-pixbuf2.0-common libgfortran-13-dev libgfortran5 libgl1
#5 45.09   libgl1-mesa-dri libglib2.0-0t64 libglvnd0 libglx-mesa0 libglx0 libgomp1
#5 45.09   libgprofng0 libgraphite2-3 libgtk-3-0t64 libgtk-3-common libgudev-1.0-0
#5 45.09   libharfbuzz0b libheif-plugin-aomdec libheif1 libhwasan0 libhwloc-dev
#5 45.09   libhwloc-plugins libhwloc15 libibverbs-dev libibverbs1 libice-dev libice6
#5 45.09   libicu74 libinput-bin libinput10 libisl23 libitm1 libjansson4 libjbig0
#5 45.09   libjpeg-turbo8 libjpeg8 libjs-jquery libjs-jquery-ui libjson-c5 libkmod2
#5 45.09   liblcms2-2 liblerc4 libllvm20 liblsan0 libltdl-dev libltdl7 liblua5.4-0
#5 45.09   libmd4c0 libmpc3 libmpfr6 libmtdev1t64 libmunge2 libncurses-dev libncurses6
#5 45.09   libnl-3-200 libnl-3-dev libnl-route-3-200 libnl-route-3-dev libnotify4
#5 45.09   libnuma-dev libnuma1 libopenmpi-dev libopenmpi3t64 libpam-systemd
#5 45.09   libpango-1.0-0 libpangocairo-1.0-0 libpangoft2-1.0-0 libpciaccess0
#5 45.09   libpcre2-16-0 libpcre2-32-0 libperl5.38t64 libpixman-1-0 libpmix-dev
#5 45.09   libpmix2t64 libpng16-16t64 libpthread-stubs0-dev libqt5core5t64
#5 45.09   libqt5dbus5t64 libqt5gui5t64 libqt5network5t64 libqt5printsupport5t64
#5 45.09   libqt5svg5 libqt5widgets5t64 librdmacm1t64 libreadline-dev libreadline8t64
#5 45.09   libsensors-config libsensors5 libsframe1 libsharpyuv0 libsm-dev libsm6
#5 45.09   libstdc++-13-dev libsystemd-shared libthai-data libthai0 libtiff6 libtsan2
#5 45.09   libubsan1 libucx0 libvulkan1 libwacom-common libwacom9 libwayland-client0
#5 45.09   libwayland-cursor0 libwayland-egl1 libwayland-server0 libwebp7 libwebpmux3
#5 45.09   libwxbase3.2-1t64 libwxgtk3.2-1t64 libx11-6 libx11-data libx11-dev
#5 45.09   libx11-xcb1 libxau-dev libxau6 libxcb-dri3-0 libxcb-glx0 libxcb-icccm4
#5 45.09   libxcb-image0 libxcb-keysyms1 libxcb-present0 libxcb-randr0
#5 45.09   libxcb-render-util0 libxcb-render0 libxcb-shape0 libxcb-shm0 libxcb-sync1
#5 45.09   libxcb-util1 libxcb-xfixes0 libxcb-xinerama0 libxcb-xinput0 libxcb-xkb1
#5 45.09   libxcb1 libxcb1-dev libxcomposite1 libxcursor1 libxdamage1 libxdmcp-dev
#5 45.09   libxdmcp6 libxext6 libxfixes3 libxi6 libxinerama1 libxkbcommon-x11-0
#5 45.09   libxkbcommon0 libxml2 libxnvctrl0 libxpm4 libxrandr2 libxrender1
#5 45.09   libxshmfence1 libxt-dev libxt6t64 libxtst6 libxxf86vm1 linux-libc-dev m4
#5 45.09   make mesa-libgallium ocl-icd-libopencl1 openfoam14 openmpi-bin
#5 45.09   openmpi-common openssh-client perl perl-modules-5.38 readline-common
#5 45.09   rpcsvc-proto shared-mime-info systemd systemd-dev systemd-sysv ubuntu-mono
#5 45.09   x11-common x11proto-dev xkb-data xorg-sgml-doctools xtrans-dev zlib1g-dev
#5 45.09 The following packages will be upgraded:
#5 45.09   bsdutils libblkid1 libc-bin libc6 libmount1 libncursesw6 libsmartcols1
#5 45.09   libtinfo6 libuuid1 mount ncurses-base ncurses-bin perl-base util-linux
#5 45.09   zlib1g
#5 45.56 15 upgraded, 285 newly installed, 0 to remove and 16 not upgraded.
#5 45.56 Need to get 221 MB/343 MB of archives.
#5 45.56 After this operation, 1572 MB of additional disk space will be used.
#5 45.56 Get:1 http://ports.ubuntu.com/ubuntu-ports noble-updates/main arm64 bsdutils arm64 1:2.39.3-9ubuntu6.6 [99.1 kB]
#5 45.72 Get:2 /tmp/openfoam14.deb openfoam14 arm64 20260724 [122 MB]
#5 46.45 Get:3 http://ports.ubuntu.com/ubuntu-ports noble-updates/main arm64 ncurses-bin arm64 6.4+20240113-1ubuntu2.2 [186 kB]
#5 46.77 Get:4 http://ports.ubuntu.com/ubuntu-ports noble-updates/main arm64 perl-base arm64 5.38.2-3.2ubuntu0.6 [1780 kB]
#5 47.50 Get:5 http://ports.ubuntu.com/ubuntu-ports noble-updates/main arm64 util-linux arm64 2.39.3-9ubuntu6.6 [1116 kB]
#5 47.67 Get:6 http://ports.ubuntu.com/ubuntu-ports noble-updates/main arm64 libc6 arm64 2.39-0ubuntu8.9 [2776 kB]
#5 49.56 Get:7 http://ports.ubuntu.com/ubuntu-ports noble-updates/main arm64 libc-bin arm64 2.39-0ubuntu8.9 [591 kB]
#5 49.57 Get:8 http://ports.ubuntu.com/ubuntu-ports noble-updates/main arm64 ncurses-base all 6.4+20240113-1ubuntu2.2 [25.8 kB]
#5 49.57 Get:9 http://ports.ubuntu.com/ubuntu-ports noble-updates/main arm64 mount arm64 2.39.3-9ubuntu6.6 [116 kB]
#5 49.57 Get:10 http://ports.ubuntu.com/ubuntu-ports noble-updates/main arm64 libapparmor1 arm64 4.0.1really4.0.1-0ubuntu0.24.04.8 [51.9 kB]
#5 49.57 Get:11 http://ports.ubuntu.com/ubuntu-ports noble/main arm64 libargon2-1 arm64 0~20190702+dfsg-4build1 [20.5 kB]
#5 49.57 Get:12 http://ports.ubuntu.com/ubuntu-ports noble-updates/main arm64 libblkid1 arm64 2.39.3-9ubuntu6.6 [124 kB]
#5 49.57 Get:13 http://ports.ubuntu.com/ubuntu-ports noble-updates/main arm64 libdevmapper1.02.1 arm64 2:1.02.185-3ubuntu3.2 [128 kB]
#5 49.57 Get:14 http://ports.ubuntu.com/ubuntu-ports noble/main arm64 libjson-c5 arm64 0.17-1build1 [36.4 kB]
#5 49.57 Get:15 http://ports.ubuntu.com/ubuntu-ports noble-updates/main arm64 libuuid1 arm64 2.39.3-9ubuntu6.6 [36.8 kB]
#5 49.78 Get:16 http://ports.ubuntu.com/ubuntu-ports noble-updates/main arm64 libcryptsetup12 arm64 2:2.7.0-1ubuntu4.2 [261 kB]
#5 50.00 Get:17 http://ports.ubuntu.com/ubuntu-ports noble-updates/main arm64 libfdisk1 arm64 2.39.3-9ubuntu6.6 [142 kB]
#5 50.02 Get:18 http://ports.ubuntu.com/ubuntu-ports noble-security/main arm64 libkmod2 arm64 31+20240202-2ubuntu7.2 [52.0 kB]
#5 50.03 Get:19 http://ports.ubuntu.com/ubuntu-ports noble-updates/main arm64 libmount1 arm64 2.39.3-9ubuntu6.6 [134 kB]
#5 50.05 Get:20 http://ports.ubuntu.com/ubuntu-ports noble-updates/main arm64 libsystemd-shared arm64 255.4-1ubuntu8.17 [2021 kB]
#5 50.35 Get:21 http://ports.ubuntu.com/ubuntu-ports noble-updates/main arm64 systemd-dev all 255.4-1ubuntu8.17 [107 kB]
#5 50.36 Get:22 http://ports.ubuntu.com/ubuntu-ports noble-updates/main arm64 systemd arm64 255.4-1ubuntu8.17 [3407 kB]
#5 51.95 Get:23 http://ports.ubuntu.com/ubuntu-ports noble-updates/main arm64 systemd-sysv arm64 255.4-1ubuntu8.17 [11.9 kB]
#5 51.95 Get:24 http://ports.ubuntu.com/ubuntu-ports noble/main arm64 m4 arm64 1.4.19-4build1 [240 kB]
#5 51.96 Get:25 http://ports.ubuntu.com/ubuntu-ports noble/main arm64 flex arm64 2.6.4-8.2build1 [291 kB]
#5 52.05 Get:26 http://ports.ubuntu.com/ubuntu-ports noble-updates/main arm64 perl-modules-5.38 all 5.38.2-3.2ubuntu0.6 [3110 kB]
#5 52.20 Get:27 http://ports.ubuntu.com/ubuntu-ports noble/main arm64 libgdbm6t64 arm64 1.23-5.1build1 [34.4 kB]
#5 52.20 Get:28 http://ports.ubuntu.com/ubuntu-ports noble/main arm64 libgdbm-compat4t64 arm64 1.23-5.1build1 [6578 B]
#5 52.20 Get:29 http://ports.ubuntu.com/ubuntu-ports noble-updates/main arm64 zlib1g arm64 1:1.3.dfsg-3.1ubuntu2.2 [61.9 kB]
#5 52.21 Get:30 http://ports.ubuntu.com/ubuntu-ports noble-updates/main arm64 libperl5.38t64 arm64 5.38.2-3.2ubuntu0.6 [4785 kB]
#5 53.12 Get:31 http://ports.ubuntu.com/ubuntu-ports noble-updates/main arm64 perl arm64 5.38.2-3.2ubuntu0.6 [231 kB]
#5 53.16 Get:32 http://ports.ubuntu.com/ubuntu-ports noble-updates/main arm64 libsmartcols1 arm64 2.39.3-9ubuntu6.6 [65.8 kB]
#5 53.17 Get:33 http://ports.ubuntu.com/ubuntu-ports noble-updates/main arm64 libncursesw6 arm64 6.4+20240113-1ubuntu2.2 [146 kB]
#5 53.19 Get:34 http://ports.ubuntu.com/ubuntu-ports noble-updates/main arm64 libtinfo6 arm64 6.4+20240113-1ubuntu2.2 [105 kB]
#5 53.21 Get:35 http://ports.ubuntu.com/ubuntu-ports noble/main arm64 adduser all 3.137ubuntu1 [101 kB]
#5 53.56 Get:36 http://ports.ubuntu.com/ubuntu-ports noble-updates/main arm64 libdbus-1-3 arm64 1.14.10-4ubuntu4.1 [210 kB]
#5 53.62 Get:37 http://ports.ubuntu.com/ubuntu-ports noble-updates/main arm64 dbus-bin arm64 1.14.10-4ubuntu4.1 [38.8 kB]
#5 53.64 Get:38 http://ports.ubuntu.com/ubuntu-ports noble-updates/main arm64 dbus-session-bus-common all 1.14.10-4ubuntu4.1 [80.5 kB]
#5 53.66 Get:39 http://ports.ubuntu.com/ubuntu-ports noble-updates/main arm64 libexpat1 arm64 2.6.1-2ubuntu0.6 [89.8 kB]
#5 53.67 Get:40 http://ports.ubuntu.com/ubuntu-ports noble-updates/main arm64 dbus-daemon arm64 1.14.10-4ubuntu4.1 [115 kB]
#5 53.68 Get:41 http://ports.ubuntu.com/ubuntu-ports noble-updates/main arm64 dbus-system-bus-common all 1.14.10-4ubuntu4.1 [81.6 kB]
#5 53.68 Get:42 http://ports.ubuntu.com/ubuntu-ports noble-updates/main arm64 dbus arm64 1.14.10-4ubuntu4.1 [23.9 kB]
#5 53.68 Get:43 http://ports.ubuntu.com/ubuntu-ports noble-updates/main arm64 libpam-systemd arm64 255.4-1ubuntu8.17 [232 kB]
#5 53.69 Get:44 http://ports.ubuntu.com/ubuntu-ports noble-updates/main arm64 dbus-user-session arm64 1.14.10-4ubuntu4.1 [9968 B]
#5 53.79 Get:45 http://ports.ubuntu.com/ubuntu-ports noble-updates/main arm64 libbsd0 arm64 0.12.1-1build1.1 [41.0 kB]
#5 53.84 Get:46 http://ports.ubuntu.com/ubuntu-ports noble-updates/main arm64 libelf1t64 arm64 0.190-1.1ubuntu0.1 [58.4 kB]
#5 53.85 Get:47 http://ports.ubuntu.com/ubuntu-ports noble/main arm64 libfribidi0 arm64 1.0.13-3build1 [26.5 kB]
#5 53.88 Get:48 http://ports.ubuntu.com/ubuntu-ports noble-updates/main arm64 libglib2.0-0t64 arm64 2.80.0-6ubuntu3.9 [1533 kB]
#5 54.18 Get:49 http://ports.ubuntu.com/ubuntu-ports noble-updates/main arm64 libicu74 arm64 74.2-1ubuntu3.1 [10.8 MB]
#5 56.15 Get:50 http://ports.ubuntu.com/ubuntu-ports noble/main arm64 readline-common all 8.2-4build1 [56.5 kB]
#5 56.15 Get:51 http://ports.ubuntu.com/ubuntu-ports noble/main arm64 libreadline8t64 arm64 8.2-4build1 [153 kB]
#5 56.17 Get:52 http://ports.ubuntu.com/ubuntu-ports noble-updates/main arm64 libxml2 arm64 2.9.14+dfsg-1.3ubuntu3.9 [737 kB]
#5 56.32 Get:53 http://ports.ubuntu.com/ubuntu-ports noble/main arm64 shared-mime-info arm64 2.4-4 [472 kB]
#5 56.40 Get:54 http://ports.ubuntu.com/ubuntu-ports noble-updates/main arm64 xkb-data all 2.41-2ubuntu1.1 [397 kB]
#5 56.49 Get:55 http://ports.ubuntu.com/ubuntu-ports noble-updates/main arm64 libnl-3-200 arm64 3.7.0-0.3build1.1 [57.5 kB]
#5 56.50 Get:56 http://ports.ubuntu.com/ubuntu-ports noble-updates/main arm64 libnl-route-3-200 arm64 3.7.0-0.3build1.1 [182 kB]
#5 56.54 Get:57 http://ports.ubuntu.com/ubuntu-ports noble-updates/main arm64 libibverbs1 arm64 50.0-2ubuntu0.2 [67.5 kB]
#5 56.55 Get:58 http://ports.ubuntu.com/ubuntu-ports noble-updates/main arm64 ibverbs-providers arm64 50.0-2ubuntu0.2 [375 kB]
#5 56.94 Get:59 http://ports.ubuntu.com/ubuntu-ports noble/main arm64 libcbor0.10 arm64 0.10.2-1.2ubuntu2 [26.0 kB]
#5 56.94 Get:60 http://ports.ubuntu.com/ubuntu-ports noble-updates/main arm64 libdrm-common all 2.4.125-1ubuntu0.1~24.04.2 [9250 B]
#5 56.95 Get:61 http://ports.ubuntu.com/ubuntu-ports noble-updates/main arm64 libdrm2 arm64 2.4.125-1ubuntu0.1~24.04.2 [42.9 kB]
#5 56.96 Get:62 http://ports.ubuntu.com/ubuntu-ports noble/main arm64 libedit2 arm64 3.1-20230828-1build1 [97.5 kB]
#5 56.97 Get:63 http://ports.ubuntu.com/ubuntu-ports noble/main arm64 libevdev2 arm64 1.13.1+dfsg-1build1 [35.8 kB]
#5 56.97 Get:64 http://ports.ubuntu.com/ubuntu-ports noble/main arm64 libfido2-1 arm64 1.14.0-1build3 [82.5 kB]
#5 56.97 Get:65 http://ports.ubuntu.com/ubuntu-ports noble/main arm64 libjansson4 arm64 2.14-2build2 [34.4 kB]
#5 56.97 Get:66 http://ports.ubuntu.com/ubuntu-ports noble-updates/main arm64 libncurses6 arm64 6.4+20240113-1ubuntu2.2 [110 kB]
#5 56.98 Get:67 http://ports.ubuntu.com/ubuntu-ports noble-updates/main arm64 libnuma1 arm64 2.0.18-1ubuntu0.24.04.1 [23.7 kB]
#5 57.15 Get:68 http://ports.ubuntu.com/ubuntu-ports noble-updates/main arm64 libpng16-16t64 arm64 1.6.43-5ubuntu0.6 [187 kB]
#5 57.19 Get:69 http://ports.ubuntu.com/ubuntu-ports noble/main arm64 libsensors-config all 1:3.6.0-9build1 [5546 B]
#5 57.19 Get:70 http://ports.ubuntu.com/ubuntu-ports noble/main arm64 libsensors5 arm64 1:3.6.0-9build1 [27.0 kB]
#5 57.19 Get:71 http://ports.ubuntu.com/ubuntu-ports noble/main arm64 libxau6 arm64 1:1.0.9-1build6 [7264 B]
#5 57.40 Get:72 http://ports.ubuntu.com/ubuntu-ports noble/main arm64 libxdmcp6 arm64 1:1.1.3-0ubuntu6 [10.4 kB]
#5 57.62 Get:73 http://ports.ubuntu.com/ubuntu-ports noble/main arm64 libxcb1 arm64 1.15-1ubuntu2 [49.4 kB]
#5 57.63 Get:74 http://ports.ubuntu.com/ubuntu-ports noble/main arm64 libx11-data all 2:1.8.7-1build1 [115 kB]
#5 57.65 Get:75 http://ports.ubuntu.com/ubuntu-ports noble/main arm64 libx11-6 arm64 2:1.8.7-1build1 [649 kB]
#5 57.77 Get:76 http://ports.ubuntu.com/ubuntu-ports noble/main arm64 libxext6 arm64 2:1.3.4-1build2 [30.4 kB]
#5 57.78 Get:77 http://ports.ubuntu.com/ubuntu-ports noble/main arm64 libxkbcommon0 arm64 1.6.0-1build1 [122 kB]
#5 57.80 Get:78 http://ports.ubuntu.com/ubuntu-ports noble-updates/main arm64 openssh-client arm64 1:9.6p1-3ubuntu13.19 [890 kB]
#5 57.96 Get:79 http://ports.ubuntu.com/ubuntu-ports noble-updates/main arm64 libgdk-pixbuf2.0-common all 2.42.10+dfsg-3ubuntu3.3 [8302 B]
#5 57.97 Get:80 http://ports.ubuntu.com/ubuntu-ports noble/main arm64 libjpeg-turbo8 arm64 2.1.5-2ubuntu2 [163 kB]
#5 58.01 Get:81 http://ports.ubuntu.com/ubuntu-ports noble/main arm64 libjpeg8 arm64 8c-2ubuntu11 [2148 B]
#5 58.01 Get:82 http://ports.ubuntu.com/ubuntu-ports noble-updates/main arm64 libdeflate0 arm64 1.19-1build1.1 [43.5 kB]
#5 58.01 Get:83 http://ports.ubuntu.com/ubuntu-ports noble/main arm64 libjbig0 arm64 2.1-6.1ubuntu2 [29.3 kB]
#5 58.01 Get:84 http://ports.ubuntu.com/ubuntu-ports noble/main arm64 liblerc4 arm64 4.0.0+ds-4ubuntu2 [154 kB]
#5 58.04 Get:85 http://ports.ubuntu.com/ubuntu-ports noble/main arm64 libsharpyuv0 arm64 1.3.2-0.4build3 [14.5 kB]
#5 58.04 Get:86 http://ports.ubuntu.com/ubuntu-ports noble/main arm64 libwebp7 arm64 1.3.2-0.4build3 [191 kB]
#5 58.07 Get:87 http://ports.ubuntu.com/ubuntu-ports noble-updates/main arm64 libtiff6 arm64 4.5.1+git230720-4ubuntu2.5 [192 kB]
#5 58.21 Get:88 http://ports.ubuntu.com/ubuntu-ports noble-updates/main arm64 libgdk-pixbuf-2.0-0 arm64 2.42.10+dfsg-3ubuntu3.3 [146 kB]
#5 58.24 Get:89 http://ports.ubuntu.com/ubuntu-ports noble-updates/main arm64 gtk-update-icon-cache arm64 3.24.41-4ubuntu1.3 [52.2 kB]
#5 58.25 Get:90 http://ports.ubuntu.com/ubuntu-ports noble/main arm64 hicolor-icon-theme all 0.17-2 [9976 B]
#5 58.25 Get:91 http://ports.ubuntu.com/ubuntu-ports noble/main arm64 humanity-icon-theme all 0.6.16 [1282 kB]
#5 58.49 Get:92 http://ports.ubuntu.com/ubuntu-ports noble/main arm64 ubuntu-mono all 24.04-0ubuntu1 [151 kB]
#5 58.51 Get:93 http://ports.ubuntu.com/ubuntu-ports noble/main arm64 adwaita-icon-theme all 46.0-1 [723 kB]
#5 58.67 Get:94 http://ports.ubuntu.com/ubuntu-ports noble/main arm64 at-spi2-common all 2.52.0-1build1 [8674 B]
#5 58.67 Get:95 http://ports.ubuntu.com/ubuntu-ports noble/main arm64 autoconf all 2.71-3 [339 kB]
#5 58.75 Get:96 http://ports.ubuntu.com/ubuntu-ports noble/main arm64 autotools-dev all 20220109.1 [44.9 kB]
#5 58.77 Get:97 http://ports.ubuntu.com/ubuntu-ports noble/main arm64 automake all 1:1.16.5-1.3ubuntu1 [558 kB]
#5 58.87 Get:98 http://ports.ubuntu.com/ubuntu-ports noble-updates/main arm64 binutils-common arm64 2.42-4ubuntu2.10 [240 kB]
#5 58.92 Get:99 http://ports.ubuntu.com/ubuntu-ports noble-updates/main arm64 libsframe1 arm64 2.42-4ubuntu2.10 [15.4 kB]
#5 58.92 Get:100 http://ports.ubuntu.com/ubuntu-ports noble-updates/main arm64 libbinutils arm64 2.42-4ubuntu2.10 [766 kB]
#5 59.08 Get:101 http://ports.ubuntu.com/ubuntu-ports noble-updates/main arm64 libctf-nobfd0 arm64 2.42-4ubuntu2.10 [101 kB]
#5 59.10 Get:102 http://ports.ubuntu.com/ubuntu-ports noble-updates/main arm64 libctf0 arm64 2.42-4ubuntu2.10 [95.7 kB]
#5 59.52 Get:103 http://ports.ubuntu.com/ubuntu-ports noble-updates/main arm64 libgprofng0 arm64 2.42-4ubuntu2.10 [776 kB]
#5 60.95 Get:104 http://ports.ubuntu.com/ubuntu-ports noble-updates/main arm64 binutils-aarch64-linux-gnu arm64 2.42-4ubuntu2.10 [3304 kB]
#5 61.52 Get:105 http://ports.ubuntu.com/ubuntu-ports noble-updates/main arm64 binutils arm64 2.42-4ubuntu2.10 [18.1 kB]
#5 61.52 Get:106 http://ports.ubuntu.com/ubuntu-ports noble-updates/main arm64 gcc-13-base arm64 13.3.0-6ubuntu2~24.04.1 [51.6 kB]
#5 61.53 Get:107 http://ports.ubuntu.com/ubuntu-ports noble-updates/main arm64 libisl23 arm64 0.26-3build1.1 [669 kB]
#5 61.63 Get:108 http://ports.ubuntu.com/ubuntu-ports noble-updates/main arm64 libmpfr6 arm64 4.2.1-1build1.1 [329 kB]
#5 61.66 Get:109 http://ports.ubuntu.com/ubuntu-ports noble-updates/main arm64 libmpc3 arm64 1.3.1-1build1.1 [56.4 kB]
#5 61.67 Get:110 http://ports.ubuntu.com/ubuntu-ports noble-updates/main arm64 cpp-13-aarch64-linux-gnu arm64 13.3.0-6ubuntu2~24.04.1 [9560 kB]
#5 63.13 Get:111 http://ports.ubuntu.com/ubuntu-ports noble-updates/main arm64 cpp-13 arm64 13.3.0-6ubuntu2~24.04.1 [1038 B]
#5 63.13 Get:112 http://ports.ubuntu.com/ubuntu-ports noble/main arm64 cpp-aarch64-linux-gnu arm64 4:13.2.0-7ubuntu1 [5316 B]
#5 63.13 Get:113 http://ports.ubuntu.com/ubuntu-ports noble/main arm64 cpp arm64 4:13.2.0-7ubuntu1 [22.4 kB]
#5 63.14 Get:114 http://ports.ubuntu.com/ubuntu-ports noble-updates/main arm64 libdconf1 arm64 0.40.0-4ubuntu0.1 [39.9 kB]
#5 63.14 Get:115 http://ports.ubuntu.com/ubuntu-ports noble-updates/main arm64 dconf-service arm64 0.40.0-4ubuntu0.1 [27.0 kB]
#5 63.14 Get:116 http://ports.ubuntu.com/ubuntu-ports noble-updates/main arm64 dconf-gsettings-backend arm64 0.40.0-4ubuntu0.1 [22.0 kB]
#5 63.14 Get:117 http://ports.ubuntu.com/ubuntu-ports noble-updates/main arm64 libfreetype6 arm64 2.13.2+dfsg-1ubuntu0.1 [394 kB]
#5 63.14 Get:118 http://ports.ubuntu.com/ubuntu-ports noble/main arm64 fonts-dejavu-mono all 2.37-8 [502 kB]
#5 63.14 Get:119 http://ports.ubuntu.com/ubuntu-ports noble/main arm64 fonts-dejavu-core all 2.37-8 [835 kB]
#5 63.34 Get:120 http://ports.ubuntu.com/ubuntu-ports noble/main arm64 fontconfig-config arm64 2.15.0-1.1ubuntu2 [37.4 kB]
#5 63.34 Get:121 http://ports.ubuntu.com/ubuntu-ports noble/main arm64 libfontconfig1 arm64 2.15.0-1.1ubuntu2 [142 kB]
#5 63.36 Get:122 http://ports.ubuntu.com/ubuntu-ports noble/main arm64 fontconfig arm64 2.15.0-1.1ubuntu2 [190 kB]
#5 63.38 Get:123 http://ports.ubuntu.com/ubuntu-ports noble-updates/main arm64 libcc1-0 arm64 14.2.0-4ubuntu2~24.04.1 [49.7 kB]
#5 63.39 Get:124 http://ports.ubuntu.com/ubuntu-ports noble-updates/main arm64 libgomp1 arm64 14.2.0-4ubuntu2~24.04.1 [145 kB]
#5 63.40 Get:125 http://ports.ubuntu.com/ubuntu-ports noble-updates/main arm64 libitm1 arm64 14.2.0-4ubuntu2~24.04.1 [28.2 kB]
#5 63.41 Get:126 http://ports.ubuntu.com/ubuntu-ports noble-updates/main arm64 libatomic1 arm64 14.2.0-4ubuntu2~24.04.1 [11.6 kB]
#5 63.42 Get:127 http://ports.ubuntu.com/ubuntu-ports noble-updates/main arm64 libasan8 arm64 14.2.0-4ubuntu2~24.04.1 [2928 kB]
#5 63.95 Get:128 http://ports.ubuntu.com/ubuntu-ports noble-updates/main arm64 liblsan0 arm64 14.2.0-4ubuntu2~24.04.1 [1289 kB]
#5 64.14 Get:129 http://ports.ubuntu.com/ubuntu-ports noble-updates/main arm64 libtsan2 arm64 14.2.0-4ubuntu2~24.04.1 [2697 kB]
#5 64.76 Get:130 http://ports.ubuntu.com/ubuntu-ports noble-updates/main arm64 libubsan1 arm64 14.2.0-4ubuntu2~24.04.1 [1157 kB]
#5 64.86 Get:131 http://ports.ubuntu.com/ubuntu-ports noble-updates/main arm64 libhwasan0 arm64 14.2.0-4ubuntu2~24.04.1 [1605 kB]
#5 65.28 Get:132 http://ports.ubuntu.com/ubuntu-ports noble-updates/main arm64 libgcc-13-dev arm64 13.3.0-6ubuntu2~24.04.1 [2473 kB]
#5 65.39 Get:133 http://ports.ubuntu.com/ubuntu-ports noble-updates/main arm64 gcc-13-aarch64-linux-gnu arm64 13.3.0-6ubuntu2~24.04.1 [18.7 MB]
#5 68.95 Get:134 http://ports.ubuntu.com/ubuntu-ports noble-updates/main arm64 gcc-13 arm64 13.3.0-6ubuntu2~24.04.1 [484 kB]
#5 69.01 Get:135 http://ports.ubuntu.com/ubuntu-ports noble/main arm64 gcc-aarch64-linux-gnu arm64 4:13.2.0-7ubuntu1 [1198 B]
#5 69.02 Get:136 http://ports.ubuntu.com/ubuntu-ports noble/main arm64 gcc arm64 4:13.2.0-7ubuntu1 [5018 B]
#5 69.02 Get:137 http://ports.ubuntu.com/ubuntu-ports noble-updates/main arm64 libc-dev-bin arm64 2.39-0ubuntu8.9 [19.7 kB]
#5 69.02 Get:138 http://ports.ubuntu.com/ubuntu-ports noble-updates/main arm64 linux-libc-dev arm64 6.8.0-146.146 [1515 kB]
#5 69.33 Get:139 http://ports.ubuntu.com/ubuntu-ports noble/main arm64 libcrypt-dev arm64 1:4.4.36-4build1 [118 kB]
#5 69.33 Get:140 http://ports.ubuntu.com/ubuntu-ports noble/main arm64 rpcsvc-proto arm64 1.4.2-0ubuntu7 [64.8 kB]
#5 69.34 Get:141 http://ports.ubuntu.com/ubuntu-ports noble-updates/main arm64 libc6-dev arm64 2.39-0ubuntu8.9 [1596 kB]
#5 69.62 Get:142 http://ports.ubuntu.com/ubuntu-ports noble-updates/main arm64 libstdc++-13-dev arm64 13.3.0-6ubuntu2~24.04.1 [2397 kB]
#5 70.06 Get:143 http://ports.ubuntu.com/ubuntu-ports noble-updates/main arm64 g++-13-aarch64-linux-gnu arm64 13.3.0-6ubuntu2~24.04.1 [10.9 MB]
#5 72.05 Get:144 http://ports.ubuntu.com/ubuntu-ports noble-updates/main arm64 g++-13 arm64 13.3.0-6ubuntu2~24.04.1 [16.0 kB]
#5 72.05 Get:145 http://ports.ubuntu.com/ubuntu-ports noble/main arm64 g++-aarch64-linux-gnu arm64 4:13.2.0-7ubuntu1 [962 B]
#5 72.05 Get:146 http://ports.ubuntu.com/ubuntu-ports noble/main arm64 g++ arm64 4:13.2.0-7ubuntu1 [1082 B]
#5 72.05 Get:147 http://ports.ubuntu.com/ubuntu-ports noble-updates/main arm64 libgfortran5 arm64 14.2.0-4ubuntu2~24.04.1 [439 kB]
#5 72.12 Get:148 http://ports.ubuntu.com/ubuntu-ports noble-updates/main arm64 libgfortran-13-dev arm64 13.3.0-6ubuntu2~24.04.1 [481 kB]
#5 72.19 Get:149 http://ports.ubuntu.com/ubuntu-ports noble-updates/main arm64 gfortran-13-aarch64-linux-gnu arm64 13.3.0-6ubuntu2~24.04.1 [10.3 MB]
#5 74.64 Get:150 http://ports.ubuntu.com/ubuntu-ports noble-updates/main arm64 gfortran-13 arm64 13.3.0-6ubuntu2~24.04.1 [13.9 kB]
#5 74.65 Get:151 http://ports.ubuntu.com/ubuntu-ports noble/universe arm64 aglfn all 1.7+git20191031.4036a9c-2 [30.6 kB]
#5 74.65 Get:152 http://ports.ubuntu.com/ubuntu-ports noble/universe arm64 gnuplot-data all 6.0.0+dfsg1-1ubuntu3 [75.3 kB]
#5 74.65 Get:153 http://ports.ubuntu.com/ubuntu-ports noble/main arm64 libpixman-1-0 arm64 0.42.2-1build1 [204 kB]
#5 74.70 Get:154 http://ports.ubuntu.com/ubuntu-ports noble/main arm64 libxcb-render0 arm64 1.15-1ubuntu2 [16.6 kB]
#5 74.70 Get:155 http://ports.ubuntu.com/ubuntu-ports noble/main arm64 libxcb-shm0 arm64 1.15-1ubuntu2 [5876 B]
#5 74.70 Get:156 http://ports.ubuntu.com/ubuntu-ports noble/main arm64 libxrender1 arm64 1:0.9.10-1.1build1 [18.8 kB]
#5 74.70 Get:157 http://ports.ubuntu.com/ubuntu-ports noble/main arm64 libcairo2 arm64 1.18.0-3build1 [555 kB]
#5 74.82 Get:158 http://ports.ubuntu.com/ubuntu-ports noble-updates/main arm64 libaom3 arm64 3.8.2-2ubuntu0.2 [1620 kB]
#5 75.06 Get:159 http://ports.ubuntu.com/ubuntu-ports noble-updates/main arm64 libheif-plugin-aomdec arm64 1.17.6-1ubuntu4.9 [11.7 kB]
#5 75.06 Get:160 http://ports.ubuntu.com/ubuntu-ports noble-updates/main arm64 libheif1 arm64 1.17.6-1ubuntu4.9 [261 kB]
#5 75.11 Get:161 http://ports.ubuntu.com/ubuntu-ports noble-updates/main arm64 libxpm4 arm64 1:3.5.17-1ubuntu0.24.04.2 [35.3 kB]
#5 75.11 Get:162 http://ports.ubuntu.com/ubuntu-ports noble/main arm64 libgd3 arm64 2.3.3-9ubuntu5 [122 kB]
#5 75.13 Get:163 http://ports.ubuntu.com/ubuntu-ports noble/main arm64 liblua5.4-0 arm64 5.4.6-3build2 [158 kB]
#5 75.16 Get:164 http://ports.ubuntu.com/ubuntu-ports noble-updates/main arm64 libgraphite2-3 arm64 1.3.14-2ubuntu0.24.04.1 [71.1 kB]
#5 75.17 Get:165 http://ports.ubuntu.com/ubuntu-ports noble/main arm64 libharfbuzz0b arm64 8.3.0-2build2 [463 kB]
#5 75.25 Get:166 http://ports.ubuntu.com/ubuntu-ports noble/main arm64 libthai-data all 0.1.29-2build1 [158 kB]
#5 75.28 Get:167 http://ports.ubuntu.com/ubuntu-ports noble/main arm64 libdatrie1 arm64 0.2.13-3build1 [19.2 kB]
#5 75.28 Get:168 http://ports.ubuntu.com/ubuntu-ports noble/main arm64 libthai0 arm64 0.1.29-2build1 [18.2 kB]
#5 75.31 Get:169 http://ports.ubuntu.com/ubuntu-ports noble/main arm64 libpango-1.0-0 arm64 1.52.1+ds-1build1 [228 kB]
#5 75.33 Get:170 http://ports.ubuntu.com/ubuntu-ports noble/main arm64 libpangoft2-1.0-0 arm64 1.52.1+ds-1build1 [42.0 kB]
#5 75.33 Get:171 http://ports.ubuntu.com/ubuntu-ports noble/main arm64 libpangocairo-1.0-0 arm64 1.52.1+ds-1build1 [27.4 kB]
#5 75.34 Get:172 http://ports.ubuntu.com/ubuntu-ports noble/universe arm64 libdouble-conversion3 arm64 3.3.0-1build1 [38.0 kB]
#5 75.36 Get:173 http://ports.ubuntu.com/ubuntu-ports noble-updates/main arm64 libpcre2-16-0 arm64 10.42-4ubuntu2.1 [196 kB]
#5 75.39 Get:174 http://ports.ubuntu.com/ubuntu-ports noble/universe arm64 libqt5core5t64 arm64 5.15.13+dfsg-1ubuntu1 [1973 kB]
#5 75.74 Get:175 http://ports.ubuntu.com/ubuntu-ports noble/main arm64 libglvnd0 arm64 1.7.0-1build1 [60.6 kB]
#5 75.75 Get:176 http://ports.ubuntu.com/ubuntu-ports noble/main arm64 libwayland-server0 arm64 1.22.0-2.1build1 [34.6 kB]
#5 75.76 Get:177 http://ports.ubuntu.com/ubuntu-ports noble-updates/main arm64 libdrm-amdgpu1 arm64 2.4.125-1ubuntu0.1~24.04.2 [21.9 kB]
#5 75.76 Get:178 http://ports.ubuntu.com/ubuntu-ports noble-updates/main arm64 libllvm20 arm64 1:20.1.2-0ubuntu1~24.04.3 [29.3 MB]
#5 80.98 Get:179 http://ports.ubuntu.com/ubuntu-ports noble/main arm64 libx11-xcb1 arm64 2:1.8.7-1build1 [7870 B]
#5 80.98 Get:180 http://ports.ubuntu.com/ubuntu-ports noble/main arm64 libxcb-dri3-0 arm64 1.15-1ubuntu2 [7196 B]
#5 80.98 Get:181 http://ports.ubuntu.com/ubuntu-ports noble/main arm64 libxcb-present0 arm64 1.15-1ubuntu2 [5866 B]
#5 80.98 Get:182 http://ports.ubuntu.com/ubuntu-ports noble/main arm64 libxcb-randr0 arm64 1.15-1ubuntu2 [18.4 kB]
#5 80.98 Get:183 http://ports.ubuntu.com/ubuntu-ports noble/main arm64 libxcb-sync1 arm64 1.15-1ubuntu2 [9682 B]
#5 80.98 Get:184 http://ports.ubuntu.com/ubuntu-ports noble/main arm64 libxcb-xfixes0 arm64 1.15-1ubuntu2 [10.6 kB]
#5 80.98 Get:185 http://ports.ubuntu.com/ubuntu-ports noble/main arm64 libxshmfence1 arm64 1.3-1build5 [4938 B]
#5 80.98 Get:186 http://ports.ubuntu.com/ubuntu-ports noble-updates/main arm64 mesa-libgallium arm64 25.2.8-0ubuntu0.24.04.3 [12.1 MB]
#5 83.13 Get:187 http://ports.ubuntu.com/ubuntu-ports noble-updates/main arm64 libgbm1 arm64 25.2.8-0ubuntu0.24.04.3 [35.1 kB]
#5 83.13 Get:188 http://ports.ubuntu.com/ubuntu-ports noble/main arm64 libwayland-client0 arm64 1.22.0-2.1build1 [25.9 kB]
#5 83.13 Get:189 http://ports.ubuntu.com/ubuntu-ports noble-updates/main arm64 libegl-mesa0 arm64 25.2.8-0ubuntu0.24.04.3 [121 kB]
#5 83.14 Get:190 http://ports.ubuntu.com/ubuntu-ports noble/main arm64 libegl1 arm64 1.7.0-1build1 [29.5 kB]
#5 83.15 Get:191 http://ports.ubuntu.com/ubuntu-ports noble/main arm64 libxcb-glx0 arm64 1.15-1ubuntu2 [25.5 kB]
#5 83.15 Get:192 http://ports.ubuntu.com/ubuntu-ports noble/main arm64 libxxf86vm1 arm64 1:1.1.4-1build4 [9130 B]
#5 83.16 Get:193 http://ports.ubuntu.com/ubuntu-ports noble/main arm64 libvulkan1 arm64 1.3.275.0-1build1 [150 kB]
#5 83.20 Get:194 http://ports.ubuntu.com/ubuntu-ports noble-updates/main arm64 libgl1-mesa-dri arm64 25.2.8-0ubuntu0.24.04.3 [37.0 kB]
#5 83.20 Get:195 http://ports.ubuntu.com/ubuntu-ports noble-updates/main arm64 libglx-mesa0 arm64 25.2.8-0ubuntu0.24.04.3 [111 kB]
#5 83.32 Get:196 http://ports.ubuntu.com/ubuntu-ports noble/main arm64 libglx0 arm64 1.7.0-1build1 [33.2 kB]
#5 83.33 Get:197 http://ports.ubuntu.com/ubuntu-ports noble/main arm64 libgl1 arm64 1.7.0-1build1 [106 kB]
#5 83.34 Get:198 http://ports.ubuntu.com/ubuntu-ports noble/main arm64 x11-common all 1:7.7+23ubuntu3 [21.7 kB]
#5 83.35 Get:199 http://ports.ubuntu.com/ubuntu-ports noble/main arm64 libice6 arm64 2:1.0.10-1build3 [41.1 kB]
#5 83.35 Get:200 http://ports.ubuntu.com/ubuntu-ports noble/main arm64 libmtdev1t64 arm64 1.1.6-1.1build1 [14.3 kB]
#5 83.35 Get:201 http://ports.ubuntu.com/ubuntu-ports noble/main arm64 libgudev-1.0-0 arm64 1:238-5ubuntu1 [15.1 kB]
#5 83.36 Get:202 http://ports.ubuntu.com/ubuntu-ports noble/main arm64 libwacom-common all 2.10.0-2 [63.4 kB]
#5 83.39 Get:203 http://ports.ubuntu.com/ubuntu-ports noble/main arm64 libwacom9 arm64 2.10.0-2 [23.7 kB]
#5 83.82 Get:204 http://ports.ubuntu.com/ubuntu-ports noble-updates/main arm64 libinput-bin arm64 1.25.0-1ubuntu3.7 [23.6 kB]
#5 84.28 Get:205 http://ports.ubuntu.com/ubuntu-ports noble-updates/main arm64 libinput10 arm64 1.25.0-1ubuntu3.7 [129 kB]
#5 84.79 Get:206 http://ports.ubuntu.com/ubuntu-ports noble/universe arm64 libmd4c0 arm64 0.4.8-1build1 [40.9 kB]
#5 84.87 Get:207 http://ports.ubuntu.com/ubuntu-ports noble/universe arm64 libqt5dbus5t64 arm64 5.15.13+dfsg-1ubuntu1 [224 kB]
#5 85.12 Get:208 http://ports.ubuntu.com/ubuntu-ports noble/universe arm64 libqt5network5t64 arm64 5.15.13+dfsg-1ubuntu1 [741 kB]
#5 85.45 Get:209 http://ports.ubuntu.com/ubuntu-ports noble/main arm64 libsm6 arm64 2:1.2.3-1build3 [15.6 kB]
#5 85.45 Get:210 http://ports.ubuntu.com/ubuntu-ports noble/main arm64 libxcb-icccm4 arm64 0.4.1-1.1build3 [10.5 kB]
#5 85.45 Get:211 http://ports.ubuntu.com/ubuntu-ports noble/main arm64 libxcb-util1 arm64 0.4.0-1build3 [10.7 kB]
#5 85.45 Get:212 http://ports.ubuntu.com/ubuntu-ports noble/main arm64 libxcb-image0 arm64 0.4.0-2build1 [10.8 kB]
#5 85.46 Get:213 http://ports.ubuntu.com/ubuntu-ports noble/main arm64 libxcb-keysyms1 arm64 0.4.0-1build4 [7984 B]
#5 85.46 Get:214 http://ports.ubuntu.com/ubuntu-ports noble/main arm64 libxcb-render-util0 arm64 0.3.9-1build4 [9648 B]
#5 85.46 Get:215 http://ports.ubuntu.com/ubuntu-ports noble/main arm64 libxcb-shape0 arm64 1.15-1ubuntu2 [6250 B]
#5 85.46 Get:216 http://ports.ubuntu.com/ubuntu-ports noble/main arm64 libxcb-xinerama0 arm64 1.15-1ubuntu2 [5598 B]
#5 85.47 Get:217 http://ports.ubuntu.com/ubuntu-ports noble/main arm64 libxcb-xinput0 arm64 1.15-1ubuntu2 [34.2 kB]
#5 85.66 Get:218 http://ports.ubuntu.com/ubuntu-ports noble/main arm64 libxcb-xkb1 arm64 1.15-1ubuntu2 [32.6 kB]
#5 85.66 Get:219 http://ports.ubuntu.com/ubuntu-ports noble/main arm64 libxkbcommon-x11-0 arm64 1.6.0-1build1 [13.6 kB]
#5 85.66 Get:220 http://ports.ubuntu.com/ubuntu-ports noble/universe arm64 libqt5gui5t64 arm64 5.15.13+dfsg-1ubuntu1 [3617 kB]
#5 86.29 Get:221 http://ports.ubuntu.com/ubuntu-ports noble-updates/main arm64 libavahi-common-data arm64 0.8-13ubuntu6.2 [30.0 kB]
#5 86.29 Get:222 http://ports.ubuntu.com/ubuntu-ports noble-updates/main arm64 libavahi-common3 arm64 0.8-13ubuntu6.2 [23.3 kB]
#5 86.30 Get:223 http://ports.ubuntu.com/ubuntu-ports noble-updates/main arm64 libavahi-client3 arm64 0.8-13ubuntu6.2 [27.3 kB]
#5 86.30 Get:224 http://ports.ubuntu.com/ubuntu-ports noble-updates/main arm64 libcups2t64 arm64 2.4.7-1.2ubuntu7.14 [277 kB]
#5 86.34 Get:225 http://ports.ubuntu.com/ubuntu-ports noble/universe arm64 libqt5widgets5t64 arm64 5.15.13+dfsg-1ubuntu1 [2564 kB]
#5 86.73 Get:226 http://ports.ubuntu.com/ubuntu-ports noble/universe arm64 libqt5printsupport5t64 arm64 5.15.13+dfsg-1ubuntu1 [210 kB]
#5 86.74 Get:227 http://ports.ubuntu.com/ubuntu-ports noble/universe arm64 libqt5svg5 arm64 5.15.13-1 [148 kB]
#5 86.76 Get:228 http://ports.ubuntu.com/ubuntu-ports noble/main arm64 libwebpmux3 arm64 1.3.2-0.4build3 [25.0 kB]
#5 86.76 Get:229 http://ports.ubuntu.com/ubuntu-ports noble-updates/main arm64 libpcre2-32-0 arm64 10.42-4ubuntu2.1 [184 kB]
#5 86.81 Get:230 http://ports.ubuntu.com/ubuntu-ports noble/universe arm64 libwxbase3.2-1t64 arm64 3.2.4+dfsg-4build1 [860 kB]
#5 87.41 Get:231 http://ports.ubuntu.com/ubuntu-ports noble/main arm64 libatk1.0-0t64 arm64 2.52.0-1build1 [55.1 kB]
#5 87.43 Get:232 http://ports.ubuntu.com/ubuntu-ports noble/main arm64 libxi6 arm64 2:1.8.1-1build1 [31.9 kB]
#5 87.43 Get:233 http://ports.ubuntu.com/ubuntu-ports noble/main arm64 libatspi2.0-0t64 arm64 2.52.0-1build1 [80.9 kB]
#5 87.50 Get:234 http://ports.ubuntu.com/ubuntu-ports noble/main arm64 libatk-bridge2.0-0t64 arm64 2.52.0-1build1 [66.3 kB]
#5 87.50 Get:235 http://ports.ubuntu.com/ubuntu-ports noble/main arm64 libcairo-gobject2 arm64 1.18.0-3build1 [127 kB]
#5 87.51 Get:236 http://ports.ubuntu.com/ubuntu-ports noble-updates/main arm64 liblcms2-2 arm64 2.14-2ubuntu0.1 [161 kB]
#5 87.51 Get:237 http://ports.ubuntu.com/ubuntu-ports noble/main arm64 libcolord2 arm64 1.4.7-1build2 [149 kB]
#5 87.51 Get:238 http://ports.ubuntu.com/ubuntu-ports noble/main arm64 libepoxy0 arm64 1.5.10-1build1 [240 kB]
#5 87.52 Get:239 http://ports.ubuntu.com/ubuntu-ports noble/main arm64 libwayland-cursor0 arm64 1.22.0-2.1build1 [10.3 kB]
#5 87.63 Get:240 http://ports.ubuntu.com/ubuntu-ports noble/main arm64 libwayland-egl1 arm64 1.22.0-2.1build1 [5622 B]
#5 87.64 Get:241 http://ports.ubuntu.com/ubuntu-ports noble/main arm64 libxcomposite1 arm64 1:0.4.5-1build3 [6336 B]
#5 87.71 Get:242 http://ports.ubuntu.com/ubuntu-ports noble/main arm64 libxfixes3 arm64 1:6.0.0-2build1 [11.2 kB]
#5 87.84 Get:243 http://ports.ubuntu.com/ubuntu-ports noble/main arm64 libxcursor1 arm64 1:1.2.1-1build1 [21.1 kB]
#5 87.84 Get:244 http://ports.ubuntu.com/ubuntu-ports noble/main arm64 libxdamage1 arm64 1:1.1.6-1build1 [6236 B]
#5 87.84 Get:245 http://ports.ubuntu.com/ubuntu-ports noble/main arm64 libxinerama1 arm64 2:1.1.4-3build1 [6394 B]
#5 87.84 Get:246 http://ports.ubuntu.com/ubuntu-ports noble/main arm64 libxrandr2 arm64 2:1.5.2-2build1 [19.6 kB]
#5 87.85 Get:247 http://ports.ubuntu.com/ubuntu-ports noble-updates/main arm64 libgtk-3-common all 3.24.41-4ubuntu1.3 [1426 kB]
#5 88.07 Get:248 http://ports.ubuntu.com/ubuntu-ports noble-updates/main arm64 libgtk-3-0t64 arm64 3.24.41-4ubuntu1.3 [2881 kB]
#5 88.47 Get:249 http://ports.ubuntu.com/ubuntu-ports noble/main arm64 libnotify4 arm64 0.8.3-1build2 [25.4 kB]
#5 88.47 Get:250 http://ports.ubuntu.com/ubuntu-ports noble/main arm64 libxtst6 arm64 2:1.2.3-1.1build1 [13.0 kB]
#5 88.47 Get:251 http://ports.ubuntu.com/ubuntu-ports noble/universe arm64 libwxgtk3.2-1t64 arm64 3.2.4+dfsg-4build1 [4352 kB]
#5 89.40 Get:252 http://ports.ubuntu.com/ubuntu-ports noble/universe arm64 gnuplot-qt arm64 6.0.0+dfsg1-1ubuntu3 [1196 kB]
#5 89.41 Get:253 http://ports.ubuntu.com/ubuntu-ports noble/universe arm64 gnuplot all 6.0.0+dfsg1-1ubuntu3 [3568 B]
#5 89.41 Get:254 http://ports.ubuntu.com/ubuntu-ports noble-updates/main arm64 libevent-2.1-7t64 arm64 2.1.12-stable-9ubuntu2.2 [141 kB]
#5 89.41 Get:255 http://ports.ubuntu.com/ubuntu-ports noble-updates/main arm64 libevent-core-2.1-7t64 arm64 2.1.12-stable-9ubuntu2.2 [90.6 kB]
#5 89.41 Get:256 http://ports.ubuntu.com/ubuntu-ports noble-updates/main arm64 libevent-extra-2.1-7t64 arm64 2.1.12-stable-9ubuntu2.2 [62.5 kB]
#5 89.41 Get:257 http://ports.ubuntu.com/ubuntu-ports noble-updates/main arm64 libevent-pthreads-2.1-7t64 arm64 2.1.12-stable-9ubuntu2.2 [7928 B]
#5 89.41 Get:258 http://ports.ubuntu.com/ubuntu-ports noble-updates/main arm64 libevent-openssl-2.1-7t64 arm64 2.1.12-stable-9ubuntu2.2 [14.7 kB]
#5 89.41 Get:259 http://ports.ubuntu.com/ubuntu-ports noble-updates/main arm64 libevent-dev arm64 2.1.12-stable-9ubuntu2.2 [283 kB]
#5 89.45 Get:260 http://ports.ubuntu.com/ubuntu-ports noble-updates/main arm64 librdmacm1t64 arm64 50.0-2ubuntu0.2 [70.6 kB]
#5 89.62 Get:261 http://ports.ubuntu.com/ubuntu-ports noble/universe arm64 libfabric1 arm64 1.17.0-3build2 [541 kB]
#5 89.69 Get:262 http://ports.ubuntu.com/ubuntu-ports noble/universe arm64 libhwloc15 arm64 2.10.0-1build1 [159 kB]
#5 89.72 Get:263 http://ports.ubuntu.com/ubuntu-ports noble/main arm64 xorg-sgml-doctools all 1:1.11-1.1 [10.9 kB]
#5 89.72 Get:264 http://ports.ubuntu.com/ubuntu-ports noble/main arm64 x11proto-dev all 2023.2-1 [602 kB]
#5 89.83 Get:265 http://ports.ubuntu.com/ubuntu-ports noble/main arm64 libice-dev arm64 2:1.0.10-1build3 [52.3 kB]
#5 89.83 Get:266 http://ports.ubuntu.com/ubuntu-ports noble/main arm64 libjs-jquery all 3.6.1+dfsg+~3.5.14-1 [328 kB]
#5 89.87 Get:267 http://ports.ubuntu.com/ubuntu-ports noble/universe arm64 libjs-jquery-ui all 1.13.2+dfsg-1 [252 kB]
#5 89.91 Get:268 http://ports.ubuntu.com/ubuntu-ports noble/main arm64 libltdl7 arm64 2.4.7-7build1 [40.4 kB]
#5 89.91 Get:269 http://ports.ubuntu.com/ubuntu-ports noble/main arm64 libltdl-dev arm64 2.4.7-7build1 [170 kB]
#5 89.94 Get:270 http://ports.ubuntu.com/ubuntu-ports noble-updates/main arm64 libncurses-dev arm64 6.4+20240113-1ubuntu2.2 [385 kB]
#5 90.00 Get:271 http://ports.ubuntu.com/ubuntu-ports noble-updates/main arm64 libnl-3-dev arm64 3.7.0-0.3build1.1 [105 kB]
#5 90.02 Get:272 http://ports.ubuntu.com/ubuntu-ports noble-updates/main arm64 libnl-route-3-dev arm64 3.7.0-0.3build1.1 [225 kB]
#5 90.06 Get:273 http://ports.ubuntu.com/ubuntu-ports noble-updates/universe arm64 libmunge2 arm64 0.5.15-4ubuntu0.1 [15.1 kB]
#5 90.06 Get:274 http://ports.ubuntu.com/ubuntu-ports noble-updates/main arm64 libpciaccess0 arm64 0.17-3ubuntu0.24.04.3 [19.5 kB]
#5 90.06 Get:275 http://ports.ubuntu.com/ubuntu-ports noble-updates/main arm64 libxnvctrl0 arm64 510.47.03-0ubuntu4.24.04.1 [12.6 kB]
#5 90.09 Get:276 http://ports.ubuntu.com/ubuntu-ports noble/universe arm64 ocl-icd-libopencl1 arm64 2.3.2-1build1 [37.6 kB]
#5 90.12 Get:277 http://ports.ubuntu.com/ubuntu-ports noble/universe arm64 libhwloc-plugins arm64 2.10.0-1build1 [15.7 kB]
#5 90.18 Get:278 http://ports.ubuntu.com/ubuntu-ports noble/universe arm64 libpmix2t64 arm64 5.0.1-4.1build1 [655 kB]
#5 90.29 Get:279 http://ports.ubuntu.com/ubuntu-ports noble/universe arm64 libucx0 arm64 1.16.0+ds-5ubuntu1 [1074 kB]
#5 90.47 Get:280 http://ports.ubuntu.com/ubuntu-ports noble/universe arm64 libopenmpi3t64 arm64 4.1.6-7ubuntu2 [2463 kB]
#5 90.81 Get:281 http://ports.ubuntu.com/ubuntu-ports noble-updates/main arm64 libnuma-dev arm64 2.0.18-1ubuntu0.24.04.1 [39.6 kB]
#5 90.82 Get:282 http://ports.ubuntu.com/ubuntu-ports noble/universe arm64 libhwloc-dev arm64 2.10.0-1build1 [261 kB]
#5 90.89 Get:283 http://ports.ubuntu.com/ubuntu-ports noble-updates/main arm64 zlib1g-dev arm64 1:1.3.dfsg-3.1ubuntu2.2 [894 kB]
#5 91.04 Get:284 http://ports.ubuntu.com/ubuntu-ports noble/universe arm64 libpmix-dev arm64 5.0.1-4.1build1 [4022 kB]
#5 92.02 Get:285 http://ports.ubuntu.com/ubuntu-ports noble/main arm64 libpthread-stubs0-dev arm64 0.4-1build3 [4734 B]
#5 92.02 Get:286 http://ports.ubuntu.com/ubuntu-ports noble/main arm64 libreadline-dev arm64 8.2-4build1 [177 kB]
#5 92.02 Get:287 http://ports.ubuntu.com/ubuntu-ports noble/main arm64 libsm-dev arm64 2:1.2.3-1build3 [18.9 kB]
#5 92.02 Get:288 http://ports.ubuntu.com/ubuntu-ports noble/main arm64 libxau-dev arm64 1:1.0.9-1build6 [10.0 kB]
#5 92.02 Get:289 http://ports.ubuntu.com/ubuntu-ports noble/main arm64 libxdmcp-dev arm64 1:1.1.3-0ubuntu6 [26.3 kB]
#5 92.02 Get:290 http://ports.ubuntu.com/ubuntu-ports noble/main arm64 xtrans-dev all 1.4.0-1 [68.9 kB]
#5 92.02 Get:291 http://ports.ubuntu.com/ubuntu-ports noble/main arm64 libxcb1-dev arm64 1.15-1ubuntu2 [91.2 kB]
#5 92.04 Get:292 http://ports.ubuntu.com/ubuntu-ports noble/main arm64 libx11-dev arm64 2:1.8.7-1build1 [742 kB]
#5 92.05 Get:293 http://ports.ubuntu.com/ubuntu-ports noble/main arm64 libxt6t64 arm64 1:1.2.1-1.2build1 [168 kB]
#5 92.25 Get:294 http://ports.ubuntu.com/ubuntu-ports noble/main arm64 libxt-dev arm64 1:1.2.1-1.2build1 [404 kB]
#5 92.30 Get:295 http://ports.ubuntu.com/ubuntu-ports noble/main arm64 make arm64 4.3-4.1build2 [178 kB]
#5 92.32 Get:296 http://ports.ubuntu.com/ubuntu-ports noble-updates/main arm64 binutils-dev arm64 2.42-4ubuntu2.10 [12.7 MB]
#5 94.44 Get:297 http://ports.ubuntu.com/ubuntu-ports noble/universe arm64 openmpi-common all 4.1.6-7ubuntu2 [170 kB]
#5 94.46 Get:298 http://ports.ubuntu.com/ubuntu-ports noble-updates/main arm64 libibverbs-dev arm64 50.0-2ubuntu0.2 [695 kB]
#5 94.55 Get:299 http://ports.ubuntu.com/ubuntu-ports noble/universe arm64 openmpi-bin arm64 4.1.6-7ubuntu2 [113 kB]
#5 94.56 Get:300 http://ports.ubuntu.com/ubuntu-ports noble/universe arm64 libopenmpi-dev arm64 4.1.6-7ubuntu2 [865 kB]
#5 94.82 debconf: delaying package configuration, since apt-utils is not installed
#5 94.85 Fetched 221 MB in 50s (4455 kB/s)
#5 94.92 (Reading database ...
(Reading database ... 5%
(Reading database ... 10%
(Reading database ... 15%
(Reading database ... 20%
(Reading database ... 25%
(Reading database ... 30%
(Reading database ... 35%
(Reading database ... 40%
(Reading database ... 45%
(Reading database ... 50%
(Reading database ... 55%
(Reading database ... 60%
(Reading database ... 65%
(Reading database ... 70%
(Reading database ... 75%
(Reading database ... 80%
(Reading database ... 85%
(Reading database ... 90%
(Reading database ... 95%
(Reading database ... 100%
(Reading database ... 4941 files and directories currently installed.)
#5 94.93 Preparing to unpack .../bsdutils_1%3a2.39.3-9ubuntu6.6_arm64.deb ...
#5 94.95 Unpacking bsdutils (1:2.39.3-9ubuntu6.6) over (1:2.39.3-9ubuntu6.5) ...
#5 94.99 Setting up bsdutils (1:2.39.3-9ubuntu6.6) ...
#5 95.02 (Reading database ...
(Reading database ... 5%
(Reading database ... 10%
(Reading database ... 15%
(Reading database ... 20%
(Reading database ... 25%
(Reading database ... 30%
(Reading database ... 35%
(Reading database ... 40%
(Reading database ... 45%
(Reading database ... 50%
(Reading database ... 55%
(Reading database ... 60%
(Reading database ... 65%
(Reading database ... 70%
(Reading database ... 75%
(Reading database ... 80%
(Reading database ... 85%
(Reading database ... 90%
(Reading database ... 95%
(Reading database ... 100%
(Reading database ... 4941 files and directories currently installed.)
#5 95.02 Preparing to unpack .../ncurses-bin_6.4+20240113-1ubuntu2.2_arm64.deb ...
#5 95.03 Unpacking ncurses-bin (6.4+20240113-1ubuntu2.2) over (6.4+20240113-1ubuntu2.1) ...
#5 95.07 Setting up ncurses-bin (6.4+20240113-1ubuntu2.2) ...
#5 95.10 (Reading database ...
(Reading database ... 5%
(Reading database ... 10%
(Reading database ... 15%
(Reading database ... 20%
(Reading database ... 25%
(Reading database ... 30%
(Reading database ... 35%
(Reading database ... 40%
(Reading database ... 45%
(Reading database ... 50%
(Reading database ... 55%
(Reading database ... 60%
(Reading database ... 65%
(Reading database ... 70%
(Reading database ... 75%
(Reading database ... 80%
(Reading database ... 85%
(Reading database ... 90%
(Reading database ... 95%
(Reading database ... 100%
(Reading database ... 4941 files and directories currently installed.)
#5 95.11 Preparing to unpack .../perl-base_5.38.2-3.2ubuntu0.6_arm64.deb ...
#5 95.12 Unpacking perl-base (5.38.2-3.2ubuntu0.6) over (5.38.2-3.2ubuntu0.3) ...
#5 95.26 Setting up perl-base (5.38.2-3.2ubuntu0.6) ...
#5 95.30 (Reading database ...
(Reading database ... 5%
(Reading database ... 10%
(Reading database ... 15%
(Reading database ... 20%
(Reading database ... 25%
(Reading database ... 30%
(Reading database ... 35%
(Reading database ... 40%
(Reading database ... 45%
(Reading database ... 50%
(Reading database ... 55%
(Reading database ... 60%
(Reading database ... 65%
(Reading database ... 70%
(Reading database ... 75%
(Reading database ... 80%
(Reading database ... 85%
(Reading database ... 90%
(Reading database ... 95%
(Reading database ... 100%
(Reading database ... 4941 files and directories currently installed.)
#5 95.30 Preparing to unpack .../util-linux_2.39.3-9ubuntu6.6_arm64.deb ...
#5 95.32 Unpacking util-linux (2.39.3-9ubuntu6.6) over (2.39.3-9ubuntu6.5) ...
#5 95.40 Setting up util-linux (2.39.3-9ubuntu6.6) ...
#5 95.54 (Reading database ...
(Reading database ... 5%
(Reading database ... 10%
(Reading database ... 15%
(Reading database ... 20%
(Reading database ... 25%
(Reading database ... 30%
(Reading database ... 35%
(Reading database ... 40%
(Reading database ... 45%
(Reading database ... 50%
(Reading database ... 55%
(Reading database ... 60%
(Reading database ... 65%
(Reading database ... 70%
(Reading database ... 75%
(Reading database ... 80%
(Reading database ... 85%
(Reading database ... 90%
(Reading database ... 95%
(Reading database ... 100%
(Reading database ... 4941 files and directories currently installed.)
#5 95.54 Preparing to unpack .../libc6_2.39-0ubuntu8.9_arm64.deb ...
#5 95.60 Unpacking libc6:arm64 (2.39-0ubuntu8.9) over (2.39-0ubuntu8.8) ...
#5 95.77 Setting up libc6:arm64 (2.39-0ubuntu8.9) ...
#5 96.89 (Reading database ...
(Reading database ... 5%
(Reading database ... 10%
(Reading database ... 15%
(Reading database ... 20%
(Reading database ... 25%
(Reading database ... 30%
(Reading database ... 35%
(Reading database ... 40%
(Reading database ... 45%
(Reading database ... 50%
(Reading database ... 55%
(Reading database ... 60%
(Reading database ... 65%
(Reading database ... 70%
(Reading database ... 75%
(Reading database ... 80%
(Reading database ... 85%
(Reading database ... 90%
(Reading database ... 95%
(Reading database ... 100%
(Reading database ... 4941 files and directories currently installed.)
#5 96.90 Preparing to unpack .../libc-bin_2.39-0ubuntu8.9_arm64.deb ...
#5 96.91 Unpacking libc-bin (2.39-0ubuntu8.9) over (2.39-0ubuntu8.8) ...
#5 96.97 Setting up libc-bin (2.39-0ubuntu8.9) ...
#5 97.04 (Reading database ...
(Reading database ... 5%
(Reading database ... 10%
(Reading database ... 15%
(Reading database ... 20%
(Reading database ... 25%
(Reading database ... 30%
(Reading database ... 35%
(Reading database ... 40%
(Reading database ... 45%
(Reading database ... 50%
(Reading database ... 55%
(Reading database ... 60%
(Reading database ... 65%
(Reading database ... 70%
(Reading database ... 75%
(Reading database ... 80%
(Reading database ... 85%
(Reading database ... 90%
(Reading database ... 95%
(Reading database ... 100%
(Reading database ... 4941 files and directories currently installed.)
#5 97.04 Preparing to unpack .../ncurses-base_6.4+20240113-1ubuntu2.2_all.deb ...
#5 97.06 Unpacking ncurses-base (6.4+20240113-1ubuntu2.2) over (6.4+20240113-1ubuntu2.1) ...
#5 97.10 Setting up ncurses-base (6.4+20240113-1ubuntu2.2) ...
#5 97.14 (Reading database ...
(Reading database ... 5%
(Reading database ... 10%
(Reading database ... 15%
(Reading database ... 20%
(Reading database ... 25%
(Reading database ... 30%
(Reading database ... 35%
(Reading database ... 40%
(Reading database ... 45%
(Reading database ... 50%
(Reading database ... 55%
(Reading database ... 60%
(Reading database ... 65%
(Reading database ... 70%
(Reading database ... 75%
(Reading database ... 80%
(Reading database ... 85%
(Reading database ... 90%
(Reading database ... 95%
(Reading database ... 100%
(Reading database ... 4941 files and directories currently installed.)
#5 97.14 Preparing to unpack .../mount_2.39.3-9ubuntu6.6_arm64.deb ...
#5 97.16 Unpacking mount (2.39.3-9ubuntu6.6) over (2.39.3-9ubuntu6.5) ...
#5 97.19 Selecting previously unselected package libapparmor1:arm64.
#5 97.19 Preparing to unpack .../libapparmor1_4.0.1really4.0.1-0ubuntu0.24.04.8_arm64.deb ...
#5 97.20 Unpacking libapparmor1:arm64 (4.0.1really4.0.1-0ubuntu0.24.04.8) ...
#5 97.24 Selecting previously unselected package libargon2-1:arm64.
#5 97.24 Preparing to unpack .../libargon2-1_0~20190702+dfsg-4build1_arm64.deb ...
#5 97.25 Unpacking libargon2-1:arm64 (0~20190702+dfsg-4build1) ...
#5 97.33 Preparing to unpack .../libblkid1_2.39.3-9ubuntu6.6_arm64.deb ...
#5 97.36 Unpacking libblkid1:arm64 (2.39.3-9ubuntu6.6) over (2.39.3-9ubuntu6.5) ...
#5 97.43 Setting up libblkid1:arm64 (2.39.3-9ubuntu6.6) ...
#5 97.50 Selecting previously unselected package libdevmapper1.02.1:arm64.
#5 97.50 (Reading database ...
(Reading database ... 5%
(Reading database ... 10%
(Reading database ... 15%
(Reading database ... 20%
(Reading database ... 25%
(Reading database ... 30%
(Reading database ... 35%
(Reading database ... 40%
(Reading database ... 45%
(Reading database ... 50%
(Reading database ... 55%
(Reading database ... 60%
(Reading database ... 65%
(Reading database ... 70%
(Reading database ... 75%
(Reading database ... 80%
(Reading database ... 85%
(Reading database ... 90%
(Reading database ... 95%
(Reading database ... 100%
(Reading database ... 4950 files and directories currently installed.)
#5 97.51 Preparing to unpack .../libdevmapper1.02.1_2%3a1.02.185-3ubuntu3.2_arm64.deb ...
#5 97.52 Unpacking libdevmapper1.02.1:arm64 (2:1.02.185-3ubuntu3.2) ...
#5 97.57 Selecting previously unselected package libjson-c5:arm64.
#5 97.57 Preparing to unpack .../libjson-c5_0.17-1build1_arm64.deb ...
#5 97.58 Unpacking libjson-c5:arm64 (0.17-1build1) ...
#5 97.65 Preparing to unpack .../libuuid1_2.39.3-9ubuntu6.6_arm64.deb ...
#5 97.67 Unpacking libuuid1:arm64 (2.39.3-9ubuntu6.6) over (2.39.3-9ubuntu6.5) ...
#5 97.72 Setting up libuuid1:arm64 (2.39.3-9ubuntu6.6) ...
#5 97.76 Selecting previously unselected package libcryptsetup12:arm64.
#5 97.76 (Reading database ...
(Reading database ... 5%
(Reading database ... 10%
(Reading database ... 15%
(Reading database ... 20%
(Reading database ... 25%
(Reading database ... 30%
(Reading database ... 35%
(Reading database ... 40%
(Reading database ... 45%
(Reading database ... 50%
(Reading database ... 55%
(Reading database ... 60%
(Reading database ... 65%
(Reading database ... 70%
(Reading database ... 75%
(Reading database ... 80%
(Reading database ... 85%
(Reading database ... 90%
(Reading database ... 95%
(Reading database ... 100%
(Reading database ... 4961 files and directories currently installed.)
#5 97.76 Preparing to unpack .../libcryptsetup12_2%3a2.7.0-1ubuntu4.2_arm64.deb ...
#5 97.76 Unpacking libcryptsetup12:arm64 (2:2.7.0-1ubuntu4.2) ...
#5 97.80 Selecting previously unselected package libfdisk1:arm64.
#5 97.80 Preparing to unpack .../libfdisk1_2.39.3-9ubuntu6.6_arm64.deb ...
#5 97.80 Unpacking libfdisk1:arm64 (2.39.3-9ubuntu6.6) ...
#5 97.83 Selecting previously unselected package libkmod2:arm64.
#5 97.83 Preparing to unpack .../libkmod2_31+20240202-2ubuntu7.2_arm64.deb ...
#5 97.85 Unpacking libkmod2:arm64 (31+20240202-2ubuntu7.2) ...
#5 97.88 Preparing to unpack .../libmount1_2.39.3-9ubuntu6.6_arm64.deb ...
#5 97.90 Unpacking libmount1:arm64 (2.39.3-9ubuntu6.6) over (2.39.3-9ubuntu6.5) ...
#5 97.95 Setting up libmount1:arm64 (2.39.3-9ubuntu6.6) ...
#5 97.98 Selecting previously unselected package libsystemd-shared:arm64.
#5 97.98 (Reading database ...
(Reading database ... 5%
(Reading database ... 10%
(Reading database ... 15%
(Reading database ... 20%
(Reading database ... 25%
(Reading database ... 30%
(Reading database ... 35%
(Reading database ... 40%
(Reading database ... 45%
(Reading database ... 50%
(Reading database ... 55%
(Reading database ... 60%
(Reading database ... 65%
(Reading database ... 70%
(Reading database ... 75%
(Reading database ... 80%
(Reading database ... 85%
(Reading database ... 90%
(Reading database ... 95%
(Reading database ... 100%
(Reading database ... 4981 files and directories currently installed.)
#5 97.98 Preparing to unpack .../libsystemd-shared_255.4-1ubuntu8.17_arm64.deb ...
#5 97.98 Unpacking libsystemd-shared:arm64 (255.4-1ubuntu8.17) ...
#5 98.03 Selecting previously unselected package systemd-dev.
#5 98.03 Preparing to unpack .../systemd-dev_255.4-1ubuntu8.17_all.deb ...
#5 98.04 Unpacking systemd-dev (255.4-1ubuntu8.17) ...
#5 98.07 Selecting previously unselected package systemd.
#5 98.08 Preparing to unpack .../systemd_255.4-1ubuntu8.17_arm64.deb ...
#5 98.08 Unpacking systemd (255.4-1ubuntu8.17) ...
#5 98.18 Setting up libapparmor1:arm64 (4.0.1really4.0.1-0ubuntu0.24.04.8) ...
#5 98.19 Setting up libargon2-1:arm64 (0~20190702+dfsg-4build1) ...
#5 98.20 Setting up libdevmapper1.02.1:arm64 (2:1.02.185-3ubuntu3.2) ...
#5 98.21 Setting up libjson-c5:arm64 (0.17-1build1) ...
#5 98.22 Setting up libcryptsetup12:arm64 (2:2.7.0-1ubuntu4.2) ...
#5 98.23 Setting up libfdisk1:arm64 (2.39.3-9ubuntu6.6) ...
#5 98.25 Setting up libkmod2:arm64 (31+20240202-2ubuntu7.2) ...
#5 98.26 Setting up libsystemd-shared:arm64 (255.4-1ubuntu8.17) ...
#5 98.27 Setting up systemd-dev (255.4-1ubuntu8.17) ...
#5 98.28 Setting up mount (2.39.3-9ubuntu6.6) ...
#5 98.29 Setting up systemd (255.4-1ubuntu8.17) ...
#5 98.32 Created symlink /etc/systemd/system/getty.target.wants/getty@tty1.service → /usr/lib/systemd/system/getty@.service.

#5 98.32 Created symlink /etc/systemd/system/multi-user.target.wants/remote-fs.target → /usr/lib/systemd/system/remote-fs.target.

#5 98.32 Created symlink /etc/systemd/system/sysinit.target.wants/systemd-pstore.service → /usr/lib/systemd/system/systemd-pstore.service.

#5 98.32 Initializing machine ID from random generator.

#5 98.37 /usr/lib/tmpfiles.d/systemd-network.conf:10: Failed to resolve user 'systemd-network': No such process

#5 98.37 /usr/lib/tmpfiles.d/systemd-network.conf:11: Failed to resolve user 'systemd-network': No such process

#5 98.37 /usr/lib/tmpfiles.d/systemd-network.conf:12: Failed to resolve user 'systemd-network': No such process

#5 98.37 /usr/lib/tmpfiles.d/systemd-network.conf:13: Failed to resolve user 'systemd-network': No such process

#5 98.37 /usr/lib/tmpfiles.d/systemd.conf:22: Failed to resolve group 'systemd-journal': No such process

#5 98.37 /usr/lib/tmpfiles.d/systemd.conf:23: Failed to resolve group 'systemd-journal': No such process

#5 98.37 /usr/lib/tmpfiles.d/systemd.conf:28: Failed to resolve group 'systemd-journal': No such process

#5 98.37 /usr/lib/tmpfiles.d/systemd.conf:29: Failed to resolve group 'systemd-journal': No such process

#5 98.37 /usr/lib/tmpfiles.d/systemd.conf:30: Failed to resolve group 'systemd-journal': No such process

#5 98.38 Creating group 'systemd-journal' with GID 999.

#5 98.38 Creating group 'systemd-network' with GID 998.

#5 98.38 Creating user 'systemd-network' (systemd Network Management) with UID 998 and GID 998.

#5 98.45 Selecting previously unselected package systemd-sysv.
#5 98.45 (Reading database ...
(Reading database ... 5%
(Reading database ... 10%
(Reading database ... 15%
(Reading database ... 20%
(Reading database ... 25%
(Reading database ... 30%
(Reading database ... 35%
(Reading database ... 40%
(Reading database ... 45%
(Reading database ... 50%
(Reading database ... 55%
(Reading database ... 60%
(Reading database ... 65%
(Reading database ... 70%
(Reading database ... 75%
(Reading database ... 80%
(Reading database ... 85%
(Reading database ... 90%
(Reading database ... 95%
(Reading database ... 100%
(Reading database ... 5969 files and directories currently installed.)
#5 98.45 Preparing to unpack .../0-systemd-sysv_255.4-1ubuntu8.17_arm64.deb ...
#5 98.45 Unpacking systemd-sysv (255.4-1ubuntu8.17) ...
#5 98.48 Selecting previously unselected package m4.
#5 98.48 Preparing to unpack .../1-m4_1.4.19-4build1_arm64.deb ...
#5 98.48 Unpacking m4 (1.4.19-4build1) ...
#5 98.51 Selecting previously unselected package flex.
#5 98.51 Preparing to unpack .../2-flex_2.6.4-8.2build1_arm64.deb ...
#5 98.51 Unpacking flex (2.6.4-8.2build1) ...
#5 98.53 Selecting previously unselected package perl-modules-5.38.
#5 98.53 Preparing to unpack .../3-perl-modules-5.38_5.38.2-3.2ubuntu0.6_all.deb ...
#5 98.54 Unpacking perl-modules-5.38 (5.38.2-3.2ubuntu0.6) ...
#5 98.69 Selecting previously unselected package libgdbm6t64:arm64.
#5 98.69 Preparing to unpack .../4-libgdbm6t64_1.23-5.1build1_arm64.deb ...
#5 98.69 Unpacking libgdbm6t64:arm64 (1.23-5.1build1) ...
#5 98.71 Selecting previously unselected package libgdbm-compat4t64:arm64.
#5 98.71 Preparing to unpack .../5-libgdbm-compat4t64_1.23-5.1build1_arm64.deb ...
#5 98.72 Unpacking libgdbm-compat4t64:arm64 (1.23-5.1build1) ...
#5 98.74 Preparing to unpack .../6-zlib1g_1%3a1.3.dfsg-3.1ubuntu2.2_arm64.deb ...
#5 98.75 Unpacking zlib1g:arm64 (1:1.3.dfsg-3.1ubuntu2.2) over (1:1.3.dfsg-3.1ubuntu2.1) ...
#5 98.79 Setting up zlib1g:arm64 (1:1.3.dfsg-3.1ubuntu2.2) ...
#5 98.83 Selecting previously unselected package libperl5.38t64:arm64.
#5 98.83 (Reading database ...
(Reading database ... 5%
(Reading database ... 10%
(Reading database ... 15%
(Reading database ... 20%
(Reading database ... 25%
(Reading database ... 30%
(Reading database ... 35%
(Reading database ... 40%
(Reading database ... 45%
(Reading database ... 50%
(Reading database ... 55%
(Reading database ... 60%
(Reading database ... 65%
(Reading database ... 70%
(Reading database ... 75%
(Reading database ... 80%
(Reading database ... 85%
(Reading database ... 90%
(Reading database ... 95%
(Reading database ... 100%
(Reading database ... 7543 files and directories currently installed.)
#5 98.84 Preparing to unpack .../libperl5.38t64_5.38.2-3.2ubuntu0.6_arm64.deb ...
#5 98.84 Unpacking libperl5.38t64:arm64 (5.38.2-3.2ubuntu0.6) ...
#5 99.00 Selecting previously unselected package perl.
#5 99.00 Preparing to unpack .../perl_5.38.2-3.2ubuntu0.6_arm64.deb ...
#5 99.01 Unpacking perl (5.38.2-3.2ubuntu0.6) ...
#5 99.04 Preparing to unpack .../libsmartcols1_2.39.3-9ubuntu6.6_arm64.deb ...
#5 99.06 Unpacking libsmartcols1:arm64 (2.39.3-9ubuntu6.6) over (2.39.3-9ubuntu6.5) ...
#5 99.09 Setting up libsmartcols1:arm64 (2.39.3-9ubuntu6.6) ...
#5 99.12 (Reading database ...
(Reading database ... 5%
(Reading database ... 10%
(Reading database ... 15%
(Reading database ... 20%
(Reading database ... 25%
(Reading database ... 30%
(Reading database ... 35%
(Reading database ... 40%
(Reading database ... 45%
(Reading database ... 50%
(Reading database ... 55%
(Reading database ... 60%
(Reading database ... 65%
(Reading database ... 70%
(Reading database ... 75%
(Reading database ... 80%
(Reading database ... 85%
(Reading database ... 90%
(Reading database ... 95%
(Reading database ... 100%
(Reading database ... 8137 files and directories currently installed.)
#5 99.12 Preparing to unpack .../libncursesw6_6.4+20240113-1ubuntu2.2_arm64.deb ...
#5 99.13 Unpacking libncursesw6:arm64 (6.4+20240113-1ubuntu2.2) over (6.4+20240113-1ubuntu2.1) ...
#5 99.17 Preparing to unpack .../libtinfo6_6.4+20240113-1ubuntu2.2_arm64.deb ...
#5 99.18 Unpacking libtinfo6:arm64 (6.4+20240113-1ubuntu2.2) over (6.4+20240113-1ubuntu2.1) ...
#5 99.22 Setting up libtinfo6:arm64 (6.4+20240113-1ubuntu2.2) ...
#5 99.26 Selecting previously unselected package adduser.
#5 99.26 (Reading database ...
(Reading database ... 5%
(Reading database ... 10%
(Reading database ... 15%
(Reading database ... 20%
(Reading database ... 25%
(Reading database ... 30%
(Reading database ... 35%
(Reading database ... 40%
(Reading database ... 45%
(Reading database ... 50%
(Reading database ... 55%
(Reading database ... 60%
(Reading database ... 65%
(Reading database ... 70%
(Reading database ... 75%
(Reading database ... 80%
(Reading database ... 85%
(Reading database ... 90%
(Reading database ... 95%
(Reading database ... 100%
(Reading database ... 8137 files and directories currently installed.)
#5 99.26 Preparing to unpack .../adduser_3.137ubuntu1_all.deb ...
#5 99.26 Unpacking adduser (3.137ubuntu1) ...
#5 99.29 Setting up adduser (3.137ubuntu1) ...
#5 99.34 Selecting previously unselected package libdbus-1-3:arm64.
#5 99.34 (Reading database ...
(Reading database ... 5%
(Reading database ... 10%
(Reading database ... 15%
(Reading database ... 20%
(Reading database ... 25%
(Reading database ... 30%
(Reading database ... 35%
(Reading database ... 40%
(Reading database ... 45%
(Reading database ... 50%
(Reading database ... 55%
(Reading database ... 60%
(Reading database ... 65%
(Reading database ... 70%
(Reading database ... 75%
(Reading database ... 80%
(Reading database ... 85%
(Reading database ... 90%
(Reading database ... 95%
(Reading database ... 100%
(Reading database ... 8185 files and directories currently installed.)
#5 99.34 Preparing to unpack .../000-libdbus-1-3_1.14.10-4ubuntu4.1_arm64.deb ...
#5 99.35 Unpacking libdbus-1-3:arm64 (1.14.10-4ubuntu4.1) ...
#5 99.37 Selecting previously unselected package dbus-bin.
#5 99.37 Preparing to unpack .../001-dbus-bin_1.14.10-4ubuntu4.1_arm64.deb ...
#5 99.38 Unpacking dbus-bin (1.14.10-4ubuntu4.1) ...
#5 99.41 Selecting previously unselected package dbus-session-bus-common.
#5 99.41 Preparing to unpack .../002-dbus-session-bus-common_1.14.10-4ubuntu4.1_all.deb ...
#5 99.42 Unpacking dbus-session-bus-common (1.14.10-4ubuntu4.1) ...
#5 99.44 Selecting previously unselected package libexpat1:arm64.
#5 99.45 Preparing to unpack .../003-libexpat1_2.6.1-2ubuntu0.6_arm64.deb ...
#5 99.45 Unpacking libexpat1:arm64 (2.6.1-2ubuntu0.6) ...
#5 99.48 Selecting previously unselected package dbus-daemon.
#5 99.48 Preparing to unpack .../004-dbus-daemon_1.14.10-4ubuntu4.1_arm64.deb ...
#5 99.48 Unpacking dbus-daemon (1.14.10-4ubuntu4.1) ...
#5 99.51 Selecting previously unselected package dbus-system-bus-common.
#5 99.51 Preparing to unpack .../005-dbus-system-bus-common_1.14.10-4ubuntu4.1_all.deb ...
#5 99.51 Unpacking dbus-system-bus-common (1.14.10-4ubuntu4.1) ...
#5 99.54 Selecting previously unselected package dbus.
#5 99.54 Preparing to unpack .../006-dbus_1.14.10-4ubuntu4.1_arm64.deb ...
#5 99.55 Unpacking dbus (1.14.10-4ubuntu4.1) ...
#5 99.57 Selecting previously unselected package libpam-systemd:arm64.
#5 99.57 Preparing to unpack .../007-libpam-systemd_255.4-1ubuntu8.17_arm64.deb ...
#5 99.58 Unpacking libpam-systemd:arm64 (255.4-1ubuntu8.17) ...
#5 99.60 Selecting previously unselected package dbus-user-session.
#5 99.61 Preparing to unpack .../008-dbus-user-session_1.14.10-4ubuntu4.1_arm64.deb ...
#5 99.61 Unpacking dbus-user-session (1.14.10-4ubuntu4.1) ...
#5 99.64 Selecting previously unselected package libbsd0:arm64.
#5 99.64 Preparing to unpack .../009-libbsd0_0.12.1-1build1.1_arm64.deb ...
#5 99.65 Unpacking libbsd0:arm64 (0.12.1-1build1.1) ...
#5 99.68 Selecting previously unselected package libelf1t64:arm64.
#5 99.68 Preparing to unpack .../010-libelf1t64_0.190-1.1ubuntu0.1_arm64.deb ...
#5 99.68 Unpacking libelf1t64:arm64 (0.190-1.1ubuntu0.1) ...
#5 99.71 Selecting previously unselected package libfribidi0:arm64.
#5 99.71 Preparing to unpack .../011-libfribidi0_1.0.13-3build1_arm64.deb ...
#5 99.71 Unpacking libfribidi0:arm64 (1.0.13-3build1) ...
#5 99.75 Selecting previously unselected package libglib2.0-0t64:arm64.
#5 99.75 Preparing to unpack .../012-libglib2.0-0t64_2.80.0-6ubuntu3.9_arm64.deb ...
#5 99.76 Unpacking libglib2.0-0t64:arm64 (2.80.0-6ubuntu3.9) ...
#5 99.82 Selecting previously unselected package libicu74:arm64.
#5 99.82 Preparing to unpack .../013-libicu74_74.2-1ubuntu3.1_arm64.deb ...
#5 99.82 Unpacking libicu74:arm64 (74.2-1ubuntu3.1) ...
#5 100.0 Selecting previously unselected package readline-common.
#5 100.0 Preparing to unpack .../014-readline-common_8.2-4build1_all.deb ...
#5 100.0 Unpacking readline-common (8.2-4build1) ...
#5 100.1 Selecting previously unselected package libreadline8t64:arm64.
#5 100.1 Preparing to unpack .../015-libreadline8t64_8.2-4build1_arm64.deb ...
#5 100.1 Adding 'diversion of /lib/aarch64-linux-gnu/libhistory.so.8 to /lib/aarch64-linux-gnu/libhistory.so.8.usr-is-merged by libreadline8t64'
#5 100.1 Adding 'diversion of /lib/aarch64-linux-gnu/libhistory.so.8.2 to /lib/aarch64-linux-gnu/libhistory.so.8.2.usr-is-merged by libreadline8t64'
#5 100.1 Adding 'diversion of /lib/aarch64-linux-gnu/libreadline.so.8 to /lib/aarch64-linux-gnu/libreadline.so.8.usr-is-merged by libreadline8t64'
#5 100.1 Adding 'diversion of /lib/aarch64-linux-gnu/libreadline.so.8.2 to /lib/aarch64-linux-gnu/libreadline.so.8.2.usr-is-merged by libreadline8t64'
#5 100.1 Unpacking libreadline8t64:arm64 (8.2-4build1) ...
#5 100.1 Selecting previously unselected package libxml2:arm64.
#5 100.1 Preparing to unpack .../016-libxml2_2.9.14+dfsg-1.3ubuntu3.9_arm64.deb ...
#5 100.1 Unpacking libxml2:arm64 (2.9.14+dfsg-1.3ubuntu3.9) ...
#5 100.2 Selecting previously unselected package shared-mime-info.
#5 100.2 Preparing to unpack .../017-shared-mime-info_2.4-4_arm64.deb ...
#5 100.2 Unpacking shared-mime-info (2.4-4) ...
#5 100.2 Selecting previously unselected package xkb-data.
#5 100.2 Preparing to unpack .../018-xkb-data_2.41-2ubuntu1.1_all.deb ...
#5 100.2 Unpacking xkb-data (2.41-2ubuntu1.1) ...
#5 100.3 Selecting previously unselected package libnl-3-200:arm64.
#5 100.3 Preparing to unpack .../019-libnl-3-200_3.7.0-0.3build1.1_arm64.deb ...
#5 100.3 Unpacking libnl-3-200:arm64 (3.7.0-0.3build1.1) ...
#5 100.3 Selecting previously unselected package libnl-route-3-200:arm64.
#5 100.3 Preparing to unpack .../020-libnl-route-3-200_3.7.0-0.3build1.1_arm64.deb ...
#5 100.3 Unpacking libnl-route-3-200:arm64 (3.7.0-0.3build1.1) ...
#5 100.4 Selecting previously unselected package libibverbs1:arm64.
#5 100.4 Preparing to unpack .../021-libibverbs1_50.0-2ubuntu0.2_arm64.deb ...
#5 100.4 Unpacking libibverbs1:arm64 (50.0-2ubuntu0.2) ...
#5 100.4 Selecting previously unselected package ibverbs-providers:arm64.
#5 100.4 Preparing to unpack .../022-ibverbs-providers_50.0-2ubuntu0.2_arm64.deb ...
#5 100.4 Unpacking ibverbs-providers:arm64 (50.0-2ubuntu0.2) ...
#5 100.5 Selecting previously unselected package libcbor0.10:arm64.
#5 100.5 Preparing to unpack .../023-libcbor0.10_0.10.2-1.2ubuntu2_arm64.deb ...
#5 100.5 Unpacking libcbor0.10:arm64 (0.10.2-1.2ubuntu2) ...
#5 100.5 Selecting previously unselected package libdrm-common.
#5 100.5 Preparing to unpack .../024-libdrm-common_2.4.125-1ubuntu0.1~24.04.2_all.deb ...
#5 100.5 Unpacking libdrm-common (2.4.125-1ubuntu0.1~24.04.2) ...
#5 100.5 Selecting previously unselected package libdrm2:arm64.
#5 100.5 Preparing to unpack .../025-libdrm2_2.4.125-1ubuntu0.1~24.04.2_arm64.deb ...
#5 100.5 Unpacking libdrm2:arm64 (2.4.125-1ubuntu0.1~24.04.2) ...
#5 100.6 Selecting previously unselected package libedit2:arm64.
#5 100.6 Preparing to unpack .../026-libedit2_3.1-20230828-1build1_arm64.deb ...
#5 100.6 Unpacking libedit2:arm64 (3.1-20230828-1build1) ...
#5 100.6 Selecting previously unselected package libevdev2:arm64.
#5 100.6 Preparing to unpack .../027-libevdev2_1.13.1+dfsg-1build1_arm64.deb ...
#5 100.6 Unpacking libevdev2:arm64 (1.13.1+dfsg-1build1) ...
#5 100.6 Selecting previously unselected package libfido2-1:arm64.
#5 100.6 Preparing to unpack .../028-libfido2-1_1.14.0-1build3_arm64.deb ...
#5 100.6 Unpacking libfido2-1:arm64 (1.14.0-1build3) ...
#5 100.7 Selecting previously unselected package libjansson4:arm64.
#5 100.7 Preparing to unpack .../029-libjansson4_2.14-2build2_arm64.deb ...
#5 100.7 Unpacking libjansson4:arm64 (2.14-2build2) ...
#5 100.7 Selecting previously unselected package libncurses6:arm64.
#5 100.7 Preparing to unpack .../030-libncurses6_6.4+20240113-1ubuntu2.2_arm64.deb ...
#5 100.7 Unpacking libncurses6:arm64 (6.4+20240113-1ubuntu2.2) ...
#5 100.7 Selecting previously unselected package libnuma1:arm64.
#5 100.7 Preparing to unpack .../031-libnuma1_2.0.18-1ubuntu0.24.04.1_arm64.deb ...
#5 100.8 Unpacking libnuma1:arm64 (2.0.18-1ubuntu0.24.04.1) ...
#5 100.8 Selecting previously unselected package libpng16-16t64:arm64.
#5 100.8 Preparing to unpack .../032-libpng16-16t64_1.6.43-5ubuntu0.6_arm64.deb ...
#5 100.8 Unpacking libpng16-16t64:arm64 (1.6.43-5ubuntu0.6) ...
#5 100.8 Selecting previously unselected package libsensors-config.
#5 100.8 Preparing to unpack .../033-libsensors-config_1%3a3.6.0-9build1_all.deb ...
#5 100.8 Unpacking libsensors-config (1:3.6.0-9build1) ...
#5 100.9 Selecting previously unselected package libsensors5:arm64.
#5 100.9 Preparing to unpack .../034-libsensors5_1%3a3.6.0-9build1_arm64.deb ...
#5 100.9 Unpacking libsensors5:arm64 (1:3.6.0-9build1) ...
#5 100.9 Selecting previously unselected package libxau6:arm64.
#5 100.9 Preparing to unpack .../035-libxau6_1%3a1.0.9-1build6_arm64.deb ...
#5 100.9 Unpacking libxau6:arm64 (1:1.0.9-1build6) ...
#5 100.9 Selecting previously unselected package libxdmcp6:arm64.
#5 100.9 Preparing to unpack .../036-libxdmcp6_1%3a1.1.3-0ubuntu6_arm64.deb ...
#5 100.9 Unpacking libxdmcp6:arm64 (1:1.1.3-0ubuntu6) ...
#5 101.0 Selecting previously unselected package libxcb1:arm64.
#5 101.0 Preparing to unpack .../037-libxcb1_1.15-1ubuntu2_arm64.deb ...
#5 101.0 Unpacking libxcb1:arm64 (1.15-1ubuntu2) ...
#5 101.0 Selecting previously unselected package libx11-data.
#5 101.0 Preparing to unpack .../038-libx11-data_2%3a1.8.7-1build1_all.deb ...
#5 101.0 Unpacking libx11-data (2:1.8.7-1build1) ...
#5 101.0 Selecting previously unselected package libx11-6:arm64.
#5 101.0 Preparing to unpack .../039-libx11-6_2%3a1.8.7-1build1_arm64.deb ...
#5 101.1 Unpacking libx11-6:arm64 (2:1.8.7-1build1) ...
#5 101.1 Selecting previously unselected package libxext6:arm64.
#5 101.1 Preparing to unpack .../040-libxext6_2%3a1.3.4-1build2_arm64.deb ...
#5 101.1 Unpacking libxext6:arm64 (2:1.3.4-1build2) ...
#5 101.1 Selecting previously unselected package libxkbcommon0:arm64.
#5 101.1 Preparing to unpack .../041-libxkbcommon0_1.6.0-1build1_arm64.deb ...
#5 101.1 Unpacking libxkbcommon0:arm64 (1.6.0-1build1) ...
#5 101.2 Selecting previously unselected package openssh-client.
#5 101.2 Preparing to unpack .../042-openssh-client_1%3a9.6p1-3ubuntu13.19_arm64.deb ...
#5 101.2 Unpacking openssh-client (1:9.6p1-3ubuntu13.19) ...
#5 101.2 Selecting previously unselected package libgdk-pixbuf2.0-common.
#5 101.2 Preparing to unpack .../043-libgdk-pixbuf2.0-common_2.42.10+dfsg-3ubuntu3.3_all.deb ...
#5 101.2 Unpacking libgdk-pixbuf2.0-common (2.42.10+dfsg-3ubuntu3.3) ...
#5 101.2 Selecting previously unselected package libjpeg-turbo8:arm64.
#5 101.2 Preparing to unpack .../044-libjpeg-turbo8_2.1.5-2ubuntu2_arm64.deb ...
#5 101.2 Unpacking libjpeg-turbo8:arm64 (2.1.5-2ubuntu2) ...
#5 101.3 Selecting previously unselected package libjpeg8:arm64.
#5 101.3 Preparing to unpack .../045-libjpeg8_8c-2ubuntu11_arm64.deb ...
#5 101.3 Unpacking libjpeg8:arm64 (8c-2ubuntu11) ...
#5 101.3 Selecting previously unselected package libdeflate0:arm64.
#5 101.3 Preparing to unpack .../046-libdeflate0_1.19-1build1.1_arm64.deb ...
#5 101.3 Unpacking libdeflate0:arm64 (1.19-1build1.1) ...
#5 101.3 Selecting previously unselected package libjbig0:arm64.
#5 101.3 Preparing to unpack .../047-libjbig0_2.1-6.1ubuntu2_arm64.deb ...
#5 101.3 Unpacking libjbig0:arm64 (2.1-6.1ubuntu2) ...
#5 101.4 Selecting previously unselected package liblerc4:arm64.
#5 101.4 Preparing to unpack .../048-liblerc4_4.0.0+ds-4ubuntu2_arm64.deb ...
#5 101.4 Unpacking liblerc4:arm64 (4.0.0+ds-4ubuntu2) ...
#5 101.4 Selecting previously unselected package libsharpyuv0:arm64.
#5 101.4 Preparing to unpack .../049-libsharpyuv0_1.3.2-0.4build3_arm64.deb ...
#5 101.4 Unpacking libsharpyuv0:arm64 (1.3.2-0.4build3) ...
#5 101.4 Selecting previously unselected package libwebp7:arm64.
#5 101.4 Preparing to unpack .../050-libwebp7_1.3.2-0.4build3_arm64.deb ...
#5 101.4 Unpacking libwebp7:arm64 (1.3.2-0.4build3) ...
#5 101.5 Selecting previously unselected package libtiff6:arm64.
#5 101.5 Preparing to unpack .../051-libtiff6_4.5.1+git230720-4ubuntu2.5_arm64.deb ...
#5 101.5 Unpacking libtiff6:arm64 (4.5.1+git230720-4ubuntu2.5) ...
#5 101.5 Selecting previously unselected package libgdk-pixbuf-2.0-0:arm64.
#5 101.5 Preparing to unpack .../052-libgdk-pixbuf-2.0-0_2.42.10+dfsg-3ubuntu3.3_arm64.deb ...
#5 101.5 Unpacking libgdk-pixbuf-2.0-0:arm64 (2.42.10+dfsg-3ubuntu3.3) ...
#5 101.5 Selecting previously unselected package gtk-update-icon-cache.
#5 101.5 Preparing to unpack .../053-gtk-update-icon-cache_3.24.41-4ubuntu1.3_arm64.deb ...
#5 101.5 Unpacking gtk-update-icon-cache (3.24.41-4ubuntu1.3) ...
#5 101.6 Selecting previously unselected package hicolor-icon-theme.
#5 101.6 Preparing to unpack .../054-hicolor-icon-theme_0.17-2_all.deb ...
#5 101.6 Unpacking hicolor-icon-theme (0.17-2) ...
#5 101.6 Selecting previously unselected package humanity-icon-theme.
#5 101.6 Preparing to unpack .../055-humanity-icon-theme_0.6.16_all.deb ...
#5 101.6 Unpacking humanity-icon-theme (0.6.16) ...
#5 102.0 Selecting previously unselected package ubuntu-mono.
#5 102.0 Preparing to unpack .../056-ubuntu-mono_24.04-0ubuntu1_all.deb ...
#5 102.0 Unpacking ubuntu-mono (24.04-0ubuntu1) ...
#5 102.1 Selecting previously unselected package adwaita-icon-theme.
#5 102.1 Preparing to unpack .../057-adwaita-icon-theme_46.0-1_all.deb ...
#5 102.2 Unpacking adwaita-icon-theme (46.0-1) ...
#5 102.2 Selecting previously unselected package at-spi2-common.
#5 102.3 Preparing to unpack .../058-at-spi2-common_2.52.0-1build1_all.deb ...
#5 102.3 Unpacking at-spi2-common (2.52.0-1build1) ...
#5 102.3 Selecting previously unselected package autoconf.
#5 102.3 Preparing to unpack .../059-autoconf_2.71-3_all.deb ...
#5 102.3 Unpacking autoconf (2.71-3) ...
#5 102.3 Selecting previously unselected package autotools-dev.
#5 102.3 Preparing to unpack .../060-autotools-dev_20220109.1_all.deb ...
#5 102.3 Unpacking autotools-dev (20220109.1) ...
#5 102.4 Selecting previously unselected package automake.
#5 102.4 Preparing to unpack .../061-automake_1%3a1.16.5-1.3ubuntu1_all.deb ...
#5 102.4 Unpacking automake (1:1.16.5-1.3ubuntu1) ...
#5 102.4 Selecting previously unselected package binutils-common:arm64.
#5 102.4 Preparing to unpack .../062-binutils-common_2.42-4ubuntu2.10_arm64.deb ...
#5 102.4 Unpacking binutils-common:arm64 (2.42-4ubuntu2.10) ...
#5 102.4 Selecting previously unselected package libsframe1:arm64.
#5 102.4 Preparing to unpack .../063-libsframe1_2.42-4ubuntu2.10_arm64.deb ...
#5 102.4 Unpacking libsframe1:arm64 (2.42-4ubuntu2.10) ...
#5 102.5 Selecting previously unselected package libbinutils:arm64.
#5 102.5 Preparing to unpack .../064-libbinutils_2.42-4ubuntu2.10_arm64.deb ...
#5 102.5 Unpacking libbinutils:arm64 (2.42-4ubuntu2.10) ...
#5 102.5 Selecting previously unselected package libctf-nobfd0:arm64.
#5 102.5 Preparing to unpack .../065-libctf-nobfd0_2.42-4ubuntu2.10_arm64.deb ...
#5 102.5 Unpacking libctf-nobfd0:arm64 (2.42-4ubuntu2.10) ...
#5 102.5 Selecting previously unselected package libctf0:arm64.
#5 102.5 Preparing to unpack .../066-libctf0_2.42-4ubuntu2.10_arm64.deb ...
#5 102.5 Unpacking libctf0:arm64 (2.42-4ubuntu2.10) ...
#5 102.6 Selecting previously unselected package libgprofng0:arm64.
#5 102.6 Preparing to unpack .../067-libgprofng0_2.42-4ubuntu2.10_arm64.deb ...
#5 102.6 Unpacking libgprofng0:arm64 (2.42-4ubuntu2.10) ...
#5 102.6 Selecting previously unselected package binutils-aarch64-linux-gnu.
#5 102.6 Preparing to unpack .../068-binutils-aarch64-linux-gnu_2.42-4ubuntu2.10_arm64.deb ...
#5 102.6 Unpacking binutils-aarch64-linux-gnu (2.42-4ubuntu2.10) ...
#5 102.7 Selecting previously unselected package binutils.
#5 102.7 Preparing to unpack .../069-binutils_2.42-4ubuntu2.10_arm64.deb ...
#5 102.7 Unpacking binutils (2.42-4ubuntu2.10) ...
#5 102.7 Selecting previously unselected package gcc-13-base:arm64.
#5 102.8 Preparing to unpack .../070-gcc-13-base_13.3.0-6ubuntu2~24.04.1_arm64.deb ...
#5 102.8 Unpacking gcc-13-base:arm64 (13.3.0-6ubuntu2~24.04.1) ...
#5 102.8 Selecting previously unselected package libisl23:arm64.
#5 102.8 Preparing to unpack .../071-libisl23_0.26-3build1.1_arm64.deb ...
#5 102.8 Unpacking libisl23:arm64 (0.26-3build1.1) ...
#5 102.8 Selecting previously unselected package libmpfr6:arm64.
#5 102.8 Preparing to unpack .../072-libmpfr6_4.2.1-1build1.1_arm64.deb ...
#5 102.8 Unpacking libmpfr6:arm64 (4.2.1-1build1.1) ...
#5 102.9 Selecting previously unselected package libmpc3:arm64.
#5 102.9 Preparing to unpack .../073-libmpc3_1.3.1-1build1.1_arm64.deb ...
#5 102.9 Unpacking libmpc3:arm64 (1.3.1-1build1.1) ...
#5 102.9 Selecting previously unselected package cpp-13-aarch64-linux-gnu.
#5 102.9 Preparing to unpack .../074-cpp-13-aarch64-linux-gnu_13.3.0-6ubuntu2~24.04.1_arm64.deb ...
#5 102.9 Unpacking cpp-13-aarch64-linux-gnu (13.3.0-6ubuntu2~24.04.1) ...
#5 103.0 Selecting previously unselected package cpp-13.
#5 103.0 Preparing to unpack .../075-cpp-13_13.3.0-6ubuntu2~24.04.1_arm64.deb ...
#5 103.1 Unpacking cpp-13 (13.3.0-6ubuntu2~24.04.1) ...
#5 103.1 Selecting previously unselected package cpp-aarch64-linux-gnu.
#5 103.1 Preparing to unpack .../076-cpp-aarch64-linux-gnu_4%3a13.2.0-7ubuntu1_arm64.deb ...
#5 103.1 Unpacking cpp-aarch64-linux-gnu (4:13.2.0-7ubuntu1) ...
#5 103.1 Selecting previously unselected package cpp.
#5 103.1 Preparing to unpack .../077-cpp_4%3a13.2.0-7ubuntu1_arm64.deb ...
#5 103.1 Unpacking cpp (4:13.2.0-7ubuntu1) ...
#5 103.2 Selecting previously unselected package libdconf1:arm64.
#5 103.2 Preparing to unpack .../078-libdconf1_0.40.0-4ubuntu0.1_arm64.deb ...
#5 103.2 Unpacking libdconf1:arm64 (0.40.0-4ubuntu0.1) ...
#5 103.2 Selecting previously unselected package dconf-service.
#5 103.2 Preparing to unpack .../079-dconf-service_0.40.0-4ubuntu0.1_arm64.deb ...
#5 103.2 Unpacking dconf-service (0.40.0-4ubuntu0.1) ...
#5 103.2 Selecting previously unselected package dconf-gsettings-backend:arm64.
#5 103.2 Preparing to unpack .../080-dconf-gsettings-backend_0.40.0-4ubuntu0.1_arm64.deb ...
#5 103.2 Unpacking dconf-gsettings-backend:arm64 (0.40.0-4ubuntu0.1) ...
#5 103.3 Selecting previously unselected package libfreetype6:arm64.
#5 103.3 Preparing to unpack .../081-libfreetype6_2.13.2+dfsg-1ubuntu0.1_arm64.deb ...
#5 103.3 Unpacking libfreetype6:arm64 (2.13.2+dfsg-1ubuntu0.1) ...
#5 103.3 Selecting previously unselected package fonts-dejavu-mono.
#5 103.3 Preparing to unpack .../082-fonts-dejavu-mono_2.37-8_all.deb ...
#5 103.3 Unpacking fonts-dejavu-mono (2.37-8) ...
#5 103.3 Selecting previously unselected package fonts-dejavu-core.
#5 103.3 Preparing to unpack .../083-fonts-dejavu-core_2.37-8_all.deb ...
#5 103.3 Unpacking fonts-dejavu-core (2.37-8) ...
#5 103.4 Selecting previously unselected package fontconfig-config.
#5 103.4 Preparing to unpack .../084-fontconfig-config_2.15.0-1.1ubuntu2_arm64.deb ...
#5 103.4 Unpacking fontconfig-config (2.15.0-1.1ubuntu2) ...
#5 103.5 Selecting previously unselected package libfontconfig1:arm64.
#5 103.5 Preparing to unpack .../085-libfontconfig1_2.15.0-1.1ubuntu2_arm64.deb ...
#5 103.5 Unpacking libfontconfig1:arm64 (2.15.0-1.1ubuntu2) ...
#5 103.5 Selecting previously unselected package fontconfig.
#5 103.5 Preparing to unpack .../086-fontconfig_2.15.0-1.1ubuntu2_arm64.deb ...
#5 103.5 Unpacking fontconfig (2.15.0-1.1ubuntu2) ...
#5 103.6 Selecting previously unselected package libcc1-0:arm64.
#5 103.6 Preparing to unpack .../087-libcc1-0_14.2.0-4ubuntu2~24.04.1_arm64.deb ...
#5 103.6 Unpacking libcc1-0:arm64 (14.2.0-4ubuntu2~24.04.1) ...
#5 103.6 Selecting previously unselected package libgomp1:arm64.
#5 103.6 Preparing to unpack .../088-libgomp1_14.2.0-4ubuntu2~24.04.1_arm64.deb ...
#5 103.6 Unpacking libgomp1:arm64 (14.2.0-4ubuntu2~24.04.1) ...
#5 103.6 Selecting previously unselected package libitm1:arm64.
#5 103.6 Preparing to unpack .../089-libitm1_14.2.0-4ubuntu2~24.04.1_arm64.deb ...
#5 103.6 Unpacking libitm1:arm64 (14.2.0-4ubuntu2~24.04.1) ...
#5 103.7 Selecting previously unselected package libatomic1:arm64.
#5 103.7 Preparing to unpack .../090-libatomic1_14.2.0-4ubuntu2~24.04.1_arm64.deb ...
#5 103.7 Unpacking libatomic1:arm64 (14.2.0-4ubuntu2~24.04.1) ...
#5 103.7 Selecting previously unselected package libasan8:arm64.
#5 103.7 Preparing to unpack .../091-libasan8_14.2.0-4ubuntu2~24.04.1_arm64.deb ...
#5 103.7 Unpacking libasan8:arm64 (14.2.0-4ubuntu2~24.04.1) ...
#5 103.8 Selecting previously unselected package liblsan0:arm64.
#5 103.8 Preparing to unpack .../092-liblsan0_14.2.0-4ubuntu2~24.04.1_arm64.deb ...
#5 103.8 Unpacking liblsan0:arm64 (14.2.0-4ubuntu2~24.04.1) ...
#5 103.9 Selecting previously unselected package libtsan2:arm64.
#5 103.9 Preparing to unpack .../093-libtsan2_14.2.0-4ubuntu2~24.04.1_arm64.deb ...
#5 103.9 Unpacking libtsan2:arm64 (14.2.0-4ubuntu2~24.04.1) ...
#5 104.0 Selecting previously unselected package libubsan1:arm64.
#5 104.0 Preparing to unpack .../094-libubsan1_14.2.0-4ubuntu2~24.04.1_arm64.deb ...
#5 104.0 Unpacking libubsan1:arm64 (14.2.0-4ubuntu2~24.04.1) ...
#5 104.0 Selecting previously unselected package libhwasan0:arm64.
#5 104.0 Preparing to unpack .../095-libhwasan0_14.2.0-4ubuntu2~24.04.1_arm64.deb ...
#5 104.0 Unpacking libhwasan0:arm64 (14.2.0-4ubuntu2~24.04.1) ...
#5 104.1 Selecting previously unselected package libgcc-13-dev:arm64.
#5 104.1 Preparing to unpack .../096-libgcc-13-dev_13.3.0-6ubuntu2~24.04.1_arm64.deb ...
#5 104.1 Unpacking libgcc-13-dev:arm64 (13.3.0-6ubuntu2~24.04.1) ...
#5 104.2 Selecting previously unselected package gcc-13-aarch64-linux-gnu.
#5 104.2 Preparing to unpack .../097-gcc-13-aarch64-linux-gnu_13.3.0-6ubuntu2~24.04.1_arm64.deb ...
#5 104.2 Unpacking gcc-13-aarch64-linux-gnu (13.3.0-6ubuntu2~24.04.1) ...
#5 104.4 Selecting previously unselected package gcc-13.
#5 104.4 Preparing to unpack .../098-gcc-13_13.3.0-6ubuntu2~24.04.1_arm64.deb ...
#5 104.4 Unpacking gcc-13 (13.3.0-6ubuntu2~24.04.1) ...
#5 104.5 Selecting previously unselected package gcc-aarch64-linux-gnu.
#5 104.5 Preparing to unpack .../099-gcc-aarch64-linux-gnu_4%3a13.2.0-7ubuntu1_arm64.deb ...
#5 104.5 Unpacking gcc-aarch64-linux-gnu (4:13.2.0-7ubuntu1) ...
#5 104.5 Selecting previously unselected package gcc.
#5 104.5 Preparing to unpack .../100-gcc_4%3a13.2.0-7ubuntu1_arm64.deb ...
#5 104.5 Unpacking gcc (4:13.2.0-7ubuntu1) ...
#5 104.5 Selecting previously unselected package libc-dev-bin.
#5 104.5 Preparing to unpack .../101-libc-dev-bin_2.39-0ubuntu8.9_arm64.deb ...
#5 104.5 Unpacking libc-dev-bin (2.39-0ubuntu8.9) ...
#5 104.6 Selecting previously unselected package linux-libc-dev:arm64.
#5 104.6 Preparing to unpack .../102-linux-libc-dev_6.8.0-146.146_arm64.deb ...
#5 104.6 Unpacking linux-libc-dev:arm64 (6.8.0-146.146) ...
#5 104.7 Selecting previously unselected package libcrypt-dev:arm64.
#5 104.7 Preparing to unpack .../103-libcrypt-dev_1%3a4.4.36-4build1_arm64.deb ...
#5 104.7 Unpacking libcrypt-dev:arm64 (1:4.4.36-4build1) ...
#5 104.7 Selecting previously unselected package rpcsvc-proto.
#5 104.7 Preparing to unpack .../104-rpcsvc-proto_1.4.2-0ubuntu7_arm64.deb ...
#5 104.7 Unpacking rpcsvc-proto (1.4.2-0ubuntu7) ...
#5 104.7 Selecting previously unselected package libc6-dev:arm64.
#5 104.7 Preparing to unpack .../105-libc6-dev_2.39-0ubuntu8.9_arm64.deb ...
#5 104.7 Unpacking libc6-dev:arm64 (2.39-0ubuntu8.9) ...
#5 104.8 Selecting previously unselected package libstdc++-13-dev:arm64.
#5 104.8 Preparing to unpack .../106-libstdc++-13-dev_13.3.0-6ubuntu2~24.04.1_arm64.deb ...
#5 104.8 Unpacking libstdc++-13-dev:arm64 (13.3.0-6ubuntu2~24.04.1) ...
#5 104.9 Selecting previously unselected package g++-13-aarch64-linux-gnu.
#5 104.9 Preparing to unpack .../107-g++-13-aarch64-linux-gnu_13.3.0-6ubuntu2~24.04.1_arm64.deb ...
#5 104.9 Unpacking g++-13-aarch64-linux-gnu (13.3.0-6ubuntu2~24.04.1) ...
#5 105.1 Selecting previously unselected package g++-13.
#5 105.1 Preparing to unpack .../108-g++-13_13.3.0-6ubuntu2~24.04.1_arm64.deb ...
#5 105.1 Unpacking g++-13 (13.3.0-6ubuntu2~24.04.1) ...
#5 105.1 Selecting previously unselected package g++-aarch64-linux-gnu.
#5 105.1 Preparing to unpack .../109-g++-aarch64-linux-gnu_4%3a13.2.0-7ubuntu1_arm64.deb ...
#5 105.1 Unpacking g++-aarch64-linux-gnu (4:13.2.0-7ubuntu1) ...
#5 105.2 Selecting previously unselected package g++.
#5 105.2 Preparing to unpack .../110-g++_4%3a13.2.0-7ubuntu1_arm64.deb ...
#5 105.2 Unpacking g++ (4:13.2.0-7ubuntu1) ...
#5 105.2 Selecting previously unselected package libgfortran5:arm64.
#5 105.2 Preparing to unpack .../111-libgfortran5_14.2.0-4ubuntu2~24.04.1_arm64.deb ...
#5 105.2 Unpacking libgfortran5:arm64 (14.2.0-4ubuntu2~24.04.1) ...
#5 105.3 Selecting previously unselected package libgfortran-13-dev:arm64.
#5 105.3 Preparing to unpack .../112-libgfortran-13-dev_13.3.0-6ubuntu2~24.04.1_arm64.deb ...
#5 105.3 Unpacking libgfortran-13-dev:arm64 (13.3.0-6ubuntu2~24.04.1) ...
#5 105.3 Selecting previously unselected package gfortran-13-aarch64-linux-gnu.
#5 105.3 Preparing to unpack .../113-gfortran-13-aarch64-linux-gnu_13.3.0-6ubuntu2~24.04.1_arm64.deb ...
#5 105.3 Unpacking gfortran-13-aarch64-linux-gnu (13.3.0-6ubuntu2~24.04.1) ...
#5 105.5 Selecting previously unselected package gfortran-13.
#5 105.5 Preparing to unpack .../114-gfortran-13_13.3.0-6ubuntu2~24.04.1_arm64.deb ...
#5 105.5 Unpacking gfortran-13 (13.3.0-6ubuntu2~24.04.1) ...
#5 105.5 Selecting previously unselected package aglfn.
#5 105.5 Preparing to unpack .../115-aglfn_1.7+git20191031.4036a9c-2_all.deb ...
#5 105.5 Unpacking aglfn (1.7+git20191031.4036a9c-2) ...
#5 105.6 Selecting previously unselected package gnuplot-data.
#5 105.6 Preparing to unpack .../116-gnuplot-data_6.0.0+dfsg1-1ubuntu3_all.deb ...
#5 105.6 Unpacking gnuplot-data (6.0.0+dfsg1-1ubuntu3) ...
#5 105.6 Selecting previously unselected package libpixman-1-0:arm64.
#5 105.6 Preparing to unpack .../117-libpixman-1-0_0.42.2-1build1_arm64.deb ...
#5 105.6 Unpacking libpixman-1-0:arm64 (0.42.2-1build1) ...
#5 105.6 Selecting previously unselected package libxcb-render0:arm64.
#5 105.6 Preparing to unpack .../118-libxcb-render0_1.15-1ubuntu2_arm64.deb ...
#5 105.6 Unpacking libxcb-render0:arm64 (1.15-1ubuntu2) ...
#5 105.7 Selecting previously unselected package libxcb-shm0:arm64.
#5 105.7 Preparing to unpack .../119-libxcb-shm0_1.15-1ubuntu2_arm64.deb ...
#5 105.7 Unpacking libxcb-shm0:arm64 (1.15-1ubuntu2) ...
#5 105.7 Selecting previously unselected package libxrender1:arm64.
#5 105.7 Preparing to unpack .../120-libxrender1_1%3a0.9.10-1.1build1_arm64.deb ...
#5 105.7 Unpacking libxrender1:arm64 (1:0.9.10-1.1build1) ...
#5 105.8 Selecting previously unselected package libcairo2:arm64.
#5 105.8 Preparing to unpack .../121-libcairo2_1.18.0-3build1_arm64.deb ...
#5 105.8 Unpacking libcairo2:arm64 (1.18.0-3build1) ...
#5 105.8 Selecting previously unselected package libaom3:arm64.
#5 105.8 Preparing to unpack .../122-libaom3_3.8.2-2ubuntu0.2_arm64.deb ...
#5 105.8 Unpacking libaom3:arm64 (3.8.2-2ubuntu0.2) ...
#5 105.8 Selecting previously unselected package libheif-plugin-aomdec:arm64.
#5 105.8 Preparing to unpack .../123-libheif-plugin-aomdec_1.17.6-1ubuntu4.9_arm64.deb ...
#5 105.8 Unpacking libheif-plugin-aomdec:arm64 (1.17.6-1ubuntu4.9) ...
#5 105.9 Selecting previously unselected package libheif1:arm64.
#5 105.9 Preparing to unpack .../124-libheif1_1.17.6-1ubuntu4.9_arm64.deb ...
#5 105.9 Unpacking libheif1:arm64 (1.17.6-1ubuntu4.9) ...
#5 105.9 Selecting previously unselected package libxpm4:arm64.
#5 105.9 Preparing to unpack .../125-libxpm4_1%3a3.5.17-1ubuntu0.24.04.2_arm64.deb ...
#5 105.9 Unpacking libxpm4:arm64 (1:3.5.17-1ubuntu0.24.04.2) ...
#5 106.0 Selecting previously unselected package libgd3:arm64.
#5 106.0 Preparing to unpack .../126-libgd3_2.3.3-9ubuntu5_arm64.deb ...
#5 106.0 Unpacking libgd3:arm64 (2.3.3-9ubuntu5) ...
#5 106.0 Selecting previously unselected package liblua5.4-0:arm64.
#5 106.0 Preparing to unpack .../127-liblua5.4-0_5.4.6-3build2_arm64.deb ...
#5 106.0 Unpacking liblua5.4-0:arm64 (5.4.6-3build2) ...
#5 106.0 Selecting previously unselected package libgraphite2-3:arm64.
#5 106.0 Preparing to unpack .../128-libgraphite2-3_1.3.14-2ubuntu0.24.04.1_arm64.deb ...
#5 106.0 Unpacking libgraphite2-3:arm64 (1.3.14-2ubuntu0.24.04.1) ...
#5 106.1 Selecting previously unselected package libharfbuzz0b:arm64.
#5 106.1 Preparing to unpack .../129-libharfbuzz0b_8.3.0-2build2_arm64.deb ...
#5 106.1 Unpacking libharfbuzz0b:arm64 (8.3.0-2build2) ...
#5 106.1 Selecting previously unselected package libthai-data.
#5 106.1 Preparing to unpack .../130-libthai-data_0.1.29-2build1_all.deb ...
#5 106.1 Unpacking libthai-data (0.1.29-2build1) ...
#5 106.1 Selecting previously unselected package libdatrie1:arm64.
#5 106.1 Preparing to unpack .../131-libdatrie1_0.2.13-3build1_arm64.deb ...
#5 106.2 Unpacking libdatrie1:arm64 (0.2.13-3build1) ...
#5 106.2 Selecting previously unselected package libthai0:arm64.
#5 106.2 Preparing to unpack .../132-libthai0_0.1.29-2build1_arm64.deb ...
#5 106.2 Unpacking libthai0:arm64 (0.1.29-2build1) ...
#5 106.2 Selecting previously unselected package libpango-1.0-0:arm64.
#5 106.2 Preparing to unpack .../133-libpango-1.0-0_1.52.1+ds-1build1_arm64.deb ...
#5 106.2 Unpacking libpango-1.0-0:arm64 (1.52.1+ds-1build1) ...
#5 106.3 Selecting previously unselected package libpangoft2-1.0-0:arm64.
#5 106.3 Preparing to unpack .../134-libpangoft2-1.0-0_1.52.1+ds-1build1_arm64.deb ...
#5 106.3 Unpacking libpangoft2-1.0-0:arm64 (1.52.1+ds-1build1) ...
#5 106.3 Selecting previously unselected package libpangocairo-1.0-0:arm64.
#5 106.3 Preparing to unpack .../135-libpangocairo-1.0-0_1.52.1+ds-1build1_arm64.deb ...
#5 106.3 Unpacking libpangocairo-1.0-0:arm64 (1.52.1+ds-1build1) ...
#5 106.3 Selecting previously unselected package libdouble-conversion3:arm64.
#5 106.3 Preparing to unpack .../136-libdouble-conversion3_3.3.0-1build1_arm64.deb ...
#5 106.3 Unpacking libdouble-conversion3:arm64 (3.3.0-1build1) ...
#5 106.4 Selecting previously unselected package libpcre2-16-0:arm64.
#5 106.4 Preparing to unpack .../137-libpcre2-16-0_10.42-4ubuntu2.1_arm64.deb ...
#5 106.4 Unpacking libpcre2-16-0:arm64 (10.42-4ubuntu2.1) ...
#5 106.4 Selecting previously unselected package libqt5core5t64:arm64.
#5 106.4 Preparing to unpack .../138-libqt5core5t64_5.15.13+dfsg-1ubuntu1_arm64.deb ...
#5 106.4 Unpacking libqt5core5t64:arm64 (5.15.13+dfsg-1ubuntu1) ...
#5 106.5 Selecting previously unselected package libglvnd0:arm64.
#5 106.5 Preparing to unpack .../139-libglvnd0_1.7.0-1build1_arm64.deb ...
#5 106.5 Unpacking libglvnd0:arm64 (1.7.0-1build1) ...
#5 106.5 Selecting previously unselected package libwayland-server0:arm64.
#5 106.5 Preparing to unpack .../140-libwayland-server0_1.22.0-2.1build1_arm64.deb ...
#5 106.5 Unpacking libwayland-server0:arm64 (1.22.0-2.1build1) ...
#5 106.6 Selecting previously unselected package libdrm-amdgpu1:arm64.
#5 106.6 Preparing to unpack .../141-libdrm-amdgpu1_2.4.125-1ubuntu0.1~24.04.2_arm64.deb ...
#5 106.6 Unpacking libdrm-amdgpu1:arm64 (2.4.125-1ubuntu0.1~24.04.2) ...
#5 106.6 Selecting previously unselected package libllvm20:arm64.
#5 106.6 Preparing to unpack .../142-libllvm20_1%3a20.1.2-0ubuntu1~24.04.3_arm64.deb ...
#5 106.6 Unpacking libllvm20:arm64 (1:20.1.2-0ubuntu1~24.04.3) ...
#5 107.2 Selecting previously unselected package libx11-xcb1:arm64.
#5 107.2 Preparing to unpack .../143-libx11-xcb1_2%3a1.8.7-1build1_arm64.deb ...
#5 107.2 Unpacking libx11-xcb1:arm64 (2:1.8.7-1build1) ...
#5 107.2 Selecting previously unselected package libxcb-dri3-0:arm64.
#5 107.2 Preparing to unpack .../144-libxcb-dri3-0_1.15-1ubuntu2_arm64.deb ...
#5 107.2 Unpacking libxcb-dri3-0:arm64 (1.15-1ubuntu2) ...
#5 107.3 Selecting previously unselected package libxcb-present0:arm64.
#5 107.3 Preparing to unpack .../145-libxcb-present0_1.15-1ubuntu2_arm64.deb ...
#5 107.3 Unpacking libxcb-present0:arm64 (1.15-1ubuntu2) ...
#5 107.3 Selecting previously unselected package libxcb-randr0:arm64.
#5 107.3 Preparing to unpack .../146-libxcb-randr0_1.15-1ubuntu2_arm64.deb ...
#5 107.3 Unpacking libxcb-randr0:arm64 (1.15-1ubuntu2) ...
#5 107.3 Selecting previously unselected package libxcb-sync1:arm64.
#5 107.3 Preparing to unpack .../147-libxcb-sync1_1.15-1ubuntu2_arm64.deb ...
#5 107.3 Unpacking libxcb-sync1:arm64 (1.15-1ubuntu2) ...
#5 107.4 Selecting previously unselected package libxcb-xfixes0:arm64.
#5 107.4 Preparing to unpack .../148-libxcb-xfixes0_1.15-1ubuntu2_arm64.deb ...
#5 107.4 Unpacking libxcb-xfixes0:arm64 (1.15-1ubuntu2) ...
#5 107.4 Selecting previously unselected package libxshmfence1:arm64.
#5 107.4 Preparing to unpack .../149-libxshmfence1_1.3-1build5_arm64.deb ...
#5 107.4 Unpacking libxshmfence1:arm64 (1.3-1build5) ...
#5 107.4 Selecting previously unselected package mesa-libgallium:arm64.
#5 107.4 Preparing to unpack .../150-mesa-libgallium_25.2.8-0ubuntu0.24.04.3_arm64.deb ...
#5 107.4 Unpacking mesa-libgallium:arm64 (25.2.8-0ubuntu0.24.04.3) ...
#5 107.7 Selecting previously unselected package libgbm1:arm64.
#5 107.7 Preparing to unpack .../151-libgbm1_25.2.8-0ubuntu0.24.04.3_arm64.deb ...
#5 107.7 Unpacking libgbm1:arm64 (25.2.8-0ubuntu0.24.04.3) ...
#5 107.7 Selecting previously unselected package libwayland-client0:arm64.
#5 107.7 Preparing to unpack .../152-libwayland-client0_1.22.0-2.1build1_arm64.deb ...
#5 107.7 Unpacking libwayland-client0:arm64 (1.22.0-2.1build1) ...
#5 107.7 Selecting previously unselected package libegl-mesa0:arm64.
#5 107.7 Preparing to unpack .../153-libegl-mesa0_25.2.8-0ubuntu0.24.04.3_arm64.deb ...
#5 107.7 Unpacking libegl-mesa0:arm64 (25.2.8-0ubuntu0.24.04.3) ...
#5 107.8 Selecting previously unselected package libegl1:arm64.
#5 107.8 Preparing to unpack .../154-libegl1_1.7.0-1build1_arm64.deb ...
#5 107.8 Unpacking libegl1:arm64 (1.7.0-1build1) ...
#5 107.8 Selecting previously unselected package libxcb-glx0:arm64.
#5 107.8 Preparing to unpack .../155-libxcb-glx0_1.15-1ubuntu2_arm64.deb ...
#5 107.8 Unpacking libxcb-glx0:arm64 (1.15-1ubuntu2) ...
#5 107.8 Selecting previously unselected package libxxf86vm1:arm64.
#5 107.9 Preparing to unpack .../156-libxxf86vm1_1%3a1.1.4-1build4_arm64.deb ...
#5 107.9 Unpacking libxxf86vm1:arm64 (1:1.1.4-1build4) ...
#5 107.9 Selecting previously unselected package libvulkan1:arm64.
#5 107.9 Preparing to unpack .../157-libvulkan1_1.3.275.0-1build1_arm64.deb ...
#5 107.9 Unpacking libvulkan1:arm64 (1.3.275.0-1build1) ...
#5 107.9 Selecting previously unselected package libgl1-mesa-dri:arm64.
#5 107.9 Preparing to unpack .../158-libgl1-mesa-dri_25.2.8-0ubuntu0.24.04.3_arm64.deb ...
#5 107.9 Unpacking libgl1-mesa-dri:arm64 (25.2.8-0ubuntu0.24.04.3) ...
#5 108.0 Selecting previously unselected package libglx-mesa0:arm64.
#5 108.0 Preparing to unpack .../159-libglx-mesa0_25.2.8-0ubuntu0.24.04.3_arm64.deb ...
#5 108.0 Unpacking libglx-mesa0:arm64 (25.2.8-0ubuntu0.24.04.3) ...
#5 108.0 Selecting previously unselected package libglx0:arm64.
#5 108.0 Preparing to unpack .../160-libglx0_1.7.0-1build1_arm64.deb ...
#5 108.0 Unpacking libglx0:arm64 (1.7.0-1build1) ...
#5 108.0 Selecting previously unselected package libgl1:arm64.
#5 108.0 Preparing to unpack .../161-libgl1_1.7.0-1build1_arm64.deb ...
#5 108.0 Unpacking libgl1:arm64 (1.7.0-1build1) ...
#5 108.1 Selecting previously unselected package x11-common.
#5 108.1 Preparing to unpack .../162-x11-common_1%3a7.7+23ubuntu3_all.deb ...
#5 108.1 Unpacking x11-common (1:7.7+23ubuntu3) ...
#5 108.2 Selecting previously unselected package libice6:arm64.
#5 108.2 Preparing to unpack .../163-libice6_2%3a1.0.10-1build3_arm64.deb ...
#5 108.2 Unpacking libice6:arm64 (2:1.0.10-1build3) ...
#5 108.2 Selecting previously unselected package libmtdev1t64:arm64.
#5 108.2 Preparing to unpack .../164-libmtdev1t64_1.1.6-1.1build1_arm64.deb ...
#5 108.2 Unpacking libmtdev1t64:arm64 (1.1.6-1.1build1) ...
#5 108.3 Selecting previously unselected package libgudev-1.0-0:arm64.
#5 108.3 Preparing to unpack .../165-libgudev-1.0-0_1%3a238-5ubuntu1_arm64.deb ...
#5 108.3 Unpacking libgudev-1.0-0:arm64 (1:238-5ubuntu1) ...
#5 108.3 Selecting previously unselected package libwacom-common.
#5 108.3 Preparing to unpack .../166-libwacom-common_2.10.0-2_all.deb ...
#5 108.3 Unpacking libwacom-common (2.10.0-2) ...
#5 108.4 Selecting previously unselected package libwacom9:arm64.
#5 108.4 Preparing to unpack .../167-libwacom9_2.10.0-2_arm64.deb ...
#5 108.4 Unpacking libwacom9:arm64 (2.10.0-2) ...
#5 108.4 Selecting previously unselected package libinput-bin.
#5 108.4 Preparing to unpack .../168-libinput-bin_1.25.0-1ubuntu3.7_arm64.deb ...
#5 108.4 Unpacking libinput-bin (1.25.0-1ubuntu3.7) ...
#5 108.4 Selecting previously unselected package libinput10:arm64.
#5 108.4 Preparing to unpack .../169-libinput10_1.25.0-1ubuntu3.7_arm64.deb ...
#5 108.4 Unpacking libinput10:arm64 (1.25.0-1ubuntu3.7) ...
#5 108.5 Selecting previously unselected package libmd4c0:arm64.
#5 108.5 Preparing to unpack .../170-libmd4c0_0.4.8-1build1_arm64.deb ...
#5 108.5 Unpacking libmd4c0:arm64 (0.4.8-1build1) ...
#5 108.5 Selecting previously unselected package libqt5dbus5t64:arm64.
#5 108.5 Preparing to unpack .../171-libqt5dbus5t64_5.15.13+dfsg-1ubuntu1_arm64.deb ...
#5 108.5 Unpacking libqt5dbus5t64:arm64 (5.15.13+dfsg-1ubuntu1) ...
#5 108.5 Selecting previously unselected package libqt5network5t64:arm64.
#5 108.5 Preparing to unpack .../172-libqt5network5t64_5.15.13+dfsg-1ubuntu1_arm64.deb ...
#5 108.5 Unpacking libqt5network5t64:arm64 (5.15.13+dfsg-1ubuntu1) ...
#5 108.6 Selecting previously unselected package libsm6:arm64.
#5 108.6 Preparing to unpack .../173-libsm6_2%3a1.2.3-1build3_arm64.deb ...
#5 108.6 Unpacking libsm6:arm64 (2:1.2.3-1build3) ...
#5 108.6 Selecting previously unselected package libxcb-icccm4:arm64.
#5 108.6 Preparing to unpack .../174-libxcb-icccm4_0.4.1-1.1build3_arm64.deb ...
#5 108.6 Unpacking libxcb-icccm4:arm64 (0.4.1-1.1build3) ...
#5 108.7 Selecting previously unselected package libxcb-util1:arm64.
#5 108.7 Preparing to unpack .../175-libxcb-util1_0.4.0-1build3_arm64.deb ...
#5 108.7 Unpacking libxcb-util1:arm64 (0.4.0-1build3) ...
#5 108.7 Selecting previously unselected package libxcb-image0:arm64.
#5 108.7 Preparing to unpack .../176-libxcb-image0_0.4.0-2build1_arm64.deb ...
#5 108.7 Unpacking libxcb-image0:arm64 (0.4.0-2build1) ...
#5 108.8 Selecting previously unselected package libxcb-keysyms1:arm64.
#5 108.8 Preparing to unpack .../177-libxcb-keysyms1_0.4.0-1build4_arm64.deb ...
#5 108.8 Unpacking libxcb-keysyms1:arm64 (0.4.0-1build4) ...
#5 108.8 Selecting previously unselected package libxcb-render-util0:arm64.
#5 108.8 Preparing to unpack .../178-libxcb-render-util0_0.3.9-1build4_arm64.deb ...
#5 108.8 Unpacking libxcb-render-util0:arm64 (0.3.9-1build4) ...
#5 108.8 Selecting previously unselected package libxcb-shape0:arm64.
#5 108.8 Preparing to unpack .../179-libxcb-shape0_1.15-1ubuntu2_arm64.deb ...
#5 108.8 Unpacking libxcb-shape0:arm64 (1.15-1ubuntu2) ...
#5 108.9 Selecting previously unselected package libxcb-xinerama0:arm64.
#5 108.9 Preparing to unpack .../180-libxcb-xinerama0_1.15-1ubuntu2_arm64.deb ...
#5 108.9 Unpacking libxcb-xinerama0:arm64 (1.15-1ubuntu2) ...
#5 108.9 Selecting previously unselected package libxcb-xinput0:arm64.
#5 108.9 Preparing to unpack .../181-libxcb-xinput0_1.15-1ubuntu2_arm64.deb ...
#5 108.9 Unpacking libxcb-xinput0:arm64 (1.15-1ubuntu2) ...
#5 108.9 Selecting previously unselected package libxcb-xkb1:arm64.
#5 108.9 Preparing to unpack .../182-libxcb-xkb1_1.15-1ubuntu2_arm64.deb ...
#5 108.9 Unpacking libxcb-xkb1:arm64 (1.15-1ubuntu2) ...
#5 109.0 Selecting previously unselected package libxkbcommon-x11-0:arm64.
#5 109.0 Preparing to unpack .../183-libxkbcommon-x11-0_1.6.0-1build1_arm64.deb ...
#5 109.0 Unpacking libxkbcommon-x11-0:arm64 (1.6.0-1build1) ...
#5 109.0 Selecting previously unselected package libqt5gui5t64:arm64.
#5 109.0 Preparing to unpack .../184-libqt5gui5t64_5.15.13+dfsg-1ubuntu1_arm64.deb ...
#5 109.0 Unpacking libqt5gui5t64:arm64 (5.15.13+dfsg-1ubuntu1) ...
#5 109.1 Selecting previously unselected package libavahi-common-data:arm64.
#5 109.1 Preparing to unpack .../185-libavahi-common-data_0.8-13ubuntu6.2_arm64.deb ...
#5 109.1 Unpacking libavahi-common-data:arm64 (0.8-13ubuntu6.2) ...
#5 109.2 Selecting previously unselected package libavahi-common3:arm64.
#5 109.2 Preparing to unpack .../186-libavahi-common3_0.8-13ubuntu6.2_arm64.deb ...
#5 109.2 Unpacking libavahi-common3:arm64 (0.8-13ubuntu6.2) ...
#5 109.2 Selecting previously unselected package libavahi-client3:arm64.
#5 109.2 Preparing to unpack .../187-libavahi-client3_0.8-13ubuntu6.2_arm64.deb ...
#5 109.2 Unpacking libavahi-client3:arm64 (0.8-13ubuntu6.2) ...
#5 109.2 Selecting previously unselected package libcups2t64:arm64.
#5 109.2 Preparing to unpack .../188-libcups2t64_2.4.7-1.2ubuntu7.14_arm64.deb ...
#5 109.2 Unpacking libcups2t64:arm64 (2.4.7-1.2ubuntu7.14) ...
#5 109.3 Selecting previously unselected package libqt5widgets5t64:arm64.
#5 109.3 Preparing to unpack .../189-libqt5widgets5t64_5.15.13+dfsg-1ubuntu1_arm64.deb ...
#5 109.3 Unpacking libqt5widgets5t64:arm64 (5.15.13+dfsg-1ubuntu1) ...
#5 109.3 Selecting previously unselected package libqt5printsupport5t64:arm64.
#5 109.3 Preparing to unpack .../190-libqt5printsupport5t64_5.15.13+dfsg-1ubuntu1_arm64.deb ...
#5 109.4 Unpacking libqt5printsupport5t64:arm64 (5.15.13+dfsg-1ubuntu1) ...
#5 109.4 Selecting previously unselected package libqt5svg5:arm64.
#5 109.4 Preparing to unpack .../191-libqt5svg5_5.15.13-1_arm64.deb ...
#5 109.4 Unpacking libqt5svg5:arm64 (5.15.13-1) ...
#5 109.4 Selecting previously unselected package libwebpmux3:arm64.
#5 109.4 Preparing to unpack .../192-libwebpmux3_1.3.2-0.4build3_arm64.deb ...
#5 109.4 Unpacking libwebpmux3:arm64 (1.3.2-0.4build3) ...
#5 109.5 Selecting previously unselected package libpcre2-32-0:arm64.
#5 109.5 Preparing to unpack .../193-libpcre2-32-0_10.42-4ubuntu2.1_arm64.deb ...
#5 109.5 Unpacking libpcre2-32-0:arm64 (10.42-4ubuntu2.1) ...
#5 109.5 Selecting previously unselected package libwxbase3.2-1t64:arm64.
#5 109.5 Preparing to unpack .../194-libwxbase3.2-1t64_3.2.4+dfsg-4build1_arm64.deb ...
#5 109.5 Unpacking libwxbase3.2-1t64:arm64 (3.2.4+dfsg-4build1) ...
#5 109.5 Selecting previously unselected package libatk1.0-0t64:arm64.
#5 109.5 Preparing to unpack .../195-libatk1.0-0t64_2.52.0-1build1_arm64.deb ...
#5 109.5 Unpacking libatk1.0-0t64:arm64 (2.52.0-1build1) ...
#5 109.6 Selecting previously unselected package libxi6:arm64.
#5 109.6 Preparing to unpack .../196-libxi6_2%3a1.8.1-1build1_arm64.deb ...
#5 109.6 Unpacking libxi6:arm64 (2:1.8.1-1build1) ...
#5 109.6 Selecting previously unselected package libatspi2.0-0t64:arm64.
#5 109.6 Preparing to unpack .../197-libatspi2.0-0t64_2.52.0-1build1_arm64.deb ...
#5 109.6 Unpacking libatspi2.0-0t64:arm64 (2.52.0-1build1) ...
#5 109.7 Selecting previously unselected package libatk-bridge2.0-0t64:arm64.
#5 109.7 Preparing to unpack .../198-libatk-bridge2.0-0t64_2.52.0-1build1_arm64.deb ...
#5 109.7 Unpacking libatk-bridge2.0-0t64:arm64 (2.52.0-1build1) ...
#5 109.7 Selecting previously unselected package libcairo-gobject2:arm64.
#5 109.7 Preparing to unpack .../199-libcairo-gobject2_1.18.0-3build1_arm64.deb ...
#5 109.7 Unpacking libcairo-gobject2:arm64 (1.18.0-3build1) ...
#5 109.7 Selecting previously unselected package liblcms2-2:arm64.
#5 109.7 Preparing to unpack .../200-liblcms2-2_2.14-2ubuntu0.1_arm64.deb ...
#5 109.7 Unpacking liblcms2-2:arm64 (2.14-2ubuntu0.1) ...
#5 109.8 Selecting previously unselected package libcolord2:arm64.
#5 109.8 Preparing to unpack .../201-libcolord2_1.4.7-1build2_arm64.deb ...
#5 109.8 Unpacking libcolord2:arm64 (1.4.7-1build2) ...
#5 109.8 Selecting previously unselected package libepoxy0:arm64.
#5 109.8 Preparing to unpack .../202-libepoxy0_1.5.10-1build1_arm64.deb ...
#5 109.8 Unpacking libepoxy0:arm64 (1.5.10-1build1) ...
#5 109.9 Selecting previously unselected package libwayland-cursor0:arm64.
#5 109.9 Preparing to unpack .../203-libwayland-cursor0_1.22.0-2.1build1_arm64.deb ...
#5 109.9 Unpacking libwayland-cursor0:arm64 (1.22.0-2.1build1) ...
#5 109.9 Selecting previously unselected package libwayland-egl1:arm64.
#5 109.9 Preparing to unpack .../204-libwayland-egl1_1.22.0-2.1build1_arm64.deb ...
#5 109.9 Unpacking libwayland-egl1:arm64 (1.22.0-2.1build1) ...
#5 109.9 Selecting previously unselected package libxcomposite1:arm64.
#5 109.9 Preparing to unpack .../205-libxcomposite1_1%3a0.4.5-1build3_arm64.deb ...
#5 109.9 Unpacking libxcomposite1:arm64 (1:0.4.5-1build3) ...
#5 110.0 Selecting previously unselected package libxfixes3:arm64.
#5 110.0 Preparing to unpack .../206-libxfixes3_1%3a6.0.0-2build1_arm64.deb ...
#5 110.0 Unpacking libxfixes3:arm64 (1:6.0.0-2build1) ...
#5 110.0 Selecting previously unselected package libxcursor1:arm64.
#5 110.0 Preparing to unpack .../207-libxcursor1_1%3a1.2.1-1build1_arm64.deb ...
#5 110.0 Unpacking libxcursor1:arm64 (1:1.2.1-1build1) ...
#5 110.0 Selecting previously unselected package libxdamage1:arm64.
#5 110.0 Preparing to unpack .../208-libxdamage1_1%3a1.1.6-1build1_arm64.deb ...
#5 110.0 Unpacking libxdamage1:arm64 (1:1.1.6-1build1) ...
#5 110.1 Selecting previously unselected package libxinerama1:arm64.
#5 110.1 Preparing to unpack .../209-libxinerama1_2%3a1.1.4-3build1_arm64.deb ...
#5 110.1 Unpacking libxinerama1:arm64 (2:1.1.4-3build1) ...
#5 110.1 Selecting previously unselected package libxrandr2:arm64.
#5 110.1 Preparing to unpack .../210-libxrandr2_2%3a1.5.2-2build1_arm64.deb ...
#5 110.1 Unpacking libxrandr2:arm64 (2:1.5.2-2build1) ...
#5 110.1 Selecting previously unselected package libgtk-3-common.
#5 110.1 Preparing to unpack .../211-libgtk-3-common_3.24.41-4ubuntu1.3_all.deb ...
#5 110.1 Unpacking libgtk-3-common (3.24.41-4ubuntu1.3) ...
#5 110.2 Selecting previously unselected package libgtk-3-0t64:arm64.
#5 110.2 Preparing to unpack .../212-libgtk-3-0t64_3.24.41-4ubuntu1.3_arm64.deb ...
#5 110.2 Unpacking libgtk-3-0t64:arm64 (3.24.41-4ubuntu1.3) ...
#5 110.3 Selecting previously unselected package libnotify4:arm64.
#5 110.3 Preparing to unpack .../213-libnotify4_0.8.3-1build2_arm64.deb ...
#5 110.3 Unpacking libnotify4:arm64 (0.8.3-1build2) ...
#5 110.3 Selecting previously unselected package libxtst6:arm64.
#5 110.3 Preparing to unpack .../214-libxtst6_2%3a1.2.3-1.1build1_arm64.deb ...
#5 110.4 Unpacking libxtst6:arm64 (2:1.2.3-1.1build1) ...
#5 110.4 Selecting previously unselected package libwxgtk3.2-1t64:arm64.
#5 110.4 Preparing to unpack .../215-libwxgtk3.2-1t64_3.2.4+dfsg-4build1_arm64.deb ...
#5 110.4 Unpacking libwxgtk3.2-1t64:arm64 (3.2.4+dfsg-4build1) ...
#5 110.5 Selecting previously unselected package gnuplot-qt.
#5 110.5 Preparing to unpack .../216-gnuplot-qt_6.0.0+dfsg1-1ubuntu3_arm64.deb ...
#5 110.5 Unpacking gnuplot-qt (6.0.0+dfsg1-1ubuntu3) ...
#5 110.5 Selecting previously unselected package gnuplot.
#5 110.5 Preparing to unpack .../217-gnuplot_6.0.0+dfsg1-1ubuntu3_all.deb ...
#5 110.5 Unpacking gnuplot (6.0.0+dfsg1-1ubuntu3) ...
#5 110.6 Selecting previously unselected package libevent-2.1-7t64:arm64.
#5 110.6 Preparing to unpack .../218-libevent-2.1-7t64_2.1.12-stable-9ubuntu2.2_arm64.deb ...
#5 110.6 Unpacking libevent-2.1-7t64:arm64 (2.1.12-stable-9ubuntu2.2) ...
#5 110.6 Selecting previously unselected package libevent-core-2.1-7t64:arm64.
#5 110.6 Preparing to unpack .../219-libevent-core-2.1-7t64_2.1.12-stable-9ubuntu2.2_arm64.deb ...
#5 110.6 Unpacking libevent-core-2.1-7t64:arm64 (2.1.12-stable-9ubuntu2.2) ...
#5 110.6 Selecting previously unselected package libevent-extra-2.1-7t64:arm64.
#5 110.6 Preparing to unpack .../220-libevent-extra-2.1-7t64_2.1.12-stable-9ubuntu2.2_arm64.deb ...
#5 110.7 Unpacking libevent-extra-2.1-7t64:arm64 (2.1.12-stable-9ubuntu2.2) ...
#5 110.7 Selecting previously unselected package libevent-pthreads-2.1-7t64:arm64.
#5 110.7 Preparing to unpack .../221-libevent-pthreads-2.1-7t64_2.1.12-stable-9ubuntu2.2_arm64.deb ...
#5 110.7 Unpacking libevent-pthreads-2.1-7t64:arm64 (2.1.12-stable-9ubuntu2.2) ...
#5 110.7 Selecting previously unselected package libevent-openssl-2.1-7t64:arm64.
#5 110.7 Preparing to unpack .../222-libevent-openssl-2.1-7t64_2.1.12-stable-9ubuntu2.2_arm64.deb ...
#5 110.7 Unpacking libevent-openssl-2.1-7t64:arm64 (2.1.12-stable-9ubuntu2.2) ...
#5 110.7 Selecting previously unselected package libevent-dev.
#5 110.7 Preparing to unpack .../223-libevent-dev_2.1.12-stable-9ubuntu2.2_arm64.deb ...
#5 110.8 Unpacking libevent-dev (2.1.12-stable-9ubuntu2.2) ...
#5 110.8 Selecting previously unselected package librdmacm1t64:arm64.
#5 110.8 Preparing to unpack .../224-librdmacm1t64_50.0-2ubuntu0.2_arm64.deb ...
#5 110.8 Unpacking librdmacm1t64:arm64 (50.0-2ubuntu0.2) ...
#5 110.8 Selecting previously unselected package libfabric1:arm64.
#5 110.8 Preparing to unpack .../225-libfabric1_1.17.0-3build2_arm64.deb ...
#5 110.8 Unpacking libfabric1:arm64 (1.17.0-3build2) ...
#5 110.9 Selecting previously unselected package libhwloc15:arm64.
#5 110.9 Preparing to unpack .../226-libhwloc15_2.10.0-1build1_arm64.deb ...
#5 110.9 Unpacking libhwloc15:arm64 (2.10.0-1build1) ...
#5 110.9 Selecting previously unselected package xorg-sgml-doctools.
#5 110.9 Preparing to unpack .../227-xorg-sgml-doctools_1%3a1.11-1.1_all.deb ...
#5 110.9 Unpacking xorg-sgml-doctools (1:1.11-1.1) ...
#5 110.9 Selecting previously unselected package x11proto-dev.
#5 110.9 Preparing to unpack .../228-x11proto-dev_2023.2-1_all.deb ...
#5 110.9 Unpacking x11proto-dev (2023.2-1) ...
#5 111.0 Selecting previously unselected package libice-dev:arm64.
#5 111.0 Preparing to unpack .../229-libice-dev_2%3a1.0.10-1build3_arm64.deb ...
#5 111.0 Unpacking libice-dev:arm64 (2:1.0.10-1build3) ...
#5 111.0 Selecting previously unselected package libjs-jquery.
#5 111.0 Preparing to unpack .../230-libjs-jquery_3.6.1+dfsg+~3.5.14-1_all.deb ...
#5 111.0 Unpacking libjs-jquery (3.6.1+dfsg+~3.5.14-1) ...
#5 111.1 Selecting previously unselected package libjs-jquery-ui.
#5 111.1 Preparing to unpack .../231-libjs-jquery-ui_1.13.2+dfsg-1_all.deb ...
#5 111.1 Unpacking libjs-jquery-ui (1.13.2+dfsg-1) ...
#5 111.2 Selecting previously unselected package libltdl7:arm64.
#5 111.2 Preparing to unpack .../232-libltdl7_2.4.7-7build1_arm64.deb ...
#5 111.2 Unpacking libltdl7:arm64 (2.4.7-7build1) ...
#5 111.3 Selecting previously unselected package libltdl-dev:arm64.
#5 111.3 Preparing to unpack .../233-libltdl-dev_2.4.7-7build1_arm64.deb ...
#5 111.3 Unpacking libltdl-dev:arm64 (2.4.7-7build1) ...
#5 111.3 Selecting previously unselected package libncurses-dev:arm64.
#5 111.3 Preparing to unpack .../234-libncurses-dev_6.4+20240113-1ubuntu2.2_arm64.deb ...
#5 111.3 Unpacking libncurses-dev:arm64 (6.4+20240113-1ubuntu2.2) ...
#5 111.3 Selecting previously unselected package libnl-3-dev:arm64.
#5 111.3 Preparing to unpack .../235-libnl-3-dev_3.7.0-0.3build1.1_arm64.deb ...
#5 111.4 Unpacking libnl-3-dev:arm64 (3.7.0-0.3build1.1) ...
#5 111.4 Selecting previously unselected package libnl-route-3-dev:arm64.
#5 111.4 Preparing to unpack .../236-libnl-route-3-dev_3.7.0-0.3build1.1_arm64.deb ...
#5 111.4 Unpacking libnl-route-3-dev:arm64 (3.7.0-0.3build1.1) ...
#5 111.4 Selecting previously unselected package libmunge2:arm64.
#5 111.4 Preparing to unpack .../237-libmunge2_0.5.15-4ubuntu0.1_arm64.deb ...
#5 111.4 Unpacking libmunge2:arm64 (0.5.15-4ubuntu0.1) ...
#5 111.5 Selecting previously unselected package libpciaccess0:arm64.
#5 111.5 Preparing to unpack .../238-libpciaccess0_0.17-3ubuntu0.24.04.3_arm64.deb ...
#5 111.5 Unpacking libpciaccess0:arm64 (0.17-3ubuntu0.24.04.3) ...
#5 111.5 Selecting previously unselected package libxnvctrl0:arm64.
#5 111.5 Preparing to unpack .../239-libxnvctrl0_510.47.03-0ubuntu4.24.04.1_arm64.deb ...
#5 111.5 Unpacking libxnvctrl0:arm64 (510.47.03-0ubuntu4.24.04.1) ...
#5 111.5 Selecting previously unselected package ocl-icd-libopencl1:arm64.
#5 111.5 Preparing to unpack .../240-ocl-icd-libopencl1_2.3.2-1build1_arm64.deb ...
#5 111.6 Unpacking ocl-icd-libopencl1:arm64 (2.3.2-1build1) ...
#5 111.6 Selecting previously unselected package libhwloc-plugins:arm64.
#5 111.6 Preparing to unpack .../241-libhwloc-plugins_2.10.0-1build1_arm64.deb ...
#5 111.6 Unpacking libhwloc-plugins:arm64 (2.10.0-1build1) ...
#5 111.6 Selecting previously unselected package libpmix2t64:arm64.
#5 111.6 Preparing to unpack .../242-libpmix2t64_5.0.1-4.1build1_arm64.deb ...
#5 111.6 Unpacking libpmix2t64:arm64 (5.0.1-4.1build1) ...
#5 111.7 Selecting previously unselected package libucx0:arm64.
#5 111.7 Preparing to unpack .../243-libucx0_1.16.0+ds-5ubuntu1_arm64.deb ...
#5 111.7 Unpacking libucx0:arm64 (1.16.0+ds-5ubuntu1) ...
#5 111.7 Selecting previously unselected package libopenmpi3t64:arm64.
#5 111.7 Preparing to unpack .../244-libopenmpi3t64_4.1.6-7ubuntu2_arm64.deb ...
#5 111.7 Unpacking libopenmpi3t64:arm64 (4.1.6-7ubuntu2) ...
#5 111.8 Selecting previously unselected package libnuma-dev:arm64.
#5 111.8 Preparing to unpack .../245-libnuma-dev_2.0.18-1ubuntu0.24.04.1_arm64.deb ...
#5 111.8 Unpacking libnuma-dev:arm64 (2.0.18-1ubuntu0.24.04.1) ...
#5 111.8 Selecting previously unselected package libhwloc-dev:arm64.
#5 111.8 Preparing to unpack .../246-libhwloc-dev_2.10.0-1build1_arm64.deb ...
#5 111.8 Unpacking libhwloc-dev:arm64 (2.10.0-1build1) ...
#5 111.9 Selecting previously unselected package zlib1g-dev:arm64.
#5 111.9 Preparing to unpack .../247-zlib1g-dev_1%3a1.3.dfsg-3.1ubuntu2.2_arm64.deb ...
#5 111.9 Unpacking zlib1g-dev:arm64 (1:1.3.dfsg-3.1ubuntu2.2) ...
#5 111.9 Selecting previously unselected package libpmix-dev:arm64.
#5 111.9 Preparing to unpack .../248-libpmix-dev_5.0.1-4.1build1_arm64.deb ...
#5 111.9 Unpacking libpmix-dev:arm64 (5.0.1-4.1build1) ...
#5 112.0 Selecting previously unselected package libpthread-stubs0-dev:arm64.
#5 112.0 Preparing to unpack .../249-libpthread-stubs0-dev_0.4-1build3_arm64.deb ...
#5 112.0 Unpacking libpthread-stubs0-dev:arm64 (0.4-1build3) ...
#5 112.0 Selecting previously unselected package libreadline-dev:arm64.
#5 112.0 Preparing to unpack .../250-libreadline-dev_8.2-4build1_arm64.deb ...
#5 112.0 Unpacking libreadline-dev:arm64 (8.2-4build1) ...
#5 112.1 Selecting previously unselected package libsm-dev:arm64.
#5 112.1 Preparing to unpack .../251-libsm-dev_2%3a1.2.3-1build3_arm64.deb ...
#5 112.1 Unpacking libsm-dev:arm64 (2:1.2.3-1build3) ...
#5 112.1 Selecting previously unselected package libxau-dev:arm64.
#5 112.1 Preparing to unpack .../252-libxau-dev_1%3a1.0.9-1build6_arm64.deb ...
#5 112.1 Unpacking libxau-dev:arm64 (1:1.0.9-1build6) ...
#5 112.1 Selecting previously unselected package libxdmcp-dev:arm64.
#5 112.1 Preparing to unpack .../253-libxdmcp-dev_1%3a1.1.3-0ubuntu6_arm64.deb ...
#5 112.1 Unpacking libxdmcp-dev:arm64 (1:1.1.3-0ubuntu6) ...
#5 112.2 Selecting previously unselected package xtrans-dev.
#5 112.2 Preparing to unpack .../254-xtrans-dev_1.4.0-1_all.deb ...
#5 112.2 Unpacking xtrans-dev (1.4.0-1) ...
#5 112.2 Selecting previously unselected package libxcb1-dev:arm64.
#5 112.2 Preparing to unpack .../255-libxcb1-dev_1.15-1ubuntu2_arm64.deb ...
#5 112.2 Unpacking libxcb1-dev:arm64 (1.15-1ubuntu2) ...
#5 112.2 Selecting previously unselected package libx11-dev:arm64.
#5 112.2 Preparing to unpack .../256-libx11-dev_2%3a1.8.7-1build1_arm64.deb ...
#5 112.2 Unpacking libx11-dev:arm64 (2:1.8.7-1build1) ...
#5 112.3 Selecting previously unselected package libxt6t64:arm64.
#5 112.3 Preparing to unpack .../257-libxt6t64_1%3a1.2.1-1.2build1_arm64.deb ...
#5 112.3 Unpacking libxt6t64:arm64 (1:1.2.1-1.2build1) ...
#5 112.3 Selecting previously unselected package libxt-dev:arm64.
#5 112.3 Preparing to unpack .../258-libxt-dev_1%3a1.2.1-1.2build1_arm64.deb ...
#5 112.3 Unpacking libxt-dev:arm64 (1:1.2.1-1.2build1) ...
#5 112.4 Selecting previously unselected package make.
#5 112.4 Preparing to unpack .../259-make_4.3-4.1build2_arm64.deb ...
#5 112.4 Unpacking make (4.3-4.1build2) ...
#5 112.4 Selecting previously unselected package binutils-dev.
#5 112.4 Preparing to unpack .../260-binutils-dev_2.42-4ubuntu2.10_arm64.deb ...
#5 112.4 Unpacking binutils-dev (2.42-4ubuntu2.10) ...
#5 112.7 Selecting previously unselected package openmpi-common.
#5 112.7 Preparing to unpack .../261-openmpi-common_4.1.6-7ubuntu2_all.deb ...
#5 112.7 Unpacking openmpi-common (4.1.6-7ubuntu2) ...
#5 112.8 Selecting previously unselected package libibverbs-dev:arm64.
#5 112.8 Preparing to unpack .../262-libibverbs-dev_50.0-2ubuntu0.2_arm64.deb ...
#5 112.8 Unpacking libibverbs-dev:arm64 (50.0-2ubuntu0.2) ...
#5 112.8 Selecting previously unselected package openmpi-bin.
#5 112.8 Preparing to unpack .../263-openmpi-bin_4.1.6-7ubuntu2_arm64.deb ...
#5 112.8 Unpacking openmpi-bin (4.1.6-7ubuntu2) ...
#5 112.8 Selecting previously unselected package libopenmpi-dev:arm64.
#5 112.8 Preparing to unpack .../264-libopenmpi-dev_4.1.6-7ubuntu2_arm64.deb ...
#5 112.9 Unpacking libopenmpi-dev:arm64 (4.1.6-7ubuntu2) ...
#5 113.0 Selecting previously unselected package openfoam14.
#5 113.0 Preparing to unpack .../265-openfoam14.deb ...
#5 113.0 Unpacking openfoam14 (20260724) ...
#5 116.6 Setting up libexpat1:arm64 (2.6.1-2ubuntu0.6) ...
#5 116.6 Setting up libgraphite2-3:arm64 (1.3.14-2ubuntu0.24.04.1) ...
#5 116.7 Setting up liblcms2-2:arm64 (2.14-2ubuntu0.1) ...
#5 116.7 Setting up libpixman-1-0:arm64 (0.42.2-1build1) ...
#5 116.7 Setting up libsharpyuv0:arm64 (1.3.2-0.4build3) ...
#5 116.7 Setting up libwayland-server0:arm64 (1.22.0-2.1build1) ...
#5 116.7 Setting up libaom3:arm64 (3.8.2-2ubuntu0.2) ...
#5 116.7 Setting up libpciaccess0:arm64 (0.17-3ubuntu0.24.04.3) ...
#5 116.7 Setting up systemd-sysv (255.4-1ubuntu8.17) ...
#5 116.8 Setting up libxau6:arm64 (1:1.0.9-1build6) ...
#5 116.8 Setting up libdouble-conversion3:arm64 (3.3.0-1build1) ...
#5 116.8 Setting up liblerc4:arm64 (4.0.0+ds-4ubuntu2) ...
#5 116.8 Setting up libgdbm6t64:arm64 (1.23-5.1build1) ...
#5 116.8 Setting up hicolor-icon-theme (0.17-2) ...
#5 116.8 Setting up libdatrie1:arm64 (0.2.13-3build1) ...
#5 116.8 Setting up libgdbm-compat4t64:arm64 (1.23-5.1build1) ...
#5 116.8 Setting up libcbor0.10:arm64 (0.10.2-1.2ubuntu2) ...
#5 116.8 Setting up libglvnd0:arm64 (1.7.0-1build1) ...
#5 116.8 Setting up libgdk-pixbuf2.0-common (2.42.10+dfsg-3ubuntu3.3) ...
#5 116.9 Setting up binutils-common:arm64 (2.42-4ubuntu2.10) ...
#5 116.9 Setting up x11-common (1:7.7+23ubuntu3) ...
#5 117.0 invoke-rc.d: could not determine current runlevel
#5 117.0 invoke-rc.d: policy-rc.d denied execution of start.
#5 117.0 Setting up libsensors-config (1:3.6.0-9build1) ...
#5 117.0 Setting up libdeflate0:arm64 (1.19-1build1.1) ...
#5 117.0 Setting up linux-libc-dev:arm64 (6.8.0-146.146) ...
#5 117.0 Setting up libctf-nobfd0:arm64 (2.42-4ubuntu2.10) ...
#5 117.0 Setting up m4 (1.4.19-4build1) ...
#5 117.0 Setting up libevent-2.1-7t64:arm64 (2.1.12-stable-9ubuntu2.2) ...
#5 117.0 Setting up xkb-data (2.41-2ubuntu1.1) ...
#5 117.1 Setting up libgomp1:arm64 (14.2.0-4ubuntu2~24.04.1) ...
#5 117.1 Setting up libpthread-stubs0-dev:arm64 (0.4-1build3) ...
#5 117.1 Setting up libjbig0:arm64 (2.1-6.1ubuntu2) ...
#5 117.1 Setting up libpcre2-16-0:arm64 (10.42-4ubuntu2.1) ...
#5 117.1 Setting up libsframe1:arm64 (2.42-4ubuntu2.10) ...
#5 117.1 Setting up libelf1t64:arm64 (0.190-1.1ubuntu0.1) ...
#5 117.1 Setting up libjansson4:arm64 (2.14-2build2) ...
#5 117.1 Setting up xtrans-dev (1.4.0-1) ...
#5 117.2 Setting up autotools-dev (20220109.1) ...
#5 117.2 Setting up libpcre2-32-0:arm64 (10.42-4ubuntu2.1) ...
#5 117.2 Setting up libglib2.0-0t64:arm64 (2.80.0-6ubuntu3.9) ...
#5 117.2 Setting up rpcsvc-proto (1.4.2-0ubuntu7) ...
#5 117.2 Setting up gcc-13-base:arm64 (13.3.0-6ubuntu2~24.04.1) ...
#5 117.2 Setting up libmunge2:arm64 (0.5.15-4ubuntu0.1) ...
#5 117.2 Setting up libx11-data (2:1.8.7-1build1) ...
#5 117.2 Setting up make (4.3-4.1build2) ...
#5 117.2 Setting up libepoxy0:arm64 (1.5.10-1build1) ...
#5 117.3 Setting up libmpfr6:arm64 (4.2.1-1build1.1) ...
#5 117.3 Setting up aglfn (1.7+git20191031.4036a9c-2) ...
#5 117.3 Setting up libavahi-common-data:arm64 (0.8-13ubuntu6.2) ...
#5 117.3 Setting up libncurses6:arm64 (6.4+20240113-1ubuntu2.2) ...
#5 117.3 Setting up libdbus-1-3:arm64 (1.14.10-4ubuntu4.1) ...
#5 117.3 Setting up libfribidi0:arm64 (1.0.13-3build1) ...
#5 117.3 Setting up perl-modules-5.38 (5.38.2-3.2ubuntu0.6) ...
#5 117.3 Setting up fonts-dejavu-mono (2.37-8) ...
#5 117.4 Setting up libpng16-16t64:arm64 (1.6.43-5ubuntu0.6) ...
#5 117.4 Setting up libhwloc15:arm64 (2.10.0-1build1) ...
#5 117.4 Setting up libmpc3:arm64 (1.3.1-1build1.1) ...
#5 117.4 Setting up libatomic1:arm64 (14.2.0-4ubuntu2~24.04.1) ...
#5 117.4 Setting up fonts-dejavu-core (2.37-8) ...
#5 117.5 Setting up libsensors5:arm64 (1:3.6.0-9build1) ...
#5 117.5 Setting up libncursesw6:arm64 (6.4+20240113-1ubuntu2.2) ...
#5 117.5 Setting up libjpeg-turbo8:arm64 (2.1.5-2ubuntu2) ...
#5 117.5 Setting up libltdl7:arm64 (2.4.7-7build1) ...
#5 117.5 Setting up libgfortran5:arm64 (14.2.0-4ubuntu2~24.04.1) ...
#5 117.5 Setting up libvulkan1:arm64 (1.3.275.0-1build1) ...
#5 117.5 Setting up libwebp7:arm64 (1.3.2-0.4build3) ...
#5 117.6 Setting up libubsan1:arm64 (14.2.0-4ubuntu2~24.04.1) ...
#5 117.6 Setting up libicu74:arm64 (74.2-1ubuntu3.1) ...
#5 117.6 Setting up libnuma1:arm64 (2.0.18-1ubuntu0.24.04.1) ...
#5 117.6 Setting up libmtdev1t64:arm64 (1.1.6-1.1build1) ...
#5 117.6 Setting up ocl-icd-libopencl1:arm64 (2.3.2-1build1) ...
#5 117.6 Setting up libxshmfence1:arm64 (1.3-1build5) ...
#5 117.6 Setting up libhwasan0:arm64 (14.2.0-4ubuntu2~24.04.1) ...
#5 117.7 Setting up at-spi2-common (2.52.0-1build1) ...
#5 117.7 Setting up libcrypt-dev:arm64 (1:4.4.36-4build1) ...
#5 117.7 Setting up dbus-session-bus-common (1.14.10-4ubuntu4.1) ...
#5 117.7 Setting up libasan8:arm64 (14.2.0-4ubuntu2~24.04.1) ...
#5 117.7 Setting up libnl-3-200:arm64 (3.7.0-0.3build1.1) ...
#5 117.7 Setting up openmpi-common (4.1.6-7ubuntu2) ...
#5 117.8 Setting up libmd4c0:arm64 (0.4.8-1build1) ...
#5 117.8 Setting up liblua5.4-0:arm64 (5.4.6-3build2) ...
#5 117.8 Setting up libthai-data (0.1.29-2build1) ...
#5 117.8 Setting up xorg-sgml-doctools (1:1.11-1.1) ...
#5 117.8 Setting up libevent-core-2.1-7t64:arm64 (2.1.12-stable-9ubuntu2.2) ...
#5 117.8 Setting up libwayland-egl1:arm64 (1.22.0-2.1build1) ...
#5 117.8 Setting up libperl5.38t64:arm64 (5.38.2-3.2ubuntu0.6) ...
#5 117.8 Setting up libtsan2:arm64 (14.2.0-4ubuntu2~24.04.1) ...
#5 117.8 Setting up libjs-jquery (3.6.1+dfsg+~3.5.14-1) ...
#5 117.9 Setting up libwxbase3.2-1t64:arm64 (3.2.4+dfsg-4build1) ...
#5 117.9 Setting up libbinutils:arm64 (2.42-4ubuntu2.10) ...
#5 117.9 Setting up dbus-system-bus-common (1.14.10-4ubuntu4.1) ...
#5 118.0 Setting up libfido2-1:arm64 (1.14.0-1build3) ...
#5 118.0 Setting up libisl23:arm64 (0.26-3build1.1) ...
#5 118.0 Setting up libc-dev-bin (2.39-0ubuntu8.9) ...
#5 118.0 Setting up libwebpmux3:arm64 (1.3.2-0.4build3) ...
#5 118.0 Setting up libbsd0:arm64 (0.12.1-1build1.1) ...
#5 118.0 Setting up libdrm-common (2.4.125-1ubuntu0.1~24.04.2) ...
#5 118.0 Setting up libevdev2:arm64 (1.13.1+dfsg-1build1) ...
#5 118.0 Setting up readline-common (8.2-4build1) ...
#5 118.0 Setting up libxml2:arm64 (2.9.14+dfsg-1.3ubuntu3.9) ...
#5 118.1 Setting up libcc1-0:arm64 (14.2.0-4ubuntu2~24.04.1) ...
#5 118.1 Setting up dbus-bin (1.14.10-4ubuntu4.1) ...
#5 118.1 Setting up libgudev-1.0-0:arm64 (1:238-5ubuntu1) ...
#5 118.1 Setting up liblsan0:arm64 (14.2.0-4ubuntu2~24.04.1) ...
#5 118.1 Setting up libitm1:arm64 (14.2.0-4ubuntu2~24.04.1) ...
#5 118.1 Setting up libwacom-common (2.10.0-2) ...
#5 118.1 Setting up libxkbcommon0:arm64 (1.6.0-1build1) ...
#5 118.1 Setting up libwayland-client0:arm64 (1.22.0-2.1build1) ...
#5 118.2 Setting up libctf0:arm64 (2.42-4ubuntu2.10) ...
#5 118.2 Setting up libjpeg8:arm64 (8c-2ubuntu11) ...
#5 118.2 Setting up x11proto-dev (2023.2-1) ...
#5 118.2 Setting up gnuplot-data (6.0.0+dfsg1-1ubuntu3) ...
#5 118.2 Setting up libice6:arm64 (2:1.0.10-1build3) ...
#5 118.2 Setting up libxdmcp6:arm64 (1:1.1.3-0ubuntu6) ...
#5 118.2 Setting up flex (2.6.4-8.2build1) ...
#5 118.2 Setting up libxcb1:arm64 (1.15-1ubuntu2) ...
#5 118.2 Setting up libxcb-xfixes0:arm64 (1.15-1ubuntu2) ...
#5 118.3 Setting up libatk1.0-0t64:arm64 (2.52.0-1build1) ...
#5 118.3 Setting up libxau-dev:arm64 (1:1.0.9-1build6) ...
#5 118.3 Setting up libxcb-xinput0:arm64 (1.15-1ubuntu2) ...
#5 118.3 Setting up cpp-13-aarch64-linux-gnu (13.3.0-6ubuntu2~24.04.1) ...
#5 118.3 Setting up libice-dev:arm64 (2:1.0.10-1build3) ...
#5 118.3 Setting up libxcb-render0:arm64 (1.15-1ubuntu2) ...
#5 118.3 Setting up libwacom9:arm64 (2.10.0-2) ...
#5 118.3 Setting up libevent-pthreads-2.1-7t64:arm64 (2.1.12-stable-9ubuntu2.2) ...
#5 118.3 Setting up fontconfig-config (2.15.0-1.1ubuntu2) ...
#5 118.4 Setting up libxcb-glx0:arm64 (1.15-1ubuntu2) ...
#5 118.4 Setting up libedit2:arm64 (3.1-20230828-1build1) ...
#5 118.4 Setting up libevent-openssl-2.1-7t64:arm64 (2.1.12-stable-9ubuntu2.2) ...
#5 118.5 Setting up libxcb-keysyms1:arm64 (0.4.0-1build4) ...
#5 118.5 Setting up libxcb-shape0:arm64 (1.15-1ubuntu2) ...
#5 118.5 Setting up libavahi-common3:arm64 (0.8-13ubuntu6.2) ...
#5 118.5 Setting up libxcb-render-util0:arm64 (0.3.9-1build4) ...
#5 118.5 Setting up libxcb-shm0:arm64 (1.15-1ubuntu2) ...
#5 118.5 Setting up libxcb-icccm4:arm64 (0.4.1-1.1build3) ...
#5 118.5 Setting up dbus-daemon (1.14.10-4ubuntu4.1) ...
#5 118.6 Setting up libcolord2:arm64 (1.4.7-1build2) ...
#5 118.6 Setting up libxcb-util1:arm64 (0.4.0-1build3) ...
#5 118.6 Setting up libinput-bin (1.25.0-1ubuntu3.7) ...
#5 118.6 Setting up libxcb-xkb1:arm64 (1.15-1ubuntu2) ...
#5 118.6 Setting up libxcb-image0:arm64 (0.4.0-2build1) ...
#5 118.6 Setting up libnl-route-3-200:arm64 (3.7.0-0.3build1.1) ...
#5 118.6 Setting up libxcb-present0:arm64 (1.15-1ubuntu2) ...
#5 118.7 Setting up libdconf1:arm64 (0.40.0-4ubuntu0.1) ...
#5 118.7 Setting up libthai0:arm64 (0.1.29-2build1) ...
#5 118.7 Setting up libxdmcp-dev:arm64 (1:1.1.3-0ubuntu6) ...
#5 118.7 Setting up perl (5.38.2-3.2ubuntu0.6) ...
#5 118.7 Setting up cpp-aarch64-linux-gnu (4:13.2.0-7ubuntu1) ...
#5 118.7 Setting up libgprofng0:arm64 (2.42-4ubuntu2.10) ...
#5 118.7 Setting up libxcb-xinerama0:arm64 (1.15-1ubuntu2) ...
#5 118.7 Setting up libjs-jquery-ui (1.13.2+dfsg-1) ...
#5 118.8 Setting up libfreetype6:arm64 (2.13.2+dfsg-1ubuntu0.1) ...
#5 118.8 Setting up libxcb-sync1:arm64 (1.15-1ubuntu2) ...
#5 118.8 Setting up dbus (1.14.10-4ubuntu4.1) ...
#5 118.8 Setting up shared-mime-info (2.4-4) ...
#5 121.1 Setting up libxkbcommon-x11-0:arm64 (1.6.0-1build1) ...
#5 121.1 Setting up libllvm20:arm64 (1:20.1.2-0ubuntu1~24.04.3) ...
#5 121.2 Setting up autoconf (2.71-3) ...
#5 121.2 Setting up libevent-extra-2.1-7t64:arm64 (2.1.12-stable-9ubuntu2.2) ...
#5 121.2 Setting up libreadline8t64:arm64 (8.2-4build1) ...
#5 121.2 Setting up libdrm2:arm64 (2.4.125-1ubuntu0.1~24.04.2) ...
#5 121.2 Setting up libnl-3-dev:arm64 (3.7.0-0.3build1.1) ...
#5 121.2 Setting up libgcc-13-dev:arm64 (13.3.0-6ubuntu2~24.04.1) ...
#5 121.2 Setting up libtiff6:arm64 (4.5.1+git230720-4ubuntu2.5) ...
#5 121.3 Setting up libwayland-cursor0:arm64 (1.22.0-2.1build1) ...
#5 121.3 Setting up libxcb-randr0:arm64 (1.15-1ubuntu2) ...
#5 121.3 Setting up libpam-systemd:arm64 (255.4-1ubuntu8.17) ...
#5 121.4 Setting up libc6-dev:arm64 (2.39-0ubuntu8.9) ...
#5 121.4 Setting up libx11-6:arm64 (2:1.8.7-1build1) ...
#5 121.4 Setting up libharfbuzz0b:arm64 (8.3.0-2build2) ...
#5 121.4 Setting up libgdk-pixbuf-2.0-0:arm64 (2.42.10+dfsg-3ubuntu3.3) ...
#5 121.4 Setting up libfontconfig1:arm64 (2.15.0-1.1ubuntu2) ...
#5 121.4 Setting up libgfortran-13-dev:arm64 (13.3.0-6ubuntu2~24.04.1) ...
#5 121.4 Setting up libxcomposite1:arm64 (1:0.4.5-1build3) ...
#5 121.5 Setting up libsm6:arm64 (2:1.2.3-1build3) ...
#5 121.5 Setting up libavahi-client3:arm64 (0.8-13ubuntu6.2) ...
#5 121.5 Setting up libstdc++-13-dev:arm64 (13.3.0-6ubuntu2~24.04.1) ...
#5 121.5 Setting up libdrm-amdgpu1:arm64 (2.4.125-1ubuntu0.1~24.04.2) ...
#5 121.5 Setting up automake (1:1.16.5-1.3ubuntu1) ...
#5 121.5 update-alternatives: using /usr/bin/automake-1.16 to provide /usr/bin/automake (automake) in auto mode
#5 121.5 update-alternatives: warning: skip creation of /usr/share/man/man1/automake.1.gz because associated file /usr/share/man/man1/automake-1.16.1.gz (of link group automake) doesn't exist
#5 121.5 update-alternatives: warning: skip creation of /usr/share/man/man1/aclocal.1.gz because associated file /usr/share/man/man1/aclocal-1.16.1.gz (of link group automake) doesn't exist
#5 121.5 Setting up libxcb-dri3-0:arm64 (1.15-1ubuntu2) ...
#5 121.5 Setting up libinput10:arm64 (1.25.0-1ubuntu3.7) ...
#5 121.5 Setting up gtk-update-icon-cache (3.24.41-4ubuntu1.3) ...
#5 121.5 Setting up libx11-xcb1:arm64 (2:1.8.7-1build1) ...
#5 121.6 Setting up mesa-libgallium:arm64 (25.2.8-0ubuntu0.24.04.3) ...
#5 121.6 Setting up libibverbs1:arm64 (50.0-2ubuntu0.2) ...
#5 121.6 Setting up fontconfig (2.15.0-1.1ubuntu2) ...
#5 121.6 Regenerating fonts cache... done.
#5 123.7 Setting up libncurses-dev:arm64 (6.4+20240113-1ubuntu2.2) ...
#5 123.7 Setting up libxdamage1:arm64 (1:1.1.6-1build1) ...
#5 123.8 Setting up libxcb1-dev:arm64 (1.15-1ubuntu2) ...
#5 123.8 Setting up libxpm4:arm64 (1:3.5.17-1ubuntu0.24.04.2) ...
#5 123.8 Setting up cpp-13 (13.3.0-6ubuntu2~24.04.1) ...
#5 123.8 Setting up libxrender1:arm64 (1:0.9.10-1.1build1) ...
#5 123.8 Setting up libgbm1:arm64 (25.2.8-0ubuntu0.24.04.3) ...
#5 123.8 Setting up ibverbs-providers:arm64 (50.0-2ubuntu0.2) ...
#5 123.9 Setting up libsm-dev:arm64 (2:1.2.3-1build3) ...
#5 123.9 Setting up openssh-client (1:9.6p1-3ubuntu13.19) ...
#5 124.0 Setting up libpango-1.0-0:arm64 (1.52.1+ds-1build1) ...
#5 124.0 Setting up libgl1-mesa-dri:arm64 (25.2.8-0ubuntu0.24.04.3) ...
#5 124.0 Setting up libx11-dev:arm64 (2:1.8.7-1build1) ...
#5 124.0 Setting up libxext6:arm64 (2:1.3.4-1build2) ...
#5 124.0 Setting up binutils-aarch64-linux-gnu (2.42-4ubuntu2.10) ...
#5 124.0 Setting up binutils (2.42-4ubuntu2.10) ...
#5 124.0 Setting up gcc-13-aarch64-linux-gnu (13.3.0-6ubuntu2~24.04.1) ...
#5 124.0 Setting up libreadline-dev:arm64 (8.2-4build1) ...
#5 124.0 Setting up libcairo2:arm64 (1.18.0-3build1) ...
#5 124.0 Setting up libxxf86vm1:arm64 (1:1.1.4-1build4) ...
#5 124.1 Setting up libnuma-dev:arm64 (2.0.18-1ubuntu0.24.04.1) ...
#5 124.1 Setting up libxnvctrl0:arm64 (510.47.03-0ubuntu4.24.04.1) ...
#5 124.1 Setting up libnl-route-3-dev:arm64 (3.7.0-0.3build1.1) ...
#5 124.1 Setting up libltdl-dev:arm64 (2.4.7-7build1) ...
#5 124.1 Setting up dbus-user-session (1.14.10-4ubuntu4.1) ...
#5 124.1 Setting up libqt5core5t64:arm64 (5.15.13+dfsg-1ubuntu1) ...
#5 124.1 Setting up libegl-mesa0:arm64 (25.2.8-0ubuntu0.24.04.3) ...
#5 124.1 Setting up libxfixes3:arm64 (1:6.0.0-2build1) ...
#5 124.1 Setting up libnotify4:arm64 (0.8.3-1build2) ...
#5 124.1 Setting up libxinerama1:arm64 (2:1.1.4-3build1) ...
#5 124.2 Setting up libxt6t64:arm64 (1:1.2.1-1.2build1) ...
#5 124.2 Setting up libevent-dev (2.1.12-stable-9ubuntu2.2) ...
#5 124.2 Setting up gcc-13 (13.3.0-6ubuntu2~24.04.1) ...
#5 124.2 Setting up libxrandr2:arm64 (2:1.5.2-2build1) ...
#5 124.2 Setting up zlib1g-dev:arm64 (1:1.3.dfsg-3.1ubuntu2.2) ...
#5 124.2 Setting up cpp (4:13.2.0-7ubuntu1) ...
#5 124.2 Setting up libegl1:arm64 (1.7.0-1build1) ...
#5 124.2 Setting up librdmacm1t64:arm64 (50.0-2ubuntu0.2) ...
#5 124.2 Setting up libcairo-gobject2:arm64 (1.18.0-3build1) ...
#5 124.2 Setting up libhwloc-dev:arm64 (2.10.0-1build1) ...
#5 124.3 Setting up libpangoft2-1.0-0:arm64 (1.52.1+ds-1build1) ...
#5 124.3 Setting up libcups2t64:arm64 (2.4.7-1.2ubuntu7.14) ...
#5 124.3 Setting up libpangocairo-1.0-0:arm64 (1.52.1+ds-1build1) ...
#5 124.3 Setting up g++-13-aarch64-linux-gnu (13.3.0-6ubuntu2~24.04.1) ...
#5 124.3 Setting up libfabric1:arm64 (1.17.0-3build2) ...
#5 124.3 Setting up gcc-aarch64-linux-gnu (4:13.2.0-7ubuntu1) ...
#5 124.3 Setting up g++-13 (13.3.0-6ubuntu2~24.04.1) ...
#5 124.3 Setting up libucx0:arm64 (1.16.0+ds-5ubuntu1) ...
#5 124.4 Setting up libqt5dbus5t64:arm64 (5.15.13+dfsg-1ubuntu1) ...
#5 124.4 Setting up libglx-mesa0:arm64 (25.2.8-0ubuntu0.24.04.3) ...
#5 124.4 Setting up libxi6:arm64 (2:1.8.1-1build1) ...
#5 124.4 Setting up libglx0:arm64 (1.7.0-1build1) ...
#5 124.4 Setting up libxtst6:arm64 (2:1.2.3-1.1build1) ...
#5 124.4 Setting up libxcursor1:arm64 (1:1.2.1-1build1) ...
#5 124.4 Setting up libqt5network5t64:arm64 (5.15.13+dfsg-1ubuntu1) ...
#5 124.4 Setting up gfortran-13-aarch64-linux-gnu (13.3.0-6ubuntu2~24.04.1) ...
#5 124.4 Setting up binutils-dev (2.42-4ubuntu2.10) ...
#5 124.5 Setting up dconf-service (0.40.0-4ubuntu0.1) ...
#5 124.5 Setting up libibverbs-dev:arm64 (50.0-2ubuntu0.2) ...
#5 124.5 Setting up libhwloc-plugins:arm64 (2.10.0-1build1) ...
#5 124.5 Setting up gcc (4:13.2.0-7ubuntu1) ...
#5 124.5 Setting up libgl1:arm64 (1.7.0-1build1) ...
#5 124.5 Setting up libxt-dev:arm64 (1:1.2.1-1.2build1) ...
#5 124.5 Setting up gfortran-13 (13.3.0-6ubuntu2~24.04.1) ...
#5 124.6 Setting up libatspi2.0-0t64:arm64 (2.52.0-1build1) ...
#5 124.6 Setting up libpmix2t64:arm64 (5.0.1-4.1build1) ...
#5 124.6 Setting up libopenmpi3t64:arm64 (4.1.6-7ubuntu2) ...
#5 124.6 Setting up g++-aarch64-linux-gnu (4:13.2.0-7ubuntu1) ...
#5 124.6 Setting up libpmix-dev:arm64 (5.0.1-4.1build1) ...
#5 124.6 Setting up openmpi-bin (4.1.6-7ubuntu2) ...
#5 124.7 update-alternatives: using /usr/bin/mpirun.openmpi to provide /usr/bin/mpirun (mpirun) in auto mode
#5 124.7 update-alternatives: warning: skip creation of /usr/share/man/man1/mpirun.1.gz because associated file /usr/share/man/man1/mpirun.openmpi.1.gz (of link group mpirun) doesn't exist
#5 124.7 update-alternatives: warning: skip creation of /usr/share/man/man1/mpiexec.1.gz because associated file /usr/share/man/man1/mpiexec.openmpi.1.gz (of link group mpirun) doesn't exist
#5 124.7 update-alternatives: using /usr/bin/mpicc.openmpi to provide /usr/bin/mpicc (mpi) in auto mode
#5 124.7 update-alternatives: warning: skip creation of /usr/share/man/man1/mpicc.1.gz because associated file /usr/share/man/man1/mpicc.openmpi.1.gz (of link group mpi) doesn't exist
#5 124.7 update-alternatives: warning: skip creation of /usr/share/man/man1/mpic++.1.gz because associated file /usr/share/man/man1/mpic++.openmpi.1.gz (of link group mpi) doesn't exist
#5 124.7 update-alternatives: warning: skip creation of /usr/share/man/man1/mpicxx.1.gz because associated file /usr/share/man/man1/mpicxx.openmpi.1.gz (of link group mpi) doesn't exist
#5 124.7 update-alternatives: warning: skip creation of /usr/share/man/man1/mpiCC.1.gz because associated file /usr/share/man/man1/mpiCC.openmpi.1.gz (of link group mpi) doesn't exist
#5 124.7 update-alternatives: warning: skip creation of /usr/share/man/man1/mpif77.1.gz because associated file /usr/share/man/man1/mpif77.openmpi.1.gz (of link group mpi) doesn't exist
#5 124.7 update-alternatives: warning: skip creation of /usr/share/man/man1/mpif90.1.gz because associated file /usr/share/man/man1/mpif90.openmpi.1.gz (of link group mpi) doesn't exist
#5 124.7 update-alternatives: warning: skip creation of /usr/share/man/man1/mpifort.1.gz because associated file /usr/share/man/man1/mpifort.openmpi.1.gz (of link group mpi) doesn't exist
#5 124.7 Setting up libatk-bridge2.0-0t64:arm64 (2.52.0-1build1) ...
#5 124.7 Setting up dconf-gsettings-backend:arm64 (0.40.0-4ubuntu0.1) ...
#5 124.7 Setting up libqt5gui5t64:arm64 (5.15.13+dfsg-1ubuntu1) ...
#5 124.7 Setting up g++ (4:13.2.0-7ubuntu1) ...
#5 124.7 update-alternatives: using /usr/bin/g++ to provide /usr/bin/c++ (c++) in auto mode
#5 124.7 update-alternatives: warning: skip creation of /usr/share/man/man1/c++.1.gz because associated file /usr/share/man/man1/g++.1.gz (of link group c++) doesn't exist
#5 124.7 Setting up libopenmpi-dev:arm64 (4.1.6-7ubuntu2) ...
#5 124.7 update-alternatives: using /usr/lib/aarch64-linux-gnu/openmpi/include to provide /usr/include/aarch64-linux-gnu/mpi (mpi-aarch64-linux-gnu) in auto mode
#5 124.7 Setting up libgtk-3-common (3.24.41-4ubuntu1.3) ...
#5 124.8 Setting up libqt5widgets5t64:arm64 (5.15.13+dfsg-1ubuntu1) ...
#5 124.8 Setting up libqt5svg5:arm64 (5.15.13-1) ...
#5 124.8 Setting up libqt5printsupport5t64:arm64 (5.15.13+dfsg-1ubuntu1) ...
#5 124.8 Setting up adwaita-icon-theme (46.0-1) ...
#5 124.8 update-alternatives: using /usr/share/icons/Adwaita/cursor.theme to provide /usr/share/icons/default/index.theme (x-cursor-theme) in auto mode
#5 124.8 Setting up libgtk-3-0t64:arm64 (3.24.41-4ubuntu1.3) ...
#5 124.8 Setting up libwxgtk3.2-1t64:arm64 (3.2.4+dfsg-4build1) ...
#5 124.8 Setting up libheif-plugin-aomdec:arm64 (1.17.6-1ubuntu4.9) ...
#5 124.9 Setting up libheif1:arm64 (1.17.6-1ubuntu4.9) ...
#5 124.9 Setting up humanity-icon-theme (0.6.16) ...
#5 125.0 Setting up libgd3:arm64 (2.3.3-9ubuntu5) ...
#5 125.0 Setting up ubuntu-mono (24.04-0ubuntu1) ...
#5 125.0 Setting up gnuplot-qt (6.0.0+dfsg1-1ubuntu3) ...
#5 125.0 update-alternatives: using /usr/bin/gnuplot-qt to provide /usr/bin/gnuplot (gnuplot) in auto mode
#5 125.0 update-alternatives: warning: skip creation of /usr/share/man/man1/gnuplot.1.gz because associated file /usr/share/man/man1/gnuplot-qt.1.gz (of link group gnuplot) doesn't exist
#5 125.0 Setting up openfoam14 (20260724) ...
#5 125.0
#5 125.0 ** To use OpenFOAM please add
#5 125.0 **
#5 125.0 **    . /opt/openfoam14/etc/bashrc
#5 125.0 **
#5 125.0 ** To your ~/.bashrc
#5 125.0
#5 125.0 Setting up gnuplot (6.0.0+dfsg1-1ubuntu3) ...
#5 125.0 Processing triggers for libc-bin (2.39-0ubuntu8.9) ...
#5 DONE 126.6s

#6 [3/3] WORKDIR /case
#6 DONE 0.3s

#7 exporting to image
#7 exporting layers
#7 exporting layers 34.6s done
#7 exporting manifest sha256:5a8819ae6c7d3a2a2d461b788b926c9f1bf87ac50d760e4a52051c4b1daaa6d2 0.0s done
#7 exporting config sha256:eb8e2cd37a21fd48bd17bf874da62f84d65b8280ae7c00f3711420972f92a3f1 0.0s done
#7 exporting attestation manifest sha256:74f6322b80f7d1904e075812cdf7915b22069ac8b53f25f25e4b75e22f208dc7 0.1s done
#7 exporting manifest list sha256:13a8802edab29a093c62ab90f063b823536e18985d52c91ab58212a4ac31447d
#7 exporting manifest list sha256:13a8802edab29a093c62ab90f063b823536e18985d52c91ab58212a4ac31447d 0.0s done
#7 naming to docker.io/library/concentration-aware-ns:of14-20260724 done
#7 unpacking to docker.io/library/concentration-aware-ns:of14-20260724
#7 unpacking to docker.io/library/concentration-aware-ns:of14-20260724 7.3s done
#7 DONE 42.0s
