WARNING: Setting WINDOW_START_ITER = RESTART_ITER for meaningful running average.

-------------------------------------------------------------------------
|    ___ _   _ ___                                                      |
|   / __| | | |_  )   Release 8.5.0 "Harrier"                           |
|   \__ \ |_| |/ /                                                      |
|   |___/\___//___|   Suite (Computational Fluid Dynamics Code)         |
|                                                                       |
-------------------------------------------------------------------------
| SU2 Project Website: https://su2code.github.io                        |
|                                                                       |
| The SU2 Project is maintained by the SU2 Foundation                   |
| (http://su2foundation.org)                                            |
-------------------------------------------------------------------------
| Copyright 2012-2026, SU2 Contributors                                 |
|                                                                       |
| SU2 is free software; you can redistribute it and/or                  |
| modify it under the terms of the GNU Lesser General Public            |
| License as published by the Free Software Foundation; either          |
| version 2.1 of the License, or (at your option) any later version.    |
|                                                                       |
| SU2 is distributed in the hope that it will be useful,                |
| but WITHOUT ANY WARRANTY; without even the implied warranty of        |
| MERCHANTABILITY or FITNESS FOR A PARTICULAR PURPOSE. See the GNU      |
| Lesser General Public License for more details.                       |
|                                                                       |
| You should have received a copy of the GNU Lesser General Public      |
| License along with SU2. If not, see <http://www.gnu.org/licenses/>.   |
-------------------------------------------------------------------------
WARNING: Setting WINDOW_START_ITER = RESTART_ITER for meaningful running average.

Parsing config file for zone 0
WARNING: Setting WINDOW_START_ITER = RESTART_ITER for meaningful running average.

----------------- Physical Case Definition ( Zone 0 ) -------------------
Incompressible Laminar Navier-Stokes' equations.
No restart solution, use the values at infinity (freestream).
Dimensional simulation.
The reference area is 1 m^2.
The semi-span will be computed using the max y(3D) value.
The reference length is 1 m.
Input mesh file name: mesh.su2

--------------- Space Numerical Integration ( Zone 0 ) ------------------
Flux difference splitting (FDS) upwind scheme for the flow inviscid terms.
Second order integration in space, with slope limiter.
No slope-limiting method. 
Average of gradients with correction (viscous flow terms).
Gradient for upwind reconstruction: Green-Gauss.
Gradient for viscous and source terms: Green-Gauss.

--------------- Time Numerical Integration  ( Zone 0 ) ------------------
Unsteady simulation, dual time stepping strategy (first order in time).
Unsteady time step provided by the user (s): 0.001.
Euler implicit method for the flow equations.
FGMRES is used for solving the linear system.
Using a ILU(0) preconditioning.
Convergence criteria of the linear solver: 1e-10.
Max number of linear iterations: 100.
No CFL adaptation.
Courant-Friedrichs-Lewy number:      100

------------------ Convergence Criteria  ( Zone 0 ) ---------------------
Maximum number of solver subiterations: 3000.
Maximum number of physical time-steps: 50.
Begin convergence monitoring at iteration 0.
Residual minimum value: 1e-10.
Cauchy series min. value: 1e-10.
Number of Cauchy elements: 100.
Begin windowed time average at iteration 0.

-------------------- Output Information ( Zone 0 ) ----------------------
File writing frequency: 
+------------------------------------+
|                     File| Frequency|
+------------------------------------+
|            RESTART_ASCII|        50|
+------------------------------------+
Writing the convergence history file every 0 inner iterations.
Writing the convergence history file every 1 time iterations.
Writing the screen convergence history every 1 inner iterations.
Writing the screen convergence history every 1 time iterations.
The tabular file format is CSV (.csv).
Convergence history file name: history.
Forces breakdown file name: forces_breakdown.dat.
Surface file name: surface.
Volume file name: vol_solution.
Restart file name: restart.

------------- Config File Boundary Information ( Zone 0 ) ---------------
+-----------------------------------------------------------------------+
|                        Marker Type|                        Marker Name|
+-----------------------------------------------------------------------+
|                  Periodic boundary|                                 x0|
|                                   |                                 y0|
|                                   |                                 z0|
|                                   |                                 x1|
|                                   |                                 y1|
|                                   |                                 z1|
+-----------------------------------------------------------------------+

-------------------- Output Preprocessing ( Zone 0 ) --------------------

WARNING: SURFACE_PRESSURE_DROP can only be computed for at least 2 surfaces (outlet, inlet, ...)

Screen output fields: TIME_ITER, INNER_ITER, RMS_PRESSURE, RMS_VELOCITY-X, RMS_VELOCITY-Y, RMS_VELOCITY-Z
History output group(s): ITER, RMS_RES, TIME_DOMAIN
Convergence field(s): RMS_PRESSURE, RMS_VELOCITY-X, RMS_VELOCITY-Y, RMS_VELOCITY-Z
Warning: No (valid) fields chosen for time convergence monitoring. Time convergence monitoring inactive.
Volume output fields: COORDINATES, SOLUTION, PRIMITIVE

------------------- Geometry Preprocessing ( Zone 0 ) -------------------
Three dimensional problem.
35937 grid points.
32768 volume elements.
6 surface markers.
1024 boundary elements in index 0 (Marker = x0).
1024 boundary elements in index 1 (Marker = x1).
1024 boundary elements in index 2 (Marker = y0).
1024 boundary elements in index 3 (Marker = y1).
1024 boundary elements in index 4 (Marker = z0).
1024 boundary elements in index 5 (Marker = z1).
32768 hexahedra.
Setting point connectivity.
Renumbering points (Reverse Cuthill McKee Ordering).
Recomputing point connectivity.
Setting element connectivity.
Checking the numerical grid orientation.
All volume elements are correctly oriented.
There has been a re-orientation of 6144 QUADRILATERAL surface elements.
Identifying edges and vertices.
Setting the control volume structure.
Volume of the computational grid: 248.05.
Searching for the closest normal neighbors to the surfaces.
Storing a mapping from global to local point index.
Compute the surface curvature.
Max K: 0. Mean K: 0. Standard deviation K: 0.
Computing mesh quality statistics for the dual control volumes.
+--------------------------------------------------------------+
|           Mesh Quality Metric|        Minimum|        Maximum|
+--------------------------------------------------------------+
|    Orthogonality Angle (deg.)|             90|             90|
|     CV Face Area Aspect Ratio|              1|              2|
|           CV Sub-Volume Ratio|              1|              1|
+--------------------------------------------------------------+
Finding max control volume width.
Semi-span length = -1e+10 m.
Wetted area = 0 m^2.
Area projection in the x-plane = 0 m^2, y-plane = 0 m^2, z-plane = 0 m^2.
Max. coordinate in the x-direction = -1e+10 m, y-direction = -1e+10 m, z-direction = -1e+10 m.
Min. coordinate in the x-direction = 1e+10 m, y-direction = 1e+10 m, z-direction = 1e+10 m.
Matching the periodic boundary points for marker pair 1.
 Matched 2178 points with a max distance of: 0.
Matching the periodic boundary points for marker pair 2.
 Matched 2178 points with a max distance of: 0.
Matching the periodic boundary points for marker pair 3.
 Matched 2178 points with a max distance of: 0.
Computing wall distances.

-------------------- Solver Preprocessing ( Zone 0 ) --------------------
Incompressible flow: rho_ref, vel_ref, temp_ref, p_ref
are set to 1.0 in order to perform a dimensional calculation.
Force coefficients computed using initial values.
The reference area for force coeffs. is 1 m^2.
The reference length for force coeffs. is 1 m.
The pressure is decomposed into thermodynamic and dynamic components.
The initial value of the dynamic pressure is 0.
Mach number: 0.00265372, computed using the Bulk modulus.
For external flows, the initial state is imposed at the far-field.
Angle of attack (deg): 0, computed using the initial velocity.
Side slip angle (deg): 0, computed using the initial velocity.
Reynolds number per meter: 100, computed using initial values.
Reynolds number is a byproduct of inputs only (not used internally).
SI units only. The grid should be dimensional (meters).
No energy equation.

-- Models:
+------------------------------------------------------------------------------+
|          Viscosity Model|        Conductivity Model|              Fluid Model|
+------------------------------------------------------------------------------+
|       CONSTANT_VISCOSITY|          CONSTANT_PRANDTL|         CONSTANT_DENSITY|
+------------------------------------------------------------------------------+
-- Fluid properties:
+------------------------------------------------------------------------------+
|                  Name|    Dim. value|    Ref. value|      Unit|Non-dim. value|
+------------------------------------------------------------------------------+
|             Viscosity|          0.01|             1|   N.s/m^2|          0.01|
+------------------------------------------------------------------------------+
|        Prandtl (Lam.)|             -|             -|         -|          0.72|
|       Prandtl (Turb.)|             -|             -|         -|           0.9|
+------------------------------------------------------------------------------+
|          Bulk Modulus|        142000|             1|        Pa|        142000|
+------------------------------------------------------------------------------+
-- Initial and free-stream conditions:
+------------------------------------------------------------------------------+
|                  Name|    Dim. value|    Ref. value|      Unit|Non-dim. value|
+------------------------------------------------------------------------------+
|      Dynamic Pressure|             0|             1|        Pa|             0|
|        Total Pressure|           0.5|             1|        Pa|           0.5|
|               Density|             1|             1|    kg/m^3|             1|
|            Velocity-X|             1|             1|       m/s|             1|
|            Velocity-Y|             0|             1|       m/s|             0|
|            Velocity-Z|             0|             1|       m/s|             0|
|    Velocity Magnitude|             1|             1|       m/s|             1|
+------------------------------------------------------------------------------+
|             Viscosity|          0.01|             1|   N.s/m^2|          0.01|
|          Conductivity|             -|             1|   W/m^2.K|             -|
+------------------------------------------------------------------------------+
|           Mach Number|             -|             -|         -|    0.00265372|
|       Reynolds Number|             -|             -|         -|           100|
+------------------------------------------------------------------------------+
-- Unsteady conditions
+------------------------------------------------------------------------------+
|                  Name|    Dim. value|    Ref. value|      Unit|Non-dim. value|
+------------------------------------------------------------------------------+
|            Total Time|          0.05|             1|         s|          0.05|
|             Time Step|         0.001|             1|         s|         0.001|
+------------------------------------------------------------------------------+
Initialize Jacobian structure (Navier-Stokes). MG level: 0.

------------------- Numerics Preprocessing ( Zone 0 ) -------------------

----------------- Integration Preprocessing ( Zone 0 ) ------------------

------------------- Iteration Preprocessing ( Zone 0 ) ------------------
Euler/Navier-Stokes/RANS fluid iteration.

------------------------------ Begin Solver -----------------------------

Simulation Run using the Single-zone Driver
The simulation will run for 50 time steps.
+-----------------------------------------------------------------------------+
|   Time_Iter|  Inner_Iter|      rms[P]|      rms[U]|      rms[V]|      rms[W]|
+-----------------------------------------------------------------------------+
|           0|           0|   -4.357110|   -2.586766|   -2.625985|   -2.770931|

------------------------ Global Error Analysis --------------------------
     RMS Error [P]: 4.824164e-02     |      Max Error [P]: 4.026405e-01
     RMS Error [U]: 3.602616e-04     |      Max Error [U]: 7.247150e-03
     RMS Error [V]: 3.313448e-04     |      Max Error [V]: 7.258652e-03
     RMS Error [W]: 2.412306e-04     |      Max Error [W]: 5.417420e-03
-------------------------------------------------------------------------

|           0|           1|   -4.457483|   -3.972889|   -4.027148|   -4.193800|
|           0|           2|   -4.540052|   -4.144365|   -4.215256|   -4.383962|
|           0|           3|   -4.615054|   -4.241926|   -4.314279|   -4.481259|
|           0|           4|   -4.684905|   -4.328666|   -4.401781|   -4.568053|
|           0|           5|   -4.750968|   -4.408569|   -4.482270|   -4.648331|
|           0|           6|   -4.814089|   -4.483481|   -4.557643|   -4.723671|
|           0|           7|   -4.874818|   -4.554525|   -4.629035|   -4.795041|
|           0|           8|   -4.933529|   -4.622399|   -4.697154|   -4.863070|
|           0|           9|   -4.990482|   -4.687551|   -4.762451|   -4.928182|
|           0|          10|   -5.045868|   -4.750266|   -4.825222|   -4.990672|
|           0|          11|   -5.099828|   -4.810748|   -4.885667|   -5.050757|
|           0|          12|   -5.152472|   -4.869127|   -4.943919|   -5.108592|
|           0|          13|   -5.203885|   -4.925495|   -5.000075|   -5.164292|
|           0|          14|   -5.254139|   -4.979923|   -5.054210|   -5.217951|
|           0|          15|   -5.303292|   -5.032467|   -5.106385|   -5.269647|
|           0|          16|   -5.351395|   -5.083176|   -5.156657|   -5.319452|
|           0|          17|   -5.398492|   -5.132097|   -5.205080|   -5.367432|
|           0|          18|   -5.444623|   -5.179278|   -5.251713|   -5.413655|
|           0|          19|   -5.489823|   -5.224773|   -5.296612|   -5.458189|
|           0|          20|   -5.534126|   -5.268639|   -5.339861|   -5.501115|
|           0|          21|   -5.577562|   -5.310938|   -5.381535|   -5.542515|
|           0|          22|   -5.620159|   -5.351739|   -5.421709|   -5.582469|
|           0|          23|   -5.661944|   -5.391113|   -5.460469|   -5.621065|
|           0|          24|   -5.702940|   -5.429133|   -5.497899|   -5.658391|
|           0|          25|   -5.743170|   -5.465874|   -5.534087|   -5.694536|
|           0|          26|   -5.782654|   -5.501410|   -5.569116|   -5.729586|
|           0|          27|   -5.821409|   -5.535811|   -5.603068|   -5.763626|
|           0|          28|   -5.859450|   -5.569147|   -5.636019|   -5.796736|
|           0|          29|   -5.896788|   -5.601481|   -5.668042|   -5.828989|
|           0|          30|   -5.933434|   -5.632871|   -5.699200|   -5.860453|
|           0|          31|   -5.969393|   -5.663369|   -5.729553|   -5.891192|
|           0|          32|   -6.004669|   -5.693021|   -5.759152|   -5.921260|
|           0|          33|   -6.039262|   -5.721869|   -5.788042|   -5.950707|
|           0|          34|   -6.073169|   -5.749944|   -5.816262|   -5.979576|
|           0|          35|   -6.106385|   -5.777277|   -5.843845|   -6.007903|
|           0|          36|   -6.138901|   -5.803890|   -5.870818|   -6.035721|
|           0|          37|   -6.170707|   -5.829802|   -5.897203|   -6.063055|
|           0|          38|   -6.201790|   -5.855027|   -5.923017|   -6.089927|
|           0|          39|   -6.232136|   -5.879579|   -5.948276|   -6.116354|

------------------------ Global Error Analysis --------------------------
     RMS Error [P]: 2.362237e-01     |      Max Error [P]: 1.796889e+00
     RMS Error [U]: 6.035920e-04     |      Max Error [U]: 8.897703e-03
     RMS Error [V]: 5.476403e-04     |      Max Error [V]: 8.632810e-03
     RMS Error [W]: 4.253237e-04     |      Max Error [W]: 5.890002e-03
-------------------------------------------------------------------------

|           0|          40|   -6.261729|   -5.903464|   -5.972990|   -6.142351|
|           0|          41|   -6.290553|   -5.926692|   -5.997167|   -6.167927|
|           0|          42|   -6.318594|   -5.949267|   -6.020815|   -6.193091|
|           0|          43|   -6.345835|   -5.971195|   -6.043939|   -6.217847|
|           0|          44|   -6.372263|   -5.992481|   -6.066543|   -6.242200|
|           0|          45|   -6.397867|   -6.013132|   -6.088631|   -6.266149|
|           0|          46|   -6.422638|   -6.033154|   -6.110207|   -6.289694|
|           0|          47|   -6.446570|   -6.052555|   -6.131276|   -6.312834|
|           0|          48|   -6.469663|   -6.071345|   -6.151842|   -6.335567|
|           0|          49|   -6.491917|   -6.089534|   -6.171910|   -6.357887|
|           0|          50|   -6.513341|   -6.107136|   -6.191489|   -6.379791|
|           0|          51|   -6.533944|   -6.124164|   -6.210584|   -6.401272|
|           0|          52|   -6.553742|   -6.140636|   -6.229205|   -6.422325|
|           0|          53|   -6.572753|   -6.156567|   -6.247362|   -6.442942|
|           0|          54|   -6.591003|   -6.171978|   -6.265065|   -6.463117|
|           0|          55|   -6.608515|   -6.186889|   -6.282326|   -6.482841|
|           0|          56|   -6.625320|   -6.201319|   -6.299158|   -6.502107|
|           0|          57|   -6.641449|   -6.215292|   -6.315575|   -6.520906|
|           0|          58|   -6.656935|   -6.228829|   -6.331589|   -6.539228|
|           0|          59|   -6.671812|   -6.241951|   -6.347217|   -6.557066|
|           0|          60|   -6.686115|   -6.254683|   -6.362473|   -6.574409|
|           0|          61|   -6.699878|   -6.267044|   -6.377372|   -6.591248|
|           0|          62|   -6.713138|   -6.279057|   -6.391929|   -6.607575|
|           0|          63|   -6.725926|   -6.290744|   -6.406161|   -6.623380|
|           0|          64|   -6.738276|   -6.302123|   -6.420080|   -6.638654|
|           0|          65|   -6.750219|   -6.313215|   -6.433704|   -6.653391|
|           0|          66|   -6.761785|   -6.324038|   -6.447045|   -6.667583|
|           0|          67|   -6.773001|   -6.334610|   -6.460117|   -6.681224|
|           0|          68|   -6.783895|   -6.344948|   -6.472934|   -6.694308|
|           0|          69|   -6.794491|   -6.355067|   -6.485510|   -6.706832|
|           0|          70|   -6.804810|   -6.364983|   -6.497855|   -6.718794|
|           0|          71|   -6.814875|   -6.374708|   -6.509982|   -6.730193|
|           0|          72|   -6.824704|   -6.384256|   -6.521901|   -6.741031|
|           0|          73|   -6.834314|   -6.393638|   -6.533622|   -6.751309|
|           0|          74|   -6.843722|   -6.402865|   -6.545156|   -6.761034|
|           0|          75|   -6.852941|   -6.411948|   -6.556511|   -6.770213|
|           0|          76|   -6.861984|   -6.420896|   -6.567695|   -6.778853|
|           0|          77|   -6.870863|   -6.429717|   -6.578715|   -6.786967|
|           0|          78|   -6.879588|   -6.438419|   -6.589580|   -6.794566|
|           0|          79|   -6.888169|   -6.447009|   -6.600295|   -6.801666|

------------------------ Global Error Analysis --------------------------
     RMS Error [P]: 2.435336e-01     |      Max Error [P]: 1.888203e+00
     RMS Error [U]: 6.097860e-04     |      Max Error [U]: 8.917513e-03
     RMS Error [V]: 5.530805e-04     |      Max Error [V]: 8.650206e-03
     RMS Error [W]: 4.298633e-04     |      Max Error [W]: 5.887506e-03
-------------------------------------------------------------------------

|           0|          80|   -6.896612|   -6.455494|   -6.610865|   -6.808283|
|           0|          81|   -6.904927|   -6.463879|   -6.621298|   -6.814433|
|           0|          82|   -6.913118|   -6.472170|   -6.631596|   -6.820137|
|           0|          83|   -6.921191|   -6.480372|   -6.641765|   -6.825412|
|           0|          84|   -6.929152|   -6.488489|   -6.651808|   -6.830281|
|           0|          85|   -6.937005|   -6.496525|   -6.661730|   -6.834764|
|           0|          86|   -6.944753|   -6.504483|   -6.671532|   -6.838883|
|           0|          87|   -6.952401|   -6.512368|   -6.681218|   -6.842659|
|           0|          88|   -6.959949|   -6.520181|   -6.690791|   -6.846114|
|           0|          89|   -6.967402|   -6.527926|   -6.700252|   -6.849269|
|           0|          90|   -6.974761|   -6.535604|   -6.709604|   -6.852147|
|           0|          91|   -6.982029|   -6.543219|   -6.718847|   -6.854766|
|           0|          92|   -6.989206|   -6.550771|   -6.727984|   -6.857149|
|           0|          93|   -6.996295|   -6.558263|   -6.737016|   -6.859313|
|           0|          94|   -7.003296|   -6.565696|   -6.745943|   -6.861277|
|           0|          95|   -7.010210|   -6.573072|   -6.754767|   -6.863060|
|           0|          96|   -7.017040|   -6.580391|   -6.763487|   -6.864679|
|           0|          97|   -7.023785|   -6.587656|   -6.772106|   -6.866148|
|           0|          98|   -7.030446|   -6.594866|   -6.780623|   -6.867484|
|           0|          99|   -7.037024|   -6.602024|   -6.789039|   -6.868701|
|           0|         100|   -7.043520|   -6.609129|   -6.797353|   -6.869812|
|           0|         101|   -7.049935|   -6.616182|   -6.805567|   -6.870830|
|           0|         102|   -7.056269|   -6.623184|   -6.813680|   -6.871766|
|           0|         103|   -7.062522|   -6.630136|   -6.821693|   -6.872631|
|           0|         104|   -7.068696|   -6.637039|   -6.829606|   -6.873435|
|           0|         105|   -7.074791|   -6.643891|   -6.837419|   -6.874187|
|           0|         106|   -7.080807|   -6.650695|   -6.845131|   -6.874895|
|           0|         107|   -7.086746|   -6.657451|   -6.852744|   -6.875569|
|           0|         108|   -7.092608|   -6.664159|   -6.860257|   -6.876214|
|           0|         109|   -7.098394|   -6.670818|   -6.867670|   -6.876837|
|           0|         110|   -7.104105|   -6.677431|   -6.874984|   -6.877445|
|           0|         111|   -7.109741|   -6.683996|   -6.882199|   -6.878042|
|           0|         112|   -7.115303|   -6.690515|   -6.889314|   -6.878634|
|           0|         113|   -7.120792|   -6.696987|   -6.896331|   -6.879226|
|           0|         114|   -7.126209|   -6.703412|   -6.903249|   -6.879820|
|           0|         115|   -7.131555|   -6.709792|   -6.910070|   -6.880422|
|           0|         116|   -7.136832|   -6.716126|   -6.916792|   -6.881034|
|           0|         117|   -7.142038|   -6.722415|   -6.923418|   -6.881659|
|           0|         118|   -7.147177|   -6.728658|   -6.929946|   -6.882301|
|           0|         119|   -7.152249|   -6.734856|   -6.936379|   -6.882960|

------------------------ Global Error Analysis --------------------------
     RMS Error [P]: 2.445449e-01     |      Max Error [P]: 1.908375e+00
     RMS Error [U]: 6.101738e-04     |      Max Error [U]: 8.919746e-03
     RMS Error [V]: 5.534294e-04     |      Max Error [V]: 8.652295e-03
     RMS Error [W]: 4.301612e-04     |      Max Error [W]: 5.887420e-03
-------------------------------------------------------------------------

|           0|         120|   -7.157255|   -6.741009|   -6.942716|   -6.883640|
|           0|         121|   -7.162196|   -6.747118|   -6.948958|   -6.884342|
|           0|         122|   -7.167074|   -6.753183|   -6.955106|   -6.885069|
|           0|         123|   -7.171889|   -6.759203|   -6.961161|   -6.885820|
|           0|         124|   -7.176642|   -6.765180|   -6.967124|   -6.886599|
|           0|         125|   -7.181336|   -6.771113|   -6.972995|   -6.887405|
|           0|         126|   -7.185970|   -6.777002|   -6.978775|   -6.888240|
|           0|         127|   -7.190547|   -6.782849|   -6.984466|   -6.889104|
|           0|         128|   -7.195068|   -6.788653|   -6.990068|   -6.889998|
|           0|         129|   -7.199533|   -6.794414|   -6.995583|   -6.890924|
|           0|         130|   -7.203944|   -6.800133|   -7.001012|   -6.891880|
|           0|         131|   -7.208303|   -6.805810|   -7.006356|   -6.892868|
|           0|         132|   -7.212610|   -6.811445|   -7.011617|   -6.893887|
|           0|         133|   -7.216866|   -6.817039|   -7.016794|   -6.894939|
|           0|         134|   -7.221074|   -6.822591|   -7.021891|   -6.896023|
|           0|         135|   -7.225234|   -6.828103|   -7.026908|   -6.897138|
|           0|         136|   -7.229348|   -6.833574|   -7.031846|   -6.898286|
|           0|         137|   -7.233416|   -6.839005|   -7.036708|   -6.899466|
|           0|         138|   -7.237441|   -6.844396|   -7.041494|   -6.900677|
|           0|         139|   -7.241422|   -6.849748|   -7.046206|   -6.901920|
|           0|         140|   -7.245362|   -6.855060|   -7.050845|   -6.903195|
|           0|         141|   -7.249261|   -6.860333|   -7.055413|   -6.904501|
|           0|         142|   -7.253121|   -6.865567|   -7.059912|   -6.905838|
|           0|         143|   -7.256942|   -6.870764|   -7.064342|   -6.907206|
|           0|         144|   -7.260727|   -6.875922|   -7.068706|   -6.908604|
|           0|         145|   -7.264476|   -6.881043|   -7.073005|   -6.910032|
|           0|         146|   -7.268189|   -6.886126|   -7.077240|   -6.911490|
|           0|         147|   -7.271869|   -6.891173|   -7.081413|   -6.912977|
|           0|         148|   -7.275516|   -6.896183|   -7.085525|   -6.914494|
|           0|         149|   -7.279131|   -6.901157|   -7.089579|   -6.916038|
|           0|         150|   -7.282716|   -6.906095|   -7.093574|   -6.917611|
|           0|         151|   -7.286270|   -6.910998|   -7.097514|   -6.919212|
|           0|         152|   -7.289796|   -6.915866|   -7.101399|   -6.920840|
|           0|         153|   -7.293294|   -6.920699|   -7.105230|   -6.922495|
|           0|         154|   -7.296765|   -6.925497|   -7.109010|   -6.924176|
|           0|         155|   -7.300210|   -6.930262|   -7.112740|   -6.925883|
|           0|         156|   -7.303629|   -6.934993|   -7.116421|   -6.927616|
|           0|         157|   -7.307024|   -6.939691|   -7.120054|   -6.929374|
|           0|         158|   -7.310395|   -6.944356|   -7.123640|   -6.931157|
|           0|         159|   -7.313744|   -6.948989|   -7.127182|   -6.932964|

------------------------ Global Error Analysis --------------------------
     RMS Error [P]: 2.448765e-01     |      Max Error [P]: 1.915207e+00
     RMS Error [U]: 6.102495e-04     |      Max Error [U]: 8.920353e-03
     RMS Error [V]: 5.534953e-04     |      Max Error [V]: 8.652785e-03
     RMS Error [W]: 4.302127e-04     |      Max Error [W]: 5.887429e-03
-------------------------------------------------------------------------

|           0|         160|   -7.317070|   -6.953589|   -7.130681|   -6.934795|
|           0|         161|   -7.320375|   -6.958158|   -7.134137|   -6.936649|
|           0|         162|   -7.323660|   -6.962696|   -7.137552|   -6.938526|
|           0|         163|   -7.326924|   -6.967202|   -7.140927|   -6.940426|
|           0|         164|   -7.330170|   -6.971679|   -7.144263|   -6.942348|
|           0|         165|   -7.333396|   -6.976124|   -7.147562|   -6.944292|
|           0|         166|   -7.336605|   -6.980541|   -7.150825|   -6.946256|
|           0|         167|   -7.339797|   -6.984927|   -7.154053|   -6.948242|
|           0|         168|   -7.342972|   -6.989285|   -7.157247|   -6.950248|
|           0|         169|   -7.346130|   -6.993614|   -7.160407|   -6.952274|
|           0|         170|   -7.349273|   -6.997914|   -7.163536|   -6.954320|
|           0|         171|   -7.352401|   -7.002187|   -7.166634|   -6.956385|
|           0|         172|   -7.355515|   -7.006432|   -7.169702|   -6.958468|
|           0|         173|   -7.358614|   -7.010650|   -7.172741|   -6.960570|
|           0|         174|   -7.361700|   -7.014841|   -7.175752|   -6.962690|
|           0|         175|   -7.364772|   -7.019005|   -7.178736|   -6.964828|
|           0|         176|   -7.367832|   -7.023143|   -7.181693|   -6.966983|
|           0|         177|   -7.370880|   -7.027256|   -7.184626|   -6.969155|
|           0|         178|   -7.373916|   -7.031343|   -7.187533|   -6.971344|
|           0|         179|   -7.376941|   -7.035404|   -7.190417|   -6.973549|
|           0|         180|   -7.379955|   -7.039442|   -7.193278|   -6.975769|
|           0|         181|   -7.382957|   -7.043454|   -7.196117|   -6.978005|
|           0|         182|   -7.385950|   -7.047443|   -7.198935|   -6.980256|
|           0|         183|   -7.388933|   -7.051408|   -7.201731|   -6.982522|
|           0|         184|   -7.391906|   -7.055349|   -7.204508|   -6.984803|
|           0|         185|   -7.394870|   -7.059267|   -7.207265|   -6.987097|
|           0|         186|   -7.397824|   -7.063163|   -7.210003|   -6.989406|
|           0|         187|   -7.400770|   -7.067036|   -7.212723|   -6.991728|
|           0|         188|   -7.403708|   -7.070887|   -7.215426|   -6.994063|
|           0|         189|   -7.406637|   -7.074716|   -7.218112|   -6.996411|
|           0|         190|   -7.409559|   -7.078524|   -7.220781|   -6.998772|
|           0|         191|   -7.412473|   -7.082311|   -7.223435|   -7.001145|
|           0|         192|   -7.415379|   -7.086076|   -7.226073|   -7.003530|
|           0|         193|   -7.418279|   -7.089821|   -7.228696|   -7.005927|
|           0|         194|   -7.421171|   -7.093546|   -7.231305|   -7.008335|
|           0|         195|   -7.424056|   -7.097251|   -7.233901|   -7.010755|
|           0|         196|   -7.426935|   -7.100936|   -7.236482|   -7.013185|
|           0|         197|   -7.429808|   -7.104602|   -7.239051|   -7.015627|
|           0|         198|   -7.432674|   -7.108248|   -7.241607|   -7.018078|
|           0|         199|   -7.435535|   -7.111876|   -7.244151|   -7.020540|

------------------------ Global Error Analysis --------------------------
     RMS Error [P]: 2.450180e-01     |      Max Error [P]: 1.917877e+00
     RMS Error [U]: 6.102801e-04     |      Max Error [U]: 8.920597e-03
     RMS Error [V]: 5.535182e-04     |      Max Error [V]: 8.652932e-03
     RMS Error [W]: 4.302240e-04     |      Max Error [W]: 5.887425e-03
-------------------------------------------------------------------------

|           0|         200|   -7.438389|   -7.115485|   -7.246684|   -7.023012|
|           0|         201|   -7.441238|   -7.119076|   -7.249204|   -7.025493|
|           0|         202|   -7.444081|   -7.122649|   -7.251714|   -7.027984|
|           0|         203|   -7.446919|   -7.126204|   -7.254214|   -7.030483|
|           0|         204|   -7.449751|   -7.129742|   -7.256702|   -7.032992|
|           0|         205|   -7.452579|   -7.133262|   -7.259181|   -7.035510|
|           0|         206|   -7.455401|   -7.136765|   -7.261651|   -7.038036|
|           0|         207|   -7.458219|   -7.140252|   -7.264110|   -7.040571|
|           0|         208|   -7.461032|   -7.143722|   -7.266561|   -7.043113|
|           0|         209|   -7.463840|   -7.147176|   -7.269003|   -7.045663|
|           0|         210|   -7.466644|   -7.150613|   -7.271436|   -7.048221|
|           0|         211|   -7.469443|   -7.154035|   -7.273861|   -7.050787|
|           0|         212|   -7.472238|   -7.157442|   -7.276278|   -7.053360|
|           0|         213|   -7.475029|   -7.160833|   -7.278688|   -7.055940|
|           0|         214|   -7.477815|   -7.164209|   -7.281089|   -7.058526|
|           0|         215|   -7.480598|   -7.167570|   -7.283484|   -7.061120|
|           0|         216|   -7.483376|   -7.170917|   -7.285871|   -7.063720|
|           0|         217|   -7.486151|   -7.174249|   -7.288251|   -7.066326|
|           0|         218|   -7.488921|   -7.177567|   -7.290625|   -7.068939|
|           0|         219|   -7.491688|   -7.180871|   -7.292992|   -7.071557|
|           0|         220|   -7.494452|   -7.184161|   -7.295352|   -7.074181|
|           0|         221|   -7.497211|   -7.187437|   -7.297707|   -7.076811|
|           0|         222|   -7.499967|   -7.190700|   -7.300056|   -7.079446|
|           0|         223|   -7.502720|   -7.193950|   -7.302398|   -7.082087|
|           0|         224|   -7.505469|   -7.197187|   -7.304736|   -7.084733|
|           0|         225|   -7.508215|   -7.200411|   -7.307067|   -7.087384|
|           0|         226|   -7.510957|   -7.203623|   -7.309394|   -7.090040|
|           0|         227|   -7.513696|   -7.206822|   -7.311715|   -7.092700|
|           0|         228|   -7.516432|   -7.210009|   -7.314031|   -7.095365|
|           0|         229|   -7.519165|   -7.213183|   -7.316342|   -7.098035|
|           0|         230|   -7.521894|   -7.216346|   -7.318648|   -7.100709|
|           0|         231|   -7.524620|   -7.219497|   -7.320950|   -7.103386|
|           0|         232|   -7.527344|   -7.222637|   -7.323247|   -7.106068|
|           0|         233|   -7.530064|   -7.225765|   -7.325539|   -7.108754|
|           0|         234|   -7.532781|   -7.228882|   -7.327827|   -7.111444|
|           0|         235|   -7.535495|   -7.231988|   -7.330111|   -7.114137|
|           0|         236|   -7.538206|   -7.235083|   -7.332391|   -7.116834|
|           0|         237|   -7.540914|   -7.238167|   -7.334667|   -7.119534|
|           0|         238|   -7.543620|   -7.241241|   -7.336939|   -7.122238|
|           0|         239|   -7.546322|   -7.244304|   -7.339207|   -7.124944|

------------------------ Global Error Analysis --------------------------
     RMS Error [P]: 2.450873e-01     |      Max Error [P]: 1.919029e+00
     RMS Error [U]: 6.102962e-04     |      Max Error [U]: 8.920714e-03
     RMS Error [V]: 5.535277e-04     |      Max Error [V]: 8.652979e-03
     RMS Error [W]: 4.302241e-04     |      Max Error [W]: 5.887413e-03
-------------------------------------------------------------------------

|           0|         240|   -7.549022|   -7.247357|   -7.341472|   -7.127654|
|           0|         241|   -7.551718|   -7.250400|   -7.343733|   -7.130366|
|           0|         242|   -7.554412|   -7.253433|   -7.345990|   -7.133082|
|           0|         243|   -7.557103|   -7.256456|   -7.348244|   -7.135800|
|           0|         244|   -7.559792|   -7.259469|   -7.350494|   -7.138521|
|           0|         245|   -7.562478|   -7.262473|   -7.352741|   -7.141244|
|           0|         246|   -7.565160|   -7.265467|   -7.354985|   -7.143970|
|           0|         247|   -7.567841|   -7.268452|   -7.357225|   -7.146698|
|           0|         248|   -7.570518|   -7.271428|   -7.359463|   -7.149428|
|           0|         249|   -7.573193|   -7.274395|   -7.361697|   -7.152160|
|           0|         250|   -7.575866|   -7.277353|   -7.363929|   -7.154895|
|           0|         251|   -7.578535|   -7.280303|   -7.366158|   -7.157631|
|           0|         252|   -7.581202|   -7.283243|   -7.368383|   -7.160369|
|           0|         253|   -7.583867|   -7.286175|   -7.370606|   -7.163109|
|           0|         254|   -7.586529|   -7.289099|   -7.372827|   -7.165851|
|           0|         255|   -7.589188|   -7.292015|   -7.375044|   -7.168594|
|           0|         256|   -7.591845|   -7.294922|   -7.377259|   -7.171339|
|           0|         257|   -7.594499|   -7.297821|   -7.379472|   -7.174085|
|           0|         258|   -7.597151|   -7.300713|   -7.381682|   -7.176832|
|           0|         259|   -7.599800|   -7.303596|   -7.383889|   -7.179581|
|           0|         260|   -7.602447|   -7.306472|   -7.386094|   -7.182331|
|           0|         261|   -7.605091|   -7.309341|   -7.388297|   -7.185082|
|           0|         262|   -7.607733|   -7.312201|   -7.390498|   -7.187834|
|           0|         263|   -7.610372|   -7.315055|   -7.392696|   -7.190587|
|           0|         264|   -7.613009|   -7.317901|   -7.394892|   -7.193341|
|           0|         265|   -7.615643|   -7.320740|   -7.397086|   -7.196096|
|           0|         266|   -7.618275|   -7.323572|   -7.399278|   -7.198852|
|           0|         267|   -7.620905|   -7.326397|   -7.401467|   -7.201609|
|           0|         268|   -7.623532|   -7.329215|   -7.403655|   -7.204366|
|           0|         269|   -7.626156|   -7.332026|   -7.405840|   -7.207123|
|           0|         270|   -7.628779|   -7.334830|   -7.408024|   -7.209882|
|           0|         271|   -7.631398|   -7.337628|   -7.410206|   -7.212640|
|           0|         272|   -7.634016|   -7.340420|   -7.412386|   -7.215399|
|           0|         273|   -7.636631|   -7.343205|   -7.414564|   -7.218159|
|           0|         274|   -7.639244|   -7.345984|   -7.416740|   -7.220919|
|           0|         275|   -7.641854|   -7.348756|   -7.418914|   -7.223679|
|           0|         276|   -7.644463|   -7.351522|   -7.421087|   -7.226439|
|           0|         277|   -7.647068|   -7.354283|   -7.423258|   -7.229199|
|           0|         278|   -7.649672|   -7.357037|   -7.425428|   -7.231960|
|           0|         279|   -7.652273|   -7.359785|   -7.427595|   -7.234720|

------------------------ Global Error Analysis --------------------------
     RMS Error [P]: 2.451262e-01     |      Max Error [P]: 1.919588e+00
     RMS Error [U]: 6.103058e-04     |      Max Error [U]: 8.920781e-03
     RMS Error [V]: 5.535321e-04     |      Max Error [V]: 8.652993e-03
     RMS Error [W]: 4.302214e-04     |      Max Error [W]: 5.887399e-03
-------------------------------------------------------------------------

|           0|         280|   -7.654872|   -7.362528|   -7.429761|   -7.237481|
|           0|         281|   -7.657468|   -7.365264|   -7.431926|   -7.240241|
|           0|         282|   -7.660063|   -7.367996|   -7.434089|   -7.243001|
|           0|         283|   -7.662655|   -7.370721|   -7.436250|   -7.245762|
|           0|         284|   -7.665244|   -7.373441|   -7.438410|   -7.248522|
|           0|         285|   -7.667832|   -7.376156|   -7.440569|   -7.251281|
|           0|         286|   -7.670417|   -7.378865|   -7.442726|   -7.254041|
|           0|         287|   -7.673000|   -7.381569|   -7.444881|   -7.256800|
|           0|         288|   -7.675581|   -7.384267|   -7.447036|   -7.259559|
|           0|         289|   -7.678159|   -7.386961|   -7.449189|   -7.262317|
|           0|         290|   -7.680735|   -7.389649|   -7.451340|   -7.265075|
|           0|         291|   -7.683309|   -7.392333|   -7.453491|   -7.267833|
|           0|         292|   -7.685881|   -7.395011|   -7.455640|   -7.270590|
|           0|         293|   -7.688451|   -7.397685|   -7.457787|   -7.273346|
|           0|         294|   -7.691018|   -7.400354|   -7.459934|   -7.276102|
|           0|         295|   -7.693584|   -7.403018|   -7.462079|   -7.278858|
|           0|         296|   -7.696147|   -7.405677|   -7.464224|   -7.281612|
|           0|         297|   -7.698708|   -7.408332|   -7.466367|   -7.284366|
|           0|         298|   -7.701267|   -7.410982|   -7.468509|   -7.287120|
|           0|         299|   -7.703823|   -7.413627|   -7.470650|   -7.289872|
|           0|         300|   -7.706378|   -7.416269|   -7.472790|   -7.292624|
|           0|         301|   -7.708930|   -7.418905|   -7.474928|   -7.295375|
|           0|         302|   -7.711481|   -7.421538|   -7.477066|   -7.298125|
|           0|         303|   -7.714029|   -7.424166|   -7.479203|   -7.300875|
|           0|         304|   -7.716575|   -7.426790|   -7.481338|   -7.303623|
|           0|         305|   -7.719119|   -7.429410|   -7.483473|   -7.306370|
|           0|         306|   -7.721661|   -7.432026|   -7.485607|   -7.309117|
|           0|         307|   -7.724201|   -7.434637|   -7.487740|   -7.311863|
|           0|         308|   -7.726739|   -7.437245|   -7.489872|   -7.314607|
|           0|         309|   -7.729275|   -7.439849|   -7.492003|   -7.317351|
|           0|         310|   -7.731808|   -7.442449|   -7.494133|   -7.320094|
|           0|         311|   -7.734340|   -7.445045|   -7.496263|   -7.322835|
|           0|         312|   -7.736870|   -7.447637|   -7.498391|   -7.325576|
|           0|         313|   -7.739398|   -7.450225|   -7.500519|   -7.328315|
|           0|         314|   -7.741923|   -7.452810|   -7.502646|   -7.331053|
|           0|         315|   -7.744447|   -7.455391|   -7.504772|   -7.333791|
|           0|         316|   -7.746969|   -7.457969|   -7.506898|   -7.336527|
|           0|         317|   -7.749489|   -7.460543|   -7.509023|   -7.339261|
|           0|         318|   -7.752006|   -7.463113|   -7.511147|   -7.341995|
|           0|         319|   -7.754522|   -7.465680|   -7.513270|   -7.344727|

------------------------ Global Error Analysis --------------------------
     RMS Error [P]: 2.451509e-01     |      Max Error [P]: 1.919896e+00
     RMS Error [U]: 6.103122e-04     |      Max Error [U]: 8.920824e-03
     RMS Error [V]: 5.535343e-04     |      Max Error [V]: 8.652997e-03
     RMS Error [W]: 4.302184e-04     |      Max Error [W]: 5.887388e-03
-------------------------------------------------------------------------

|           0|         320|   -7.757036|   -7.468244|   -7.515393|   -7.347459|
|           0|         321|   -7.759548|   -7.470804|   -7.517515|   -7.350189|
|           0|         322|   -7.762058|   -7.473361|   -7.519636|   -7.352917|
|           0|         323|   -7.764566|   -7.475915|   -7.521757|   -7.355645|
|           0|         324|   -7.767073|   -7.478465|   -7.523877|   -7.358371|
|           0|         325|   -7.769577|   -7.481012|   -7.525996|   -7.361096|
|           0|         326|   -7.772080|   -7.483556|   -7.528115|   -7.363819|
|           0|         327|   -7.774580|   -7.486097|   -7.530234|   -7.366541|
|           0|         328|   -7.777079|   -7.488635|   -7.532352|   -7.369262|
|           0|         329|   -7.779576|   -7.491170|   -7.534469|   -7.371981|
|           0|         330|   -7.782071|   -7.493701|   -7.536586|   -7.374700|
|           0|         331|   -7.784564|   -7.496230|   -7.538702|   -7.377416|
|           0|         332|   -7.787056|   -7.498756|   -7.540818|   -7.380132|
|           0|         333|   -7.789545|   -7.501279|   -7.542933|   -7.382845|
|           0|         334|   -7.792033|   -7.503799|   -7.545048|   -7.385558|
|           0|         335|   -7.794519|   -7.506316|   -7.547163|   -7.388269|
|           0|         336|   -7.797004|   -7.508831|   -7.549277|   -7.390978|
|           0|         337|   -7.799486|   -7.511342|   -7.551390|   -7.393687|
|           0|         338|   -7.801967|   -7.513851|   -7.553504|   -7.396393|
|           0|         339|   -7.804446|   -7.516358|   -7.555617|   -7.399099|
|           0|         340|   -7.806923|   -7.518862|   -7.557729|   -7.401802|
|           0|         341|   -7.809399|   -7.521363|   -7.559841|   -7.404504|
|           0|         342|   -7.811872|   -7.523861|   -7.561953|   -7.407205|
|           0|         343|   -7.814345|   -7.526357|   -7.564065|   -7.409905|
|           0|         344|   -7.816815|   -7.528850|   -7.566176|   -7.412602|
|           0|         345|   -7.819284|   -7.531341|   -7.568287|   -7.415298|
|           0|         346|   -7.821751|   -7.533830|   -7.570397|   -7.417993|
|           0|         347|   -7.824216|   -7.536316|   -7.572507|   -7.420686|
|           0|         348|   -7.826680|   -7.538800|   -7.574617|   -7.423378|
|           0|         349|   -7.829142|   -7.541281|   -7.576727|   -7.426068|
|           0|         350|   -7.831603|   -7.543760|   -7.578837|   -7.428757|
|           0|         351|   -7.834061|   -7.546237|   -7.580946|   -7.431444|
|           0|         352|   -7.836519|   -7.548711|   -7.583055|   -7.434129|
|           0|         353|   -7.838974|   -7.551183|   -7.585164|   -7.436813|
|           0|         354|   -7.841428|   -7.553653|   -7.587273|   -7.439495|
|           0|         355|   -7.843881|   -7.556121|   -7.589381|   -7.442176|
|           0|         356|   -7.846332|   -7.558586|   -7.591490|   -7.444855|
|           0|         357|   -7.848781|   -7.561050|   -7.593598|   -7.447533|
|           0|         358|   -7.851229|   -7.563511|   -7.595706|   -7.450209|
|           0|         359|   -7.853675|   -7.565970|   -7.597814|   -7.452883|

------------------------ Global Error Analysis --------------------------
     RMS Error [P]: 2.451680e-01     |      Max Error [P]: 1.920089e+00
     RMS Error [U]: 6.103168e-04     |      Max Error [U]: 8.920853e-03
     RMS Error [V]: 5.535355e-04     |      Max Error [V]: 8.652998e-03
     RMS Error [W]: 4.302158e-04     |      Max Error [W]: 5.887378e-03
-------------------------------------------------------------------------

|           0|         360|   -7.856120|   -7.568427|   -7.599922|   -7.455556|
|           0|         361|   -7.858564|   -7.570883|   -7.602029|   -7.458228|
|           0|         362|   -7.861005|   -7.573336|   -7.604137|   -7.460897|
|           0|         363|   -7.863446|   -7.575787|   -7.606244|   -7.463565|
|           0|         364|   -7.865884|   -7.578236|   -7.608352|   -7.466232|
|           0|         365|   -7.868322|   -7.580683|   -7.610459|   -7.468897|
|           0|         366|   -7.870758|   -7.583128|   -7.612566|   -7.471560|
|           0|         367|   -7.873192|   -7.585572|   -7.614673|   -7.474222|
|           0|         368|   -7.875625|   -7.588013|   -7.616780|   -7.476882|
|           0|         369|   -7.878057|   -7.590453|   -7.618887|   -7.479540|
|           0|         370|   -7.880487|   -7.592891|   -7.620994|   -7.482197|
|           0|         371|   -7.882915|   -7.595327|   -7.623101|   -7.484852|
|           0|         372|   -7.885343|   -7.597761|   -7.625208|   -7.487506|
|           0|         373|   -7.887769|   -7.600194|   -7.627315|   -7.490158|
|           0|         374|   -7.890193|   -7.602624|   -7.629422|   -7.492809|
|           0|         375|   -7.892616|   -7.605053|   -7.631529|   -7.495458|
|           0|         376|   -7.895038|   -7.607481|   -7.633636|   -7.498105|
|           0|         377|   -7.897459|   -7.609906|   -7.635744|   -7.500751|
|           0|         378|   -7.899878|   -7.612330|   -7.637851|   -7.503395|
|           0|         379|   -7.902296|   -7.614753|   -7.639958|   -7.506037|
|           0|         380|   -7.904712|   -7.617173|   -7.642065|   -7.508678|
|           0|         381|   -7.907127|   -7.619593|   -7.644172|   -7.511317|
|           0|         382|   -7.909541|   -7.622010|   -7.646280|   -7.513955|
|           0|         383|   -7.911954|   -7.624426|   -7.648387|   -7.516591|
|           0|         384|   -7.914365|   -7.626841|   -7.650495|   -7.519225|
|           0|         385|   -7.916775|   -7.629254|   -7.652602|   -7.521858|
|           0|         386|   -7.919184|   -7.631665|   -7.654710|   -7.524490|
|           0|         387|   -7.921592|   -7.634075|   -7.656818|   -7.527119|
|           0|         388|   -7.923998|   -7.636483|   -7.658926|   -7.529747|
|           0|         389|   -7.926403|   -7.638891|   -7.661034|   -7.532374|
|           0|         390|   -7.928807|   -7.641296|   -7.663142|   -7.534999|
|           0|         391|   -7.931210|   -7.643700|   -7.665250|   -7.537622|
|           0|         392|   -7.933611|   -7.646103|   -7.667359|   -7.540244|
|           0|         393|   -7.936011|   -7.648504|   -7.669467|   -7.542864|
|           0|         394|   -7.938410|   -7.650904|   -7.671576|   -7.545483|
|           0|         395|   -7.940808|   -7.653303|   -7.673685|   -7.548100|
|           0|         396|   -7.943205|   -7.655700|   -7.675794|   -7.550716|
|           0|         397|   -7.945601|   -7.658096|   -7.677903|   -7.553329|
|           0|         398|   -7.947995|   -7.660491|   -7.680013|   -7.555942|
|           0|         399|   -7.950389|   -7.662885|   -7.682123|   -7.558553|

------------------------ Global Error Analysis --------------------------
     RMS Error [P]: 2.451806e-01     |      Max Error [P]: 1.920219e+00
     RMS Error [U]: 6.103201e-04     |      Max Error [U]: 8.920873e-03
     RMS Error [V]: 5.535363e-04     |      Max Error [V]: 8.652998e-03
     RMS Error [W]: 4.302137e-04     |      Max Error [W]: 5.887371e-03
-------------------------------------------------------------------------

|           0|         400|   -7.952781|   -7.665277|   -7.684232|   -7.561162|
|           0|         401|   -7.955172|   -7.667668|   -7.686342|   -7.563770|
|           0|         402|   -7.957562|   -7.670057|   -7.688453|   -7.566376|
|           0|         403|   -7.959951|   -7.672446|   -7.690563|   -7.568980|
|           0|         404|   -7.962339|   -7.674833|   -7.692674|   -7.571584|
|           0|         405|   -7.964725|   -7.677219|   -7.694785|   -7.574185|
|           0|         406|   -7.967111|   -7.679604|   -7.696896|   -7.576785|
|           0|         407|   -7.969496|   -7.681987|   -7.699007|   -7.579384|
|           0|         408|   -7.971879|   -7.684370|   -7.701119|   -7.581981|
|           0|         409|   -7.974262|   -7.686751|   -7.703230|   -7.584576|
|           0|         410|   -7.976643|   -7.689131|   -7.705342|   -7.587170|
|           0|         411|   -7.979023|   -7.691510|   -7.707455|   -7.589762|
|           0|         412|   -7.981403|   -7.693888|   -7.709567|   -7.592353|
|           0|         413|   -7.983781|   -7.696265|   -7.711680|   -7.594943|
|           0|         414|   -7.986159|   -7.698641|   -7.713793|   -7.597530|
|           0|         415|   -7.988535|   -7.701016|   -7.715906|   -7.600117|
|           0|         416|   -7.990911|   -7.703389|   -7.718020|   -7.602702|
|           0|         417|   -7.993285|   -7.705762|   -7.720134|   -7.605285|
|           0|         418|   -7.995659|   -7.708133|   -7.722248|   -7.607867|
|           0|         419|   -7.998031|   -7.710504|   -7.724363|   -7.610448|
|           0|         420|   -8.000403|   -7.712874|   -7.726477|   -7.613027|
|           0|         421|   -8.002773|   -7.715242|   -7.728592|   -7.615604|
|           0|         422|   -8.005143|   -7.717610|   -7.730708|   -7.618180|
|           0|         423|   -8.007512|   -7.719976|   -7.732823|   -7.620755|
|           0|         424|   -8.009880|   -7.722342|   -7.734939|   -7.623328|
|           0|         425|   -8.012247|   -7.724707|   -7.737056|   -7.625900|
|           0|         426|   -8.014613|   -7.727070|   -7.739172|   -7.628470|
|           0|         427|   -8.016978|   -7.729433|   -7.741289|   -7.631039|
|           0|         428|   -8.019342|   -7.731795|   -7.743406|   -7.633606|
|           0|         429|   -8.021706|   -7.734156|   -7.745524|   -7.636172|
|           0|         430|   -8.024068|   -7.736516|   -7.747642|   -7.638737|
|           0|         431|   -8.026430|   -7.738875|   -7.749760|   -7.641300|
|           0|         432|   -8.028791|   -7.741234|   -7.751878|   -7.643861|
|           0|         433|   -8.031151|   -7.743591|   -7.753997|   -7.646422|
|           0|         434|   -8.033510|   -7.745948|   -7.756116|   -7.648981|
|           0|         435|   -8.035869|   -7.748303|   -7.758236|   -7.651538|
|           0|         436|   -8.038226|   -7.750658|   -7.760356|   -7.654094|
|           0|         437|   -8.040583|   -7.753012|   -7.762476|   -7.656649|
|           0|         438|   -8.042939|   -7.755365|   -7.764597|   -7.659202|
|           0|         439|   -8.045294|   -7.757718|   -7.766718|   -7.661754|

------------------------ Global Error Analysis --------------------------
     RMS Error [P]: 2.451902e-01     |      Max Error [P]: 1.920314e+00
     RMS Error [U]: 6.103227e-04     |      Max Error [U]: 8.920889e-03
     RMS Error [V]: 5.535367e-04     |      Max Error [V]: 8.652998e-03
     RMS Error [W]: 4.302121e-04     |      Max Error [W]: 5.887366e-03
-------------------------------------------------------------------------

|           0|         440|   -8.047648|   -7.760069|   -7.768839|   -7.664305|
|           0|         441|   -8.050002|   -7.762420|   -7.770960|   -7.666854|
|           0|         442|   -8.052354|   -7.764770|   -7.773082|   -7.669402|
|           0|         443|   -8.054706|   -7.767120|   -7.775205|   -7.671948|
|           0|         444|   -8.057057|   -7.769468|   -7.777328|   -7.674493|
|           0|         445|   -8.059408|   -7.771816|   -7.779451|   -7.677037|
|           0|         446|   -8.061758|   -7.774163|   -7.781574|   -7.679580|
|           0|         447|   -8.064107|   -7.776509|   -7.783698|   -7.682121|
|           0|         448|   -8.066455|   -7.778855|   -7.785822|   -7.684661|
|           0|         449|   -8.068802|   -7.781199|   -7.787947|   -7.687199|
|           0|         450|   -8.071149|   -7.783544|   -7.790072|   -7.689736|
|           0|         451|   -8.073495|   -7.785887|   -7.792197|   -7.692272|
|           0|         452|   -8.075840|   -7.788230|   -7.794323|   -7.694807|
|           0|         453|   -8.078185|   -7.790572|   -7.796449|   -7.697340|
|           0|         454|   -8.080529|   -7.792913|   -7.798576|   -7.699872|
|           0|         455|   -8.082872|   -7.795254|   -7.800703|   -7.702402|
|           0|         456|   -8.085215|   -7.797594|   -7.802830|   -7.704932|
|           0|         457|   -8.087557|   -7.799933|   -7.804957|   -7.707460|
|           0|         458|   -8.089898|   -7.802271|   -7.807086|   -7.709987|
|           0|         459|   -8.092238|   -7.804609|   -7.809214|   -7.712512|
|           0|         460|   -8.094578|   -7.806947|   -7.811343|   -7.715037|
|           0|         461|   -8.096918|   -7.809284|   -7.813472|   -7.717560|
|           0|         462|   -8.099256|   -7.811620|   -7.815602|   -7.720082|
|           0|         463|   -8.101594|   -7.813955|   -7.817732|   -7.722602|
|           0|         464|   -8.103931|   -7.816290|   -7.819863|   -7.725121|
|           0|         465|   -8.106268|   -7.818624|   -7.821993|   -7.727640|
|           0|         466|   -8.108604|   -7.820958|   -7.824125|   -7.730156|
|           0|         467|   -8.110940|   -7.823291|   -7.826256|   -7.732672|
|           0|         468|   -8.113275|   -7.825623|   -7.828389|   -7.735187|
|           0|         469|   -8.115609|   -7.827955|   -7.830521|   -7.737700|
|           0|         470|   -8.117942|   -7.830287|   -7.832654|   -7.740212|
|           0|         471|   -8.120276|   -7.832617|   -7.834787|   -7.742723|
|           0|         472|   -8.122608|   -7.834948|   -7.836921|   -7.745232|
|           0|         473|   -8.124940|   -7.837277|   -7.839055|   -7.747741|
|           0|         474|   -8.127271|   -7.839606|   -7.841190|   -7.750248|
|           0|         475|   -8.129602|   -7.841935|   -7.843325|   -7.752754|
|           0|         476|   -8.131932|   -7.844263|   -7.845460|   -7.755259|
|           0|         477|   -8.134262|   -7.846591|   -7.847596|   -7.757763|
|           0|         478|   -8.136591|   -7.848918|   -7.849732|   -7.760265|
|           0|         479|   -8.138919|   -7.851244|   -7.851869|   -7.762767|

------------------------ Global Error Analysis --------------------------
     RMS Error [P]: 2.451975e-01     |      Max Error [P]: 1.920384e+00
     RMS Error [U]: 6.103247e-04     |      Max Error [U]: 8.920900e-03
     RMS Error [V]: 5.535371e-04     |      Max Error [V]: 8.652998e-03
     RMS Error [W]: 4.302108e-04     |      Max Error [W]: 5.887361e-03
-------------------------------------------------------------------------

|           0|         480|   -8.141247|   -7.853570|   -7.854006|   -7.765267|
|           0|         481|   -8.143575|   -7.855896|   -7.856144|   -7.767766|
|           0|         482|   -8.145902|   -7.858220|   -7.858282|   -7.770264|
|           0|         483|   -8.148228|   -7.860545|   -7.860420|   -7.772761|
|           0|         484|   -8.150554|   -7.862869|   -7.862559|   -7.775257|
|           0|         485|   -8.152879|   -7.865192|   -7.864698|   -7.777751|
|           0|         486|   -8.155204|   -7.867515|   -7.866838|   -7.780245|
|           0|         487|   -8.157529|   -7.869838|   -7.868978|   -7.782737|
|           0|         488|   -8.159852|   -7.872160|   -7.871118|   -7.785229|
|           0|         489|   -8.162176|   -7.874482|   -7.873259|   -7.787719|
|           0|         490|   -8.164499|   -7.876803|   -7.875401|   -7.790208|
|           0|         491|   -8.166821|   -7.879123|   -7.877543|   -7.792696|
|           0|         492|   -8.169143|   -7.881444|   -7.879685|   -7.795183|
|           0|         493|   -8.171464|   -7.883763|   -7.881827|   -7.797669|
|           0|         494|   -8.173785|   -7.886083|   -7.883971|   -7.800154|
|           0|         495|   -8.176106|   -7.888402|   -7.886114|   -7.802637|
|           0|         496|   -8.178426|   -7.890720|   -7.888258|   -7.805120|
|           0|         497|   -8.180745|   -7.893038|   -7.890402|   -7.807602|
|           0|         498|   -8.183064|   -7.895356|   -7.892547|   -7.810082|
|           0|         499|   -8.185383|   -7.897673|   -7.894692|   -7.812562|
|           0|         500|   -8.187701|   -7.899990|   -7.896838|   -7.815040|
|           0|         501|   -8.190019|   -7.902307|   -7.898984|   -7.817518|
|           0|         502|   -8.192336|   -7.904623|   -7.901131|   -7.819994|
|           0|         503|   -8.194653|   -7.906938|   -7.903278|   -7.822469|
|           0|         504|   -8.196970|   -7.909253|   -7.905425|   -7.824944|
|           0|         505|   -8.199286|   -7.911568|   -7.907573|   -7.827417|
|           0|         506|   -8.201601|   -7.913883|   -7.909721|   -7.829890|
|           0|         507|   -8.203917|   -7.916197|   -7.911870|   -7.832361|
|           0|         508|   -8.206231|   -7.918511|   -7.914019|   -7.834831|
|           0|         509|   -8.208546|   -7.920824|   -7.916168|   -7.837301|
|           0|         510|   -8.210860|   -7.923137|   -7.918318|   -7.839769|
|           0|         511|   -8.213173|   -7.925450|   -7.920469|   -7.842236|
|           0|         512|   -8.215487|   -7.927762|   -7.922619|   -7.844703|
|           0|         513|   -8.217800|   -7.930074|   -7.924771|   -7.847168|
|           0|         514|   -8.220112|   -7.932385|   -7.926922|   -7.849633|
|           0|         515|   -8.222424|   -7.934696|   -7.929074|   -7.852096|
|           0|         516|   -8.224736|   -7.937007|   -7.931227|   -7.854559|
|           0|         517|   -8.227047|   -7.939318|   -7.933380|   -7.857021|
|           0|         518|   -8.229358|   -7.941628|   -7.935533|   -7.859481|
|           0|         519|   -8.231669|   -7.943938|   -7.937687|   -7.861941|

------------------------ Global Error Analysis --------------------------
     RMS Error [P]: 2.452033e-01     |      Max Error [P]: 1.920438e+00
     RMS Error [U]: 6.103262e-04     |      Max Error [U]: 8.920909e-03
     RMS Error [V]: 5.535373e-04     |      Max Error [V]: 8.652998e-03
     RMS Error [W]: 4.302099e-04     |      Max Error [W]: 5.887358e-03
-------------------------------------------------------------------------

|           0|         520|   -8.233979|   -7.946247|   -7.939841|   -7.864400|
|           0|         521|   -8.236289|   -7.948557|   -7.941996|   -7.866858|
|           0|         522|   -8.238598|   -7.950865|   -7.944151|   -7.869315|
|           0|         523|   -8.240907|   -7.953174|   -7.946307|   -7.871771|
|           0|         524|   -8.243216|   -7.955482|   -7.948463|   -7.874226|
|           0|         525|   -8.245525|   -7.957790|   -7.950619|   -7.876680|
|           0|         526|   -8.247833|   -7.960098|   -7.952776|   -7.879133|
|           0|         527|   -8.250141|   -7.962405|   -7.954933|   -7.881586|
|           0|         528|   -8.252448|   -7.964712|   -7.957091|   -7.884037|
|           0|         529|   -8.254755|   -7.967019|   -7.959249|   -7.886488|
|           0|         530|   -8.257062|   -7.969325|   -7.961408|   -7.888937|
|           0|         531|   -8.259369|   -7.971631|   -7.963567|   -7.891386|
|           0|         532|   -8.261675|   -7.973937|   -7.965726|   -7.893834|
|           0|         533|   -8.263981|   -7.976243|   -7.967886|   -7.896281|
|           0|         534|   -8.266286|   -7.978548|   -7.970046|   -7.898728|
|           0|         535|   -8.268591|   -7.980853|   -7.972207|   -7.901173|
|           0|         536|   -8.270896|   -7.983158|   -7.974368|   -7.903617|
|           0|         537|   -8.273201|   -7.985462|   -7.976529|   -7.906061|
|           0|         538|   -8.275505|   -7.987766|   -7.978691|   -7.908504|
|           0|         539|   -8.277809|   -7.990070|   -7.980853|   -7.910946|
|           0|         540|   -8.280113|   -7.992374|   -7.983016|   -7.913387|
|           0|         541|   -8.282417|   -7.994677|   -7.985179|   -7.915827|
|           0|         542|   -8.284720|   -7.996980|   -7.987343|   -7.918267|
|           0|         543|   -8.287023|   -7.999283|   -7.989507|   -7.920705|
|           0|         544|   -8.289325|   -8.001586|   -7.991671|   -7.923143|
|           0|         545|   -8.291628|   -8.003888|   -7.993836|   -7.925580|
|           0|         546|   -8.293930|   -8.006190|   -7.996001|   -7.928016|
|           0|         547|   -8.296231|   -8.008492|   -7.998167|   -7.930452|
|           0|         548|   -8.298533|   -8.010794|   -8.000333|   -7.932886|
|           0|         549|   -8.300834|   -8.013095|   -8.002500|   -7.935320|
|           0|         550|   -8.303135|   -8.015396|   -8.004667|   -7.937753|
|           0|         551|   -8.305436|   -8.017697|   -8.006834|   -7.940185|
|           0|         552|   -8.307736|   -8.019998|   -8.009002|   -7.942616|
|           0|         553|   -8.310037|   -8.022298|   -8.011170|   -7.945047|
|           0|         554|   -8.312337|   -8.024598|   -8.013338|   -7.947477|
|           0|         555|   -8.314636|   -8.026898|   -8.015507|   -7.949906|
|           0|         556|   -8.316936|   -8.029198|   -8.017677|   -7.952334|
|           0|         557|   -8.319235|   -8.031498|   -8.019846|   -7.954762|
|           0|         558|   -8.321534|   -8.033797|   -8.022017|   -7.957189|
|           0|         559|   -8.323833|   -8.036096|   -8.024187|   -7.959615|

------------------------ Global Error Analysis --------------------------
     RMS Error [P]: 2.452078e-01     |      Max Error [P]: 1.920479e+00
     RMS Error [U]: 6.103274e-04     |      Max Error [U]: 8.920916e-03
     RMS Error [V]: 5.535374e-04     |      Max Error [V]: 8.652998e-03
     RMS Error [W]: 4.302092e-04     |      Max Error [W]: 5.887356e-03
-------------------------------------------------------------------------

|           0|         560|   -8.326131|   -8.038395|   -8.026358|   -7.962040|
|           0|         561|   -8.328430|   -8.040693|   -8.028530|   -7.964464|
|           0|         562|   -8.330728|   -8.042992|   -8.030701|   -7.966888|
|           0|         563|   -8.333025|   -8.045290|   -8.032874|   -7.969311|
|           0|         564|   -8.335323|   -8.047588|   -8.035046|   -7.971733|
|           0|         565|   -8.337620|   -8.049886|   -8.037219|   -7.974155|
|           0|         566|   -8.339918|   -8.052184|   -8.039393|   -7.976576|
|           0|         567|   -8.342215|   -8.054481|   -8.041567|   -7.978996|
|           0|         568|   -8.344511|   -8.056779|   -8.043741|   -7.981415|
|           0|         569|   -8.346808|   -8.059076|   -8.045915|   -7.983834|
|           0|         570|   -8.349104|   -8.061372|   -8.048090|   -7.986252|
|           0|         571|   -8.351400|   -8.063669|   -8.050266|   -7.988669|
|           0|         572|   -8.353696|   -8.065966|   -8.052442|   -7.991086|
|           0|         573|   -8.355992|   -8.068262|   -8.054618|   -7.993502|
|           0|         574|   -8.358287|   -8.070558|   -8.056794|   -7.995917|
|           0|         575|   -8.360582|   -8.072854|   -8.058971|   -7.998331|
|           0|         576|   -8.362878|   -8.075150|   -8.061149|   -8.000745|
|           0|         577|   -8.365172|   -8.077445|   -8.063327|   -8.003158|
|           0|         578|   -8.367467|   -8.079741|   -8.065505|   -8.005571|
|           0|         579|   -8.369762|   -8.082036|   -8.067683|   -8.007982|
|           0|         580|   -8.372056|   -8.084331|   -8.069862|   -8.010394|
|           0|         581|   -8.374350|   -8.086626|   -8.072041|   -8.012804|
|           0|         582|   -8.376644|   -8.088921|   -8.074221|   -8.015214|
|           0|         583|   -8.378938|   -8.091215|   -8.076401|   -8.017623|
|           0|         584|   -8.381231|   -8.093510|   -8.078582|   -8.020031|
|           0|         585|   -8.383525|   -8.095804|   -8.080763|   -8.022439|
|           0|         586|   -8.385818|   -8.098098|   -8.082944|   -8.024846|
|           0|         587|   -8.388111|   -8.100392|   -8.085125|   -8.027253|
|           0|         588|   -8.390404|   -8.102686|   -8.087307|   -8.029658|
|           0|         589|   -8.392697|   -8.104979|   -8.089490|   -8.032064|
|           0|         590|   -8.394989|   -8.107273|   -8.091673|   -8.034468|
|           0|         591|   -8.397282|   -8.109566|   -8.093856|   -8.036872|
|           0|         592|   -8.399574|   -8.111859|   -8.096039|   -8.039275|
|           0|         593|   -8.401866|   -8.114152|   -8.098223|   -8.041678|
|           0|         594|   -8.404158|   -8.116445|   -8.100407|   -8.044080|
|           0|         595|   -8.406450|   -8.118738|   -8.102592|   -8.046482|
|           0|         596|   -8.408741|   -8.121030|   -8.104777|   -8.048882|
|           0|         597|   -8.411033|   -8.123323|   -8.106962|   -8.051283|
|           0|         598|   -8.413324|   -8.125615|   -8.109148|   -8.053682|
|           0|         599|   -8.415615|   -8.127907|   -8.111334|   -8.056081|

------------------------ Global Error Analysis --------------------------
     RMS Error [P]: 2.452114e-01     |      Max Error [P]: 1.920511e+00
     RMS Error [U]: 6.103284e-04     |      Max Error [U]: 8.920921e-03
     RMS Error [V]: 5.535375e-04     |      Max Error [V]: 8.652999e-03
     RMS Error [W]: 4.302086e-04     |      Max Error [W]: 5.887354e-03
-------------------------------------------------------------------------

|           0|         600|   -8.417906|   -8.130199|   -8.113521|   -8.058480|
|           0|         601|   -8.420197|   -8.132491|   -8.115708|   -8.060877|
|           0|         602|   -8.422487|   -8.134783|   -8.117895|   -8.063275|
|           0|         603|   -8.424778|   -8.137074|   -8.120082|   -8.065671|
|           0|         604|   -8.427068|   -8.139366|   -8.122270|   -8.068067|
|           0|         605|   -8.429359|   -8.141657|   -8.124459|   -8.070463|
|           0|         606|   -8.431649|   -8.143948|   -8.126647|   -8.072858|
|           0|         607|   -8.433939|   -8.146239|   -8.128836|   -8.075252|
|           0|         608|   -8.436228|   -8.148530|   -8.131026|   -8.077646|
|           0|         609|   -8.438518|   -8.150821|   -8.133216|   -8.080039|
|           0|         610|   -8.440808|   -8.153111|   -8.135406|   -8.082431|
|           0|         611|   -8.443097|   -8.155402|   -8.137596|   -8.084823|
|           0|         612|   -8.445386|   -8.157692|   -8.139787|   -8.087215|
|           0|         613|   -8.447676|   -8.159983|   -8.141978|   -8.089606|
|           0|         614|   -8.449965|   -8.162273|   -8.144170|   -8.091996|
|           0|         615|   -8.452254|   -8.164563|   -8.146362|   -8.094386|
|           0|         616|   -8.454542|   -8.166853|   -8.148554|   -8.096775|
|           0|         617|   -8.456831|   -8.169143|   -8.150746|   -8.099164|
|           0|         618|   -8.459120|   -8.171433|   -8.152939|   -8.101552|
|           0|         619|   -8.461408|   -8.173722|   -8.155133|   -8.103940|
|           0|         620|   -8.463696|   -8.176012|   -8.157326|   -8.106327|
|           0|         621|   -8.465985|   -8.178301|   -8.159520|   -8.108713|
|           0|         622|   -8.468273|   -8.180590|   -8.161714|   -8.111099|
|           0|         623|   -8.470561|   -8.182879|   -8.163909|   -8.113485|
|           0|         624|   -8.472848|   -8.185169|   -8.166104|   -8.115870|
|           0|         625|   -8.475136|   -8.187457|   -8.168299|   -8.118254|
|           0|         626|   -8.477424|   -8.189746|   -8.170495|   -8.120638|
|           0|         627|   -8.479711|   -8.192035|   -8.172691|   -8.123021|
|           0|         628|   -8.481999|   -8.194324|   -8.174888|   -8.125404|
|           0|         629|   -8.484286|   -8.196612|   -8.177084|   -8.127787|
|           0|         630|   -8.486573|   -8.198901|   -8.179281|   -8.130169|
|           0|         631|   -8.488860|   -8.201189|   -8.181479|   -8.132550|
|           0|         632|   -8.491147|   -8.203477|   -8.183676|   -8.134931|
|           0|         633|   -8.493434|   -8.205765|   -8.185874|   -8.137311|
|           0|         634|   -8.495721|   -8.208053|   -8.188073|   -8.139691|
|           0|         635|   -8.498008|   -8.210341|   -8.190271|   -8.142071|
|           0|         636|   -8.500294|   -8.212629|   -8.192471|   -8.144449|
|           0|         637|   -8.502581|   -8.214917|   -8.194670|   -8.146828|
|           0|         638|   -8.504867|   -8.217205|   -8.196870|   -8.149206|
|           0|         639|   -8.507154|   -8.219492|   -8.199070|   -8.151583|

------------------------ Global Error Analysis --------------------------
     RMS Error [P]: 2.452142e-01     |      Max Error [P]: 1.920536e+00
     RMS Error [U]: 6.103291e-04     |      Max Error [U]: 8.920925e-03
     RMS Error [V]: 5.535376e-04     |      Max Error [V]: 8.652999e-03
     RMS Error [W]: 4.302082e-04     |      Max Error [W]: 5.887352e-03
-------------------------------------------------------------------------

|           0|         640|   -8.509440|   -8.221780|   -8.201270|   -8.153960|
|           0|         641|   -8.511726|   -8.224067|   -8.203471|   -8.156337|
|           0|         642|   -8.514012|   -8.226354|   -8.205672|   -8.158713|
|           0|         643|   -8.516298|   -8.228642|   -8.207873|   -8.161088|
|           0|         644|   -8.518584|   -8.230929|   -8.210075|   -8.163463|
|           0|         645|   -8.520870|   -8.233216|   -8.212277|   -8.165838|
|           0|         646|   -8.523155|   -8.235503|   -8.214479|   -8.168212|
|           0|         647|   -8.525441|   -8.237790|   -8.216681|   -8.170586|
|           0|         648|   -8.527726|   -8.240076|   -8.218884|   -8.172959|
|           0|         649|   -8.530012|   -8.242363|   -8.221088|   -8.175332|
|           0|         650|   -8.532297|   -8.244650|   -8.223291|   -8.177704|
|           0|         651|   -8.534583|   -8.246936|   -8.225495|   -8.180076|
|           0|         652|   -8.536868|   -8.249223|   -8.227699|   -8.182448|
|           0|         653|   -8.539153|   -8.251509|   -8.229904|   -8.184819|
|           0|         654|   -8.541438|   -8.253795|   -8.232108|   -8.187189|
|           0|         655|   -8.543723|   -8.256082|   -8.234313|   -8.189559|
|           0|         656|   -8.546008|   -8.258368|   -8.236519|   -8.191929|
|           0|         657|   -8.548293|   -8.260654|   -8.238725|   -8.194298|
|           0|         658|   -8.550577|   -8.262940|   -8.240931|   -8.196667|
|           0|         659|   -8.552862|   -8.265226|   -8.243137|   -8.199035|
|           0|         660|   -8.555147|   -8.267512|   -8.245344|   -8.201403|
|           0|         661|   -8.557431|   -8.269798|   -8.247550|   -8.203771|
|           0|         662|   -8.559716|   -8.272083|   -8.249758|   -8.206138|
|           0|         663|   -8.562000|   -8.274369|   -8.251965|   -8.208504|
|           0|         664|   -8.564284|   -8.276654|   -8.254173|   -8.210871|
|           0|         665|   -8.566568|   -8.278940|   -8.256381|   -8.213237|
|           0|         666|   -8.568853|   -8.281225|   -8.258590|   -8.215602|
|           0|         667|   -8.571137|   -8.283511|   -8.260798|   -8.217967|
|           0|         668|   -8.573421|   -8.285796|   -8.263007|   -8.220332|
|           0|         669|   -8.575705|   -8.288081|   -8.265217|   -8.222696|
|           0|         670|   -8.577989|   -8.290367|   -8.267426|   -8.225060|
|           0|         671|   -8.580273|   -8.292652|   -8.269636|   -8.227423|
|           0|         672|   -8.582556|   -8.294937|   -8.271846|   -8.229786|
|           0|         673|   -8.584840|   -8.297222|   -8.274057|   -8.232149|
|           0|         674|   -8.587124|   -8.299507|   -8.276268|   -8.234511|
|           0|         675|   -8.589407|   -8.301791|   -8.278479|   -8.236873|
|           0|         676|   -8.591691|   -8.304076|   -8.280690|   -8.239234|
|           0|         677|   -8.593975|   -8.306361|   -8.282902|   -8.241595|
|           0|         678|   -8.596258|   -8.308646|   -8.285114|   -8.243956|
|           0|         679|   -8.598541|   -8.310930|   -8.287326|   -8.246316|

------------------------ Global Error Analysis --------------------------
     RMS Error [P]: 2.452165e-01     |      Max Error [P]: 1.920556e+00
     RMS Error [U]: 6.103297e-04     |      Max Error [U]: 8.920928e-03
     RMS Error [V]: 5.535376e-04     |      Max Error [V]: 8.652999e-03
     RMS Error [W]: 4.302078e-04     |      Max Error [W]: 5.887351e-03
-------------------------------------------------------------------------

|           0|         680|   -8.600825|   -8.313215|   -8.289538|   -8.248676|
|           0|         681|   -8.603108|   -8.315499|   -8.291751|   -8.251035|
|           0|         682|   -8.605391|   -8.317784|   -8.293964|   -8.253394|
|           0|         683|   -8.607674|   -8.320068|   -8.296178|   -8.255753|
|           0|         684|   -8.609958|   -8.322352|   -8.298391|   -8.258111|
|           0|         685|   -8.612241|   -8.324637|   -8.300605|   -8.260469|
|           0|         686|   -8.614524|   -8.326921|   -8.302819|   -8.262827|
|           0|         687|   -8.616807|   -8.329205|   -8.305034|   -8.265184|
|           0|         688|   -8.619090|   -8.331489|   -8.307249|   -8.267541|
|           0|         689|   -8.621372|   -8.333773|   -8.309464|   -8.269898|
|           0|         690|   -8.623655|   -8.336057|   -8.311679|   -8.272254|
|           0|         691|   -8.625938|   -8.338341|   -8.313894|   -8.274610|
|           0|         692|   -8.628221|   -8.340625|   -8.316110|   -8.276965|
|           0|         693|   -8.630503|   -8.342909|   -8.318326|   -8.279320|
|           0|         694|   -8.632786|   -8.345193|   -8.320543|   -8.281675|
|           0|         695|   -8.635069|   -8.347476|   -8.322759|   -8.284029|
|           0|         696|   -8.637351|   -8.349760|   -8.324976|   -8.286383|
|           0|         697|   -8.639634|   -8.352044|   -8.327193|   -8.288737|
|           0|         698|   -8.641916|   -8.354327|   -8.329411|   -8.291090|
|           0|         699|   -8.644199|   -8.356611|   -8.331628|   -8.293443|
|           0|         700|   -8.646481|   -8.358894|   -8.333846|   -8.295796|
|           0|         701|   -8.648763|   -8.361178|   -8.336065|   -8.298148|
|           0|         702|   -8.651046|   -8.363461|   -8.338283|   -8.300500|
|           0|         703|   -8.653328|   -8.365744|   -8.340502|   -8.302852|
|           0|         704|   -8.655610|   -8.368028|   -8.342721|   -8.305203|
|           0|         705|   -8.657892|   -8.370311|   -8.344940|   -8.307554|
|           0|         706|   -8.660175|   -8.372594|   -8.347160|   -8.309905|
|           0|         707|   -8.662457|   -8.374877|   -8.349379|   -8.312255|
|           0|         708|   -8.664739|   -8.377161|   -8.351599|   -8.314605|
|           0|         709|   -8.667021|   -8.379444|   -8.353820|   -8.316955|
|           0|         710|   -8.669303|   -8.381727|   -8.356040|   -8.319304|
|           0|         711|   -8.671585|   -8.384010|   -8.358261|   -8.321653|
|           0|         712|   -8.673867|   -8.386293|   -8.360482|   -8.324002|
|           0|         713|   -8.676149|   -8.388576|   -8.362703|   -8.326350|
|           0|         714|   -8.678430|   -8.390858|   -8.364925|   -8.328698|
|           0|         715|   -8.680712|   -8.393141|   -8.367147|   -8.331046|
|           0|         716|   -8.682994|   -8.395424|   -8.369369|   -8.333393|
|           0|         717|   -8.685276|   -8.397707|   -8.371591|   -8.335740|
|           0|         718|   -8.687558|   -8.399989|   -8.373813|   -8.338087|
|           0|         719|   -8.689839|   -8.402272|   -8.376036|   -8.340434|

------------------------ Global Error Analysis --------------------------
     RMS Error [P]: 2.452183e-01     |      Max Error [P]: 1.920572e+00
     RMS Error [U]: 6.103302e-04     |      Max Error [U]: 8.920930e-03
     RMS Error [V]: 5.535377e-04     |      Max Error [V]: 8.652999e-03
     RMS Error [W]: 4.302076e-04     |      Max Error [W]: 5.887350e-03
-------------------------------------------------------------------------

|           0|         720|   -8.692121|   -8.404555|   -8.378259|   -8.342780|
|           0|         721|   -8.694403|   -8.406837|   -8.380483|   -8.345126|
|           0|         722|   -8.696684|   -8.409120|   -8.382706|   -8.347471|
|           0|         723|   -8.698966|   -8.411402|   -8.384930|   -8.349817|
|           0|         724|   -8.701247|   -8.413685|   -8.387154|   -8.352162|
|           0|         725|   -8.703529|   -8.415967|   -8.389378|   -8.354506|
|           0|         726|   -8.705810|   -8.418250|   -8.391602|   -8.356851|
|           0|         727|   -8.708092|   -8.420532|   -8.393827|   -8.359195|
|           0|         728|   -8.710373|   -8.422815|   -8.396052|   -8.361539|
|           0|         729|   -8.712655|   -8.425097|   -8.398277|   -8.363882|
|           0|         730|   -8.714936|   -8.427379|   -8.400503|   -8.366225|
|           0|         731|   -8.717217|   -8.429661|   -8.402728|   -8.368568|
|           0|         732|   -8.719499|   -8.431944|   -8.404954|   -8.370911|
|           0|         733|   -8.721780|   -8.434226|   -8.407180|   -8.373253|
|           0|         734|   -8.724061|   -8.436508|   -8.409407|   -8.375595|
|           0|         735|   -8.726343|   -8.438790|   -8.411633|   -8.377937|
|           0|         736|   -8.728624|   -8.441072|   -8.413860|   -8.380279|
|           0|         737|   -8.730905|   -8.443354|   -8.416087|   -8.382620|
|           0|         738|   -8.733186|   -8.445636|   -8.418314|   -8.384961|
|           0|         739|   -8.735467|   -8.447918|   -8.420542|   -8.387301|
|           0|         740|   -8.737748|   -8.450200|   -8.422769|   -8.389642|
|           0|         741|   -8.740030|   -8.452482|   -8.424997|   -8.391982|
|           0|         742|   -8.742311|   -8.454764|   -8.427225|   -8.394322|
|           0|         743|   -8.744592|   -8.457046|   -8.429454|   -8.396661|
|           0|         744|   -8.746873|   -8.459327|   -8.431682|   -8.399001|
|           0|         745|   -8.749154|   -8.461609|   -8.433911|   -8.401340|
|           0|         746|   -8.751435|   -8.463891|   -8.436140|   -8.403678|
|           0|         747|   -8.753716|   -8.466173|   -8.438370|   -8.406017|
|           0|         748|   -8.755997|   -8.468454|   -8.440599|   -8.408355|
|           0|         749|   -8.758278|   -8.470736|   -8.442829|   -8.410693|
|           0|         750|   -8.760559|   -8.473018|   -8.445059|   -8.413031|
|           0|         751|   -8.762840|   -8.475299|   -8.447289|   -8.415368|
|           0|         752|   -8.765121|   -8.477581|   -8.449519|   -8.417706|
|           0|         753|   -8.767402|   -8.479863|   -8.451750|   -8.420043|
|           0|         754|   -8.769682|   -8.482144|   -8.453980|   -8.422379|
|           0|         755|   -8.771963|   -8.484426|   -8.456211|   -8.424716|
|           0|         756|   -8.774244|   -8.486707|   -8.458443|   -8.427052|
|           0|         757|   -8.776525|   -8.488989|   -8.460674|   -8.429388|
|           0|         758|   -8.778806|   -8.491270|   -8.462906|   -8.431723|
|           0|         759|   -8.781087|   -8.493551|   -8.465137|   -8.434059|

------------------------ Global Error Analysis --------------------------
     RMS Error [P]: 2.452197e-01     |      Max Error [P]: 1.920584e+00
     RMS Error [U]: 6.103306e-04     |      Max Error [U]: 8.920932e-03
     RMS Error [V]: 5.535377e-04     |      Max Error [V]: 8.652999e-03
     RMS Error [W]: 4.302073e-04     |      Max Error [W]: 5.887349e-03
-------------------------------------------------------------------------

|           0|         760|   -8.783367|   -8.495833|   -8.467369|   -8.436394|
|           0|         761|   -8.785648|   -8.498114|   -8.469602|   -8.438729|
|           0|         762|   -8.787929|   -8.500396|   -8.471834|   -8.441064|
|           0|         763|   -8.790210|   -8.502677|   -8.474067|   -8.443398|
|           0|         764|   -8.792490|   -8.504958|   -8.476300|   -8.445732|
|           0|         765|   -8.794771|   -8.507239|   -8.478533|   -8.448066|
|           0|         766|   -8.797052|   -8.509521|   -8.480766|   -8.450400|
|           0|         767|   -8.799332|   -8.511802|   -8.482999|   -8.452734|
|           0|         768|   -8.801613|   -8.514083|   -8.485233|   -8.455067|
|           0|         769|   -8.803894|   -8.516364|   -8.487467|   -8.457400|
|           0|         770|   -8.806174|   -8.518645|   -8.489701|   -8.459733|
|           0|         771|   -8.808455|   -8.520927|   -8.491935|   -8.462065|
|           0|         772|   -8.810736|   -8.523208|   -8.494170|   -8.464398|
|           0|         773|   -8.813016|   -8.525489|   -8.496404|   -8.466730|
|           0|         774|   -8.815297|   -8.527770|   -8.498639|   -8.469062|
|           0|         775|   -8.817577|   -8.530051|   -8.500874|   -8.471393|
|           0|         776|   -8.819858|   -8.532332|   -8.503110|   -8.473725|
|           0|         777|   -8.822138|   -8.534613|   -8.505345|   -8.476056|
|           0|         778|   -8.824419|   -8.536894|   -8.507581|   -8.478387|
|           0|         779|   -8.826700|   -8.539175|   -8.509817|   -8.480718|
|           0|         780|   -8.828980|   -8.541456|   -8.512053|   -8.483048|
|           0|         781|   -8.831261|   -8.543737|   -8.514289|   -8.485378|
|           0|         782|   -8.833541|   -8.546018|   -8.516525|   -8.487708|
|           0|         783|   -8.835822|   -8.548298|   -8.518762|   -8.490038|
|           0|         784|   -8.838102|   -8.550579|   -8.520999|   -8.492368|
|           0|         785|   -8.840383|   -8.552860|   -8.523236|   -8.494697|
|           0|         786|   -8.842663|   -8.555141|   -8.525473|   -8.497027|
|           0|         787|   -8.844943|   -8.557422|   -8.527710|   -8.499356|
|           0|         788|   -8.847224|   -8.559703|   -8.529948|   -8.501684|
|           0|         789|   -8.849504|   -8.561983|   -8.532185|   -8.504013|
|           0|         790|   -8.851785|   -8.564264|   -8.534423|   -8.506341|
|           0|         791|   -8.854065|   -8.566545|   -8.536661|   -8.508670|
|           0|         792|   -8.856346|   -8.568826|   -8.538900|   -8.510997|
|           0|         793|   -8.858626|   -8.571106|   -8.541138|   -8.513325|
|           0|         794|   -8.860906|   -8.573387|   -8.543377|   -8.515653|
|           0|         795|   -8.863187|   -8.575668|   -8.545616|   -8.517980|
|           0|         796|   -8.865467|   -8.577948|   -8.547855|   -8.520307|
|           0|         797|   -8.867748|   -8.580229|   -8.550094|   -8.522634|
|           0|         798|   -8.870028|   -8.582509|   -8.552333|   -8.524961|
|           0|         799|   -8.872308|   -8.584790|   -8.554573|   -8.527287|

------------------------ Global Error Analysis --------------------------
     RMS Error [P]: 2.452209e-01     |      Max Error [P]: 1.920594e+00
     RMS Error [U]: 6.103309e-04     |      Max Error [U]: 8.920934e-03
     RMS Error [V]: 5.535377e-04     |      Max Error [V]: 8.652999e-03
     RMS Error [W]: 4.302072e-04     |      Max Error [W]: 5.887349e-03
-------------------------------------------------------------------------

|           0|         800|   -8.874589|   -8.587071|   -8.556812|   -8.529614|
|           0|         801|   -8.876869|   -8.589351|   -8.559052|   -8.531940|
|           0|         802|   -8.879150|   -8.591632|   -8.561292|   -8.534266|
|           0|         803|   -8.881430|   -8.593912|   -8.563533|   -8.536591|
|           0|         804|   -8.883710|   -8.596193|   -8.565773|   -8.538917|
|           0|         805|   -8.885991|   -8.598473|   -8.568014|   -8.541242|
|           0|         806|   -8.888271|   -8.600754|   -8.570254|   -8.543567|
|           0|         807|   -8.890551|   -8.603034|   -8.572495|   -8.545892|
|           0|         808|   -8.892832|   -8.605315|   -8.574736|   -8.548217|
|           0|         809|   -8.895112|   -8.607595|   -8.576978|   -8.550542|
|           0|         810|   -8.897392|   -8.609875|   -8.579219|   -8.552866|
|           0|         811|   -8.899673|   -8.612156|   -8.581461|   -8.555190|
|           0|         812|   -8.901953|   -8.614436|   -8.583703|   -8.557514|
|           0|         813|   -8.904233|   -8.616717|   -8.585945|   -8.559838|
|           0|         814|   -8.906513|   -8.618997|   -8.588187|   -8.562162|
|           0|         815|   -8.908794|   -8.621277|   -8.590429|   -8.564485|
|           0|         816|   -8.911074|   -8.623558|   -8.592671|   -8.566808|
|           0|         817|   -8.913354|   -8.625838|   -8.594914|   -8.569132|
|           0|         818|   -8.915635|   -8.628118|   -8.597157|   -8.571454|
|           0|         819|   -8.917915|   -8.630399|   -8.599400|   -8.573777|
|           0|         820|   -8.920195|   -8.632679|   -8.601643|   -8.576100|
|           0|         821|   -8.922476|   -8.634959|   -8.603886|   -8.578422|
|           0|         822|   -8.924756|   -8.637239|   -8.606130|   -8.580744|
|           0|         823|   -8.927036|   -8.639520|   -8.608373|   -8.583066|
|           0|         824|   -8.929316|   -8.641800|   -8.610617|   -8.585388|
|           0|         825|   -8.931597|   -8.644080|   -8.612861|   -8.587710|
|           0|         826|   -8.933877|   -8.646360|   -8.615105|   -8.590031|
|           0|         827|   -8.936157|   -8.648641|   -8.617349|   -8.592352|
|           0|         828|   -8.938437|   -8.650921|   -8.619593|   -8.594674|
|           0|         829|   -8.940718|   -8.653201|   -8.621838|   -8.596995|
|           0|         830|   -8.942998|   -8.655481|   -8.624083|   -8.599315|
|           0|         831|   -8.945278|   -8.657761|   -8.626328|   -8.601636|
|           0|         832|   -8.947559|   -8.660041|   -8.628573|   -8.603956|
|           0|         833|   -8.949839|   -8.662321|   -8.630818|   -8.606277|
|           0|         834|   -8.952119|   -8.664602|   -8.633063|   -8.608597|
|           0|         835|   -8.954399|   -8.666882|   -8.635309|   -8.610917|
|           0|         836|   -8.956680|   -8.669162|   -8.637554|   -8.613236|
|           0|         837|   -8.958960|   -8.671442|   -8.639800|   -8.615556|
|           0|         838|   -8.961240|   -8.673722|   -8.642046|   -8.617876|
|           0|         839|   -8.963520|   -8.676002|   -8.644292|   -8.620195|

------------------------ Global Error Analysis --------------------------
     RMS Error [P]: 2.452218e-01     |      Max Error [P]: 1.920602e+00
     RMS Error [U]: 6.103311e-04     |      Max Error [U]: 8.920935e-03
     RMS Error [V]: 5.535377e-04     |      Max Error [V]: 8.652999e-03
     RMS Error [W]: 4.302071e-04     |      Max Error [W]: 5.887348e-03
-------------------------------------------------------------------------

|           0|         840|   -8.965801|   -8.678282|   -8.646538|   -8.622514|
|           0|         841|   -8.968081|   -8.680562|   -8.648785|   -8.624833|
|           0|         842|   -8.970361|   -8.682842|   -8.651031|   -8.627152|
|           0|         843|   -8.972641|   -8.685122|   -8.653278|   -8.629470|
|           0|         844|   -8.974922|   -8.687402|   -8.655525|   -8.631789|
|           0|         845|   -8.977202|   -8.689682|   -8.657772|   -8.634107|
|           0|         846|   -8.979482|   -8.691962|   -8.660019|   -8.636425|
|           0|         847|   -8.981762|   -8.694242|   -8.662266|   -8.638743|
|           0|         848|   -8.984043|   -8.696522|   -8.664513|   -8.641061|
|           0|         849|   -8.986323|   -8.698802|   -8.666761|   -8.643379|
|           0|         850|   -8.988603|   -8.701082|   -8.669009|   -8.645696|
|           0|         851|   -8.990883|   -8.703362|   -8.671256|   -8.648014|
|           0|         852|   -8.993164|   -8.705642|   -8.673504|   -8.650331|
|           0|         853|   -8.995444|   -8.707922|   -8.675753|   -8.652648|
|           0|         854|   -8.997724|   -8.710202|   -8.678001|   -8.654965|
|           0|         855|   -9.000005|   -8.712482|   -8.680249|   -8.657282|
|           0|         856|   -9.002285|   -8.714761|   -8.682498|   -8.659598|
|           0|         857|   -9.004565|   -8.717041|   -8.684746|   -8.661915|
|           0|         858|   -9.006845|   -8.719321|   -8.686995|   -8.664231|
|           0|         859|   -9.009126|   -8.721601|   -8.689244|   -8.666547|
|           0|         860|   -9.011406|   -8.723881|   -8.691493|   -8.668863|
|           0|         861|   -9.013686|   -8.726161|   -8.693743|   -8.671179|
|           0|         862|   -9.015966|   -8.728441|   -8.695992|   -8.673495|
|           0|         863|   -9.018247|   -8.730720|   -8.698241|   -8.675811|
|           0|         864|   -9.020527|   -8.733000|   -8.700491|   -8.678126|
|           0|         865|   -9.022807|   -8.735280|   -8.702741|   -8.680441|
|           0|         866|   -9.025088|   -8.737560|   -8.704991|   -8.682757|
|           0|         867|   -9.027368|   -8.739840|   -8.707241|   -8.685072|
|           0|         868|   -9.029648|   -8.742119|   -8.709491|   -8.687387|
|           0|         869|   -9.031928|   -8.744399|   -8.711741|   -8.689701|
|           0|         870|   -9.034209|   -8.746679|   -8.713992|   -8.692016|
|           0|         871|   -9.036489|   -8.748959|   -8.716242|   -8.694330|
|           0|         872|   -9.038769|   -8.751238|   -8.718493|   -8.696645|
|           0|         873|   -9.041050|   -8.753518|   -8.720744|   -8.698959|
|           0|         874|   -9.043330|   -8.755798|   -8.722995|   -8.701273|
|           0|         875|   -9.045610|   -8.758078|   -8.725246|   -8.703587|
|           0|         876|   -9.047891|   -8.760357|   -8.727497|   -8.705901|
|           0|         877|   -9.050171|   -8.762637|   -8.729748|   -8.708214|
|           0|         878|   -9.052451|   -8.764917|   -8.732000|   -8.710528|
|           0|         879|   -9.054731|   -8.767197|   -8.734252|   -8.712841|

------------------------ Global Error Analysis --------------------------
     RMS Error [P]: 2.452226e-01     |      Max Error [P]: 1.920608e+00
     RMS Error [U]: 6.103313e-04     |      Max Error [U]: 8.920936e-03
     RMS Error [V]: 5.535377e-04     |      Max Error [V]: 8.652999e-03
     RMS Error [W]: 4.302069e-04     |      Max Error [W]: 5.887348e-03
-------------------------------------------------------------------------

|           0|         880|   -9.057012|   -8.769476|   -8.736503|   -8.715154|
|           0|         881|   -9.059292|   -8.771756|   -8.738755|   -8.717468|
|           0|         882|   -9.061572|   -8.774036|   -8.741007|   -8.719781|
|           0|         883|   -9.063853|   -8.776315|   -8.743259|   -8.722093|
|           0|         884|   -9.066133|   -8.778595|   -8.745511|   -8.724406|
|           0|         885|   -9.068413|   -8.780875|   -8.747764|   -8.726719|
|           0|         886|   -9.070694|   -8.783154|   -8.750016|   -8.729031|
|           0|         887|   -9.072974|   -8.785434|   -8.752269|   -8.731344|
|           0|         888|   -9.075254|   -8.787714|   -8.754522|   -8.733656|
|           0|         889|   -9.077535|   -8.789993|   -8.756774|   -8.735968|
|           0|         890|   -9.079815|   -8.792273|   -8.759027|   -8.738280|
|           0|         891|   -9.082096|   -8.794553|   -8.761281|   -8.740592|
|           0|         892|   -9.084376|   -8.796832|   -8.763534|   -8.742903|
|           0|         893|   -9.086656|   -8.799112|   -8.765787|   -8.745215|
|           0|         894|   -9.088937|   -8.801391|   -8.768040|   -8.747526|
|           0|         895|   -9.091217|   -8.803671|   -8.770294|   -8.749838|
|           0|         896|   -9.093497|   -8.805951|   -8.772548|   -8.752149|
|           0|         897|   -9.095778|   -8.808230|   -8.774802|   -8.754460|
|           0|         898|   -9.098058|   -8.810510|   -8.777055|   -8.756771|
|           0|         899|   -9.100338|   -8.812789|   -8.779309|   -8.759082|
|           0|         900|   -9.102619|   -8.815069|   -8.781564|   -8.761393|
|           0|         901|   -9.104899|   -8.817348|   -8.783818|   -8.763703|
|           0|         902|   -9.107180|   -8.819628|   -8.786072|   -8.766014|
|           0|         903|   -9.109460|   -8.821908|   -8.788327|   -8.768324|
|           0|         904|   -9.111740|   -8.824187|   -8.790581|   -8.770634|
|           0|         905|   -9.114021|   -8.826467|   -8.792836|   -8.772944|
|           0|         906|   -9.116301|   -8.828746|   -8.795091|   -8.775254|
|           0|         907|   -9.118582|   -8.831026|   -8.797346|   -8.777564|
|           0|         908|   -9.120862|   -8.833305|   -8.799601|   -8.779874|
|           0|         909|   -9.123142|   -8.835585|   -8.801856|   -8.782184|
|           0|         910|   -9.125423|   -8.837864|   -8.804111|   -8.784493|
|           0|         911|   -9.127703|   -8.840144|   -8.806367|   -8.786803|
|           0|         912|   -9.129984|   -8.842423|   -8.808622|   -8.789112|
|           0|         913|   -9.132264|   -8.844703|   -8.810878|   -8.791421|
|           0|         914|   -9.134545|   -8.846982|   -8.813134|   -8.793730|
|           0|         915|   -9.136825|   -8.849262|   -8.815389|   -8.796039|
|           0|         916|   -9.139106|   -8.851541|   -8.817645|   -8.798348|
|           0|         917|   -9.141386|   -8.853821|   -8.819901|   -8.800657|
|           0|         918|   -9.143666|   -8.856100|   -8.822158|   -8.802966|
|           0|         919|   -9.145947|   -8.858380|   -8.824414|   -8.805274|

------------------------ Global Error Analysis --------------------------
     RMS Error [P]: 2.452232e-01     |      Max Error [P]: 1.920613e+00
     RMS Error [U]: 6.103315e-04     |      Max Error [U]: 8.920937e-03
     RMS Error [V]: 5.535378e-04     |      Max Error [V]: 8.653000e-03
     RMS Error [W]: 4.302069e-04     |      Max Error [W]: 5.887348e-03
-------------------------------------------------------------------------

|           0|         920|   -9.148227|   -8.860659|   -8.826670|   -8.807583|
|           0|         921|   -9.150508|   -8.862939|   -8.828927|   -8.809891|
|           0|         922|   -9.152788|   -8.865218|   -8.831183|   -8.812199|
|           0|         923|   -9.155069|   -8.867498|   -8.833440|   -8.814507|
|           0|         924|   -9.157349|   -8.869777|   -8.835697|   -8.816815|
|           0|         925|   -9.159630|   -8.872056|   -8.837954|   -8.819123|
|           0|         926|   -9.161910|   -8.874336|   -8.840211|   -8.821431|
|           0|         927|   -9.164191|   -8.876615|   -8.842468|   -8.823739|
|           0|         928|   -9.166471|   -8.878895|   -8.844725|   -8.826046|
|           0|         929|   -9.168752|   -8.881174|   -8.846982|   -8.828354|
|           0|         930|   -9.171032|   -8.883454|   -8.849240|   -8.830661|
|           0|         931|   -9.173313|   -8.885733|   -8.851497|   -8.832968|
|           0|         932|   -9.175593|   -8.888012|   -8.853755|   -8.835276|
|           0|         933|   -9.177874|   -8.890292|   -8.856013|   -8.837583|
|           0|         934|   -9.180154|   -8.892571|   -8.858270|   -8.839890|
|           0|         935|   -9.182435|   -8.894851|   -8.860528|   -8.842196|
|           0|         936|   -9.184715|   -8.897130|   -8.862786|   -8.844503|
|           0|         937|   -9.186996|   -8.899410|   -8.865044|   -8.846810|
|           0|         938|   -9.189277|   -8.901689|   -8.867303|   -8.849116|
|           0|         939|   -9.191557|   -8.903968|   -8.869561|   -8.851423|
|           0|         940|   -9.193838|   -8.906248|   -8.871819|   -8.853729|
|           0|         941|   -9.196118|   -8.908527|   -8.874078|   -8.856036|
|           0|         942|   -9.198399|   -8.910806|   -8.876336|   -8.858342|
|           0|         943|   -9.200679|   -8.913086|   -8.878595|   -8.860648|
|           0|         944|   -9.202960|   -8.915365|   -8.880854|   -8.862954|
|           0|         945|   -9.205240|   -8.917645|   -8.883113|   -8.865260|
|           0|         946|   -9.207521|   -8.919924|   -8.885372|   -8.867565|
|           0|         947|   -9.209802|   -8.922203|   -8.887631|   -8.869871|
|           0|         948|   -9.212082|   -8.924483|   -8.889890|   -8.872177|
|           0|         949|   -9.214363|   -8.926762|   -8.892149|   -8.874482|
|           0|         950|   -9.216643|   -8.929041|   -8.894409|   -8.876788|
|           0|         951|   -9.218924|   -8.931321|   -8.896668|   -8.879093|
|           0|         952|   -9.221205|   -8.933600|   -8.898928|   -8.881398|
|           0|         953|   -9.223485|   -8.935879|   -8.901187|   -8.883703|
|           0|         954|   -9.225766|   -8.938159|   -8.903447|   -8.886008|
|           0|         955|   -9.228047|   -8.940438|   -8.905707|   -8.888313|
|           0|         956|   -9.230327|   -8.942717|   -8.907967|   -8.890618|
|           0|         957|   -9.232608|   -8.944997|   -8.910227|   -8.892923|
|           0|         958|   -9.234888|   -8.947276|   -8.912487|   -8.895227|
|           0|         959|   -9.237169|   -8.949555|   -8.914747|   -8.897532|

------------------------ Global Error Analysis --------------------------
     RMS Error [P]: 2.452236e-01     |      Max Error [P]: 1.920617e+00
     RMS Error [U]: 6.103316e-04     |      Max Error [U]: 8.920937e-03
     RMS Error [V]: 5.535378e-04     |      Max Error [V]: 8.653000e-03
     RMS Error [W]: 4.302068e-04     |      Max Error [W]: 5.887347e-03
-------------------------------------------------------------------------

|           0|         960|   -9.239450|   -8.951835|   -8.917007|   -8.899836|
|           0|         961|   -9.241730|   -8.954114|   -8.919267|   -8.902141|
|           0|         962|   -9.244011|   -8.956393|   -8.921528|   -8.904445|
|           0|         963|   -9.246292|   -8.958672|   -8.923788|   -8.906749|
|           0|         964|   -9.248572|   -8.960952|   -8.926049|   -8.909053|
|           0|         965|   -9.250853|   -8.963231|   -8.928310|   -8.911357|
|           0|         966|   -9.253134|   -8.965510|   -8.930571|   -8.913661|
|           0|         967|   -9.255414|   -8.967790|   -8.932831|   -8.915965|
|           0|         968|   -9.257695|   -8.970069|   -8.935092|   -8.918269|
|           0|         969|   -9.259976|   -8.972348|   -8.937353|   -8.920573|
|           0|         970|   -9.262256|   -8.974627|   -8.939615|   -8.922876|
|           0|         971|   -9.264537|   -8.976907|   -8.941876|   -8.925180|
|           0|         972|   -9.266818|   -8.979186|   -8.944137|   -8.927483|
|           0|         973|   -9.269099|   -8.981465|   -8.946399|   -8.929787|
|           0|         974|   -9.271379|   -8.983745|   -8.948660|   -8.932090|
|           0|         975|   -9.273660|   -8.986024|   -8.950922|   -8.934393|
|           0|         976|   -9.275941|   -8.988303|   -8.953183|   -8.936696|
|           0|         977|   -9.278222|   -8.990582|   -8.955445|   -8.938999|
|           0|         978|   -9.280502|   -8.992862|   -8.957707|   -8.941302|
|           0|         979|   -9.282783|   -8.995141|   -8.959969|   -8.943605|
|           0|         980|   -9.285064|   -8.997420|   -8.962231|   -8.945908|
|           0|         981|   -9.287344|   -8.999699|   -8.964493|   -8.948210|
|           0|         982|   -9.289625|   -9.001979|   -8.966755|   -8.950513|
|           0|         983|   -9.291906|   -9.004258|   -8.969017|   -8.952815|
|           0|         984|   -9.294187|   -9.006537|   -8.971279|   -8.955118|
|           0|         985|   -9.296468|   -9.008816|   -8.973542|   -8.957420|
|           0|         986|   -9.298748|   -9.011096|   -8.975804|   -8.959722|
|           0|         987|   -9.301029|   -9.013375|   -8.978067|   -8.962025|
|           0|         988|   -9.303310|   -9.015654|   -8.980329|   -8.964327|
|           0|         989|   -9.305591|   -9.017933|   -8.982592|   -8.966629|
|           0|         990|   -9.307871|   -9.020212|   -8.984855|   -8.968931|
|           0|         991|   -9.310152|   -9.022492|   -8.987118|   -8.971233|
|           0|         992|   -9.312433|   -9.024771|   -8.989381|   -8.973534|
|           0|         993|   -9.314714|   -9.027050|   -8.991644|   -8.975836|
|           0|         994|   -9.316995|   -9.029329|   -8.993907|   -8.978138|
|           0|         995|   -9.319276|   -9.031609|   -8.996170|   -8.980439|
|           0|         996|   -9.321556|   -9.033888|   -8.998433|   -8.982741|
|           0|         997|   -9.323837|   -9.036167|   -9.000696|   -8.985042|
|           0|         998|   -9.326118|   -9.038446|   -9.002960|   -8.987344|
|           0|         999|   -9.328399|   -9.040725|   -9.005223|   -8.989645|

------------------------ Global Error Analysis --------------------------
     RMS Error [P]: 2.452240e-01     |      Max Error [P]: 1.920620e+00
     RMS Error [U]: 6.103317e-04     |      Max Error [U]: 8.920938e-03
     RMS Error [V]: 5.535378e-04     |      Max Error [V]: 8.653000e-03
     RMS Error [W]: 4.302067e-04     |      Max Error [W]: 5.887347e-03
-------------------------------------------------------------------------

|           0|        1000|   -9.330680|   -9.043005|   -9.007487|   -8.991946|
|           0|        1001|   -9.332961|   -9.045284|   -9.009750|   -8.994247|
|           0|        1002|   -9.335241|   -9.047563|   -9.012014|   -8.996548|
|           0|        1003|   -9.337522|   -9.049842|   -9.014278|   -8.998849|
|           0|        1004|   -9.339803|   -9.052121|   -9.016542|   -9.001150|
|           0|        1005|   -9.342084|   -9.054401|   -9.018805|   -9.003451|
|           0|        1006|   -9.344365|   -9.056680|   -9.021069|   -9.005752|
|           0|        1007|   -9.346646|   -9.058959|   -9.023334|   -9.008052|
|           0|        1008|   -9.348927|   -9.061238|   -9.025598|   -9.010353|
|           0|        1009|   -9.351207|   -9.063517|   -9.027862|   -9.012653|
|           0|        1010|   -9.353488|   -9.065796|   -9.030126|   -9.014954|
|           0|        1011|   -9.355769|   -9.068076|   -9.032390|   -9.017254|
|           0|        1012|   -9.358050|   -9.070355|   -9.034655|   -9.019555|
|           0|        1013|   -9.360331|   -9.072634|   -9.036919|   -9.021855|
|           0|        1014|   -9.362612|   -9.074913|   -9.039184|   -9.024155|
|           0|        1015|   -9.364893|   -9.077192|   -9.041448|   -9.026455|
|           0|        1016|   -9.367174|   -9.079471|   -9.043713|   -9.028755|
|           0|        1017|   -9.369455|   -9.081751|   -9.045978|   -9.031055|
|           0|        1018|   -9.371736|   -9.084030|   -9.048243|   -9.033355|
|           0|        1019|   -9.374017|   -9.086309|   -9.050508|   -9.035655|
|           0|        1020|   -9.376298|   -9.088588|   -9.052773|   -9.037955|
|           0|        1021|   -9.378578|   -9.090867|   -9.055038|   -9.040254|
|           0|        1022|   -9.380859|   -9.093146|   -9.057303|   -9.042554|
|           0|        1023|   -9.383140|   -9.095425|   -9.059568|   -9.044854|
|           0|        1024|   -9.385421|   -9.097705|   -9.061833|   -9.047153|
|           0|        1025|   -9.387702|   -9.099984|   -9.064098|   -9.049453|
|           0|        1026|   -9.389983|   -9.102263|   -9.066364|   -9.051752|
|           0|        1027|   -9.392264|   -9.104542|   -9.068629|   -9.054051|
|           0|        1028|   -9.394545|   -9.106821|   -9.070895|   -9.056350|
|           0|        1029|   -9.396826|   -9.109100|   -9.073160|   -9.058650|
|           0|        1030|   -9.399107|   -9.111379|   -9.075426|   -9.060949|
|           0|        1031|   -9.401388|   -9.113659|   -9.077692|   -9.063248|
|           0|        1032|   -9.403669|   -9.115938|   -9.079957|   -9.065547|
|           0|        1033|   -9.405950|   -9.118217|   -9.082223|   -9.067846|
|           0|        1034|   -9.408231|   -9.120496|   -9.084489|   -9.070145|
|           0|        1035|   -9.410512|   -9.122775|   -9.086755|   -9.072443|
|           0|        1036|   -9.412793|   -9.125054|   -9.089021|   -9.074742|
|           0|        1037|   -9.415074|   -9.127333|   -9.091287|   -9.077041|
|           0|        1038|   -9.417355|   -9.129612|   -9.093553|   -9.079339|
|           0|        1039|   -9.419636|   -9.131892|   -9.095820|   -9.081638|

------------------------ Global Error Analysis --------------------------
     RMS Error [P]: 2.452243e-01     |      Max Error [P]: 1.920623e+00
     RMS Error [U]: 6.103318e-04     |      Max Error [U]: 8.920938e-03
     RMS Error [V]: 5.535378e-04     |      Max Error [V]: 8.653000e-03
     RMS Error [W]: 4.302067e-04     |      Max Error [W]: 5.887347e-03
-------------------------------------------------------------------------

|           0|        1040|   -9.421917|   -9.134171|   -9.098086|   -9.083936|
|           0|        1041|   -9.424198|   -9.136450|   -9.100352|   -9.086235|
|           0|        1042|   -9.426479|   -9.138729|   -9.102619|   -9.088533|
|           0|        1043|   -9.428760|   -9.141008|   -9.104885|   -9.090831|
|           0|        1044|   -9.431041|   -9.143287|   -9.107152|   -9.093130|
|           0|        1045|   -9.433322|   -9.145566|   -9.109418|   -9.095428|
|           0|        1046|   -9.435603|   -9.147845|   -9.111685|   -9.097726|
|           0|        1047|   -9.437884|   -9.150124|   -9.113952|   -9.100024|
|           0|        1048|   -9.440166|   -9.152403|   -9.116218|   -9.102322|
|           0|        1049|   -9.442447|   -9.154683|   -9.118485|   -9.104620|
|           0|        1050|   -9.444728|   -9.156962|   -9.120752|   -9.106918|
|           0|        1051|   -9.447009|   -9.159241|   -9.123019|   -9.109215|
|           0|        1052|   -9.449290|   -9.161520|   -9.125286|   -9.111513|
|           0|        1053|   -9.451571|   -9.163799|   -9.127553|   -9.113811|
|           0|        1054|   -9.453852|   -9.166078|   -9.129820|   -9.116108|
|           0|        1055|   -9.456133|   -9.168357|   -9.132087|   -9.118406|
|           0|        1056|   -9.458414|   -9.170636|   -9.134355|   -9.120704|
|           0|        1057|   -9.460695|   -9.172915|   -9.136622|   -9.123001|
|           0|        1058|   -9.462976|   -9.175194|   -9.138889|   -9.125298|
|           0|        1059|   -9.465257|   -9.177473|   -9.141157|   -9.127596|
|           0|        1060|   -9.467539|   -9.179752|   -9.143424|   -9.129893|
|           0|        1061|   -9.469820|   -9.182032|   -9.145692|   -9.132190|
|           0|        1062|   -9.472101|   -9.184311|   -9.147959|   -9.134487|
|           0|        1063|   -9.474382|   -9.186590|   -9.150227|   -9.136785|
|           0|        1064|   -9.476663|   -9.188869|   -9.152495|   -9.139082|
|           0|        1065|   -9.478944|   -9.191148|   -9.154762|   -9.141379|
|           0|        1066|   -9.481225|   -9.193427|   -9.157030|   -9.143676|
|           0|        1067|   -9.483506|   -9.195706|   -9.159298|   -9.145972|
|           0|        1068|   -9.485788|   -9.197985|   -9.161566|   -9.148269|
|           0|        1069|   -9.488069|   -9.200264|   -9.163834|   -9.150566|
|           0|        1070|   -9.490350|   -9.202543|   -9.166102|   -9.152863|
|           0|        1071|   -9.492631|   -9.204822|   -9.168370|   -9.155159|
|           0|        1072|   -9.494912|   -9.207101|   -9.170638|   -9.157456|
|           0|        1073|   -9.497193|   -9.209380|   -9.172906|   -9.159753|
|           0|        1074|   -9.499474|   -9.211659|   -9.175175|   -9.162049|
|           0|        1075|   -9.501756|   -9.213938|   -9.177443|   -9.164346|
|           0|        1076|   -9.504037|   -9.216217|   -9.179711|   -9.166642|
|           0|        1077|   -9.506318|   -9.218496|   -9.181980|   -9.168938|
|           0|        1078|   -9.508599|   -9.220776|   -9.184248|   -9.171235|
|           0|        1079|   -9.510880|   -9.223055|   -9.186517|   -9.173531|

------------------------ Global Error Analysis --------------------------
     RMS Error [P]: 2.452246e-01     |      Max Error [P]: 1.920625e+00
     RMS Error [U]: 6.103318e-04     |      Max Error [U]: 8.920939e-03
     RMS Error [V]: 5.535378e-04     |      Max Error [V]: 8.653000e-03
     RMS Error [W]: 4.302067e-04     |      Max Error [W]: 5.887347e-03
-------------------------------------------------------------------------

|           0|        1080|   -9.513161|   -9.225334|   -9.188785|   -9.175827|
|           0|        1081|   -9.515443|   -9.227613|   -9.191054|   -9.178123|
|           0|        1082|   -9.517724|   -9.229892|   -9.193322|   -9.180419|
|           0|        1083|   -9.520005|   -9.232171|   -9.195591|   -9.182715|
|           0|        1084|   -9.522286|   -9.234450|   -9.197860|   -9.185011|
|           0|        1085|   -9.524567|   -9.236729|   -9.200129|   -9.187307|
|           0|        1086|   -9.526849|   -9.239008|   -9.202398|   -9.189603|
|           0|        1087|   -9.529130|   -9.241287|   -9.204666|   -9.191899|
|           0|        1088|   -9.531411|   -9.243566|   -9.206935|   -9.194195|
|           0|        1089|   -9.533692|   -9.245845|   -9.209204|   -9.196491|
|           0|        1090|   -9.535974|   -9.248124|   -9.211474|   -9.198786|
|           0|        1091|   -9.538255|   -9.250403|   -9.213743|   -9.201082|
|           0|        1092|   -9.540536|   -9.252682|   -9.216012|   -9.203377|
|           0|        1093|   -9.542817|   -9.254961|   -9.218281|   -9.205673|
|           0|        1094|   -9.545098|   -9.257240|   -9.220550|   -9.207968|
|           0|        1095|   -9.547380|   -9.259519|   -9.222820|   -9.210264|
|           0|        1096|   -9.549661|   -9.261798|   -9.225089|   -9.212559|
|           0|        1097|   -9.551942|   -9.264077|   -9.227358|   -9.214855|
|           0|        1098|   -9.554223|   -9.266356|   -9.229628|   -9.217150|
|           0|        1099|   -9.556505|   -9.268635|   -9.231897|   -9.219445|
|           0|        1100|   -9.558786|   -9.270914|   -9.234167|   -9.221740|
|           0|        1101|   -9.561067|   -9.273193|   -9.236437|   -9.224036|
|           0|        1102|   -9.563348|   -9.275472|   -9.238706|   -9.226331|
|           0|        1103|   -9.565630|   -9.277751|   -9.240976|   -9.228626|
|           0|        1104|   -9.567911|   -9.280030|   -9.243246|   -9.230921|
|           0|        1105|   -9.570192|   -9.282309|   -9.245515|   -9.233216|
|           0|        1106|   -9.572474|   -9.284588|   -9.247785|   -9.235511|
|           0|        1107|   -9.574755|   -9.286867|   -9.250055|   -9.237806|
|           0|        1108|   -9.577036|   -9.289146|   -9.252325|   -9.240100|
|           0|        1109|   -9.579317|   -9.291425|   -9.254595|   -9.242395|
|           0|        1110|   -9.581599|   -9.293704|   -9.256865|   -9.244690|
|           0|        1111|   -9.583880|   -9.295983|   -9.259135|   -9.246985|
|           0|        1112|   -9.586161|   -9.298262|   -9.261405|   -9.249279|
|           0|        1113|   -9.588443|   -9.300541|   -9.263676|   -9.251574|
|           0|        1114|   -9.590724|   -9.302820|   -9.265946|   -9.253868|
|           0|        1115|   -9.593005|   -9.305099|   -9.268216|   -9.256163|
|           0|        1116|   -9.595286|   -9.307378|   -9.270486|   -9.258457|
|           0|        1117|   -9.597568|   -9.309657|   -9.272757|   -9.260752|
|           0|        1118|   -9.599849|   -9.311936|   -9.275027|   -9.263046|
|           0|        1119|   -9.602130|   -9.314215|   -9.277297|   -9.265340|

------------------------ Global Error Analysis --------------------------
     RMS Error [P]: 2.452248e-01     |      Max Error [P]: 1.920626e+00
     RMS Error [U]: 6.103319e-04     |      Max Error [U]: 8.920939e-03
     RMS Error [V]: 5.535378e-04     |      Max Error [V]: 8.653000e-03
     RMS Error [W]: 4.302066e-04     |      Max Error [W]: 5.887347e-03
-------------------------------------------------------------------------

|           0|        1120|   -9.604412|   -9.316494|   -9.279568|   -9.267635|
|           0|        1121|   -9.606693|   -9.318773|   -9.281838|   -9.269929|
|           0|        1122|   -9.608974|   -9.321052|   -9.284109|   -9.272223|
|           0|        1123|   -9.611256|   -9.323331|   -9.286380|   -9.274517|
|           0|        1124|   -9.613537|   -9.325610|   -9.288650|   -9.276811|
|           0|        1125|   -9.615818|   -9.327889|   -9.290921|   -9.279106|
|           0|        1126|   -9.618100|   -9.330168|   -9.293192|   -9.281400|
|           0|        1127|   -9.620381|   -9.332447|   -9.295462|   -9.283694|
|           0|        1128|   -9.622662|   -9.334726|   -9.297733|   -9.285988|
|           0|        1129|   -9.624944|   -9.337005|   -9.300004|   -9.288281|
|           0|        1130|   -9.627225|   -9.339284|   -9.302275|   -9.290575|
|           0|        1131|   -9.629506|   -9.341562|   -9.304546|   -9.292869|
|           0|        1132|   -9.631788|   -9.343841|   -9.306817|   -9.295163|
|           0|        1133|   -9.634069|   -9.346120|   -9.309088|   -9.297457|
|           0|        1134|   -9.636350|   -9.348399|   -9.311359|   -9.299750|
|           0|        1135|   -9.638632|   -9.350678|   -9.313630|   -9.302044|
|           0|        1136|   -9.640913|   -9.352957|   -9.315901|   -9.304338|
|           0|        1137|   -9.643195|   -9.355236|   -9.318172|   -9.306631|
|           0|        1138|   -9.645476|   -9.357515|   -9.320444|   -9.308925|
|           0|        1139|   -9.647757|   -9.359794|   -9.322715|   -9.311218|
|           0|        1140|   -9.650039|   -9.362073|   -9.324986|   -9.313512|
|           0|        1141|   -9.652320|   -9.364352|   -9.327258|   -9.315805|
|           0|        1142|   -9.654601|   -9.366631|   -9.329529|   -9.318098|
|           0|        1143|   -9.656883|   -9.368910|   -9.331800|   -9.320392|
|           0|        1144|   -9.659164|   -9.371189|   -9.334072|   -9.322685|
|           0|        1145|   -9.661446|   -9.373468|   -9.336343|   -9.324978|
|           0|        1146|   -9.663727|   -9.375747|   -9.338615|   -9.327272|
|           0|        1147|   -9.666008|   -9.378026|   -9.340886|   -9.329565|
|           0|        1148|   -9.668290|   -9.380305|   -9.343158|   -9.331858|
|           0|        1149|   -9.670571|   -9.382583|   -9.345430|   -9.334151|
|           0|        1150|   -9.672853|   -9.384862|   -9.347701|   -9.336444|
|           0|        1151|   -9.675134|   -9.387141|   -9.349973|   -9.338737|
|           0|        1152|   -9.677415|   -9.389420|   -9.352245|   -9.341030|
|           0|        1153|   -9.679697|   -9.391699|   -9.354517|   -9.343323|
|           0|        1154|   -9.681978|   -9.393978|   -9.356789|   -9.345616|
|           0|        1155|   -9.684260|   -9.396257|   -9.359060|   -9.347909|
|           0|        1156|   -9.686541|   -9.398536|   -9.361332|   -9.350202|
|           0|        1157|   -9.688822|   -9.400815|   -9.363604|   -9.352494|
|           0|        1158|   -9.691104|   -9.403094|   -9.365876|   -9.354787|
|           0|        1159|   -9.693385|   -9.405373|   -9.368148|   -9.357080|

------------------------ Global Error Analysis --------------------------
     RMS Error [P]: 2.452250e-01     |      Max Error [P]: 1.920628e+00
     RMS Error [U]: 6.103319e-04     |      Max Error [U]: 8.920939e-03
     RMS Error [V]: 5.535378e-04     |      Max Error [V]: 8.653000e-03
     RMS Error [W]: 4.302066e-04     |      Max Error [W]: 5.887347e-03
-------------------------------------------------------------------------

|           0|        1160|   -9.695667|   -9.407652|   -9.370420|   -9.359373|
|           0|        1161|   -9.697948|   -9.409930|   -9.372692|   -9.361665|
|           0|        1162|   -9.700230|   -9.412209|   -9.374965|   -9.363958|
|           0|        1163|   -9.702511|   -9.414488|   -9.377237|   -9.366250|
|           0|        1164|   -9.704792|   -9.416767|   -9.379509|   -9.368543|
|           0|        1165|   -9.707074|   -9.419046|   -9.381781|   -9.370836|
|           0|        1166|   -9.709355|   -9.421325|   -9.384053|   -9.373128|
|           0|        1167|   -9.711637|   -9.423604|   -9.386326|   -9.375420|
|           0|        1168|   -9.713918|   -9.425883|   -9.388598|   -9.377713|
|           0|        1169|   -9.716200|   -9.428162|   -9.390871|   -9.380005|
|           0|        1170|   -9.718481|   -9.430441|   -9.393143|   -9.382298|
|           0|        1171|   -9.720763|   -9.432720|   -9.395415|   -9.384590|
|           0|        1172|   -9.723044|   -9.434998|   -9.397688|   -9.386882|
|           0|        1173|   -9.725325|   -9.437277|   -9.399960|   -9.389174|
|           0|        1174|   -9.727607|   -9.439556|   -9.402233|   -9.391466|
|           0|        1175|   -9.729888|   -9.441835|   -9.404506|   -9.393759|
|           0|        1176|   -9.732170|   -9.444114|   -9.406778|   -9.396051|
|           0|        1177|   -9.734451|   -9.446393|   -9.409051|   -9.398343|
|           0|        1178|   -9.736733|   -9.448672|   -9.411323|   -9.400635|
|           0|        1179|   -9.739014|   -9.450951|   -9.413596|   -9.402927|
|           0|        1180|   -9.741296|   -9.453230|   -9.415869|   -9.405219|
|           0|        1181|   -9.743577|   -9.455508|   -9.418142|   -9.407511|
|           0|        1182|   -9.745859|   -9.457787|   -9.420415|   -9.409803|
|           0|        1183|   -9.748140|   -9.460066|   -9.422687|   -9.412095|
|           0|        1184|   -9.750422|   -9.462345|   -9.424960|   -9.414387|
|           0|        1185|   -9.752703|   -9.464624|   -9.427233|   -9.416678|
|           0|        1186|   -9.754985|   -9.466903|   -9.429506|   -9.418970|
|           0|        1187|   -9.757266|   -9.469182|   -9.431779|   -9.421262|
|           0|        1188|   -9.759548|   -9.471461|   -9.434052|   -9.423554|
|           0|        1189|   -9.761829|   -9.473739|   -9.436325|   -9.425845|
|           0|        1190|   -9.764110|   -9.476018|   -9.438598|   -9.428137|
|           0|        1191|   -9.766392|   -9.478297|   -9.440871|   -9.430429|
|           0|        1192|   -9.768673|   -9.480576|   -9.443145|   -9.432720|
|           0|        1193|   -9.770955|   -9.482855|   -9.445418|   -9.435012|
|           0|        1194|   -9.773236|   -9.485134|   -9.447691|   -9.437303|
|           0|        1195|   -9.775518|   -9.487413|   -9.449964|   -9.439595|
|           0|        1196|   -9.777799|   -9.489691|   -9.452237|   -9.441886|
|           0|        1197|   -9.780081|   -9.491970|   -9.454511|   -9.444178|
|           0|        1198|   -9.782362|   -9.494249|   -9.456784|   -9.446469|
|           0|        1199|   -9.784644|   -9.496528|   -9.459057|   -9.448760|

------------------------ Global Error Analysis --------------------------
     RMS Error [P]: 2.452251e-01     |      Max Error [P]: 1.920629e+00
     RMS Error [U]: 6.103320e-04     |      Max Error [U]: 8.920939e-03
     RMS Error [V]: 5.535378e-04     |      Max Error [V]: 8.653000e-03
     RMS Error [W]: 4.302066e-04     |      Max Error [W]: 5.887347e-03
-------------------------------------------------------------------------

|           0|        1200|   -9.786925|   -9.498807|   -9.461331|   -9.451052|
|           0|        1201|   -9.789207|   -9.501086|   -9.463604|   -9.453343|
|           0|        1202|   -9.791489|   -9.503365|   -9.465878|   -9.455634|
|           0|        1203|   -9.793770|   -9.505643|   -9.468151|   -9.457926|
|           0|        1204|   -9.796052|   -9.507922|   -9.470425|   -9.460217|
|           0|        1205|   -9.798333|   -9.510201|   -9.472698|   -9.462508|
|           0|        1206|   -9.800615|   -9.512480|   -9.474972|   -9.464799|
|           0|        1207|   -9.802896|   -9.514759|   -9.477245|   -9.467090|
|           0|        1208|   -9.805178|   -9.517038|   -9.479519|   -9.469381|
|           0|        1209|   -9.807459|   -9.519316|   -9.481793|   -9.471672|
|           0|        1210|   -9.809741|   -9.521595|   -9.484066|   -9.473963|
|           0|        1211|   -9.812022|   -9.523874|   -9.486340|   -9.476254|
|           0|        1212|   -9.814304|   -9.526153|   -9.488614|   -9.478545|
|           0|        1213|   -9.816585|   -9.528432|   -9.490887|   -9.480836|
|           0|        1214|   -9.818867|   -9.530711|   -9.493161|   -9.483127|
|           0|        1215|   -9.821148|   -9.532989|   -9.495435|   -9.485418|
|           0|        1216|   -9.823430|   -9.535268|   -9.497709|   -9.487709|
|           0|        1217|   -9.825711|   -9.537547|   -9.499983|   -9.490000|
|           0|        1218|   -9.827993|   -9.539826|   -9.502257|   -9.492291|
|           0|        1219|   -9.830274|   -9.542105|   -9.504531|   -9.494581|
|           0|        1220|   -9.832556|   -9.544384|   -9.506805|   -9.496872|
|           0|        1221|   -9.834838|   -9.546662|   -9.509079|   -9.499163|
|           0|        1222|   -9.837119|   -9.548941|   -9.511353|   -9.501454|
|           0|        1223|   -9.839401|   -9.551220|   -9.513627|   -9.503744|
|           0|        1224|   -9.841682|   -9.553499|   -9.515901|   -9.506035|
|           0|        1225|   -9.843964|   -9.555778|   -9.518175|   -9.508325|
|           0|        1226|   -9.846245|   -9.558056|   -9.520449|   -9.510616|
|           0|        1227|   -9.848527|   -9.560335|   -9.522723|   -9.512907|
|           0|        1228|   -9.850808|   -9.562614|   -9.524997|   -9.515197|
|           0|        1229|   -9.853090|   -9.564893|   -9.527271|   -9.517488|
|           0|        1230|   -9.855371|   -9.567172|   -9.529546|   -9.519778|
|           0|        1231|   -9.857653|   -9.569450|   -9.531820|   -9.522068|
|           0|        1232|   -9.859935|   -9.571729|   -9.534094|   -9.524359|
|           0|        1233|   -9.862216|   -9.574008|   -9.536368|   -9.526649|
|           0|        1234|   -9.864498|   -9.576287|   -9.538643|   -9.528940|
|           0|        1235|   -9.866779|   -9.578566|   -9.540917|   -9.531230|
|           0|        1236|   -9.869061|   -9.580844|   -9.543191|   -9.533520|
|           0|        1237|   -9.871342|   -9.583123|   -9.545466|   -9.535811|
|           0|        1238|   -9.873624|   -9.585402|   -9.547740|   -9.538101|
|           0|        1239|   -9.875905|   -9.587681|   -9.550015|   -9.540391|

------------------------ Global Error Analysis --------------------------
     RMS Error [P]: 2.452252e-01     |      Max Error [P]: 1.920630e+00
     RMS Error [U]: 6.103320e-04     |      Max Error [U]: 8.920939e-03
     RMS Error [V]: 5.535378e-04     |      Max Error [V]: 8.653000e-03
     RMS Error [W]: 4.302066e-04     |      Max Error [W]: 5.887347e-03
-------------------------------------------------------------------------

|           0|        1240|   -9.878187|   -9.589960|   -9.552289|   -9.542681|
|           0|        1241|   -9.880469|   -9.592238|   -9.554564|   -9.544971|
|           0|        1242|   -9.882750|   -9.594517|   -9.556838|   -9.547261|
|           0|        1243|   -9.885032|   -9.596796|   -9.559113|   -9.549552|
|           0|        1244|   -9.887313|   -9.599075|   -9.561387|   -9.551842|
|           0|        1245|   -9.889595|   -9.601354|   -9.563662|   -9.554132|
|           0|        1246|   -9.891876|   -9.603632|   -9.565937|   -9.556422|
|           0|        1247|   -9.894158|   -9.605911|   -9.568211|   -9.558712|
|           0|        1248|   -9.896440|   -9.608190|   -9.570486|   -9.561002|
|           0|        1249|   -9.898721|   -9.610469|   -9.572761|   -9.563292|
|           0|        1250|   -9.901003|   -9.612747|   -9.575035|   -9.565582|
|           0|        1251|   -9.903284|   -9.615026|   -9.577310|   -9.567872|
|           0|        1252|   -9.905566|   -9.617305|   -9.579585|   -9.570161|
|           0|        1253|   -9.907847|   -9.619584|   -9.581860|   -9.572451|
|           0|        1254|   -9.910129|   -9.621862|   -9.584135|   -9.574741|
|           0|        1255|   -9.912411|   -9.624141|   -9.586409|   -9.577031|
|           0|        1256|   -9.914692|   -9.626420|   -9.588684|   -9.579321|
|           0|        1257|   -9.916974|   -9.628699|   -9.590959|   -9.581611|
|           0|        1258|   -9.919255|   -9.630978|   -9.593234|   -9.583900|
|           0|        1259|   -9.921537|   -9.633256|   -9.595509|   -9.586190|
|           0|        1260|   -9.923819|   -9.635535|   -9.597784|   -9.588480|
|           0|        1261|   -9.926100|   -9.637814|   -9.600059|   -9.590769|
|           0|        1262|   -9.928382|   -9.640093|   -9.602334|   -9.593059|
|           0|        1263|   -9.930663|   -9.642371|   -9.604609|   -9.595349|
|           0|        1264|   -9.932945|   -9.644650|   -9.606884|   -9.597638|
|           0|        1265|   -9.935226|   -9.646929|   -9.609159|   -9.599928|
|           0|        1266|   -9.937508|   -9.649208|   -9.611434|   -9.602217|
|           0|        1267|   -9.939790|   -9.651486|   -9.613709|   -9.604507|
|           0|        1268|   -9.942071|   -9.653765|   -9.615984|   -9.606796|
|           0|        1269|   -9.944353|   -9.656044|   -9.618259|   -9.609086|
|           0|        1270|   -9.946634|   -9.658323|   -9.620535|   -9.611375|
|           0|        1271|   -9.948916|   -9.660601|   -9.622810|   -9.613665|
|           0|        1272|   -9.951198|   -9.662880|   -9.625085|   -9.615954|
|           0|        1273|   -9.953479|   -9.665159|   -9.627360|   -9.618243|
|           0|        1274|   -9.955761|   -9.667437|   -9.629636|   -9.620533|
|           0|        1275|   -9.958042|   -9.669716|   -9.631911|   -9.622822|
|           0|        1276|   -9.960324|   -9.671995|   -9.634186|   -9.625111|
|           0|        1277|   -9.962606|   -9.674274|   -9.636461|   -9.627401|
|           0|        1278|   -9.964887|   -9.676552|   -9.638737|   -9.629690|
|           0|        1279|   -9.967169|   -9.678831|   -9.641012|   -9.631979|

------------------------ Global Error Analysis --------------------------
     RMS Error [P]: 2.452253e-01     |      Max Error [P]: 1.920630e+00
     RMS Error [U]: 6.103320e-04     |      Max Error [U]: 8.920940e-03
     RMS Error [V]: 5.535378e-04     |      Max Error [V]: 8.653000e-03
     RMS Error [W]: 4.302066e-04     |      Max Error [W]: 5.887347e-03
-------------------------------------------------------------------------

|           0|        1280|   -9.969450|   -9.681110|   -9.643288|   -9.634268|
|           0|        1281|   -9.971732|   -9.683389|   -9.645563|   -9.636558|
|           0|        1282|   -9.974014|   -9.685667|   -9.647838|   -9.638847|
|           0|        1283|   -9.976295|   -9.687946|   -9.650114|   -9.641136|
|           0|        1284|   -9.978577|   -9.690225|   -9.652389|   -9.643425|
|           0|        1285|   -9.980858|   -9.692503|   -9.654665|   -9.645714|
|           0|        1286|   -9.983140|   -9.694782|   -9.656940|   -9.648003|
|           0|        1287|   -9.985422|   -9.697061|   -9.659216|   -9.650292|
|           0|        1288|   -9.987703|   -9.699340|   -9.661491|   -9.652581|
|           0|        1289|   -9.989985|   -9.701618|   -9.663767|   -9.654870|
|           0|        1290|   -9.992266|   -9.703897|   -9.666043|   -9.657159|
|           0|        1291|   -9.994548|   -9.706176|   -9.668318|   -9.659448|
|           0|        1292|   -9.996830|   -9.708454|   -9.670594|   -9.661737|
|           0|        1293|   -9.999111|   -9.710733|   -9.672869|   -9.664026|
|           0|        1294|  -10.001393|   -9.713012|   -9.675145|   -9.666315|
|           0|        1295|  -10.003674|   -9.715291|   -9.677421|   -9.668604|
|           0|        1296|  -10.005956|   -9.717569|   -9.679696|   -9.670893|
|           0|        1297|  -10.008238|   -9.719848|   -9.681972|   -9.673182|
|           0|        1298|  -10.010519|   -9.722127|   -9.684248|   -9.675471|
|           0|        1299|  -10.012801|   -9.724405|   -9.686524|   -9.677759|
|           0|        1300|  -10.015082|   -9.726684|   -9.688799|   -9.680048|
|           0|        1301|  -10.017364|   -9.728963|   -9.691075|   -9.682337|
|           0|        1302|  -10.019646|   -9.731241|   -9.693351|   -9.684626|
|           0|        1303|  -10.021927|   -9.733520|   -9.695627|   -9.686915|
|           0|        1304|  -10.024209|   -9.735799|   -9.697903|   -9.689203|
|           0|        1305|  -10.026490|   -9.738077|   -9.700179|   -9.691492|
|           0|        1306|  -10.028772|   -9.740356|   -9.702455|   -9.693781|
|           0|        1307|  -10.031054|   -9.742635|   -9.704730|   -9.696069|
|           0|        1308|  -10.033335|   -9.744913|   -9.707006|   -9.698358|
|           0|        1309|  -10.035617|   -9.747192|   -9.709282|   -9.700646|
|           0|        1310|  -10.037899|   -9.749471|   -9.711558|   -9.702935|
|           0|        1311|  -10.040180|   -9.751749|   -9.713834|   -9.705224|
|           0|        1312|  -10.042462|   -9.754028|   -9.716110|   -9.707512|
|           0|        1313|  -10.044743|   -9.756307|   -9.718386|   -9.709801|
|           0|        1314|  -10.047025|   -9.758585|   -9.720662|   -9.712089|
|           0|        1315|  -10.049307|   -9.760864|   -9.722938|   -9.714378|
|           0|        1316|  -10.051588|   -9.763143|   -9.725214|   -9.716666|
|           0|        1317|  -10.053870|   -9.765421|   -9.727490|   -9.718955|
|           0|        1318|  -10.056151|   -9.767700|   -9.729767|   -9.721243|
|           0|        1319|  -10.058433|   -9.769979|   -9.732043|   -9.723531|

------------------------ Global Error Analysis --------------------------
     RMS Error [P]: 2.452254e-01     |      Max Error [P]: 1.920631e+00
     RMS Error [U]: 6.103320e-04     |      Max Error [U]: 8.920940e-03
     RMS Error [V]: 5.535378e-04     |      Max Error [V]: 8.653000e-03
     RMS Error [W]: 4.302066e-04     |      Max Error [W]: 5.887347e-03
-------------------------------------------------------------------------

|           0|        1320|  -10.060715|   -9.772257|   -9.734319|   -9.725820|
|           0|        1321|  -10.062996|   -9.774536|   -9.736595|   -9.728108|
|           0|        1322|  -10.065278|   -9.776815|   -9.738871|   -9.730397|
|           0|        1323|  -10.067560|   -9.779093|   -9.741147|   -9.732685|
|           0|        1324|  -10.069841|   -9.781372|   -9.743423|   -9.734973|
|           0|        1325|  -10.072123|   -9.783651|   -9.745700|   -9.737262|
|           0|        1326|  -10.074404|   -9.785929|   -9.747976|   -9.739550|
|           0|        1327|  -10.076686|   -9.788208|   -9.750252|   -9.741838|
|           0|        1328|  -10.078968|   -9.790487|   -9.752528|   -9.744126|
|           0|        1329|  -10.081249|   -9.792765|   -9.754805|   -9.746415|
|           0|        1330|  -10.083531|   -9.795044|   -9.757081|   -9.748703|
|           0|        1331|  -10.085812|   -9.797323|   -9.759357|   -9.750991|
|           0|        1332|  -10.088094|   -9.799601|   -9.761634|   -9.753279|
|           0|        1333|  -10.090376|   -9.801880|   -9.763910|   -9.755567|
|           0|        1334|  -10.092657|   -9.804158|   -9.766186|   -9.757855|
|           0|        1335|  -10.094939|   -9.806437|   -9.768463|   -9.760143|
|           0|        1336|  -10.097221|   -9.808716|   -9.770739|   -9.762432|
|           0|        1337|  -10.099502|   -9.810994|   -9.773016|   -9.764720|
|           0|        1338|  -10.101784|   -9.813273|   -9.775292|   -9.767008|
|           0|        1339|  -10.104065|   -9.815552|   -9.777568|   -9.769296|
|           0|        1340|  -10.106347|   -9.817830|   -9.779845|   -9.771584|
|           0|        1341|  -10.108629|   -9.820109|   -9.782121|   -9.773872|
|           0|        1342|  -10.110910|   -9.822387|   -9.784398|   -9.776160|
|           0|        1343|  -10.113192|   -9.824666|   -9.786674|   -9.778448|
|           0|        1344|  -10.115473|   -9.826945|   -9.788951|   -9.780736|
|           0|        1345|  -10.117755|   -9.829223|   -9.791227|   -9.783024|
|           0|        1346|  -10.120037|   -9.831502|   -9.793504|   -9.785312|
|           0|        1347|  -10.122318|   -9.833781|   -9.795780|   -9.787599|
|           0|        1348|  -10.124600|   -9.836059|   -9.798057|   -9.789887|
|           0|        1349|  -10.126882|   -9.838338|   -9.800334|   -9.792175|
|           0|        1350|  -10.129163|   -9.840616|   -9.802610|   -9.794463|
|           0|        1351|  -10.131445|   -9.842895|   -9.804887|   -9.796751|
|           0|        1352|  -10.133726|   -9.845174|   -9.807163|   -9.799039|
|           0|        1353|  -10.136008|   -9.847452|   -9.809440|   -9.801326|
|           0|        1354|  -10.138290|   -9.849731|   -9.811717|   -9.803614|
|           0|        1355|  -10.140571|   -9.852009|   -9.813993|   -9.805902|
|           0|        1356|  -10.142853|   -9.854288|   -9.816270|   -9.808190|
|           0|        1357|  -10.145134|   -9.856567|   -9.818547|   -9.810477|
|           0|        1358|  -10.147416|   -9.858845|   -9.820824|   -9.812765|
|           0|        1359|  -10.149698|   -9.861124|   -9.823100|   -9.815053|

------------------------ Global Error Analysis --------------------------
     RMS Error [P]: 2.452254e-01     |      Max Error [P]: 1.920631e+00
     RMS Error [U]: 6.103321e-04     |      Max Error [U]: 8.920940e-03
     RMS Error [V]: 5.535378e-04     |      Max Error [V]: 8.653000e-03
     RMS Error [W]: 4.302066e-04     |      Max Error [W]: 5.887347e-03
-------------------------------------------------------------------------

|           0|        1360|  -10.151979|   -9.863402|   -9.825377|   -9.817341|
|           0|        1361|  -10.154261|   -9.865681|   -9.827654|   -9.819628|
|           0|        1362|  -10.156543|   -9.867959|   -9.829931|   -9.821916|
|           0|        1363|  -10.158824|   -9.870238|   -9.832207|   -9.824204|
|           0|        1364|  -10.161106|   -9.872517|   -9.834484|   -9.826491|
|           0|        1365|  -10.163387|   -9.874795|   -9.836761|   -9.828779|
|           0|        1366|  -10.165669|   -9.877074|   -9.839038|   -9.831066|
|           0|        1367|  -10.167951|   -9.879352|   -9.841315|   -9.833354|
|           0|        1368|  -10.170232|   -9.881631|   -9.843591|   -9.835641|
|           0|        1369|  -10.172514|   -9.883909|   -9.845868|   -9.837929|
|           0|        1370|  -10.174795|   -9.886188|   -9.848145|   -9.840216|
|           0|        1371|  -10.177077|   -9.888467|   -9.850422|   -9.842504|
|           0|        1372|  -10.179359|   -9.890745|   -9.852699|   -9.844791|
|           0|        1373|  -10.181640|   -9.893024|   -9.854976|   -9.847079|
|           0|        1374|  -10.183922|   -9.895302|   -9.857253|   -9.849366|
|           0|        1375|  -10.186203|   -9.897581|   -9.859530|   -9.851654|
|           0|        1376|  -10.188485|   -9.899859|   -9.861807|   -9.853941|
|           0|        1377|  -10.190767|   -9.902138|   -9.864084|   -9.856229|
|           0|        1378|  -10.193048|   -9.904417|   -9.866361|   -9.858516|
|           0|        1379|  -10.195330|   -9.906695|   -9.868638|   -9.860803|
|           0|        1380|  -10.197611|   -9.908974|   -9.870915|   -9.863091|
|           0|        1381|  -10.199893|   -9.911252|   -9.873192|   -9.865378|
|           0|        1382|  -10.202175|   -9.913531|   -9.875469|   -9.867666|
|           0|        1383|  -10.204456|   -9.915809|   -9.877746|   -9.869953|
|           0|        1384|  -10.206738|   -9.918088|   -9.880023|   -9.872240|
|           0|        1385|  -10.209020|   -9.920366|   -9.882300|   -9.874527|
|           0|        1386|  -10.211301|   -9.922645|   -9.884577|   -9.876815|
|           0|        1387|  -10.213583|   -9.924923|   -9.886854|   -9.879102|
|           0|        1388|  -10.215864|   -9.927202|   -9.889131|   -9.881389|
|           0|        1389|  -10.218146|   -9.929481|   -9.891408|   -9.883676|
|           0|        1390|  -10.220428|   -9.931759|   -9.893685|   -9.885964|
|           0|        1391|  -10.222709|   -9.934038|   -9.895963|   -9.888251|
|           0|        1392|  -10.224991|   -9.936316|   -9.898240|   -9.890538|
|           0|        1393|  -10.227272|   -9.938595|   -9.900517|   -9.892825|
|           0|        1394|  -10.229554|   -9.940873|   -9.902794|   -9.895112|
|           0|        1395|  -10.231836|   -9.943152|   -9.905071|   -9.897399|
|           0|        1396|  -10.234117|   -9.945430|   -9.907348|   -9.899687|
|           0|        1397|  -10.236399|   -9.947709|   -9.909626|   -9.901974|
|           0|        1398|  -10.238680|   -9.949987|   -9.911903|   -9.904261|
|           0|        1399|  -10.240962|   -9.952266|   -9.914180|   -9.906548|

------------------------ Global Error Analysis --------------------------
     RMS Error [P]: 2.452255e-01     |      Max Error [P]: 1.920632e+00
     RMS Error [U]: 6.103321e-04     |      Max Error [U]: 8.920940e-03
     RMS Error [V]: 5.535378e-04     |      Max Error [V]: 8.653000e-03
     RMS Error [W]: 4.302066e-04     |      Max Error [W]: 5.887347e-03
-------------------------------------------------------------------------

|           0|        1400|  -10.243244|   -9.954544|   -9.916457|   -9.908835|
|           0|        1401|  -10.245525|   -9.956823|   -9.918735|   -9.911122|
|           0|        1402|  -10.247807|   -9.959101|   -9.921012|   -9.913409|
|           0|        1403|  -10.250088|   -9.961380|   -9.923289|   -9.915696|
|           0|        1404|  -10.252370|   -9.963658|   -9.925566|   -9.917983|
|           0|        1405|  -10.254651|   -9.965937|   -9.927844|   -9.920270|
|           0|        1406|  -10.256933|   -9.968215|   -9.930121|   -9.922557|
|           0|        1407|  -10.259215|   -9.970494|   -9.932398|   -9.924844|
|           0|        1408|  -10.261496|   -9.972772|   -9.934676|   -9.927131|
|           0|        1409|  -10.263778|   -9.975051|   -9.936953|   -9.929418|
|           0|        1410|  -10.266059|   -9.977329|   -9.939230|   -9.931705|
|           0|        1411|  -10.268341|   -9.979608|   -9.941508|   -9.933992|
|           0|        1412|  -10.270623|   -9.981886|   -9.943785|   -9.936279|
|           0|        1413|  -10.272904|   -9.984165|   -9.946062|   -9.938566|
|           0|        1414|  -10.275186|   -9.986443|   -9.948340|   -9.940852|
|           0|        1415|  -10.277467|   -9.988722|   -9.950617|   -9.943139|
|           0|        1416|  -10.279749|   -9.991000|   -9.952895|   -9.945426|
|           0|        1417|  -10.282031|   -9.993279|   -9.955172|   -9.947713|
|           0|        1418|  -10.284312|   -9.995557|   -9.957450|   -9.950000|
|           0|        1419|  -10.286594|   -9.997836|   -9.959727|   -9.952287|
|           0|        1420|  -10.288875|  -10.000114|   -9.962004|   -9.954573|
|           0|        1421|  -10.291157|  -10.002393|   -9.964282|   -9.956860|
|           0|        1422|  -10.293438|  -10.004671|   -9.966559|   -9.959147|
|           0|        1423|  -10.295720|  -10.006950|   -9.968837|   -9.961434|
|           0|        1424|  -10.298002|  -10.009228|   -9.971114|   -9.963721|
|           0|        1425|  -10.300283|  -10.011507|   -9.973392|   -9.966007|
|           0|        1426|  -10.302565|  -10.013785|   -9.975669|   -9.968294|
|           0|        1427|  -10.304846|  -10.016064|   -9.977947|   -9.970581|
|           0|        1428|  -10.307128|  -10.018342|   -9.980224|   -9.972867|
|           0|        1429|  -10.309410|  -10.020621|   -9.982502|   -9.975154|
|           0|        1430|  -10.311691|  -10.022899|   -9.984780|   -9.977441|
|           0|        1431|  -10.313973|  -10.025177|   -9.987057|   -9.979727|
|           0|        1432|  -10.316254|  -10.027456|   -9.989335|   -9.982014|
|           0|        1433|  -10.318536|  -10.029734|   -9.991612|   -9.984301|
|           0|        1434|  -10.320817|  -10.032013|   -9.993890|   -9.986587|
|           0|        1435|  -10.323099|  -10.034291|   -9.996167|   -9.988874|
|           0|        1436|  -10.325381|  -10.036570|   -9.998445|   -9.991160|
|           0|        1437|  -10.327662|  -10.038848|  -10.000723|   -9.993447|
|           0|        1438|  -10.329944|  -10.041127|  -10.003000|   -9.995734|
|           0|        1439|  -10.332225|  -10.043405|  -10.005278|   -9.998020|

------------------------ Global Error Analysis --------------------------
     RMS Error [P]: 2.452255e-01     |      Max Error [P]: 1.920632e+00
     RMS Error [U]: 6.103321e-04     |      Max Error [U]: 8.920940e-03
     RMS Error [V]: 5.535378e-04     |      Max Error [V]: 8.653000e-03
     RMS Error [W]: 4.302066e-04     |      Max Error [W]: 5.887347e-03
-------------------------------------------------------------------------

|           0|        1440|  -10.334507|  -10.045683|  -10.007556|  -10.000307|
+-----------------------------------------------------------------------+
|        File Writing Summary       |              Filename             |
+-----------------------------------------------------------------------+
|SU2 ASCII restart                  |restart_00000.csv                  |
+-----------------------------------------------------------------------+
+-----------------------------------------------------------------------------+
|   Time_Iter|  Inner_Iter|      rms[P]|      rms[U]|      rms[V]|      rms[W]|
+-----------------------------------------------------------------------------+
|           1|           0|  -10.336788|   -2.336117|   -2.378394|   -2.487679|

------------------------ Global Error Analysis --------------------------
     RMS Error [P]: 2.168463e-01     |      Max Error [P]: 1.736113e+00
     RMS Error [U]: 1.053427e-03     |      Max Error [U]: 1.368359e-02
     RMS Error [V]: 9.578776e-04     |      Max Error [V]: 1.351193e-02
     RMS Error [W]: 7.544855e-04     |      Max Error [W]: 9.422092e-03
-------------------------------------------------------------------------

|           1|           1|   -4.723188|   -4.472595|   -4.520142|   -4.654067|
|           1|           2|   -4.785164|   -4.467338|   -4.528781|   -4.681839|
|           1|           3|   -4.849271|   -4.539630|   -4.601384|   -4.755333|
|           1|           4|   -4.910400|   -4.611594|   -4.674835|   -4.830312|
|           1|           5|   -4.969119|   -4.678937|   -4.743574|   -4.900398|
|           1|           6|   -5.025836|   -4.743129|   -4.808989|   -4.966830|
|           1|           7|   -5.080824|   -4.804769|   -4.871673|   -5.030194|
|           1|           8|   -5.134272|   -4.864133|   -4.931904|   -5.090808|
|           1|           9|   -5.186320|   -4.921373|   -4.989843|   -5.148887|
|           1|          10|   -5.237078|   -4.976581|   -5.045593|   -5.204590|
|           1|          11|   -5.286633|   -5.029823|   -5.099230|   -5.258041|
|           1|          12|   -5.335057|   -5.081150|   -5.150816|   -5.309346|
|           1|          13|   -5.382411|   -5.130609|   -5.200409|   -5.358600|
|           1|          14|   -5.428750|   -5.178250|   -5.248073|   -5.405894|
|           1|          15|   -5.474119|   -5.224128|   -5.293874|   -5.451320|
|           1|          16|   -5.518561|   -5.268303|   -5.337887|   -5.494969|
|           1|          17|   -5.562113|   -5.310842|   -5.380194|   -5.536937|
|           1|          18|   -5.604811|   -5.351818|   -5.420884|   -5.577322|
|           1|          19|   -5.646684|   -5.391309|   -5.460049|   -5.616223|
|           1|          20|   -5.687761|   -5.429394|   -5.497786|   -5.653741|
|           1|          21|   -5.728068|   -5.466156|   -5.534189|   -5.689976|
|           1|          22|   -5.767627|   -5.501675|   -5.569354|   -5.725024|
|           1|          23|   -5.806458|   -5.536029|   -5.603371|   -5.758979|
|           1|          24|   -5.844576|   -5.569293|   -5.636327|   -5.791929|
|           1|          25|   -5.881996|   -5.601535|   -5.668301|   -5.823955|
|           1|          26|   -5.918727|   -5.632818|   -5.699367|   -5.855134|
|           1|          27|   -5.954777|   -5.663199|   -5.729589|   -5.885533|
|           1|          28|   -5.990149|   -5.692728|   -5.759025|   -5.915213|
|           1|          29|   -6.024843|   -5.721448|   -5.787725|   -5.944229|
|           1|          30|   -6.058857|   -5.749395|   -5.815732|   -5.972627|
|           1|          31|   -6.092185|   -5.776600|   -5.843083|   -6.000448|
|           1|          32|   -6.124820|   -5.803086|   -5.869807|   -6.027727|
|           1|          33|   -6.156749|   -5.828874|   -5.895929|   -6.054494|
|           1|          34|   -6.187960|   -5.853980|   -5.921469|   -6.080774|
|           1|          35|   -6.218438|   -5.878415|   -5.946442|   -6.106586|
|           1|          36|   -6.248169|   -5.902188|   -5.970860|   -6.131949|
|           1|          37|   -6.277135|   -5.925308|   -5.994734|   -6.156876|
|           1|          38|   -6.305321|   -5.947778|   -6.018071|   -6.181378|
|           1|          39|   -6.332711|   -5.969606|   -6.040877|   -6.205466|

------------------------ Global Error Analysis --------------------------
     RMS Error [P]: 8.736326e-02     |      Max Error [P]: 8.880419e-01
     RMS Error [U]: 8.434087e-04     |      Max Error [U]: 1.298172e-02
     RMS Error [V]: 7.682493e-04     |      Max Error [V]: 1.286913e-02
     RMS Error [W]: 5.945989e-04     |      Max Error [W]: 9.088121e-03
-------------------------------------------------------------------------

|           1|          40|   -6.359293|   -5.990796|   -6.063157|   -6.229146|
|           1|          41|   -6.385053|   -6.011353|   -6.084916|   -6.252424|
|           1|          42|   -6.409984|   -6.031284|   -6.106160|   -6.275307|
|           1|          43|   -6.434080|   -6.050597|   -6.126892|   -6.297797|
|           1|          44|   -6.457339|   -6.069300|   -6.147120|   -6.319899|
|           1|          45|   -6.479764|   -6.087406|   -6.166850|   -6.341616|
|           1|          46|   -6.501362|   -6.104925|   -6.186089|   -6.362950|
|           1|          47|   -6.522143|   -6.121873|   -6.204846|   -6.383904|
|           1|          48|   -6.542124|   -6.138266|   -6.223132|   -6.404480|
|           1|          49|   -6.561323|   -6.154121|   -6.240957|   -6.424681|
|           1|          50|   -6.579764|   -6.169457|   -6.258333|   -6.444507|
|           1|          51|   -6.597474|   -6.184294|   -6.275274|   -6.463962|
|           1|          52|   -6.614482|   -6.198653|   -6.291794|   -6.483045|
|           1|          53|   -6.630821|   -6.212557|   -6.307907|   -6.501757|
|           1|          54|   -6.646523|   -6.226026|   -6.323628|   -6.520101|
|           1|          55|   -6.661623|   -6.239085|   -6.338974|   -6.538075|
|           1|          56|   -6.676157|   -6.251754|   -6.353961|   -6.555679|
|           1|          57|   -6.690159|   -6.264057|   -6.368605|   -6.572914|
|           1|          58|   -6.703665|   -6.276014|   -6.382921|   -6.589776|
|           1|          59|   -6.716709|   -6.287648|   -6.396927|   -6.606265|
|           1|          60|   -6.729323|   -6.298979|   -6.410638|   -6.622379|
|           1|          61|   -6.741540|   -6.310026|   -6.424069|   -6.638114|
|           1|          62|   -6.753389|   -6.320808|   -6.437236|   -6.653466|
|           1|          63|   -6.764899|   -6.331343|   -6.450152|   -6.668432|
|           1|          64|   -6.776097|   -6.341649|   -6.462833|   -6.683007|
|           1|          65|   -6.787006|   -6.351740|   -6.475291|   -6.697187|
|           1|          66|   -6.797651|   -6.361631|   -6.487538|   -6.710967|
|           1|          67|   -6.808051|   -6.371337|   -6.499588|   -6.724340|
|           1|          68|   -6.818226|   -6.380871|   -6.511450|   -6.737303|
|           1|          69|   -6.828194|   -6.390243|   -6.523135|   -6.749849|
|           1|          70|   -6.837971|   -6.399466|   -6.534654|   -6.761975|
|           1|          71|   -6.847571|   -6.408550|   -6.546015|   -6.773674|
|           1|          72|   -6.857006|   -6.417503|   -6.557227|   -6.784945|
|           1|          73|   -6.866289|   -6.426334|   -6.568298|   -6.795782|
|           1|          74|   -6.875430|   -6.435052|   -6.579234|   -6.806185|
|           1|          75|   -6.884438|   -6.443662|   -6.590043|   -6.816151|
|           1|          76|   -6.893321|   -6.452173|   -6.600730|   -6.825681|
|           1|          77|   -6.902086|   -6.460589|   -6.611301|   -6.834775|
|           1|          78|   -6.910741|   -6.468916|   -6.621760|   -6.843436|
|           1|          79|   -6.919289|   -6.477159|   -6.632113|   -6.851667|

------------------------ Global Error Analysis --------------------------
     RMS Error [P]: 8.208384e-02     |      Max Error [P]: 8.155786e-01
     RMS Error [U]: 8.389791e-04     |      Max Error [U]: 1.296726e-02
     RMS Error [V]: 7.643618e-04     |      Max Error [V]: 1.285695e-02
     RMS Error [W]: 5.912997e-04     |      Max Error [W]: 9.089074e-03
-------------------------------------------------------------------------

|           1|          80|   -6.927737|   -6.485322|   -6.642364|   -6.859473|
|           1|          81|   -6.936088|   -6.493410|   -6.652515|   -6.866860|
|           1|          82|   -6.944346|   -6.501425|   -6.662571|   -6.873837|
|           1|          83|   -6.952514|   -6.509372|   -6.672533|   -6.880413|
|           1|          84|   -6.960595|   -6.517252|   -6.682406|   -6.886596|
|           1|          85|   -6.968592|   -6.525069|   -6.692190|   -6.892400|
|           1|          86|   -6.976505|   -6.532825|   -6.701888|   -6.897837|
|           1|          87|   -6.984338|   -6.540522|   -6.711502|   -6.902920|
|           1|          88|   -6.992090|   -6.548162|   -6.721032|   -6.907663|
|           1|          89|   -6.999764|   -6.555747|   -6.730481|   -6.912081|
|           1|          90|   -7.007360|   -6.563278|   -6.739849|   -6.916190|
|           1|          91|   -7.014880|   -6.570756|   -6.749136|   -6.920004|
|           1|          92|   -7.022322|   -6.578184|   -6.758345|   -6.923542|
|           1|          93|   -7.029690|   -6.585561|   -6.767475|   -6.926817|
|           1|          94|   -7.036981|   -6.592889|   -6.776526|   -6.929847|
|           1|          95|   -7.044198|   -6.600169|   -6.785499|   -6.932647|
|           1|          96|   -7.051340|   -6.607401|   -6.794394|   -6.935233|
|           1|          97|   -7.058407|   -6.614587|   -6.803210|   -6.937621|
|           1|          98|   -7.065400|   -6.621726|   -6.811949|   -6.939825|
|           1|          99|   -7.072319|   -6.628820|   -6.820610|   -6.941859|
|           1|         100|   -7.079163|   -6.635869|   -6.829192|   -6.943739|
|           1|         101|   -7.085934|   -6.642873|   -6.837696|   -6.945476|
|           1|         102|   -7.092630|   -6.649832|   -6.846121|   -6.947084|
|           1|         103|   -7.099253|   -6.656748|   -6.854466|   -6.948575|
|           1|         104|   -7.105803|   -6.663620|   -6.862733|   -6.949961|
|           1|         105|   -7.112279|   -6.670449|   -6.870919|   -6.951253|
|           1|         106|   -7.118682|   -6.677235|   -6.879025|   -6.952460|
|           1|         107|   -7.125012|   -6.683979|   -6.887050|   -6.953592|
|           1|         108|   -7.131269|   -6.690679|   -6.894995|   -6.954659|
|           1|         109|   -7.137454|   -6.697338|   -6.902857|   -6.955669|
|           1|         110|   -7.143568|   -6.703954|   -6.910639|   -6.956630|
|           1|         111|   -7.149609|   -6.710528|   -6.918337|   -6.957548|
|           1|         112|   -7.155580|   -6.717061|   -6.925954|   -6.958432|
|           1|         113|   -7.161480|   -6.723552|   -6.933487|   -6.959287|
|           1|         114|   -7.167310|   -6.730001|   -6.940938|   -6.960118|
|           1|         115|   -7.173071|   -6.736409|   -6.948305|   -6.960932|
|           1|         116|   -7.178763|   -6.742776|   -6.955588|   -6.961733|
|           1|         117|   -7.184386|   -6.749102|   -6.962788|   -6.962525|
|           1|         118|   -7.189942|   -6.755387|   -6.969903|   -6.963314|
|           1|         119|   -7.195432|   -6.761632|   -6.976935|   -6.964101|

------------------------ Global Error Analysis --------------------------
     RMS Error [P]: 8.143856e-02     |      Max Error [P]: 7.983802e-01
     RMS Error [U]: 8.386867e-04     |      Max Error [U]: 1.296537e-02
     RMS Error [V]: 7.641044e-04     |      Max Error [V]: 1.285521e-02
     RMS Error [W]: 5.910813e-04     |      Max Error [W]: 9.089134e-03
-------------------------------------------------------------------------

|           1|         120|   -7.200855|   -6.767836|   -6.983882|   -6.964892|
|           1|         121|   -7.206213|   -6.774000|   -6.990745|   -6.965688|
|           1|         122|   -7.211506|   -6.780123|   -6.997523|   -6.966494|
|           1|         123|   -7.216736|   -6.786207|   -7.004218|   -6.967310|
|           1|         124|   -7.221904|   -6.792250|   -7.010828|   -6.968140|
|           1|         125|   -7.227009|   -6.798254|   -7.017355|   -6.968986|
|           1|         126|   -7.232054|   -6.804218|   -7.023798|   -6.969850|
|           1|         127|   -7.237039|   -6.810143|   -7.030158|   -6.970732|
|           1|         128|   -7.241965|   -6.816029|   -7.036434|   -6.971635|
|           1|         129|   -7.246833|   -6.821876|   -7.042628|   -6.972560|
|           1|         130|   -7.251645|   -6.827684|   -7.048740|   -6.973508|
|           1|         131|   -7.256400|   -6.833454|   -7.054769|   -6.974481|
|           1|         132|   -7.261101|   -6.839185|   -7.060718|   -6.975478|
|           1|         133|   -7.265748|   -6.844878|   -7.066586|   -6.976500|
|           1|         134|   -7.270343|   -6.850533|   -7.072373|   -6.977549|
|           1|         135|   -7.274886|   -6.856150|   -7.078081|   -6.978625|
|           1|         136|   -7.279378|   -6.861730|   -7.083710|   -6.979728|
|           1|         137|   -7.283821|   -6.867273|   -7.089261|   -6.980859|
|           1|         138|   -7.288216|   -6.872778|   -7.094735|   -6.982017|
|           1|         139|   -7.292563|   -6.878247|   -7.100133|   -6.983204|
|           1|         140|   -7.296865|   -6.883679|   -7.105455|   -6.984419|
|           1|         141|   -7.301121|   -6.889075|   -7.110702|   -6.985662|
|           1|         142|   -7.305333|   -6.894435|   -7.115875|   -6.986933|
|           1|         143|   -7.309502|   -6.899759|   -7.120975|   -6.988233|
|           1|         144|   -7.313629|   -6.905047|   -7.126004|   -6.989561|
|           1|         145|   -7.317715|   -6.910301|   -7.130962|   -6.990917|
|           1|         146|   -7.321762|   -6.915519|   -7.135850|   -6.992301|
|           1|         147|   -7.325769|   -6.920703|   -7.140669|   -6.993713|
|           1|         148|   -7.329738|   -6.925852|   -7.145421|   -6.995153|
|           1|         149|   -7.333671|   -6.930967|   -7.150106|   -6.996620|
|           1|         150|   -7.337568|   -6.936048|   -7.154726|   -6.998114|
|           1|         151|   -7.341429|   -6.941095|   -7.159281|   -6.999635|
|           1|         152|   -7.345257|   -6.946110|   -7.163773|   -7.001183|
|           1|         153|   -7.349051|   -6.951091|   -7.168203|   -7.002757|
|           1|         154|   -7.352814|   -6.956040|   -7.172573|   -7.004357|
|           1|         155|   -7.356544|   -6.960956|   -7.176882|   -7.005983|
|           1|         156|   -7.360245|   -6.965840|   -7.181133|   -7.007634|
|           1|         157|   -7.363916|   -6.970692|   -7.185327|   -7.009310|
|           1|         158|   -7.367558|   -6.975513|   -7.189465|   -7.011011|
|           1|         159|   -7.371172|   -6.980302|   -7.193547|   -7.012736|

------------------------ Global Error Analysis --------------------------
     RMS Error [P]: 8.126823e-02     |      Max Error [P]: 7.925281e-01
     RMS Error [U]: 8.386280e-04     |      Max Error [U]: 1.296483e-02
     RMS Error [V]: 7.640557e-04     |      Max Error [V]: 1.285469e-02
     RMS Error [W]: 5.910433e-04     |      Max Error [W]: 9.089128e-03
-------------------------------------------------------------------------

|           1|         160|   -7.374759|   -6.985061|   -7.197576|   -7.014484|
|           1|         161|   -7.378320|   -6.989789|   -7.201552|   -7.016257|
|           1|         162|   -7.381855|   -6.994487|   -7.205476|   -7.018052|
|           1|         163|   -7.385365|   -6.999155|   -7.209350|   -7.019870|
|           1|         164|   -7.388851|   -7.003793|   -7.213175|   -7.021711|
|           1|         165|   -7.392314|   -7.008402|   -7.216952|   -7.023574|
|           1|         166|   -7.395754|   -7.012981|   -7.220681|   -7.025458|
|           1|         167|   -7.399171|   -7.017532|   -7.224365|   -7.027364|
|           1|         168|   -7.402568|   -7.022055|   -7.228004|   -7.029290|
|           1|         169|   -7.405943|   -7.026549|   -7.231600|   -7.031237|
|           1|         170|   -7.409299|   -7.031016|   -7.235153|   -7.033204|
|           1|         171|   -7.412634|   -7.035455|   -7.238664|   -7.035191|
|           1|         172|   -7.415951|   -7.039866|   -7.242135|   -7.037197|
|           1|         173|   -7.419250|   -7.044251|   -7.245566|   -7.039222|
|           1|         174|   -7.422530|   -7.048610|   -7.248959|   -7.041266|
|           1|         175|   -7.425793|   -7.052941|   -7.252314|   -7.043328|
|           1|         176|   -7.429039|   -7.057247|   -7.255633|   -7.045408|
|           1|         177|   -7.432269|   -7.061528|   -7.258916|   -7.047505|
|           1|         178|   -7.435483|   -7.065782|   -7.262164|   -7.049620|
|           1|         179|   -7.438682|   -7.070012|   -7.265379|   -7.051752|
|           1|         180|   -7.441865|   -7.074217|   -7.268561|   -7.053900|
|           1|         181|   -7.445035|   -7.078397|   -7.271712|   -7.056064|
|           1|         182|   -7.448190|   -7.082554|   -7.274831|   -7.058244|
|           1|         183|   -7.451331|   -7.086686|   -7.277919|   -7.060439|
|           1|         184|   -7.454459|   -7.090794|   -7.280979|   -7.062650|
|           1|         185|   -7.457574|   -7.094880|   -7.284010|   -7.064876|
|           1|         186|   -7.460677|   -7.098942|   -7.287013|   -7.067116|
|           1|         187|   -7.463767|   -7.102981|   -7.289989|   -7.069370|
|           1|         188|   -7.466846|   -7.106998|   -7.292939|   -7.071638|
|           1|         189|   -7.469913|   -7.110992|   -7.295863|   -7.073920|
|           1|         190|   -7.472969|   -7.114965|   -7.298762|   -7.076215|
|           1|         191|   -7.476014|   -7.118916|   -7.301638|   -7.078523|
|           1|         192|   -7.479048|   -7.122846|   -7.304489|   -7.080844|
|           1|         193|   -7.482072|   -7.126754|   -7.307318|   -7.083178|
|           1|         194|   -7.485086|   -7.130641|   -7.310125|   -7.085523|
|           1|         195|   -7.488091|   -7.134508|   -7.312910|   -7.087880|
|           1|         196|   -7.491086|   -7.138355|   -7.315675|   -7.090249|
|           1|         197|   -7.494072|   -7.142181|   -7.318419|   -7.092630|
|           1|         198|   -7.497048|   -7.145988|   -7.321143|   -7.095021|
|           1|         199|   -7.500016|   -7.149775|   -7.323848|   -7.097423|

------------------------ Global Error Analysis --------------------------
     RMS Error [P]: 8.120085e-02     |      Max Error [P]: 7.902916e-01
     RMS Error [U]: 8.386044e-04     |      Max Error [U]: 1.296461e-02
     RMS Error [V]: 7.640390e-04     |      Max Error [V]: 1.285449e-02
     RMS Error [W]: 5.910341e-04     |      Max Error [W]: 9.089116e-03
-------------------------------------------------------------------------

|           1|         200|   -7.502976|   -7.153543|   -7.326535|   -7.099836|
|           1|         201|   -7.505927|   -7.157291|   -7.329203|   -7.102259|
|           1|         202|   -7.508870|   -7.161021|   -7.331854|   -7.104692|
|           1|         203|   -7.511805|   -7.164733|   -7.334487|   -7.107135|
|           1|         204|   -7.514733|   -7.168425|   -7.337104|   -7.109587|
|           1|         205|   -7.517653|   -7.172100|   -7.339705|   -7.112049|
|           1|         206|   -7.520565|   -7.175757|   -7.342290|   -7.114520|
|           1|         207|   -7.523471|   -7.179397|   -7.344860|   -7.117000|
|           1|         208|   -7.526369|   -7.183018|   -7.347415|   -7.119489|
|           1|         209|   -7.529261|   -7.186623|   -7.349955|   -7.121986|
|           1|         210|   -7.532145|   -7.190211|   -7.352482|   -7.124491|
|           1|         211|   -7.535024|   -7.193782|   -7.354995|   -7.127004|
|           1|         212|   -7.537896|   -7.197337|   -7.357495|   -7.129526|
|           1|         213|   -7.540761|   -7.200875|   -7.359982|   -7.132054|
|           1|         214|   -7.543621|   -7.204397|   -7.362456|   -7.134591|
|           1|         215|   -7.546475|   -7.207904|   -7.364919|   -7.137134|
|           1|         216|   -7.549322|   -7.211394|   -7.367369|   -7.139685|
|           1|         217|   -7.552164|   -7.214870|   -7.369808|   -7.142242|
|           1|         218|   -7.555001|   -7.218330|   -7.372236|   -7.144807|
|           1|         219|   -7.557831|   -7.221775|   -7.374653|   -7.147377|
|           1|         220|   -7.560657|   -7.225205|   -7.377060|   -7.149954|
|           1|         221|   -7.563477|   -7.228621|   -7.379456|   -7.152538|
|           1|         222|   -7.566292|   -7.232022|   -7.381842|   -7.155127|
|           1|         223|   -7.569101|   -7.235409|   -7.384219|   -7.157722|
|           1|         224|   -7.571906|   -7.238782|   -7.386586|   -7.160323|
|           1|         225|   -7.574706|   -7.242141|   -7.388944|   -7.162929|
|           1|         226|   -7.577500|   -7.245486|   -7.391293|   -7.165540|
|           1|         227|   -7.580291|   -7.248818|   -7.393634|   -7.168157|
|           1|         228|   -7.583076|   -7.252137|   -7.395966|   -7.170779|
|           1|         229|   -7.585857|   -7.255442|   -7.398289|   -7.173406|
|           1|         230|   -7.588633|   -7.258735|   -7.400605|   -7.176037|
|           1|         231|   -7.591404|   -7.262014|   -7.402913|   -7.178673|
|           1|         232|   -7.594172|   -7.265281|   -7.405214|   -7.181314|
|           1|         233|   -7.596935|   -7.268536|   -7.407507|   -7.183959|
|           1|         234|   -7.599693|   -7.271778|   -7.409793|   -7.186608|
|           1|         235|   -7.602448|   -7.275009|   -7.412072|   -7.189261|
|           1|         236|   -7.605198|   -7.278227|   -7.414344|   -7.191918|
|           1|         237|   -7.607944|   -7.281434|   -7.416610|   -7.194579|
|           1|         238|   -7.610686|   -7.284629|   -7.418869|   -7.197244|
|           1|         239|   -7.613424|   -7.287812|   -7.421122|   -7.199912|

------------------------ Global Error Analysis --------------------------
     RMS Error [P]: 8.116797e-02     |      Max Error [P]: 7.893661e-01
     RMS Error [U]: 8.385921e-04     |      Max Error [U]: 1.296451e-02
     RMS Error [V]: 7.640321e-04     |      Max Error [V]: 1.285439e-02
     RMS Error [W]: 5.910329e-04     |      Max Error [W]: 9.089104e-03
-------------------------------------------------------------------------

|           1|         240|   -7.616158|   -7.290984|   -7.423369|   -7.202584|
|           1|         241|   -7.618889|   -7.294145|   -7.425609|   -7.205259|
|           1|         242|   -7.621615|   -7.297295|   -7.427845|   -7.207937|
|           1|         243|   -7.624338|   -7.300434|   -7.430074|   -7.210618|
|           1|         244|   -7.627056|   -7.303563|   -7.432298|   -7.213303|
|           1|         245|   -7.629771|   -7.306681|   -7.434517|   -7.215990|
|           1|         246|   -7.632483|   -7.309788|   -7.436730|   -7.218680|
|           1|         247|   -7.635191|   -7.312885|   -7.438939|   -7.221373|
|           1|         248|   -7.637895|   -7.315972|   -7.441142|   -7.224068|
|           1|         249|   -7.640595|   -7.319049|   -7.443341|   -7.226766|
|           1|         250|   -7.643292|   -7.322116|   -7.445535|   -7.229466|
|           1|         251|   -7.645986|   -7.325174|   -7.447724|   -7.232168|
|           1|         252|   -7.648676|   -7.328221|   -7.449909|   -7.234873|
|           1|         253|   -7.651363|   -7.331260|   -7.452090|   -7.237580|
|           1|         254|   -7.654046|   -7.334288|   -7.454266|   -7.240288|
|           1|         255|   -7.656726|   -7.337308|   -7.456438|   -7.242999|
|           1|         256|   -7.659403|   -7.340319|   -7.458607|   -7.245711|
|           1|         257|   -7.662076|   -7.343320|   -7.460771|   -7.248426|
|           1|         258|   -7.664747|   -7.346313|   -7.462932|   -7.251142|
|           1|         259|   -7.667414|   -7.349297|   -7.465089|   -7.253859|
|           1|         260|   -7.670077|   -7.352272|   -7.467242|   -7.256578|
|           1|         261|   -7.672738|   -7.355238|   -7.469392|   -7.259299|
|           1|         262|   -7.675395|   -7.358197|   -7.471538|   -7.262021|
|           1|         263|   -7.678050|   -7.361147|   -7.473681|   -7.264744|
|           1|         264|   -7.680701|   -7.364089|   -7.475821|   -7.267468|
|           1|         265|   -7.683349|   -7.367022|   -7.477958|   -7.270193|
|           1|         266|   -7.685994|   -7.369948|   -7.480091|   -7.272920|
|           1|         267|   -7.688636|   -7.372866|   -7.482222|   -7.275648|
|           1|         268|   -7.691275|   -7.375776|   -7.484349|   -7.278376|
|           1|         269|   -7.693911|   -7.378679|   -7.486474|   -7.281105|
|           1|         270|   -7.696544|   -7.381573|   -7.488596|   -7.283836|
|           1|         271|   -7.699174|   -7.384461|   -7.490715|   -7.286567|
|           1|         272|   -7.701802|   -7.387341|   -7.492832|   -7.289298|
|           1|         273|   -7.704426|   -7.390214|   -7.494946|   -7.292030|
|           1|         274|   -7.707048|   -7.393080|   -7.497057|   -7.294763|
|           1|         275|   -7.709666|   -7.395938|   -7.499167|   -7.297497|
|           1|         276|   -7.712282|   -7.398790|   -7.501273|   -7.300230|
|           1|         277|   -7.714895|   -7.401634|   -7.503378|   -7.302964|
|           1|         278|   -7.717506|   -7.404472|   -7.505480|   -7.305699|
|           1|         279|   -7.720113|   -7.407304|   -7.507580|   -7.308434|

------------------------ Global Error Analysis --------------------------
     RMS Error [P]: 8.114952e-02     |      Max Error [P]: 7.889428e-01
     RMS Error [U]: 8.385848e-04     |      Max Error [U]: 1.296445e-02
     RMS Error [V]: 7.640289e-04     |      Max Error [V]: 1.285435e-02
     RMS Error [W]: 5.910341e-04     |      Max Error [W]: 9.089093e-03
-------------------------------------------------------------------------

|           1|         280|   -7.722718|   -7.410128|   -7.509678|   -7.311169|
|           1|         281|   -7.725320|   -7.412946|   -7.511773|   -7.313904|
|           1|         282|   -7.727919|   -7.415758|   -7.513867|   -7.316639|
|           1|         283|   -7.730516|   -7.418563|   -7.515959|   -7.319375|
|           1|         284|   -7.733110|   -7.421362|   -7.518049|   -7.322110|
|           1|         285|   -7.735701|   -7.424155|   -7.520137|   -7.324846|
|           1|         286|   -7.738290|   -7.426941|   -7.522223|   -7.327581|
|           1|         287|   -7.740876|   -7.429722|   -7.524307|   -7.330316|
|           1|         288|   -7.743459|   -7.432497|   -7.526390|   -7.333052|
|           1|         289|   -7.746040|   -7.435265|   -7.528471|   -7.335787|
|           1|         290|   -7.748618|   -7.438028|   -7.530551|   -7.338522|
|           1|         291|   -7.751194|   -7.440786|   -7.532628|   -7.341256|
|           1|         292|   -7.753767|   -7.443537|   -7.534705|   -7.343990|
|           1|         293|   -7.756338|   -7.446283|   -7.536780|   -7.346724|
|           1|         294|   -7.758906|   -7.449024|   -7.538853|   -7.349458|
|           1|         295|   -7.761472|   -7.451759|   -7.540925|   -7.352191|
|           1|         296|   -7.764035|   -7.454488|   -7.542996|   -7.354924|
|           1|         297|   -7.766596|   -7.457213|   -7.545065|   -7.357656|
|           1|         298|   -7.769154|   -7.459932|   -7.547133|   -7.360388|
|           1|         299|   -7.771710|   -7.462646|   -7.549200|   -7.363119|
|           1|         300|   -7.774264|   -7.465355|   -7.551265|   -7.365849|
|           1|         301|   -7.776815|   -7.468058|   -7.553330|   -7.368579|
|           1|         302|   -7.779364|   -7.470757|   -7.555393|   -7.371309|
|           1|         303|   -7.781910|   -7.473451|   -7.557455|   -7.374037|
|           1|         304|   -7.784454|   -7.476140|   -7.559517|   -7.376765|
|           1|         305|   -7.786996|   -7.478825|   -7.561577|   -7.379493|
|           1|         306|   -7.789535|   -7.481504|   -7.563636|   -7.382219|
|           1|         307|   -7.792072|   -7.484179|   -7.565694|   -7.384945|
|           1|         308|   -7.794607|   -7.486849|   -7.567751|   -7.387670|
|           1|         309|   -7.797140|   -7.489515|   -7.569808|   -7.390394|
|           1|         310|   -7.799670|   -7.492176|   -7.571863|   -7.393117|
|           1|         311|   -7.802198|   -7.494833|   -7.573918|   -7.395840|
|           1|         312|   -7.804724|   -7.497486|   -7.575972|   -7.398561|
|           1|         313|   -7.807247|   -7.500134|   -7.578025|   -7.401281|
|           1|         314|   -7.809769|   -7.502778|   -7.580077|   -7.404001|
|           1|         315|   -7.812288|   -7.505418|   -7.582129|   -7.406720|
|           1|         316|   -7.814805|   -7.508053|   -7.584180|   -7.409437|
|           1|         317|   -7.817320|   -7.510684|   -7.586230|   -7.412154|
|           1|         318|   -7.819833|   -7.513312|   -7.588280|   -7.414869|
|           1|         319|   -7.822343|   -7.515935|   -7.590329|   -7.417584|

------------------------ Global Error Analysis --------------------------
     RMS Error [P]: 8.113808e-02     |      Max Error [P]: 7.887233e-01
     RMS Error [U]: 8.385800e-04     |      Max Error [U]: 1.296441e-02
     RMS Error [V]: 7.640272e-04     |      Max Error [V]: 1.285433e-02
     RMS Error [W]: 5.910357e-04     |      Max Error [W]: 9.089085e-03
-------------------------------------------------------------------------

|           1|         320|   -7.824852|   -7.518555|   -7.592378|   -7.420297|
|           1|         321|   -7.827358|   -7.521170|   -7.594425|   -7.423010|
|           1|         322|   -7.829863|   -7.523782|   -7.596473|   -7.425721|
|           1|         323|   -7.832365|   -7.526390|   -7.598520|   -7.428431|
|           1|         324|   -7.834865|   -7.528994|   -7.600566|   -7.431140|
|           1|         325|   -7.837364|   -7.531594|   -7.602612|   -7.433848|
|           1|         326|   -7.839860|   -7.534191|   -7.604658|   -7.436554|
|           1|         327|   -7.842354|   -7.536784|   -7.606703|   -7.439260|
|           1|         328|   -7.844846|   -7.539373|   -7.608747|   -7.441964|
|           1|         329|   -7.847336|   -7.541959|   -7.610792|   -7.444667|
|           1|         330|   -7.849825|   -7.544542|   -7.612836|   -7.447369|
|           1|         331|   -7.852311|   -7.547121|   -7.614879|   -7.450069|
|           1|         332|   -7.854795|   -7.549697|   -7.616923|   -7.452768|
|           1|         333|   -7.857278|   -7.552269|   -7.618966|   -7.455466|
|           1|         334|   -7.859758|   -7.554838|   -7.621008|   -7.458163|
|           1|         335|   -7.862237|   -7.557404|   -7.623051|   -7.460858|
|           1|         336|   -7.864713|   -7.559966|   -7.625093|   -7.463552|
|           1|         337|   -7.867188|   -7.562525|   -7.627135|   -7.466245|
|           1|         338|   -7.869661|   -7.565081|   -7.629177|   -7.468937|
|           1|         339|   -7.872132|   -7.567634|   -7.631219|   -7.471627|
|           1|         340|   -7.874601|   -7.570184|   -7.633260|   -7.474315|
|           1|         341|   -7.877069|   -7.572731|   -7.635302|   -7.477003|
|           1|         342|   -7.879535|   -7.575275|   -7.637343|   -7.479689|
|           1|         343|   -7.881998|   -7.577816|   -7.639384|   -7.482373|
|           1|         344|   -7.884461|   -7.580354|   -7.641425|   -7.485056|
|           1|         345|   -7.886921|   -7.582889|   -7.643466|   -7.487738|
|           1|         346|   -7.889379|   -7.585421|   -7.645507|   -7.490419|
|           1|         347|   -7.891836|   -7.587950|   -7.647548|   -7.493098|
|           1|         348|   -7.894291|   -7.590477|   -7.649589|   -7.495775|
|           1|         349|   -7.896745|   -7.593000|   -7.651630|   -7.498451|
|           1|         350|   -7.899196|   -7.595521|   -7.653671|   -7.501126|
|           1|         351|   -7.901646|   -7.598040|   -7.655711|   -7.503800|
|           1|         352|   -7.904095|   -7.600556|   -7.657752|   -7.506471|
|           1|         353|   -7.906541|   -7.603069|   -7.659793|   -7.509142|
|           1|         354|   -7.908986|   -7.605579|   -7.661834|   -7.511811|
|           1|         355|   -7.911429|   -7.608087|   -7.663875|   -7.514478|
|           1|         356|   -7.913871|   -7.610592|   -7.665916|   -7.517144|
|           1|         357|   -7.916311|   -7.613095|   -7.667958|   -7.519809|
|           1|         358|   -7.918750|   -7.615595|   -7.669999|   -7.522472|
|           1|         359|   -7.921187|   -7.618093|   -7.672040|   -7.525133|

------------------------ Global Error Analysis --------------------------
     RMS Error [P]: 8.113046e-02     |      Max Error [P]: 7.885937e-01
     RMS Error [U]: 8.385766e-04     |      Max Error [U]: 1.296439e-02
     RMS Error [V]: 7.640263e-04     |      Max Error [V]: 1.285431e-02
     RMS Error [W]: 5.910372e-04     |      Max Error [W]: 9.089078e-03
-------------------------------------------------------------------------

|           1|         360|   -7.923622|   -7.620589|   -7.674082|   -7.527793|
|           1|         361|   -7.926056|   -7.623082|   -7.676124|   -7.530452|
|           1|         362|   -7.928488|   -7.625573|   -7.678166|   -7.533109|
|           1|         363|   -7.930918|   -7.628061|   -7.680208|   -7.535765|
|           1|         364|   -7.933348|   -7.630547|   -7.682250|   -7.538419|
|           1|         365|   -7.935775|   -7.633031|   -7.684292|   -7.541072|
|           1|         366|   -7.938201|   -7.635512|   -7.686335|   -7.543723|
|           1|         367|   -7.940626|   -7.637992|   -7.688378|   -7.546372|
|           1|         368|   -7.943049|   -7.640469|   -7.690421|   -7.549020|
|           1|         369|   -7.945471|   -7.642944|   -7.692464|   -7.551667|
|           1|         370|   -7.947891|   -7.645417|   -7.694507|   -7.554312|
|           1|         371|   -7.950310|   -7.647887|   -7.696551|   -7.556956|
|           1|         372|   -7.952727|   -7.650356|   -7.698595|   -7.559598|
|           1|         373|   -7.955143|   -7.652822|   -7.700639|   -7.562238|
|           1|         374|   -7.957557|   -7.655287|   -7.702684|   -7.564877|
|           1|         375|   -7.959970|   -7.657749|   -7.704729|   -7.567515|
|           1|         376|   -7.962382|   -7.660210|   -7.706774|   -7.570151|
|           1|         377|   -7.964792|   -7.662668|   -7.708819|   -7.572785|
|           1|         378|   -7.967201|   -7.665125|   -7.710865|   -7.575418|
|           1|         379|   -7.969609|   -7.667579|   -7.712911|   -7.578050|
|           1|         380|   -7.972015|   -7.670032|   -7.714958|   -7.580680|
|           1|         381|   -7.974420|   -7.672483|   -7.717004|   -7.583308|
|           1|         382|   -7.976824|   -7.674931|   -7.719051|   -7.585935|
|           1|         383|   -7.979226|   -7.677378|   -7.721099|   -7.588561|
|           1|         384|   -7.981627|   -7.679824|   -7.723147|   -7.591185|
|           1|         385|   -7.984026|   -7.682267|   -7.725195|   -7.593807|
|           1|         386|   -7.986425|   -7.684709|   -7.727243|   -7.596428|
|           1|         387|   -7.988822|   -7.687149|   -7.729292|   -7.599047|
|           1|         388|   -7.991218|   -7.689587|   -7.731341|   -7.601665|
|           1|         389|   -7.993612|   -7.692023|   -7.733391|   -7.604281|
|           1|         390|   -7.996006|   -7.694458|   -7.735441|   -7.606896|
|           1|         391|   -7.998398|   -7.696891|   -7.737492|   -7.609509|
|           1|         392|   -8.000789|   -7.699322|   -7.739543|   -7.612121|
|           1|         393|   -8.003179|   -7.701752|   -7.741594|   -7.614732|
|           1|         394|   -8.005567|   -7.704180|   -7.743646|   -7.617340|
|           1|         395|   -8.007955|   -7.706606|   -7.745698|   -7.619948|
|           1|         396|   -8.010341|   -7.709031|   -7.747750|   -7.622554|
|           1|         397|   -8.012726|   -7.711454|   -7.749803|   -7.625158|
|           1|         398|   -8.015110|   -7.713876|   -7.751857|   -7.627761|
|           1|         399|   -8.017492|   -7.716296|   -7.753911|   -7.630362|

------------------------ Global Error Analysis --------------------------
     RMS Error [P]: 8.112514e-02     |      Max Error [P]: 7.885085e-01
     RMS Error [U]: 8.385742e-04     |      Max Error [U]: 1.296437e-02
     RMS Error [V]: 7.640258e-04     |      Max Error [V]: 1.285430e-02
     RMS Error [W]: 5.910384e-04     |      Max Error [W]: 9.089073e-03
-------------------------------------------------------------------------

|           1|         400|   -8.019874|   -7.718715|   -7.755965|   -7.632962|
|           1|         401|   -8.022254|   -7.721132|   -7.758020|   -7.635560|
|           1|         402|   -8.024634|   -7.723548|   -7.760076|   -7.638157|
|           1|         403|   -8.027012|   -7.725962|   -7.762131|   -7.640753|
|           1|         404|   -8.029389|   -7.728375|   -7.764188|   -7.643346|
|           1|         405|   -8.031765|   -7.730786|   -7.766244|   -7.645939|
|           1|         406|   -8.034140|   -7.733196|   -7.768302|   -7.648530|
|           1|         407|   -8.036514|   -7.735605|   -7.770359|   -7.651119|
|           1|         408|   -8.038887|   -7.738012|   -7.772418|   -7.653708|
|           1|         409|   -8.041259|   -7.740418|   -7.774476|   -7.656294|
|           1|         410|   -8.043630|   -7.742822|   -7.776536|   -7.658879|
|           1|         411|   -8.046000|   -7.745225|   -7.778595|   -7.661463|
|           1|         412|   -8.048368|   -7.747627|   -7.780656|   -7.664045|
|           1|         413|   -8.050736|   -7.750027|   -7.782716|   -7.666626|
|           1|         414|   -8.053103|   -7.752426|   -7.784778|   -7.669205|
|           1|         415|   -8.055468|   -7.754824|   -7.786839|   -7.671783|
|           1|         416|   -8.057833|   -7.757221|   -7.788902|   -7.674360|
|           1|         417|   -8.060197|   -7.759616|   -7.790965|   -7.676935|
|           1|         418|   -8.062560|   -7.762010|   -7.793028|   -7.679509|
|           1|         419|   -8.064922|   -7.764403|   -7.795092|   -7.682081|
|           1|         420|   -8.067283|   -7.766795|   -7.797156|   -7.684652|
|           1|         421|   -8.069643|   -7.769185|   -7.799221|   -7.687221|
|           1|         422|   -8.072002|   -7.771574|   -7.801287|   -7.689789|
|           1|         423|   -8.074360|   -7.773962|   -7.803353|   -7.692356|
|           1|         424|   -8.076717|   -7.776349|   -7.805420|   -7.694921|
|           1|         425|   -8.079073|   -7.778735|   -7.807487|   -7.697484|
|           1|         426|   -8.081429|   -7.781120|   -7.809555|   -7.700047|
|           1|         427|   -8.083783|   -7.783503|   -7.811623|   -7.702608|
|           1|         428|   -8.086137|   -7.785886|   -7.813692|   -7.705167|
|           1|         429|   -8.088489|   -7.788267|   -7.815761|   -7.707726|
|           1|         430|   -8.090841|   -7.790647|   -7.817831|   -7.710282|
|           1|         431|   -8.093192|   -7.793026|   -7.819902|   -7.712838|
|           1|         432|   -8.095543|   -7.795404|   -7.821973|   -7.715392|
|           1|         433|   -8.097892|   -7.797781|   -7.824044|   -7.717945|
|           1|         434|   -8.100240|   -7.800157|   -7.826117|   -7.720496|
|           1|         435|   -8.102588|   -7.802532|   -7.828190|   -7.723046|
|           1|         436|   -8.104935|   -7.804906|   -7.830263|   -7.725595|
|           1|         437|   -8.107281|   -7.807279|   -7.832337|   -7.728142|
|           1|         438|   -8.109626|   -7.809651|   -7.834411|   -7.730688|
|           1|         439|   -8.111971|   -7.812022|   -7.836487|   -7.733233|

------------------------ Global Error Analysis --------------------------
     RMS Error [P]: 8.112130e-02     |      Max Error [P]: 7.884485e-01
     RMS Error [U]: 8.385723e-04     |      Max Error [U]: 1.296436e-02
     RMS Error [V]: 7.640255e-04     |      Max Error [V]: 1.285429e-02
     RMS Error [W]: 5.910393e-04     |      Max Error [W]: 9.089069e-03
-------------------------------------------------------------------------

|           1|         440|   -8.114314|   -7.814392|   -7.838562|   -7.735776|
|           1|         441|   -8.116657|   -7.816761|   -7.840639|   -7.738318|
|           1|         442|   -8.118999|   -7.819129|   -7.842715|   -7.740859|
|           1|         443|   -8.121341|   -7.821496|   -7.844793|   -7.743399|
|           1|         444|   -8.123681|   -7.823862|   -7.846871|   -7.745937|
|           1|         445|   -8.126021|   -7.826227|   -7.848950|   -7.748474|
|           1|         446|   -8.128360|   -7.828591|   -7.851029|   -7.751009|
|           1|         447|   -8.130699|   -7.830955|   -7.853109|   -7.753543|
|           1|         448|   -8.133036|   -7.833317|   -7.855189|   -7.756076|
|           1|         449|   -8.135373|   -7.835679|   -7.857270|   -7.758608|
|           1|         450|   -8.137709|   -7.838040|   -7.859352|   -7.761138|
|           1|         451|   -8.140045|   -7.840400|   -7.861434|   -7.763667|
|           1|         452|   -8.142380|   -7.842759|   -7.863517|   -7.766195|
|           1|         453|   -8.144714|   -7.845117|   -7.865600|   -7.768722|
|           1|         454|   -8.147047|   -7.847474|   -7.867684|   -7.771247|
|           1|         455|   -8.149380|   -7.849831|   -7.869769|   -7.773771|
|           1|         456|   -8.151712|   -7.852186|   -7.871854|   -7.776294|
|           1|         457|   -8.154043|   -7.854541|   -7.873940|   -7.778815|
|           1|         458|   -8.156374|   -7.856895|   -7.876026|   -7.781336|
|           1|         459|   -8.158704|   -7.859248|   -7.878113|   -7.783855|
|           1|         460|   -8.161034|   -7.861601|   -7.880200|   -7.786373|
|           1|         461|   -8.163362|   -7.863953|   -7.882289|   -7.788889|
|           1|         462|   -8.165690|   -7.866303|   -7.884377|   -7.791405|
|           1|         463|   -8.168018|   -7.868654|   -7.886467|   -7.793919|
|           1|         464|   -8.170345|   -7.871003|   -7.888557|   -7.796432|
|           1|         465|   -8.172671|   -7.873352|   -7.890647|   -7.798944|
|           1|         466|   -8.174997|   -7.875700|   -7.892738|   -7.801454|
|           1|         467|   -8.177322|   -7.878047|   -7.894830|   -7.803964|
|           1|         468|   -8.179646|   -7.880393|   -7.896923|   -7.806472|
|           1|         469|   -8.181970|   -7.882739|   -7.899016|   -7.808979|
|           1|         470|   -8.184293|   -7.885084|   -7.901109|   -7.811485|
|           1|         471|   -8.186616|   -7.887428|   -7.903203|   -7.813990|
|           1|         472|   -8.188938|   -7.889772|   -7.905298|   -7.816493|
|           1|         473|   -8.191260|   -7.892115|   -7.907393|   -7.818996|
|           1|         474|   -8.193581|   -7.894457|   -7.909489|   -7.821497|
|           1|         475|   -8.195901|   -7.896799|   -7.911586|   -7.823997|
|           1|         476|   -8.198221|   -7.899140|   -7.913683|   -7.826496|
|           1|         477|   -8.200540|   -7.901480|   -7.915781|   -7.828994|
|           1|         478|   -8.202859|   -7.903819|   -7.917879|   -7.831490|
|           1|         479|   -8.205177|   -7.906158|   -7.919978|   -7.833986|

------------------------ Global Error Analysis --------------------------
     RMS Error [P]: 8.111847e-02     |      Max Error [P]: 7.884041e-01
     RMS Error [U]: 8.385709e-04     |      Max Error [U]: 1.296435e-02
     RMS Error [V]: 7.640252e-04     |      Max Error [V]: 1.285429e-02
     RMS Error [W]: 5.910401e-04     |      Max Error [W]: 9.089066e-03
-------------------------------------------------------------------------

|           1|         480|   -8.207495|   -7.908497|   -7.922078|   -7.836480|
|           1|         481|   -8.209812|   -7.910834|   -7.924178|   -7.838974|
|           1|         482|   -8.212128|   -7.913171|   -7.926279|   -7.841466|
|           1|         483|   -8.214445|   -7.915508|   -7.928380|   -7.843957|
|           1|         484|   -8.216760|   -7.917844|   -7.930482|   -7.846447|
|           1|         485|   -8.219075|   -7.920179|   -7.932585|   -7.848936|
|           1|         486|   -8.221390|   -7.922514|   -7.934688|   -7.851423|
|           1|         487|   -8.223704|   -7.924848|   -7.936792|   -7.853910|
|           1|         488|   -8.226018|   -7.927181|   -7.938896|   -7.856396|
|           1|         489|   -8.228331|   -7.929514|   -7.941001|   -7.858880|
|           1|         490|   -8.230643|   -7.931846|   -7.943107|   -7.861364|
|           1|         491|   -8.232956|   -7.934178|   -7.945213|   -7.863846|
|           1|         492|   -8.235267|   -7.936509|   -7.947320|   -7.866328|
|           1|         493|   -8.237578|   -7.938840|   -7.949427|   -7.868808|
|           1|         494|   -8.239889|   -7.941170|   -7.951535|   -7.871287|
|           1|         495|   -8.242200|   -7.943499|   -7.953643|   -7.873765|
|           1|         496|   -8.244509|   -7.945828|   -7.955752|   -7.876242|
|           1|         497|   -8.246819|   -7.948156|   -7.957862|   -7.878719|
|           1|         498|   -8.249128|   -7.950484|   -7.959972|   -7.881194|
|           1|         499|   -8.251436|   -7.952812|   -7.962083|   -7.883668|
|           1|         500|   -8.253744|   -7.955138|   -7.964195|   -7.886141|
|           1|         501|   -8.256052|   -7.957465|   -7.966307|   -7.888613|
|           1|         502|   -8.258359|   -7.959791|   -7.968419|   -7.891084|
|           1|         503|   -8.260666|   -7.962116|   -7.970533|   -7.893554|
|           1|         504|   -8.262972|   -7.964441|   -7.972646|   -7.896023|
|           1|         505|   -8.265278|   -7.966765|   -7.974761|   -7.898491|
|           1|         506|   -8.267584|   -7.969089|   -7.976876|   -7.900958|
|           1|         507|   -8.269889|   -7.971412|   -7.978991|   -7.903424|
|           1|         508|   -8.272194|   -7.973735|   -7.981107|   -7.905889|
|           1|         509|   -8.274498|   -7.976057|   -7.983224|   -7.908353|
|           1|         510|   -8.276802|   -7.978379|   -7.985341|   -7.910816|
|           1|         511|   -8.279106|   -7.980701|   -7.987459|   -7.913278|
|           1|         512|   -8.281409|   -7.983021|   -7.989578|   -7.915739|
|           1|         513|   -8.283712|   -7.985342|   -7.991697|   -7.918200|
|           1|         514|   -8.286014|   -7.987662|   -7.993816|   -7.920659|
|           1|         515|   -8.288316|   -7.989982|   -7.995937|   -7.923117|
|           1|         516|   -8.290618|   -7.992301|   -7.998057|   -7.925575|
|           1|         517|   -8.292920|   -7.994620|   -8.000179|   -7.928031|
|           1|         518|   -8.295221|   -7.996938|   -8.002300|   -7.930487|
|           1|         519|   -8.297521|   -7.999256|   -8.004423|   -7.932941|

------------------------ Global Error Analysis --------------------------
     RMS Error [P]: 8.111635e-02     |      Max Error [P]: 7.883705e-01
     RMS Error [U]: 8.385698e-04     |      Max Error [U]: 1.296434e-02
     RMS Error [V]: 7.640251e-04     |      Max Error [V]: 1.285429e-02
     RMS Error [W]: 5.910406e-04     |      Max Error [W]: 9.089063e-03
-------------------------------------------------------------------------

|           1|         520|   -8.299821|   -8.001573|   -8.006546|   -7.935395|
|           1|         521|   -8.302121|   -8.003890|   -8.008669|   -7.937848|
|           1|         522|   -8.304421|   -8.006207|   -8.010794|   -7.940299|
|           1|         523|   -8.306720|   -8.008523|   -8.012918|   -7.942750|
|           1|         524|   -8.309019|   -8.010839|   -8.015044|   -7.945200|
|           1|         525|   -8.311318|   -8.013154|   -8.017169|   -7.947649|
|           1|         526|   -8.313616|   -8.015469|   -8.019296|   -7.950098|
|           1|         527|   -8.315914|   -8.017784|   -8.021423|   -7.952545|
|           1|         528|   -8.318211|   -8.020098|   -8.023550|   -7.954991|
|           1|         529|   -8.320509|   -8.022411|   -8.025678|   -7.957437|
|           1|         530|   -8.322806|   -8.024725|   -8.027807|   -7.959882|
|           1|         531|   -8.325102|   -8.027038|   -8.029936|   -7.962325|
|           1|         532|   -8.327399|   -8.029350|   -8.032066|   -7.964768|
|           1|         533|   -8.329695|   -8.031663|   -8.034196|   -7.967210|
|           1|         534|   -8.331990|   -8.033975|   -8.036327|   -7.969652|
|           1|         535|   -8.334286|   -8.036286|   -8.038458|   -7.972092|
|           1|         536|   -8.336581|   -8.038597|   -8.040590|   -7.974532|
|           1|         537|   -8.338876|   -8.040908|   -8.042722|   -7.976970|
|           1|         538|   -8.341170|   -8.043219|   -8.044855|   -7.979408|
|           1|         539|   -8.343464|   -8.045529|   -8.046989|   -7.981845|
|           1|         540|   -8.345758|   -8.047838|   -8.049123|   -7.984281|
|           1|         541|   -8.348052|   -8.050148|   -8.051258|   -7.986717|
|           1|         542|   -8.350345|   -8.052457|   -8.053393|   -7.989151|
|           1|         543|   -8.352639|   -8.054765|   -8.055528|   -7.991585|
|           1|         544|   -8.354931|   -8.057074|   -8.057665|   -7.994018|
|           1|         545|   -8.357224|   -8.059382|   -8.059801|   -7.996450|
|           1|         546|   -8.359516|   -8.061690|   -8.061939|   -7.998881|
|           1|         547|   -8.361808|   -8.063997|   -8.064077|   -8.001311|
|           1|         548|   -8.364100|   -8.066304|   -8.066215|   -8.003741|
|           1|         549|   -8.366392|   -8.068611|   -8.068354|   -8.006170|
|           1|         550|   -8.368683|   -8.070917|   -8.070493|   -8.008598|
|           1|         551|   -8.370974|   -8.073223|   -8.072633|   -8.011025|
|           1|         552|   -8.373265|   -8.075529|   -8.074774|   -8.013452|
|           1|         553|   -8.375555|   -8.077835|   -8.076914|   -8.015877|
|           1|         554|   -8.377845|   -8.080140|   -8.079056|   -8.018302|
|           1|         555|   -8.380135|   -8.082445|   -8.081198|   -8.020726|
|           1|         556|   -8.382425|   -8.084749|   -8.083340|   -8.023150|
|           1|         557|   -8.384715|   -8.087053|   -8.085484|   -8.025573|
|           1|         558|   -8.387004|   -8.089357|   -8.087627|   -8.027994|
|           1|         559|   -8.389293|   -8.091661|   -8.089771|   -8.030416|

------------------------ Global Error Analysis --------------------------
     RMS Error [P]: 8.111475e-02     |      Max Error [P]: 7.883446e-01
     RMS Error [U]: 8.385689e-04     |      Max Error [U]: 1.296433e-02
     RMS Error [V]: 7.640250e-04     |      Max Error [V]: 1.285428e-02
     RMS Error [W]: 5.910411e-04     |      Max Error [W]: 9.089062e-03
-------------------------------------------------------------------------

|           1|         560|   -8.391582|   -8.093965|   -8.091916|   -8.032836|
|           1|         561|   -8.393871|   -8.096268|   -8.094061|   -8.035256|
|           1|         562|   -8.396159|   -8.098571|   -8.096206|   -8.037675|
|           1|         563|   -8.398447|   -8.100873|   -8.098352|   -8.040093|
|           1|         564|   -8.400735|   -8.103175|   -8.100499|   -8.042510|
|           1|         565|   -8.403023|   -8.105477|   -8.102646|   -8.044927|
|           1|         566|   -8.405310|   -8.107779|   -8.104794|   -8.047343|
|           1|         567|   -8.407598|   -8.110081|   -8.106942|   -8.049758|
|           1|         568|   -8.409885|   -8.112382|   -8.109091|   -8.052173|
|           1|         569|   -8.412172|   -8.114683|   -8.111240|   -8.054586|
|           1|         570|   -8.414459|   -8.116983|   -8.113389|   -8.057000|
|           1|         571|   -8.416745|   -8.119284|   -8.115539|   -8.059412|
|           1|         572|   -8.419031|   -8.121584|   -8.117690|   -8.061824|
|           1|         573|   -8.421317|   -8.123884|   -8.119841|   -8.064235|
|           1|         574|   -8.423603|   -8.126184|   -8.121993|   -8.066645|
|           1|         575|   -8.425889|   -8.128483|   -8.124145|   -8.069055|
|           1|         576|   -8.428174|   -8.130782|   -8.126297|   -8.071464|
|           1|         577|   -8.430460|   -8.133081|   -8.128450|   -8.073872|
|           1|         578|   -8.432745|   -8.135380|   -8.130604|   -8.076279|
|           1|         579|   -8.435030|   -8.137678|   -8.132758|   -8.078686|
|           1|         580|   -8.437315|   -8.139976|   -8.134912|   -8.081093|
|           1|         581|   -8.439599|   -8.142274|   -8.137067|   -8.083498|
|           1|         582|   -8.441884|   -8.144572|   -8.139223|   -8.085903|
|           1|         583|   -8.444168|   -8.146869|   -8.141378|   -8.088307|
|           1|         584|   -8.446452|   -8.149167|   -8.143535|   -8.090711|
|           1|         585|   -8.448736|   -8.151464|   -8.145692|   -8.093114|
|           1|         586|   -8.451020|   -8.153761|   -8.147849|   -8.095516|
|           1|         587|   -8.453303|   -8.156057|   -8.150007|   -8.097918|
|           1|         588|   -8.455586|   -8.158354|   -8.152165|   -8.100319|
|           1|         589|   -8.457870|   -8.160650|   -8.154324|   -8.102719|
|           1|         590|   -8.460153|   -8.162946|   -8.156483|   -8.105119|
|           1|         591|   -8.462436|   -8.165241|   -8.158643|   -8.107518|
|           1|         592|   -8.464718|   -8.167537|   -8.160803|   -8.109916|
|           1|         593|   -8.467001|   -8.169832|   -8.162963|   -8.112314|
|           1|         594|   -8.469283|   -8.172127|   -8.165124|   -8.114711|
|           1|         595|   -8.471566|   -8.174422|   -8.167286|   -8.117108|
|           1|         596|   -8.473848|   -8.176717|   -8.169448|   -8.119504|
|           1|         597|   -8.476130|   -8.179011|   -8.171610|   -8.121899|
|           1|         598|   -8.478411|   -8.181305|   -8.173773|   -8.124294|
|           1|         599|   -8.480693|   -8.183600|   -8.175936|   -8.126688|

------------------------ Global Error Analysis --------------------------
     RMS Error [P]: 8.111352e-02     |      Max Error [P]: 7.883245e-01
     RMS Error [U]: 8.385683e-04     |      Max Error [U]: 1.296433e-02
     RMS Error [V]: 7.640249e-04     |      Max Error [V]: 1.285428e-02
     RMS Error [W]: 5.910414e-04     |      Max Error [W]: 9.089060e-03
-------------------------------------------------------------------------

|           1|         600|   -8.482974|   -8.185893|   -8.178100|   -8.129081|
|           1|         601|   -8.485256|   -8.188187|   -8.180264|   -8.131474|
|           1|         602|   -8.487537|   -8.190481|   -8.182429|   -8.133866|
|           1|         603|   -8.489818|   -8.192774|   -8.184594|   -8.136258|
|           1|         604|   -8.492099|   -8.195067|   -8.186760|   -8.138649|
|           1|         605|   -8.494380|   -8.197360|   -8.188925|   -8.141040|
|           1|         606|   -8.496661|   -8.199653|   -8.191092|   -8.143430|
|           1|         607|   -8.498941|   -8.201945|   -8.193259|   -8.145819|
|           1|         608|   -8.501221|   -8.204238|   -8.195426|   -8.148208|
|           1|         609|   -8.503502|   -8.206530|   -8.197594|   -8.150596|
|           1|         610|   -8.505782|   -8.208822|   -8.199762|   -8.152984|
|           1|         611|   -8.508062|   -8.211114|   -8.201931|   -8.155371|
|           1|         612|   -8.510342|   -8.213405|   -8.204100|   -8.157757|
|           1|         613|   -8.512622|   -8.215697|   -8.206269|   -8.160143|
|           1|         614|   -8.514901|   -8.217988|   -8.208439|   -8.162529|
|           1|         615|   -8.517181|   -8.220279|   -8.210609|   -8.164914|
|           1|         616|   -8.519460|   -8.222570|   -8.212780|   -8.167298|
|           1|         617|   -8.521739|   -8.224861|   -8.214951|   -8.169682|
|           1|         618|   -8.524018|   -8.227151|   -8.217123|   -8.172065|
|           1|         619|   -8.526297|   -8.229442|   -8.219295|   -8.174447|
|           1|         620|   -8.528576|   -8.231732|   -8.221467|   -8.176829|
|           1|         621|   -8.530855|   -8.234022|   -8.223640|   -8.179211|
|           1|         622|   -8.533134|   -8.236312|   -8.225813|   -8.181592|
|           1|         623|   -8.535412|   -8.238602|   -8.227987|   -8.183973|
|           1|         624|   -8.537691|   -8.240892|   -8.230161|   -8.186352|
|           1|         625|   -8.539969|   -8.243181|   -8.232335|   -8.188732|
|           1|         626|   -8.542248|   -8.245471|   -8.234510|   -8.191111|
|           1|         627|   -8.544526|   -8.247760|   -8.236685|   -8.193489|
|           1|         628|   -8.546804|   -8.250049|   -8.238861|   -8.195867|
|           1|         629|   -8.549082|   -8.252338|   -8.241037|   -8.198244|
|           1|         630|   -8.551360|   -8.254626|   -8.243214|   -8.200621|
|           1|         631|   -8.553637|   -8.256915|   -8.245391|   -8.202998|
|           1|         632|   -8.555915|   -8.259203|   -8.247568|   -8.205373|
|           1|         633|   -8.558192|   -8.261492|   -8.249746|   -8.207749|
|           1|         634|   -8.560470|   -8.263780|   -8.251924|   -8.210124|
|           1|         635|   -8.562747|   -8.266068|   -8.254102|   -8.212498|
|           1|         636|   -8.565025|   -8.268356|   -8.256281|   -8.214872|
|           1|         637|   -8.567302|   -8.270643|   -8.258460|   -8.217245|
|           1|         638|   -8.569579|   -8.272931|   -8.260640|   -8.219618|
|           1|         639|   -8.571856|   -8.275218|   -8.262820|   -8.221990|

------------------------ Global Error Analysis --------------------------
     RMS Error [P]: 8.111257e-02     |      Max Error [P]: 7.883087e-01
     RMS Error [U]: 8.385677e-04     |      Max Error [U]: 1.296432e-02
     RMS Error [V]: 7.640249e-04     |      Max Error [V]: 1.285428e-02
     RMS Error [W]: 5.910417e-04     |      Max Error [W]: 9.089059e-03
-------------------------------------------------------------------------

|           1|         640|   -8.574133|   -8.277506|   -8.265001|   -8.224362|
|           1|         641|   -8.576409|   -8.279793|   -8.267181|   -8.226733|
|           1|         642|   -8.578686|   -8.282080|   -8.269363|   -8.229104|
|           1|         643|   -8.580963|   -8.284367|   -8.271544|   -8.231475|
|           1|         644|   -8.583239|   -8.286654|   -8.273726|   -8.233845|
|           1|         645|   -8.585516|   -8.288940|   -8.275909|   -8.236214|
|           1|         646|   -8.587792|   -8.291227|   -8.278091|   -8.238583|
|           1|         647|   -8.590068|   -8.293513|   -8.280274|   -8.240952|
|           1|         648|   -8.592345|   -8.295800|   -8.282458|   -8.243320|
|           1|         649|   -8.594621|   -8.298086|   -8.284642|   -8.245687|
|           1|         650|   -8.596897|   -8.300372|   -8.286826|   -8.248054|
|           1|         651|   -8.599173|   -8.302658|   -8.289011|   -8.250421|
|           1|         652|   -8.601449|   -8.304943|   -8.291196|   -8.252787|
|           1|         653|   -8.603724|   -8.307229|   -8.293381|   -8.255153|
|           1|         654|   -8.606000|   -8.309514|   -8.295567|   -8.257518|
|           1|         655|   -8.608276|   -8.311800|   -8.297753|   -8.259883|
|           1|         656|   -8.610551|   -8.314085|   -8.299939|   -8.262248|
|           1|         657|   -8.612827|   -8.316370|   -8.302126|   -8.264612|
|           1|         658|   -8.615102|   -8.318655|   -8.304313|   -8.266975|
|           1|         659|   -8.617378|   -8.320940|   -8.306501|   -8.269338|
|           1|         660|   -8.619653|   -8.323225|   -8.308689|   -8.271701|
|           1|         661|   -8.621928|   -8.325510|   -8.310877|   -8.274063|
|           1|         662|   -8.624203|   -8.327794|   -8.313066|   -8.276425|
|           1|         663|   -8.626478|   -8.330079|   -8.315255|   -8.278787|
|           1|         664|   -8.628753|   -8.332363|   -8.317444|   -8.281147|
|           1|         665|   -8.631028|   -8.334648|   -8.319634|   -8.283508|
|           1|         666|   -8.633303|   -8.336932|   -8.321824|   -8.285868|
|           1|         667|   -8.635578|   -8.339216|   -8.324014|   -8.288228|
|           1|         668|   -8.637853|   -8.341500|   -8.326205|   -8.290587|
|           1|         669|   -8.640128|   -8.343784|   -8.328396|   -8.292946|
|           1|         670|   -8.642402|   -8.346067|   -8.330587|   -8.295304|
|           1|         671|   -8.644677|   -8.348351|   -8.332779|   -8.297662|
|           1|         672|   -8.646951|   -8.350634|   -8.334971|   -8.300020|
|           1|         673|   -8.649226|   -8.352918|   -8.337164|   -8.302377|
|           1|         674|   -8.651500|   -8.355201|   -8.339356|   -8.304734|
|           1|         675|   -8.653774|   -8.357484|   -8.341550|   -8.307090|
|           1|         676|   -8.656049|   -8.359768|   -8.343743|   -8.309446|
|           1|         677|   -8.658323|   -8.362051|   -8.345937|   -8.311802|
|           1|         678|   -8.660597|   -8.364334|   -8.348131|   -8.314157|
|           1|         679|   -8.662871|   -8.366616|   -8.350325|   -8.316512|

------------------------ Global Error Analysis --------------------------
     RMS Error [P]: 8.111182e-02     |      Max Error [P]: 7.882964e-01
     RMS Error [U]: 8.385673e-04     |      Max Error [U]: 1.296432e-02
     RMS Error [V]: 7.640248e-04     |      Max Error [V]: 1.285428e-02
     RMS Error [W]: 5.910419e-04     |      Max Error [W]: 9.089058e-03
-------------------------------------------------------------------------

|           1|         680|   -8.665145|   -8.368899|   -8.352520|   -8.318866|
|           1|         681|   -8.667419|   -8.371182|   -8.354715|   -8.321221|
|           1|         682|   -8.669693|   -8.373464|   -8.356911|   -8.323574|
|           1|         683|   -8.671967|   -8.375747|   -8.359107|   -8.325927|
|           1|         684|   -8.674241|   -8.378029|   -8.361303|   -8.328280|
|           1|         685|   -8.676515|   -8.380311|   -8.363499|   -8.330633|
|           1|         686|   -8.678789|   -8.382594|   -8.365696|   -8.332985|
|           1|         687|   -8.681062|   -8.384876|   -8.367893|   -8.335337|
|           1|         688|   -8.683336|   -8.387158|   -8.370090|   -8.337688|
|           1|         689|   -8.685610|   -8.389440|   -8.372288|   -8.340039|
|           1|         690|   -8.687883|   -8.391721|   -8.374486|   -8.342390|
|           1|         691|   -8.690157|   -8.394003|   -8.376685|   -8.344740|
|           1|         692|   -8.692430|   -8.396285|   -8.378883|   -8.347090|
|           1|         693|   -8.694704|   -8.398566|   -8.381082|   -8.349439|
|           1|         694|   -8.696977|   -8.400848|   -8.383282|   -8.351788|
|           1|         695|   -8.699250|   -8.403129|   -8.385481|   -8.354137|
|           1|         696|   -8.701524|   -8.405411|   -8.387681|   -8.356486|
|           1|         697|   -8.703797|   -8.407692|   -8.389881|   -8.358834|
|           1|         698|   -8.706070|   -8.409973|   -8.392082|   -8.361182|
|           1|         699|   -8.708343|   -8.412254|   -8.394283|   -8.363529|
|           1|         700|   -8.710616|   -8.414535|   -8.396484|   -8.365876|
|           1|         701|   -8.712889|   -8.416816|   -8.398686|   -8.368223|
|           1|         702|   -8.715162|   -8.419097|   -8.400887|   -8.370569|
|           1|         703|   -8.717435|   -8.421378|   -8.403089|   -8.372915|
|           1|         704|   -8.719708|   -8.423658|   -8.405292|   -8.375261|
|           1|         705|   -8.721981|   -8.425939|   -8.407494|   -8.377606|
|           1|         706|   -8.724254|   -8.428219|   -8.409697|   -8.379951|
|           1|         707|   -8.726527|   -8.430500|   -8.411901|   -8.382295|
|           1|         708|   -8.728800|   -8.432780|   -8.414104|   -8.384640|
|           1|         709|   -8.731073|   -8.435060|   -8.416308|   -8.386984|
|           1|         710|   -8.733346|   -8.437341|   -8.418512|   -8.389327|
|           1|         711|   -8.735618|   -8.439621|   -8.420717|   -8.391670|
|           1|         712|   -8.737891|   -8.441901|   -8.422922|   -8.394013|
|           1|         713|   -8.740164|   -8.444181|   -8.425127|   -8.396356|
|           1|         714|   -8.742436|   -8.446461|   -8.427332|   -8.398698|
|           1|         715|   -8.744709|   -8.448741|   -8.429537|   -8.401040|
|           1|         716|   -8.746981|   -8.451020|   -8.431743|   -8.403382|
|           1|         717|   -8.749254|   -8.453300|   -8.433950|   -8.405723|
|           1|         718|   -8.751526|   -8.455580|   -8.436156|   -8.408064|
|           1|         719|   -8.753799|   -8.457859|   -8.438363|   -8.410405|

------------------------ Global Error Analysis --------------------------
     RMS Error [P]: 8.111124e-02     |      Max Error [P]: 7.882866e-01
     RMS Error [U]: 8.385670e-04     |      Max Error [U]: 1.296432e-02
     RMS Error [V]: 7.640248e-04     |      Max Error [V]: 1.285428e-02
     RMS Error [W]: 5.910421e-04     |      Max Error [W]: 9.089058e-03
-------------------------------------------------------------------------

|           1|         720|   -8.756071|   -8.460139|   -8.440570|   -8.412745|
|           1|         721|   -8.758344|   -8.462418|   -8.442777|   -8.415085|
|           1|         722|   -8.760616|   -8.464698|   -8.444985|   -8.417425|
|           1|         723|   -8.762888|   -8.466977|   -8.447193|   -8.419764|
|           1|         724|   -8.765161|   -8.469256|   -8.449401|   -8.422104|
|           1|         725|   -8.767433|   -8.471536|   -8.451609|   -8.424442|
|           1|         726|   -8.769705|   -8.473815|   -8.453818|   -8.426781|
|           1|         727|   -8.771977|   -8.476094|   -8.456027|   -8.429119|
|           1|         728|   -8.774250|   -8.478373|   -8.458236|   -8.431457|
|           1|         729|   -8.776522|   -8.480652|   -8.460446|   -8.433794|
|           1|         730|   -8.778794|   -8.482931|   -8.462656|   -8.436132|
|           1|         731|   -8.781066|   -8.485209|   -8.464866|   -8.438469|
|           1|         732|   -8.783338|   -8.487488|   -8.467076|   -8.440805|
|           1|         733|   -8.785610|   -8.489767|   -8.469287|   -8.443142|
|           1|         734|   -8.787882|   -8.492045|   -8.471497|   -8.445478|
|           1|         735|   -8.790154|   -8.494324|   -8.473709|   -8.447814|
|           1|         736|   -8.792426|   -8.496603|   -8.475920|   -8.450149|
|           1|         737|   -8.794698|   -8.498881|   -8.478132|   -8.452485|
|           1|         738|   -8.796970|   -8.501159|   -8.480343|   -8.454819|
|           1|         739|   -8.799242|   -8.503438|   -8.482556|   -8.457154|
|           1|         740|   -8.801514|   -8.505716|   -8.484768|   -8.459488|
|           1|         741|   -8.803786|   -8.507994|   -8.486981|   -8.461823|
|           1|         742|   -8.806058|   -8.510272|   -8.489194|   -8.464156|
|           1|         743|   -8.808330|   -8.512551|   -8.491407|   -8.466490|
|           1|         744|   -8.810601|   -8.514829|   -8.493620|   -8.468823|
|           1|         745|   -8.812873|   -8.517107|   -8.495834|   -8.471156|
|           1|         746|   -8.815145|   -8.519385|   -8.498048|   -8.473489|
|           1|         747|   -8.817417|   -8.521662|   -8.500262|   -8.475821|
|           1|         748|   -8.819688|   -8.523940|   -8.502477|   -8.478153|
|           1|         749|   -8.821960|   -8.526218|   -8.504692|   -8.480485|
|           1|         750|   -8.824232|   -8.528496|   -8.506907|   -8.482817|
|           1|         751|   -8.826504|   -8.530773|   -8.509122|   -8.485148|
|           1|         752|   -8.828775|   -8.533051|   -8.511337|   -8.487479|
|           1|         753|   -8.831047|   -8.535329|   -8.513553|   -8.489810|
|           1|         754|   -8.833319|   -8.537606|   -8.515769|   -8.492141|
|           1|         755|   -8.835590|   -8.539884|   -8.517985|   -8.494471|
|           1|         756|   -8.837862|   -8.542161|   -8.520202|   -8.496801|
|           1|         757|   -8.840133|   -8.544438|   -8.522418|   -8.499131|
|           1|         758|   -8.842405|   -8.546716|   -8.524635|   -8.501460|
|           1|         759|   -8.844676|   -8.548993|   -8.526852|   -8.503789|

------------------------ Global Error Analysis --------------------------
     RMS Error [P]: 8.111079e-02     |      Max Error [P]: 7.882788e-01
     RMS Error [U]: 8.385667e-04     |      Max Error [U]: 1.296431e-02
     RMS Error [V]: 7.640248e-04     |      Max Error [V]: 1.285428e-02
     RMS Error [W]: 5.910422e-04     |      Max Error [W]: 9.089057e-03
-------------------------------------------------------------------------

|           1|         760|   -8.846948|   -8.551270|   -8.529070|   -8.506118|
|           1|         761|   -8.849220|   -8.553548|   -8.531287|   -8.508447|
|           1|         762|   -8.851491|   -8.555825|   -8.533505|   -8.510775|
|           1|         763|   -8.853763|   -8.558102|   -8.535723|   -8.513104|
|           1|         764|   -8.856034|   -8.560379|   -8.537942|   -8.515432|
|           1|         765|   -8.858306|   -8.562656|   -8.540160|   -8.517759|
|           1|         766|   -8.860577|   -8.564933|   -8.542379|   -8.520087|
|           1|         767|   -8.862848|   -8.567210|   -8.544598|   -8.522414|
|           1|         768|   -8.865120|   -8.569486|   -8.546818|   -8.524741|
|           1|         769|   -8.867391|   -8.571763|   -8.549037|   -8.527068|
|           1|         770|   -8.869663|   -8.574040|   -8.551257|   -8.529394|
|           1|         771|   -8.871934|   -8.576317|   -8.553477|   -8.531720|
|           1|         772|   -8.874205|   -8.578593|   -8.555697|   -8.534046|
|           1|         773|   -8.876477|   -8.580870|   -8.557917|   -8.536372|
|           1|         774|   -8.878748|   -8.583147|   -8.560138|   -8.538698|
|           1|         775|   -8.881019|   -8.585423|   -8.562359|   -8.541023|
|           1|         776|   -8.883291|   -8.587700|   -8.564580|   -8.543348|
|           1|         777|   -8.885562|   -8.589976|   -8.566801|   -8.545673|
|           1|         778|   -8.887833|   -8.592253|   -8.569023|   -8.547997|
|           1|         779|   -8.890105|   -8.594529|   -8.571245|   -8.550322|
|           1|         780|   -8.892376|   -8.596805|   -8.573467|   -8.552646|
|           1|         781|   -8.894647|   -8.599082|   -8.575689|   -8.554970|
|           1|         782|   -8.896919|   -8.601358|   -8.577911|   -8.557293|
|           1|         783|   -8.899190|   -8.603634|   -8.580134|   -8.559617|
|           1|         784|   -8.901461|   -8.605910|   -8.582357|   -8.561940|
|           1|         785|   -8.903732|   -8.608186|   -8.584580|   -8.564263|
|           1|         786|   -8.906004|   -8.610462|   -8.586803|   -8.566586|
|           1|         787|   -8.908275|   -8.612739|   -8.589027|   -8.568908|
|           1|         788|   -8.910546|   -8.615015|   -8.591250|   -8.571230|
|           1|         789|   -8.912817|   -8.617291|   -8.593474|   -8.573553|
|           1|         790|   -8.915088|   -8.619567|   -8.595698|   -8.575874|
|           1|         791|   -8.917360|   -8.621842|   -8.597923|   -8.578196|
|           1|         792|   -8.919631|   -8.624118|   -8.600147|   -8.580517|
|           1|         793|   -8.921902|   -8.626394|   -8.602372|   -8.582839|
|           1|         794|   -8.924173|   -8.628670|   -8.604597|   -8.585160|
|           1|         795|   -8.926444|   -8.630946|   -8.606822|   -8.587480|
|           1|         796|   -8.928715|   -8.633221|   -8.609047|   -8.589801|
|           1|         797|   -8.930987|   -8.635497|   -8.611273|   -8.592121|
|           1|         798|   -8.933258|   -8.637773|   -8.613499|   -8.594441|
|           1|         799|   -8.935529|   -8.640048|   -8.615725|   -8.596761|

------------------------ Global Error Analysis --------------------------
     RMS Error [P]: 8.111043e-02     |      Max Error [P]: 7.882727e-01
     RMS Error [U]: 8.385665e-04     |      Max Error [U]: 1.296431e-02
     RMS Error [V]: 7.640248e-04     |      Max Error [V]: 1.285428e-02
     RMS Error [W]: 5.910423e-04     |      Max Error [W]: 9.089057e-03
-------------------------------------------------------------------------

|           1|         800|   -8.937800|   -8.642324|   -8.617951|   -8.599081|
|           1|         801|   -8.940071|   -8.644599|   -8.620177|   -8.601401|
|           1|         802|   -8.942342|   -8.646875|   -8.622404|   -8.603720|
|           1|         803|   -8.944613|   -8.649150|   -8.624631|   -8.606039|
|           1|         804|   -8.946884|   -8.651426|   -8.626858|   -8.608358|
|           1|         805|   -8.949156|   -8.653701|   -8.629085|   -8.610677|
|           1|         806|   -8.951427|   -8.655977|   -8.631312|   -8.612995|
|           1|         807|   -8.953698|   -8.658252|   -8.633540|   -8.615313|
|           1|         808|   -8.955969|   -8.660527|   -8.635767|   -8.617631|
|           1|         809|   -8.958240|   -8.662803|   -8.637995|   -8.619949|
|           1|         810|   -8.960511|   -8.665078|   -8.640223|   -8.622267|
|           1|         811|   -8.962782|   -8.667353|   -8.642452|   -8.624584|
|           1|         812|   -8.965053|   -8.669628|   -8.644680|   -8.626902|
|           1|         813|   -8.967324|   -8.671903|   -8.646909|   -8.629219|
|           1|         814|   -8.969595|   -8.674178|   -8.649138|   -8.631536|
|           1|         815|   -8.971866|   -8.676454|   -8.651367|   -8.633852|
|           1|         816|   -8.974137|   -8.678729|   -8.653596|   -8.636169|
|           1|         817|   -8.976408|   -8.681004|   -8.655826|   -8.638485|
|           1|         818|   -8.978679|   -8.683279|   -8.658055|   -8.640801|
|           1|         819|   -8.980950|   -8.685554|   -8.660285|   -8.643117|
|           1|         820|   -8.983222|   -8.687828|   -8.662515|   -8.645433|
|           1|         821|   -8.985493|   -8.690103|   -8.664745|   -8.647749|
|           1|         822|   -8.987764|   -8.692378|   -8.666976|   -8.650064|
|           1|         823|   -8.990035|   -8.694653|   -8.669206|   -8.652379|
|           1|         824|   -8.992306|   -8.696928|   -8.671437|   -8.654694|
|           1|         825|   -8.994577|   -8.699203|   -8.673668|   -8.657009|
|           1|         826|   -8.996848|   -8.701477|   -8.675899|   -8.659324|
|           1|         827|   -8.999119|   -8.703752|   -8.678130|   -8.661638|
|           1|         828|   -9.001390|   -8.706027|   -8.680362|   -8.663952|
|           1|         829|   -9.003661|   -8.708302|   -8.682594|   -8.666266|
|           1|         830|   -9.005932|   -8.710576|   -8.684825|   -8.668580|
|           1|         831|   -9.008203|   -8.712851|   -8.687057|   -8.670894|
|           1|         832|   -9.010474|   -8.715125|   -8.689290|   -8.673208|
|           1|         833|   -9.012745|   -8.717400|   -8.691522|   -8.675521|
|           1|         834|   -9.015016|   -8.719674|   -8.693754|   -8.677834|
|           1|         835|   -9.017287|   -8.721949|   -8.695987|   -8.680147|
|           1|         836|   -9.019558|   -8.724223|   -8.698220|   -8.682460|
|           1|         837|   -9.021829|   -8.726498|   -8.700453|   -8.684773|
|           1|         838|   -9.024100|   -8.728772|   -8.702686|   -8.687085|
|           1|         839|   -9.026371|   -8.731047|   -8.704920|   -8.689398|

------------------------ Global Error Analysis --------------------------
     RMS Error [P]: 8.111014e-02     |      Max Error [P]: 7.882678e-01
     RMS Error [U]: 8.385664e-04     |      Max Error [U]: 1.296431e-02
     RMS Error [V]: 7.640248e-04     |      Max Error [V]: 1.285428e-02
     RMS Error [W]: 5.910424e-04     |      Max Error [W]: 9.089056e-03
-------------------------------------------------------------------------

|           1|         840|   -9.028642|   -8.733321|   -8.707153|   -8.691710|
|           1|         841|   -9.030913|   -8.735595|   -8.709387|   -8.694022|
|           1|         842|   -9.033184|   -8.737870|   -8.711621|   -8.696334|
|           1|         843|   -9.035455|   -8.740144|   -8.713855|   -8.698645|
|           1|         844|   -9.037726|   -8.742418|   -8.716089|   -8.700957|
|           1|         845|   -9.039997|   -8.744693|   -8.718323|   -8.703268|
|           1|         846|   -9.042268|   -8.746967|   -8.720558|   -8.705579|
|           1|         847|   -9.044539|   -8.749241|   -8.722793|   -8.707890|
|           1|         848|   -9.046810|   -8.751515|   -8.725028|   -8.710201|
|           1|         849|   -9.049081|   -8.753789|   -8.727263|   -8.712512|
|           1|         850|   -9.051352|   -8.756063|   -8.729498|   -8.714822|
|           1|         851|   -9.053623|   -8.758338|   -8.731733|   -8.717132|
|           1|         852|   -9.055894|   -8.760612|   -8.733969|   -8.719443|
|           1|         853|   -9.058165|   -8.762886|   -8.736204|   -8.721753|
|           1|         854|   -9.060436|   -8.765160|   -8.738440|   -8.724063|
|           1|         855|   -9.062707|   -8.767434|   -8.740676|   -8.726372|
|           1|         856|   -9.064978|   -8.769708|   -8.742912|   -8.728682|
|           1|         857|   -9.067249|   -8.771982|   -8.745149|   -8.730991|
|           1|         858|   -9.069520|   -8.774256|   -8.747385|   -8.733300|
|           1|         859|   -9.071791|   -8.776530|   -8.749622|   -8.735609|
|           1|         860|   -9.074062|   -8.778803|   -8.751859|   -8.737918|
|           1|         861|   -9.076333|   -8.781077|   -8.754096|   -8.740227|
|           1|         862|   -9.078604|   -8.783351|   -8.756333|   -8.742536|
|           1|         863|   -9.080875|   -8.785625|   -8.758570|   -8.744844|
|           1|         864|   -9.083146|   -8.787899|   -8.760807|   -8.747152|
|           1|         865|   -9.085417|   -8.790173|   -8.763045|   -8.749461|
|           1|         866|   -9.087688|   -8.792446|   -8.765283|   -8.751769|
|           1|         867|   -9.089959|   -8.794720|   -8.767521|   -8.754076|
|           1|         868|   -9.092230|   -8.796994|   -8.769759|   -8.756384|
|           1|         869|   -9.094501|   -8.799267|   -8.771997|   -8.758692|
|           1|         870|   -9.096772|   -8.801541|   -8.774235|   -8.760999|
|           1|         871|   -9.099043|   -8.803815|   -8.776473|   -8.763306|
|           1|         872|   -9.101315|   -8.806088|   -8.778712|   -8.765613|
|           1|         873|   -9.103586|   -8.808362|   -8.780951|   -8.767920|
|           1|         874|   -9.105857|   -8.810636|   -8.783190|   -8.770227|
|           1|         875|   -9.108128|   -8.812909|   -8.785429|   -8.772534|
|           1|         876|   -9.110399|   -8.815183|   -8.787668|   -8.774840|
|           1|         877|   -9.112670|   -8.817456|   -8.789907|   -8.777147|
|           1|         878|   -9.114941|   -8.819730|   -8.792147|   -8.779453|
|           1|         879|   -9.117212|   -8.822003|   -8.794386|   -8.781759|

------------------------ Global Error Analysis --------------------------
     RMS Error [P]: 8.110991e-02     |      Max Error [P]: 7.882638e-01
     RMS Error [U]: 8.385662e-04     |      Max Error [U]: 1.296431e-02
     RMS Error [V]: 7.640248e-04     |      Max Error [V]: 1.285428e-02
     RMS Error [W]: 5.910425e-04     |      Max Error [W]: 9.089056e-03
-------------------------------------------------------------------------

|           1|         880|   -9.119483|   -8.824277|   -8.796626|   -8.784065|
|           1|         881|   -9.121754|   -8.826550|   -8.798866|   -8.786371|
|           1|         882|   -9.124025|   -8.828824|   -8.801106|   -8.788677|
|           1|         883|   -9.126296|   -8.831097|   -8.803346|   -8.790982|
|           1|         884|   -9.128567|   -8.833371|   -8.805586|   -8.793288|
|           1|         885|   -9.130838|   -8.835644|   -8.807827|   -8.795593|
|           1|         886|   -9.133109|   -8.837917|   -8.810068|   -8.797898|
|           1|         887|   -9.135380|   -8.840191|   -8.812308|   -8.800203|
|           1|         888|   -9.137652|   -8.842464|   -8.814549|   -8.802508|
|           1|         889|   -9.139923|   -8.844737|   -8.816790|   -8.804813|
|           1|         890|   -9.142194|   -8.847011|   -8.819031|   -8.807117|
|           1|         891|   -9.144465|   -8.849284|   -8.821273|   -8.809422|
|           1|         892|   -9.146736|   -8.851557|   -8.823514|   -8.811726|
|           1|         893|   -9.149007|   -8.853830|   -8.825756|   -8.814030|
|           1|         894|   -9.151278|   -8.856104|   -8.827997|   -8.816334|
|           1|         895|   -9.153549|   -8.858377|   -8.830239|   -8.818638|
|           1|         896|   -9.155820|   -8.860650|   -8.832481|   -8.820942|
|           1|         897|   -9.158091|   -8.862923|   -8.834723|   -8.823246|
|           1|         898|   -9.160362|   -8.865196|   -8.836965|   -8.825549|
|           1|         899|   -9.162634|   -8.867469|   -8.839208|   -8.827853|
|           1|         900|   -9.164905|   -8.869743|   -8.841450|   -8.830156|
|           1|         901|   -9.167176|   -8.872016|   -8.843693|   -8.832459|
|           1|         902|   -9.169447|   -8.874289|   -8.845935|   -8.834762|
|           1|         903|   -9.171718|   -8.876562|   -8.848178|   -8.837065|
|           1|         904|   -9.173989|   -8.878835|   -8.850421|   -8.839368|
|           1|         905|   -9.176260|   -8.881108|   -8.852664|   -8.841671|
|           1|         906|   -9.178532|   -8.883381|   -8.854908|   -8.843973|
|           1|         907|   -9.180803|   -8.885654|   -8.857151|   -8.846276|
|           1|         908|   -9.183074|   -8.887927|   -8.859395|   -8.848578|
|           1|         909|   -9.185345|   -8.890200|   -8.861638|   -8.850880|
|           1|         910|   -9.187616|   -8.892473|   -8.863882|   -8.853182|
|           1|         911|   -9.189887|   -8.894746|   -8.866126|   -8.855484|
|           1|         912|   -9.192158|   -8.897019|   -8.868370|   -8.857786|
|           1|         913|   -9.194430|   -8.899292|   -8.870614|   -8.860087|
|           1|         914|   -9.196701|   -8.901565|   -8.872858|   -8.862389|
|           1|         915|   -9.198972|   -8.903838|   -8.875103|   -8.864691|
|           1|         916|   -9.201243|   -8.906110|   -8.877347|   -8.866992|
|           1|         917|   -9.203514|   -8.908383|   -8.879592|   -8.869293|
|           1|         918|   -9.205786|   -8.910656|   -8.881836|   -8.871594|
|           1|         919|   -9.208057|   -8.912929|   -8.884081|   -8.873895|

------------------------ Global Error Analysis --------------------------
     RMS Error [P]: 8.110973e-02     |      Max Error [P]: 7.882607e-01
     RMS Error [U]: 8.385661e-04     |      Max Error [U]: 1.296431e-02
     RMS Error [V]: 7.640248e-04     |      Max Error [V]: 1.285428e-02
     RMS Error [W]: 5.910425e-04     |      Max Error [W]: 9.089056e-03
-------------------------------------------------------------------------

|           1|         920|   -9.210328|   -8.915202|   -8.886326|   -8.876196|
|           1|         921|   -9.212599|   -8.917475|   -8.888571|   -8.878497|
|           1|         922|   -9.214870|   -8.919747|   -8.890816|   -8.880797|
|           1|         923|   -9.217142|   -8.922020|   -8.893062|   -8.883098|
|           1|         924|   -9.219413|   -8.924293|   -8.895307|   -8.885398|
|           1|         925|   -9.221684|   -8.926566|   -8.897553|   -8.887699|
|           1|         926|   -9.223955|   -8.928838|   -8.899798|   -8.889999|
|           1|         927|   -9.226227|   -8.931111|   -8.902044|   -8.892299|
|           1|         928|   -9.228498|   -8.933384|   -8.904290|   -8.894599|
|           1|         929|   -9.230769|   -8.935656|   -8.906536|   -8.896899|
|           1|         930|   -9.233040|   -8.937929|   -8.908782|   -8.899198|
|           1|         931|   -9.235311|   -8.940202|   -8.911029|   -8.901498|
|           1|         932|   -9.237583|   -8.942474|   -8.913275|   -8.903798|
|           1|         933|   -9.239854|   -8.944747|   -8.915521|   -8.906097|
|           1|         934|   -9.242125|   -8.947020|   -8.917768|   -8.908396|
|           1|         935|   -9.244397|   -8.949292|   -8.920015|   -8.910696|
|           1|         936|   -9.246668|   -8.951565|   -8.922261|   -8.912995|
|           1|         937|   -9.248939|   -8.953837|   -8.924508|   -8.915294|
|           1|         938|   -9.251210|   -8.956110|   -8.926755|   -8.917592|
|           1|         939|   -9.253482|   -8.958382|   -8.929003|   -8.919891|
|           1|         940|   -9.255753|   -8.960655|   -8.931250|   -8.922190|
|           1|         941|   -9.258024|   -8.962928|   -8.933497|   -8.924488|
|           1|         942|   -9.260295|   -8.965200|   -8.935745|   -8.926787|
|           1|         943|   -9.262567|   -8.967473|   -8.937992|   -8.929085|
|           1|         944|   -9.264838|   -8.969745|   -8.940240|   -8.931384|
|           1|         945|   -9.267109|   -8.972018|   -8.942488|   -8.933682|
|           1|         946|   -9.269381|   -8.974290|   -8.944736|   -8.935980|
|           1|         947|   -9.271652|   -8.976562|   -8.946984|   -8.938278|
|           1|         948|   -9.273923|   -8.978835|   -8.949232|   -8.940575|
|           1|         949|   -9.276195|   -8.981107|   -8.951480|   -8.942873|
|           1|         950|   -9.278466|   -8.983380|   -8.953728|   -8.945171|
|           1|         951|   -9.280737|   -8.985652|   -8.955977|   -8.947468|
|           1|         952|   -9.283009|   -8.987925|   -8.958225|   -8.949766|
|           1|         953|   -9.285280|   -8.990197|   -8.960474|   -8.952063|
|           1|         954|   -9.287551|   -8.992469|   -8.962722|   -8.954360|
|           1|         955|   -9.289823|   -8.994742|   -8.964971|   -8.956658|
|           1|         956|   -9.292094|   -8.997014|   -8.967220|   -8.958955|
|           1|         957|   -9.294366|   -8.999286|   -8.969469|   -8.961252|
|           1|         958|   -9.296637|   -9.001559|   -8.971718|   -8.963548|
|           1|         959|   -9.298908|   -9.003831|   -8.973968|   -8.965845|

------------------------ Global Error Analysis --------------------------
     RMS Error [P]: 8.110958e-02     |      Max Error [P]: 7.882582e-01
     RMS Error [U]: 8.385660e-04     |      Max Error [U]: 1.296431e-02
     RMS Error [V]: 7.640248e-04     |      Max Error [V]: 1.285427e-02
     RMS Error [W]: 5.910426e-04     |      Max Error [W]: 9.089056e-03
-------------------------------------------------------------------------

|           1|         960|   -9.301180|   -9.006103|   -8.976217|   -8.968142|
|           1|         961|   -9.303451|   -9.008376|   -8.978466|   -8.970438|
|           1|         962|   -9.305722|   -9.010648|   -8.980716|   -8.972735|
|           1|         963|   -9.307994|   -9.012920|   -8.982966|   -8.975031|
|           1|         964|   -9.310265|   -9.015192|   -8.985215|   -8.977327|
|           1|         965|   -9.312537|   -9.017465|   -8.987465|   -8.979624|
|           1|         966|   -9.314808|   -9.019737|   -8.989715|   -8.981920|
|           1|         967|   -9.317079|   -9.022009|   -8.991965|   -8.984216|
|           1|         968|   -9.319351|   -9.024281|   -8.994215|   -8.986512|
|           1|         969|   -9.321622|   -9.026553|   -8.996465|   -8.988807|
|           1|         970|   -9.323894|   -9.028826|   -8.998716|   -8.991103|
|           1|         971|   -9.326165|   -9.031098|   -9.000966|   -8.993399|
|           1|         972|   -9.328437|   -9.033370|   -9.003217|   -8.995694|
|           1|         973|   -9.330708|   -9.035642|   -9.005467|   -8.997990|
|           1|         974|   -9.332980|   -9.037914|   -9.007718|   -9.000285|
|           1|         975|   -9.335251|   -9.040186|   -9.009969|   -9.002580|
|           1|         976|   -9.337522|   -9.042459|   -9.012220|   -9.004876|
|           1|         977|   -9.339794|   -9.044731|   -9.014471|   -9.007171|
|           1|         978|   -9.342065|   -9.047003|   -9.016722|   -9.009466|
|           1|         979|   -9.344337|   -9.049275|   -9.018973|   -9.011761|
|           1|         980|   -9.346608|   -9.051547|   -9.021224|   -9.014056|
|           1|         981|   -9.348880|   -9.053819|   -9.023475|   -9.016350|
|           1|         982|   -9.351151|   -9.056091|   -9.025727|   -9.018645|
|           1|         983|   -9.353423|   -9.058363|   -9.027978|   -9.020939|
|           1|         984|   -9.355694|   -9.060635|   -9.030230|   -9.023234|
|           1|         985|   -9.357966|   -9.062907|   -9.032482|   -9.025528|
|           1|         986|   -9.360237|   -9.065179|   -9.034734|   -9.027823|
|           1|         987|   -9.362509|   -9.067451|   -9.036985|   -9.030117|
|           1|         988|   -9.364780|   -9.069723|   -9.039237|   -9.032411|
|           1|         989|   -9.367052|   -9.071995|   -9.041489|   -9.034705|
|           1|         990|   -9.369323|   -9.074267|   -9.043742|   -9.036999|
|           1|         991|   -9.371595|   -9.076539|   -9.045994|   -9.039293|
|           1|         992|   -9.373867|   -9.078811|   -9.048246|   -9.041587|
|           1|         993|   -9.376138|   -9.081083|   -9.050499|   -9.043881|
|           1|         994|   -9.378410|   -9.083355|   -9.052751|   -9.046174|
|           1|         995|   -9.380681|   -9.085627|   -9.055004|   -9.048468|
|           1|         996|   -9.382953|   -9.087899|   -9.057256|   -9.050761|
|           1|         997|   -9.385224|   -9.090171|   -9.059509|   -9.053055|
|           1|         998|   -9.387496|   -9.092443|   -9.061762|   -9.055348|
|           1|         999|   -9.389767|   -9.094715|   -9.064015|   -9.057641|

------------------------ Global Error Analysis --------------------------
     RMS Error [P]: 8.110946e-02     |      Max Error [P]: 7.882562e-01
     RMS Error [U]: 8.385660e-04     |      Max Error [U]: 1.296431e-02
     RMS Error [V]: 7.640248e-04     |      Max Error [V]: 1.285427e-02
     RMS Error [W]: 5.910426e-04     |      Max Error [W]: 9.089056e-03
-------------------------------------------------------------------------

|           1|        1000|   -9.392039|   -9.096987|   -9.066268|   -9.059934|
|           1|        1001|   -9.394311|   -9.099259|   -9.068521|   -9.062227|
|           1|        1002|   -9.396582|   -9.101531|   -9.070774|   -9.064520|
|           1|        1003|   -9.398854|   -9.103802|   -9.073027|   -9.066813|
|           1|        1004|   -9.401125|   -9.106074|   -9.075281|   -9.069106|
|           1|        1005|   -9.403397|   -9.108346|   -9.077534|   -9.071399|
|           1|        1006|   -9.405669|   -9.110618|   -9.079787|   -9.073692|
|           1|        1007|   -9.407940|   -9.112890|   -9.082041|   -9.075984|
|           1|        1008|   -9.410212|   -9.115162|   -9.084295|   -9.078277|
|           1|        1009|   -9.412483|   -9.117433|   -9.086548|   -9.080569|
|           1|        1010|   -9.414755|   -9.119705|   -9.088802|   -9.082862|
|           1|        1011|   -9.417027|   -9.121977|   -9.091056|   -9.085154|
|           1|        1012|   -9.419298|   -9.124249|   -9.093310|   -9.087446|
|           1|        1013|   -9.421570|   -9.126521|   -9.095564|   -9.089738|
|           1|        1014|   -9.423842|   -9.128792|   -9.097818|   -9.092031|
|           1|        1015|   -9.426113|   -9.131064|   -9.100073|   -9.094323|
|           1|        1016|   -9.428385|   -9.133336|   -9.102327|   -9.096615|
|           1|        1017|   -9.430657|   -9.135608|   -9.104581|   -9.098906|
|           1|        1018|   -9.432928|   -9.137880|   -9.106836|   -9.101198|
|           1|        1019|   -9.435200|   -9.140151|   -9.109090|   -9.103490|
|           1|        1020|   -9.437472|   -9.142423|   -9.111345|   -9.105782|
|           1|        1021|   -9.439743|   -9.144695|   -9.113599|   -9.108073|
|           1|        1022|   -9.442015|   -9.146966|   -9.115854|   -9.110365|
|           1|        1023|   -9.444287|   -9.149238|   -9.118109|   -9.112656|
|           1|        1024|   -9.446558|   -9.151510|   -9.120364|   -9.114947|
|           1|        1025|   -9.448830|   -9.153782|   -9.122619|   -9.117239|
|           1|        1026|   -9.451102|   -9.156053|   -9.124874|   -9.119530|
|           1|        1027|   -9.453373|   -9.158325|   -9.127129|   -9.121821|
|           1|        1028|   -9.455645|   -9.160597|   -9.129384|   -9.124112|
|           1|        1029|   -9.457917|   -9.162868|   -9.131640|   -9.126403|
|           1|        1030|   -9.460189|   -9.165140|   -9.133895|   -9.128694|
|           1|        1031|   -9.462460|   -9.167412|   -9.136150|   -9.130985|
|           1|        1032|   -9.464732|   -9.169683|   -9.138406|   -9.133276|
|           1|        1033|   -9.467004|   -9.171955|   -9.140661|   -9.135567|
|           1|        1034|   -9.469276|   -9.174227|   -9.142917|   -9.137857|
|           1|        1035|   -9.471547|   -9.176498|   -9.145173|   -9.140148|
|           1|        1036|   -9.473819|   -9.178770|   -9.147429|   -9.142438|
|           1|        1037|   -9.476091|   -9.181041|   -9.149684|   -9.144729|
|           1|        1038|   -9.478363|   -9.183313|   -9.151940|   -9.147019|
|           1|        1039|   -9.480634|   -9.185585|   -9.154196|   -9.149309|

------------------------ Global Error Analysis --------------------------
     RMS Error [P]: 8.110937e-02     |      Max Error [P]: 7.882546e-01
     RMS Error [U]: 8.385659e-04     |      Max Error [U]: 1.296431e-02
     RMS Error [V]: 7.640248e-04     |      Max Error [V]: 1.285427e-02
     RMS Error [W]: 5.910426e-04     |      Max Error [W]: 9.089055e-03
-------------------------------------------------------------------------

|           1|        1040|   -9.482906|   -9.187856|   -9.156452|   -9.151600|
|           1|        1041|   -9.485178|   -9.190128|   -9.158709|   -9.153890|
|           1|        1042|   -9.487450|   -9.192399|   -9.160965|   -9.156180|
|           1|        1043|   -9.489721|   -9.194671|   -9.163221|   -9.158470|
|           1|        1044|   -9.491993|   -9.196942|   -9.165477|   -9.160760|
|           1|        1045|   -9.494265|   -9.199214|   -9.167734|   -9.163050|
|           1|        1046|   -9.496537|   -9.201486|   -9.169990|   -9.165340|
|           1|        1047|   -9.498809|   -9.203757|   -9.172247|   -9.167630|
|           1|        1048|   -9.501080|   -9.206029|   -9.174504|   -9.169919|
|           1|        1049|   -9.503352|   -9.208300|   -9.176760|   -9.172209|
|           1|        1050|   -9.505624|   -9.210572|   -9.179017|   -9.174499|
|           1|        1051|   -9.507896|   -9.212843|   -9.181274|   -9.176788|
|           1|        1052|   -9.510168|   -9.215115|   -9.183531|   -9.179078|
|           1|        1053|   -9.512439|   -9.217386|   -9.185788|   -9.181367|
|           1|        1054|   -9.514711|   -9.219658|   -9.188045|   -9.183657|
|           1|        1055|   -9.516983|   -9.221929|   -9.190302|   -9.185946|
|           1|        1056|   -9.519255|   -9.224201|   -9.192559|   -9.188235|
|           1|        1057|   -9.521527|   -9.226472|   -9.194816|   -9.190524|
|           1|        1058|   -9.523799|   -9.228744|   -9.197073|   -9.192813|
|           1|        1059|   -9.526071|   -9.231015|   -9.199331|   -9.195103|
|           1|        1060|   -9.528342|   -9.233287|   -9.201588|   -9.197392|
|           1|        1061|   -9.530614|   -9.235558|   -9.203846|   -9.199680|
|           1|        1062|   -9.532886|   -9.237829|   -9.206103|   -9.201969|
|           1|        1063|   -9.535158|   -9.240101|   -9.208361|   -9.204258|
|           1|        1064|   -9.537430|   -9.242372|   -9.210618|   -9.206547|
|           1|        1065|   -9.539702|   -9.244644|   -9.212876|   -9.208836|
|           1|        1066|   -9.541974|   -9.246915|   -9.215134|   -9.211124|
|           1|        1067|   -9.544246|   -9.249187|   -9.217392|   -9.213413|
|           1|        1068|   -9.546517|   -9.251458|   -9.219650|   -9.215701|
|           1|        1069|   -9.548789|   -9.253729|   -9.221908|   -9.217990|
|           1|        1070|   -9.551061|   -9.256001|   -9.224166|   -9.220278|
|           1|        1071|   -9.553333|   -9.258272|   -9.226424|   -9.222567|
|           1|        1072|   -9.555605|   -9.260544|   -9.228682|   -9.224855|
|           1|        1073|   -9.557877|   -9.262815|   -9.230940|   -9.227143|
|           1|        1074|   -9.560149|   -9.265086|   -9.233198|   -9.229431|
|           1|        1075|   -9.562421|   -9.267358|   -9.235457|   -9.231719|
|           1|        1076|   -9.564693|   -9.269629|   -9.237715|   -9.234007|
|           1|        1077|   -9.566965|   -9.271900|   -9.239974|   -9.236295|
|           1|        1078|   -9.569237|   -9.274172|   -9.242232|   -9.238583|
|           1|        1079|   -9.571508|   -9.276443|   -9.244491|   -9.240871|

------------------------ Global Error Analysis --------------------------
     RMS Error [P]: 8.110929e-02     |      Max Error [P]: 7.882533e-01
     RMS Error [U]: 8.385659e-04     |      Max Error [U]: 1.296431e-02
     RMS Error [V]: 7.640247e-04     |      Max Error [V]: 1.285427e-02
     RMS Error [W]: 5.910426e-04     |      Max Error [W]: 9.089055e-03
-------------------------------------------------------------------------

|           1|        1080|   -9.573780|   -9.278714|   -9.246749|   -9.243159|
|           1|        1081|   -9.576052|   -9.280986|   -9.249008|   -9.245447|
|           1|        1082|   -9.578324|   -9.283257|   -9.251267|   -9.247735|
|           1|        1083|   -9.580596|   -9.285528|   -9.253526|   -9.250022|
|           1|        1084|   -9.582868|   -9.287800|   -9.255784|   -9.252310|
|           1|        1085|   -9.585140|   -9.290071|   -9.258043|   -9.254597|
|           1|        1086|   -9.587412|   -9.292342|   -9.260302|   -9.256885|
|           1|        1087|   -9.589684|   -9.294614|   -9.262561|   -9.259172|
|           1|        1088|   -9.591956|   -9.296885|   -9.264820|   -9.261460|
|           1|        1089|   -9.594228|   -9.299156|   -9.267080|   -9.263747|
|           1|        1090|   -9.596500|   -9.301428|   -9.269339|   -9.266035|
|           1|        1091|   -9.598772|   -9.303699|   -9.271598|   -9.268322|
|           1|        1092|   -9.601044|   -9.305970|   -9.273857|   -9.270609|
|           1|        1093|   -9.603316|   -9.308241|   -9.276117|   -9.272896|
|           1|        1094|   -9.605588|   -9.310513|   -9.278376|   -9.275183|
|           1|        1095|   -9.607860|   -9.312784|   -9.280636|   -9.277470|
|           1|        1096|   -9.610132|   -9.315055|   -9.282895|   -9.279757|
|           1|        1097|   -9.612404|   -9.317326|   -9.285155|   -9.282044|
|           1|        1098|   -9.614676|   -9.319598|   -9.287414|   -9.284331|
|           1|        1099|   -9.616948|   -9.321869|   -9.289674|   -9.286618|
|           1|        1100|   -9.619220|   -9.324140|   -9.291934|   -9.288905|
|           1|        1101|   -9.621492|   -9.326411|   -9.294194|   -9.291191|
|           1|        1102|   -9.623764|   -9.328682|   -9.296454|   -9.293478|
|           1|        1103|   -9.626036|   -9.330954|   -9.298714|   -9.295765|
|           1|        1104|   -9.628308|   -9.333225|   -9.300974|   -9.298051|
|           1|        1105|   -9.630580|   -9.335496|   -9.303234|   -9.300338|
|           1|        1106|   -9.632852|   -9.337767|   -9.305494|   -9.302624|
|           1|        1107|   -9.635124|   -9.340038|   -9.307754|   -9.304911|
|           1|        1108|   -9.637396|   -9.342310|   -9.310014|   -9.307197|
|           1|        1109|   -9.639668|   -9.344581|   -9.312274|   -9.309483|
|           1|        1110|   -9.641940|   -9.346852|   -9.314534|   -9.311770|
|           1|        1111|   -9.644213|   -9.349123|   -9.316795|   -9.314056|
|           1|        1112|   -9.646485|   -9.351394|   -9.319055|   -9.316342|
|           1|        1113|   -9.648757|   -9.353666|   -9.321316|   -9.318628|
|           1|        1114|   -9.651029|   -9.355937|   -9.323576|   -9.320914|
|           1|        1115|   -9.653301|   -9.358208|   -9.325837|   -9.323200|
|           1|        1116|   -9.655573|   -9.360479|   -9.328097|   -9.325486|
|           1|        1117|   -9.657845|   -9.362750|   -9.330358|   -9.327772|
|           1|        1118|   -9.660117|   -9.365021|   -9.332618|   -9.330058|
|           1|        1119|   -9.662389|   -9.367292|   -9.334879|   -9.332344|

------------------------ Global Error Analysis --------------------------
     RMS Error [P]: 8.110923e-02     |      Max Error [P]: 7.882522e-01
     RMS Error [U]: 8.385658e-04     |      Max Error [U]: 1.296431e-02
     RMS Error [V]: 7.640247e-04     |      Max Error [V]: 1.285427e-02
     RMS Error [W]: 5.910427e-04     |      Max Error [W]: 9.089055e-03
-------------------------------------------------------------------------

|           1|        1120|   -9.664661|   -9.369564|   -9.337140|   -9.334630|
|           1|        1121|   -9.666933|   -9.371835|   -9.339401|   -9.336916|
|           1|        1122|   -9.669205|   -9.374106|   -9.341662|   -9.339201|
|           1|        1123|   -9.671478|   -9.376377|   -9.343923|   -9.341487|
|           1|        1124|   -9.673750|   -9.378648|   -9.346184|   -9.343773|
|           1|        1125|   -9.676022|   -9.380919|   -9.348445|   -9.346058|
|           1|        1126|   -9.678294|   -9.383190|   -9.350706|   -9.348344|
|           1|        1127|   -9.680566|   -9.385461|   -9.352967|   -9.350629|
|           1|        1128|   -9.682838|   -9.387732|   -9.355228|   -9.352915|
|           1|        1129|   -9.685110|   -9.390004|   -9.357489|   -9.355200|
|           1|        1130|   -9.687382|   -9.392275|   -9.359750|   -9.357486|
|           1|        1131|   -9.689654|   -9.394546|   -9.362012|   -9.359771|
|           1|        1132|   -9.691927|   -9.396817|   -9.364273|   -9.362056|
|           1|        1133|   -9.694199|   -9.399088|   -9.366534|   -9.364341|
|           1|        1134|   -9.696471|   -9.401359|   -9.368796|   -9.366627|
|           1|        1135|   -9.698743|   -9.403630|   -9.371057|   -9.368912|
|           1|        1136|   -9.701015|   -9.405901|   -9.373319|   -9.371197|
|           1|        1137|   -9.703287|   -9.408172|   -9.375581|   -9.373482|
|           1|        1138|   -9.705559|   -9.410443|   -9.377842|   -9.375767|
|           1|        1139|   -9.707832|   -9.412714|   -9.380104|   -9.378052|
|           1|        1140|   -9.710104|   -9.414985|   -9.382366|   -9.380337|
|           1|        1141|   -9.712376|   -9.417256|   -9.384627|   -9.382622|
|           1|        1142|   -9.714648|   -9.419527|   -9.386889|   -9.384906|
|           1|        1143|   -9.716920|   -9.421798|   -9.389151|   -9.387191|
|           1|        1144|   -9.719192|   -9.424069|   -9.391413|   -9.389476|
|           1|        1145|   -9.721465|   -9.426340|   -9.393675|   -9.391761|
|           1|        1146|   -9.723737|   -9.428611|   -9.395937|   -9.394045|
|           1|        1147|   -9.726009|   -9.430882|   -9.398199|   -9.396330|
|           1|        1148|   -9.728281|   -9.433153|   -9.400461|   -9.398615|
|           1|        1149|   -9.730553|   -9.435424|   -9.402723|   -9.400899|
|           1|        1150|   -9.732826|   -9.437695|   -9.404985|   -9.403184|
|           1|        1151|   -9.735098|   -9.439966|   -9.407247|   -9.405468|
|           1|        1152|   -9.737370|   -9.442237|   -9.409510|   -9.407753|
|           1|        1153|   -9.739642|   -9.444508|   -9.411772|   -9.410037|
|           1|        1154|   -9.741914|   -9.446779|   -9.414034|   -9.412321|
|           1|        1155|   -9.744187|   -9.449050|   -9.416297|   -9.414606|
|           1|        1156|   -9.746459|   -9.451321|   -9.418559|   -9.416890|
|           1|        1157|   -9.748731|   -9.453592|   -9.420821|   -9.419174|
|           1|        1158|   -9.751003|   -9.455863|   -9.423084|   -9.421458|
|           1|        1159|   -9.753275|   -9.458134|   -9.425346|   -9.423742|

------------------------ Global Error Analysis --------------------------
     RMS Error [P]: 8.110918e-02     |      Max Error [P]: 7.882514e-01
     RMS Error [U]: 8.385658e-04     |      Max Error [U]: 1.296431e-02
     RMS Error [V]: 7.640247e-04     |      Max Error [V]: 1.285427e-02
     RMS Error [W]: 5.910427e-04     |      Max Error [W]: 9.089055e-03
-------------------------------------------------------------------------

|           1|        1160|   -9.755548|   -9.460405|   -9.427609|   -9.426027|
|           1|        1161|   -9.757820|   -9.462676|   -9.429872|   -9.428311|
|           1|        1162|   -9.760092|   -9.464947|   -9.432134|   -9.430595|
|           1|        1163|   -9.762364|   -9.467218|   -9.434397|   -9.432879|
|           1|        1164|   -9.764636|   -9.469489|   -9.436660|   -9.435163|
|           1|        1165|   -9.766909|   -9.471760|   -9.438923|   -9.437447|
|           1|        1166|   -9.769181|   -9.474031|   -9.441185|   -9.439730|
|           1|        1167|   -9.771453|   -9.476302|   -9.443448|   -9.442014|
|           1|        1168|   -9.773725|   -9.478573|   -9.445711|   -9.444298|
|           1|        1169|   -9.775998|   -9.480844|   -9.447974|   -9.446582|
|           1|        1170|   -9.778270|   -9.483115|   -9.450237|   -9.448866|
|           1|        1171|   -9.780542|   -9.485386|   -9.452500|   -9.451149|
|           1|        1172|   -9.782814|   -9.487656|   -9.454763|   -9.453433|
|           1|        1173|   -9.785087|   -9.489927|   -9.457026|   -9.455717|
|           1|        1174|   -9.787359|   -9.492198|   -9.459289|   -9.458000|
|           1|        1175|   -9.789631|   -9.494469|   -9.461552|   -9.460284|
|           1|        1176|   -9.791903|   -9.496740|   -9.463816|   -9.462567|
|           1|        1177|   -9.794176|   -9.499011|   -9.466079|   -9.464851|
|           1|        1178|   -9.796448|   -9.501282|   -9.468342|   -9.467134|
|           1|        1179|   -9.798720|   -9.503553|   -9.470605|   -9.469417|
|           1|        1180|   -9.800993|   -9.505824|   -9.472869|   -9.471701|
|           1|        1181|   -9.803265|   -9.508094|   -9.475132|   -9.473984|
|           1|        1182|   -9.805537|   -9.510365|   -9.477396|   -9.476267|
|           1|        1183|   -9.807809|   -9.512636|   -9.479659|   -9.478551|
|           1|        1184|   -9.810082|   -9.514907|   -9.481923|   -9.480834|
|           1|        1185|   -9.812354|   -9.517178|   -9.484186|   -9.483117|
|           1|        1186|   -9.814626|   -9.519449|   -9.486450|   -9.485400|
|           1|        1187|   -9.816899|   -9.521720|   -9.488713|   -9.487683|
|           1|        1188|   -9.819171|   -9.523991|   -9.490977|   -9.489966|
|           1|        1189|   -9.821443|   -9.526261|   -9.493241|   -9.492250|
|           1|        1190|   -9.823715|   -9.528532|   -9.495504|   -9.494533|
|           1|        1191|   -9.825988|   -9.530803|   -9.497768|   -9.496816|
|           1|        1192|   -9.828260|   -9.533074|   -9.500032|   -9.499098|
|           1|        1193|   -9.830532|   -9.535345|   -9.502296|   -9.501381|
|           1|        1194|   -9.832805|   -9.537616|   -9.504560|   -9.503664|
|           1|        1195|   -9.835077|   -9.539886|   -9.506824|   -9.505947|
|           1|        1196|   -9.837349|   -9.542157|   -9.509087|   -9.508230|
|           1|        1197|   -9.839622|   -9.544428|   -9.511351|   -9.510513|
|           1|        1198|   -9.841894|   -9.546699|   -9.513615|   -9.512795|
|           1|        1199|   -9.844166|   -9.548970|   -9.515879|   -9.515078|

------------------------ Global Error Analysis --------------------------
     RMS Error [P]: 8.110914e-02     |      Max Error [P]: 7.882507e-01
     RMS Error [U]: 8.385658e-04     |      Max Error [U]: 1.296431e-02
     RMS Error [V]: 7.640247e-04     |      Max Error [V]: 1.285427e-02
     RMS Error [W]: 5.910427e-04     |      Max Error [W]: 9.089055e-03
-------------------------------------------------------------------------

|           1|        1200|   -9.846439|   -9.551241|   -9.518144|   -9.517361|
|           1|        1201|   -9.848711|   -9.553511|   -9.520408|   -9.519644|
|           1|        1202|   -9.850983|   -9.555782|   -9.522672|   -9.521926|
|           1|        1203|   -9.853256|   -9.558053|   -9.524936|   -9.524209|
|           1|        1204|   -9.855528|   -9.560324|   -9.527200|   -9.526491|
|           1|        1205|   -9.857800|   -9.562595|   -9.529464|   -9.528774|
|           1|        1206|   -9.860073|   -9.564865|   -9.531729|   -9.531056|
|           1|        1207|   -9.862345|   -9.567136|   -9.533993|   -9.533339|
|           1|        1208|   -9.864617|   -9.569407|   -9.536257|   -9.535621|
|           1|        1209|   -9.866890|   -9.571678|   -9.538522|   -9.537904|
|           1|        1210|   -9.869162|   -9.573949|   -9.540786|   -9.540186|
|           1|        1211|   -9.871434|   -9.576219|   -9.543050|   -9.542468|
|           1|        1212|   -9.873707|   -9.578490|   -9.545315|   -9.544751|
|           1|        1213|   -9.875979|   -9.580761|   -9.547579|   -9.547033|
|           1|        1214|   -9.878251|   -9.583032|   -9.549844|   -9.549315|
|           1|        1215|   -9.880524|   -9.585302|   -9.552109|   -9.551597|
|           1|        1216|   -9.882796|   -9.587573|   -9.554373|   -9.553879|
|           1|        1217|   -9.885068|   -9.589844|   -9.556638|   -9.556162|
|           1|        1218|   -9.887341|   -9.592115|   -9.558902|   -9.558444|
|           1|        1219|   -9.889613|   -9.594385|   -9.561167|   -9.560726|
|           1|        1220|   -9.891886|   -9.596656|   -9.563432|   -9.563008|
|           1|        1221|   -9.894158|   -9.598927|   -9.565697|   -9.565290|
|           1|        1222|   -9.896430|   -9.601198|   -9.567961|   -9.567572|
|           1|        1223|   -9.898703|   -9.603468|   -9.570226|   -9.569854|
|           1|        1224|   -9.900975|   -9.605739|   -9.572491|   -9.572136|
|           1|        1225|   -9.903247|   -9.608010|   -9.574756|   -9.574418|
|           1|        1226|   -9.905520|   -9.610281|   -9.577021|   -9.576699|
|           1|        1227|   -9.907792|   -9.612551|   -9.579286|   -9.578981|
|           1|        1228|   -9.910065|   -9.614822|   -9.581551|   -9.581263|
|           1|        1229|   -9.912337|   -9.617093|   -9.583816|   -9.583545|
|           1|        1230|   -9.914609|   -9.619363|   -9.586081|   -9.585827|
|           1|        1231|   -9.916882|   -9.621634|   -9.588346|   -9.588108|
|           1|        1232|   -9.919154|   -9.623905|   -9.590611|   -9.590390|
|           1|        1233|   -9.921427|   -9.626176|   -9.592876|   -9.592672|
|           1|        1234|   -9.923699|   -9.628446|   -9.595141|   -9.594953|
|           1|        1235|   -9.925971|   -9.630717|   -9.597406|   -9.597235|
|           1|        1236|   -9.928244|   -9.632988|   -9.599672|   -9.599517|
|           1|        1237|   -9.930516|   -9.635258|   -9.601937|   -9.601798|
|           1|        1238|   -9.932789|   -9.637529|   -9.604202|   -9.604080|
|           1|        1239|   -9.935061|   -9.639800|   -9.606467|   -9.606361|

------------------------ Global Error Analysis --------------------------
     RMS Error [P]: 8.110911e-02     |      Max Error [P]: 7.882502e-01
     RMS Error [U]: 8.385658e-04     |      Max Error [U]: 1.296431e-02
     RMS Error [V]: 7.640247e-04     |      Max Error [V]: 1.285427e-02
     RMS Error [W]: 5.910427e-04     |      Max Error [W]: 9.089055e-03
-------------------------------------------------------------------------

|           1|        1240|   -9.937333|   -9.642071|   -9.608733|   -9.608643|
|           1|        1241|   -9.939606|   -9.644341|   -9.610998|   -9.610924|
|           1|        1242|   -9.941878|   -9.646612|   -9.613263|   -9.613206|
|           1|        1243|   -9.944151|   -9.648883|   -9.615529|   -9.615487|
|           1|        1244|   -9.946423|   -9.651153|   -9.617794|   -9.617768|
|           1|        1245|   -9.948695|   -9.653424|   -9.620060|   -9.620050|
|           1|        1246|   -9.950968|   -9.655695|   -9.622325|   -9.622331|
|           1|        1247|   -9.953240|   -9.657965|   -9.624591|   -9.624612|
|           1|        1248|   -9.955513|   -9.660236|   -9.626856|   -9.626893|
|           1|        1249|   -9.957785|   -9.662507|   -9.629122|   -9.629175|
|           1|        1250|   -9.960058|   -9.664777|   -9.631387|   -9.631456|
|           1|        1251|   -9.962330|   -9.667048|   -9.633653|   -9.633737|
|           1|        1252|   -9.964602|   -9.669319|   -9.635919|   -9.636018|
|           1|        1253|   -9.966875|   -9.671589|   -9.638184|   -9.638299|
|           1|        1254|   -9.969147|   -9.673860|   -9.640450|   -9.640580|
|           1|        1255|   -9.971420|   -9.676131|   -9.642716|   -9.642862|
|           1|        1256|   -9.973692|   -9.678401|   -9.644981|   -9.645143|
|           1|        1257|   -9.975965|   -9.680672|   -9.647247|   -9.647424|
|           1|        1258|   -9.978237|   -9.682942|   -9.649513|   -9.649705|
|           1|        1259|   -9.980509|   -9.685213|   -9.651779|   -9.651986|
|           1|        1260|   -9.982782|   -9.687484|   -9.654045|   -9.654266|
|           1|        1261|   -9.985054|   -9.689754|   -9.656311|   -9.656547|
|           1|        1262|   -9.987327|   -9.692025|   -9.658577|   -9.658828|
|           1|        1263|   -9.989599|   -9.694296|   -9.660842|   -9.661109|
|           1|        1264|   -9.991872|   -9.696566|   -9.663108|   -9.663390|
|           1|        1265|   -9.994144|   -9.698837|   -9.665374|   -9.665671|
|           1|        1266|   -9.996417|   -9.701107|   -9.667640|   -9.667952|
|           1|        1267|   -9.998689|   -9.703378|   -9.669906|   -9.670232|
|           1|        1268|  -10.000962|   -9.705649|   -9.672172|   -9.672513|
|           1|        1269|  -10.003234|   -9.707919|   -9.674439|   -9.674794|
|           1|        1270|  -10.005506|   -9.710190|   -9.676705|   -9.677075|
|           1|        1271|  -10.007779|   -9.712461|   -9.678971|   -9.679355|
|           1|        1272|  -10.010051|   -9.714731|   -9.681237|   -9.681636|
|           1|        1273|  -10.012324|   -9.717002|   -9.683503|   -9.683916|
|           1|        1274|  -10.014596|   -9.719272|   -9.685769|   -9.686197|
|           1|        1275|  -10.016869|   -9.721543|   -9.688036|   -9.688478|
|           1|        1276|  -10.019141|   -9.723813|   -9.690302|   -9.690758|
|           1|        1277|  -10.021414|   -9.726084|   -9.692568|   -9.693039|
|           1|        1278|  -10.023686|   -9.728355|   -9.694834|   -9.695319|
|           1|        1279|  -10.025959|   -9.730625|   -9.697101|   -9.697600|

------------------------ Global Error Analysis --------------------------
     RMS Error [P]: 8.110909e-02     |      Max Error [P]: 7.882497e-01
     RMS Error [U]: 8.385657e-04     |      Max Error [U]: 1.296430e-02
     RMS Error [V]: 7.640247e-04     |      Max Error [V]: 1.285427e-02
     RMS Error [W]: 5.910427e-04     |      Max Error [W]: 9.089055e-03
-------------------------------------------------------------------------

|           1|        1280|  -10.028231|   -9.732896|   -9.699367|   -9.699880|
|           1|        1281|  -10.030504|   -9.735166|   -9.701634|   -9.702161|
|           1|        1282|  -10.032776|   -9.737437|   -9.703900|   -9.704441|
|           1|        1283|  -10.035049|   -9.739708|   -9.706166|   -9.706721|
|           1|        1284|  -10.037321|   -9.741978|   -9.708433|   -9.709002|
|           1|        1285|  -10.039593|   -9.744249|   -9.710699|   -9.711282|
|           1|        1286|  -10.041866|   -9.746519|   -9.712966|   -9.713562|
|           1|        1287|  -10.044138|   -9.748790|   -9.715232|   -9.715843|
|           1|        1288|  -10.046411|   -9.751060|   -9.717499|   -9.718123|
|           1|        1289|  -10.048683|   -9.753331|   -9.719765|   -9.720403|
|           1|        1290|  -10.050956|   -9.755601|   -9.722032|   -9.722683|
|           1|        1291|  -10.053228|   -9.757872|   -9.724299|   -9.724964|
|           1|        1292|  -10.055501|   -9.760143|   -9.726565|   -9.727244|
|           1|        1293|  -10.057773|   -9.762413|   -9.728832|   -9.729524|
|           1|        1294|  -10.060046|   -9.764684|   -9.731099|   -9.731804|
|           1|        1295|  -10.062318|   -9.766954|   -9.733365|   -9.734084|
|           1|        1296|  -10.064591|   -9.769225|   -9.735632|   -9.736364|
|           1|        1297|  -10.066863|   -9.771495|   -9.737899|   -9.738644|
|           1|        1298|  -10.069136|   -9.773766|   -9.740165|   -9.740924|
|           1|        1299|  -10.071408|   -9.776036|   -9.742432|   -9.743204|
|           1|        1300|  -10.073681|   -9.778307|   -9.744699|   -9.745484|
|           1|        1301|  -10.075953|   -9.780577|   -9.746966|   -9.747764|
|           1|        1302|  -10.078226|   -9.782848|   -9.749233|   -9.750044|
|           1|        1303|  -10.080498|   -9.785118|   -9.751500|   -9.752324|
|           1|        1304|  -10.082771|   -9.787389|   -9.753766|   -9.754604|
|           1|        1305|  -10.085043|   -9.789660|   -9.756033|   -9.756884|
|           1|        1306|  -10.087316|   -9.791930|   -9.758300|   -9.759164|
|           1|        1307|  -10.089588|   -9.794201|   -9.760567|   -9.761444|
|           1|        1308|  -10.091861|   -9.796471|   -9.762834|   -9.763724|
|           1|        1309|  -10.094133|   -9.798742|   -9.765101|   -9.766004|
|           1|        1310|  -10.096406|   -9.801012|   -9.767368|   -9.768283|
|           1|        1311|  -10.098678|   -9.803283|   -9.769635|   -9.770563|
|           1|        1312|  -10.100951|   -9.805553|   -9.771902|   -9.772843|
|           1|        1313|  -10.103223|   -9.807824|   -9.774169|   -9.775123|
|           1|        1314|  -10.105496|   -9.810094|   -9.776437|   -9.777402|
|           1|        1315|  -10.107768|   -9.812365|   -9.778704|   -9.779682|
|           1|        1316|  -10.110041|   -9.814635|   -9.780971|   -9.781962|
|           1|        1317|  -10.112313|   -9.816906|   -9.783238|   -9.784241|
|           1|        1318|  -10.114586|   -9.819176|   -9.785505|   -9.786521|
|           1|        1319|  -10.116859|   -9.821447|   -9.787772|   -9.788801|

------------------------ Global Error Analysis --------------------------
     RMS Error [P]: 8.110906e-02     |      Max Error [P]: 7.882494e-01
     RMS Error [U]: 8.385657e-04     |      Max Error [U]: 1.296430e-02
     RMS Error [V]: 7.640247e-04     |      Max Error [V]: 1.285427e-02
     RMS Error [W]: 5.910427e-04     |      Max Error [W]: 9.089055e-03
-------------------------------------------------------------------------

|           1|        1320|  -10.119131|   -9.823717|   -9.790040|   -9.791080|
|           1|        1321|  -10.121404|   -9.825988|   -9.792307|   -9.793360|
|           1|        1322|  -10.123676|   -9.828258|   -9.794574|   -9.795639|
|           1|        1323|  -10.125949|   -9.830528|   -9.796841|   -9.797919|
|           1|        1324|  -10.128221|   -9.832799|   -9.799109|   -9.800198|
|           1|        1325|  -10.130494|   -9.835069|   -9.801376|   -9.802478|
|           1|        1326|  -10.132766|   -9.837340|   -9.803643|   -9.804757|
|           1|        1327|  -10.135039|   -9.839610|   -9.805911|   -9.807037|
|           1|        1328|  -10.137311|   -9.841881|   -9.808178|   -9.809316|
|           1|        1329|  -10.139584|   -9.844151|   -9.810445|   -9.811596|
|           1|        1330|  -10.141856|   -9.846422|   -9.812713|   -9.813875|
|           1|        1331|  -10.144129|   -9.848692|   -9.814980|   -9.816154|
|           1|        1332|  -10.146401|   -9.850963|   -9.817248|   -9.818434|
|           1|        1333|  -10.148674|   -9.853233|   -9.819515|   -9.820713|
|           1|        1334|  -10.150946|   -9.855504|   -9.821783|   -9.822992|
|           1|        1335|  -10.153219|   -9.857774|   -9.824050|   -9.825272|
|           1|        1336|  -10.155491|   -9.860044|   -9.826318|   -9.827551|
|           1|        1337|  -10.157764|   -9.862315|   -9.828585|   -9.829830|
|           1|        1338|  -10.160037|   -9.864585|   -9.830853|   -9.832109|
|           1|        1339|  -10.162309|   -9.866856|   -9.833120|   -9.834389|
|           1|        1340|  -10.164582|   -9.869126|   -9.835388|   -9.836668|
|           1|        1341|  -10.166854|   -9.871397|   -9.837655|   -9.838947|
|           1|        1342|  -10.169127|   -9.873667|   -9.839923|   -9.841226|
|           1|        1343|  -10.171399|   -9.875938|   -9.842191|   -9.843505|
|           1|        1344|  -10.173672|   -9.878208|   -9.844458|   -9.845784|
|           1|        1345|  -10.175944|   -9.880478|   -9.846726|   -9.848064|
|           1|        1346|  -10.178217|   -9.882749|   -9.848994|   -9.850343|
|           1|        1347|  -10.180489|   -9.885019|   -9.851262|   -9.852622|
|           1|        1348|  -10.182762|   -9.887290|   -9.853529|   -9.854901|
|           1|        1349|  -10.185034|   -9.889560|   -9.855797|   -9.857180|
|           1|        1350|  -10.187307|   -9.891831|   -9.858065|   -9.859459|
|           1|        1351|  -10.189580|   -9.894101|   -9.860333|   -9.861738|
|           1|        1352|  -10.191852|   -9.896371|   -9.862600|   -9.864017|
|           1|        1353|  -10.194125|   -9.898642|   -9.864868|   -9.866296|
|           1|        1354|  -10.196397|   -9.900912|   -9.867136|   -9.868575|
|           1|        1355|  -10.198670|   -9.903183|   -9.869404|   -9.870854|
|           1|        1356|  -10.200942|   -9.905453|   -9.871672|   -9.873133|
|           1|        1357|  -10.203215|   -9.907723|   -9.873940|   -9.875412|
|           1|        1358|  -10.205487|   -9.909994|   -9.876208|   -9.877690|
|           1|        1359|  -10.207760|   -9.912264|   -9.878475|   -9.879969|

------------------------ Global Error Analysis --------------------------
     RMS Error [P]: 8.110905e-02     |      Max Error [P]: 7.882491e-01
     RMS Error [U]: 8.385657e-04     |      Max Error [U]: 1.296430e-02
     RMS Error [V]: 7.640247e-04     |      Max Error [V]: 1.285427e-02
     RMS Error [W]: 5.910427e-04     |      Max Error [W]: 9.089055e-03
-------------------------------------------------------------------------

|           1|        1360|  -10.210032|   -9.914535|   -9.880743|   -9.882248|
|           1|        1361|  -10.212305|   -9.916805|   -9.883011|   -9.884527|
|           1|        1362|  -10.214578|   -9.919075|   -9.885279|   -9.886806|
|           1|        1363|  -10.216850|   -9.921346|   -9.887547|   -9.889085|
|           1|        1364|  -10.219123|   -9.923616|   -9.889815|   -9.891363|
|           1|        1365|  -10.221395|   -9.925887|   -9.892083|   -9.893642|
|           1|        1366|  -10.223668|   -9.928157|   -9.894351|   -9.895921|
|           1|        1367|  -10.225940|   -9.930427|   -9.896619|   -9.898200|
|           1|        1368|  -10.228213|   -9.932698|   -9.898887|   -9.900478|
|           1|        1369|  -10.230485|   -9.934968|   -9.901155|   -9.902757|
|           1|        1370|  -10.232758|   -9.937238|   -9.903424|   -9.905036|
|           1|        1371|  -10.235031|   -9.939509|   -9.905692|   -9.907315|
|           1|        1372|  -10.237303|   -9.941779|   -9.907960|   -9.909593|
|           1|        1373|  -10.239576|   -9.944050|   -9.910228|   -9.911872|
|           1|        1374|  -10.241848|   -9.946320|   -9.912496|   -9.914150|
|           1|        1375|  -10.244121|   -9.948590|   -9.914764|   -9.916429|
|           1|        1376|  -10.246393|   -9.950861|   -9.917032|   -9.918708|
|           1|        1377|  -10.248666|   -9.953131|   -9.919301|   -9.920986|
|           1|        1378|  -10.250939|   -9.955401|   -9.921569|   -9.923265|
|           1|        1379|  -10.253211|   -9.957672|   -9.923837|   -9.925543|
|           1|        1380|  -10.255484|   -9.959942|   -9.926105|   -9.927822|
|           1|        1381|  -10.257756|   -9.962212|   -9.928374|   -9.930100|
|           1|        1382|  -10.260029|   -9.964483|   -9.930642|   -9.932379|
|           1|        1383|  -10.262301|   -9.966753|   -9.932910|   -9.934657|
|           1|        1384|  -10.264574|   -9.969024|   -9.935178|   -9.936936|
|           1|        1385|  -10.266846|   -9.971294|   -9.937447|   -9.939214|
|           1|        1386|  -10.269119|   -9.973564|   -9.939715|   -9.941493|
|           1|        1387|  -10.271392|   -9.975835|   -9.941983|   -9.943771|
|           1|        1388|  -10.273664|   -9.978105|   -9.944252|   -9.946050|
|           1|        1389|  -10.275937|   -9.980375|   -9.946520|   -9.948328|
|           1|        1390|  -10.278209|   -9.982646|   -9.948789|   -9.950606|
|           1|        1391|  -10.280482|   -9.984916|   -9.951057|   -9.952885|
|           1|        1392|  -10.282754|   -9.987186|   -9.953325|   -9.955163|
|           1|        1393|  -10.285027|   -9.989457|   -9.955594|   -9.957441|
|           1|        1394|  -10.287300|   -9.991727|   -9.957862|   -9.959720|
|           1|        1395|  -10.289572|   -9.993997|   -9.960131|   -9.961998|
|           1|        1396|  -10.291845|   -9.996268|   -9.962399|   -9.964276|
|           1|        1397|  -10.294117|   -9.998538|   -9.964668|   -9.966554|
|           1|        1398|  -10.296390|  -10.000808|   -9.966936|   -9.968833|
|           1|        1399|  -10.298662|  -10.003079|   -9.969205|   -9.971111|

------------------------ Global Error Analysis --------------------------
     RMS Error [P]: 8.110903e-02     |      Max Error [P]: 7.882489e-01
     RMS Error [U]: 8.385657e-04     |      Max Error [U]: 1.296430e-02
     RMS Error [V]: 7.640247e-04     |      Max Error [V]: 1.285427e-02
     RMS Error [W]: 5.910427e-04     |      Max Error [W]: 9.089055e-03
-------------------------------------------------------------------------

|           1|        1400|  -10.300935|  -10.005349|   -9.971473|   -9.973389|
|           1|        1401|  -10.303208|  -10.007619|   -9.973742|   -9.975667|
|           1|        1402|  -10.305480|  -10.009890|   -9.976010|   -9.977946|
|           1|        1403|  -10.307753|  -10.012160|   -9.978279|   -9.980224|
|           1|        1404|  -10.310025|  -10.014430|   -9.980547|   -9.982502|
|           1|        1405|  -10.312298|  -10.016700|   -9.982816|   -9.984780|
|           1|        1406|  -10.314570|  -10.018971|   -9.985085|   -9.987058|
|           1|        1407|  -10.316843|  -10.021241|   -9.987353|   -9.989336|
|           1|        1408|  -10.319116|  -10.023511|   -9.989622|   -9.991615|
|           1|        1409|  -10.321388|  -10.025782|   -9.991891|   -9.993893|
|           1|        1410|  -10.323661|  -10.028052|   -9.994159|   -9.996171|
|           1|        1411|  -10.325933|  -10.030322|   -9.996428|   -9.998449|
|           1|        1412|  -10.328206|  -10.032593|   -9.998697|  -10.000727|
|           1|        1413|  -10.330478|  -10.034863|  -10.000965|  -10.003005|
+-----------------------------------------------------------------------------+
|   Time_Iter|  Inner_Iter|      rms[P]|      rms[U]|      rms[V]|      rms[W]|
+-----------------------------------------------------------------------------+
|           2|           0|  -10.332751|   -2.521622|   -2.565157|   -2.701350|

------------------------ Global Error Analysis --------------------------
     RMS Error [P]: 7.048442e-02     |      Max Error [P]: 7.167064e-01
     RMS Error [U]: 1.052912e-03     |      Max Error [U]: 1.685386e-02
     RMS Error [V]: 9.613402e-04     |      Max Error [V]: 1.681683e-02
     RMS Error [W]: 7.400847e-04     |      Max Error [W]: 1.212454e-02
-------------------------------------------------------------------------

|           2|           1|   -5.049290|   -4.635083|   -4.651139|   -4.780345|
|           2|           2|   -5.124095|   -4.759385|   -4.823634|   -4.982644|
|           2|           3|   -5.201118|   -4.843335|   -4.906706|   -5.066155|
|           2|           4|   -5.273907|   -4.929133|   -4.993766|   -5.154512|
|           2|           5|   -5.343461|   -5.009794|   -5.075747|   -5.237893|
|           2|           6|   -5.410448|   -5.086772|   -5.153948|   -5.317291|
|           2|           7|   -5.475293|   -5.160906|   -5.229178|   -5.393419|
|           2|           8|   -5.538287|   -5.232671|   -5.301907|   -5.466738|
|           2|           9|   -5.599639|   -5.302357|   -5.372428|   -5.537565|
|           2|          10|   -5.659504|   -5.370151|   -5.440936|   -5.606127|
|           2|          11|   -5.718004|   -5.436179|   -5.507561|   -5.672593|
|           2|          12|   -5.775232|   -5.500529|   -5.572395|   -5.737082|
|           2|          13|   -5.831261|   -5.563258|   -5.635497|   -5.799682|
|           2|          14|   -5.886152|   -5.624406|   -5.696905|   -5.860451|
|           2|          15|   -5.939953|   -5.683995|   -5.756644|   -5.919424|
|           2|          16|   -5.992704|   -5.742038|   -5.814721|   -5.976618|
|           2|          17|   -6.044438|   -5.798539|   -5.871140|   -6.032037|
|           2|          18|   -6.095184|   -5.853495|   -5.925894|   -6.085675|
|           2|          19|   -6.144967|   -5.906904|   -5.978980|   -6.137524|
|           2|          20|   -6.193807|   -5.958760|   -6.030393|   -6.187575|
|           2|          21|   -6.241726|   -6.009064|   -6.080133|   -6.235823|
|           2|          22|   -6.288743|   -6.057821|   -6.128209|   -6.282271|
|           2|          23|   -6.334876|   -6.105043|   -6.174638|   -6.326932|
|           2|          24|   -6.380143|   -6.150753|   -6.219449|   -6.369833|
|           2|          25|   -6.424563|   -6.194981|   -6.262680|   -6.411012|
|           2|          26|   -6.468154|   -6.237770|   -6.304383|   -6.450522|
|           2|          27|   -6.510934|   -6.279170|   -6.344619|   -6.488427|
|           2|          28|   -6.552923|   -6.319242|   -6.383456|   -6.524798|
|           2|          29|   -6.594141|   -6.358051|   -6.420972|   -6.559717|
|           2|          30|   -6.634604|   -6.395668|   -6.457246|   -6.593267|
|           2|          31|   -6.674333|   -6.432169|   -6.492359|   -6.625536|
|           2|          32|   -6.713346|   -6.467628|   -6.526393|   -6.656608|
|           2|          33|   -6.751658|   -6.502120|   -6.559428|   -6.686565|
|           2|          34|   -6.789286|   -6.535715|   -6.591537|   -6.715484|
|           2|          35|   -6.826245|   -6.568482|   -6.622790|   -6.743438|
|           2|          36|   -6.862546|   -6.600482|   -6.653250|   -6.770491|
|           2|          37|   -6.898200|   -6.631773|   -6.682973|   -6.796700|
|           2|          38|   -6.933214|   -6.662405|   -6.712008|   -6.822117|
|           2|          39|   -6.967594|   -6.692420|   -6.740396|   -6.846785|

------------------------ Global Error Analysis --------------------------
     RMS Error [P]: 3.198817e-02     |      Max Error [P]: 4.632400e-01
     RMS Error [U]: 9.781357e-04     |      Max Error [U]: 1.650583e-02
     RMS Error [V]: 8.949919e-04     |      Max Error [V]: 1.649091e-02
     RMS Error [W]: 6.852372e-04     |      Max Error [W]: 1.195206e-02
-------------------------------------------------------------------------

|           2|          40|   -7.001344|   -6.721858|   -6.768174|   -6.870742|
|           2|          41|   -7.034463|   -6.750747|   -6.795368|   -6.894020|
|           2|          42|   -7.066949|   -6.779113|   -6.822002|   -6.916646|
|           2|          43|   -7.098797|   -6.806973|   -6.848092|   -6.938643|
|           2|          44|   -7.129999|   -6.834343|   -6.873650|   -6.960030|
|           2|          45|   -7.160546|   -6.861229|   -6.898684|   -6.980822|
|           2|          46|   -7.190426|   -6.887636|   -6.923197|   -7.001034|
|           2|          47|   -7.219625|   -6.913565|   -6.947190|   -7.020677|
|           2|          48|   -7.248128|   -6.939011|   -6.970663|   -7.039763|
|           2|          49|   -7.275919|   -6.963970|   -6.993611|   -7.058301|
|           2|          50|   -7.302982|   -6.988432|   -7.016030|   -7.076301|
|           2|          51|   -7.329300|   -7.012389|   -7.037914|   -7.093773|
|           2|          52|   -7.354857|   -7.035828|   -7.059257|   -7.110727|
|           2|          53|   -7.379639|   -7.058738|   -7.080055|   -7.127172|
|           2|          54|   -7.403632|   -7.081107|   -7.100301|   -7.143120|
|           2|          55|   -7.426827|   -7.102923|   -7.119991|   -7.158581|
|           2|          56|   -7.449214|   -7.124173|   -7.139123|   -7.173568|
|           2|          57|   -7.470789|   -7.144849|   -7.157694|   -7.188091|
|           2|          58|   -7.491550|   -7.164940|   -7.175704|   -7.202165|
|           2|          59|   -7.511498|   -7.184440|   -7.193155|   -7.215802|
|           2|          60|   -7.530641|   -7.203343|   -7.210049|   -7.229015|
|           2|          61|   -7.548987|   -7.221644|   -7.226393|   -7.241819|
|           2|          62|   -7.566550|   -7.239344|   -7.242191|   -7.254227|
|           2|          63|   -7.583347|   -7.256443|   -7.257453|   -7.266254|
|           2|          64|   -7.599397|   -7.272945|   -7.272189|   -7.277914|
|           2|          65|   -7.614724|   -7.288855|   -7.286410|   -7.289219|
|           2|          66|   -7.629353|   -7.304181|   -7.300129|   -7.300186|
|           2|          67|   -7.643311|   -7.318934|   -7.313359|   -7.310826|
|           2|          68|   -7.656627|   -7.333126|   -7.326116|   -7.321153|
|           2|          69|   -7.669332|   -7.346771|   -7.338415|   -7.331181|
|           2|          70|   -7.681455|   -7.359884|   -7.350272|   -7.340921|
|           2|          71|   -7.693029|   -7.372481|   -7.361703|   -7.350386|
|           2|          72|   -7.704083|   -7.384581|   -7.372726|   -7.359589|
|           2|          73|   -7.714649|   -7.396203|   -7.383357|   -7.368539|
|           2|          74|   -7.724757|   -7.407365|   -7.393614|   -7.377247|
|           2|          75|   -7.734434|   -7.418087|   -7.403513|   -7.385725|
|           2|          76|   -7.743709|   -7.428389|   -7.413071|   -7.393982|
|           2|          77|   -7.752608|   -7.438291|   -7.422303|   -7.402028|
|           2|          78|   -7.761156|   -7.447813|   -7.431227|   -7.409871|
|           2|          79|   -7.769378|   -7.456974|   -7.439856|   -7.417520|

------------------------ Global Error Analysis --------------------------
     RMS Error [P]: 3.130507e-02     |      Max Error [P]: 4.524972e-01
     RMS Error [U]: 9.771250e-04     |      Max Error [U]: 1.650270e-02
     RMS Error [V]: 8.941236e-04     |      Max Error [V]: 1.648831e-02
     RMS Error [W]: 6.845198e-04     |      Max Error [W]: 1.195259e-02
-------------------------------------------------------------------------

|           2|          80|   -7.777295|   -7.465792|   -7.448205|   -7.424984|
|           2|          81|   -7.784928|   -7.474286|   -7.456290|   -7.432270|
|           2|          82|   -7.792297|   -7.482475|   -7.464123|   -7.439385|
|           2|          83|   -7.799421|   -7.490375|   -7.471718|   -7.446337|
|           2|          84|   -7.806315|   -7.498002|   -7.479086|   -7.453132|
|           2|          85|   -7.812996|   -7.505373|   -7.486241|   -7.459777|
|           2|          86|   -7.819479|   -7.512502|   -7.493192|   -7.466278|
|           2|          87|   -7.825776|   -7.519404|   -7.499951|   -7.472640|
|           2|          88|   -7.831899|   -7.526092|   -7.506528|   -7.478870|
|           2|          89|   -7.837861|   -7.532578|   -7.512933|   -7.484972|
|           2|          90|   -7.843672|   -7.538875|   -7.519174|   -7.490951|
|           2|          91|   -7.849341|   -7.544994|   -7.525260|   -7.496813|
|           2|          92|   -7.854878|   -7.550946|   -7.531199|   -7.502562|
|           2|          93|   -7.860290|   -7.556740|   -7.536999|   -7.508202|
|           2|          94|   -7.865585|   -7.562387|   -7.542668|   -7.513738|
|           2|          95|   -7.870771|   -7.567894|   -7.548211|   -7.519173|
|           2|          96|   -7.875852|   -7.573270|   -7.553636|   -7.524512|
|           2|          97|   -7.880837|   -7.578524|   -7.558948|   -7.529759|
|           2|          98|   -7.885730|   -7.583661|   -7.564154|   -7.534916|
|           2|          99|   -7.890536|   -7.588689|   -7.569258|   -7.539988|
|           2|         100|   -7.895260|   -7.593615|   -7.574267|   -7.544978|
|           2|         101|   -7.899906|   -7.598444|   -7.579184|   -7.549888|
|           2|         102|   -7.904480|   -7.603182|   -7.584014|   -7.554723|
|           2|         103|   -7.908983|   -7.607834|   -7.588762|   -7.559485|
|           2|         104|   -7.913421|   -7.612404|   -7.593432|   -7.564177|
|           2|         105|   -7.917797|   -7.616899|   -7.598027|   -7.568801|
|           2|         106|   -7.922113|   -7.621321|   -7.602552|   -7.573361|
|           2|         107|   -7.926372|   -7.625676|   -7.607010|   -7.577859|
|           2|         108|   -7.930578|   -7.629966|   -7.611404|   -7.582297|
|           2|         109|   -7.934733|   -7.634196|   -7.615738|   -7.586678|
|           2|         110|   -7.938839|   -7.638369|   -7.620014|   -7.591004|
|           2|         111|   -7.942900|   -7.642487|   -7.624235|   -7.595278|
|           2|         112|   -7.946916|   -7.646555|   -7.628404|   -7.599501|
|           2|         113|   -7.950890|   -7.650574|   -7.632523|   -7.603675|
|           2|         114|   -7.954824|   -7.654548|   -7.636595|   -7.607803|
|           2|         115|   -7.958721|   -7.658478|   -7.640623|   -7.611886|
|           2|         116|   -7.962580|   -7.662368|   -7.644608|   -7.615927|
|           2|         117|   -7.966406|   -7.666219|   -7.648552|   -7.619926|
|           2|         118|   -7.970198|   -7.670034|   -7.652457|   -7.623887|
|           2|         119|   -7.973959|   -7.673814|   -7.656326|   -7.627809|

------------------------ Global Error Analysis --------------------------
     RMS Error [P]: 3.124391e-02     |      Max Error [P]: 4.507625e-01
     RMS Error [U]: 9.770801e-04     |      Max Error [U]: 1.650246e-02
     RMS Error [V]: 8.940854e-04     |      Max Error [V]: 1.648811e-02
     RMS Error [W]: 6.844906e-04     |      Max Error [W]: 1.195262e-02
-------------------------------------------------------------------------

|           2|         120|   -7.977689|   -7.677562|   -7.660160|   -7.631696|
|           2|         121|   -7.981391|   -7.681278|   -7.663961|   -7.635548|
|           2|         122|   -7.985066|   -7.684965|   -7.667730|   -7.639367|
|           2|         123|   -7.988714|   -7.688625|   -7.671469|   -7.643154|
|           2|         124|   -7.992338|   -7.692258|   -7.675179|   -7.646911|
|           2|         125|   -7.995937|   -7.695866|   -7.678862|   -7.650639|
|           2|         126|   -7.999514|   -7.699451|   -7.682519|   -7.654339|
|           2|         127|   -8.003069|   -7.703013|   -7.686151|   -7.658013|
|           2|         128|   -8.006604|   -7.706554|   -7.689760|   -7.661661|
|           2|         129|   -8.010118|   -7.710075|   -7.693346|   -7.665285|
|           2|         130|   -8.013614|   -7.713577|   -7.696911|   -7.668885|
|           2|         131|   -8.017092|   -7.717061|   -7.700456|   -7.672464|
|           2|         132|   -8.020552|   -7.720528|   -7.703982|   -7.676021|
|           2|         133|   -8.023996|   -7.723979|   -7.707489|   -7.679557|
|           2|         134|   -8.027424|   -7.727414|   -7.710979|   -7.683074|
|           2|         135|   -8.030837|   -7.730835|   -7.714452|   -7.686573|
|           2|         136|   -8.034236|   -7.734242|   -7.717909|   -7.690053|
|           2|         137|   -8.037621|   -7.737636|   -7.721351|   -7.693517|
|           2|         138|   -8.040993|   -7.741017|   -7.724779|   -7.696964|
|           2|         139|   -8.044352|   -7.744386|   -7.728193|   -7.700396|
|           2|         140|   -8.047700|   -7.747744|   -7.731593|   -7.703813|
|           2|         141|   -8.051036|   -7.751092|   -7.734982|   -7.707216|
|           2|         142|   -8.054361|   -7.754429|   -7.738358|   -7.710605|
|           2|         143|   -8.057676|   -7.757757|   -7.741724|   -7.713981|
|           2|         144|   -8.060980|   -7.761075|   -7.745078|   -7.717345|
|           2|         145|   -8.064275|   -7.764385|   -7.748422|   -7.720696|
|           2|         146|   -8.067561|   -7.767686|   -7.751757|   -7.724037|
|           2|         147|   -8.070838|   -7.770980|   -7.755081|   -7.727366|
|           2|         148|   -8.074107|   -7.774265|   -7.758397|   -7.730685|
|           2|         149|   -8.077368|   -7.777544|   -7.761705|   -7.733994|
|           2|         150|   -8.080621|   -7.780816|   -7.765004|   -7.737294|
|           2|         151|   -8.083867|   -7.784081|   -7.768295|   -7.740584|
|           2|         152|   -8.087105|   -7.787340|   -7.771579|   -7.743866|
|           2|         153|   -8.090337|   -7.790593|   -7.774856|   -7.747139|
|           2|         154|   -8.093562|   -7.793841|   -7.778126|   -7.750404|
|           2|         155|   -8.096781|   -7.797083|   -7.781389|   -7.753662|
|           2|         156|   -8.099995|   -7.800320|   -7.784646|   -7.756912|
|           2|         157|   -8.103202|   -7.803551|   -7.787897|   -7.760155|
|           2|         158|   -8.106404|   -7.806778|   -7.791143|   -7.763392|
|           2|         159|   -8.109600|   -7.810001|   -7.794382|   -7.766621|

------------------------ Global Error Analysis --------------------------
     RMS Error [P]: 3.122661e-02     |      Max Error [P]: 4.501588e-01
     RMS Error [U]: 9.770746e-04     |      Max Error [U]: 1.650241e-02
     RMS Error [V]: 8.940812e-04     |      Max Error [V]: 1.648807e-02
     RMS Error [W]: 6.844883e-04     |      Max Error [W]: 1.195262e-02
-------------------------------------------------------------------------

|           2|         160|   -8.112791|   -7.813218|   -7.797617|   -7.769845|
|           2|         161|   -8.115978|   -7.816432|   -7.800846|   -7.773062|
|           2|         162|   -8.119159|   -7.819642|   -7.804070|   -7.776274|
|           2|         163|   -8.122336|   -7.822847|   -7.807289|   -7.779480|
|           2|         164|   -8.125509|   -7.826049|   -7.810504|   -7.782681|
|           2|         165|   -8.128677|   -7.829247|   -7.813714|   -7.785876|
|           2|         166|   -8.131841|   -7.832442|   -7.816920|   -7.789067|
|           2|         167|   -8.135001|   -7.835633|   -7.820122|   -7.792253|
|           2|         168|   -8.138157|   -7.838821|   -7.823320|   -7.795434|
|           2|         169|   -8.141309|   -7.842006|   -7.826514|   -7.798610|
|           2|         170|   -8.144457|   -7.845187|   -7.829704|   -7.801783|
|           2|         171|   -8.147602|   -7.848366|   -7.832891|   -7.804951|
|           2|         172|   -8.150743|   -7.851541|   -7.836073|   -7.808115|
|           2|         173|   -8.153881|   -7.854713|   -7.839253|   -7.811275|
|           2|         174|   -8.157016|   -7.857883|   -7.842429|   -7.814431|
|           2|         175|   -8.160147|   -7.861050|   -7.845601|   -7.817583|
|           2|         176|   -8.163275|   -7.864214|   -7.848771|   -7.820732|
|           2|         177|   -8.166400|   -7.867376|   -7.851937|   -7.823877|
|           2|         178|   -8.169522|   -7.870535|   -7.855100|   -7.827019|
|           2|         179|   -8.172640|   -7.873691|   -7.858260|   -7.830157|
|           2|         180|   -8.175756|   -7.876845|   -7.861417|   -7.833293|
|           2|         181|   -8.178869|   -7.879996|   -7.864571|   -7.836424|
|           2|         182|   -8.181979|   -7.883144|   -7.867722|   -7.839553|
|           2|         183|   -8.185086|   -7.886291|   -7.870870|   -7.842679|
|           2|         184|   -8.188191|   -7.889435|   -7.874015|   -7.845801|
|           2|         185|   -8.191292|   -7.892576|   -7.877158|   -7.848921|
|           2|         186|   -8.194391|   -7.895715|   -7.880298|   -7.852038|
|           2|         187|   -8.197487|   -7.898852|   -7.883435|   -7.855152|
|           2|         188|   -8.200581|   -7.901986|   -7.886569|   -7.858263|
|           2|         189|   -8.203671|   -7.905118|   -7.889701|   -7.861371|
|           2|         190|   -8.206759|   -7.908248|   -7.892830|   -7.864476|
|           2|         191|   -8.209845|   -7.911375|   -7.895956|   -7.867579|
|           2|         192|   -8.212928|   -7.914500|   -7.899080|   -7.870679|
|           2|         193|   -8.216008|   -7.917622|   -7.902201|   -7.873776|
|           2|         194|   -8.219085|   -7.920743|   -7.905320|   -7.876871|
|           2|         195|   -8.222160|   -7.923861|   -7.908435|   -7.879963|
|           2|         196|   -8.225233|   -7.926976|   -7.911549|   -7.883053|
|           2|         197|   -8.228302|   -7.930090|   -7.914659|   -7.886139|
|           2|         198|   -8.231370|   -7.933201|   -7.917767|   -7.889224|
|           2|         199|   -8.234434|   -7.936309|   -7.920873|   -7.892305|

------------------------ Global Error Analysis --------------------------
     RMS Error [P]: 3.121859e-02     |      Max Error [P]: 4.498701e-01
     RMS Error [U]: 9.770727e-04     |      Max Error [U]: 1.650239e-02
     RMS Error [V]: 8.940799e-04     |      Max Error [V]: 1.648805e-02
     RMS Error [W]: 6.844880e-04     |      Max Error [W]: 1.195262e-02
-------------------------------------------------------------------------

|           2|         200|   -8.237496|   -7.939416|   -7.923975|   -7.895384|
|           2|         201|   -8.240556|   -7.942519|   -7.927076|   -7.898461|
|           2|         202|   -8.243612|   -7.945621|   -7.930173|   -7.901535|
|           2|         203|   -8.246667|   -7.948720|   -7.933268|   -7.904607|
|           2|         204|   -8.249718|   -7.951817|   -7.936361|   -7.907675|
|           2|         205|   -8.252767|   -7.954911|   -7.939451|   -7.910742|
|           2|         206|   -8.255813|   -7.958003|   -7.942538|   -7.913806|
|           2|         207|   -8.258857|   -7.961093|   -7.945622|   -7.916867|
|           2|         208|   -8.261898|   -7.964180|   -7.948704|   -7.919926|
|           2|         209|   -8.264937|   -7.967265|   -7.951783|   -7.922982|
|           2|         210|   -8.267973|   -7.970347|   -7.954860|   -7.926036|
|           2|         211|   -8.271006|   -7.973426|   -7.957934|   -7.929087|
|           2|         212|   -8.274036|   -7.976504|   -7.961005|   -7.932136|
|           2|         213|   -8.277064|   -7.979578|   -7.964074|   -7.935182|
|           2|         214|   -8.280089|   -7.982650|   -7.967139|   -7.938226|
|           2|         215|   -8.283112|   -7.985720|   -7.970203|   -7.941267|
|           2|         216|   -8.286131|   -7.988787|   -7.973263|   -7.944306|
|           2|         217|   -8.289148|   -7.991852|   -7.976321|   -7.947341|
|           2|         218|   -8.292162|   -7.994913|   -7.979375|   -7.950375|
|           2|         219|   -8.295174|   -7.997973|   -7.982428|   -7.953406|
|           2|         220|   -8.298182|   -8.001029|   -7.985477|   -7.956434|
|           2|         221|   -8.301188|   -8.004083|   -7.988523|   -7.959459|
|           2|         222|   -8.304191|   -8.007135|   -7.991567|   -7.962482|
|           2|         223|   -8.307192|   -8.010183|   -7.994608|   -7.965503|
|           2|         224|   -8.310189|   -8.013229|   -7.997646|   -7.968520|
|           2|         225|   -8.313184|   -8.016273|   -8.000681|   -7.971535|
|           2|         226|   -8.316175|   -8.019313|   -8.003714|   -7.974548|
|           2|         227|   -8.319164|   -8.022351|   -8.006743|   -7.977557|
|           2|         228|   -8.322150|   -8.025386|   -8.009770|   -7.980564|
|           2|         229|   -8.325133|   -8.028418|   -8.012793|   -7.983569|
|           2|         230|   -8.328113|   -8.031448|   -8.015814|   -7.986571|
|           2|         231|   -8.331091|   -8.034474|   -8.018832|   -7.989569|
|           2|         232|   -8.334065|   -8.037498|   -8.021847|   -7.992566|
|           2|         233|   -8.337036|   -8.040519|   -8.024859|   -7.995559|
|           2|         234|   -8.340005|   -8.043537|   -8.027868|   -7.998550|
|           2|         235|   -8.342970|   -8.046552|   -8.030874|   -8.001538|
|           2|         236|   -8.345932|   -8.049565|   -8.033877|   -8.004523|
|           2|         237|   -8.348892|   -8.052574|   -8.036876|   -8.007506|
|           2|         238|   -8.351848|   -8.055581|   -8.039873|   -8.010485|
|           2|         239|   -8.354802|   -8.058585|   -8.042867|   -8.013462|

------------------------ Global Error Analysis --------------------------
     RMS Error [P]: 3.121411e-02     |      Max Error [P]: 4.497076e-01
     RMS Error [U]: 9.770716e-04     |      Max Error [U]: 1.650238e-02
     RMS Error [V]: 8.940793e-04     |      Max Error [V]: 1.648804e-02
     RMS Error [W]: 6.844882e-04     |      Max Error [W]: 1.195262e-02
-------------------------------------------------------------------------

|           2|         240|   -8.357752|   -8.061585|   -8.045858|   -8.016436|
|           2|         241|   -8.360699|   -8.064583|   -8.048846|   -8.019407|
|           2|         242|   -8.363644|   -8.067578|   -8.051830|   -8.022376|
|           2|         243|   -8.366585|   -8.070570|   -8.054812|   -8.025341|
|           2|         244|   -8.369523|   -8.073558|   -8.057790|   -8.028304|
|           2|         245|   -8.372458|   -8.076544|   -8.060766|   -8.031264|
|           2|         246|   -8.375390|   -8.079527|   -8.063738|   -8.034221|
|           2|         247|   -8.378319|   -8.082507|   -8.066707|   -8.037175|
|           2|         248|   -8.381245|   -8.085484|   -8.069673|   -8.040126|
|           2|         249|   -8.384167|   -8.088457|   -8.072636|   -8.043075|
|           2|         250|   -8.387087|   -8.091428|   -8.075596|   -8.046020|
|           2|         251|   -8.390003|   -8.094396|   -8.078552|   -8.048962|
|           2|         252|   -8.392916|   -8.097360|   -8.081506|   -8.051902|
|           2|         253|   -8.395826|   -8.100322|   -8.084456|   -8.054839|
|           2|         254|   -8.398733|   -8.103280|   -8.087403|   -8.057772|
|           2|         255|   -8.401637|   -8.106235|   -8.090347|   -8.060703|
|           2|         256|   -8.404538|   -8.109187|   -8.093287|   -8.063631|
|           2|         257|   -8.407435|   -8.112136|   -8.096225|   -8.066556|
|           2|         258|   -8.410329|   -8.115082|   -8.099159|   -8.069478|
|           2|         259|   -8.413220|   -8.118025|   -8.102090|   -8.072397|
|           2|         260|   -8.416108|   -8.120965|   -8.105018|   -8.075313|
|           2|         261|   -8.418992|   -8.123901|   -8.107942|   -8.078226|
|           2|         262|   -8.421874|   -8.126834|   -8.110863|   -8.081136|
|           2|         263|   -8.424752|   -8.129764|   -8.113781|   -8.084043|
|           2|         264|   -8.427627|   -8.132691|   -8.116696|   -8.086947|
|           2|         265|   -8.430499|   -8.135615|   -8.119608|   -8.089848|
|           2|         266|   -8.433367|   -8.138536|   -8.122516|   -8.092746|
|           2|         267|   -8.436232|   -8.141453|   -8.125421|   -8.095641|
|           2|         268|   -8.439094|   -8.144368|   -8.128323|   -8.098532|
|           2|         269|   -8.441953|   -8.147279|   -8.131221|   -8.101421|
|           2|         270|   -8.444809|   -8.150187|   -8.134116|   -8.104307|
|           2|         271|   -8.447661|   -8.153091|   -8.137008|   -8.107190|
|           2|         272|   -8.450510|   -8.155993|   -8.139897|   -8.110070|
|           2|         273|   -8.453356|   -8.158891|   -8.142782|   -8.112947|
|           2|         274|   -8.456199|   -8.161786|   -8.145665|   -8.115821|
|           2|         275|   -8.459038|   -8.164678|   -8.148543|   -8.118691|
|           2|         276|   -8.461875|   -8.167567|   -8.151419|   -8.121559|
|           2|         277|   -8.464708|   -8.170452|   -8.154291|   -8.124424|
|           2|         278|   -8.467537|   -8.173335|   -8.157160|   -8.127285|
|           2|         279|   -8.470364|   -8.176214|   -8.160026|   -8.130144|

------------------------ Global Error Analysis --------------------------
     RMS Error [P]: 3.121132e-02     |      Max Error [P]: 4.496053e-01
     RMS Error [U]: 9.770710e-04     |      Max Error [U]: 1.650237e-02
     RMS Error [V]: 8.940790e-04     |      Max Error [V]: 1.648804e-02
     RMS Error [W]: 6.844884e-04     |      Max Error [W]: 1.195262e-02
-------------------------------------------------------------------------

|           2|         280|   -8.473187|   -8.179090|   -8.162889|   -8.133000|
|           2|         281|   -8.476007|   -8.181962|   -8.165748|   -8.135852|
|           2|         282|   -8.478824|   -8.184832|   -8.168604|   -8.138702|
|           2|         283|   -8.481638|   -8.187698|   -8.171457|   -8.141548|
|           2|         284|   -8.484448|   -8.190561|   -8.174306|   -8.144392|
|           2|         285|   -8.487255|   -8.193421|   -8.177152|   -8.147232|
|           2|         286|   -8.490059|   -8.196278|   -8.179995|   -8.150069|
|           2|         287|   -8.492860|   -8.199131|   -8.182835|   -8.152904|
|           2|         288|   -8.495658|   -8.201982|   -8.185671|   -8.155735|
|           2|         289|   -8.498452|   -8.204829|   -8.188504|   -8.158563|
|           2|         290|   -8.501243|   -8.207673|   -8.191334|   -8.161388|
|           2|         291|   -8.504031|   -8.210513|   -8.194161|   -8.164211|
|           2|         292|   -8.506816|   -8.213351|   -8.196984|   -8.167030|
|           2|         293|   -8.509598|   -8.216185|   -8.199804|   -8.169846|
|           2|         294|   -8.512376|   -8.219016|   -8.202621|   -8.172659|
|           2|         295|   -8.515152|   -8.221845|   -8.205435|   -8.175469|
|           2|         296|   -8.517924|   -8.224669|   -8.208246|   -8.178277|
|           2|         297|   -8.520693|   -8.227491|   -8.211053|   -8.181081|
|           2|         298|   -8.523459|   -8.230310|   -8.213857|   -8.183882|
|           2|         299|   -8.526221|   -8.233125|   -8.216658|   -8.186680|
|           2|         300|   -8.528981|   -8.235937|   -8.219456|   -8.189475|
|           2|         301|   -8.531737|   -8.238746|   -8.222250|   -8.192267|
|           2|         302|   -8.534491|   -8.241552|   -8.225041|   -8.195057|
|           2|         303|   -8.537241|   -8.244355|   -8.227830|   -8.197843|
|           2|         304|   -8.539988|   -8.247155|   -8.230615|   -8.200626|
|           2|         305|   -8.542732|   -8.249951|   -8.233396|   -8.203406|
|           2|         306|   -8.545473|   -8.252745|   -8.236175|   -8.206184|
|           2|         307|   -8.548211|   -8.255535|   -8.238951|   -8.208958|
|           2|         308|   -8.550945|   -8.258323|   -8.241723|   -8.211730|
|           2|         309|   -8.553677|   -8.261107|   -8.244492|   -8.214498|
|           2|         310|   -8.556406|   -8.263888|   -8.247259|   -8.217264|
|           2|         311|   -8.559131|   -8.266666|   -8.250022|   -8.220026|
|           2|         312|   -8.561854|   -8.269441|   -8.252782|   -8.222786|
|           2|         313|   -8.564574|   -8.272213|   -8.255538|   -8.225543|
|           2|         314|   -8.567290|   -8.274982|   -8.258292|   -8.228297|
|           2|         315|   -8.570004|   -8.277748|   -8.261043|   -8.231048|
|           2|         316|   -8.572714|   -8.280511|   -8.263791|   -8.233796|
|           2|         317|   -8.575422|   -8.283271|   -8.266535|   -8.236541|
|           2|         318|   -8.578127|   -8.286027|   -8.269277|   -8.239284|
|           2|         319|   -8.580828|   -8.288781|   -8.272015|   -8.242023|

------------------------ Global Error Analysis --------------------------
     RMS Error [P]: 3.120945e-02     |      Max Error [P]: 4.495357e-01
     RMS Error [U]: 9.770705e-04     |      Max Error [U]: 1.650237e-02
     RMS Error [V]: 8.940788e-04     |      Max Error [V]: 1.648804e-02
     RMS Error [W]: 6.844886e-04     |      Max Error [W]: 1.195261e-02
-------------------------------------------------------------------------

|           2|         320|   -8.583527|   -8.291532|   -8.274751|   -8.244760|
|           2|         321|   -8.586223|   -8.294280|   -8.277483|   -8.247494|
|           2|         322|   -8.588916|   -8.297025|   -8.280213|   -8.250225|
|           2|         323|   -8.591606|   -8.299767|   -8.282939|   -8.252953|
|           2|         324|   -8.594293|   -8.302506|   -8.285663|   -8.255678|
|           2|         325|   -8.596977|   -8.305242|   -8.288383|   -8.258401|
|           2|         326|   -8.599658|   -8.307975|   -8.291101|   -8.261121|
|           2|         327|   -8.602336|   -8.310705|   -8.293815|   -8.263838|
|           2|         328|   -8.605012|   -8.313432|   -8.296527|   -8.266552|
|           2|         329|   -8.607685|   -8.316156|   -8.299236|   -8.269263|
|           2|         330|   -8.610355|   -8.318878|   -8.301942|   -8.271972|
|           2|         331|   -8.613022|   -8.321596|   -8.304645|   -8.274678|
|           2|         332|   -8.615686|   -8.324312|   -8.307345|   -8.277381|
|           2|         333|   -8.618347|   -8.327025|   -8.310042|   -8.280082|
|           2|         334|   -8.621006|   -8.329735|   -8.312736|   -8.282780|
|           2|         335|   -8.623662|   -8.332442|   -8.315428|   -8.285475|
|           2|         336|   -8.626315|   -8.335147|   -8.318116|   -8.288167|
|           2|         337|   -8.628966|   -8.337848|   -8.320802|   -8.290857|
|           2|         338|   -8.631613|   -8.340547|   -8.323485|   -8.293544|
|           2|         339|   -8.634258|   -8.343243|   -8.326165|   -8.296228|
|           2|         340|   -8.636900|   -8.345936|   -8.328843|   -8.298910|
|           2|         341|   -8.639540|   -8.348627|   -8.331517|   -8.301589|
|           2|         342|   -8.642177|   -8.351314|   -8.334189|   -8.304265|
|           2|         343|   -8.644811|   -8.353999|   -8.336858|   -8.306939|
|           2|         344|   -8.647443|   -8.356681|   -8.339525|   -8.309610|
|           2|         345|   -8.650072|   -8.359361|   -8.342188|   -8.312279|
|           2|         346|   -8.652698|   -8.362038|   -8.344849|   -8.314945|
|           2|         347|   -8.655322|   -8.364712|   -8.347507|   -8.317608|
|           2|         348|   -8.657943|   -8.367383|   -8.350163|   -8.320269|
|           2|         349|   -8.660562|   -8.370052|   -8.352816|   -8.322927|
|           2|         350|   -8.663178|   -8.372718|   -8.355466|   -8.325583|
|           2|         351|   -8.665791|   -8.375382|   -8.358114|   -8.328236|
|           2|         352|   -8.668402|   -8.378043|   -8.360759|   -8.330887|
|           2|         353|   -8.671010|   -8.380701|   -8.363401|   -8.333535|
|           2|         354|   -8.673616|   -8.383357|   -8.366041|   -8.336181|
|           2|         355|   -8.676220|   -8.386010|   -8.368678|   -8.338824|
|           2|         356|   -8.678821|   -8.388660|   -8.371312|   -8.341465|
|           2|         357|   -8.681419|   -8.391308|   -8.373944|   -8.344103|
|           2|         358|   -8.684015|   -8.393954|   -8.376574|   -8.346739|
|           2|         359|   -8.686609|   -8.396596|   -8.379201|   -8.349373|

------------------------ Global Error Analysis --------------------------
     RMS Error [P]: 3.120814e-02     |      Max Error [P]: 4.494859e-01
     RMS Error [U]: 9.770702e-04     |      Max Error [U]: 1.650237e-02
     RMS Error [V]: 8.940786e-04     |      Max Error [V]: 1.648804e-02
     RMS Error [W]: 6.844888e-04     |      Max Error [W]: 1.195261e-02
-------------------------------------------------------------------------

|           2|         360|   -8.689200|   -8.399237|   -8.381825|   -8.352004|
|           2|         361|   -8.691788|   -8.401875|   -8.384447|   -8.354632|
|           2|         362|   -8.694375|   -8.404510|   -8.387066|   -8.357258|
|           2|         363|   -8.696959|   -8.407143|   -8.389683|   -8.359882|
|           2|         364|   -8.699540|   -8.409773|   -8.392298|   -8.362504|
|           2|         365|   -8.702120|   -8.412401|   -8.394910|   -8.365123|
|           2|         366|   -8.704696|   -8.415027|   -8.397519|   -8.367740|
|           2|         367|   -8.707271|   -8.417650|   -8.400126|   -8.370354|
|           2|         368|   -8.709843|   -8.420271|   -8.402731|   -8.372966|
|           2|         369|   -8.712413|   -8.422889|   -8.405333|   -8.375576|
|           2|         370|   -8.714981|   -8.425505|   -8.407933|   -8.378184|
|           2|         371|   -8.717546|   -8.428118|   -8.410531|   -8.380789|
|           2|         372|   -8.720110|   -8.430730|   -8.413126|   -8.383392|
|           2|         373|   -8.722670|   -8.433338|   -8.415719|   -8.385993|
|           2|         374|   -8.725229|   -8.435945|   -8.418310|   -8.388591|
|           2|         375|   -8.727786|   -8.438549|   -8.420898|   -8.391188|
|           2|         376|   -8.730340|   -8.441151|   -8.423484|   -8.393782|
|           2|         377|   -8.732892|   -8.443751|   -8.426068|   -8.396374|
|           2|         378|   -8.735442|   -8.446348|   -8.428649|   -8.398963|
|           2|         379|   -8.737990|   -8.448943|   -8.431228|   -8.401551|
|           2|         380|   -8.740536|   -8.451536|   -8.433805|   -8.404136|
|           2|         381|   -8.743079|   -8.454126|   -8.436380|   -8.406719|
|           2|         382|   -8.745621|   -8.456715|   -8.438952|   -8.409300|
|           2|         383|   -8.748160|   -8.459301|   -8.441523|   -8.411879|
|           2|         384|   -8.750697|   -8.461885|   -8.444091|   -8.414456|
|           2|         385|   -8.753233|   -8.464467|   -8.446657|   -8.417031|
|           2|         386|   -8.755766|   -8.467046|   -8.449221|   -8.419603|
|           2|         387|   -8.758297|   -8.469624|   -8.451782|   -8.422174|
|           2|         388|   -8.760826|   -8.472199|   -8.454342|   -8.424742|
|           2|         389|   -8.763353|   -8.474772|   -8.456899|   -8.427309|
|           2|         390|   -8.765878|   -8.477343|   -8.459455|   -8.429873|
|           2|         391|   -8.768401|   -8.479912|   -8.462008|   -8.432435|
|           2|         392|   -8.770923|   -8.482479|   -8.464559|   -8.434996|
|           2|         393|   -8.773442|   -8.485044|   -8.467108|   -8.437554|
|           2|         394|   -8.775959|   -8.487607|   -8.469655|   -8.440110|
|           2|         395|   -8.778475|   -8.490167|   -8.472200|   -8.442665|
|           2|         396|   -8.780988|   -8.492726|   -8.474743|   -8.445217|
|           2|         397|   -8.783500|   -8.495283|   -8.477284|   -8.447767|
|           2|         398|   -8.786009|   -8.497837|   -8.479823|   -8.450316|
|           2|         399|   -8.788517|   -8.500390|   -8.482360|   -8.452863|

------------------------ Global Error Analysis --------------------------
     RMS Error [P]: 3.120719e-02     |      Max Error [P]: 4.494493e-01
     RMS Error [U]: 9.770699e-04     |      Max Error [U]: 1.650237e-02
     RMS Error [V]: 8.940786e-04     |      Max Error [V]: 1.648803e-02
     RMS Error [W]: 6.844889e-04     |      Max Error [W]: 1.195261e-02
-------------------------------------------------------------------------

|           2|         400|   -8.791023|   -8.502941|   -8.484895|   -8.455407|
|           2|         401|   -8.793527|   -8.505489|   -8.487429|   -8.457950|
|           2|         402|   -8.796029|   -8.508036|   -8.489960|   -8.460491|
|           2|         403|   -8.798530|   -8.510581|   -8.492489|   -8.463030|
|           2|         404|   -8.801029|   -8.513124|   -8.495016|   -8.465567|
|           2|         405|   -8.803525|   -8.515665|   -8.497542|   -8.468102|
|           2|         406|   -8.806021|   -8.518204|   -8.500066|   -8.470636|
|           2|         407|   -8.808514|   -8.520741|   -8.502587|   -8.473167|
|           2|         408|   -8.811006|   -8.523277|   -8.505107|   -8.475697|
|           2|         409|   -8.813495|   -8.525810|   -8.507625|   -8.478225|
|           2|         410|   -8.815984|   -8.528342|   -8.510142|   -8.480751|
|           2|         411|   -8.818470|   -8.530871|   -8.512656|   -8.483276|
|           2|         412|   -8.820955|   -8.533399|   -8.515169|   -8.485799|
|           2|         413|   -8.823438|   -8.535925|   -8.517679|   -8.488320|
|           2|         414|   -8.825919|   -8.538450|   -8.520189|   -8.490839|
|           2|         415|   -8.828399|   -8.540972|   -8.522696|   -8.493356|
|           2|         416|   -8.830877|   -8.543493|   -8.525201|   -8.495872|
|           2|         417|   -8.833354|   -8.546012|   -8.527705|   -8.498386|
|           2|         418|   -8.835829|   -8.548529|   -8.530207|   -8.500898|
|           2|         419|   -8.838302|   -8.551045|   -8.532708|   -8.503409|
|           2|         420|   -8.840774|   -8.553559|   -8.535206|   -8.505918|
|           2|         421|   -8.843244|   -8.556071|   -8.537703|   -8.508425|
|           2|         422|   -8.845712|   -8.558581|   -8.540199|   -8.510931|
|           2|         423|   -8.848179|   -8.561090|   -8.542692|   -8.513435|
|           2|         424|   -8.850645|   -8.563597|   -8.545185|   -8.515937|
|           2|         425|   -8.853109|   -8.566102|   -8.547675|   -8.518438|
|           2|         426|   -8.855571|   -8.568606|   -8.550164|   -8.520937|
|           2|         427|   -8.858032|   -8.571108|   -8.552651|   -8.523435|
|           2|         428|   -8.860492|   -8.573609|   -8.555137|   -8.525931|
|           2|         429|   -8.862949|   -8.576108|   -8.557621|   -8.528426|
|           2|         430|   -8.865406|   -8.578605|   -8.560103|   -8.530919|
|           2|         431|   -8.867861|   -8.581101|   -8.562584|   -8.533410|
|           2|         432|   -8.870315|   -8.583595|   -8.565063|   -8.535900|
|           2|         433|   -8.872767|   -8.586087|   -8.567541|   -8.538388|
|           2|         434|   -8.875218|   -8.588578|   -8.570017|   -8.540875|
|           2|         435|   -8.877667|   -8.591068|   -8.572492|   -8.543360|
|           2|         436|   -8.880115|   -8.593556|   -8.574965|   -8.545844|
|           2|         437|   -8.882561|   -8.596042|   -8.577437|   -8.548327|
|           2|         438|   -8.885007|   -8.598527|   -8.579907|   -8.550807|
|           2|         439|   -8.887450|   -8.601010|   -8.582376|   -8.553287|

------------------------ Global Error Analysis --------------------------
     RMS Error [P]: 3.120649e-02     |      Max Error [P]: 4.494217e-01
     RMS Error [U]: 9.770697e-04     |      Max Error [U]: 1.650237e-02
     RMS Error [V]: 8.940785e-04     |      Max Error [V]: 1.648803e-02
     RMS Error [W]: 6.844890e-04     |      Max Error [W]: 1.195261e-02
-------------------------------------------------------------------------

|           2|         440|   -8.889893|   -8.603492|   -8.584843|   -8.555765|
|           2|         441|   -8.892334|   -8.605973|   -8.587309|   -8.558241|
|           2|         442|   -8.894774|   -8.608452|   -8.589774|   -8.560717|
|           2|         443|   -8.897212|   -8.610929|   -8.592237|   -8.563190|
|           2|         444|   -8.899650|   -8.613405|   -8.594699|   -8.565663|
|           2|         445|   -8.902085|   -8.615880|   -8.597159|   -8.568134|
|           2|         446|   -8.904520|   -8.618353|   -8.599618|   -8.570603|
|           2|         447|   -8.906953|   -8.620825|   -8.602075|   -8.573071|
|           2|         448|   -8.909386|   -8.623296|   -8.604532|   -8.575538|
|           2|         449|   -8.911816|   -8.625765|   -8.606986|   -8.578004|
|           2|         450|   -8.914246|   -8.628232|   -8.609440|   -8.580468|
|           2|         451|   -8.916674|   -8.630699|   -8.611892|   -8.582931|
|           2|         452|   -8.919102|   -8.633164|   -8.614343|   -8.585392|
|           2|         453|   -8.921528|   -8.635627|   -8.616792|   -8.587852|
|           2|         454|   -8.923952|   -8.638090|   -8.619241|   -8.590311|
|           2|         455|   -8.926376|   -8.640551|   -8.621687|   -8.592769|
|           2|         456|   -8.928798|   -8.643010|   -8.624133|   -8.595225|
|           2|         457|   -8.931220|   -8.645469|   -8.626578|   -8.597680|
|           2|         458|   -8.933640|   -8.647926|   -8.629021|   -8.600134|
|           2|         459|   -8.936059|   -8.650381|   -8.631463|   -8.602587|
|           2|         460|   -8.938477|   -8.652836|   -8.633903|   -8.605038|
|           2|         461|   -8.940893|   -8.655289|   -8.636343|   -8.607488|
|           2|         462|   -8.943309|   -8.657741|   -8.638781|   -8.609937|
|           2|         463|   -8.945723|   -8.660192|   -8.641218|   -8.612385|
|           2|         464|   -8.948137|   -8.662642|   -8.643654|   -8.614831|
|           2|         465|   -8.950549|   -8.665090|   -8.646088|   -8.617277|
|           2|         466|   -8.952960|   -8.667537|   -8.648522|   -8.619721|
|           2|         467|   -8.955370|   -8.669983|   -8.650954|   -8.622164|
|           2|         468|   -8.957780|   -8.672428|   -8.653385|   -8.624605|
|           2|         469|   -8.960188|   -8.674872|   -8.655815|   -8.627046|
|           2|         470|   -8.962595|   -8.677314|   -8.658244|   -8.629486|
|           2|         471|   -8.965001|   -8.679755|   -8.660672|   -8.631924|
|           2|         472|   -8.967406|   -8.682195|   -8.663099|   -8.634361|
|           2|         473|   -8.969810|   -8.684634|   -8.665524|   -8.636797|
|           2|         474|   -8.972213|   -8.687072|   -8.667949|   -8.639232|
|           2|         475|   -8.974615|   -8.689509|   -8.670372|   -8.641666|
|           2|         476|   -8.977016|   -8.691944|   -8.672794|   -8.644099|
|           2|         477|   -8.979416|   -8.694379|   -8.675216|   -8.646531|
|           2|         478|   -8.981815|   -8.696812|   -8.677636|   -8.648961|
|           2|         479|   -8.984213|   -8.699245|   -8.680055|   -8.651391|

------------------------ Global Error Analysis --------------------------
     RMS Error [P]: 3.120597e-02     |      Max Error [P]: 4.494008e-01
     RMS Error [U]: 9.770696e-04     |      Max Error [U]: 1.650237e-02
     RMS Error [V]: 8.940784e-04     |      Max Error [V]: 1.648803e-02
     RMS Error [W]: 6.844891e-04     |      Max Error [W]: 1.195261e-02
-------------------------------------------------------------------------

|           2|         480|   -8.986610|   -8.701676|   -8.682473|   -8.653820|
|           2|         481|   -8.989007|   -8.704106|   -8.684890|   -8.656247|
|           2|         482|   -8.991402|   -8.706535|   -8.687306|   -8.658674|
|           2|         483|   -8.993796|   -8.708963|   -8.689721|   -8.661099|
|           2|         484|   -8.996190|   -8.711390|   -8.692135|   -8.663523|
|           2|         485|   -8.998582|   -8.713816|   -8.694548|   -8.665947|
|           2|         486|   -9.000974|   -8.716241|   -8.696960|   -8.668369|
|           2|         487|   -9.003365|   -8.718665|   -8.699371|   -8.670791|
|           2|         488|   -9.005755|   -8.721088|   -8.701781|   -8.673211|
|           2|         489|   -9.008144|   -8.723510|   -8.704190|   -8.675631|
|           2|         490|   -9.010532|   -8.725931|   -8.706598|   -8.678049|
|           2|         491|   -9.012920|   -8.728351|   -8.709006|   -8.680467|
|           2|         492|   -9.015306|   -8.730770|   -8.711412|   -8.682883|
|           2|         493|   -9.017692|   -8.733188|   -8.713817|   -8.685299|
|           2|         494|   -9.020077|   -8.735605|   -8.716222|   -8.687713|
|           2|         495|   -9.022461|   -8.738022|   -8.718625|   -8.690127|
|           2|         496|   -9.024844|   -8.740437|   -8.721028|   -8.692540|
|           2|         497|   -9.027226|   -8.742851|   -8.723430|   -8.694952|
|           2|         498|   -9.029608|   -8.745264|   -8.725830|   -8.697363|
|           2|         499|   -9.031989|   -8.747677|   -8.728230|   -8.699773|
|           2|         500|   -9.034369|   -8.750088|   -8.730629|   -8.702182|
|           2|         501|   -9.036748|   -8.752499|   -8.733028|   -8.704591|
|           2|         502|   -9.039127|   -8.754909|   -8.735425|   -8.706998|
|           2|         503|   -9.041505|   -8.757318|   -8.737822|   -8.709405|
|           2|         504|   -9.043882|   -8.759726|   -8.740217|   -8.711810|
|           2|         505|   -9.046258|   -8.762133|   -8.742612|   -8.714215|
|           2|         506|   -9.048634|   -8.764539|   -8.745006|   -8.716619|
|           2|         507|   -9.051008|   -8.766944|   -8.747399|   -8.719022|
|           2|         508|   -9.053382|   -8.769349|   -8.749792|   -8.721425|
|           2|         509|   -9.055756|   -8.771753|   -8.752183|   -8.723826|
|           2|         510|   -9.058128|   -8.774156|   -8.754574|   -8.726227|
|           2|         511|   -9.060500|   -8.776558|   -8.756964|   -8.728627|
|           2|         512|   -9.062872|   -8.778959|   -8.759353|   -8.731026|
|           2|         513|   -9.065242|   -8.781359|   -8.761742|   -8.733424|
|           2|         514|   -9.067612|   -8.783759|   -8.764130|   -8.735822|
|           2|         515|   -9.069981|   -8.786158|   -8.766516|   -8.738219|
|           2|         516|   -9.072350|   -8.788556|   -8.768903|   -8.740614|
|           2|         517|   -9.074718|   -8.790953|   -8.771288|   -8.743010|
|           2|         518|   -9.077085|   -8.793350|   -8.773673|   -8.745404|
|           2|         519|   -9.079452|   -8.795745|   -8.776057|   -8.747798|

------------------------ Global Error Analysis --------------------------
     RMS Error [P]: 3.120557e-02     |      Max Error [P]: 4.493847e-01
     RMS Error [U]: 9.770695e-04     |      Max Error [U]: 1.650236e-02
     RMS Error [V]: 8.940784e-04     |      Max Error [V]: 1.648803e-02
     RMS Error [W]: 6.844892e-04     |      Max Error [W]: 1.195261e-02
-------------------------------------------------------------------------

|           2|         520|   -9.081818|   -8.798140|   -8.778440|   -8.750191|
|           2|         521|   -9.084183|   -8.800534|   -8.780822|   -8.752583|
|           2|         522|   -9.086548|   -8.802928|   -8.783204|   -8.754974|
|           2|         523|   -9.088912|   -8.805321|   -8.785585|   -8.757365|
|           2|         524|   -9.091275|   -8.807713|   -8.787966|   -8.759755|
|           2|         525|   -9.093638|   -8.810104|   -8.790345|   -8.762144|
|           2|         526|   -9.096000|   -8.812494|   -8.792724|   -8.764533|
|           2|         527|   -9.098362|   -8.814884|   -8.795103|   -8.766920|
|           2|         528|   -9.100723|   -8.817273|   -8.797480|   -8.769308|
|           2|         529|   -9.103084|   -8.819662|   -8.799857|   -8.771694|
|           2|         530|   -9.105443|   -8.822049|   -8.802234|   -8.774080|
|           2|         531|   -9.107803|   -8.824436|   -8.804610|   -8.776465|
|           2|         532|   -9.110162|   -8.826823|   -8.806985|   -8.778849|
|           2|         533|   -9.112520|   -8.829208|   -8.809359|   -8.781233|
|           2|         534|   -9.114877|   -8.831593|   -8.811733|   -8.783616|
|           2|         535|   -9.117234|   -8.833978|   -8.814106|   -8.785998|
|           2|         536|   -9.119591|   -8.836361|   -8.816478|   -8.788380|
|           2|         537|   -9.121947|   -8.838744|   -8.818850|   -8.790761|
|           2|         538|   -9.124302|   -8.841127|   -8.821222|   -8.793142|
|           2|         539|   -9.126657|   -8.843508|   -8.823592|   -8.795521|
|           2|         540|   -9.129012|   -8.845889|   -8.825962|   -8.797901|
|           2|         541|   -9.131366|   -8.848270|   -8.828332|   -8.800279|
|           2|         542|   -9.133719|   -8.850650|   -8.830701|   -8.802657|
|           2|         543|   -9.136072|   -8.853029|   -8.833069|   -8.805034|
|           2|         544|   -9.138424|   -8.855408|   -8.835437|   -8.807411|
|           2|         545|   -9.140776|   -8.857786|   -8.837804|   -8.809787|
|           2|         546|   -9.143127|   -8.860163|   -8.840170|   -8.812163|
|           2|         547|   -9.145478|   -8.862540|   -8.842536|   -8.814538|
|           2|         548|   -9.147829|   -8.864916|   -8.844902|   -8.816912|
|           2|         549|   -9.150179|   -8.867292|   -8.847267|   -8.819286|
|           2|         550|   -9.152528|   -8.869667|   -8.849631|   -8.821659|
|           2|         551|   -9.154877|   -8.872041|   -8.851995|   -8.824032|
|           2|         552|   -9.157226|   -8.874415|   -8.854358|   -8.826404|
|           2|         553|   -9.159574|   -8.876788|   -8.856721|   -8.828775|
|           2|         554|   -9.161921|   -8.879161|   -8.859083|   -8.831146|
|           2|         555|   -9.164269|   -8.881533|   -8.861445|   -8.833516|
|           2|         556|   -9.166615|   -8.883905|   -8.863806|   -8.835886|
|           2|         557|   -9.168962|   -8.886276|   -8.866167|   -8.838256|
|           2|         558|   -9.171307|   -8.888647|   -8.868527|   -8.840624|
|           2|         559|   -9.173653|   -8.891017|   -8.870887|   -8.842993|

------------------------ Global Error Analysis --------------------------
     RMS Error [P]: 3.120526e-02     |      Max Error [P]: 4.493723e-01
     RMS Error [U]: 9.770694e-04     |      Max Error [U]: 1.650236e-02
     RMS Error [V]: 8.940784e-04     |      Max Error [V]: 1.648803e-02
     RMS Error [W]: 6.844892e-04     |      Max Error [W]: 1.195261e-02
-------------------------------------------------------------------------

|           2|         560|   -9.175998|   -8.893386|   -8.873246|   -8.845360|
|           2|         561|   -9.178343|   -8.895755|   -8.875604|   -8.847727|
|           2|         562|   -9.180687|   -8.898124|   -8.877963|   -8.850094|
|           2|         563|   -9.183030|   -8.900491|   -8.880320|   -8.852460|
|           2|         564|   -9.185374|   -8.902859|   -8.882678|   -8.854826|
|           2|         565|   -9.187717|   -8.905226|   -8.885034|   -8.857191|
|           2|         566|   -9.190059|   -8.907592|   -8.887391|   -8.859556|
|           2|         567|   -9.192402|   -8.909958|   -8.889747|   -8.861920|
|           2|         568|   -9.194743|   -8.912324|   -8.892102|   -8.864284|
|           2|         569|   -9.197085|   -8.914689|   -8.894457|   -8.866647|
|           2|         570|   -9.199426|   -8.917053|   -8.896811|   -8.869009|
|           2|         571|   -9.201766|   -8.919417|   -8.899165|   -8.871372|
|           2|         572|   -9.204107|   -8.921781|   -8.901519|   -8.873733|
|           2|         573|   -9.206446|   -8.924144|   -8.903872|   -8.876095|
|           2|         574|   -9.208786|   -8.926506|   -8.906225|   -8.878455|
|           2|         575|   -9.211125|   -8.928868|   -8.908577|   -8.880816|
|           2|         576|   -9.213464|   -8.931230|   -8.910929|   -8.883176|
|           2|         577|   -9.215802|   -8.933591|   -8.913280|   -8.885535|
|           2|         578|   -9.218141|   -8.935952|   -8.915632|   -8.887894|
|           2|         579|   -9.220478|   -8.938313|   -8.917982|   -8.890253|
|           2|         580|   -9.222816|   -8.940672|   -8.920332|   -8.892611|
|           2|         581|   -9.225153|   -8.943032|   -8.922682|   -8.894969|
|           2|         582|   -9.227490|   -8.945391|   -8.925032|   -8.897326|
|           2|         583|   -9.229826|   -8.947750|   -8.927381|   -8.899683|
|           2|         584|   -9.232162|   -8.950108|   -8.929729|   -8.902039|
|           2|         585|   -9.234498|   -8.952466|   -8.932078|   -8.904395|
|           2|         586|   -9.236833|   -8.954823|   -8.934425|   -8.906751|
|           2|         587|   -9.239168|   -8.957180|   -8.936773|   -8.909106|
|           2|         588|   -9.241503|   -8.959536|   -8.939120|   -8.911461|
|           2|         589|   -9.243838|   -8.961893|   -8.941467|   -8.913815|
|           2|         590|   -9.246172|   -8.964248|   -8.943813|   -8.916169|
|           2|         591|   -9.248506|   -8.966604|   -8.946159|   -8.918523|
|           2|         592|   -9.250840|   -8.968959|   -8.948505|   -8.920876|
|           2|         593|   -9.253173|   -8.971313|   -8.950850|   -8.923229|
|           2|         594|   -9.255506|   -8.973667|   -8.953195|   -8.925581|
|           2|         595|   -9.257839|   -8.976021|   -8.955540|   -8.927933|
|           2|         596|   -9.260171|   -8.978375|   -8.957884|   -8.930285|
|           2|         597|   -9.262503|   -8.980728|   -8.960228|   -8.932636|
|           2|         598|   -9.264835|   -8.983080|   -8.962571|   -8.934987|
|           2|         599|   -9.267167|   -8.985433|   -8.964914|   -8.937337|

------------------------ Global Error Analysis --------------------------
     RMS Error [P]: 3.120502e-02     |      Max Error [P]: 4.493626e-01
     RMS Error [U]: 9.770694e-04     |      Max Error [U]: 1.650236e-02
     RMS Error [V]: 8.940784e-04     |      Max Error [V]: 1.648803e-02
     RMS Error [W]: 6.844893e-04     |      Max Error [W]: 1.195261e-02
-------------------------------------------------------------------------

|           2|         600|   -9.269498|   -8.987785|   -8.967257|   -8.939688|
|           2|         601|   -9.271829|   -8.990136|   -8.969600|   -8.942037|
|           2|         602|   -9.274160|   -8.992487|   -8.971942|   -8.944387|
|           2|         603|   -9.276490|   -8.994838|   -8.974284|   -8.946736|
|           2|         604|   -9.278821|   -8.997189|   -8.976626|   -8.949085|
|           2|         605|   -9.281151|   -8.999539|   -8.978967|   -8.951433|
|           2|         606|   -9.283480|   -9.001889|   -8.981308|   -8.953781|
|           2|         607|   -9.285810|   -9.004238|   -8.983648|   -8.956129|
|           2|         608|   -9.288139|   -9.006588|   -8.985989|   -8.958476|
|           2|         609|   -9.290468|   -9.008936|   -8.988329|   -8.960823|
|           2|         610|   -9.292797|   -9.011285|   -8.990669|   -8.963170|
|           2|         611|   -9.295126|   -9.013633|   -8.993008|   -8.965516|
|           2|         612|   -9.297454|   -9.015981|   -8.995347|   -8.967863|
|           2|         613|   -9.299782|   -9.018329|   -8.997686|   -8.970208|
|           2|         614|   -9.302110|   -9.020676|   -9.000025|   -8.972554|
|           2|         615|   -9.304437|   -9.023023|   -9.002363|   -8.974899|
|           2|         616|   -9.306765|   -9.025369|   -9.004701|   -8.977244|
|           2|         617|   -9.309092|   -9.027716|   -9.007039|   -8.979588|
|           2|         618|   -9.311419|   -9.030062|   -9.009376|   -8.981932|
|           2|         619|   -9.313746|   -9.032407|   -9.011713|   -8.984276|
|           2|         620|   -9.316072|   -9.034753|   -9.014050|   -8.986620|
|           2|         621|   -9.318398|   -9.037098|   -9.016387|   -8.988963|
|           2|         622|   -9.320724|   -9.039443|   -9.018723|   -8.991306|
|           2|         623|   -9.323050|   -9.041787|   -9.021059|   -8.993649|
|           2|         624|   -9.325376|   -9.044131|   -9.023395|   -8.995991|
|           2|         625|   -9.327701|   -9.046475|   -9.025731|   -8.998333|
|           2|         626|   -9.330027|   -9.048819|   -9.028066|   -9.000675|
|           2|         627|   -9.332352|   -9.051162|   -9.030401|   -9.003017|
|           2|         628|   -9.334677|   -9.053506|   -9.032736|   -9.005358|
|           2|         629|   -9.337001|   -9.055848|   -9.035070|   -9.007699|
|           2|         630|   -9.339326|   -9.058191|   -9.037405|   -9.010040|
|           2|         631|   -9.341650|   -9.060533|   -9.039739|   -9.012380|
|           2|         632|   -9.343974|   -9.062875|   -9.042073|   -9.014720|
|           2|         633|   -9.346298|   -9.065217|   -9.044406|   -9.017060|
|           2|         634|   -9.348622|   -9.067559|   -9.046740|   -9.019400|
|           2|         635|   -9.350945|   -9.069900|   -9.049073|   -9.021739|
|           2|         636|   -9.353269|   -9.072241|   -9.051406|   -9.024078|
|           2|         637|   -9.355592|   -9.074582|   -9.053739|   -9.026417|
|           2|         638|   -9.357915|   -9.076922|   -9.056071|   -9.028756|
|           2|         639|   -9.360238|   -9.079262|   -9.058403|   -9.031094|

------------------------ Global Error Analysis --------------------------
     RMS Error [P]: 3.120484e-02     |      Max Error [P]: 4.493550e-01
     RMS Error [U]: 9.770693e-04     |      Max Error [U]: 1.650236e-02
     RMS Error [V]: 8.940784e-04     |      Max Error [V]: 1.648803e-02
     RMS Error [W]: 6.844893e-04     |      Max Error [W]: 1.195261e-02
-------------------------------------------------------------------------

|           2|         640|   -9.362560|   -9.081602|   -9.060735|   -9.033432|
|           2|         641|   -9.364883|   -9.083942|   -9.063067|   -9.035770|
|           2|         642|   -9.367205|   -9.086282|   -9.065399|   -9.038108|
|           2|         643|   -9.369527|   -9.088621|   -9.067730|   -9.040445|
|           2|         644|   -9.371849|   -9.090960|   -9.070061|   -9.042783|
|           2|         645|   -9.374171|   -9.093299|   -9.072392|   -9.045119|
|           2|         646|   -9.376493|   -9.095638|   -9.074723|   -9.047456|
|           2|         647|   -9.378814|   -9.097976|   -9.077054|   -9.049793|
|           2|         648|   -9.381136|   -9.100314|   -9.079384|   -9.052129|
|           2|         649|   -9.383457|   -9.102652|   -9.081714|   -9.054465|
|           2|         650|   -9.385778|   -9.104990|   -9.084044|   -9.056801|
|           2|         651|   -9.388099|   -9.107327|   -9.086374|   -9.059136|
|           2|         652|   -9.390420|   -9.109664|   -9.088704|   -9.061471|
|           2|         653|   -9.392740|   -9.112001|   -9.091033|   -9.063807|
|           2|         654|   -9.395061|   -9.114338|   -9.093362|   -9.066141|
|           2|         655|   -9.397381|   -9.116675|   -9.095691|   -9.068476|
|           2|         656|   -9.399702|   -9.119011|   -9.098020|   -9.070811|
|           2|         657|   -9.402022|   -9.121347|   -9.100349|   -9.073145|
|           2|         658|   -9.404342|   -9.123683|   -9.102677|   -9.075479|
|           2|         659|   -9.406661|   -9.126019|   -9.105005|   -9.077813|
|           2|         660|   -9.408981|   -9.128355|   -9.107334|   -9.080146|
|           2|         661|   -9.411301|   -9.130690|   -9.109661|   -9.082480|
|           2|         662|   -9.413620|   -9.133025|   -9.111989|   -9.084813|
|           2|         663|   -9.415939|   -9.135360|   -9.114317|   -9.087146|
|           2|         664|   -9.418259|   -9.137695|   -9.116644|   -9.089479|
|           2|         665|   -9.420578|   -9.140030|   -9.118972|   -9.091812|
|           2|         666|   -9.422897|   -9.142364|   -9.121299|   -9.094144|
|           2|         667|   -9.425215|   -9.144699|   -9.123626|   -9.096476|
|           2|         668|   -9.427534|   -9.147033|   -9.125952|   -9.098808|
|           2|         669|   -9.429853|   -9.149367|   -9.128279|   -9.101140|
|           2|         670|   -9.432171|   -9.151700|   -9.130605|   -9.103472|
|           2|         671|   -9.434490|   -9.154034|   -9.132932|   -9.105803|
|           2|         672|   -9.436808|   -9.156367|   -9.135258|   -9.108135|
|           2|         673|   -9.439126|   -9.158700|   -9.137584|   -9.110466|
|           2|         674|   -9.441444|   -9.161033|   -9.139910|   -9.112797|
|           2|         675|   -9.443762|   -9.163366|   -9.142235|   -9.115128|
|           2|         676|   -9.446080|   -9.165699|   -9.144561|   -9.117458|
|           2|         677|   -9.448397|   -9.168031|   -9.146886|   -9.119789|
|           2|         678|   -9.450715|   -9.170364|   -9.149211|   -9.122119|
|           2|         679|   -9.453032|   -9.172696|   -9.151537|   -9.124449|

------------------------ Global Error Analysis --------------------------
     RMS Error [P]: 3.120470e-02     |      Max Error [P]: 4.493490e-01
     RMS Error [U]: 9.770693e-04     |      Max Error [U]: 1.650236e-02
     RMS Error [V]: 8.940783e-04     |      Max Error [V]: 1.648803e-02
     RMS Error [W]: 6.844893e-04     |      Max Error [W]: 1.195261e-02
-------------------------------------------------------------------------

|           2|         680|   -9.455350|   -9.175028|   -9.153862|   -9.126779|
|           2|         681|   -9.457667|   -9.177360|   -9.156186|   -9.129109|
|           2|         682|   -9.459984|   -9.179691|   -9.158511|   -9.131438|
|           2|         683|   -9.462301|   -9.182023|   -9.160836|   -9.133768|
|           2|         684|   -9.464618|   -9.184354|   -9.163160|   -9.136097|
|           2|         685|   -9.466935|   -9.186685|   -9.165484|   -9.138426|
|           2|         686|   -9.469252|   -9.189016|   -9.167808|   -9.140755|
|           2|         687|   -9.471569|   -9.191347|   -9.170132|   -9.143084|
|           2|         688|   -9.473885|   -9.193678|   -9.172456|   -9.145413|
|           2|         689|   -9.476202|   -9.196009|   -9.174780|   -9.147741|
|           2|         690|   -9.478518|   -9.198339|   -9.177104|   -9.150069|
|           2|         691|   -9.480835|   -9.200669|   -9.179427|   -9.152398|
|           2|         692|   -9.483151|   -9.203000|   -9.181751|   -9.154726|
|           2|         693|   -9.485467|   -9.205330|   -9.184074|   -9.157053|
|           2|         694|   -9.487783|   -9.207659|   -9.186397|   -9.159381|
|           2|         695|   -9.490099|   -9.209989|   -9.188720|   -9.161709|
|           2|         696|   -9.492415|   -9.212319|   -9.191043|   -9.164036|
|           2|         697|   -9.494731|   -9.214648|   -9.193366|   -9.166364|
|           2|         698|   -9.497047|   -9.216978|   -9.195688|   -9.168691|
|           2|         699|   -9.499363|   -9.219307|   -9.198011|   -9.171018|
|           2|         700|   -9.501678|   -9.221636|   -9.200333|   -9.173345|
|           2|         701|   -9.503994|   -9.223965|   -9.202656|   -9.175671|
|           2|         702|   -9.506309|   -9.226294|   -9.204978|   -9.177998|
|           2|         703|   -9.508625|   -9.228622|   -9.207300|   -9.180325|
|           2|         704|   -9.510940|   -9.230951|   -9.209622|   -9.182651|
|           2|         705|   -9.513256|   -9.233279|   -9.211944|   -9.184977|
|           2|         706|   -9.515571|   -9.235607|   -9.214266|   -9.187303|
|           2|         707|   -9.517886|   -9.237936|   -9.216587|   -9.189629|
|           2|         708|   -9.520201|   -9.240264|   -9.218909|   -9.191955|
|           2|         709|   -9.522516|   -9.242592|   -9.221230|   -9.194281|
|           2|         710|   -9.524831|   -9.244919|   -9.223552|   -9.196606|
|           2|         711|   -9.527146|   -9.247247|   -9.225873|   -9.198932|
|           2|         712|   -9.529461|   -9.249575|   -9.228194|   -9.201257|
|           2|         713|   -9.531775|   -9.251902|   -9.230515|   -9.203582|
|           2|         714|   -9.534090|   -9.254229|   -9.232836|   -9.205907|
|           2|         715|   -9.536405|   -9.256557|   -9.235157|   -9.208232|
|           2|         716|   -9.538719|   -9.258884|   -9.237478|   -9.210557|
|           2|         717|   -9.541034|   -9.261211|   -9.239799|   -9.212882|
|           2|         718|   -9.543348|   -9.263538|   -9.242119|   -9.215207|
|           2|         719|   -9.545663|   -9.265864|   -9.244440|   -9.217531|

------------------------ Global Error Analysis --------------------------
     RMS Error [P]: 3.120458e-02     |      Max Error [P]: 4.493443e-01
     RMS Error [U]: 9.770692e-04     |      Max Error [U]: 1.650236e-02
     RMS Error [V]: 8.940783e-04     |      Max Error [V]: 1.648803e-02
     RMS Error [W]: 6.844894e-04     |      Max Error [W]: 1.195261e-02
-------------------------------------------------------------------------

|           2|         720|   -9.547977|   -9.268191|   -9.246760|   -9.219856|
|           2|         721|   -9.550291|   -9.270518|   -9.249081|   -9.222180|
|           2|         722|   -9.552605|   -9.272844|   -9.251401|   -9.224504|
|           2|         723|   -9.554920|   -9.275171|   -9.253721|   -9.226828|
|           2|         724|   -9.557234|   -9.277497|   -9.256041|   -9.229152|
|           2|         725|   -9.559548|   -9.279823|   -9.258361|   -9.231476|
|           2|         726|   -9.561862|   -9.282149|   -9.260681|   -9.233800|
|           2|         727|   -9.564176|   -9.284475|   -9.263001|   -9.236123|
|           2|         728|   -9.566490|   -9.286801|   -9.265321|   -9.238447|
|           2|         729|   -9.568804|   -9.289127|   -9.267640|   -9.240770|
|           2|         730|   -9.571118|   -9.291452|   -9.269960|   -9.243094|
|           2|         731|   -9.573431|   -9.293778|   -9.272279|   -9.245417|
|           2|         732|   -9.575745|   -9.296103|   -9.274599|   -9.247740|
|           2|         733|   -9.578059|   -9.298429|   -9.276918|   -9.250063|
|           2|         734|   -9.580372|   -9.300754|   -9.279237|   -9.252386|
|           2|         735|   -9.582686|   -9.303079|   -9.281557|   -9.254709|
|           2|         736|   -9.585000|   -9.305404|   -9.283876|   -9.257032|
|           2|         737|   -9.587313|   -9.307729|   -9.286195|   -9.259354|
|           2|         738|   -9.589627|   -9.310054|   -9.288514|   -9.261677|
|           2|         739|   -9.591940|   -9.312379|   -9.290833|   -9.263999|
|           2|         740|   -9.594253|   -9.314704|   -9.293152|   -9.266322|
|           2|         741|   -9.596567|   -9.317029|   -9.295470|   -9.268644|
|           2|         742|   -9.598880|   -9.319353|   -9.297789|   -9.270966|
|           2|         743|   -9.601193|   -9.321678|   -9.300108|   -9.273288|
|           2|         744|   -9.603507|   -9.324002|   -9.302426|   -9.275610|
|           2|         745|   -9.605820|   -9.326326|   -9.304745|   -9.277932|
|           2|         746|   -9.608133|   -9.328651|   -9.307063|   -9.280254|
|           2|         747|   -9.610446|   -9.330975|   -9.309382|   -9.282576|
|           2|         748|   -9.612759|   -9.333299|   -9.311700|   -9.284898|
|           2|         749|   -9.615072|   -9.335623|   -9.314018|   -9.287219|
|           2|         750|   -9.617385|   -9.337947|   -9.316337|   -9.289541|
|           2|         751|   -9.619698|   -9.340271|   -9.318655|   -9.291862|
|           2|         752|   -9.622011|   -9.342595|   -9.320973|   -9.294183|
|           2|         753|   -9.624324|   -9.344918|   -9.323291|   -9.296505|
|           2|         754|   -9.626637|   -9.347242|   -9.325609|   -9.298826|
|           2|         755|   -9.628950|   -9.349565|   -9.327927|   -9.301147|
|           2|         756|   -9.631263|   -9.351889|   -9.330245|   -9.303468|
|           2|         757|   -9.633576|   -9.354212|   -9.332562|   -9.305789|
|           2|         758|   -9.635889|   -9.356536|   -9.334880|   -9.308110|
|           2|         759|   -9.638201|   -9.358859|   -9.337198|   -9.310431|

------------------------ Global Error Analysis --------------------------
     RMS Error [P]: 3.120449e-02     |      Max Error [P]: 4.493406e-01
     RMS Error [U]: 9.770692e-04     |      Max Error [U]: 1.650236e-02
     RMS Error [V]: 8.940783e-04     |      Max Error [V]: 1.648803e-02
     RMS Error [W]: 6.844894e-04     |      Max Error [W]: 1.195261e-02
-------------------------------------------------------------------------

|           2|         760|   -9.640514|   -9.361182|   -9.339515|   -9.312751|
|           2|         761|   -9.642827|   -9.363505|   -9.341833|   -9.315072|
|           2|         762|   -9.645139|   -9.365828|   -9.344150|   -9.317393|
|           2|         763|   -9.647452|   -9.368151|   -9.346468|   -9.319713|
|           2|         764|   -9.649765|   -9.370474|   -9.348785|   -9.322034|
|           2|         765|   -9.652077|   -9.372797|   -9.351103|   -9.324354|
|           2|         766|   -9.654390|   -9.375120|   -9.353420|   -9.326674|
|           2|         767|   -9.656703|   -9.377443|   -9.355737|   -9.328994|
|           2|         768|   -9.659015|   -9.379766|   -9.358054|   -9.331315|
|           2|         769|   -9.661328|   -9.382088|   -9.360372|   -9.333635|
|           2|         770|   -9.663640|   -9.384411|   -9.362689|   -9.335955|
|           2|         771|   -9.665953|   -9.386733|   -9.365006|   -9.338275|
|           2|         772|   -9.668265|   -9.389056|   -9.367323|   -9.340594|
|           2|         773|   -9.670578|   -9.391378|   -9.369640|   -9.342914|
|           2|         774|   -9.672890|   -9.393700|   -9.371957|   -9.345234|
|           2|         775|   -9.675202|   -9.396023|   -9.374274|   -9.347554|
|           2|         776|   -9.677515|   -9.398345|   -9.376591|   -9.349873|
|           2|         777|   -9.679827|   -9.400667|   -9.378907|   -9.352193|
|           2|         778|   -9.682139|   -9.402989|   -9.381224|   -9.354512|
|           2|         779|   -9.684452|   -9.405311|   -9.383541|   -9.356832|
|           2|         780|   -9.686764|   -9.407633|   -9.385857|   -9.359151|
|           2|         781|   -9.689076|   -9.409955|   -9.388174|   -9.361471|
|           2|         782|   -9.691389|   -9.412277|   -9.390491|   -9.363790|
|           2|         783|   -9.693701|   -9.414599|   -9.392807|   -9.366109|
|           2|         784|   -9.696013|   -9.416920|   -9.395124|   -9.368428|
|           2|         785|   -9.698325|   -9.419242|   -9.397440|   -9.370747|
|           2|         786|   -9.700638|   -9.421564|   -9.399757|   -9.373066|
|           2|         787|   -9.702950|   -9.423885|   -9.402073|   -9.375385|
|           2|         788|   -9.705262|   -9.426207|   -9.404389|   -9.377704|
|           2|         789|   -9.707574|   -9.428529|   -9.406706|   -9.380023|
|           2|         790|   -9.709886|   -9.430850|   -9.409022|   -9.382342|
|           2|         791|   -9.712199|   -9.433171|   -9.411338|   -9.384661|
|           2|         792|   -9.714511|   -9.435493|   -9.413654|   -9.386979|
|           2|         793|   -9.716823|   -9.437814|   -9.415971|   -9.389298|
|           2|         794|   -9.719135|   -9.440135|   -9.418287|   -9.391616|
|           2|         795|   -9.721447|   -9.442457|   -9.420603|   -9.393935|
|           2|         796|   -9.723759|   -9.444778|   -9.422919|   -9.396253|
|           2|         797|   -9.726071|   -9.447099|   -9.425235|   -9.398572|
|           2|         798|   -9.728383|   -9.449420|   -9.427551|   -9.400890|
|           2|         799|   -9.730695|   -9.451741|   -9.429867|   -9.403209|

------------------------ Global Error Analysis --------------------------
     RMS Error [P]: 3.120442e-02     |      Max Error [P]: 4.493376e-01
     RMS Error [U]: 9.770692e-04     |      Max Error [U]: 1.650236e-02
     RMS Error [V]: 8.940783e-04     |      Max Error [V]: 1.648803e-02
     RMS Error [W]: 6.844894e-04     |      Max Error [W]: 1.195261e-02
-------------------------------------------------------------------------

|           2|         800|   -9.733007|   -9.454062|   -9.432183|   -9.405527|
|           2|         801|   -9.735320|   -9.456383|   -9.434499|   -9.407845|
|           2|         802|   -9.737632|   -9.458704|   -9.436815|   -9.410163|
|           2|         803|   -9.739944|   -9.461025|   -9.439131|   -9.412481|
|           2|         804|   -9.742256|   -9.463346|   -9.441446|   -9.414800|
|           2|         805|   -9.744568|   -9.465666|   -9.443762|   -9.417118|
|           2|         806|   -9.746880|   -9.467987|   -9.446078|   -9.419436|
|           2|         807|   -9.749192|   -9.470308|   -9.448394|   -9.421754|
|           2|         808|   -9.751504|   -9.472628|   -9.450710|   -9.424072|
|           2|         809|   -9.753816|   -9.474949|   -9.453025|   -9.426389|
|           2|         810|   -9.756128|   -9.477270|   -9.455341|   -9.428707|
|           2|         811|   -9.758440|   -9.479590|   -9.457656|   -9.431025|
|           2|         812|   -9.760752|   -9.481911|   -9.459972|   -9.433343|
|           2|         813|   -9.763064|   -9.484231|   -9.462288|   -9.435660|
|           2|         814|   -9.765376|   -9.486552|   -9.464603|   -9.437978|
|           2|         815|   -9.767688|   -9.488872|   -9.466919|   -9.440296|
|           2|         816|   -9.769999|   -9.491192|   -9.469234|   -9.442613|
|           2|         817|   -9.772311|   -9.493513|   -9.471550|   -9.444931|
|           2|         818|   -9.774623|   -9.495833|   -9.473865|   -9.447248|
|           2|         819|   -9.776935|   -9.498153|   -9.476181|   -9.449566|
|           2|         820|   -9.779247|   -9.500473|   -9.478496|   -9.451883|
|           2|         821|   -9.781559|   -9.502794|   -9.480811|   -9.454200|
|           2|         822|   -9.783871|   -9.505114|   -9.483127|   -9.456518|
|           2|         823|   -9.786183|   -9.507434|   -9.485442|   -9.458835|
|           2|         824|   -9.788495|   -9.509754|   -9.487757|   -9.461152|
|           2|         825|   -9.790807|   -9.512074|   -9.490073|   -9.463470|
|           2|         826|   -9.793119|   -9.514394|   -9.492388|   -9.465787|
|           2|         827|   -9.795431|   -9.516714|   -9.494703|   -9.468104|
|           2|         828|   -9.797743|   -9.519034|   -9.497019|   -9.470421|
|           2|         829|   -9.800055|   -9.521354|   -9.499334|   -9.472738|
|           2|         830|   -9.802367|   -9.523674|   -9.501649|   -9.475055|
|           2|         831|   -9.804679|   -9.525994|   -9.503964|   -9.477372|
|           2|         832|   -9.806991|   -9.528314|   -9.506279|   -9.479689|
|           2|         833|   -9.809302|   -9.530633|   -9.508594|   -9.482006|
|           2|         834|   -9.811614|   -9.532953|   -9.510910|   -9.484323|
|           2|         835|   -9.813926|   -9.535273|   -9.513225|   -9.486640|
|           2|         836|   -9.816238|   -9.537593|   -9.515540|   -9.488956|
|           2|         837|   -9.818550|   -9.539912|   -9.517855|   -9.491273|
|           2|         838|   -9.820862|   -9.542232|   -9.520170|   -9.493590|
|           2|         839|   -9.823174|   -9.544552|   -9.522485|   -9.495907|

------------------------ Global Error Analysis --------------------------
     RMS Error [P]: 3.120437e-02     |      Max Error [P]: 4.493353e-01
     RMS Error [U]: 9.770692e-04     |      Max Error [U]: 1.650236e-02
     RMS Error [V]: 8.940783e-04     |      Max Error [V]: 1.648803e-02
     RMS Error [W]: 6.844894e-04     |      Max Error [W]: 1.195261e-02
-------------------------------------------------------------------------

|           2|         840|   -9.825486|   -9.546871|   -9.524800|   -9.498223|
|           2|         841|   -9.827798|   -9.549191|   -9.527115|   -9.500540|
|           2|         842|   -9.830110|   -9.551510|   -9.529430|   -9.502857|
|           2|         843|   -9.832422|   -9.553830|   -9.531745|   -9.505173|
|           2|         844|   -9.834734|   -9.556149|   -9.534060|   -9.507490|
|           2|         845|   -9.837046|   -9.558469|   -9.536375|   -9.509806|
|           2|         846|   -9.839358|   -9.560788|   -9.538690|   -9.512123|
|           2|         847|   -9.841670|   -9.563108|   -9.541004|   -9.514439|
|           2|         848|   -9.843982|   -9.565427|   -9.543319|   -9.516756|
|           2|         849|   -9.846294|   -9.567747|   -9.545634|   -9.519072|
|           2|         850|   -9.848606|   -9.570066|   -9.547949|   -9.521389|
|           2|         851|   -9.850917|   -9.572385|   -9.550264|   -9.523705|
|           2|         852|   -9.853229|   -9.574705|   -9.552579|   -9.526021|
|           2|         853|   -9.855541|   -9.577024|   -9.554894|   -9.528338|
|           2|         854|   -9.857853|   -9.579343|   -9.557208|   -9.530654|
|           2|         855|   -9.860165|   -9.581662|   -9.559523|   -9.532970|
|           2|         856|   -9.862477|   -9.583982|   -9.561838|   -9.535286|
|           2|         857|   -9.864789|   -9.586301|   -9.564153|   -9.537603|
|           2|         858|   -9.867101|   -9.588620|   -9.566468|   -9.539919|
|           2|         859|   -9.869413|   -9.590939|   -9.568782|   -9.542235|
|           2|         860|   -9.871725|   -9.593258|   -9.571097|   -9.544551|
|           2|         861|   -9.874037|   -9.595577|   -9.573412|   -9.546867|
|           2|         862|   -9.876349|   -9.597897|   -9.575726|   -9.549183|
|           2|         863|   -9.878661|   -9.600216|   -9.578041|   -9.551499|
|           2|         864|   -9.880973|   -9.602535|   -9.580356|   -9.553815|
|           2|         865|   -9.883286|   -9.604854|   -9.582671|   -9.556131|
|           2|         866|   -9.885598|   -9.607173|   -9.584985|   -9.558447|
|           2|         867|   -9.887910|   -9.609492|   -9.587300|   -9.560763|
|           2|         868|   -9.890222|   -9.611811|   -9.589614|   -9.563079|
|           2|         869|   -9.892534|   -9.614130|   -9.591929|   -9.565395|
|           2|         870|   -9.894846|   -9.616449|   -9.594244|   -9.567711|
|           2|         871|   -9.897158|   -9.618768|   -9.596558|   -9.570027|
|           2|         872|   -9.899470|   -9.621086|   -9.598873|   -9.572343|
|           2|         873|   -9.901782|   -9.623405|   -9.601188|   -9.574658|
|           2|         874|   -9.904094|   -9.625724|   -9.603502|   -9.576974|
|           2|         875|   -9.906406|   -9.628043|   -9.605817|   -9.579290|
|           2|         876|   -9.908718|   -9.630362|   -9.608131|   -9.581606|
|           2|         877|   -9.911030|   -9.632681|   -9.610446|   -9.583922|
|           2|         878|   -9.913343|   -9.635000|   -9.612760|   -9.586237|
|           2|         879|   -9.915655|   -9.637318|   -9.615075|   -9.588553|

------------------------ Global Error Analysis --------------------------
     RMS Error [P]: 3.120432e-02     |      Max Error [P]: 4.493334e-01
     RMS Error [U]: 9.770691e-04     |      Max Error [U]: 1.650236e-02
     RMS Error [V]: 8.940783e-04     |      Max Error [V]: 1.648803e-02
     RMS Error [W]: 6.844894e-04     |      Max Error [W]: 1.195261e-02
-------------------------------------------------------------------------

|           2|         880|   -9.917967|   -9.639637|   -9.617390|   -9.590869|
|           2|         881|   -9.920279|   -9.641956|   -9.619704|   -9.593184|
|           2|         882|   -9.922591|   -9.644275|   -9.622019|   -9.595500|
|           2|         883|   -9.924903|   -9.646593|   -9.624333|   -9.597815|
|           2|         884|   -9.927216|   -9.648912|   -9.626648|   -9.600131|
|           2|         885|   -9.929528|   -9.651231|   -9.628962|   -9.602447|
|           2|         886|   -9.931840|   -9.653549|   -9.631277|   -9.604762|
|           2|         887|   -9.934152|   -9.655868|   -9.633591|   -9.607078|
|           2|         888|   -9.936464|   -9.658187|   -9.635906|   -9.609393|
|           2|         889|   -9.938776|   -9.660505|   -9.638220|   -9.611709|
|           2|         890|   -9.941089|   -9.662824|   -9.640535|   -9.614024|
|           2|         891|   -9.943401|   -9.665143|   -9.642849|   -9.616340|
|           2|         892|   -9.945713|   -9.667461|   -9.645164|   -9.618655|
|           2|         893|   -9.948025|   -9.669780|   -9.647478|   -9.620970|
|           2|         894|   -9.950338|   -9.672099|   -9.649793|   -9.623286|
|           2|         895|   -9.952650|   -9.674417|   -9.652107|   -9.625601|
|           2|         896|   -9.954962|   -9.676736|   -9.654421|   -9.627917|
|           2|         897|   -9.957274|   -9.679054|   -9.656736|   -9.630232|
|           2|         898|   -9.959587|   -9.681373|   -9.659050|   -9.632547|
|           2|         899|   -9.961899|   -9.683691|   -9.661365|   -9.634863|
|           2|         900|   -9.964211|   -9.686010|   -9.663679|   -9.637178|
|           2|         901|   -9.966524|   -9.688328|   -9.665994|   -9.639493|
|           2|         902|   -9.968836|   -9.690647|   -9.668308|   -9.641808|
|           2|         903|   -9.971148|   -9.692965|   -9.670622|   -9.644124|
|           2|         904|   -9.973461|   -9.695284|   -9.672937|   -9.646439|
|           2|         905|   -9.975773|   -9.697602|   -9.675251|   -9.648754|
|           2|         906|   -9.978085|   -9.699921|   -9.677566|   -9.651069|
|           2|         907|   -9.980398|   -9.702239|   -9.679880|   -9.653385|
|           2|         908|   -9.982710|   -9.704557|   -9.682195|   -9.655700|
|           2|         909|   -9.985023|   -9.706876|   -9.684509|   -9.658015|
|           2|         910|   -9.987335|   -9.709194|   -9.686823|   -9.660330|
|           2|         911|   -9.989647|   -9.711513|   -9.689138|   -9.662645|
|           2|         912|   -9.991960|   -9.713831|   -9.691452|   -9.664960|
|           2|         913|   -9.994272|   -9.716149|   -9.693766|   -9.667275|
|           2|         914|   -9.996585|   -9.718468|   -9.696081|   -9.669591|
|           2|         915|   -9.998897|   -9.720786|   -9.698395|   -9.671906|
|           2|         916|  -10.001210|   -9.723104|   -9.700710|   -9.674221|
|           2|         917|  -10.003522|   -9.725423|   -9.703024|   -9.676536|
|           2|         918|  -10.005835|   -9.727741|   -9.705338|   -9.678851|
|           2|         919|  -10.008147|   -9.730059|   -9.707653|   -9.681166|

------------------------ Global Error Analysis --------------------------
     RMS Error [P]: 3.120428e-02     |      Max Error [P]: 4.493319e-01
     RMS Error [U]: 9.770691e-04     |      Max Error [U]: 1.650236e-02
     RMS Error [V]: 8.940783e-04     |      Max Error [V]: 1.648803e-02
     RMS Error [W]: 6.844894e-04     |      Max Error [W]: 1.195261e-02
-------------------------------------------------------------------------

|           2|         920|  -10.010460|   -9.732378|   -9.709967|   -9.683481|
|           2|         921|  -10.012772|   -9.734696|   -9.712281|   -9.685796|
|           2|         922|  -10.015085|   -9.737014|   -9.714596|   -9.688111|
|           2|         923|  -10.017397|   -9.739332|   -9.716910|   -9.690426|
|           2|         924|  -10.019710|   -9.741651|   -9.719225|   -9.692741|
|           2|         925|  -10.022022|   -9.743969|   -9.721539|   -9.695056|
|           2|         926|  -10.024335|   -9.746287|   -9.723853|   -9.697371|
|           2|         927|  -10.026648|   -9.748605|   -9.726168|   -9.699686|
|           2|         928|  -10.028960|   -9.750924|   -9.728482|   -9.702000|
|           2|         929|  -10.031273|   -9.753242|   -9.730796|   -9.704315|
|           2|         930|  -10.033585|   -9.755560|   -9.733111|   -9.706630|
|           2|         931|  -10.035898|   -9.757878|   -9.735425|   -9.708945|
|           2|         932|  -10.038211|   -9.760197|   -9.737739|   -9.711260|
|           2|         933|  -10.040523|   -9.762515|   -9.740054|   -9.713575|
|           2|         934|  -10.042836|   -9.764833|   -9.742368|   -9.715890|
|           2|         935|  -10.045149|   -9.767151|   -9.744683|   -9.718205|
|           2|         936|  -10.047461|   -9.769469|   -9.746997|   -9.720519|
|           2|         937|  -10.049774|   -9.771788|   -9.749311|   -9.722834|
|           2|         938|  -10.052087|   -9.774106|   -9.751626|   -9.725149|
|           2|         939|  -10.054400|   -9.776424|   -9.753940|   -9.727464|
|           2|         940|  -10.056712|   -9.778742|   -9.756254|   -9.729779|
|           2|         941|  -10.059025|   -9.781060|   -9.758569|   -9.732093|
|           2|         942|  -10.061338|   -9.783378|   -9.760883|   -9.734408|
|           2|         943|  -10.063651|   -9.785696|   -9.763197|   -9.736723|
|           2|         944|  -10.065963|   -9.788015|   -9.765512|   -9.739038|
|           2|         945|  -10.068276|   -9.790333|   -9.767826|   -9.741352|
|           2|         946|  -10.070589|   -9.792651|   -9.770140|   -9.743667|
|           2|         947|  -10.072902|   -9.794969|   -9.772455|   -9.745982|
|           2|         948|  -10.075215|   -9.797287|   -9.774769|   -9.748296|
|           2|         949|  -10.077527|   -9.799605|   -9.777083|   -9.750611|
|           2|         950|  -10.079840|   -9.801923|   -9.779398|   -9.752926|
|           2|         951|  -10.082153|   -9.804241|   -9.781712|   -9.755241|
|           2|         952|  -10.084466|   -9.806559|   -9.784027|   -9.757555|
|           2|         953|  -10.086779|   -9.808878|   -9.786341|   -9.759870|
|           2|         954|  -10.089092|   -9.811196|   -9.788655|   -9.762185|
|           2|         955|  -10.091405|   -9.813514|   -9.790970|   -9.764499|
|           2|         956|  -10.093718|   -9.815832|   -9.793284|   -9.766814|
|           2|         957|  -10.096030|   -9.818150|   -9.795598|   -9.769128|
|           2|         958|  -10.098343|   -9.820468|   -9.797913|   -9.771443|
|           2|         959|  -10.100656|   -9.822786|   -9.800227|   -9.773758|

------------------------ Global Error Analysis --------------------------
     RMS Error [P]: 3.120426e-02     |      Max Error [P]: 4.493307e-01
     RMS Error [U]: 9.770691e-04     |      Max Error [U]: 1.650236e-02
     RMS Error [V]: 8.940783e-04     |      Max Error [V]: 1.648803e-02
     RMS Error [W]: 6.844894e-04     |      Max Error [W]: 1.195261e-02
-------------------------------------------------------------------------

|           2|         960|  -10.102969|   -9.825104|   -9.802541|   -9.776072|
|           2|         961|  -10.105282|   -9.827422|   -9.804856|   -9.778387|
|           2|         962|  -10.107595|   -9.829740|   -9.807170|   -9.780701|
|           2|         963|  -10.109908|   -9.832058|   -9.809485|   -9.783016|
|           2|         964|  -10.112221|   -9.834376|   -9.811799|   -9.785331|
|           2|         965|  -10.114534|   -9.836694|   -9.814113|   -9.787645|
|           2|         966|  -10.116847|   -9.839012|   -9.816428|   -9.789960|
|           2|         967|  -10.119160|   -9.841330|   -9.818742|   -9.792274|
|           2|         968|  -10.121473|   -9.843648|   -9.821056|   -9.794589|
|           2|         969|  -10.123786|   -9.845966|   -9.823371|   -9.796903|
|           2|         970|  -10.126100|   -9.848284|   -9.825685|   -9.799218|
|           2|         971|  -10.128413|   -9.850602|   -9.828000|   -9.801532|
|           2|         972|  -10.130726|   -9.852920|   -9.830314|   -9.803847|
|           2|         973|  -10.133039|   -9.855238|   -9.832628|   -9.806161|
|           2|         974|  -10.135352|   -9.857556|   -9.834943|   -9.808476|
|           2|         975|  -10.137665|   -9.859874|   -9.837257|   -9.810790|
|           2|         976|  -10.139978|   -9.862192|   -9.839572|   -9.813105|
|           2|         977|  -10.142291|   -9.864510|   -9.841886|   -9.815419|
|           2|         978|  -10.144605|   -9.866828|   -9.844200|   -9.817734|
|           2|         979|  -10.146918|   -9.869146|   -9.846515|   -9.820048|
|           2|         980|  -10.149231|   -9.871464|   -9.848829|   -9.822363|
|           2|         981|  -10.151544|   -9.873782|   -9.851144|   -9.824677|
|           2|         982|  -10.153857|   -9.876100|   -9.853458|   -9.826992|
|           2|         983|  -10.156171|   -9.878418|   -9.855772|   -9.829306|
|           2|         984|  -10.158484|   -9.880736|   -9.858087|   -9.831621|
|           2|         985|  -10.160797|   -9.883054|   -9.860401|   -9.833935|
|           2|         986|  -10.163110|   -9.885372|   -9.862716|   -9.836249|
|           2|         987|  -10.165424|   -9.887690|   -9.865030|   -9.838564|
|           2|         988|  -10.167737|   -9.890008|   -9.867344|   -9.840878|
|           2|         989|  -10.170050|   -9.892326|   -9.869659|   -9.843193|
|           2|         990|  -10.172364|   -9.894644|   -9.871973|   -9.845507|
|           2|         991|  -10.174677|   -9.896962|   -9.874288|   -9.847821|
|           2|         992|  -10.176990|   -9.899280|   -9.876602|   -9.850136|
|           2|         993|  -10.179304|   -9.901598|   -9.878917|   -9.852450|
|           2|         994|  -10.181617|   -9.903916|   -9.881231|   -9.854765|
|           2|         995|  -10.183930|   -9.906234|   -9.883545|   -9.857079|
|           2|         996|  -10.186244|   -9.908552|   -9.885860|   -9.859393|
|           2|         997|  -10.188557|   -9.910870|   -9.888174|   -9.861708|
|           2|         998|  -10.190870|   -9.913188|   -9.890489|   -9.864022|
|           2|         999|  -10.193184|   -9.915506|   -9.892803|   -9.866336|

------------------------ Global Error Analysis --------------------------
     RMS Error [P]: 3.120423e-02     |      Max Error [P]: 4.493297e-01
     RMS Error [U]: 9.770691e-04     |      Max Error [U]: 1.650236e-02
     RMS Error [V]: 8.940783e-04     |      Max Error [V]: 1.648803e-02
     RMS Error [W]: 6.844894e-04     |      Max Error [W]: 1.195261e-02
-------------------------------------------------------------------------

|           2|        1000|  -10.195497|   -9.917824|   -9.895118|   -9.868651|
|           2|        1001|  -10.197811|   -9.920142|   -9.897432|   -9.870965|
|           2|        1002|  -10.200124|   -9.922460|   -9.899747|   -9.873279|
|           2|        1003|  -10.202438|   -9.924777|   -9.902061|   -9.875594|
|           2|        1004|  -10.204751|   -9.927095|   -9.904376|   -9.877908|
|           2|        1005|  -10.207065|   -9.929413|   -9.906690|   -9.880222|
|           2|        1006|  -10.209378|   -9.931731|   -9.909005|   -9.882537|
|           2|        1007|  -10.211692|   -9.934049|   -9.911319|   -9.884851|
|           2|        1008|  -10.214005|   -9.936367|   -9.913633|   -9.887165|
|           2|        1009|  -10.216319|   -9.938685|   -9.915948|   -9.889480|
|           2|        1010|  -10.218632|   -9.941003|   -9.918262|   -9.891794|
|           2|        1011|  -10.220946|   -9.943321|   -9.920577|   -9.894108|
|           2|        1012|  -10.223259|   -9.945639|   -9.922891|   -9.896423|
|           2|        1013|  -10.225573|   -9.947957|   -9.925206|   -9.898737|
|           2|        1014|  -10.227887|   -9.950275|   -9.927520|   -9.901051|
|           2|        1015|  -10.230200|   -9.952593|   -9.929835|   -9.903365|
|           2|        1016|  -10.232514|   -9.954911|   -9.932149|   -9.905680|
|           2|        1017|  -10.234827|   -9.957229|   -9.934464|   -9.907994|
|           2|        1018|  -10.237141|   -9.959546|   -9.936778|   -9.910308|
|           2|        1019|  -10.239455|   -9.961864|   -9.939093|   -9.912622|
|           2|        1020|  -10.241768|   -9.964182|   -9.941408|   -9.914937|
|           2|        1021|  -10.244082|   -9.966500|   -9.943722|   -9.917251|
|           2|        1022|  -10.246396|   -9.968818|   -9.946037|   -9.919565|
|           2|        1023|  -10.248709|   -9.971136|   -9.948351|   -9.921879|
|           2|        1024|  -10.251023|   -9.973454|   -9.950666|   -9.924194|
|           2|        1025|  -10.253337|   -9.975772|   -9.952980|   -9.926508|
|           2|        1026|  -10.255650|   -9.978090|   -9.955295|   -9.928822|
|           2|        1027|  -10.257964|   -9.980408|   -9.957609|   -9.931136|
|           2|        1028|  -10.260278|   -9.982726|   -9.959924|   -9.933451|
|           2|        1029|  -10.262592|   -9.985044|   -9.962238|   -9.935765|
|           2|        1030|  -10.264905|   -9.987362|   -9.964553|   -9.938079|
|           2|        1031|  -10.267219|   -9.989679|   -9.966867|   -9.940393|
|           2|        1032|  -10.269533|   -9.991997|   -9.969182|   -9.942708|
|           2|        1033|  -10.271847|   -9.994315|   -9.971497|   -9.945022|
|           2|        1034|  -10.274161|   -9.996633|   -9.973811|   -9.947336|
|           2|        1035|  -10.276474|   -9.998951|   -9.976126|   -9.949650|
|           2|        1036|  -10.278788|  -10.001269|   -9.978440|   -9.951964|
|           2|        1037|  -10.281102|  -10.003587|   -9.980755|   -9.954279|
|           2|        1038|  -10.283416|  -10.005905|   -9.983069|   -9.956593|
|           2|        1039|  -10.285730|  -10.008223|   -9.985384|   -9.958907|

------------------------ Global Error Analysis --------------------------
     RMS Error [P]: 3.120421e-02     |      Max Error [P]: 4.493290e-01
     RMS Error [U]: 9.770691e-04     |      Max Error [U]: 1.650236e-02
     RMS Error [V]: 8.940783e-04     |      Max Error [V]: 1.648803e-02
     RMS Error [W]: 6.844894e-04     |      Max Error [W]: 1.195261e-02
-------------------------------------------------------------------------

|           2|        1040|  -10.288044|  -10.010541|   -9.987699|   -9.961221|
|           2|        1041|  -10.290358|  -10.012859|   -9.990013|   -9.963535|
|           2|        1042|  -10.292671|  -10.015177|   -9.992328|   -9.965850|
|           2|        1043|  -10.294985|  -10.017495|   -9.994642|   -9.968164|
|           2|        1044|  -10.297299|  -10.019812|   -9.996957|   -9.970478|
|           2|        1045|  -10.299613|  -10.022130|   -9.999272|   -9.972792|
|           2|        1046|  -10.301927|  -10.024448|  -10.001586|   -9.975106|
|           2|        1047|  -10.304241|  -10.026766|  -10.003901|   -9.977420|
|           2|        1048|  -10.306555|  -10.029084|  -10.006216|   -9.979735|
|           2|        1049|  -10.308869|  -10.031402|  -10.008530|   -9.982049|
|           2|        1050|  -10.311183|  -10.033720|  -10.010845|   -9.984363|
|           2|        1051|  -10.313497|  -10.036038|  -10.013159|   -9.986677|
|           2|        1052|  -10.315811|  -10.038356|  -10.015474|   -9.988991|
|           2|        1053|  -10.318125|  -10.040674|  -10.017789|   -9.991305|
|           2|        1054|  -10.320439|  -10.042992|  -10.020103|   -9.993620|
|           2|        1055|  -10.322753|  -10.045310|  -10.022418|   -9.995934|
|           2|        1056|  -10.325067|  -10.047627|  -10.024733|   -9.998248|
|           2|        1057|  -10.327381|  -10.049945|  -10.027047|  -10.000562|
+-----------------------------------------------------------------------------+
|   Time_Iter|  Inner_Iter|      rms[P]|      rms[U]|      rms[V]|      rms[W]|
+-----------------------------------------------------------------------------+
|           3|           0|  -10.329695|   -2.576961|   -2.620328|   -2.766053|

------------------------ Global Error Analysis --------------------------
     RMS Error [P]: 2.674816e-02     |      Max Error [P]: 4.137641e-01
     RMS Error [U]: 1.111276e-03     |      Max Error [U]: 1.994109e-02
     RMS Error [V]: 1.020478e-03     |      Max Error [V]: 1.996399e-02
     RMS Error [W]: 7.747193e-04     |      Max Error [W]: 1.469270e-02
-------------------------------------------------------------------------

|           3|           1|   -5.322369|   -4.665267|   -4.668749|   -4.798576|
|           3|           2|   -5.409972|   -5.000868|   -5.068677|   -5.234388|
|           3|           3|   -5.499281|   -5.097046|   -5.162568|   -5.328153|
|           3|           4|   -5.582757|   -5.195472|   -5.261962|   -5.428214|
|           3|           5|   -5.661951|   -5.287091|   -5.354722|   -5.522060|
|           3|           6|   -5.737855|   -5.373945|   -5.442670|   -5.611071|
|           3|           7|   -5.811088|   -5.457227|   -5.526946|   -5.696209|
|           3|           8|   -5.882070|   -5.537626|   -5.608226|   -5.778087|
|           3|           9|   -5.951103|   -5.615576|   -5.686945|   -5.857130|
|           3|          10|   -6.018412|   -5.691372|   -5.763402|   -5.933654|
|           3|          11|   -6.084171|   -5.765229|   -5.837817|   -6.007902|
|           3|          12|   -6.148518|   -5.837312|   -5.910361|   -6.080065|
|           3|          13|   -6.211563|   -5.907751|   -5.981164|   -6.150293|
|           3|          14|   -6.273394|   -5.976654|   -6.050336|   -6.218707|
|           3|          15|   -6.334085|   -6.044108|   -6.117961|   -6.285393|
|           3|          16|   -6.393692|   -6.110187|   -6.184108|   -6.350414|
|           3|          17|   -6.452263|   -6.174949|   -6.248830|   -6.413805|
|           3|          18|   -6.509834|   -6.238440|   -6.312165|   -6.475579|
|           3|          19|   -6.566433|   -6.300695|   -6.374134|   -6.535721|
|           3|          20|   -6.622079|   -6.361734|   -6.434747|   -6.594198|
|           3|          21|   -6.676787|   -6.421568|   -6.493998|   -6.650955|
|           3|          22|   -6.730562|   -6.480196|   -6.551870|   -6.705919|
|           3|          23|   -6.783407|   -6.537609|   -6.608332|   -6.759006|
|           3|          24|   -6.835319|   -6.593787|   -6.663346|   -6.810126|
|           3|          25|   -6.886290|   -6.648703|   -6.716865|   -6.859185|
|           3|          26|   -6.936310|   -6.702325|   -6.768839|   -6.906099|
|           3|          27|   -6.985368|   -6.754620|   -6.819215|   -6.950799|
|           3|          28|   -7.033447|   -6.805552|   -6.867945|   -6.993238|
|           3|          29|   -7.080534|   -6.855088|   -6.914986|   -7.033394|
|           3|          30|   -7.126613|   -6.903199|   -6.960306|   -7.071280|
|           3|          31|   -7.171667|   -6.949867|   -7.003884|   -7.106939|
|           3|          32|   -7.215684|   -6.995078|   -7.045716|   -7.140447|
|           3|          33|   -7.258649|   -7.038832|   -7.085816|   -7.171906|
|           3|          34|   -7.300551|   -7.081141|   -7.124210|   -7.201441|
|           3|          35|   -7.341383|   -7.122027|   -7.160945|   -7.229191|
|           3|          36|   -7.381137|   -7.161524|   -7.196079|   -7.255304|
|           3|          37|   -7.419811|   -7.199676|   -7.229682|   -7.279932|
|           3|          38|   -7.457404|   -7.236535|   -7.261832|   -7.303222|
|           3|          39|   -7.493918|   -7.272158|   -7.292613|   -7.325314|

------------------------ Global Error Analysis --------------------------
     RMS Error [P]: 1.485197e-02     |      Max Error [P]: 3.156871e-01
     RMS Error [U]: 1.080741e-03     |      Max Error [U]: 1.974360e-02
     RMS Error [V]: 9.938664e-04     |      Max Error [V]: 1.977537e-02
     RMS Error [W]: 7.532538e-04     |      Max Error [W]: 1.459938e-02
-------------------------------------------------------------------------

|           3|          40|   -7.529358|   -7.306608|   -7.322113|   -7.346342|
|           3|          41|   -7.563734|   -7.339949|   -7.350417|   -7.366425|
|           3|          42|   -7.597054|   -7.372243|   -7.377610|   -7.385670|
|           3|          43|   -7.629333|   -7.403553|   -7.403772|   -7.404175|
|           3|          44|   -7.660587|   -7.433937|   -7.428978|   -7.422024|
|           3|          45|   -7.690832|   -7.463450|   -7.453298|   -7.439290|
|           3|          46|   -7.720088|   -7.492140|   -7.476796|   -7.456038|
|           3|          47|   -7.748378|   -7.520052|   -7.499528|   -7.472322|
|           3|          48|   -7.775724|   -7.547224|   -7.521546|   -7.488191|
|           3|          49|   -7.802151|   -7.573689|   -7.542897|   -7.503686|
|           3|          50|   -7.827685|   -7.599477|   -7.563621|   -7.518842|
|           3|          51|   -7.852354|   -7.624610|   -7.583756|   -7.533690|
|           3|          52|   -7.876185|   -7.649108|   -7.603335|   -7.548256|
|           3|          53|   -7.899209|   -7.672989|   -7.622386|   -7.562563|
|           3|          54|   -7.921454|   -7.696265|   -7.640939|   -7.576633|
|           3|          55|   -7.942953|   -7.718948|   -7.659016|   -7.590482|
|           3|          56|   -7.963735|   -7.741048|   -7.676641|   -7.604127|
|           3|          57|   -7.983833|   -7.762573|   -7.693835|   -7.617581|
|           3|          58|   -8.003277|   -7.783530|   -7.710618|   -7.630856|
|           3|          59|   -8.022098|   -7.803929|   -7.727009|   -7.643965|
|           3|          60|   -8.040328|   -7.823775|   -7.743025|   -7.656917|
|           3|          61|   -8.057997|   -7.843078|   -7.758683|   -7.669721|
|           3|          62|   -8.075135|   -7.861845|   -7.773999|   -7.682385|
|           3|          63|   -8.091771|   -7.880087|   -7.788989|   -7.694917|
|           3|          64|   -8.107933|   -7.897814|   -7.803669|   -7.707324|
|           3|          65|   -8.123648|   -7.915036|   -7.818051|   -7.719612|
|           3|          66|   -8.138942|   -7.931767|   -7.832150|   -7.731787|
|           3|          67|   -8.153840|   -7.948018|   -7.845980|   -7.743854|
|           3|          68|   -8.168366|   -7.963803|   -7.859553|   -7.755817|
|           3|          69|   -8.182543|   -7.979137|   -7.872880|   -7.767681|
|           3|          70|   -8.196391|   -7.994035|   -7.885974|   -7.779451|
|           3|          71|   -8.209930|   -8.008512|   -7.898846|   -7.791128|
|           3|          72|   -8.223180|   -8.022584|   -7.911505|   -7.802718|
|           3|          73|   -8.236157|   -8.036265|   -7.923961|   -7.814222|
|           3|          74|   -8.248879|   -8.049573|   -7.936224|   -7.825643|
|           3|          75|   -8.261359|   -8.062522|   -7.948302|   -7.836985|
|           3|          76|   -8.273612|   -8.075128|   -7.960204|   -7.848248|
|           3|          77|   -8.285650|   -8.087405|   -7.971936|   -7.859434|
|           3|          78|   -8.297486|   -8.099369|   -7.983506|   -7.870546|
|           3|          79|   -8.309130|   -8.111033|   -7.994921|   -7.881585|

------------------------ Global Error Analysis --------------------------
     RMS Error [P]: 1.474121e-02     |      Max Error [P]: 3.132495e-01
     RMS Error [U]: 1.080472e-03     |      Max Error [U]: 1.974271e-02
     RMS Error [V]: 9.936397e-04     |      Max Error [V]: 1.977462e-02
     RMS Error [W]: 7.530715e-04     |      Max Error [W]: 1.459965e-02
-------------------------------------------------------------------------

|           3|          80|   -8.320592|   -8.122412|   -8.006185|   -7.892552|
|           3|          81|   -8.331882|   -8.133517|   -8.017305|   -7.903447|
|           3|          82|   -8.343006|   -8.144361|   -8.028285|   -7.914273|
|           3|          83|   -8.353973|   -8.154956|   -8.039130|   -7.925029|
|           3|          84|   -8.364789|   -8.165313|   -8.049845|   -7.935716|
|           3|          85|   -8.375461|   -8.175443|   -8.060433|   -7.946335|
|           3|          86|   -8.385994|   -8.185354|   -8.070897|   -7.956886|
|           3|          87|   -8.396392|   -8.195056|   -8.081241|   -7.967369|
|           3|          88|   -8.406661|   -8.204559|   -8.091467|   -7.977784|
|           3|          89|   -8.416803|   -8.213868|   -8.101578|   -7.988132|
|           3|          90|   -8.426823|   -8.222993|   -8.111575|   -7.998411|
|           3|          91|   -8.436724|   -8.231941|   -8.121462|   -8.008622|
|           3|          92|   -8.446508|   -8.240716|   -8.131239|   -8.018765|
|           3|          93|   -8.456178|   -8.249326|   -8.140909|   -8.028839|
|           3|          94|   -8.465735|   -8.257776|   -8.150472|   -8.038844|
|           3|          95|   -8.475183|   -8.266072|   -8.159930|   -8.048780|
|           3|          96|   -8.484521|   -8.274217|   -8.169283|   -8.058645|
|           3|          97|   -8.493753|   -8.282217|   -8.178533|   -8.068439|
|           3|          98|   -8.502879|   -8.290077|   -8.187681|   -8.078163|
|           3|          99|   -8.511899|   -8.297798|   -8.196726|   -8.087814|
|           3|         100|   -8.520816|   -8.305387|   -8.205671|   -8.097393|
|           3|         101|   -8.529630|   -8.312846|   -8.214514|   -8.106899|
|           3|         102|   -8.538341|   -8.320178|   -8.223257|   -8.116331|
|           3|         103|   -8.546951|   -8.327387|   -8.231900|   -8.125689|
|           3|         104|   -8.555460|   -8.334475|   -8.240444|   -8.134971|
|           3|         105|   -8.563868|   -8.341446|   -8.248889|   -8.144178|
|           3|         106|   -8.572177|   -8.348302|   -8.257234|   -8.153308|
|           3|         107|   -8.580385|   -8.355046|   -8.265481|   -8.162360|
|           3|         108|   -8.588495|   -8.361680|   -8.273630|   -8.171335|
|           3|         109|   -8.596506|   -8.368207|   -8.281681|   -8.180232|
|           3|         110|   -8.604418|   -8.374630|   -8.289634|   -8.189049|
|           3|         111|   -8.612233|   -8.380950|   -8.297490|   -8.197787|
|           3|         112|   -8.619950|   -8.387169|   -8.305249|   -8.206444|
|           3|         113|   -8.627570|   -8.393292|   -8.312911|   -8.215021|
|           3|         114|   -8.635093|   -8.399318|   -8.320478|   -8.223516|
|           3|         115|   -8.642521|   -8.405251|   -8.327948|   -8.231930|
|           3|         116|   -8.649853|   -8.411092|   -8.335324|   -8.240261|
|           3|         117|   -8.657090|   -8.416844|   -8.342605|   -8.248510|
|           3|         118|   -8.664232|   -8.422509|   -8.349792|   -8.256676|
|           3|         119|   -8.671281|   -8.428088|   -8.356885|   -8.264758|

------------------------ Global Error Analysis --------------------------
     RMS Error [P]: 1.473068e-02     |      Max Error [P]: 3.129981e-01
     RMS Error [U]: 1.080463e-03     |      Max Error [U]: 1.974266e-02
     RMS Error [V]: 9.936318e-04     |      Max Error [V]: 1.977458e-02
     RMS Error [W]: 7.530660e-04     |      Max Error [W]: 1.459967e-02
-------------------------------------------------------------------------

|           3|         120|   -8.678237|   -8.433584|   -8.363886|   -8.272757|
|           3|         121|   -8.685100|   -8.438999|   -8.370794|   -8.280672|
|           3|         122|   -8.691873|   -8.444335|   -8.377612|   -8.288504|
|           3|         123|   -8.698554|   -8.449593|   -8.384339|   -8.296251|
|           3|         124|   -8.705145|   -8.454776|   -8.390976|   -8.303914|
|           3|         125|   -8.711648|   -8.459885|   -8.397524|   -8.311494|
|           3|         126|   -8.718062|   -8.464923|   -8.403985|   -8.318989|
|           3|         127|   -8.724390|   -8.469891|   -8.410358|   -8.326400|
|           3|         128|   -8.730632|   -8.474791|   -8.416646|   -8.333728|
|           3|         129|   -8.736788|   -8.479625|   -8.422849|   -8.340972|
|           3|         130|   -8.742861|   -8.484395|   -8.428969|   -8.348133|
|           3|         131|   -8.748851|   -8.489102|   -8.435006|   -8.355211|
|           3|         132|   -8.754760|   -8.493748|   -8.440961|   -8.362206|
|           3|         133|   -8.760588|   -8.498335|   -8.446837|   -8.369119|
|           3|         134|   -8.766338|   -8.502864|   -8.452633|   -8.375951|
|           3|         135|   -8.772009|   -8.507338|   -8.458352|   -8.382701|
|           3|         136|   -8.777604|   -8.511758|   -8.463994|   -8.389371|
|           3|         137|   -8.783124|   -8.516125|   -8.469562|   -8.395961|
|           3|         138|   -8.788571|   -8.520441|   -8.475056|   -8.402471|
|           3|         139|   -8.793944|   -8.524708|   -8.480477|   -8.408903|
|           3|         140|   -8.799247|   -8.528927|   -8.485827|   -8.415257|
|           3|         141|   -8.804480|   -8.533099|   -8.491108|   -8.421534|
|           3|         142|   -8.809644|   -8.537226|   -8.496320|   -8.427735|
|           3|         143|   -8.814742|   -8.541310|   -8.501465|   -8.433860|
|           3|         144|   -8.819774|   -8.545351|   -8.506545|   -8.439911|
|           3|         145|   -8.824742|   -8.549352|   -8.511561|   -8.445888|
|           3|         146|   -8.829647|   -8.553313|   -8.516514|   -8.451793|
|           3|         147|   -8.834491|   -8.557236|   -8.521406|   -8.457626|
|           3|         148|   -8.839275|   -8.561121|   -8.526238|   -8.463388|
|           3|         149|   -8.844001|   -8.564971|   -8.531011|   -8.469081|
|           3|         150|   -8.848669|   -8.568786|   -8.535727|   -8.474705|
|           3|         151|   -8.853282|   -8.572568|   -8.540388|   -8.480262|
|           3|         152|   -8.857840|   -8.576317|   -8.544994|   -8.485753|
|           3|         153|   -8.862346|   -8.580035|   -8.549547|   -8.491178|
|           3|         154|   -8.866799|   -8.583723|   -8.554048|   -8.496540|
|           3|         155|   -8.871203|   -8.587382|   -8.558499|   -8.501838|
|           3|         156|   -8.875557|   -8.591012|   -8.562901|   -8.507075|
|           3|         157|   -8.879863|   -8.594615|   -8.567255|   -8.512251|
|           3|         158|   -8.884123|   -8.598191|   -8.571563|   -8.517367|
|           3|         159|   -8.888338|   -8.601743|   -8.575825|   -8.522425|

------------------------ Global Error Analysis --------------------------
     RMS Error [P]: 1.472761e-02     |      Max Error [P]: 3.129241e-01
     RMS Error [U]: 1.080462e-03     |      Max Error [U]: 1.974266e-02
     RMS Error [V]: 9.936312e-04     |      Max Error [V]: 1.977457e-02
     RMS Error [W]: 7.530659e-04     |      Max Error [W]: 1.459967e-02
-------------------------------------------------------------------------

|           3|         160|   -8.892509|   -8.605269|   -8.580043|   -8.527426|
|           3|         161|   -8.896636|   -8.608772|   -8.584218|   -8.532371|
|           3|         162|   -8.900723|   -8.612252|   -8.588352|   -8.537261|
|           3|         163|   -8.904769|   -8.615710|   -8.592445|   -8.542097|
|           3|         164|   -8.908775|   -8.619146|   -8.596499|   -8.546880|
|           3|         165|   -8.912744|   -8.622562|   -8.600514|   -8.551612|
|           3|         166|   -8.916675|   -8.625958|   -8.604493|   -8.556294|
|           3|         167|   -8.920570|   -8.629334|   -8.608435|   -8.560927|
|           3|         168|   -8.924431|   -8.632692|   -8.612342|   -8.565512|
|           3|         169|   -8.928257|   -8.636032|   -8.616215|   -8.570049|
|           3|         170|   -8.932051|   -8.639355|   -8.620055|   -8.574541|
|           3|         171|   -8.935812|   -8.642661|   -8.623863|   -8.578988|
|           3|         172|   -8.939543|   -8.645950|   -8.627640|   -8.583391|
|           3|         173|   -8.943243|   -8.649224|   -8.631387|   -8.587752|
|           3|         174|   -8.946914|   -8.652483|   -8.635104|   -8.592071|
|           3|         175|   -8.950557|   -8.655728|   -8.638793|   -8.596349|
|           3|         176|   -8.954172|   -8.658958|   -8.642455|   -8.600588|
|           3|         177|   -8.957761|   -8.662174|   -8.646090|   -8.604788|
|           3|         178|   -8.961324|   -8.665378|   -8.649698|   -8.608950|
|           3|         179|   -8.964862|   -8.668568|   -8.653282|   -8.613076|
|           3|         180|   -8.968375|   -8.671747|   -8.656841|   -8.617166|
|           3|         181|   -8.971865|   -8.674913|   -8.660377|   -8.621221|
|           3|         182|   -8.975332|   -8.678068|   -8.663889|   -8.625242|
|           3|         183|   -8.978777|   -8.681211|   -8.667379|   -8.629230|
|           3|         184|   -8.982200|   -8.684344|   -8.670848|   -8.633185|
|           3|         185|   -8.985603|   -8.687466|   -8.674296|   -8.637110|
|           3|         186|   -8.988985|   -8.690578|   -8.677723|   -8.641003|
|           3|         187|   -8.992348|   -8.693680|   -8.681131|   -8.644867|
|           3|         188|   -8.995691|   -8.696773|   -8.684519|   -8.648702|
|           3|         189|   -8.999016|   -8.699856|   -8.687889|   -8.652509|
|           3|         190|   -9.002324|   -8.702930|   -8.691241|   -8.656288|
|           3|         191|   -9.005613|   -8.705996|   -8.694576|   -8.660041|
|           3|         192|   -9.008886|   -8.709053|   -8.697893|   -8.663767|
|           3|         193|   -9.012143|   -8.712102|   -8.701195|   -8.667468|
|           3|         194|   -9.015384|   -8.715143|   -8.704480|   -8.671144|
|           3|         195|   -9.018609|   -8.718176|   -8.707749|   -8.674797|
|           3|         196|   -9.021819|   -8.721202|   -8.711004|   -8.678426|
|           3|         197|   -9.025015|   -8.724220|   -8.714244|   -8.682032|
|           3|         198|   -9.028197|   -8.727231|   -8.717470|   -8.685616|
|           3|         199|   -9.031365|   -8.730235|   -8.720682|   -8.689178|

------------------------ Global Error Analysis --------------------------
     RMS Error [P]: 1.472614e-02     |      Max Error [P]: 3.128875e-01
     RMS Error [U]: 1.080462e-03     |      Max Error [U]: 1.974265e-02
     RMS Error [V]: 9.936311e-04     |      Max Error [V]: 1.977457e-02
     RMS Error [W]: 7.530660e-04     |      Max Error [W]: 1.459967e-02
-------------------------------------------------------------------------

|           3|         200|   -9.034519|   -8.733233|   -8.723881|   -8.692720|
|           3|         201|   -9.037661|   -8.736223|   -8.727066|   -8.696240|
|           3|         202|   -9.040790|   -8.739208|   -8.730239|   -8.699741|
|           3|         203|   -9.043907|   -8.742186|   -8.733400|   -8.703223|
|           3|         204|   -9.047012|   -8.745158|   -8.736548|   -8.706686|
|           3|         205|   -9.050106|   -8.748124|   -8.739685|   -8.710130|
|           3|         206|   -9.053188|   -8.751084|   -8.742811|   -8.713556|
|           3|         207|   -9.056259|   -8.754038|   -8.745926|   -8.716965|
|           3|         208|   -9.059320|   -8.756987|   -8.749030|   -8.720357|
|           3|         209|   -9.062370|   -8.759930|   -8.752123|   -8.723732|
|           3|         210|   -9.065410|   -8.762868|   -8.755207|   -8.727091|
|           3|         211|   -9.068440|   -8.765801|   -8.758280|   -8.730434|
|           3|         212|   -9.071461|   -8.768728|   -8.761344|   -8.733762|
|           3|         213|   -9.074472|   -8.771651|   -8.764398|   -8.737075|
|           3|         214|   -9.077474|   -8.774568|   -8.767444|   -8.740373|
|           3|         215|   -9.080468|   -8.777481|   -8.770480|   -8.743657|
|           3|         216|   -9.083452|   -8.780389|   -8.773508|   -8.746927|
|           3|         217|   -9.086429|   -8.783293|   -8.776527|   -8.750184|
|           3|         218|   -9.089397|   -8.786191|   -8.779537|   -8.753428|
|           3|         219|   -9.092357|   -8.789086|   -8.782540|   -8.756658|
|           3|         220|   -9.095309|   -8.791975|   -8.785535|   -8.759876|
|           3|         221|   -9.098253|   -8.794861|   -8.788522|   -8.763082|
|           3|         222|   -9.101190|   -8.797742|   -8.791501|   -8.766275|
|           3|         223|   -9.104119|   -8.800619|   -8.794473|   -8.769457|
|           3|         224|   -9.107042|   -8.803492|   -8.797438|   -8.772628|
|           3|         225|   -9.109957|   -8.806361|   -8.800396|   -8.775787|
|           3|         226|   -9.112865|   -8.809225|   -8.803346|   -8.778935|
|           3|         227|   -9.115767|   -8.812086|   -8.806290|   -8.782073|
|           3|         228|   -9.118662|   -8.814943|   -8.809228|   -8.785200|
|           3|         229|   -9.121551|   -8.817796|   -8.812159|   -8.788317|
|           3|         230|   -9.124433|   -8.820645|   -8.815083|   -8.791424|
|           3|         231|   -9.127309|   -8.823490|   -8.818001|   -8.794521|
|           3|         232|   -9.130179|   -8.826332|   -8.820913|   -8.797608|
|           3|         233|   -9.133043|   -8.829169|   -8.823820|   -8.800687|
|           3|         234|   -9.135901|   -8.832003|   -8.826720|   -8.803756|
|           3|         235|   -9.138754|   -8.834834|   -8.829614|   -8.806816|
|           3|         236|   -9.141601|   -8.837661|   -8.832503|   -8.809867|
|           3|         237|   -9.144442|   -8.840484|   -8.835386|   -8.812910|
|           3|         238|   -9.147278|   -8.843304|   -8.838264|   -8.815944|
|           3|         239|   -9.150109|   -8.846121|   -8.841136|   -8.818970|

------------------------ Global Error Analysis --------------------------
     RMS Error [P]: 1.472529e-02     |      Max Error [P]: 3.128653e-01
     RMS Error [U]: 1.080462e-03     |      Max Error [U]: 1.974265e-02
     RMS Error [V]: 9.936310e-04     |      Max Error [V]: 1.977457e-02
     RMS Error [W]: 7.530660e-04     |      Max Error [W]: 1.459967e-02
-------------------------------------------------------------------------

|           3|         240|   -9.152934|   -8.848934|   -8.844003|   -8.821987|
|           3|         241|   -9.155754|   -8.851743|   -8.846865|   -8.824997|
|           3|         242|   -9.158569|   -8.854549|   -8.849722|   -8.827999|
|           3|         243|   -9.161379|   -8.857352|   -8.852573|   -8.830994|
|           3|         244|   -9.164184|   -8.860152|   -8.855420|   -8.833980|
|           3|         245|   -9.166985|   -8.862948|   -8.858262|   -8.836960|
|           3|         246|   -9.169780|   -8.865741|   -8.861099|   -8.839932|
|           3|         247|   -9.172571|   -8.868530|   -8.863931|   -8.842897|
|           3|         248|   -9.175358|   -8.871317|   -8.866759|   -8.845855|
|           3|         249|   -9.178139|   -8.874100|   -8.869582|   -8.848807|
|           3|         250|   -9.180917|   -8.876880|   -8.872400|   -8.851751|
|           3|         251|   -9.183689|   -8.879657|   -8.875214|   -8.854689|
|           3|         252|   -9.186458|   -8.882430|   -8.878024|   -8.857620|
|           3|         253|   -9.189222|   -8.885201|   -8.880829|   -8.860545|
|           3|         254|   -9.191982|   -8.887968|   -8.883630|   -8.863464|
|           3|         255|   -9.194738|   -8.890733|   -8.886427|   -8.866376|
|           3|         256|   -9.197489|   -8.893494|   -8.889219|   -8.869283|
|           3|         257|   -9.200237|   -8.896252|   -8.892008|   -8.872183|
|           3|         258|   -9.202980|   -8.899008|   -8.894792|   -8.875077|
|           3|         259|   -9.205720|   -8.901760|   -8.897572|   -8.877966|
|           3|         260|   -9.208455|   -8.904509|   -8.900349|   -8.880849|
|           3|         261|   -9.211187|   -8.907255|   -8.903121|   -8.883726|
|           3|         262|   -9.213915|   -8.909999|   -8.905889|   -8.886598|
|           3|         263|   -9.216639|   -8.912739|   -8.908654|   -8.889464|
|           3|         264|   -9.219360|   -8.915476|   -8.911415|   -8.892325|
|           3|         265|   -9.222076|   -8.918211|   -8.914172|   -8.895180|
|           3|         266|   -9.224789|   -8.920942|   -8.916925|   -8.898031|
|           3|         267|   -9.227498|   -8.923671|   -8.919675|   -8.900876|
|           3|         268|   -9.230204|   -8.926397|   -8.922421|   -8.903716|
|           3|         269|   -9.232906|   -8.929120|   -8.925164|   -8.906551|
|           3|         270|   -9.235605|   -8.931840|   -8.927902|   -8.909381|
|           3|         271|   -9.238300|   -8.934557|   -8.930638|   -8.912206|
|           3|         272|   -9.240992|   -8.937272|   -8.933370|   -8.915026|
|           3|         273|   -9.243680|   -8.939984|   -8.936098|   -8.917841|
|           3|         274|   -9.246365|   -8.942692|   -8.938823|   -8.920652|
|           3|         275|   -9.249047|   -8.945399|   -8.941544|   -8.923458|
|           3|         276|   -9.251725|   -8.948102|   -8.944263|   -8.926260|
|           3|         277|   -9.254400|   -8.950802|   -8.946978|   -8.929057|
|           3|         278|   -9.257072|   -8.953500|   -8.949689|   -8.931849|
|           3|         279|   -9.259741|   -8.956195|   -8.952397|   -8.934637|

------------------------ Global Error Analysis --------------------------
     RMS Error [P]: 1.472472e-02     |      Max Error [P]: 3.128504e-01
     RMS Error [U]: 1.080462e-03     |      Max Error [U]: 1.974265e-02
     RMS Error [V]: 9.936310e-04     |      Max Error [V]: 1.977457e-02
     RMS Error [W]: 7.530661e-04     |      Max Error [W]: 1.459967e-02
-------------------------------------------------------------------------

|           3|         280|   -9.262406|   -8.958888|   -8.955102|   -8.937421|
|           3|         281|   -9.265068|   -8.961578|   -8.957804|   -8.940200|
|           3|         282|   -9.267728|   -8.964265|   -8.960503|   -8.942975|
|           3|         283|   -9.270384|   -8.966949|   -8.963198|   -8.945746|
|           3|         284|   -9.273037|   -8.969631|   -8.965890|   -8.948513|
|           3|         285|   -9.275687|   -8.972310|   -8.968580|   -8.951275|
|           3|         286|   -9.278333|   -8.974986|   -8.971266|   -8.954034|
|           3|         287|   -9.280977|   -8.977660|   -8.973949|   -8.956788|
|           3|         288|   -9.283618|   -8.980331|   -8.976629|   -8.959539|
|           3|         289|   -9.286256|   -8.982999|   -8.979306|   -8.962285|
|           3|         290|   -9.288891|   -8.985665|   -8.981980|   -8.965028|
|           3|         291|   -9.291523|   -8.988328|   -8.984651|   -8.967767|
|           3|         292|   -9.294153|   -8.990989|   -8.987319|   -8.970502|
|           3|         293|   -9.296779|   -8.993647|   -8.989984|   -8.973233|
|           3|         294|   -9.299403|   -8.996303|   -8.992647|   -8.975960|
|           3|         295|   -9.302024|   -8.998956|   -8.995306|   -8.978684|
|           3|         296|   -9.304642|   -9.001607|   -8.997963|   -8.981404|
|           3|         297|   -9.307257|   -9.004255|   -9.000616|   -8.984120|
|           3|         298|   -9.309870|   -9.006900|   -9.003267|   -8.986833|
|           3|         299|   -9.312480|   -9.009543|   -9.005916|   -8.989542|
|           3|         300|   -9.315087|   -9.012184|   -9.008561|   -8.992248|
|           3|         301|   -9.317691|   -9.014822|   -9.011204|   -8.994950|
|           3|         302|   -9.320293|   -9.017458|   -9.013844|   -8.997649|
|           3|         303|   -9.322892|   -9.020091|   -9.016481|   -9.000344|
|           3|         304|   -9.325489|   -9.022722|   -9.019115|   -9.003036|
|           3|         305|   -9.328083|   -9.025350|   -9.021747|   -9.005725|
|           3|         306|   -9.330675|   -9.027976|   -9.024377|   -9.008410|
|           3|         307|   -9.333264|   -9.030600|   -9.027003|   -9.011092|
|           3|         308|   -9.335850|   -9.033221|   -9.029627|   -9.013771|
|           3|         309|   -9.338434|   -9.035840|   -9.032249|   -9.016446|
|           3|         310|   -9.341015|   -9.038457|   -9.034868|   -9.019118|
|           3|         311|   -9.343594|   -9.041071|   -9.037484|   -9.021787|
|           3|         312|   -9.346171|   -9.043683|   -9.040098|   -9.024453|
|           3|         313|   -9.348745|   -9.046292|   -9.042709|   -9.027116|
|           3|         314|   -9.351317|   -9.048899|   -9.045318|   -9.029776|
|           3|         315|   -9.353886|   -9.051504|   -9.047924|   -9.032433|
|           3|         316|   -9.356453|   -9.054107|   -9.050528|   -9.035086|
|           3|         317|   -9.359018|   -9.056707|   -9.053130|   -9.037737|
|           3|         318|   -9.361580|   -9.059305|   -9.055729|   -9.040385|
|           3|         319|   -9.364140|   -9.061901|   -9.058325|   -9.043029|

------------------------ Global Error Analysis --------------------------
     RMS Error [P]: 1.472433e-02     |      Max Error [P]: 3.128398e-01
     RMS Error [U]: 1.080462e-03     |      Max Error [U]: 1.974265e-02
     RMS Error [V]: 9.936310e-04     |      Max Error [V]: 1.977457e-02
     RMS Error [W]: 7.530661e-04     |      Max Error [W]: 1.459967e-02
-------------------------------------------------------------------------

|           3|         320|   -9.366698|   -9.064495|   -9.060920|   -9.045671|
|           3|         321|   -9.369253|   -9.067086|   -9.063512|   -9.048310|
|           3|         322|   -9.371806|   -9.069675|   -9.066101|   -9.050946|
|           3|         323|   -9.374357|   -9.072262|   -9.068688|   -9.053579|
|           3|         324|   -9.376905|   -9.074847|   -9.071273|   -9.056210|
|           3|         325|   -9.379452|   -9.077429|   -9.073856|   -9.058837|
|           3|         326|   -9.381996|   -9.080010|   -9.076436|   -9.061462|
|           3|         327|   -9.384538|   -9.082588|   -9.079014|   -9.064084|
|           3|         328|   -9.387078|   -9.085164|   -9.081590|   -9.066704|
|           3|         329|   -9.389616|   -9.087738|   -9.084163|   -9.069320|
|           3|         330|   -9.392151|   -9.090310|   -9.086735|   -9.071934|
|           3|         331|   -9.394685|   -9.092880|   -9.089304|   -9.074546|
|           3|         332|   -9.397216|   -9.095448|   -9.091871|   -9.077154|
|           3|         333|   -9.399746|   -9.098013|   -9.094436|   -9.079760|
|           3|         334|   -9.402273|   -9.100577|   -9.096998|   -9.082364|
|           3|         335|   -9.404798|   -9.103138|   -9.099559|   -9.084965|
|           3|         336|   -9.407321|   -9.105698|   -9.102117|   -9.087563|
|           3|         337|   -9.409842|   -9.108255|   -9.104673|   -9.090159|
|           3|         338|   -9.412362|   -9.110811|   -9.107227|   -9.092752|
|           3|         339|   -9.414879|   -9.113364|   -9.109779|   -9.095343|
|           3|         340|   -9.417394|   -9.115916|   -9.112329|   -9.097932|
|           3|         341|   -9.419907|   -9.118465|   -9.114877|   -9.100518|
|           3|         342|   -9.422419|   -9.121013|   -9.117423|   -9.103101|
|           3|         343|   -9.424928|   -9.123558|   -9.119967|   -9.105682|
|           3|         344|   -9.427436|   -9.126102|   -9.122509|   -9.108261|
|           3|         345|   -9.429941|   -9.128644|   -9.125049|   -9.110838|
|           3|         346|   -9.432445|   -9.131183|   -9.127587|   -9.113412|
|           3|         347|   -9.434947|   -9.133721|   -9.130123|   -9.115983|
|           3|         348|   -9.437447|   -9.136257|   -9.132657|   -9.118553|
|           3|         349|   -9.439945|   -9.138791|   -9.135189|   -9.121120|
|           3|         350|   -9.442441|   -9.141324|   -9.137719|   -9.123685|
|           3|         351|   -9.444936|   -9.143854|   -9.140247|   -9.126248|
|           3|         352|   -9.447429|   -9.146382|   -9.142774|   -9.128808|
|           3|         353|   -9.449920|   -9.148909|   -9.145298|   -9.131367|
|           3|         354|   -9.452409|   -9.151434|   -9.147821|   -9.133923|
|           3|         355|   -9.454897|   -9.153957|   -9.150342|   -9.136477|
|           3|         356|   -9.457382|   -9.156478|   -9.152861|   -9.139028|
|           3|         357|   -9.459867|   -9.158998|   -9.155378|   -9.141578|
|           3|         358|   -9.462349|   -9.161516|   -9.157893|   -9.144126|
|           3|         359|   -9.464830|   -9.164032|   -9.160407|   -9.146671|

------------------------ Global Error Analysis --------------------------
     RMS Error [P]: 1.472404e-02     |      Max Error [P]: 3.128320e-01
     RMS Error [U]: 1.080461e-03     |      Max Error [U]: 1.974265e-02
     RMS Error [V]: 9.936310e-04     |      Max Error [V]: 1.977456e-02
     RMS Error [W]: 7.530661e-04     |      Max Error [W]: 1.459967e-02
-------------------------------------------------------------------------

|           3|         360|   -9.467309|   -9.166546|   -9.162919|   -9.149214|
|           3|         361|   -9.469786|   -9.169058|   -9.165429|   -9.151756|
|           3|         362|   -9.472262|   -9.171569|   -9.167937|   -9.154295|
|           3|         363|   -9.474736|   -9.174078|   -9.170444|   -9.156832|
|           3|         364|   -9.477208|   -9.176585|   -9.172948|   -9.159368|
|           3|         365|   -9.479679|   -9.179091|   -9.175451|   -9.161901|
|           3|         366|   -9.482148|   -9.181595|   -9.177953|   -9.164432|
|           3|         367|   -9.484616|   -9.184098|   -9.180453|   -9.166961|
|           3|         368|   -9.487082|   -9.186598|   -9.182951|   -9.169489|
|           3|         369|   -9.489547|   -9.189097|   -9.185447|   -9.172014|
|           3|         370|   -9.492010|   -9.191595|   -9.187942|   -9.174538|
|           3|         371|   -9.494471|   -9.194091|   -9.190435|   -9.177059|
|           3|         372|   -9.496931|   -9.196585|   -9.192927|   -9.179579|
|           3|         373|   -9.499390|   -9.199077|   -9.195416|   -9.182097|
|           3|         374|   -9.501847|   -9.201568|   -9.197905|   -9.184613|
|           3|         375|   -9.504302|   -9.204058|   -9.200392|   -9.187127|
|           3|         376|   -9.506756|   -9.206546|   -9.202877|   -9.189640|
|           3|         377|   -9.509209|   -9.209032|   -9.205360|   -9.192150|
|           3|         378|   -9.511660|   -9.211517|   -9.207842|   -9.194659|
|           3|         379|   -9.514110|   -9.214000|   -9.210323|   -9.197166|
|           3|         380|   -9.516558|   -9.216482|   -9.212802|   -9.199672|
|           3|         381|   -9.519005|   -9.218962|   -9.215279|   -9.202175|
|           3|         382|   -9.521451|   -9.221441|   -9.217755|   -9.204677|
|           3|         383|   -9.523895|   -9.223919|   -9.220230|   -9.207177|
|           3|         384|   -9.526337|   -9.226394|   -9.222703|   -9.209676|
|           3|         385|   -9.528779|   -9.228869|   -9.225175|   -9.212173|
|           3|         386|   -9.531219|   -9.231342|   -9.227645|   -9.214668|
|           3|         387|   -9.533658|   -9.233813|   -9.230114|   -9.217161|
|           3|         388|   -9.536095|   -9.236283|   -9.232581|   -9.219653|
|           3|         389|   -9.538531|   -9.238752|   -9.235047|   -9.222143|
|           3|         390|   -9.540966|   -9.241219|   -9.237511|   -9.224632|
|           3|         391|   -9.543400|   -9.243685|   -9.239974|   -9.227119|
|           3|         392|   -9.545832|   -9.246150|   -9.242436|   -9.229604|
|           3|         393|   -9.548263|   -9.248613|   -9.244896|   -9.232088|
|           3|         394|   -9.550693|   -9.251075|   -9.247355|   -9.234570|
|           3|         395|   -9.553121|   -9.253535|   -9.249813|   -9.237051|
|           3|         396|   -9.555549|   -9.255995|   -9.252269|   -9.239530|
|           3|         397|   -9.557975|   -9.258452|   -9.254724|   -9.242008|
|           3|         398|   -9.560400|   -9.260909|   -9.257178|   -9.244484|
|           3|         399|   -9.562824|   -9.263364|   -9.259631|   -9.246959|

------------------------ Global Error Analysis --------------------------
     RMS Error [P]: 1.472383e-02     |      Max Error [P]: 3.128261e-01
     RMS Error [U]: 1.080461e-03     |      Max Error [U]: 1.974265e-02
     RMS Error [V]: 9.936310e-04     |      Max Error [V]: 1.977456e-02
     RMS Error [W]: 7.530662e-04     |      Max Error [W]: 1.459967e-02
-------------------------------------------------------------------------

|           3|         400|   -9.565246|   -9.265818|   -9.262082|   -9.249432|
|           3|         401|   -9.567667|   -9.268271|   -9.264532|   -9.251904|
|           3|         402|   -9.570088|   -9.270722|   -9.266980|   -9.254374|
|           3|         403|   -9.572507|   -9.273172|   -9.269427|   -9.256843|
|           3|         404|   -9.574925|   -9.275621|   -9.271873|   -9.259311|
|           3|         405|   -9.577341|   -9.278068|   -9.274318|   -9.261777|
|           3|         406|   -9.579757|   -9.280515|   -9.276762|   -9.264241|
|           3|         407|   -9.582172|   -9.282960|   -9.279204|   -9.266705|
|           3|         408|   -9.584585|   -9.285404|   -9.281645|   -9.269167|
|           3|         409|   -9.586997|   -9.287846|   -9.284085|   -9.271627|
|           3|         410|   -9.589409|   -9.290288|   -9.286524|   -9.274086|
|           3|         411|   -9.591819|   -9.292728|   -9.288962|   -9.276544|
|           3|         412|   -9.594228|   -9.295167|   -9.291398|   -9.279001|
|           3|         413|   -9.596636|   -9.297605|   -9.293834|   -9.281456|
|           3|         414|   -9.599043|   -9.300042|   -9.296268|   -9.283910|
|           3|         415|   -9.601449|   -9.302478|   -9.298701|   -9.286362|
|           3|         416|   -9.603854|   -9.304913|   -9.301133|   -9.288814|
|           3|         417|   -9.606258|   -9.307346|   -9.303564|   -9.291264|
|           3|         418|   -9.608661|   -9.309778|   -9.305993|   -9.293712|
|           3|         419|   -9.611063|   -9.312210|   -9.308422|   -9.296160|
|           3|         420|   -9.613464|   -9.314640|   -9.310849|   -9.298606|
|           3|         421|   -9.615864|   -9.317069|   -9.313276|   -9.301051|
|           3|         422|   -9.618263|   -9.319497|   -9.315701|   -9.303495|
|           3|         423|   -9.620661|   -9.321924|   -9.318125|   -9.305938|
|           3|         424|   -9.623059|   -9.324349|   -9.320549|   -9.308379|
|           3|         425|   -9.625455|   -9.326774|   -9.322971|   -9.310819|
|           3|         426|   -9.627850|   -9.329198|   -9.325392|   -9.313258|
|           3|         427|   -9.630245|   -9.331621|   -9.327812|   -9.315696|
|           3|         428|   -9.632638|   -9.334042|   -9.330231|   -9.318133|
|           3|         429|   -9.635031|   -9.336463|   -9.332649|   -9.320569|
|           3|         430|   -9.637422|   -9.338883|   -9.335067|   -9.323003|
|           3|         431|   -9.639813|   -9.341301|   -9.337483|   -9.325436|
|           3|         432|   -9.642203|   -9.343719|   -9.339898|   -9.327869|
|           3|         433|   -9.644592|   -9.346136|   -9.342312|   -9.330300|
|           3|         434|   -9.646980|   -9.348551|   -9.344725|   -9.332730|
|           3|         435|   -9.649368|   -9.350966|   -9.347138|   -9.335159|
|           3|         436|   -9.651754|   -9.353380|   -9.349549|   -9.337587|
|           3|         437|   -9.654140|   -9.355793|   -9.351959|   -9.340013|
|           3|         438|   -9.656525|   -9.358205|   -9.354369|   -9.342439|
|           3|         439|   -9.658909|   -9.360616|   -9.356778|   -9.344864|

------------------------ Global Error Analysis --------------------------
     RMS Error [P]: 1.472367e-02     |      Max Error [P]: 3.128216e-01
     RMS Error [U]: 1.080461e-03     |      Max Error [U]: 1.974265e-02
     RMS Error [V]: 9.936310e-04     |      Max Error [V]: 1.977456e-02
     RMS Error [W]: 7.530662e-04     |      Max Error [W]: 1.459967e-02
-------------------------------------------------------------------------

|           3|         440|   -9.661292|   -9.363026|   -9.359185|   -9.347288|
|           3|         441|   -9.663675|   -9.365435|   -9.361592|   -9.349710|
|           3|         442|   -9.666056|   -9.367843|   -9.363998|   -9.352132|
|           3|         443|   -9.668437|   -9.370251|   -9.366403|   -9.354552|
|           3|         444|   -9.670817|   -9.372657|   -9.368807|   -9.356972|
|           3|         445|   -9.673196|   -9.375063|   -9.371210|   -9.359391|
|           3|         446|   -9.675575|   -9.377467|   -9.373613|   -9.361808|
|           3|         447|   -9.677953|   -9.379871|   -9.376014|   -9.364225|
|           3|         448|   -9.680330|   -9.382274|   -9.378415|   -9.366641|
|           3|         449|   -9.682706|   -9.384676|   -9.380815|   -9.369056|
|           3|         450|   -9.685082|   -9.387078|   -9.383214|   -9.371469|
|           3|         451|   -9.687456|   -9.389478|   -9.385612|   -9.373882|
|           3|         452|   -9.689831|   -9.391878|   -9.388009|   -9.376294|
|           3|         453|   -9.692204|   -9.394276|   -9.390406|   -9.378705|
|           3|         454|   -9.694577|   -9.396674|   -9.392801|   -9.381115|
|           3|         455|   -9.696949|   -9.399072|   -9.395196|   -9.383525|
|           3|         456|   -9.699320|   -9.401468|   -9.397591|   -9.385933|
|           3|         457|   -9.701691|   -9.403864|   -9.399984|   -9.388340|
|           3|         458|   -9.704061|   -9.406258|   -9.402377|   -9.390747|
|           3|         459|   -9.706430|   -9.408652|   -9.404768|   -9.393153|
|           3|         460|   -9.708799|   -9.411046|   -9.407160|   -9.395557|
|           3|         461|   -9.711167|   -9.413438|   -9.409550|   -9.397961|
|           3|         462|   -9.713534|   -9.415830|   -9.411939|   -9.400364|
|           3|         463|   -9.715901|   -9.418221|   -9.414328|   -9.402767|
|           3|         464|   -9.718267|   -9.420611|   -9.416716|   -9.405168|
|           3|         465|   -9.720632|   -9.423001|   -9.419104|   -9.407569|
|           3|         466|   -9.722997|   -9.425389|   -9.421491|   -9.409969|
|           3|         467|   -9.725361|   -9.427778|   -9.423877|   -9.412368|
|           3|         468|   -9.727725|   -9.430165|   -9.426262|   -9.414766|
|           3|         469|   -9.730088|   -9.432552|   -9.428646|   -9.417163|
|           3|         470|   -9.732450|   -9.434937|   -9.431030|   -9.419560|
|           3|         471|   -9.734812|   -9.437323|   -9.433414|   -9.421956|
|           3|         472|   -9.737173|   -9.439707|   -9.435796|   -9.424351|
|           3|         473|   -9.739534|   -9.442091|   -9.438178|   -9.426745|
|           3|         474|   -9.741894|   -9.444474|   -9.440559|   -9.429139|
|           3|         475|   -9.744253|   -9.446857|   -9.442940|   -9.431531|
|           3|         476|   -9.746612|   -9.449239|   -9.445320|   -9.433923|
|           3|         477|   -9.748970|   -9.451620|   -9.447699|   -9.436315|
|           3|         478|   -9.751328|   -9.454000|   -9.450077|   -9.438705|
|           3|         479|   -9.753685|   -9.456380|   -9.452455|   -9.441095|

------------------------ Global Error Analysis --------------------------
     RMS Error [P]: 1.472354e-02     |      Max Error [P]: 3.128181e-01
     RMS Error [U]: 1.080461e-03     |      Max Error [U]: 1.974265e-02
     RMS Error [V]: 9.936310e-04     |      Max Error [V]: 1.977456e-02
     RMS Error [W]: 7.530662e-04     |      Max Error [W]: 1.459967e-02
-------------------------------------------------------------------------

|           3|         480|   -9.756042|   -9.458760|   -9.454833|   -9.443484|
|           3|         481|   -9.758398|   -9.461138|   -9.457209|   -9.445873|
|           3|         482|   -9.760754|   -9.463516|   -9.459585|   -9.448261|
|           3|         483|   -9.763109|   -9.465894|   -9.461961|   -9.450648|
|           3|         484|   -9.765464|   -9.468270|   -9.464336|   -9.453034|
|           3|         485|   -9.767818|   -9.470647|   -9.466710|   -9.455420|
|           3|         486|   -9.770172|   -9.473022|   -9.469084|   -9.457805|
|           3|         487|   -9.772525|   -9.475397|   -9.471457|   -9.460189|
|           3|         488|   -9.774877|   -9.477771|   -9.473829|   -9.462573|
|           3|         489|   -9.777229|   -9.480145|   -9.476201|   -9.464955|
|           3|         490|   -9.779581|   -9.482518|   -9.478573|   -9.467338|
|           3|         491|   -9.781932|   -9.484891|   -9.480944|   -9.469720|
|           3|         492|   -9.784283|   -9.487263|   -9.483314|   -9.472101|
|           3|         493|   -9.786633|   -9.489635|   -9.485684|   -9.474481|
|           3|         494|   -9.788983|   -9.492005|   -9.488053|   -9.476861|
|           3|         495|   -9.791332|   -9.494376|   -9.490421|   -9.479240|
|           3|         496|   -9.793681|   -9.496746|   -9.492789|   -9.481619|
|           3|         497|   -9.796030|   -9.499115|   -9.495157|   -9.483996|
|           3|         498|   -9.798378|   -9.501484|   -9.497524|   -9.486374|
|           3|         499|   -9.800725|   -9.503852|   -9.499890|   -9.488751|
|           3|         500|   -9.803072|   -9.506220|   -9.502256|   -9.491127|
|           3|         501|   -9.805419|   -9.508587|   -9.504622|   -9.493502|
|           3|         502|   -9.807765|   -9.510953|   -9.506987|   -9.495877|
|           3|         503|   -9.810111|   -9.513319|   -9.509351|   -9.498252|
|           3|         504|   -9.812456|   -9.515685|   -9.511715|   -9.500625|
|           3|         505|   -9.814802|   -9.518050|   -9.514078|   -9.502999|
|           3|         506|   -9.817146|   -9.520415|   -9.516441|   -9.505371|
|           3|         507|   -9.819490|   -9.522779|   -9.518804|   -9.507744|
|           3|         508|   -9.821834|   -9.525143|   -9.521166|   -9.510115|
|           3|         509|   -9.824178|   -9.527506|   -9.523527|   -9.512486|
|           3|         510|   -9.826521|   -9.529868|   -9.525888|   -9.514857|
|           3|         511|   -9.828863|   -9.532231|   -9.528249|   -9.517227|
|           3|         512|   -9.831205|   -9.534592|   -9.530609|   -9.519596|
|           3|         513|   -9.833547|   -9.536954|   -9.532969|   -9.521965|
|           3|         514|   -9.835889|   -9.539314|   -9.535328|   -9.524334|
|           3|         515|   -9.838230|   -9.541675|   -9.537687|   -9.526702|
|           3|         516|   -9.840571|   -9.544035|   -9.540045|   -9.529069|
|           3|         517|   -9.842911|   -9.546394|   -9.542403|   -9.531436|
|           3|         518|   -9.845251|   -9.548753|   -9.544760|   -9.533802|
|           3|         519|   -9.847591|   -9.551112|   -9.547117|   -9.536168|

------------------------ Global Error Analysis --------------------------
     RMS Error [P]: 1.472344e-02     |      Max Error [P]: 3.128154e-01
     RMS Error [U]: 1.080461e-03     |      Max Error [U]: 1.974265e-02
     RMS Error [V]: 9.936310e-04     |      Max Error [V]: 1.977456e-02
     RMS Error [W]: 7.530662e-04     |      Max Error [W]: 1.459967e-02
-------------------------------------------------------------------------

|           3|         520|   -9.849930|   -9.553470|   -9.549474|   -9.538534|
|           3|         521|   -9.852269|   -9.555828|   -9.551830|   -9.540898|
|           3|         522|   -9.854608|   -9.558185|   -9.554186|   -9.543263|
|           3|         523|   -9.856946|   -9.560542|   -9.556541|   -9.545627|
|           3|         524|   -9.859284|   -9.562898|   -9.558896|   -9.547990|
|           3|         525|   -9.861622|   -9.565254|   -9.561251|   -9.550353|
|           3|         526|   -9.863960|   -9.567610|   -9.563605|   -9.552716|
|           3|         527|   -9.866297|   -9.569965|   -9.565959|   -9.555078|
|           3|         528|   -9.868633|   -9.572320|   -9.568312|   -9.557440|
|           3|         529|   -9.870970|   -9.574674|   -9.570665|   -9.559801|
|           3|         530|   -9.873306|   -9.577028|   -9.573017|   -9.562162|
|           3|         531|   -9.875642|   -9.579382|   -9.575370|   -9.564522|
|           3|         532|   -9.877977|   -9.581735|   -9.577721|   -9.566882|
|           3|         533|   -9.880312|   -9.584088|   -9.580073|   -9.569241|
|           3|         534|   -9.882647|   -9.586441|   -9.582424|   -9.571600|
|           3|         535|   -9.884982|   -9.588793|   -9.584775|   -9.573959|
|           3|         536|   -9.887316|   -9.591144|   -9.587125|   -9.576317|
|           3|         537|   -9.889650|   -9.593496|   -9.589475|   -9.578675|
|           3|         538|   -9.891984|   -9.595847|   -9.591825|   -9.581032|
|           3|         539|   -9.894318|   -9.598198|   -9.594174|   -9.583389|
|           3|         540|   -9.896651|   -9.600548|   -9.596523|   -9.585746|
|           3|         541|   -9.898984|   -9.602898|   -9.598871|   -9.588102|
|           3|         542|   -9.901316|   -9.605247|   -9.601219|   -9.590458|
|           3|         543|   -9.903649|   -9.607597|   -9.603567|   -9.592813|
|           3|         544|   -9.905981|   -9.609946|   -9.605915|   -9.595168|
|           3|         545|   -9.908313|   -9.612294|   -9.608262|   -9.597523|
|           3|         546|   -9.910644|   -9.614643|   -9.610609|   -9.599877|
|           3|         547|   -9.912976|   -9.616990|   -9.612956|   -9.602231|
|           3|         548|   -9.915307|   -9.619338|   -9.615302|   -9.604585|
|           3|         549|   -9.917638|   -9.621685|   -9.617648|   -9.606938|
|           3|         550|   -9.919968|   -9.624032|   -9.619993|   -9.609290|
|           3|         551|   -9.922299|   -9.626379|   -9.622339|   -9.611643|
|           3|         552|   -9.924629|   -9.628725|   -9.624684|   -9.613995|
|           3|         553|   -9.926959|   -9.631071|   -9.627028|   -9.616346|
|           3|         554|   -9.929289|   -9.633417|   -9.629373|   -9.618698|
|           3|         555|   -9.931618|   -9.635762|   -9.631717|   -9.621049|
|           3|         556|   -9.933947|   -9.638107|   -9.634061|   -9.623399|
|           3|         557|   -9.936276|   -9.640452|   -9.636404|   -9.625750|
|           3|         558|   -9.938605|   -9.642797|   -9.638748|   -9.628100|
|           3|         559|   -9.940934|   -9.645141|   -9.641090|   -9.630449|

------------------------ Global Error Analysis --------------------------
     RMS Error [P]: 1.472337e-02     |      Max Error [P]: 3.128133e-01
     RMS Error [U]: 1.080461e-03     |      Max Error [U]: 1.974265e-02
     RMS Error [V]: 9.936310e-04     |      Max Error [V]: 1.977456e-02
     RMS Error [W]: 7.530662e-04     |      Max Error [W]: 1.459967e-02
-------------------------------------------------------------------------

|           3|         560|   -9.943262|   -9.647485|   -9.643433|   -9.632799|
|           3|         561|   -9.945590|   -9.649829|   -9.645775|   -9.635148|
|           3|         562|   -9.947918|   -9.652172|   -9.648118|   -9.637496|
|           3|         563|   -9.950246|   -9.654515|   -9.650459|   -9.639845|
|           3|         564|   -9.952573|   -9.656858|   -9.652801|   -9.642193|
|           3|         565|   -9.954901|   -9.659200|   -9.655142|   -9.644540|
|           3|         566|   -9.957228|   -9.661543|   -9.657483|   -9.646888|
|           3|         567|   -9.959555|   -9.663885|   -9.659824|   -9.649235|
|           3|         568|   -9.961881|   -9.666226|   -9.662164|   -9.651581|
|           3|         569|   -9.964208|   -9.668568|   -9.664505|   -9.653928|
|           3|         570|   -9.966534|   -9.670909|   -9.666845|   -9.656274|
|           3|         571|   -9.968860|   -9.673250|   -9.669184|   -9.658620|
|           3|         572|   -9.971186|   -9.675591|   -9.671524|   -9.660966|
|           3|         573|   -9.973512|   -9.677931|   -9.673863|   -9.663311|
|           3|         574|   -9.975838|   -9.680271|   -9.676202|   -9.665656|
|           3|         575|   -9.978163|   -9.682611|   -9.678541|   -9.668001|
|           3|         576|   -9.980488|   -9.684951|   -9.680879|   -9.670345|
|           3|         577|   -9.982813|   -9.687290|   -9.683217|   -9.672689|
|           3|         578|   -9.985138|   -9.689630|   -9.685556|   -9.675033|
|           3|         579|   -9.987463|   -9.691968|   -9.687893|   -9.677377|
|           3|         580|   -9.989787|   -9.694307|   -9.690231|   -9.679720|
|           3|         581|   -9.992112|   -9.696646|   -9.692568|   -9.682063|
|           3|         582|   -9.994436|   -9.698984|   -9.694905|   -9.684406|
|           3|         583|   -9.996760|   -9.701322|   -9.697242|   -9.686749|
|           3|         584|   -9.999084|   -9.703660|   -9.699579|   -9.689091|
|           3|         585|  -10.001408|   -9.705997|   -9.701915|   -9.691433|
|           3|         586|  -10.003731|   -9.708335|   -9.704252|   -9.693775|
|           3|         587|  -10.006055|   -9.710672|   -9.706588|   -9.696116|
|           3|         588|  -10.008378|   -9.713009|   -9.708923|   -9.698457|
|           3|         589|  -10.010701|   -9.715346|   -9.711259|   -9.700798|
|           3|         590|  -10.013024|   -9.717682|   -9.713594|   -9.703139|
|           3|         591|  -10.015347|   -9.720019|   -9.715930|   -9.705480|
|           3|         592|  -10.017669|   -9.722355|   -9.718264|   -9.707820|
|           3|         593|  -10.019992|   -9.724691|   -9.720599|   -9.710160|
|           3|         594|  -10.022314|   -9.727026|   -9.722934|   -9.712500|
|           3|         595|  -10.024637|   -9.729362|   -9.725268|   -9.714840|
|           3|         596|  -10.026959|   -9.731697|   -9.727602|   -9.717179|
|           3|         597|  -10.029281|   -9.734032|   -9.729936|   -9.719518|
|           3|         598|  -10.031603|   -9.736367|   -9.732270|   -9.721857|
|           3|         599|  -10.033924|   -9.738702|   -9.734604|   -9.724196|

------------------------ Global Error Analysis --------------------------
     RMS Error [P]: 1.472331e-02     |      Max Error [P]: 3.128116e-01
     RMS Error [U]: 1.080461e-03     |      Max Error [U]: 1.974265e-02
     RMS Error [V]: 9.936310e-04     |      Max Error [V]: 1.977456e-02
     RMS Error [W]: 7.530662e-04     |      Max Error [W]: 1.459967e-02
-------------------------------------------------------------------------

|           3|         600|  -10.036246|   -9.741036|   -9.736937|   -9.726534|
|           3|         601|  -10.038567|   -9.743371|   -9.739271|   -9.728872|
|           3|         602|  -10.040889|   -9.745705|   -9.741604|   -9.731211|
|           3|         603|  -10.043210|   -9.748039|   -9.743937|   -9.733548|
|           3|         604|  -10.045531|   -9.750373|   -9.746269|   -9.735886|
|           3|         605|  -10.047852|   -9.752706|   -9.748602|   -9.738223|
|           3|         606|  -10.050173|   -9.755040|   -9.750934|   -9.740561|
|           3|         607|  -10.052494|   -9.757373|   -9.753266|   -9.742898|
|           3|         608|  -10.054814|   -9.759706|   -9.755598|   -9.745234|
|           3|         609|  -10.057135|   -9.762039|   -9.757930|   -9.747571|
|           3|         610|  -10.059455|   -9.764372|   -9.760262|   -9.749907|
|           3|         611|  -10.061775|   -9.766704|   -9.762593|   -9.752244|
|           3|         612|  -10.064096|   -9.769037|   -9.764925|   -9.754580|
|           3|         613|  -10.066416|   -9.771369|   -9.767256|   -9.756915|
|           3|         614|  -10.068736|   -9.773701|   -9.769587|   -9.759251|
|           3|         615|  -10.071055|   -9.776033|   -9.771918|   -9.761586|
|           3|         616|  -10.073375|   -9.778365|   -9.774249|   -9.763922|
|           3|         617|  -10.075695|   -9.780697|   -9.776579|   -9.766257|
|           3|         618|  -10.078014|   -9.783028|   -9.778910|   -9.768592|
|           3|         619|  -10.080334|   -9.785359|   -9.781240|   -9.770926|
|           3|         620|  -10.082653|   -9.787691|   -9.783570|   -9.773261|
|           3|         621|  -10.084972|   -9.790022|   -9.785900|   -9.775595|
|           3|         622|  -10.087292|   -9.792352|   -9.788230|   -9.777929|
|           3|         623|  -10.089611|   -9.794683|   -9.790560|   -9.780263|
|           3|         624|  -10.091930|   -9.797014|   -9.792889|   -9.782597|
|           3|         625|  -10.094249|   -9.799344|   -9.795218|   -9.784931|
|           3|         626|  -10.096567|   -9.801674|   -9.797548|   -9.787264|
|           3|         627|  -10.098886|   -9.804005|   -9.799877|   -9.789597|
|           3|         628|  -10.101205|   -9.806335|   -9.802206|   -9.791931|
|           3|         629|  -10.103523|   -9.808664|   -9.804535|   -9.794264|
|           3|         630|  -10.105842|   -9.810994|   -9.806863|   -9.796596|
|           3|         631|  -10.108160|   -9.813324|   -9.809192|   -9.798929|
|           3|         632|  -10.110478|   -9.815653|   -9.811520|   -9.801262|
|           3|         633|  -10.112797|   -9.817983|   -9.813849|   -9.803594|
|           3|         634|  -10.115115|   -9.820312|   -9.816177|   -9.805926|
|           3|         635|  -10.117433|   -9.822641|   -9.818505|   -9.808258|
|           3|         636|  -10.119751|   -9.824970|   -9.820833|   -9.810590|
|           3|         637|  -10.122069|   -9.827299|   -9.823161|   -9.812922|
|           3|         638|  -10.124386|   -9.829627|   -9.825488|   -9.815253|
|           3|         639|  -10.126704|   -9.831956|   -9.827816|   -9.817585|

------------------------ Global Error Analysis --------------------------
     RMS Error [P]: 1.472326e-02     |      Max Error [P]: 3.128103e-01
     RMS Error [U]: 1.080461e-03     |      Max Error [U]: 1.974265e-02
     RMS Error [V]: 9.936310e-04     |      Max Error [V]: 1.977456e-02
     RMS Error [W]: 7.530662e-04     |      Max Error [W]: 1.459967e-02
-------------------------------------------------------------------------

|           3|         640|  -10.129022|   -9.834284|   -9.830144|   -9.819916|
|           3|         641|  -10.131339|   -9.836613|   -9.832471|   -9.822247|
|           3|         642|  -10.133657|   -9.838941|   -9.834798|   -9.824578|
|           3|         643|  -10.135974|   -9.841269|   -9.837125|   -9.826909|
|           3|         644|  -10.138292|   -9.843597|   -9.839452|   -9.829240|
|           3|         645|  -10.140609|   -9.845925|   -9.841779|   -9.831570|
|           3|         646|  -10.142926|   -9.848253|   -9.844106|   -9.833901|
|           3|         647|  -10.145244|   -9.850580|   -9.846433|   -9.836231|
|           3|         648|  -10.147561|   -9.852908|   -9.848759|   -9.838561|
|           3|         649|  -10.149878|   -9.855235|   -9.851086|   -9.840891|
|           3|         650|  -10.152195|   -9.857562|   -9.853412|   -9.843221|
|           3|         651|  -10.154512|   -9.859890|   -9.855738|   -9.845551|
|           3|         652|  -10.156829|   -9.862217|   -9.858064|   -9.847881|
|           3|         653|  -10.159146|   -9.864544|   -9.860390|   -9.850210|
|           3|         654|  -10.161462|   -9.866871|   -9.862716|   -9.852540|
|           3|         655|  -10.163779|   -9.869197|   -9.865042|   -9.854869|
|           3|         656|  -10.166096|   -9.871524|   -9.867368|   -9.857198|
|           3|         657|  -10.168412|   -9.873851|   -9.869693|   -9.859527|
|           3|         658|  -10.170729|   -9.876177|   -9.872019|   -9.861856|
|           3|         659|  -10.173045|   -9.878504|   -9.874344|   -9.864185|
|           3|         660|  -10.175362|   -9.880830|   -9.876670|   -9.866514|
|           3|         661|  -10.177678|   -9.883156|   -9.878995|   -9.868842|
|           3|         662|  -10.179995|   -9.885482|   -9.881320|   -9.871171|
|           3|         663|  -10.182311|   -9.887808|   -9.883645|   -9.873499|
|           3|         664|  -10.184627|   -9.890134|   -9.885970|   -9.875827|
|           3|         665|  -10.186943|   -9.892460|   -9.888295|   -9.878155|
|           3|         666|  -10.189260|   -9.894786|   -9.890620|   -9.880483|
|           3|         667|  -10.191576|   -9.897111|   -9.892945|   -9.882811|
|           3|         668|  -10.193892|   -9.899437|   -9.895269|   -9.885139|
|           3|         669|  -10.196208|   -9.901762|   -9.897594|   -9.887467|
|           3|         670|  -10.198524|   -9.904088|   -9.899918|   -9.889794|
|           3|         671|  -10.200840|   -9.906413|   -9.902243|   -9.892122|
|           3|         672|  -10.203156|   -9.908738|   -9.904567|   -9.894449|
|           3|         673|  -10.205471|   -9.911064|   -9.906891|   -9.896776|
|           3|         674|  -10.207787|   -9.913389|   -9.909215|   -9.899104|
|           3|         675|  -10.210103|   -9.915714|   -9.911539|   -9.901431|
|           3|         676|  -10.212419|   -9.918039|   -9.913863|   -9.903758|
|           3|         677|  -10.214734|   -9.920363|   -9.916187|   -9.906084|
|           3|         678|  -10.217050|   -9.922688|   -9.918511|   -9.908411|
|           3|         679|  -10.219366|   -9.925013|   -9.920835|   -9.910738|

------------------------ Global Error Analysis --------------------------
     RMS Error [P]: 1.472323e-02     |      Max Error [P]: 3.128092e-01
     RMS Error [U]: 1.080461e-03     |      Max Error [U]: 1.974265e-02
     RMS Error [V]: 9.936309e-04     |      Max Error [V]: 1.977456e-02
     RMS Error [W]: 7.530662e-04     |      Max Error [W]: 1.459967e-02
-------------------------------------------------------------------------

|           3|         680|  -10.221681|   -9.927337|   -9.923158|   -9.913064|
|           3|         681|  -10.223997|   -9.929662|   -9.925482|   -9.915391|
|           3|         682|  -10.226312|   -9.931986|   -9.927806|   -9.917717|
|           3|         683|  -10.228628|   -9.934311|   -9.930129|   -9.920044|
|           3|         684|  -10.230943|   -9.936635|   -9.932452|   -9.922370|
|           3|         685|  -10.233259|   -9.938959|   -9.934776|   -9.924696|
|           3|         686|  -10.235574|   -9.941283|   -9.937099|   -9.927022|
|           3|         687|  -10.237890|   -9.943607|   -9.939422|   -9.929348|
|           3|         688|  -10.240205|   -9.945932|   -9.941745|   -9.931674|
|           3|         689|  -10.242520|   -9.948255|   -9.944068|   -9.934000|
|           3|         690|  -10.244836|   -9.950579|   -9.946391|   -9.936325|
|           3|         691|  -10.247151|   -9.952903|   -9.948714|   -9.938651|
|           3|         692|  -10.249466|   -9.955227|   -9.951037|   -9.940976|
|           3|         693|  -10.251781|   -9.957551|   -9.953360|   -9.943302|
|           3|         694|  -10.254096|   -9.959874|   -9.955683|   -9.945627|
|           3|         695|  -10.256412|   -9.962198|   -9.958005|   -9.947953|
|           3|         696|  -10.258727|   -9.964521|   -9.960328|   -9.950278|
|           3|         697|  -10.261042|   -9.966845|   -9.962650|   -9.952603|
|           3|         698|  -10.263357|   -9.969168|   -9.964973|   -9.954928|
|           3|         699|  -10.265672|   -9.971491|   -9.967295|   -9.957253|
|           3|         700|  -10.267987|   -9.973815|   -9.969618|   -9.959578|
|           3|         701|  -10.270302|   -9.976138|   -9.971940|   -9.961903|
|           3|         702|  -10.272617|   -9.978461|   -9.974262|   -9.964227|
|           3|         703|  -10.274932|   -9.980784|   -9.976584|   -9.966552|
|           3|         704|  -10.277247|   -9.983107|   -9.978906|   -9.968877|
|           3|         705|  -10.279562|   -9.985430|   -9.981229|   -9.971201|
|           3|         706|  -10.281877|   -9.987753|   -9.983551|   -9.973526|
|           3|         707|  -10.284191|   -9.990076|   -9.985873|   -9.975850|
|           3|         708|  -10.286506|   -9.992399|   -9.988194|   -9.978174|
|           3|         709|  -10.288821|   -9.994722|   -9.990516|   -9.980498|
|           3|         710|  -10.291136|   -9.997044|   -9.992838|   -9.982823|
|           3|         711|  -10.293451|   -9.999367|   -9.995160|   -9.985147|
|           3|         712|  -10.295766|  -10.001690|   -9.997482|   -9.987471|
|           3|         713|  -10.298080|  -10.004012|   -9.999803|   -9.989795|
|           3|         714|  -10.300395|  -10.006335|  -10.002125|   -9.992119|
|           3|         715|  -10.302710|  -10.008657|  -10.004447|   -9.994443|
|           3|         716|  -10.305025|  -10.010979|  -10.006768|   -9.996766|
|           3|         717|  -10.307339|  -10.013302|  -10.009090|   -9.999090|
|           3|         718|  -10.309654|  -10.015624|  -10.011411|  -10.001414|
+-----------------------------------------------------------------------------+
|   Time_Iter|  Inner_Iter|      rms[P]|      rms[U]|      rms[V]|      rms[W]|
+-----------------------------------------------------------------------------+
|           4|           0|  -10.311969|   -2.592393|   -2.635629|   -2.782907|

------------------------ Global Error Analysis --------------------------
     RMS Error [P]: 1.314173e-02     |      Max Error [P]: 2.906776e-01
     RMS Error [U]: 1.184546e-03     |      Max Error [U]: 2.291406e-02
     RMS Error [V]: 1.094164e-03     |      Max Error [V]: 2.295024e-02
     RMS Error [W]: 8.224127e-04     |      Max Error [W]: 1.714905e-02
-------------------------------------------------------------------------

|           4|           1|   -5.557876|   -4.664899|   -4.666295|   -4.797414|
|           4|           2|   -5.658733|   -5.212142|   -5.284136|   -5.457840|
|           4|           3|   -5.760396|   -5.320104|   -5.388269|   -5.561218|
|           4|           4|   -5.854233|   -5.430809|   -5.499624|   -5.672294|
|           4|           5|   -5.942527|   -5.532860|   -5.602612|   -5.775760|
|           4|           6|   -6.026678|   -5.628915|   -5.699602|   -5.873437|
|           4|           7|   -6.107534|   -5.720553|   -5.792103|   -5.966574|
|           4|           8|   -6.185654|   -5.808685|   -5.881005|   -6.055945|
|           4|           9|   -6.261435|   -5.893878|   -5.966873|   -6.142069|
|           4|          10|   -6.335171|   -5.976513|   -6.050090|   -6.225326|
|           4|          11|   -6.407088|   -6.056863|   -6.130932|   -6.306002|
|           4|          12|   -6.477364|   -6.135133|   -6.209609|   -6.384328|
|           4|          13|   -6.546143|   -6.211485|   -6.286284|   -6.460488|
|           4|          14|   -6.613546|   -6.286055|   -6.361094|   -6.534638|
|           4|          15|   -6.679672|   -6.358957|   -6.434154|   -6.606904|
|           4|          16|   -6.744605|   -6.430292|   -6.505562|   -6.677396|
|           4|          17|   -6.808417|   -6.500151|   -6.575408|   -6.746201|
|           4|          18|   -6.871170|   -6.568615|   -6.643770|   -6.813389|
|           4|          19|   -6.932914|   -6.635759|   -6.710717|   -6.879010|
|           4|          20|   -6.993691|   -6.701650|   -6.776308|   -6.943098|
|           4|          21|   -7.053538|   -6.766345|   -6.840592|   -7.005664|
|           4|          22|   -7.112478|   -6.829893|   -6.903608|   -7.066698|
|           4|          23|   -7.170531|   -6.892336|   -6.965381|   -7.126171|
|           4|          24|   -7.227707|   -6.953702|   -7.025923|   -7.184028|
|           4|          25|   -7.284010|   -7.014011|   -7.085235|   -7.240197|
|           4|          26|   -7.339434|   -7.073269|   -7.143299|   -7.294586|
|           4|          27|   -7.393968|   -7.131472|   -7.200086|   -7.347089|
|           4|          28|   -7.447592|   -7.188605|   -7.255551|   -7.397590|
|           4|          29|   -7.500280|   -7.244638|   -7.309637|   -7.445973|
|           4|          30|   -7.552000|   -7.299533|   -7.362275|   -7.492129|
|           4|          31|   -7.602712|   -7.353242|   -7.413389|   -7.535965|
|           4|          32|   -7.652374|   -7.405707|   -7.462899|   -7.577411|
|           4|          33|   -7.700937|   -7.456867|   -7.510722|   -7.616434|
|           4|          34|   -7.748351|   -7.506653|   -7.556780|   -7.653037|
|           4|          35|   -7.794562|   -7.554998|   -7.601005|   -7.687262|
|           4|          36|   -7.839517|   -7.601836|   -7.643342|   -7.719192|
|           4|          37|   -7.883165|   -7.647105|   -7.683753|   -7.748943|
|           4|          38|   -7.925457|   -7.690752|   -7.722221|   -7.776658|
|           4|          39|   -7.966349|   -7.732734|   -7.758753|   -7.802499|

------------------------ Global Error Analysis --------------------------
     RMS Error [P]: 1.152927e-02     |      Max Error [P]: 2.439616e-01
     RMS Error [U]: 1.170913e-03     |      Max Error [U]: 2.279170e-02
     RMS Error [V]: 1.082505e-03     |      Max Error [V]: 2.283186e-02
     RMS Error [W]: 8.132688e-04     |      Max Error [W]: 1.709781e-02
-------------------------------------------------------------------------

|           4|          40|   -8.005804|   -7.773019|   -7.793376|   -7.826639|
|           4|          41|   -8.043793|   -7.811593|   -7.826142|   -7.849252|
|           4|          42|   -8.080296|   -7.848453|   -7.857118|   -7.870511|
|           4|          43|   -8.115304|   -7.883612|   -7.886391|   -7.890576|
|           4|          44|   -8.148819|   -7.917097|   -7.914057|   -7.909599|
|           4|          45|   -8.180854|   -7.948947|   -7.940220|   -7.927716|
|           4|          46|   -8.211433|   -7.979211|   -7.964989|   -7.945046|
|           4|          47|   -8.240590|   -8.007949|   -7.988471|   -7.961698|
|           4|          48|   -8.268369|   -8.035224|   -8.010773|   -7.977763|
|           4|          49|   -8.294821|   -8.061104|   -8.031996|   -7.993321|
|           4|          50|   -8.320004|   -8.085661|   -8.052235|   -8.008440|
|           4|          51|   -8.343981|   -8.108965|   -8.071577|   -8.023178|
|           4|          52|   -8.366818|   -8.131088|   -8.090105|   -8.037585|
|           4|          53|   -8.388583|   -8.152100|   -8.107891|   -8.051702|
|           4|          54|   -8.409344|   -8.172066|   -8.125002|   -8.065564|
|           4|          55|   -8.429170|   -8.191054|   -8.141498|   -8.079201|
|           4|          56|   -8.448128|   -8.209124|   -8.157432|   -8.092639|
|           4|          57|   -8.466283|   -8.226337|   -8.172851|   -8.105898|
|           4|          58|   -8.483695|   -8.242749|   -8.187800|   -8.118998|
|           4|          59|   -8.500424|   -8.258413|   -8.202317|   -8.131952|
|           4|          60|   -8.516524|   -8.273382|   -8.216436|   -8.144776|
|           4|          61|   -8.532047|   -8.287703|   -8.230188|   -8.157479|
|           4|          62|   -8.547042|   -8.301422|   -8.243601|   -8.170073|
|           4|          63|   -8.561551|   -8.314583|   -8.256701|   -8.182564|
|           4|          64|   -8.575617|   -8.327226|   -8.269511|   -8.194962|
|           4|          65|   -8.589276|   -8.339392|   -8.282052|   -8.207272|
|           4|          66|   -8.602563|   -8.351115|   -8.294343|   -8.219501|
|           4|          67|   -8.615509|   -8.362431|   -8.306401|   -8.231652|
|           4|          68|   -8.628142|   -8.373371|   -8.318242|   -8.243731|
|           4|          69|   -8.640488|   -8.383965|   -8.329880|   -8.255742|
|           4|          70|   -8.652572|   -8.394242|   -8.341330|   -8.267687|
|           4|          71|   -8.664413|   -8.404227|   -8.352603|   -8.279571|
|           4|          72|   -8.676032|   -8.413943|   -8.363711|   -8.291396|
|           4|          73|   -8.687446|   -8.423414|   -8.374663|   -8.303164|
|           4|          74|   -8.698670|   -8.432660|   -8.385470|   -8.314877|
|           4|          75|   -8.709719|   -8.441699|   -8.396140|   -8.326538|
|           4|          76|   -8.720606|   -8.450549|   -8.406682|   -8.338148|
|           4|          77|   -8.731341|   -8.459225|   -8.417101|   -8.349709|
|           4|          78|   -8.741935|   -8.467742|   -8.427406|   -8.361222|
|           4|          79|   -8.752398|   -8.476113|   -8.437601|   -8.372688|

------------------------ Global Error Analysis --------------------------
     RMS Error [P]: 1.151281e-02     |      Max Error [P]: 2.431303e-01
     RMS Error [U]: 1.170832e-03     |      Max Error [U]: 2.279139e-02
     RMS Error [V]: 1.082438e-03     |      Max Error [V]: 2.283159e-02
     RMS Error [W]: 8.132168e-04     |      Max Error [W]: 1.709795e-02
-------------------------------------------------------------------------

|           4|          80|   -8.762739|   -8.484349|   -8.447693|   -8.384108|
|           4|          81|   -8.772963|   -8.492462|   -8.457688|   -8.395484|
|           4|          82|   -8.783079|   -8.500461|   -8.467588|   -8.406815|
|           4|          83|   -8.793091|   -8.508355|   -8.477399|   -8.418103|
|           4|          84|   -8.803007|   -8.516152|   -8.487125|   -8.429348|
|           4|          85|   -8.812830|   -8.523859|   -8.496769|   -8.440550|
|           4|          86|   -8.822564|   -8.531483|   -8.506334|   -8.451709|
|           4|          87|   -8.832215|   -8.539028|   -8.515824|   -8.462827|
|           4|          88|   -8.841784|   -8.546502|   -8.525240|   -8.473902|
|           4|          89|   -8.851275|   -8.553907|   -8.534585|   -8.484936|
|           4|          90|   -8.860692|   -8.561249|   -8.543861|   -8.495927|
|           4|          91|   -8.870035|   -8.568531|   -8.553071|   -8.506876|
|           4|          92|   -8.879309|   -8.575756|   -8.562215|   -8.517783|
|           4|          93|   -8.888513|   -8.582928|   -8.571296|   -8.528647|
|           4|          94|   -8.897651|   -8.590048|   -8.580315|   -8.539468|
|           4|          95|   -8.906724|   -8.597120|   -8.589274|   -8.550246|
|           4|          96|   -8.915732|   -8.604146|   -8.598172|   -8.560981|
|           4|          97|   -8.924678|   -8.611127|   -8.607013|   -8.571671|
|           4|          98|   -8.933562|   -8.618066|   -8.615795|   -8.582317|
|           4|          99|   -8.942386|   -8.624963|   -8.624521|   -8.592918|
|           4|         100|   -8.951149|   -8.631820|   -8.633191|   -8.603473|
|           4|         101|   -8.959854|   -8.638639|   -8.641806|   -8.613982|
|           4|         102|   -8.968500|   -8.645420|   -8.650367|   -8.624444|
|           4|         103|   -8.977089|   -8.652165|   -8.658873|   -8.634859|
|           4|         104|   -8.985620|   -8.658875|   -8.667326|   -8.645226|
|           4|         105|   -8.994094|   -8.665549|   -8.675726|   -8.655544|
|           4|         106|   -9.002513|   -8.672190|   -8.684074|   -8.665812|
|           4|         107|   -9.010875|   -8.678797|   -8.692370|   -8.676031|
|           4|         108|   -9.019182|   -8.685372|   -8.700614|   -8.686198|
|           4|         109|   -9.027434|   -8.691915|   -8.708807|   -8.696314|
|           4|         110|   -9.035631|   -8.698427|   -8.716949|   -8.706378|
|           4|         111|   -9.043774|   -8.704907|   -8.725041|   -8.716389|
|           4|         112|   -9.051863|   -8.711357|   -8.733083|   -8.726345|
|           4|         113|   -9.059898|   -8.717777|   -8.741075|   -8.736248|
|           4|         114|   -9.067879|   -8.724168|   -8.749018|   -8.746095|
|           4|         115|   -9.075807|   -8.730529|   -8.756911|   -8.755886|
|           4|         116|   -9.083683|   -8.736862|   -8.764756|   -8.765620|
|           4|         117|   -9.091506|   -8.743166|   -8.772553|   -8.775296|
|           4|         118|   -9.099276|   -8.749442|   -8.780302|   -8.784915|
|           4|         119|   -9.106995|   -8.755691|   -8.788003|   -8.794474|

------------------------ Global Error Analysis --------------------------
     RMS Error [P]: 1.150930e-02     |      Max Error [P]: 2.430474e-01
     RMS Error [U]: 1.170830e-03     |      Max Error [U]: 2.279138e-02
     RMS Error [V]: 1.082436e-03     |      Max Error [V]: 2.283157e-02
     RMS Error [W]: 8.132153e-04     |      Max Error [W]: 1.709796e-02
-------------------------------------------------------------------------

|           4|         120|   -9.114661|   -8.761912|   -8.795656|   -8.803974|
|           4|         121|   -9.122277|   -8.768106|   -8.803263|   -8.813414|
|           4|         122|   -9.129841|   -8.774273|   -8.810823|   -8.822793|
|           4|         123|   -9.137355|   -8.780415|   -8.818337|   -8.832110|
|           4|         124|   -9.144819|   -8.786530|   -8.825805|   -8.841365|
|           4|         125|   -9.152232|   -8.792619|   -8.833227|   -8.850558|
|           4|         126|   -9.159596|   -8.798683|   -8.840604|   -8.859687|
|           4|         127|   -9.166911|   -8.804722|   -8.847937|   -8.868752|
|           4|         128|   -9.174177|   -8.810737|   -8.855225|   -8.877752|
|           4|         129|   -9.181395|   -8.816726|   -8.862470|   -8.886688|
|           4|         130|   -9.188565|   -8.822692|   -8.869671|   -8.895559|
|           4|         131|   -9.195687|   -8.828634|   -8.876828|   -8.904364|
|           4|         132|   -9.202762|   -8.834552|   -8.883944|   -8.913102|
|           4|         133|   -9.209790|   -8.840447|   -8.891017|   -8.921774|
|           4|         134|   -9.216772|   -8.846319|   -8.898049|   -8.930380|
|           4|         135|   -9.223709|   -8.852169|   -8.905039|   -8.938918|
|           4|         136|   -9.230600|   -8.857996|   -8.911989|   -8.947389|
|           4|         137|   -9.237447|   -8.863802|   -8.918898|   -8.955792|
|           4|         138|   -9.244249|   -8.869585|   -8.925768|   -8.964127|
|           4|         139|   -9.251007|   -8.875347|   -8.932598|   -8.972395|
|           4|         140|   -9.257723|   -8.881088|   -8.939390|   -8.980595|
|           4|         141|   -9.264396|   -8.886808|   -8.946143|   -8.988727|
|           4|         142|   -9.271026|   -8.892508|   -8.952859|   -8.996790|
|           4|         143|   -9.277615|   -8.898187|   -8.959537|   -9.004786|
|           4|         144|   -9.284163|   -8.903847|   -8.966179|   -9.012713|
|           4|         145|   -9.290670|   -8.909487|   -8.972784|   -9.020573|
|           4|         146|   -9.297138|   -8.915107|   -8.979354|   -9.028365|
|           4|         147|   -9.303566|   -8.920708|   -8.985889|   -9.036089|
|           4|         148|   -9.309955|   -8.926291|   -8.992389|   -9.043746|
|           4|         149|   -9.316306|   -8.931855|   -8.998855|   -9.051336|
|           4|         150|   -9.322619|   -8.937401|   -9.005287|   -9.058859|
|           4|         151|   -9.328895|   -8.942928|   -9.011686|   -9.066316|
|           4|         152|   -9.335134|   -8.948438|   -9.018053|   -9.073706|
|           4|         153|   -9.341338|   -8.953931|   -9.024387|   -9.081031|
|           4|         154|   -9.347506|   -8.959406|   -9.030691|   -9.088291|
|           4|         155|   -9.353639|   -8.964865|   -9.036963|   -9.095485|
|           4|         156|   -9.359738|   -8.970307|   -9.043205|   -9.102615|
|           4|         157|   -9.365803|   -8.975732|   -9.049417|   -9.109682|
|           4|         158|   -9.371834|   -8.981142|   -9.055599|   -9.116685|
|           4|         159|   -9.377833|   -8.986535|   -9.061753|   -9.123625|

------------------------ Global Error Analysis --------------------------
     RMS Error [P]: 1.150828e-02     |      Max Error [P]: 2.430280e-01
     RMS Error [U]: 1.170830e-03     |      Max Error [U]: 2.279137e-02
     RMS Error [V]: 1.082436e-03     |      Max Error [V]: 2.283157e-02
     RMS Error [W]: 8.132153e-04     |      Max Error [W]: 1.709796e-02
-------------------------------------------------------------------------

|           4|         160|   -9.383801|   -8.991913|   -9.067878|   -9.130503|
|           4|         161|   -9.389736|   -8.997275|   -9.073976|   -9.137320|
|           4|         162|   -9.395641|   -9.002623|   -9.080046|   -9.144076|
|           4|         163|   -9.401515|   -9.007955|   -9.086089|   -9.150772|
|           4|         164|   -9.407359|   -9.013273|   -9.092106|   -9.157408|
|           4|         165|   -9.413174|   -9.018576|   -9.098097|   -9.163986|
|           4|         166|   -9.418960|   -9.023865|   -9.104062|   -9.170505|
|           4|         167|   -9.424717|   -9.029140|   -9.110003|   -9.176968|
|           4|         168|   -9.430447|   -9.034401|   -9.115919|   -9.183374|
|           4|         169|   -9.436150|   -9.039649|   -9.121812|   -9.189724|
|           4|         170|   -9.441826|   -9.044883|   -9.127681|   -9.196020|
|           4|         171|   -9.447475|   -9.050104|   -9.133526|   -9.202261|
|           4|         172|   -9.453099|   -9.055312|   -9.139350|   -9.208449|
|           4|         173|   -9.458697|   -9.060508|   -9.145151|   -9.214585|
|           4|         174|   -9.464271|   -9.065690|   -9.150930|   -9.220669|
|           4|         175|   -9.469820|   -9.070861|   -9.156688|   -9.226702|
|           4|         176|   -9.475346|   -9.076019|   -9.162425|   -9.232686|
|           4|         177|   -9.480848|   -9.081166|   -9.168142|   -9.238620|
|           4|         178|   -9.486327|   -9.086300|   -9.173839|   -9.244507|
|           4|         179|   -9.491783|   -9.091423|   -9.179516|   -9.250346|
|           4|         180|   -9.497217|   -9.096534|   -9.185174|   -9.256138|
|           4|         181|   -9.502630|   -9.101635|   -9.190813|   -9.261885|
|           4|         182|   -9.508022|   -9.106724|   -9.196433|   -9.267587|
|           4|         183|   -9.513392|   -9.111802|   -9.202036|   -9.273246|
|           4|         184|   -9.518743|   -9.116869|   -9.207621|   -9.278861|
|           4|         185|   -9.524073|   -9.121926|   -9.213188|   -9.284434|
|           4|         186|   -9.529383|   -9.126972|   -9.218739|   -9.289965|
|           4|         187|   -9.534675|   -9.132008|   -9.224273|   -9.295456|
|           4|         188|   -9.539947|   -9.137034|   -9.229790|   -9.300908|
|           4|         189|   -9.545201|   -9.142050|   -9.235292|   -9.306320|
|           4|         190|   -9.550437|   -9.147056|   -9.240777|   -9.311694|
|           4|         191|   -9.555655|   -9.152052|   -9.246248|   -9.317031|
|           4|         192|   -9.560855|   -9.157039|   -9.251704|   -9.322332|
|           4|         193|   -9.566039|   -9.162016|   -9.257144|   -9.327596|
|           4|         194|   -9.571205|   -9.166984|   -9.262571|   -9.332826|
|           4|         195|   -9.576355|   -9.171943|   -9.267983|   -9.338022|
|           4|         196|   -9.581489|   -9.176892|   -9.273382|   -9.343184|
|           4|         197|   -9.586607|   -9.181833|   -9.278766|   -9.348313|
|           4|         198|   -9.591710|   -9.186765|   -9.284138|   -9.353410|
|           4|         199|   -9.596797|   -9.191688|   -9.289497|   -9.358476|

------------------------ Global Error Analysis --------------------------
     RMS Error [P]: 1.150791e-02     |      Max Error [P]: 2.430224e-01
     RMS Error [U]: 1.170830e-03     |      Max Error [U]: 2.279137e-02
     RMS Error [V]: 1.082436e-03     |      Max Error [V]: 2.283157e-02
     RMS Error [W]: 8.132153e-04     |      Max Error [W]: 1.709796e-02
-------------------------------------------------------------------------

|           4|         200|   -9.601869|   -9.196602|   -9.294842|   -9.363512|
|           4|         201|   -9.606927|   -9.201508|   -9.300176|   -9.368517|
|           4|         202|   -9.611970|   -9.206406|   -9.305497|   -9.373493|
|           4|         203|   -9.616999|   -9.211295|   -9.310806|   -9.378441|
|           4|         204|   -9.622014|   -9.216177|   -9.316103|   -9.383361|
|           4|         205|   -9.627015|   -9.221050|   -9.321389|   -9.388253|
|           4|         206|   -9.632003|   -9.225915|   -9.326663|   -9.393119|
|           4|         207|   -9.636978|   -9.230772|   -9.331926|   -9.397958|
|           4|         208|   -9.641940|   -9.235621|   -9.337179|   -9.402773|
|           4|         209|   -9.646889|   -9.240463|   -9.342420|   -9.407562|
|           4|         210|   -9.651826|   -9.245297|   -9.347652|   -9.412327|
|           4|         211|   -9.656750|   -9.250124|   -9.352872|   -9.417068|
|           4|         212|   -9.661663|   -9.254943|   -9.358083|   -9.421786|
|           4|         213|   -9.666563|   -9.259755|   -9.363284|   -9.426481|
|           4|         214|   -9.671452|   -9.264560|   -9.368475|   -9.431154|
|           4|         215|   -9.676329|   -9.269357|   -9.373656|   -9.435806|
|           4|         216|   -9.681195|   -9.274147|   -9.378828|   -9.440436|
|           4|         217|   -9.686050|   -9.278931|   -9.383991|   -9.445045|
|           4|         218|   -9.690894|   -9.283707|   -9.389144|   -9.449634|
|           4|         219|   -9.695727|   -9.288476|   -9.394289|   -9.454204|
|           4|         220|   -9.700549|   -9.293239|   -9.399425|   -9.458753|
|           4|         221|   -9.705361|   -9.297994|   -9.404552|   -9.463284|
|           4|         222|   -9.710163|   -9.302744|   -9.409671|   -9.467797|
|           4|         223|   -9.714955|   -9.307486|   -9.414781|   -9.472291|
|           4|         224|   -9.719737|   -9.312222|   -9.419883|   -9.476768|
|           4|         225|   -9.724508|   -9.316951|   -9.424977|   -9.481227|
|           4|         226|   -9.729271|   -9.321674|   -9.430063|   -9.485670|
|           4|         227|   -9.734023|   -9.326391|   -9.435141|   -9.490095|
|           4|         228|   -9.738766|   -9.331101|   -9.440211|   -9.494505|
|           4|         229|   -9.743500|   -9.335805|   -9.445274|   -9.498898|
|           4|         230|   -9.748225|   -9.340502|   -9.450329|   -9.503276|
|           4|         231|   -9.752940|   -9.345194|   -9.455377|   -9.507639|
|           4|         232|   -9.757647|   -9.349879|   -9.460417|   -9.511987|
|           4|         233|   -9.762345|   -9.354559|   -9.465450|   -9.516320|
|           4|         234|   -9.767034|   -9.359232|   -9.470476|   -9.520638|
|           4|         235|   -9.771714|   -9.363899|   -9.475495|   -9.524943|
|           4|         236|   -9.776386|   -9.368560|   -9.480507|   -9.529234|
|           4|         237|   -9.781049|   -9.373216|   -9.485512|   -9.533511|
|           4|         238|   -9.785704|   -9.377865|   -9.490510|   -9.537775|
|           4|         239|   -9.790351|   -9.382509|   -9.495501|   -9.542026|

------------------------ Global Error Analysis --------------------------
     RMS Error [P]: 1.150777e-02     |      Max Error [P]: 2.430208e-01
     RMS Error [U]: 1.170830e-03     |      Max Error [U]: 2.279137e-02
     RMS Error [V]: 1.082436e-03     |      Max Error [V]: 2.283157e-02
     RMS Error [W]: 8.132153e-04     |      Max Error [W]: 1.709796e-02
-------------------------------------------------------------------------

|           4|         240|   -9.794989|   -9.387147|   -9.500486|   -9.546264|
|           4|         241|   -9.799620|   -9.391779|   -9.505464|   -9.550490|
|           4|         242|   -9.804242|   -9.396405|   -9.510436|   -9.554703|
|           4|         243|   -9.808857|   -9.401026|   -9.515401|   -9.558904|
|           4|         244|   -9.813463|   -9.405641|   -9.520359|   -9.563093|
|           4|         245|   -9.818062|   -9.410250|   -9.525312|   -9.567270|
|           4|         246|   -9.822653|   -9.414854|   -9.530258|   -9.571436|
|           4|         247|   -9.827237|   -9.419453|   -9.535198|   -9.575591|
|           4|         248|   -9.831813|   -9.424046|   -9.540131|   -9.579734|
|           4|         249|   -9.836381|   -9.428633|   -9.545059|   -9.583867|
|           4|         250|   -9.840942|   -9.433215|   -9.549980|   -9.587989|
|           4|         251|   -9.845496|   -9.437791|   -9.554896|   -9.592100|
|           4|         252|   -9.850042|   -9.442362|   -9.559805|   -9.596201|
|           4|         253|   -9.854581|   -9.446928|   -9.564708|   -9.600291|
|           4|         254|   -9.859112|   -9.451488|   -9.569606|   -9.604371|
|           4|         255|   -9.863637|   -9.456043|   -9.574497|   -9.608441|
|           4|         256|   -9.868154|   -9.460593|   -9.579383|   -9.612502|
|           4|         257|   -9.872665|   -9.465137|   -9.584263|   -9.616552|
|           4|         258|   -9.877168|   -9.469677|   -9.589137|   -9.620593|
|           4|         259|   -9.881664|   -9.474210|   -9.594005|   -9.624625|
|           4|         260|   -9.886153|   -9.478739|   -9.598868|   -9.628647|
|           4|         261|   -9.890635|   -9.483262|   -9.603724|   -9.632660|
|           4|         262|   -9.895111|   -9.487781|   -9.608575|   -9.636664|
|           4|         263|   -9.899579|   -9.492294|   -9.613421|   -9.640659|
|           4|         264|   -9.904041|   -9.496802|   -9.618260|   -9.644645|
|           4|         265|   -9.908496|   -9.501304|   -9.623094|   -9.648622|
|           4|         266|   -9.912944|   -9.505802|   -9.627923|   -9.652591|
|           4|         267|   -9.917385|   -9.510295|   -9.632745|   -9.656550|
|           4|         268|   -9.921819|   -9.514782|   -9.637562|   -9.660502|
|           4|         269|   -9.926247|   -9.519264|   -9.642374|   -9.664445|
|           4|         270|   -9.930669|   -9.523742|   -9.647179|   -9.668379|
|           4|         271|   -9.935083|   -9.528214|   -9.651980|   -9.672305|
|           4|         272|   -9.939491|   -9.532681|   -9.656774|   -9.676224|
|           4|         273|   -9.943893|   -9.537143|   -9.661563|   -9.680134|
|           4|         274|   -9.948287|   -9.541600|   -9.666346|   -9.684036|
|           4|         275|   -9.952675|   -9.546052|   -9.671124|   -9.687930|
|           4|         276|   -9.957057|   -9.550499|   -9.675896|   -9.691816|
|           4|         277|   -9.961432|   -9.554941|   -9.680662|   -9.695694|
|           4|         278|   -9.965801|   -9.559378|   -9.685423|   -9.699565|
|           4|         279|   -9.970163|   -9.563811|   -9.690178|   -9.703428|

------------------------ Global Error Analysis --------------------------
     RMS Error [P]: 1.150771e-02     |      Max Error [P]: 2.430206e-01
     RMS Error [U]: 1.170830e-03     |      Max Error [U]: 2.279137e-02
     RMS Error [V]: 1.082436e-03     |      Max Error [V]: 2.283157e-02
     RMS Error [W]: 8.132153e-04     |      Max Error [W]: 1.709796e-02
-------------------------------------------------------------------------

|           4|         280|   -9.974519|   -9.568238|   -9.694928|   -9.707283|
|           4|         281|   -9.978868|   -9.572660|   -9.699672|   -9.711130|
|           4|         282|   -9.983210|   -9.577077|   -9.704410|   -9.714971|
|           4|         283|   -9.987546|   -9.581489|   -9.709142|   -9.718803|
|           4|         284|   -9.991876|   -9.585896|   -9.713869|   -9.722628|
|           4|         285|   -9.996199|   -9.590299|   -9.718590|   -9.726446|
|           4|         286|  -10.000516|   -9.594696|   -9.723306|   -9.730257|
|           4|         287|  -10.004827|   -9.599089|   -9.728015|   -9.734060|
|           4|         288|  -10.009131|   -9.603476|   -9.732719|   -9.737856|
|           4|         289|  -10.013428|   -9.607859|   -9.737417|   -9.741645|
|           4|         290|  -10.017719|   -9.612236|   -9.742110|   -9.745427|
|           4|         291|  -10.022004|   -9.616609|   -9.746796|   -9.749202|
|           4|         292|  -10.026282|   -9.620977|   -9.751477|   -9.752969|
|           4|         293|  -10.030554|   -9.625340|   -9.756152|   -9.756730|
|           4|         294|  -10.034820|   -9.629697|   -9.760821|   -9.760484|
|           4|         295|  -10.039079|   -9.634050|   -9.765484|   -9.764230|
|           4|         296|  -10.043332|   -9.638399|   -9.770141|   -9.767970|
|           4|         297|  -10.047578|   -9.642742|   -9.774792|   -9.771703|
|           4|         298|  -10.051818|   -9.647080|   -9.779437|   -9.775429|
|           4|         299|  -10.056051|   -9.651413|   -9.784076|   -9.779148|
|           4|         300|  -10.060278|   -9.655742|   -9.788709|   -9.782861|
|           4|         301|  -10.064499|   -9.660065|   -9.793336|   -9.786566|
|           4|         302|  -10.068713|   -9.664383|   -9.797957|   -9.790265|
|           4|         303|  -10.072921|   -9.668697|   -9.802572|   -9.793958|
|           4|         304|  -10.077123|   -9.673006|   -9.807180|   -9.797643|
|           4|         305|  -10.081318|   -9.677309|   -9.811783|   -9.801323|
|           4|         306|  -10.085506|   -9.681608|   -9.816379|   -9.804995|
|           4|         307|  -10.089688|   -9.685902|   -9.820969|   -9.808661|
|           4|         308|  -10.093864|   -9.690191|   -9.825552|   -9.812320|
|           4|         309|  -10.098033|   -9.694475|   -9.830130|   -9.815973|
|           4|         310|  -10.102196|   -9.698754|   -9.834700|   -9.819619|
|           4|         311|  -10.106353|   -9.703028|   -9.839265|   -9.823259|
|           4|         312|  -10.110503|   -9.707297|   -9.843823|   -9.826892|
|           4|         313|  -10.114646|   -9.711561|   -9.848374|   -9.830519|
|           4|         314|  -10.118783|   -9.715820|   -9.852919|   -9.834140|
|           4|         315|  -10.122914|   -9.720074|   -9.857458|   -9.837754|
|           4|         316|  -10.127038|   -9.724324|   -9.861989|   -9.841362|
|           4|         317|  -10.131155|   -9.728568|   -9.866514|   -9.844963|
|           4|         318|  -10.135266|   -9.732807|   -9.871033|   -9.848558|
|           4|         319|  -10.139371|   -9.737041|   -9.875545|   -9.852147|

------------------------ Global Error Analysis --------------------------
     RMS Error [P]: 1.150767e-02     |      Max Error [P]: 2.430207e-01
     RMS Error [U]: 1.170830e-03     |      Max Error [U]: 2.279137e-02
     RMS Error [V]: 1.082436e-03     |      Max Error [V]: 2.283157e-02
     RMS Error [W]: 8.132153e-04     |      Max Error [W]: 1.709796e-02
-------------------------------------------------------------------------

|           4|         320|  -10.143469|   -9.741271|   -9.880049|   -9.855730|
|           4|         321|  -10.147560|   -9.745495|   -9.884548|   -9.859306|
|           4|         322|  -10.151645|   -9.749714|   -9.889039|   -9.862876|
|           4|         323|  -10.155724|   -9.753928|   -9.893523|   -9.866440|
|           4|         324|  -10.159796|   -9.758138|   -9.898001|   -9.869997|
|           4|         325|  -10.163861|   -9.762342|   -9.902471|   -9.873549|
|           4|         326|  -10.167920|   -9.766541|   -9.906934|   -9.877094|
|           4|         327|  -10.171972|   -9.770735|   -9.911391|   -9.880633|
|           4|         328|  -10.176018|   -9.774924|   -9.915840|   -9.884166|
|           4|         329|  -10.180057|   -9.779108|   -9.920282|   -9.887693|
|           4|         330|  -10.184090|   -9.783287|   -9.924717|   -9.891214|
|           4|         331|  -10.188115|   -9.787461|   -9.929144|   -9.894728|
|           4|         332|  -10.192135|   -9.791630|   -9.933564|   -9.898237|
|           4|         333|  -10.196147|   -9.795793|   -9.937977|   -9.901740|
|           4|         334|  -10.200154|   -9.799952|   -9.942382|   -9.905236|
|           4|         335|  -10.204153|   -9.804106|   -9.946780|   -9.908727|
|           4|         336|  -10.208146|   -9.808254|   -9.951171|   -9.912211|
|           4|         337|  -10.212132|   -9.812397|   -9.955554|   -9.915690|
|           4|         338|  -10.216111|   -9.816535|   -9.959929|   -9.919163|
|           4|         339|  -10.220084|   -9.820668|   -9.964297|   -9.922630|
|           4|         340|  -10.224050|   -9.824796|   -9.968657|   -9.926090|
|           4|         341|  -10.228010|   -9.828919|   -9.973009|   -9.929545|
|           4|         342|  -10.231963|   -9.833037|   -9.977354|   -9.932995|
|           4|         343|  -10.235909|   -9.837149|   -9.981690|   -9.936438|
|           4|         344|  -10.239848|   -9.841256|   -9.986019|   -9.939875|
|           4|         345|  -10.243781|   -9.845358|   -9.990340|   -9.943307|
|           4|         346|  -10.247706|   -9.849455|   -9.994653|   -9.946733|
|           4|         347|  -10.251626|   -9.853547|   -9.998958|   -9.950153|
|           4|         348|  -10.255538|   -9.857633|  -10.003255|   -9.953567|
|           4|         349|  -10.259444|   -9.861715|  -10.007543|   -9.956976|
|           4|         350|  -10.263343|   -9.865791|  -10.011824|   -9.960378|
|           4|         351|  -10.267235|   -9.869861|  -10.016096|   -9.963775|
|           4|         352|  -10.271120|   -9.873927|  -10.020360|   -9.967167|
|           4|         353|  -10.274999|   -9.877987|  -10.024616|   -9.970553|
|           4|         354|  -10.278871|   -9.882042|  -10.028863|   -9.973933|
|           4|         355|  -10.282736|   -9.886092|  -10.033102|   -9.977307|
|           4|         356|  -10.286594|   -9.890136|  -10.037333|   -9.980676|
|           4|         357|  -10.290446|   -9.894176|  -10.041555|   -9.984039|
|           4|         358|  -10.294290|   -9.898209|  -10.045768|   -9.987397|
|           4|         359|  -10.298128|   -9.902238|  -10.049973|   -9.990749|

------------------------ Global Error Analysis --------------------------
     RMS Error [P]: 1.150765e-02     |      Max Error [P]: 2.430209e-01
     RMS Error [U]: 1.170830e-03     |      Max Error [U]: 2.279137e-02
     RMS Error [V]: 1.082436e-03     |      Max Error [V]: 2.283157e-02
     RMS Error [W]: 8.132153e-04     |      Max Error [W]: 1.709796e-02
-------------------------------------------------------------------------

|           4|         360|  -10.301959|   -9.906261|  -10.054169|   -9.994095|
|           4|         361|  -10.305783|   -9.910279|  -10.058357|   -9.997436|
|           4|         362|  -10.309601|   -9.914292|  -10.062535|  -10.000772|
|           4|         363|  -10.313411|   -9.918299|  -10.066705|  -10.004102|
|           4|         364|  -10.317215|   -9.922301|  -10.070866|  -10.007426|
|           4|         365|  -10.321012|   -9.926298|  -10.075019|  -10.010746|
|           4|         366|  -10.324802|   -9.930289|  -10.079162|  -10.014059|
|           4|         367|  -10.328585|   -9.934274|  -10.083296|  -10.017368|
|           4|         368|  -10.332361|   -9.938255|  -10.087422|  -10.020670|
|           4|         369|  -10.336131|   -9.942230|  -10.091538|  -10.023968|
|           4|         370|  -10.339894|   -9.946199|  -10.095645|  -10.027260|
|           4|         371|  -10.343649|   -9.950164|  -10.099743|  -10.030547|
|           4|         372|  -10.347398|   -9.954122|  -10.103832|  -10.033828|
|           4|         373|  -10.351140|   -9.958076|  -10.107912|  -10.037105|
|           4|         374|  -10.354875|   -9.962024|  -10.111982|  -10.040376|
|           4|         375|  -10.358604|   -9.965966|  -10.116043|  -10.043641|
|           4|         376|  -10.362325|   -9.969903|  -10.120095|  -10.046902|
|           4|         377|  -10.366039|   -9.973835|  -10.124138|  -10.050157|
|           4|         378|  -10.369747|   -9.977761|  -10.128170|  -10.053407|
|           4|         379|  -10.373448|   -9.981681|  -10.132194|  -10.056652|
|           4|         380|  -10.377142|   -9.985596|  -10.136208|  -10.059892|
|           4|         381|  -10.380829|   -9.989506|  -10.140212|  -10.063126|
|           4|         382|  -10.384509|   -9.993410|  -10.144207|  -10.066356|
|           4|         383|  -10.388182|   -9.997309|  -10.148192|  -10.069580|
|           4|         384|  -10.391848|  -10.001202|  -10.152168|  -10.072800|
+-----------------------------------------------------------------------------+
|   Time_Iter|  Inner_Iter|      rms[P]|      rms[U]|      rms[V]|      rms[W]|
+-----------------------------------------------------------------------------+
|           5|           0|  -10.395508|   -2.597554|   -2.640807|   -2.788049|

------------------------ Global Error Analysis --------------------------
     RMS Error [P]: 1.120733e-02     |      Max Error [P]: 2.263839e-01
     RMS Error [U]: 1.263875e-03     |      Max Error [U]: 2.578977e-02
     RMS Error [V]: 1.173931e-03     |      Max Error [V]: 2.580696e-02
     RMS Error [W]: 8.756419e-04     |      Max Error [W]: 1.951481e-02
-------------------------------------------------------------------------

|           5|           1|   -5.763439|   -4.661022|   -4.662941|   -4.794898|
|           5|           2|   -5.878142|   -5.397594|   -5.473983|   -5.656878|
|           5|           3|   -5.992480|   -5.518171|   -5.589422|   -5.770999|
|           5|           4|   -6.096502|   -5.641270|   -5.712841|   -5.892905|
|           5|           5|   -6.193468|   -5.753528|   -5.825782|   -6.005397|
|           5|           6|   -6.285317|   -5.858352|   -5.931313|   -6.110941|
|           5|           7|   -6.373186|   -5.957806|   -6.031427|   -6.211195|
|           5|           8|   -6.457808|   -6.053080|   -6.127290|   -6.307155|
|           5|           9|   -6.539689|   -6.144915|   -6.219639|   -6.399475|
|           5|          10|   -6.619195|   -6.233802|   -6.308967|   -6.488617|
|           5|          11|   -6.696601|   -6.320084|   -6.395618|   -6.574921|
|           5|          12|   -6.772120|   -6.404011|   -6.479845|   -6.658651|
|           5|          13|   -6.845922|   -6.485772|   -6.561837|   -6.740012|
|           5|          14|   -6.918144|   -6.565515|   -6.641742|   -6.819171|
|           5|          15|   -6.988900|   -6.643360|   -6.719678|   -6.896266|
|           5|          16|   -7.058288|   -6.719407|   -6.795743|   -6.971411|
|           5|          17|   -7.126391|   -6.793743|   -6.870025|   -7.044705|
|           5|          18|   -7.193280|   -6.866447|   -6.942599|   -7.116232|
|           5|          19|   -7.259020|   -6.937591|   -7.013535|   -7.186068|
|           5|          20|   -7.323666|   -7.007243|   -7.082899|   -7.254276|
|           5|          21|   -7.387269|   -7.075467|   -7.150753|   -7.320910|
|           5|          22|   -7.449870|   -7.142321|   -7.217154|   -7.386014|
|           5|          23|   -7.511505|   -7.207860|   -7.282152|   -7.449618|
|           5|          24|   -7.572204|   -7.272133|   -7.345793|   -7.511741|
|           5|          25|   -7.631989|   -7.335182|   -7.408112|   -7.572386|
|           5|          26|   -7.690874|   -7.397037|   -7.469135|   -7.631542|
|           5|          27|   -7.748866|   -7.457723|   -7.528878|   -7.689180|
|           5|          28|   -7.805964|   -7.517248|   -7.587341|   -7.745254|
|           5|          29|   -7.862157|   -7.575611|   -7.644512|   -7.799704|
|           5|          30|   -7.917427|   -7.632795|   -7.700366|   -7.852455|
|           5|          31|   -7.971745|   -7.688769|   -7.754862|   -7.903421|
|           5|          32|   -8.025074|   -7.743490|   -7.807945|   -7.952513|
|           5|          33|   -8.077368|   -7.796897|   -7.859552|   -7.999639|
|           5|          34|   -8.128572|   -7.848919|   -7.909605|   -8.044714|
|           5|          35|   -8.178623|   -7.899473|   -7.958026|   -8.087666|
|           5|          36|   -8.227451|   -7.948469|   -8.004730|   -8.128445|
|           5|          37|   -8.274981|   -7.995810|   -8.049637|   -8.167022|
|           5|          38|   -8.321135|   -8.041398|   -8.092673|   -8.203401|
|           5|          39|   -8.365832|   -8.085142|   -8.133776|   -8.237617|

------------------------ Global Error Analysis --------------------------
     RMS Error [P]: 1.203756e-02     |      Max Error [P]: 2.002730e-01
     RMS Error [U]: 1.257340e-03     |      Max Error [U]: 2.570903e-02
     RMS Error [V]: 1.168461e-03     |      Max Error [V]: 2.572856e-02
     RMS Error [W]: 8.714830e-04     |      Max Error [W]: 1.948725e-02
-------------------------------------------------------------------------

|           5|          40|   -8.408996|   -8.126957|   -8.172903|   -8.269732|
|           5|          41|   -8.450551|   -8.166774|   -8.210027|   -8.299838|
|           5|          42|   -8.490434|   -8.204541|   -8.245149|   -8.328049|
|           5|          43|   -8.528590|   -8.240228|   -8.278289|   -8.354497|
|           5|          44|   -8.564979|   -8.273833|   -8.309493|   -8.379321|
|           5|          45|   -8.599576|   -8.305374|   -8.338825|   -8.402668|
|           5|          46|   -8.632376|   -8.334898|   -8.366371|   -8.424684|
|           5|          47|   -8.663391|   -8.362472|   -8.392226|   -8.445507|
|           5|          48|   -8.692654|   -8.388181|   -8.416498|   -8.465271|
|           5|          49|   -8.720211|   -8.412128|   -8.439299|   -8.484096|
|           5|          50|   -8.746128|   -8.434424|   -8.460744|   -8.502095|
|           5|          51|   -8.770480|   -8.455185|   -8.480945|   -8.519366|
|           5|          52|   -8.793354|   -8.474532|   -8.500011|   -8.535996|
|           5|          53|   -8.814843|   -8.492583|   -8.518045|   -8.552062|
|           5|          54|   -8.835043|   -8.509454|   -8.535144|   -8.567632|
|           5|          55|   -8.854052|   -8.525253|   -8.551396|   -8.582763|
|           5|          56|   -8.871968|   -8.540083|   -8.566883|   -8.597504|
|           5|          57|   -8.888884|   -8.554039|   -8.581677|   -8.611899|
|           5|          58|   -8.904890|   -8.567208|   -8.595845|   -8.625984|
|           5|          59|   -8.920070|   -8.579670|   -8.609446|   -8.639790|
|           5|          60|   -8.934503|   -8.591497|   -8.622534|   -8.653344|
|           5|          61|   -8.948261|   -8.602754|   -8.635155|   -8.666669|
|           5|          62|   -8.961411|   -8.613499|   -8.647352|   -8.679784|
|           5|          63|   -8.974013|   -8.623783|   -8.659162|   -8.692706|
|           5|          64|   -8.986120|   -8.633655|   -8.670620|   -8.705449|
|           5|          65|   -8.997782|   -8.643156|   -8.681756|   -8.718026|
|           5|          66|   -9.009043|   -8.652323|   -8.692596|   -8.730446|
|           5|          67|   -9.019941|   -8.661190|   -8.703165|   -8.742721|
|           5|          68|   -9.030512|   -8.669787|   -8.713485|   -8.754856|
|           5|          69|   -9.040787|   -8.678140|   -8.723575|   -8.766859|
|           5|          70|   -9.050794|   -8.686272|   -8.733453|   -8.778736|
|           5|          71|   -9.060556|   -8.694206|   -8.743135|   -8.790492|
|           5|          72|   -9.070096|   -8.701960|   -8.752636|   -8.802132|
|           5|          73|   -9.079434|   -8.709551|   -8.761967|   -8.813658|
|           5|          74|   -9.088586|   -8.716994|   -8.771142|   -8.825076|
|           5|          75|   -9.097568|   -8.724303|   -8.780171|   -8.836386|
|           5|          76|   -9.106393|   -8.731490|   -8.789064|   -8.847593|
|           5|          77|   -9.115073|   -8.738566|   -8.797829|   -8.858697|
|           5|          78|   -9.123620|   -8.745539|   -8.806475|   -8.869701|
|           5|          79|   -9.132042|   -8.752420|   -8.815009|   -8.880606|

------------------------ Global Error Analysis --------------------------
     RMS Error [P]: 1.203181e-02     |      Max Error [P]: 1.999033e-01
     RMS Error [U]: 1.257312e-03     |      Max Error [U]: 2.570890e-02
     RMS Error [V]: 1.168438e-03     |      Max Error [V]: 2.572843e-02
     RMS Error [W]: 8.714661e-04     |      Max Error [W]: 1.948734e-02
-------------------------------------------------------------------------

|           5|          80|   -9.140348|   -8.759214|   -8.823438|   -8.891414|
|           5|          81|   -9.148546|   -8.765930|   -8.831767|   -8.902125|
|           5|          82|   -9.156642|   -8.772574|   -8.840002|   -8.912741|
|           5|          83|   -9.164643|   -8.779150|   -8.848148|   -8.923261|
|           5|          84|   -9.172553|   -8.785664|   -8.856210|   -8.933687|
|           5|          85|   -9.180377|   -8.792120|   -8.864193|   -8.944018|
|           5|          86|   -9.188120|   -8.798522|   -8.872098|   -8.954255|
|           5|          87|   -9.195785|   -8.804873|   -8.879931|   -8.964398|
|           5|          88|   -9.203376|   -8.811177|   -8.887695|   -8.974447|
|           5|          89|   -9.210896|   -8.817435|   -8.895391|   -8.984402|
|           5|          90|   -9.218348|   -8.823652|   -8.903023|   -8.994263|
|           5|          91|   -9.225733|   -8.829828|   -8.910594|   -9.004029|
|           5|          92|   -9.233055|   -8.835965|   -8.918105|   -9.013699|
|           5|          93|   -9.240314|   -8.842066|   -8.925558|   -9.023275|
|           5|          94|   -9.247514|   -8.848132|   -8.932955|   -9.032754|
|           5|          95|   -9.254656|   -8.854164|   -8.940299|   -9.042138|
|           5|          96|   -9.261740|   -8.860164|   -8.947590|   -9.051425|
|           5|          97|   -9.268769|   -8.866133|   -8.954829|   -9.060614|
|           5|          98|   -9.275744|   -8.872071|   -8.962019|   -9.069707|
|           5|          99|   -9.282665|   -8.877979|   -8.969160|   -9.078701|
|           5|         100|   -9.289534|   -8.883859|   -8.976253|   -9.087597|
|           5|         101|   -9.296353|   -8.889711|   -8.983300|   -9.096394|
|           5|         102|   -9.303120|   -8.895536|   -8.990301|   -9.105092|
|           5|         103|   -9.309839|   -8.901334|   -8.997258|   -9.113690|
|           5|         104|   -9.316508|   -8.907105|   -9.004170|   -9.122188|
|           5|         105|   -9.323130|   -8.912851|   -9.011040|   -9.130587|
|           5|         106|   -9.329705|   -8.918572|   -9.017867|   -9.138884|
|           5|         107|   -9.336232|   -8.924268|   -9.024652|   -9.147082|
|           5|         108|   -9.342714|   -8.929939|   -9.031396|   -9.155179|
|           5|         109|   -9.349151|   -8.935586|   -9.038100|   -9.163174|
|           5|         110|   -9.355543|   -8.941209|   -9.044763|   -9.171070|
|           5|         111|   -9.361890|   -8.946809|   -9.051387|   -9.178864|
|           5|         112|   -9.368194|   -8.952385|   -9.057972|   -9.186559|
|           5|         113|   -9.374455|   -8.957939|   -9.064519|   -9.194152|
|           5|         114|   -9.380673|   -8.963469|   -9.071028|   -9.201646|
|           5|         115|   -9.386849|   -8.968977|   -9.077499|   -9.209041|
|           5|         116|   -9.392983|   -8.974463|   -9.083934|   -9.216336|
|           5|         117|   -9.399077|   -8.979926|   -9.090331|   -9.223532|
|           5|         118|   -9.405129|   -8.985368|   -9.096693|   -9.230631|
|           5|         119|   -9.411142|   -8.990788|   -9.103018|   -9.237632|

------------------------ Global Error Analysis --------------------------
     RMS Error [P]: 1.202978e-02     |      Max Error [P]: 1.998551e-01
     RMS Error [U]: 1.257312e-03     |      Max Error [U]: 2.570890e-02
     RMS Error [V]: 1.168437e-03     |      Max Error [V]: 2.572842e-02
     RMS Error [W]: 8.714655e-04     |      Max Error [W]: 1.948734e-02
-------------------------------------------------------------------------

|           5|         120|   -9.417114|   -8.996186|   -9.109308|   -9.244536|
|           5|         121|   -9.423048|   -9.001563|   -9.115564|   -9.251344|
|           5|         122|   -9.428943|   -9.006919|   -9.121784|   -9.258058|
|           5|         123|   -9.434799|   -9.012254|   -9.127970|   -9.264677|
|           5|         124|   -9.440618|   -9.017568|   -9.134123|   -9.271203|
|           5|         125|   -9.446400|   -9.022861|   -9.140242|   -9.277637|
|           5|         126|   -9.452144|   -9.028134|   -9.146327|   -9.283980|
|           5|         127|   -9.457852|   -9.033387|   -9.152380|   -9.290233|
|           5|         128|   -9.463524|   -9.038620|   -9.158400|   -9.296398|
|           5|         129|   -9.469161|   -9.043832|   -9.164388|   -9.302475|
|           5|         130|   -9.474762|   -9.049025|   -9.170344|   -9.308467|
|           5|         131|   -9.480329|   -9.054198|   -9.176269|   -9.314374|
|           5|         132|   -9.485862|   -9.059352|   -9.182163|   -9.320197|
|           5|         133|   -9.491361|   -9.064487|   -9.188026|   -9.325939|
|           5|         134|   -9.496827|   -9.069602|   -9.193858|   -9.331601|
|           5|         135|   -9.502260|   -9.074698|   -9.199660|   -9.337184|
|           5|         136|   -9.507660|   -9.079775|   -9.205432|   -9.342690|
|           5|         137|   -9.513029|   -9.084834|   -9.211175|   -9.348120|
|           5|         138|   -9.518366|   -9.089874|   -9.216888|   -9.353477|
|           5|         139|   -9.523672|   -9.094896|   -9.222573|   -9.358760|
|           5|         140|   -9.528948|   -9.099900|   -9.228228|   -9.363973|
|           5|         141|   -9.534193|   -9.104886|   -9.233856|   -9.369117|
|           5|         142|   -9.539408|   -9.109853|   -9.239455|   -9.374193|
|           5|         143|   -9.544594|   -9.114803|   -9.245027|   -9.379203|
|           5|         144|   -9.549751|   -9.119736|   -9.250572|   -9.384148|
|           5|         145|   -9.554879|   -9.124651|   -9.256089|   -9.389031|
|           5|         146|   -9.559980|   -9.129548|   -9.261579|   -9.393853|
|           5|         147|   -9.565052|   -9.134429|   -9.267043|   -9.398615|
|           5|         148|   -9.570097|   -9.139292|   -9.272481|   -9.403319|
|           5|         149|   -9.575116|   -9.144139|   -9.277892|   -9.407966|
|           5|         150|   -9.580107|   -9.148969|   -9.283278|   -9.412559|
|           5|         151|   -9.585073|   -9.153783|   -9.288639|   -9.417098|
|           5|         152|   -9.590013|   -9.158580|   -9.293974|   -9.421586|
|           5|         153|   -9.594927|   -9.163361|   -9.299284|   -9.426023|
|           5|         154|   -9.599816|   -9.168125|   -9.304570|   -9.430412|
|           5|         155|   -9.604681|   -9.172874|   -9.309831|   -9.434753|
|           5|         156|   -9.609521|   -9.177607|   -9.315069|   -9.439048|
|           5|         157|   -9.614337|   -9.182324|   -9.320282|   -9.443299|
|           5|         158|   -9.619130|   -9.187026|   -9.325472|   -9.447506|
|           5|         159|   -9.623899|   -9.191712|   -9.330638|   -9.451672|

------------------------ Global Error Analysis --------------------------
     RMS Error [P]: 1.202914e-02     |      Max Error [P]: 1.998426e-01
     RMS Error [U]: 1.257312e-03     |      Max Error [U]: 2.570889e-02
     RMS Error [V]: 1.168437e-03     |      Max Error [V]: 2.572842e-02
     RMS Error [W]: 8.714655e-04     |      Max Error [W]: 1.948734e-02
-------------------------------------------------------------------------

|           5|         160|   -9.628646|   -9.196383|   -9.335781|   -9.455797|
|           5|         161|   -9.633370|   -9.201039|   -9.340902|   -9.459883|
|           5|         162|   -9.638071|   -9.205680|   -9.345999|   -9.463931|
|           5|         163|   -9.642751|   -9.210306|   -9.351075|   -9.467942|
|           5|         164|   -9.647409|   -9.214917|   -9.356128|   -9.471918|
|           5|         165|   -9.652045|   -9.219514|   -9.361159|   -9.475859|
|           5|         166|   -9.656661|   -9.224096|   -9.366168|   -9.479767|
|           5|         167|   -9.661256|   -9.228664|   -9.371156|   -9.483643|
|           5|         168|   -9.665831|   -9.233217|   -9.376123|   -9.487488|
|           5|         169|   -9.670385|   -9.237757|   -9.381068|   -9.491304|
|           5|         170|   -9.674919|   -9.242282|   -9.385992|   -9.495090|
|           5|         171|   -9.679434|   -9.246794|   -9.390896|   -9.498848|
|           5|         172|   -9.683930|   -9.251292|   -9.395779|   -9.502579|
|           5|         173|   -9.688407|   -9.255776|   -9.400642|   -9.506284|
|           5|         174|   -9.692865|   -9.260247|   -9.405485|   -9.509964|
|           5|         175|   -9.697304|   -9.264704|   -9.410308|   -9.513620|
|           5|         176|   -9.701725|   -9.269148|   -9.415111|   -9.517252|
|           5|         177|   -9.706128|   -9.273579|   -9.419894|   -9.520862|
|           5|         178|   -9.710514|   -9.277997|   -9.424659|   -9.524449|
|           5|         179|   -9.714882|   -9.282402|   -9.429403|   -9.528016|
|           5|         180|   -9.719232|   -9.286794|   -9.434129|   -9.531562|
|           5|         181|   -9.723566|   -9.291174|   -9.438836|   -9.535089|
|           5|         182|   -9.727883|   -9.295540|   -9.443524|   -9.538596|
|           5|         183|   -9.732183|   -9.299895|   -9.448194|   -9.542086|
|           5|         184|   -9.736466|   -9.304236|   -9.452845|   -9.545558|
|           5|         185|   -9.740734|   -9.308566|   -9.457478|   -9.549012|
|           5|         186|   -9.744986|   -9.312883|   -9.462093|   -9.552450|
|           5|         187|   -9.749221|   -9.317189|   -9.466690|   -9.555873|
|           5|         188|   -9.753442|   -9.321482|   -9.471269|   -9.559279|
|           5|         189|   -9.757646|   -9.325763|   -9.475830|   -9.562672|
|           5|         190|   -9.761836|   -9.330033|   -9.480374|   -9.566049|
|           5|         191|   -9.766011|   -9.334290|   -9.484901|   -9.569413|
|           5|         192|   -9.770170|   -9.338537|   -9.489410|   -9.572764|
|           5|         193|   -9.774316|   -9.342771|   -9.493902|   -9.576102|
|           5|         194|   -9.778446|   -9.346994|   -9.498377|   -9.579427|
|           5|         195|   -9.782563|   -9.351206|   -9.502835|   -9.582740|
|           5|         196|   -9.786665|   -9.355407|   -9.507276|   -9.586042|
|           5|         197|   -9.790753|   -9.359596|   -9.511701|   -9.589332|
|           5|         198|   -9.794827|   -9.363774|   -9.516109|   -9.592612|
|           5|         199|   -9.798888|   -9.367942|   -9.520501|   -9.595880|

------------------------ Global Error Analysis --------------------------
     RMS Error [P]: 1.202893e-02     |      Max Error [P]: 1.998394e-01
     RMS Error [U]: 1.257312e-03     |      Max Error [U]: 2.570889e-02
     RMS Error [V]: 1.168437e-03     |      Max Error [V]: 2.572842e-02
     RMS Error [W]: 8.714655e-04     |      Max Error [W]: 1.948734e-02
-------------------------------------------------------------------------

|           5|         200|   -9.802935|   -9.372098|   -9.524877|   -9.599139|
|           5|         201|   -9.806969|   -9.376243|   -9.529236|   -9.602388|
|           5|         202|   -9.810989|   -9.380378|   -9.533579|   -9.605627|
|           5|         203|   -9.814997|   -9.384502|   -9.537906|   -9.608857|
|           5|         204|   -9.818991|   -9.388616|   -9.542218|   -9.612078|
|           5|         205|   -9.822973|   -9.392718|   -9.546513|   -9.615290|
|           5|         206|   -9.826942|   -9.396811|   -9.550793|   -9.618494|
|           5|         207|   -9.830899|   -9.400893|   -9.555057|   -9.621689|
|           5|         208|   -9.834843|   -9.404965|   -9.559306|   -9.624877|
|           5|         209|   -9.838774|   -9.409026|   -9.563540|   -9.628057|
|           5|         210|   -9.842694|   -9.413077|   -9.567758|   -9.631229|
|           5|         211|   -9.846601|   -9.417119|   -9.571961|   -9.634394|
|           5|         212|   -9.850497|   -9.421150|   -9.576149|   -9.637552|
|           5|         213|   -9.854380|   -9.425171|   -9.580322|   -9.640703|
|           5|         214|   -9.858252|   -9.429183|   -9.584480|   -9.643847|
|           5|         215|   -9.862113|   -9.433184|   -9.588623|   -9.646985|
|           5|         216|   -9.865961|   -9.437176|   -9.592751|   -9.650116|
|           5|         217|   -9.869799|   -9.441158|   -9.596865|   -9.653241|
|           5|         218|   -9.873625|   -9.445131|   -9.600964|   -9.656360|
|           5|         219|   -9.877440|   -9.449094|   -9.605048|   -9.659473|
|           5|         220|   -9.881244|   -9.453047|   -9.609118|   -9.662580|
|           5|         221|   -9.885036|   -9.456991|   -9.613174|   -9.665682|
|           5|         222|   -9.888818|   -9.460926|   -9.617215|   -9.668778|
|           5|         223|   -9.892589|   -9.464852|   -9.621242|   -9.671869|
|           5|         224|   -9.896350|   -9.468768|   -9.625255|   -9.674954|
|           5|         225|   -9.900099|   -9.472675|   -9.629254|   -9.678034|
|           5|         226|   -9.903838|   -9.476573|   -9.633239|   -9.681109|
|           5|         227|   -9.907567|   -9.480462|   -9.637210|   -9.684179|
|           5|         228|   -9.911285|   -9.484341|   -9.641167|   -9.687244|
|           5|         229|   -9.914993|   -9.488212|   -9.645110|   -9.690304|
|           5|         230|   -9.918691|   -9.492074|   -9.649040|   -9.693360|
|           5|         231|   -9.922378|   -9.495927|   -9.652955|   -9.696411|
|           5|         232|   -9.926056|   -9.499772|   -9.656858|   -9.699457|
|           5|         233|   -9.929723|   -9.503607|   -9.660746|   -9.702499|
|           5|         234|   -9.933381|   -9.507434|   -9.664622|   -9.705537|
|           5|         235|   -9.937028|   -9.511252|   -9.668484|   -9.708570|
|           5|         236|   -9.940666|   -9.515062|   -9.672332|   -9.711599|
|           5|         237|   -9.944295|   -9.518863|   -9.676167|   -9.714624|
|           5|         238|   -9.947913|   -9.522656|   -9.679989|   -9.717644|
|           5|         239|   -9.951522|   -9.526440|   -9.683798|   -9.720660|

------------------------ Global Error Analysis --------------------------
     RMS Error [P]: 1.202885e-02     |      Max Error [P]: 1.998391e-01
     RMS Error [U]: 1.257312e-03     |      Max Error [U]: 2.570889e-02
     RMS Error [V]: 1.168437e-03     |      Max Error [V]: 2.572842e-02
     RMS Error [W]: 8.714655e-04     |      Max Error [W]: 1.948734e-02
-------------------------------------------------------------------------

|           5|         240|   -9.955122|   -9.530216|   -9.687594|   -9.723673|
|           5|         241|   -9.958712|   -9.533984|   -9.691377|   -9.726681|
|           5|         242|   -9.962292|   -9.537743|   -9.695146|   -9.729685|
|           5|         243|   -9.965864|   -9.541494|   -9.698903|   -9.732686|
|           5|         244|   -9.969426|   -9.545237|   -9.702647|   -9.735682|
|           5|         245|   -9.972979|   -9.548971|   -9.706378|   -9.738675|
|           5|         246|   -9.976523|   -9.552698|   -9.710097|   -9.741664|
|           5|         247|   -9.980057|   -9.556417|   -9.713803|   -9.744649|
|           5|         248|   -9.983583|   -9.560127|   -9.717496|   -9.747631|
|           5|         249|   -9.987100|   -9.563830|   -9.721177|   -9.750608|
|           5|         250|   -9.990608|   -9.567524|   -9.724845|   -9.753582|
|           5|         251|   -9.994107|   -9.571211|   -9.728501|   -9.756553|
|           5|         252|   -9.997597|   -9.574890|   -9.732144|   -9.759520|
|           5|         253|  -10.001079|   -9.578561|   -9.735775|   -9.762483|
|           5|         254|  -10.004552|   -9.582225|   -9.739394|   -9.765443|
|           5|         255|  -10.008016|   -9.585880|   -9.743000|   -9.768399|
|           5|         256|  -10.011472|   -9.589529|   -9.746595|   -9.771352|
|           5|         257|  -10.014919|   -9.593169|   -9.750177|   -9.774301|
|           5|         258|  -10.018358|   -9.596802|   -9.753747|   -9.777247|
|           5|         259|  -10.021789|   -9.600427|   -9.757306|   -9.780190|
|           5|         260|  -10.025211|   -9.604045|   -9.760852|   -9.783129|
|           5|         261|  -10.028625|   -9.607655|   -9.764387|   -9.786064|
|           5|         262|  -10.032030|   -9.611258|   -9.767909|   -9.788996|
|           5|         263|  -10.035427|   -9.614854|   -9.771420|   -9.791925|
|           5|         264|  -10.038817|   -9.618442|   -9.774920|   -9.794851|
|           5|         265|  -10.042198|   -9.622023|   -9.778408|   -9.797773|
|           5|         266|  -10.045571|   -9.625596|   -9.781884|   -9.800692|
|           5|         267|  -10.048936|   -9.629163|   -9.785348|   -9.803608|
|           5|         268|  -10.052293|   -9.632722|   -9.788802|   -9.806520|
|           5|         269|  -10.055642|   -9.636274|   -9.792243|   -9.809429|
|           5|         270|  -10.058983|   -9.639819|   -9.795674|   -9.812335|
|           5|         271|  -10.062317|   -9.643357|   -9.799093|   -9.815237|
|           5|         272|  -10.065643|   -9.646887|   -9.802501|   -9.818137|
|           5|         273|  -10.068961|   -9.650411|   -9.805898|   -9.821033|
|           5|         274|  -10.072271|   -9.653928|   -9.809283|   -9.823926|
|           5|         275|  -10.075574|   -9.657437|   -9.812658|   -9.826816|
|           5|         276|  -10.078869|   -9.660940|   -9.816022|   -9.829702|
|           5|         277|  -10.082156|   -9.664436|   -9.819375|   -9.832586|
|           5|         278|  -10.085436|   -9.667925|   -9.822717|   -9.835466|
|           5|         279|  -10.088709|   -9.671408|   -9.826048|   -9.838343|

------------------------ Global Error Analysis --------------------------
     RMS Error [P]: 1.202883e-02     |      Max Error [P]: 1.998396e-01
     RMS Error [U]: 1.257312e-03     |      Max Error [U]: 2.570889e-02
     RMS Error [V]: 1.168437e-03     |      Max Error [V]: 2.572842e-02
     RMS Error [W]: 8.714655e-04     |      Max Error [W]: 1.948734e-02
-------------------------------------------------------------------------

|           5|         280|  -10.091974|   -9.674883|   -9.829368|   -9.841217|
|           5|         281|  -10.095231|   -9.678352|   -9.832678|   -9.844088|
|           5|         282|  -10.098482|   -9.681814|   -9.835977|   -9.846955|
|           5|         283|  -10.101725|   -9.685269|   -9.839265|   -9.849820|
|           5|         284|  -10.104961|   -9.688718|   -9.842543|   -9.852681|
|           5|         285|  -10.108189|   -9.692160|   -9.845811|   -9.855540|
|           5|         286|  -10.111411|   -9.695595|   -9.849068|   -9.858395|
|           5|         287|  -10.114625|   -9.699024|   -9.852314|   -9.861247|
|           5|         288|  -10.117832|   -9.702447|   -9.855551|   -9.864096|
|           5|         289|  -10.121032|   -9.705863|   -9.858777|   -9.866942|
|           5|         290|  -10.124226|   -9.709272|   -9.861993|   -9.869785|
|           5|         291|  -10.127412|   -9.712675|   -9.865199|   -9.872625|
|           5|         292|  -10.130591|   -9.716072|   -9.868396|   -9.875462|
|           5|         293|  -10.133763|   -9.719462|   -9.871582|   -9.878296|
|           5|         294|  -10.136929|   -9.722846|   -9.874758|   -9.881127|
|           5|         295|  -10.140088|   -9.726224|   -9.877924|   -9.883955|
|           5|         296|  -10.143239|   -9.729595|   -9.881081|   -9.886780|
|           5|         297|  -10.146385|   -9.732960|   -9.884228|   -9.889602|
|           5|         298|  -10.149523|   -9.736319|   -9.887365|   -9.892420|
|           5|         299|  -10.152655|   -9.739671|   -9.890492|   -9.895236|
|           5|         300|  -10.155780|   -9.743018|   -9.893610|   -9.898049|
|           5|         301|  -10.158899|   -9.746358|   -9.896719|   -9.900859|
|           5|         302|  -10.162011|   -9.749692|   -9.899818|   -9.903666|
|           5|         303|  -10.165116|   -9.753021|   -9.902908|   -9.906470|
|           5|         304|  -10.168215|   -9.756343|   -9.905989|   -9.909271|
|           5|         305|  -10.171308|   -9.759659|   -9.909060|   -9.912070|
|           5|         306|  -10.174394|   -9.762969|   -9.912122|   -9.914865|
|           5|         307|  -10.177474|   -9.766273|   -9.915175|   -9.917657|
|           5|         308|  -10.180548|   -9.769571|   -9.918219|   -9.920447|
|           5|         309|  -10.183615|   -9.772863|   -9.921254|   -9.923233|
|           5|         310|  -10.186676|   -9.776150|   -9.924280|   -9.926017|
|           5|         311|  -10.189731|   -9.779430|   -9.927298|   -9.928798|
|           5|         312|  -10.192780|   -9.782705|   -9.930306|   -9.931576|
|           5|         313|  -10.195823|   -9.785974|   -9.933306|   -9.934351|
|           5|         314|  -10.198859|   -9.789237|   -9.936297|   -9.937123|
|           5|         315|  -10.201889|   -9.792495|   -9.939279|   -9.939892|
|           5|         316|  -10.204914|   -9.795746|   -9.942253|   -9.942659|
|           5|         317|  -10.207932|   -9.798992|   -9.945219|   -9.945423|
|           5|         318|  -10.210945|   -9.802233|   -9.948176|   -9.948183|
|           5|         319|  -10.213951|   -9.805467|   -9.951125|   -9.950942|

------------------------ Global Error Analysis --------------------------
     RMS Error [P]: 1.202882e-02     |      Max Error [P]: 1.998402e-01
     RMS Error [U]: 1.257312e-03     |      Max Error [U]: 2.570889e-02
     RMS Error [V]: 1.168437e-03     |      Max Error [V]: 2.572842e-02
     RMS Error [W]: 8.714655e-04     |      Max Error [W]: 1.948734e-02
-------------------------------------------------------------------------

|           5|         320|  -10.216952|   -9.808696|   -9.954065|   -9.953697|
|           5|         321|  -10.219947|   -9.811920|   -9.956998|   -9.956449|
|           5|         322|  -10.222936|   -9.815138|   -9.959922|   -9.959199|
|           5|         323|  -10.225919|   -9.818350|   -9.962838|   -9.961946|
|           5|         324|  -10.228897|   -9.821557|   -9.965746|   -9.964690|
|           5|         325|  -10.231869|   -9.824758|   -9.968646|   -9.967432|
|           5|         326|  -10.234835|   -9.827954|   -9.971538|   -9.970171|
|           5|         327|  -10.237795|   -9.831145|   -9.974422|   -9.972907|
|           5|         328|  -10.240750|   -9.834330|   -9.977298|   -9.975640|
|           5|         329|  -10.243700|   -9.837510|   -9.980167|   -9.978371|
|           5|         330|  -10.246643|   -9.840684|   -9.983028|   -9.981099|
|           5|         331|  -10.249582|   -9.843853|   -9.985882|   -9.983824|
|           5|         332|  -10.252515|   -9.847017|   -9.988728|   -9.986546|
|           5|         333|  -10.255442|   -9.850175|   -9.991566|   -9.989266|
|           5|         334|  -10.258364|   -9.853329|   -9.994397|   -9.991984|
|           5|         335|  -10.261281|   -9.856477|   -9.997221|   -9.994698|
|           5|         336|  -10.264193|   -9.859619|  -10.000037|   -9.997410|
|           5|         337|  -10.267099|   -9.862757|  -10.002847|  -10.000120|
|           5|         338|  -10.270000|   -9.865889|  -10.005649|  -10.002826|
|           5|         339|  -10.272895|   -9.869017|  -10.008444|  -10.005530|
|           5|         340|  -10.275786|   -9.872139|  -10.011232|  -10.008232|
|           5|         341|  -10.278671|   -9.875256|  -10.014012|  -10.010931|
|           5|         342|  -10.281552|   -9.878368|  -10.016786|  -10.013627|
|           5|         343|  -10.284427|   -9.881475|  -10.019554|  -10.016321|
|           5|         344|  -10.287297|   -9.884577|  -10.022314|  -10.019013|
|           5|         345|  -10.290162|   -9.887674|  -10.025068|  -10.021701|
|           5|         346|  -10.293022|   -9.890766|  -10.027814|  -10.024388|
|           5|         347|  -10.295877|   -9.893853|  -10.030555|  -10.027072|
|           5|         348|  -10.298728|   -9.896936|  -10.033288|  -10.029753|
|           5|         349|  -10.301573|   -9.900013|  -10.036016|  -10.032432|
|           5|         350|  -10.304414|   -9.903086|  -10.038737|  -10.035108|
|           5|         351|  -10.307250|   -9.906153|  -10.041451|  -10.037782|
|           5|         352|  -10.310081|   -9.909216|  -10.044159|  -10.040453|
|           5|         353|  -10.312907|   -9.912274|  -10.046861|  -10.043122|
|           5|         354|  -10.315728|   -9.915327|  -10.049556|  -10.045789|
|           5|         355|  -10.318545|   -9.918376|  -10.052246|  -10.048453|
|           5|         356|  -10.321357|   -9.921420|  -10.054929|  -10.051115|
|           5|         357|  -10.324165|   -9.924459|  -10.057607|  -10.053774|
|           5|         358|  -10.326968|   -9.927493|  -10.060278|  -10.056431|
|           5|         359|  -10.329766|   -9.930523|  -10.062943|  -10.059085|

------------------------ Global Error Analysis --------------------------
     RMS Error [P]: 1.202882e-02     |      Max Error [P]: 1.998408e-01
     RMS Error [U]: 1.257312e-03     |      Max Error [U]: 2.570889e-02
     RMS Error [V]: 1.168437e-03     |      Max Error [V]: 2.572842e-02
     RMS Error [W]: 8.714655e-04     |      Max Error [W]: 1.948734e-02
-------------------------------------------------------------------------

|           5|         360|  -10.332560|   -9.933548|  -10.065603|  -10.061738|
|           5|         361|  -10.335350|   -9.936569|  -10.068257|  -10.064388|
|           5|         362|  -10.338135|   -9.939585|  -10.070905|  -10.067035|
|           5|         363|  -10.340915|   -9.942596|  -10.073547|  -10.069680|
|           5|         364|  -10.343691|   -9.945603|  -10.076184|  -10.072323|
|           5|         365|  -10.346463|   -9.948605|  -10.078815|  -10.074964|
|           5|         366|  -10.349230|   -9.951603|  -10.081441|  -10.077602|
|           5|         367|  -10.351994|   -9.954596|  -10.084061|  -10.080238|
|           5|         368|  -10.354752|   -9.957585|  -10.086676|  -10.082872|
|           5|         369|  -10.357507|   -9.960570|  -10.089285|  -10.085504|
|           5|         370|  -10.360257|   -9.963550|  -10.091889|  -10.088133|
|           5|         371|  -10.363004|   -9.966526|  -10.094488|  -10.090760|
|           5|         372|  -10.365746|   -9.969497|  -10.097081|  -10.093385|
|           5|         373|  -10.368484|   -9.972464|  -10.099670|  -10.096008|
|           5|         374|  -10.371217|   -9.975427|  -10.102253|  -10.098628|
|           5|         375|  -10.373947|   -9.978385|  -10.104831|  -10.101246|
|           5|         376|  -10.376673|   -9.981339|  -10.107405|  -10.103862|
|           5|         377|  -10.379395|   -9.984289|  -10.109973|  -10.106476|
|           5|         378|  -10.382112|   -9.987235|  -10.112537|  -10.109088|
|           5|         379|  -10.384826|   -9.990176|  -10.115095|  -10.111698|
|           5|         380|  -10.387536|   -9.993113|  -10.117649|  -10.114306|
|           5|         381|  -10.390242|   -9.996046|  -10.120198|  -10.116911|
|           5|         382|  -10.392944|   -9.998975|  -10.122743|  -10.119515|
|           5|         383|  -10.395643|  -10.001900|  -10.125283|  -10.122116|
+-----------------------------------------------------------------------------+
|   Time_Iter|  Inner_Iter|      rms[P]|      rms[U]|      rms[V]|      rms[W]|
+-----------------------------------------------------------------------------+
|           6|           0|  -10.398337|   -2.599881|   -2.643215|   -2.790252|

------------------------ Global Error Analysis --------------------------
     RMS Error [P]: 1.195655e-02     |      Max Error [P]: 1.866959e-01
     RMS Error [U]: 1.347025e-03     |      Max Error [U]: 2.858810e-02
     RMS Error [V]: 1.257501e-03     |      Max Error [V]: 2.856281e-02
     RMS Error [W]: 9.323621e-04     |      Max Error [W]: 2.180589e-02
-------------------------------------------------------------------------

|           6|           1|   -5.942460|   -4.658492|   -4.661352|   -4.793712|
|           6|           2|   -6.071416|   -5.557410|   -5.637615|   -5.830066|
|           6|           3|   -6.198953|   -5.692837|   -5.767577|   -5.958554|
|           6|           4|   -6.313041|   -5.828749|   -5.903524|   -6.091530|
|           6|           5|   -6.418167|   -5.951174|   -6.026328|   -6.212639|
|           6|           6|   -6.516989|   -6.064386|   -6.139921|   -6.325242|
|           6|           7|   -6.611034|   -6.171040|   -6.246913|   -6.431561|
|           6|           8|   -6.701262|   -6.272682|   -6.348840|   -6.532910|
|           6|           9|   -6.788321|   -6.370281|   -6.446667|   -6.630136|
|           6|          10|   -6.872670|   -6.464478|   -6.541040|   -6.723826|
|           6|          11|   -6.954646|   -6.555720|   -6.632409|   -6.814407|
|           6|          12|   -7.034506|   -6.644331|   -6.721096|   -6.902202|
|           6|          13|   -7.112444|   -6.730548|   -6.807340|   -6.987457|
|           6|          14|   -7.188617|   -6.814554|   -6.891320|   -7.070364|
|           6|          15|   -7.263147|   -6.896485|   -6.973170|   -7.151073|
|           6|          16|   -7.336136|   -6.976452|   -7.052995|   -7.229703|
|           6|          17|   -7.407668|   -7.054539|   -7.130877|   -7.306349|
|           6|          18|   -7.477814|   -7.130818|   -7.206883|   -7.381088|
|           6|          19|   -7.546636|   -7.205348|   -7.281069|   -7.453984|
|           6|          20|   -7.614186|   -7.278181|   -7.353483|   -7.525091|
|           6|          21|   -7.680513|   -7.349364|   -7.424171|   -7.594457|
|           6|          22|   -7.745658|   -7.418941|   -7.493175|   -7.662123|
|           6|          23|   -7.809658|   -7.486953|   -7.560535|   -7.728125|
|           6|          24|   -7.872544|   -7.553436|   -7.626288|   -7.792494|
|           6|          25|   -7.934341|   -7.618426|   -7.690468|   -7.855256|
|           6|          26|   -7.995070|   -7.681949|   -7.753106|   -7.916428|
|           6|          27|   -8.054744|   -7.744030|   -7.814225|   -7.976021|
|           6|          28|   -8.113369|   -7.804681|   -7.873842|   -8.034037|
|           6|          29|   -8.170943|   -7.863907|   -7.931965|   -8.090472|
|           6|          30|   -8.227457|   -7.921700|   -7.988591|   -8.145311|
|           6|          31|   -8.282892|   -7.978043|   -8.043709|   -8.198531|
|           6|          32|   -8.337223|   -8.032905|   -8.097297|   -8.250105|
|           6|          33|   -8.390414|   -8.086243|   -8.149322|   -8.299999|
|           6|          34|   -8.442420|   -8.138002|   -8.199746|   -8.348181|
|           6|          35|   -8.493192|   -8.188121|   -8.248523|   -8.394617|
|           6|          36|   -8.542670|   -8.236529|   -8.295606|   -8.439280|
|           6|          37|   -8.590792|   -8.283156|   -8.340947|   -8.482151|
|           6|          38|   -8.637491|   -8.327929|   -8.384502|   -8.523220|
|           6|          39|   -8.682701|   -8.370784|   -8.426236|   -8.562493|

------------------------ Global Error Analysis --------------------------
     RMS Error [P]: 1.273496e-02     |      Max Error [P]: 1.701731e-01
     RMS Error [U]: 1.343685e-03     |      Max Error [U]: 2.853218e-02
     RMS Error [V]: 1.254778e-03     |      Max Error [V]: 2.850886e-02
     RMS Error [W]: 9.303615e-04     |      Max Error [W]: 2.179227e-02
-------------------------------------------------------------------------

|           6|          40|   -8.726355|   -8.411666|   -8.466125|   -8.599991|
|           6|          41|   -8.768391|   -8.450536|   -8.504156|   -8.635748|
|           6|          42|   -8.808757|   -8.487371|   -8.540335|   -8.669816|
|           6|          43|   -8.847408|   -8.522171|   -8.574684|   -8.702259|
|           6|          44|   -8.884313|   -8.554958|   -8.607241|   -8.733153|
|           6|          45|   -8.919457|   -8.585775|   -8.638062|   -8.762585|
|           6|          46|   -8.952840|   -8.614688|   -8.667215|   -8.790645|
|           6|          47|   -8.984479|   -8.641777|   -8.694780|   -8.817430|
|           6|          48|   -9.014408|   -8.667139|   -8.720847|   -8.843035|
|           6|          49|   -9.042676|   -8.690881|   -8.745511|   -8.867555|
|           6|          50|   -9.069346|   -8.713114|   -8.768868|   -8.891080|
|           6|          51|   -9.094491|   -8.733954|   -8.791018|   -8.913696|
|           6|          52|   -9.118194|   -8.753517|   -8.812054|   -8.935484|
|           6|          53|   -9.140543|   -8.771913|   -8.832070|   -8.956517|
|           6|          54|   -9.161630|   -8.789248|   -8.851153|   -8.976861|
|           6|          55|   -9.181549|   -8.805622|   -8.869385|   -8.996576|
|           6|          56|   -9.200389|   -8.821128|   -8.886840|   -9.015716|
|           6|          57|   -9.218241|   -8.835851|   -8.903589|   -9.034326|
|           6|          58|   -9.235188|   -8.849868|   -8.919695|   -9.052449|
|           6|          59|   -9.251312|   -8.863248|   -8.935214|   -9.070118|
|           6|          60|   -9.266687|   -8.876053|   -8.950200|   -9.087366|
|           6|          61|   -9.281382|   -8.888342|   -8.964697|   -9.104218|
|           6|          62|   -9.295459|   -8.900162|   -8.978749|   -9.120697|
|           6|          63|   -9.308978|   -8.911560|   -8.992393|   -9.136820|
|           6|          64|   -9.321989|   -8.922575|   -9.005663|   -9.152604|
|           6|          65|   -9.334541|   -8.933242|   -9.018589|   -9.168062|
|           6|          66|   -9.346676|   -8.943594|   -9.031199|   -9.183205|
|           6|          67|   -9.358432|   -8.953659|   -9.043517|   -9.198040|
|           6|          68|   -9.369842|   -8.963461|   -9.055565|   -9.212575|
|           6|          69|   -9.380938|   -8.973023|   -9.067363|   -9.226814|
|           6|          70|   -9.391746|   -8.982366|   -9.078929|   -9.240762|
|           6|          71|   -9.402291|   -8.991508|   -9.090281|   -9.254421|
|           6|          72|   -9.412594|   -9.000464|   -9.101432|   -9.267792|
|           6|          73|   -9.422675|   -9.009249|   -9.112396|   -9.280878|
|           6|          74|   -9.432551|   -9.017876|   -9.123185|   -9.293678|
|           6|          75|   -9.442236|   -9.026357|   -9.133811|   -9.306191|
|           6|          76|   -9.451745|   -9.034703|   -9.144283|   -9.318417|
|           6|          77|   -9.461090|   -9.042922|   -9.154610|   -9.330356|
|           6|          78|   -9.470280|   -9.051024|   -9.164802|   -9.342006|
|           6|          79|   -9.479327|   -9.059016|   -9.174866|   -9.353365|

------------------------ Global Error Analysis --------------------------
     RMS Error [P]: 1.273032e-02     |      Max Error [P]: 1.699544e-01
     RMS Error [U]: 1.343675e-03     |      Max Error [U]: 2.853211e-02
     RMS Error [V]: 1.254769e-03     |      Max Error [V]: 2.850878e-02
     RMS Error [W]: 9.303548e-04     |      Max Error [W]: 2.179233e-02
-------------------------------------------------------------------------

|           6|          80|   -9.488238|   -9.066905|   -9.184809|   -9.364434|
|           6|          81|   -9.497020|   -9.074697|   -9.194636|   -9.375210|
|           6|          82|   -9.505682|   -9.082398|   -9.204355|   -9.385693|
|           6|          83|   -9.514228|   -9.090013|   -9.213970|   -9.395882|
|           6|          84|   -9.522664|   -9.097547|   -9.223486|   -9.405777|
|           6|          85|   -9.530995|   -9.105004|   -9.232907|   -9.415377|
|           6|          86|   -9.539225|   -9.112388|   -9.242238|   -9.424685|
|           6|          87|   -9.547358|   -9.119701|   -9.251482|   -9.433699|
|           6|          88|   -9.555397|   -9.126948|   -9.260643|   -9.442423|
|           6|          89|   -9.563346|   -9.134131|   -9.269723|   -9.450857|
|           6|          90|   -9.571206|   -9.141253|   -9.278725|   -9.459004|
|           6|          91|   -9.578981|   -9.148315|   -9.287651|   -9.466868|
|           6|          92|   -9.586673|   -9.155321|   -9.296505|   -9.474452|
|           6|          93|   -9.594283|   -9.162271|   -9.305287|   -9.481760|
|           6|          94|   -9.601813|   -9.169168|   -9.314000|   -9.488797|
|           6|          95|   -9.609265|   -9.176013|   -9.322645|   -9.495567|
|           6|          96|   -9.616640|   -9.182807|   -9.331224|   -9.502078|
|           6|          97|   -9.623940|   -9.189553|   -9.339737|   -9.508334|
|           6|          98|   -9.631166|   -9.196250|   -9.348187|   -9.514343|
|           6|          99|   -9.638318|   -9.202901|   -9.356574|   -9.520112|
|           6|         100|   -9.645398|   -9.209506|   -9.364899|   -9.525647|
|           6|         101|   -9.652406|   -9.216066|   -9.373163|   -9.530956|
|           6|         102|   -9.659344|   -9.222581|   -9.381366|   -9.536048|
|           6|         103|   -9.666212|   -9.229054|   -9.389510|   -9.540929|
|           6|         104|   -9.673012|   -9.235483|   -9.397594|   -9.545610|
|           6|         105|   -9.679742|   -9.241871|   -9.405619|   -9.550097|
|           6|         106|   -9.686405|   -9.248217|   -9.413586|   -9.554399|
|           6|         107|   -9.693002|   -9.254522|   -9.421494|   -9.558524|
|           6|         108|   -9.699531|   -9.260787|   -9.429345|   -9.562481|
|           6|         109|   -9.705995|   -9.267012|   -9.437138|   -9.566278|
|           6|         110|   -9.712394|   -9.273197|   -9.444873|   -9.569924|
|           6|         111|   -9.718728|   -9.279343|   -9.452551|   -9.573426|
|           6|         112|   -9.724997|   -9.285451|   -9.460171|   -9.576792|
|           6|         113|   -9.731204|   -9.291520|   -9.467734|   -9.580031|
|           6|         114|   -9.737347|   -9.297551|   -9.475240|   -9.583149|
|           6|         115|   -9.743428|   -9.303544|   -9.482688|   -9.586154|
|           6|         116|   -9.749447|   -9.309500|   -9.490079|   -9.589053|
|           6|         117|   -9.755406|   -9.315419|   -9.497413|   -9.591854|
|           6|         118|   -9.761303|   -9.321302|   -9.504690|   -9.594562|
|           6|         119|   -9.767141|   -9.327147|   -9.511909|   -9.597184|

------------------------ Global Error Analysis --------------------------
     RMS Error [P]: 1.272887e-02     |      Max Error [P]: 1.699180e-01
     RMS Error [U]: 1.343674e-03     |      Max Error [U]: 2.853211e-02
     RMS Error [V]: 1.254769e-03     |      Max Error [V]: 2.850878e-02
     RMS Error [W]: 9.303545e-04     |      Max Error [W]: 2.179233e-02
-------------------------------------------------------------------------

|           6|         120|   -9.772919|   -9.332957|   -9.519071|   -9.599726|
|           6|         121|   -9.778639|   -9.338731|   -9.526175|   -9.602195|
|           6|         122|   -9.784300|   -9.344468|   -9.533222|   -9.604595|
|           6|         123|   -9.789904|   -9.350171|   -9.540211|   -9.606932|
|           6|         124|   -9.795451|   -9.355838|   -9.547142|   -9.609211|
|           6|         125|   -9.800943|   -9.361470|   -9.554015|   -9.611438|
|           6|         126|   -9.806378|   -9.367068|   -9.560831|   -9.613616|
|           6|         127|   -9.811759|   -9.372631|   -9.567589|   -9.615749|
|           6|         128|   -9.817086|   -9.378160|   -9.574288|   -9.617843|
|           6|         129|   -9.822360|   -9.383655|   -9.580930|   -9.619900|
|           6|         130|   -9.827581|   -9.389116|   -9.587513|   -9.621925|
|           6|         131|   -9.832750|   -9.394543|   -9.594038|   -9.623921|
|           6|         132|   -9.837867|   -9.399937|   -9.600506|   -9.625891|
|           6|         133|   -9.842935|   -9.405298|   -9.606915|   -9.627838|
|           6|         134|   -9.847952|   -9.410626|   -9.613266|   -9.629765|
|           6|         135|   -9.852921|   -9.415922|   -9.619559|   -9.631675|
|           6|         136|   -9.857841|   -9.421185|   -9.625793|   -9.633570|
|           6|         137|   -9.862714|   -9.426416|   -9.631970|   -9.635452|
|           6|         138|   -9.867540|   -9.431615|   -9.638089|   -9.637324|
|           6|         139|   -9.872320|   -9.436783|   -9.644150|   -9.639188|
|           6|         140|   -9.877055|   -9.441919|   -9.650153|   -9.641045|
|           6|         141|   -9.881745|   -9.447023|   -9.656099|   -9.642897|
|           6|         142|   -9.886392|   -9.452097|   -9.661987|   -9.644746|
|           6|         143|   -9.890995|   -9.457140|   -9.667817|   -9.646594|
|           6|         144|   -9.895557|   -9.462153|   -9.673591|   -9.648441|
|           6|         145|   -9.900077|   -9.467135|   -9.679307|   -9.650289|
|           6|         146|   -9.904556|   -9.472087|   -9.684967|   -9.652139|
|           6|         147|   -9.908995|   -9.477010|   -9.690570|   -9.653993|
|           6|         148|   -9.913395|   -9.481903|   -9.696116|   -9.655851|
|           6|         149|   -9.917756|   -9.486767|   -9.701607|   -9.657714|
|           6|         150|   -9.922080|   -9.491602|   -9.707041|   -9.659583|
|           6|         151|   -9.926366|   -9.496408|   -9.712420|   -9.661459|
|           6|         152|   -9.930616|   -9.501186|   -9.717744|   -9.663342|
|           6|         153|   -9.934831|   -9.505935|   -9.723013|   -9.665233|
|           6|         154|   -9.939011|   -9.510656|   -9.728228|   -9.667133|
|           6|         155|   -9.943156|   -9.515350|   -9.733388|   -9.669042|
|           6|         156|   -9.947268|   -9.520016|   -9.738494|   -9.670961|
|           6|         157|   -9.951347|   -9.524655|   -9.743547|   -9.672890|
|           6|         158|   -9.955393|   -9.529267|   -9.748546|   -9.674829|
|           6|         159|   -9.959408|   -9.533852|   -9.753493|   -9.676779|

------------------------ Global Error Analysis --------------------------
     RMS Error [P]: 1.272838e-02     |      Max Error [P]: 1.699067e-01
     RMS Error [U]: 1.343674e-03     |      Max Error [U]: 2.853211e-02
     RMS Error [V]: 1.254769e-03     |      Max Error [V]: 2.850877e-02
     RMS Error [W]: 9.303544e-04     |      Max Error [W]: 2.179233e-02
-------------------------------------------------------------------------

|           6|         160|   -9.963393|   -9.538411|   -9.758388|   -9.678740|
|           6|         161|   -9.967347|   -9.542943|   -9.763231|   -9.680712|
|           6|         162|   -9.971271|   -9.547450|   -9.768023|   -9.682696|
|           6|         163|   -9.975166|   -9.551931|   -9.772764|   -9.684691|
|           6|         164|   -9.979033|   -9.556386|   -9.777454|   -9.686699|
|           6|         165|   -9.982872|   -9.560816|   -9.782094|   -9.688718|
|           6|         166|   -9.986684|   -9.565222|   -9.786685|   -9.690749|
|           6|         167|   -9.990470|   -9.569602|   -9.791228|   -9.692793|
|           6|         168|   -9.994229|   -9.573958|   -9.795721|   -9.694848|
|           6|         169|   -9.997963|   -9.578290|   -9.800167|   -9.696916|
|           6|         170|  -10.001672|   -9.582598|   -9.804566|   -9.698996|
|           6|         171|  -10.005356|   -9.586883|   -9.808918|   -9.701089|
|           6|         172|  -10.009017|   -9.591144|   -9.813223|   -9.703193|
|           6|         173|  -10.012654|   -9.595382|   -9.817483|   -9.705310|
|           6|         174|  -10.016268|   -9.599597|   -9.821698|   -9.707439|
|           6|         175|  -10.019860|   -9.603789|   -9.825868|   -9.709580|
|           6|         176|  -10.023431|   -9.607959|   -9.829995|   -9.711733|
|           6|         177|  -10.026980|   -9.612106|   -9.834078|   -9.713898|
|           6|         178|  -10.030507|   -9.616232|   -9.838118|   -9.716075|
|           6|         179|  -10.034015|   -9.620336|   -9.842116|   -9.718264|
|           6|         180|  -10.037502|   -9.624419|   -9.846072|   -9.720464|
|           6|         181|  -10.040970|   -9.628480|   -9.849987|   -9.722676|
|           6|         182|  -10.044419|   -9.632521|   -9.853862|   -9.724900|
|           6|         183|  -10.047849|   -9.636541|   -9.857697|   -9.727134|
|           6|         184|  -10.051261|   -9.640540|   -9.861493|   -9.729380|
|           6|         185|  -10.054655|   -9.644519|   -9.865251|   -9.731637|
|           6|         186|  -10.058031|   -9.648478|   -9.868970|   -9.733905|
|           6|         187|  -10.061391|   -9.652417|   -9.872652|   -9.736183|
|           6|         188|  -10.064733|   -9.656337|   -9.876297|   -9.738472|
|           6|         189|  -10.068059|   -9.660238|   -9.879905|   -9.740772|
|           6|         190|  -10.071369|   -9.664119|   -9.883478|   -9.743082|
|           6|         191|  -10.074663|   -9.667982|   -9.887016|   -9.745402|
|           6|         192|  -10.077942|   -9.671826|   -9.890520|   -9.747732|
|           6|         193|  -10.081206|   -9.675651|   -9.893990|   -9.750072|
|           6|         194|  -10.084455|   -9.679459|   -9.897426|   -9.752422|
|           6|         195|  -10.087690|   -9.683248|   -9.900830|   -9.754781|
|           6|         196|  -10.090910|   -9.687020|   -9.904201|   -9.757149|
|           6|         197|  -10.094117|   -9.690774|   -9.907541|   -9.759527|
|           6|         198|  -10.097310|   -9.694511|   -9.910850|   -9.761914|
|           6|         199|  -10.100490|   -9.698231|   -9.914129|   -9.764309|

------------------------ Global Error Analysis --------------------------
     RMS Error [P]: 1.272820e-02     |      Max Error [P]: 1.699029e-01
     RMS Error [U]: 1.343674e-03     |      Max Error [U]: 2.853211e-02
     RMS Error [V]: 1.254769e-03     |      Max Error [V]: 2.850877e-02
     RMS Error [W]: 9.303544e-04     |      Max Error [W]: 2.179233e-02
-------------------------------------------------------------------------

|           6|         200|  -10.103657|   -9.701934|   -9.917377|   -9.766713|
|           6|         201|  -10.106811|   -9.705620|   -9.920597|   -9.769126|
|           6|         202|  -10.109953|   -9.709290|   -9.923787|   -9.771547|
|           6|         203|  -10.113083|   -9.712943|   -9.926949|   -9.773977|
|           6|         204|  -10.116200|   -9.716581|   -9.930084|   -9.776414|
|           6|         205|  -10.119306|   -9.720202|   -9.933191|   -9.778860|
|           6|         206|  -10.122401|   -9.723808|   -9.936272|   -9.781313|
|           6|         207|  -10.125484|   -9.727399|   -9.939327|   -9.783774|
|           6|         208|  -10.128556|   -9.730974|   -9.942356|   -9.786242|
|           6|         209|  -10.131618|   -9.734534|   -9.945360|   -9.788718|
|           6|         210|  -10.134669|   -9.738079|   -9.948339|   -9.791200|
|           6|         211|  -10.137709|   -9.741610|   -9.951295|   -9.793690|
|           6|         212|  -10.140740|   -9.745126|   -9.954226|   -9.796186|
|           6|         213|  -10.143760|   -9.748627|   -9.957135|   -9.798689|
|           6|         214|  -10.146770|   -9.752115|   -9.960021|   -9.801199|
|           6|         215|  -10.149771|   -9.755588|   -9.962884|   -9.803715|
|           6|         216|  -10.152763|   -9.759048|   -9.965726|   -9.806237|
|           6|         217|  -10.155745|   -9.762494|   -9.968547|   -9.808765|
|           6|         218|  -10.158718|   -9.765927|   -9.971347|   -9.811300|
|           6|         219|  -10.161682|   -9.769346|   -9.974126|   -9.813840|
|           6|         220|  -10.164638|   -9.772753|   -9.976886|   -9.816385|
|           6|         221|  -10.167585|   -9.776146|   -9.979626|   -9.818937|
|           6|         222|  -10.170523|   -9.779527|   -9.982347|   -9.821493|
|           6|         223|  -10.173453|   -9.782895|   -9.985049|   -9.824055|
|           6|         224|  -10.176376|   -9.786251|   -9.987733|   -9.826622|
|           6|         225|  -10.179290|   -9.789594|   -9.990399|   -9.829194|
|           6|         226|  -10.182196|   -9.792925|   -9.993048|   -9.831771|
|           6|         227|  -10.185094|   -9.796244|   -9.995680|   -9.834353|
|           6|         228|  -10.187985|   -9.799552|   -9.998295|   -9.836939|
|           6|         229|  -10.190868|   -9.802848|  -10.000893|   -9.839530|
|           6|         230|  -10.193744|   -9.806132|  -10.003476|   -9.842126|
|           6|         231|  -10.196613|   -9.809405|  -10.006043|   -9.844725|
|           6|         232|  -10.199475|   -9.812667|  -10.008594|   -9.847329|
|           6|         233|  -10.202330|   -9.815917|  -10.011131|   -9.849936|
|           6|         234|  -10.205178|   -9.819157|  -10.013653|   -9.852548|
|           6|         235|  -10.208019|   -9.822386|  -10.016161|   -9.855163|
|           6|         236|  -10.210853|   -9.825604|  -10.018655|   -9.857782|
|           6|         237|  -10.213681|   -9.828812|  -10.021136|   -9.860405|
|           6|         238|  -10.216503|   -9.832010|  -10.023603|   -9.863031|
|           6|         239|  -10.219318|   -9.835197|  -10.026057|   -9.865661|

------------------------ Global Error Analysis --------------------------
     RMS Error [P]: 1.272812e-02     |      Max Error [P]: 1.699017e-01
     RMS Error [U]: 1.343674e-03     |      Max Error [U]: 2.853211e-02
     RMS Error [V]: 1.254769e-03     |      Max Error [V]: 2.850877e-02
     RMS Error [W]: 9.303544e-04     |      Max Error [W]: 2.179233e-02
-------------------------------------------------------------------------

|           6|         240|  -10.222127|   -9.838374|  -10.028498|   -9.868293|
|           6|         241|  -10.224930|   -9.841541|  -10.030928|   -9.870929|
|           6|         242|  -10.227727|   -9.844698|  -10.033345|   -9.873568|
|           6|         243|  -10.230517|   -9.847846|  -10.035750|   -9.876210|
|           6|         244|  -10.233302|   -9.850984|  -10.038144|   -9.878855|
|           6|         245|  -10.236082|   -9.854112|  -10.040527|   -9.881503|
|           6|         246|  -10.238855|   -9.857232|  -10.042898|   -9.884153|
|           6|         247|  -10.241623|   -9.860342|  -10.045259|   -9.886806|
|           6|         248|  -10.244385|   -9.863443|  -10.047610|   -9.889462|
|           6|         249|  -10.247142|   -9.866534|  -10.049950|   -9.892120|
|           6|         250|  -10.249894|   -9.869617|  -10.052280|   -9.894780|
|           6|         251|  -10.252640|   -9.872692|  -10.054601|   -9.897442|
|           6|         252|  -10.255381|   -9.875757|  -10.056912|   -9.900107|
|           6|         253|  -10.258117|   -9.878814|  -10.059214|   -9.902774|
|           6|         254|  -10.260847|   -9.881863|  -10.061507|   -9.905442|
|           6|         255|  -10.263573|   -9.884903|  -10.063792|   -9.908113|
|           6|         256|  -10.266294|   -9.887936|  -10.066067|   -9.910785|
|           6|         257|  -10.269010|   -9.890960|  -10.068335|   -9.913460|
|           6|         258|  -10.271721|   -9.893976|  -10.070594|   -9.916135|
|           6|         259|  -10.274427|   -9.896984|  -10.072845|   -9.918813|
|           6|         260|  -10.277129|   -9.899984|  -10.075089|   -9.921492|
|           6|         261|  -10.279826|   -9.902977|  -10.077325|   -9.924173|
|           6|         262|  -10.282518|   -9.905962|  -10.079554|   -9.926855|
|           6|         263|  -10.285206|   -9.908939|  -10.081775|   -9.929538|
|           6|         264|  -10.287890|   -9.911909|  -10.083990|   -9.932222|
|           6|         265|  -10.290569|   -9.914872|  -10.086198|   -9.934908|
|           6|         266|  -10.293244|   -9.917828|  -10.088399|   -9.937595|
|           6|         267|  -10.295914|   -9.920776|  -10.090594|   -9.940283|
|           6|         268|  -10.298581|   -9.923718|  -10.092782|   -9.942972|
|           6|         269|  -10.301243|   -9.926652|  -10.094965|   -9.945662|
|           6|         270|  -10.303901|   -9.929580|  -10.097141|   -9.948353|
|           6|         271|  -10.306555|   -9.932501|  -10.099312|   -9.951045|
|           6|         272|  -10.309204|   -9.935415|  -10.101477|   -9.953737|
|           6|         273|  -10.311850|   -9.938322|  -10.103637|   -9.956430|
|           6|         274|  -10.314492|   -9.941223|  -10.105791|   -9.959124|
|           6|         275|  -10.317130|   -9.944118|  -10.107940|   -9.961818|
|           6|         276|  -10.319765|   -9.947006|  -10.110084|   -9.964513|
|           6|         277|  -10.322395|   -9.949888|  -10.112223|   -9.967209|
|           6|         278|  -10.325022|   -9.952763|  -10.114358|   -9.969905|
|           6|         279|  -10.327645|   -9.955633|  -10.116487|   -9.972601|

------------------------ Global Error Analysis --------------------------
     RMS Error [P]: 1.272808e-02     |      Max Error [P]: 1.699014e-01
     RMS Error [U]: 1.343674e-03     |      Max Error [U]: 2.853211e-02
     RMS Error [V]: 1.254769e-03     |      Max Error [V]: 2.850877e-02
     RMS Error [W]: 9.303544e-04     |      Max Error [W]: 2.179233e-02
-------------------------------------------------------------------------

|           6|         280|  -10.330264|   -9.958496|  -10.118612|   -9.975298|
|           6|         281|  -10.332880|   -9.961354|  -10.120733|   -9.977995|
|           6|         282|  -10.335492|   -9.964206|  -10.122850|   -9.980692|
|           6|         283|  -10.338100|   -9.967051|  -10.124962|   -9.983390|
|           6|         284|  -10.340705|   -9.969891|  -10.127070|   -9.986088|
|           6|         285|  -10.343307|   -9.972726|  -10.129175|   -9.988785|
|           6|         286|  -10.345905|   -9.975554|  -10.131276|   -9.991483|
|           6|         287|  -10.348500|   -9.978378|  -10.133372|   -9.994181|
|           6|         288|  -10.351091|   -9.981195|  -10.135466|   -9.996879|
|           6|         289|  -10.353679|   -9.984007|  -10.137556|   -9.999577|
|           6|         290|  -10.356264|   -9.986814|  -10.139642|  -10.002275|
|           6|         291|  -10.358846|   -9.989616|  -10.141725|  -10.004973|
|           6|         292|  -10.361424|   -9.992412|  -10.143805|  -10.007670|
|           6|         293|  -10.363999|   -9.995203|  -10.145882|  -10.010367|
|           6|         294|  -10.366571|   -9.997990|  -10.147956|  -10.013065|
|           6|         295|  -10.369140|  -10.000771|  -10.150027|  -10.015761|
+-----------------------------------------------------------------------------+
|   Time_Iter|  Inner_Iter|      rms[P]|      rms[U]|      rms[V]|      rms[W]|
+-----------------------------------------------------------------------------+
|           7|           0|  -10.371706|   -2.601328|   -2.644764|   -2.791650|

------------------------ Global Error Analysis --------------------------
     RMS Error [P]: 1.263763e-02     |      Max Error [P]: 1.609805e-01
     RMS Error [U]: 1.433186e-03     |      Max Error [U]: 3.132515e-02
     RMS Error [V]: 1.343970e-03     |      Max Error [V]: 3.123969e-02
     RMS Error [W]: 9.917661e-04     |      Max Error [W]: 2.403366e-02
-------------------------------------------------------------------------

|           7|           1|   -6.095001|   -4.657667|   -4.661384|   -4.793851|
|           7|           2|   -6.237642|   -5.688821|   -5.770979|   -5.971263|
|           7|           3|   -6.378758|   -5.842225|   -5.920551|   -6.120150|
|           7|           4|   -6.502733|   -5.991218|   -6.069467|   -6.264480|
|           7|           5|   -6.615376|   -6.123765|   -6.202088|   -6.393875|
|           7|           6|   -6.720235|   -6.244985|   -6.323273|   -6.512738|
|           7|           7|   -6.819334|   -6.358177|   -6.436351|   -6.624002|
|           7|           8|   -6.913926|   -6.465302|   -6.543307|   -6.729396|
|           7|           9|   -7.004843|   -6.567597|   -6.645396|   -6.830020|
|           7|          10|   -7.092663|   -6.665890|   -6.743454|   -6.926629|
|           7|          11|   -7.177801|   -6.760757|   -6.838063|   -7.019763|
|           7|          12|   -7.260566|   -6.852615|   -6.929638|   -7.109828|
|           7|          13|   -7.341191|   -6.941773|   -7.018486|   -7.197130|
|           7|          14|   -7.419853|   -7.028462|   -7.104836|   -7.281905|
|           7|          15|   -7.496688|   -7.112859|   -7.188858|   -7.364335|
|           7|          16|   -7.571805|   -7.195095|   -7.270679|   -7.444556|
|           7|          17|   -7.645288|   -7.275273|   -7.350393|   -7.522673|
|           7|          18|   -7.717204|   -7.353469|   -7.428071|   -7.598764|
|           7|          19|   -7.787606|   -7.429739|   -7.503764|   -7.672886|
|           7|          20|   -7.856539|   -7.504126|   -7.577510|   -7.745080|
|           7|          21|   -7.924038|   -7.576663|   -7.649338|   -7.815378|
|           7|          22|   -7.990133|   -7.647376|   -7.719269|   -7.883801|
|           7|          23|   -8.054849|   -7.716282|   -7.787321|   -7.950366|
|           7|          24|   -8.118204|   -7.783396|   -7.853510|   -8.015085|
|           7|          25|   -8.180212|   -7.848729|   -7.917849|   -8.077967|
|           7|          26|   -8.240882|   -7.912287|   -7.980347|   -8.139018|
|           7|          27|   -8.300218|   -7.974072|   -8.041015|   -8.198242|
|           7|          28|   -8.358217|   -8.034081|   -8.099856|   -8.255641|
|           7|          29|   -8.414872|   -8.092305|   -8.156875|   -8.311215|
|           7|          30|   -8.470166|   -8.148729|   -8.212069|   -8.364964|
|           7|          31|   -8.524080|   -8.203330|   -8.265435|   -8.416885|
|           7|          32|   -8.576585|   -8.256081|   -8.316964|   -8.466978|
|           7|          33|   -8.627650|   -8.306950|   -8.366647|   -8.515242|
|           7|          34|   -8.677237|   -8.355902|   -8.414473|   -8.561683|
|           7|          35|   -8.725305|   -8.402900|   -8.460435|   -8.606306|
|           7|          36|   -8.771811|   -8.447913|   -8.504525|   -8.649128|
|           7|          37|   -8.816715|   -8.490911|   -8.546745|   -8.690169|
|           7|          38|   -8.859975|   -8.531878|   -8.587102|   -8.729459|
|           7|          39|   -8.901557|   -8.570806|   -8.625613|   -8.767036|

------------------------ Global Error Analysis --------------------------
     RMS Error [P]: 1.313333e-02     |      Max Error [P]: 1.503406e-01
     RMS Error [U]: 1.431368e-03     |      Max Error [U]: 3.128481e-02
     RMS Error [V]: 1.342539e-03     |      Max Error [V]: 3.120146e-02
     RMS Error [W]: 9.907522e-04     |      Max Error [W]: 2.402853e-02
-------------------------------------------------------------------------

|           7|          40|   -8.941434|   -8.607704|   -8.662306|   -8.802946|
|           7|          41|   -8.979585|   -8.642596|   -8.697219|   -8.837244|
|           7|          42|   -9.016002|   -8.675524|   -8.730404|   -8.869991|
|           7|          43|   -9.050690|   -8.706544|   -8.761920|   -8.901252|
|           7|          44|   -9.083666|   -8.735731|   -8.791838|   -8.931099|
|           7|          45|   -9.114959|   -8.763169|   -8.820235|   -8.959603|
|           7|          46|   -9.144612|   -8.788953|   -8.847194|   -8.986839|
|           7|          47|   -9.172678|   -8.813186|   -8.872801|   -9.012876|
|           7|          48|   -9.199221|   -8.835974|   -8.897146|   -9.037786|
|           7|          49|   -9.224312|   -8.857424|   -8.920316|   -9.061634|
|           7|          50|   -9.248029|   -8.877644|   -8.942397|   -9.084483|
|           7|          51|   -9.270453|   -8.896736|   -8.963475|   -9.106389|
|           7|          52|   -9.291667|   -8.914798|   -8.983627|   -9.127404|
|           7|          53|   -9.311755|   -8.931923|   -9.002929|   -9.147575|
|           7|          54|   -9.330798|   -8.948197|   -9.021451|   -9.166945|
|           7|          55|   -9.348878|   -8.963699|   -9.039259|   -9.185549|
|           7|          56|   -9.366069|   -8.978501|   -9.056411|   -9.203420|
|           7|          57|   -9.382443|   -8.992670|   -9.072962|   -9.220586|
|           7|          58|   -9.398069|   -9.006264|   -9.088962|   -9.237072|
|           7|          59|   -9.413008|   -9.019337|   -9.104456|   -9.252897|
|           7|          60|   -9.427319|   -9.031938|   -9.119485|   -9.268082|
|           7|          61|   -9.441054|   -9.044108|   -9.134085|   -9.282640|
|           7|          62|   -9.454262|   -9.055888|   -9.148291|   -9.296588|
|           7|          63|   -9.466986|   -9.067311|   -9.162132|   -9.309937|
|           7|          64|   -9.479266|   -9.078408|   -9.175635|   -9.322700|
|           7|          65|   -9.491139|   -9.089207|   -9.188825|   -9.334888|
|           7|          66|   -9.502636|   -9.099732|   -9.201724|   -9.346512|
|           7|          67|   -9.513787|   -9.110006|   -9.214351|   -9.357584|
|           7|          68|   -9.524618|   -9.120047|   -9.226725|   -9.368115|
|           7|          69|   -9.535152|   -9.129875|   -9.238862|   -9.378118|
|           7|          70|   -9.545410|   -9.139505|   -9.250775|   -9.387605|
|           7|          71|   -9.555411|   -9.148950|   -9.262480|   -9.396589|
|           7|          72|   -9.565172|   -9.158225|   -9.273987|   -9.405085|
|           7|          73|   -9.574708|   -9.167340|   -9.285307|   -9.413108|
|           7|          74|   -9.584033|   -9.176306|   -9.296450|   -9.420674|
|           7|          75|   -9.593158|   -9.185132|   -9.307424|   -9.427800|
|           7|          76|   -9.602095|   -9.193827|   -9.318239|   -9.434502|
|           7|          77|   -9.610853|   -9.202399|   -9.328900|   -9.440798|
|           7|          78|   -9.619441|   -9.210854|   -9.339414|   -9.446707|
|           7|          79|   -9.627867|   -9.219199|   -9.349788|   -9.452247|

------------------------ Global Error Analysis --------------------------
     RMS Error [P]: 1.312894e-02     |      Max Error [P]: 1.501719e-01
     RMS Error [U]: 1.431363e-03     |      Max Error [U]: 3.128477e-02
     RMS Error [V]: 1.342535e-03     |      Max Error [V]: 3.120140e-02
     RMS Error [W]: 9.907488e-04     |      Max Error [W]: 2.402858e-02
-------------------------------------------------------------------------

|           7|          80|   -9.636138|   -9.227439|   -9.360025|   -9.457436|
|           7|          81|   -9.644260|   -9.235579|   -9.370132|   -9.462294|
|           7|          82|   -9.652239|   -9.243625|   -9.380112|   -9.466840|
|           7|          83|   -9.660080|   -9.251580|   -9.389969|   -9.471091|
|           7|          84|   -9.667788|   -9.259448|   -9.399707|   -9.475067|
|           7|          85|   -9.675368|   -9.267233|   -9.409328|   -9.478785|
|           7|          86|   -9.682822|   -9.274937|   -9.418835|   -9.482262|
|           7|          87|   -9.690156|   -9.282564|   -9.428231|   -9.485517|
|           7|          88|   -9.697371|   -9.290117|   -9.437518|   -9.488564|
|           7|          89|   -9.704471|   -9.297597|   -9.446698|   -9.491420|
|           7|          90|   -9.711459|   -9.305007|   -9.455772|   -9.494101|
|           7|          91|   -9.718338|   -9.312349|   -9.464742|   -9.496619|
|           7|          92|   -9.725109|   -9.319625|   -9.473608|   -9.498990|
|           7|          93|   -9.731776|   -9.326835|   -9.482374|   -9.501226|
|           7|          94|   -9.738340|   -9.333983|   -9.491038|   -9.503340|
|           7|          95|   -9.744804|   -9.341069|   -9.499603|   -9.505342|
|           7|          96|   -9.751169|   -9.348094|   -9.508068|   -9.507244|
|           7|          97|   -9.757437|   -9.355059|   -9.516435|   -9.509057|
|           7|          98|   -9.763611|   -9.361966|   -9.524704|   -9.510789|
|           7|          99|   -9.769692|   -9.368816|   -9.532875|   -9.512449|
|           7|         100|   -9.775681|   -9.375610|   -9.540949|   -9.514047|
|           7|         101|   -9.781581|   -9.382347|   -9.548927|   -9.515588|
|           7|         102|   -9.787394|   -9.389030|   -9.556808|   -9.517082|
|           7|         103|   -9.793120|   -9.395659|   -9.564593|   -9.518533|
|           7|         104|   -9.798762|   -9.402234|   -9.572282|   -9.519949|
|           7|         105|   -9.804321|   -9.408757|   -9.579876|   -9.521335|
|           7|         106|   -9.809798|   -9.415227|   -9.587374|   -9.522696|
|           7|         107|   -9.815196|   -9.421646|   -9.594777|   -9.524037|
|           7|         108|   -9.820516|   -9.428013|   -9.602086|   -9.525361|
|           7|         109|   -9.825760|   -9.434330|   -9.609299|   -9.526675|
|           7|         110|   -9.830929|   -9.440597|   -9.616418|   -9.527980|
|           7|         111|   -9.836024|   -9.446814|   -9.623443|   -9.529280|
|           7|         112|   -9.841048|   -9.452982|   -9.630374|   -9.530578|
|           7|         113|   -9.846001|   -9.459101|   -9.637212|   -9.531878|
|           7|         114|   -9.850886|   -9.465172|   -9.643956|   -9.533181|
|           7|         115|   -9.855705|   -9.471194|   -9.650608|   -9.534490|
|           7|         116|   -9.860457|   -9.477169|   -9.657167|   -9.535806|
|           7|         117|   -9.865146|   -9.483097|   -9.663635|   -9.537133|
|           7|         118|   -9.869772|   -9.488978|   -9.670010|   -9.538471|
|           7|         119|   -9.874338|   -9.494813|   -9.676296|   -9.539822|

------------------------ Global Error Analysis --------------------------
     RMS Error [P]: 1.312775e-02     |      Max Error [P]: 1.501398e-01
     RMS Error [U]: 1.431363e-03     |      Max Error [U]: 3.128477e-02
     RMS Error [V]: 1.342534e-03     |      Max Error [V]: 3.120140e-02
     RMS Error [W]: 9.907486e-04     |      Max Error [W]: 2.402858e-02
-------------------------------------------------------------------------

|           7|         120|   -9.878844|   -9.500601|   -9.682490|   -9.541187|
|           7|         121|   -9.883292|   -9.506344|   -9.688595|   -9.542567|
|           7|         122|   -9.887684|   -9.512041|   -9.694611|   -9.543964|
|           7|         123|   -9.892021|   -9.517693|   -9.700539|   -9.545379|
|           7|         124|   -9.896305|   -9.523301|   -9.706379|   -9.546812|
|           7|         125|   -9.900537|   -9.528864|   -9.712132|   -9.548263|
|           7|         126|   -9.904718|   -9.534384|   -9.717799|   -9.549735|
|           7|         127|   -9.908850|   -9.539860|   -9.723382|   -9.551226|
|           7|         128|   -9.912934|   -9.545292|   -9.728880|   -9.552739|
|           7|         129|   -9.916972|   -9.550682|   -9.734295|   -9.554272|
|           7|         130|   -9.920964|   -9.556029|   -9.739627|   -9.555826|
|           7|         131|   -9.924913|   -9.561334|   -9.744879|   -9.557402|
|           7|         132|   -9.928820|   -9.566598|   -9.750050|   -9.559000|
|           7|         133|   -9.932685|   -9.571820|   -9.755142|   -9.560620|
|           7|         134|   -9.936511|   -9.577001|   -9.760157|   -9.562261|
|           7|         135|   -9.940297|   -9.582141|   -9.765094|   -9.563925|
|           7|         136|   -9.944046|   -9.587241|   -9.769956|   -9.565611|
|           7|         137|   -9.947759|   -9.592302|   -9.774744|   -9.567319|
|           7|         138|   -9.951437|   -9.597322|   -9.779458|   -9.569048|
|           7|         139|   -9.955080|   -9.602304|   -9.784101|   -9.570800|
|           7|         140|   -9.958691|   -9.607247|   -9.788672|   -9.572573|
|           7|         141|   -9.962269|   -9.612152|   -9.793175|   -9.574369|
|           7|         142|   -9.965817|   -9.617018|   -9.797609|   -9.576185|
|           7|         143|   -9.969335|   -9.621847|   -9.801977|   -9.578023|
|           7|         144|   -9.972824|   -9.626639|   -9.806279|   -9.579883|
|           7|         145|   -9.976285|   -9.631394|   -9.810517|   -9.581763|
|           7|         146|   -9.979719|   -9.636113|   -9.814692|   -9.583664|
|           7|         147|   -9.983127|   -9.640796|   -9.818805|   -9.585585|
|           7|         148|   -9.986510|   -9.645443|   -9.822859|   -9.587527|
|           7|         149|   -9.989868|   -9.650055|   -9.826853|   -9.589488|
|           7|         150|   -9.993203|   -9.654633|   -9.830790|   -9.591470|
|           7|         151|   -9.996515|   -9.659176|   -9.834671|   -9.593471|
|           7|         152|   -9.999805|   -9.663685|   -9.838497|   -9.595491|
|           7|         153|  -10.003074|   -9.668160|   -9.842269|   -9.597530|
|           7|         154|  -10.006323|   -9.672603|   -9.845988|   -9.599588|
|           7|         155|  -10.009552|   -9.677012|   -9.849657|   -9.601664|
|           7|         156|  -10.012761|   -9.681389|   -9.853276|   -9.603758|
|           7|         157|  -10.015953|   -9.685735|   -9.856846|   -9.605870|
|           7|         158|  -10.019127|   -9.690048|   -9.860369|   -9.608000|
|           7|         159|  -10.022283|   -9.694331|   -9.863846|   -9.610146|

------------------------ Global Error Analysis --------------------------
     RMS Error [P]: 1.312732e-02     |      Max Error [P]: 1.501288e-01
     RMS Error [U]: 1.431363e-03     |      Max Error [U]: 3.128477e-02
     RMS Error [V]: 1.342534e-03     |      Max Error [V]: 3.120139e-02
     RMS Error [W]: 9.907485e-04     |      Max Error [W]: 2.402858e-02
-------------------------------------------------------------------------

|           7|         160|  -10.025423|   -9.698583|   -9.867278|   -9.612310|
|           7|         161|  -10.028547|   -9.702804|   -9.870667|   -9.614491|
|           7|         162|  -10.031656|   -9.706996|   -9.874013|   -9.616687|
|           7|         163|  -10.034750|   -9.711158|   -9.877317|   -9.618900|
|           7|         164|  -10.037829|   -9.715291|   -9.880582|   -9.621129|
|           7|         165|  -10.040895|   -9.719395|   -9.883807|   -9.623373|
|           7|         166|  -10.043947|   -9.723470|   -9.886994|   -9.625632|
|           7|         167|  -10.046986|   -9.727518|   -9.890144|   -9.627906|
|           7|         168|  -10.050013|   -9.731538|   -9.893259|   -9.630195|
|           7|         169|  -10.053028|   -9.735531|   -9.896338|   -9.632498|
|           7|         170|  -10.056031|   -9.739497|   -9.899384|   -9.634815|
|           7|         171|  -10.059023|   -9.743436|   -9.902397|   -9.637146|
|           7|         172|  -10.062005|   -9.747350|   -9.905378|   -9.639490|
|           7|         173|  -10.064975|   -9.751237|   -9.908327|   -9.641848|
|           7|         174|  -10.067936|   -9.755100|   -9.911247|   -9.644219|
|           7|         175|  -10.070887|   -9.758937|   -9.914138|   -9.646602|
|           7|         176|  -10.073828|   -9.762749|   -9.917000|   -9.648998|
|           7|         177|  -10.076761|   -9.766538|   -9.919836|   -9.651406|
|           7|         178|  -10.079684|   -9.770302|   -9.922644|   -9.653826|
|           7|         179|  -10.082599|   -9.774043|   -9.925427|   -9.656257|
|           7|         180|  -10.085506|   -9.777761|   -9.928184|   -9.658700|
|           7|         181|  -10.088405|   -9.781456|   -9.930918|   -9.661154|
|           7|         182|  -10.091296|   -9.785128|   -9.933628|   -9.663619|
|           7|         183|  -10.094180|   -9.788778|   -9.936315|   -9.666095|
|           7|         184|  -10.097056|   -9.792406|   -9.938980|   -9.668581|
|           7|         185|  -10.099925|   -9.796013|   -9.941624|   -9.671078|
|           7|         186|  -10.102788|   -9.799598|   -9.944248|   -9.673584|
|           7|         187|  -10.105644|   -9.803163|   -9.946851|   -9.676100|
|           7|         188|  -10.108493|   -9.806707|   -9.949435|   -9.678626|
|           7|         189|  -10.111336|   -9.810231|   -9.952000|   -9.681161|
|           7|         190|  -10.114174|   -9.813734|   -9.954546|   -9.683705|
|           7|         191|  -10.117005|   -9.817219|   -9.957076|   -9.686258|
|           7|         192|  -10.119831|   -9.820684|   -9.959588|   -9.688820|
|           7|         193|  -10.122651|   -9.824129|   -9.962083|   -9.691390|
|           7|         194|  -10.125466|   -9.827557|   -9.964563|   -9.693969|
|           7|         195|  -10.128275|   -9.830965|   -9.967027|   -9.696555|
|           7|         196|  -10.131079|   -9.834356|   -9.969476|   -9.699150|
|           7|         197|  -10.133879|   -9.837729|   -9.971911|   -9.701752|
|           7|         198|  -10.136674|   -9.841084|   -9.974332|   -9.704362|
|           7|         199|  -10.139463|   -9.844422|   -9.976739|   -9.706978|

------------------------ Global Error Analysis --------------------------
     RMS Error [P]: 1.312714e-02     |      Max Error [P]: 1.501244e-01
     RMS Error [U]: 1.431363e-03     |      Max Error [U]: 3.128477e-02
     RMS Error [V]: 1.342534e-03     |      Max Error [V]: 3.120139e-02
     RMS Error [W]: 9.907485e-04     |      Max Error [W]: 2.402858e-02
-------------------------------------------------------------------------

