NDIME= 3
NELEM= 4096
12 0 1 18 17 289 290 307 306
12 1 2 19 18 290 291 308 307
12 2 3 20 19 291 292 309 308
12 3 4 21 20 292 293 310 309
12 4 5 22 21 293 294 311 310
12 5 6 23 22 294 295 312 311
12 6 7 24 23 295 296 313 312
12 7 8 25 24 296 297 314 313
12 8 9 26 25 297 298 315 314
12 9 10 27 26 298 299 316 315
12 10 11 28 27 299 300 317 316
12 11 12 29 28 300 301 318 317
12 12 13 30 29 301 302 319 318
12 13 14 31 30 302 303 320 319
12 14 15 32 31 303 304 321 320
12 15 16 33 32 304 305 322 321
12 17 18 35 34 306 307 324 323
12 18 19 36 35 307 308 325 324
12 19 20 37 36 308 309 326 325
12 20 21 38 37 309 310 327 326
12 21 22 39 38 310 311 328 327
12 22 23 40 39 311 312 329 328
12 23 24 41 40 312 313 330 329
12 24 25 42 41 313 314 331 330
12 25 26 43 42 314 315 332 331
12 26 27 44 43 315 316 333 332
12 27 28 45 44 316 317 334 333
12 28 29 46 45 317 318 335 334
12 29 30 47 46 318 319 336 335
12 30 31 48 47 319 320 337 336
12 31 32 49 48 320 321 338 337
12 32 33 50 49 321 322 339 338
12 34 35 52 51 323 324 341 340
12 35 36 53 52 324 325 342 341
12 36 37 54 53 325 326 343 342
12 37 38 55 54 326 327 344 343
12 38 39 56 55 327 328 345 344
12 39 40 57 56 328 329 346 345
12 40 41 58 57 329 330 347 346
12 41 42 59 58 330 331 348 347
12 42 43 60 59 331 332 349 348
12 43 44 61 60 332 333 350 349
12 44 45 62 61 333 334 351 350
12 45 46 63 62 334 335 352 351
12 46 47 64 63 335 336 353 352
12 47 48 65 64 336 337 354 353
12 48 49 66 65 337 338 355 354
12 49 50 67 66 338 339 356 355
12 51 52 69 68 340 341 358 357
12 52 53 70 69 341 342 359 358
12 53 54 71 70 342 343 360 359
12 54 55 72 71 343 344 361 360
12 55 56 73 72 344 345 362 361
12 56 57 74 73 345 346 363 362
12 57 58 75 74 346 347 364 363
12 58 59 76 75 347 348 365 364
12 59 60 77 76 348 349 366 365
12 60 61 78 77 349 350 367 366
12 61 62 79 78 350 351 368 367
12 62 63 80 79 351 352 369 368
12 63 64 81 80 352 353 370 369
12 64 65 82 81 353 354 371 370
12 65 66 83 82 354 355 372 371
12 66 67 84 83 355 356 373 372
12 68 69 86 85 357 358 375 374
12 69 70 87 86 358 359 376 375
12 70 71 88 87 359 360 377 376
12 71 72 89 88 360 361 378 377
12 72 73 90 89 361 362 379 378
12 73 74 91 90 362 363 380 379
12 74 75 92 91 363 364 381 380
12 75 76 93 92 364 365 382 381
12 76 77 94 93 365 366 383 382
12 77 78 95 94 366 367 384 383
12 78 79 96 95 367 368 385 384
12 79 80 97 96 368 369 386 385
12 80 81 98 97 369 370 387 386
12 81 82 99 98 370 371 388 387
12 82 83 100 99 371 372 389 388
12 83 84 101 100 372 373 390 389
12 85 86 103 102 374 375 392 391
12 86 87 104 103 375 376 393 392
12 87 88 105 104 376 377 394 393
12 88 89 106 105 377 378 395 394
12 89 90 107 106 378 379 396 395
12 90 91 108 107 379 380 397 396
12 91 92 109 108 380 381 398 397
12 92 93 110 109 381 382 399 398
12 93 94 111 110 382 383 400 399
12 94 95 112 111 383 384 401 400
12 95 96 113 112 384 385 402 401
12 96 97 114 113 385 386 403 402
12 97 98 115 114 386 387 404 403
12 98 99 116 115 387 388 405 404
12 99 100 117 116 388 389 406 405
12 100 101 118 117 389 390 407 406
12 102 103 120 119 391 392 409 408
12 103 104 121 120 392 393 410 409
12 104 105 122 121 393 394 411 410
12 105 106 123 122 394 395 412 411
12 106 107 124 123 395 396 413 412
12 107 108 125 124 396 397 414 413
12 108 109 126 125 397 398 415 414
12 109 110 127 126 398 399 416 415
12 110 111 128 127 399 400 417 416
12 111 112 129 128 400 401 418 417
12 112 113 130 129 401 402 419 418
12 113 114 131 130 402 403 420 419
12 114 115 132 131 403 404 421 420
12 115 116 133 132 404 405 422 421
12 116 117 134 133 405 406 423 422
12 117 118 135 134 406 407 424 423
12 119 120 137 136 408 409 426 425
12 120 121 138 137 409 410 427 426
12 121 122 139 138 410 411 428 427
12 122 123 140 139 411 412 429 428
12 123 124 141 140 412 413 430 429
12 124 125 142 141 413 414 431 430
12 125 126 143 142 414 415 432 431
12 126 127 144 143 415 416 433 432
12 127 128 145 144 416 417 434 433
12 128 129 146 145 417 418 435 434
12 129 130 147 146 418 419 436 435
12 130 131 148 147 419 420 437 436
12 131 132 149 148 420 421 438 437
12 132 133 150 149 421 422 439 438
12 133 134 151 150 422 423 440 439
12 134 135 152 151 423 424 441 440
12 136 137 154 153 425 426 443 442
12 137 138 155 154 426 427 444 443
12 138 139 156 155 427 428 445 444
12 139 140 157 156 428 429 446 445
12 140 141 158 157 429 430 447 446
12 141 142 159 158 430 431 448 447
12 142 143 160 159 431 432 449 448
12 143 144 161 160 432 433 450 449
12 144 145 162 161 433 434 451 450
12 145 146 163 162 434 435 452 451
12 146 147 164 163 435 436 453 452
12 147 148 165 164 436 437 454 453
12 148 149 166 165 437 438 455 454
12 149 150 167 166 438 439 456 455
12 150 151 168 167 439 440 457 456
12 151 152 169 168 440 441 458 457
12 153 154 171 170 442 443 460 459
12 154 155 172 171 443 444 461 460
12 155 156 173 172 444 445 462 461
12 156 157 174 173 445 446 463 462
12 157 158 175 174 446 447 464 463
12 158 159 176 175 447 448 465 464
12 159 160 177 176 448 449 466 465
12 160 161 178 177 449 450 467 466
12 161 162 179 178 450 451 468 467
12 162 163 180 179 451 452 469 468
12 163 164 181 180 452 453 470 469
12 164 165 182 181 453 454 471 470
12 165 166 183 182 454 455 472 471
12 166 167 184 183 455 456 473 472
12 167 168 185 184 456 457 474 473
12 168 169 186 185 457 458 475 474
12 170 171 188 187 459 460 477 476
12 171 172 189 188 460 461 478 477
12 172 173 190 189 461 462 479 478
12 173 174 191 190 462 463 480 479
12 174 175 192 191 463 464 481 480
12 175 176 193 192 464 465 482 481
12 176 177 194 193 465 466 483 482
12 177 178 195 194 466 467 484 483
12 178 179 196 195 467 468 485 484
12 179 180 197 196 468 469 486 485
12 180 181 198 197 469 470 487 486
12 181 182 199 198 470 471 488 487
12 182 183 200 199 471 472 489 488
12 183 184 201 200 472 473 490 489
12 184 185 202 201 473 474 491 490
12 185 186 203 202 474 475 492 491
12 187 188 205 204 476 477 494 493
12 188 189 206 205 477 478 495 494
12 189 190 207 206 478 479 496 495
12 190 191 208 207 479 480 497 496
12 191 192 209 208 480 481 498 497
12 192 193 210 209 481 482 499 498
12 193 194 211 210 482 483 500 499
12 194 195 212 211 483 484 501 500
12 195 196 213 212 484 485 502 501
12 196 197 214 213 485 486 503 502
12 197 198 215 214 486 487 504 503
12 198 199 216 215 487 488 505 504
12 199 200 217 216 488 489 506 505
12 200 201 218 217 489 490 507 506
12 201 202 219 218 490 491 508 507
12 202 203 220 219 491 492 509 508
12 204 205 222 221 493 494 511 510
12 205 206 223 222 494 495 512 511
12 206 207 224 223 495 496 513 512
12 207 208 225 224 496 497 514 513
12 208 209 226 225 497 498 515 514
12 209 210 227 226 498 499 516 515
12 210 211 228 227 499 500 517 516
12 211 212 229 228 500 501 518 517
12 212 213 230 229 501 502 519 518
12 213 214 231 230 502 503 520 519
12 214 215 232 231 503 504 521 520
12 215 216 233 232 504 505 522 521
12 216 217 234 233 505 506 523 522
12 217 218 235 234 506 507 524 523
12 218 219 236 235 507 508 525 524
12 219 220 237 236 508 509 526 525
12 221 222 239 238 510 511 528 527
12 222 223 240 239 511 512 529 528
12 223 224 241 240 512 513 530 529
12 224 225 242 241 513 514 531 530
12 225 226 243 242 514 515 532 531
12 226 227 244 243 515 516 533 532
12 227 228 245 244 516 517 534 533
12 228 229 246 245 517 518 535 534
12 229 230 247 246 518 519 536 535
12 230 231 248 247 519 520 537 536
12 231 232 249 248 520 521 538 537
12 232 233 250 249 521 522 539 538
12 233 234 251 250 522 523 540 539
12 234 235 252 251 523 524 541 540
12 235 236 253 252 524 525 542 541
12 236 237 254 253 525 526 543 542
12 238 239 256 255 527 528 545 544
12 239 240 257 256 528 529 546 545
12 240 241 258 257 529 530 547 546
12 241 242 259 258 530 531 548 547
12 242 243 260 259 531 532 549 548
12 243 244 261 260 532 533 550 549
12 244 245 262 261 533 534 551 550
12 245 246 263 262 534 535 552 551
12 246 247 264 263 535 536 553 552
12 247 248 265 264 536 537 554 553
12 248 249 266 265 537 538 555 554
12 249 250 267 266 538 539 556 555
12 250 251 268 267 539 540 557 556
12 251 252 269 268 540 541 558 557
12 252 253 270 269 541 542 559 558
12 253 254 271 270 542 543 560 559
12 255 256 273 272 544 545 562 561
12 256 257 274 273 545 546 563 562
12 257 258 275 274 546 547 564 563
12 258 259 276 275 547 548 565 564
12 259 260 277 276 548 549 566 565
12 260 261 278 277 549 550 567 566
12 261 262 279 278 550 551 568 567
12 262 263 280 279 551 552 569 568
12 263 264 281 280 552 553 570 569
12 264 265 282 281 553 554 571 570
12 265 266 283 282 554 555 572 571
12 266 267 284 283 555 556 573 572
12 267 268 285 284 556 557 574 573
12 268 269 286 285 557 558 575 574
12 269 270 287 286 558 559 576 575
12 270 271 288 287 559 560 577 576
12 289 290 307 306 578 579 596 595
12 290 291 308 307 579 580 597 596
12 291 292 309 308 580 581 598 597
12 292 293 310 309 581 582 599 598
12 293 294 311 310 582 583 600 599
12 294 295 312 311 583 584 601 600
12 295 296 313 312 584 585 602 601
12 296 297 314 313 585 586 603 602
12 297 298 315 314 586 587 604 603
12 298 299 316 315 587 588 605 604
12 299 300 317 316 588 589 606 605
12 300 301 318 317 589 590 607 606
12 301 302 319 318 590 591 608 607
12 302 303 320 319 591 592 609 608
12 303 304 321 320 592 593 610 609
12 304 305 322 321 593 594 611 610
12 306 307 324 323 595 596 613 612
12 307 308 325 324 596 597 614 613
12 308 309 326 325 597 598 615 614
12 309 310 327 326 598 599 616 615
12 310 311 328 327 599 600 617 616
12 311 312 329 328 600 601 618 617
12 312 313 330 329 601 602 619 618
12 313 314 331 330 602 603 620 619
12 314 315 332 331 603 604 621 620
12 315 316 333 332 604 605 622 621
12 316 317 334 333 605 606 623 622
12 317 318 335 334 606 607 624 623
12 318 319 336 335 607 608 625 624
12 319 320 337 336 608 609 626 625
12 320 321 338 337 609 610 627 626
12 321 322 339 338 610 611 628 627
12 323 324 341 340 612 613 630 629
12 324 325 342 341 613 614 631 630
12 325 326 343 342 614 615 632 631
12 326 327 344 343 615 616 633 632
12 327 328 345 344 616 617 634 633
12 328 329 346 345 617 618 635 634
12 329 330 347 346 618 619 636 635
12 330 331 348 347 619 620 637 636
12 331 332 349 348 620 621 638 637
12 332 333 350 349 621 622 639 638
12 333 334 351 350 622 623 640 639
12 334 335 352 351 623 624 641 640
12 335 336 353 352 624 625 642 641
12 336 337 354 353 625 626 643 642
12 337 338 355 354 626 627 644 643
12 338 339 356 355 627 628 645 644
12 340 341 358 357 629 630 647 646
12 341 342 359 358 630 631 648 647
12 342 343 360 359 631 632 649 648
12 343 344 361 360 632 633 650 649
12 344 345 362 361 633 634 651 650
12 345 346 363 362 634 635 652 651
12 346 347 364 363 635 636 653 652
12 347 348 365 364 636 637 654 653
12 348 349 366 365 637 638 655 654
12 349 350 367 366 638 639 656 655
12 350 351 368 367 639 640 657 656
12 351 352 369 368 640 641 658 657
12 352 353 370 369 641 642 659 658
12 353 354 371 370 642 643 660 659
12 354 355 372 371 643 644 661 660
12 355 356 373 372 644 645 662 661
12 357 358 375 374 646 647 664 663
12 358 359 376 375 647 648 665 664
12 359 360 377 376 648 649 666 665
12 360 361 378 377 649 650 667 666
12 361 362 379 378 650 651 668 667
12 362 363 380 379 651 652 669 668
12 363 364 381 380 652 653 670 669
12 364 365 382 381 653 654 671 670
12 365 366 383 382 654 655 672 671
12 366 367 384 383 655 656 673 672
12 367 368 385 384 656 657 674 673
12 368 369 386 385 657 658 675 674
12 369 370 387 386 658 659 676 675
12 370 371 388 387 659 660 677 676
12 371 372 389 388 660 661 678 677
12 372 373 390 389 661 662 679 678
12 374 375 392 391 663 664 681 680
12 375 376 393 392 664 665 682 681
12 376 377 394 393 665 666 683 682
12 377 378 395 394 666 667 684 683
12 378 379 396 395 667 668 685 684
12 379 380 397 396 668 669 686 685
12 380 381 398 397 669 670 687 686
12 381 382 399 398 670 671 688 687
12 382 383 400 399 671 672 689 688
12 383 384 401 400 672 673 690 689
12 384 385 402 401 673 674 691 690
12 385 386 403 402 674 675 692 691
12 386 387 404 403 675 676 693 692
12 387 388 405 404 676 677 694 693
12 388 389 406 405 677 678 695 694
12 389 390 407 406 678 679 696 695
12 391 392 409 408 680 681 698 697
12 392 393 410 409 681 682 699 698
12 393 394 411 410 682 683 700 699
12 394 395 412 411 683 684 701 700
12 395 396 413 412 684 685 702 701
12 396 397 414 413 685 686 703 702
12 397 398 415 414 686 687 704 703
12 398 399 416 415 687 688 705 704
12 399 400 417 416 688 689 706 705
12 400 401 418 417 689 690 707 706
12 401 402 419 418 690 691 708 707
12 402 403 420 419 691 692 709 708
12 403 404 421 420 692 693 710 709
12 404 405 422 421 693 694 711 710
12 405 406 423 422 694 695 712 711
12 406 407 424 423 695 696 713 712
12 408 409 426 425 697 698 715 714
12 409 410 427 426 698 699 716 715
12 410 411 428 427 699 700 717 716
12 411 412 429 428 700 701 718 717
12 412 413 430 429 701 702 719 718
12 413 414 431 430 702 703 720 719
12 414 415 432 431 703 704 721 720
12 415 416 433 432 704 705 722 721
12 416 417 434 433 705 706 723 722
12 417 418 435 434 706 707 724 723
12 418 419 436 435 707 708 725 724
12 419 420 437 436 708 709 726 725
12 420 421 438 437 709 710 727 726
12 421 422 439 438 710 711 728 727
12 422 423 440 439 711 712 729 728
12 423 424 441 440 712 713 730 729
12 425 426 443 442 714 715 732 731
12 426 427 444 443 715 716 733 732
12 427 428 445 444 716 717 734 733
12 428 429 446 445 717 718 735 734
12 429 430 447 446 718 719 736 735
12 430 431 448 447 719 720 737 736
12 431 432 449 448 720 721 738 737
12 432 433 450 449 721 722 739 738
12 433 434 451 450 722 723 740 739
12 434 435 452 451 723 724 741 740
12 435 436 453 452 724 725 742 741
12 436 437 454 453 725 726 743 742
12 437 438 455 454 726 727 744 743
12 438 439 456 455 727 728 745 744
12 439 440 457 456 728 729 746 745
12 440 441 458 457 729 730 747 746
12 442 443 460 459 731 732 749 748
12 443 444 461 460 732 733 750 749
12 444 445 462 461 733 734 751 750
12 445 446 463 462 734 735 752 751
12 446 447 464 463 735 736 753 752
12 447 448 465 464 736 737 754 753
12 448 449 466 465 737 738 755 754
12 449 450 467 466 738 739 756 755
12 450 451 468 467 739 740 757 756
12 451 452 469 468 740 741 758 757
12 452 453 470 469 741 742 759 758
12 453 454 471 470 742 743 760 759
12 454 455 472 471 743 744 761 760
12 455 456 473 472 744 745 762 761
12 456 457 474 473 745 746 763 762
12 457 458 475 474 746 747 764 763
12 459 460 477 476 748 749 766 765
12 460 461 478 477 749 750 767 766
12 461 462 479 478 750 751 768 767
12 462 463 480 479 751 752 769 768
12 463 464 481 480 752 753 770 769
12 464 465 482 481 753 754 771 770
12 465 466 483 482 754 755 772 771
12 466 467 484 483 755 756 773 772
12 467 468 485 484 756 757 774 773
12 468 469 486 485 757 758 775 774
12 469 470 487 486 758 759 776 775
12 470 471 488 487 759 760 777 776
12 471 472 489 488 760 761 778 777
12 472 473 490 489 761 762 779 778
12 473 474 491 490 762 763 780 779
12 474 475 492 491 763 764 781 780
12 476 477 494 493 765 766 783 782
12 477 478 495 494 766 767 784 783
12 478 479 496 495 767 768 785 784
12 479 480 497 496 768 769 786 785
12 480 481 498 497 769 770 787 786
12 481 482 499 498 770 771 788 787
12 482 483 500 499 771 772 789 788
12 483 484 501 500 772 773 790 789
12 484 485 502 501 773 774 791 790
12 485 486 503 502 774 775 792 791
12 486 487 504 503 775 776 793 792
12 487 488 505 504 776 777 794 793
12 488 489 506 505 777 778 795 794
12 489 490 507 506 778 779 796 795
12 490 491 508 507 779 780 797 796
12 491 492 509 508 780 781 798 797
12 493 494 511 510 782 783 800 799
12 494 495 512 511 783 784 801 800
12 495 496 513 512 784 785 802 801
12 496 497 514 513 785 786 803 802
12 497 498 515 514 786 787 804 803
12 498 499 516 515 787 788 805 804
12 499 500 517 516 788 789 806 805
12 500 501 518 517 789 790 807 806
12 501 502 519 518 790 791 808 807
12 502 503 520 519 791 792 809 808
12 503 504 521 520 792 793 810 809
12 504 505 522 521 793 794 811 810
12 505 506 523 522 794 795 812 811
12 506 507 524 523 795 796 813 812
12 507 508 525 524 796 797 814 813
12 508 509 526 525 797 798 815 814
12 510 511 528 527 799 800 817 816
12 511 512 529 528 800 801 818 817
12 512 513 530 529 801 802 819 818
12 513 514 531 530 802 803 820 819
12 514 515 532 531 803 804 821 820
12 515 516 533 532 804 805 822 821
12 516 517 534 533 805 806 823 822
12 517 518 535 534 806 807 824 823
12 518 519 536 535 807 808 825 824
12 519 520 537 536 808 809 826 825
12 520 521 538 537 809 810 827 826
12 521 522 539 538 810 811 828 827
12 522 523 540 539 811 812 829 828
12 523 524 541 540 812 813 830 829
12 524 525 542 541 813 814 831 830
12 525 526 543 542 814 815 832 831
12 527 528 545 544 816 817 834 833
12 528 529 546 545 817 818 835 834
12 529 530 547 546 818 819 836 835
12 530 531 548 547 819 820 837 836
12 531 532 549 548 820 821 838 837
12 532 533 550 549 821 822 839 838
12 533 534 551 550 822 823 840 839
12 534 535 552 551 823 824 841 840
12 535 536 553 552 824 825 842 841
12 536 537 554 553 825 826 843 842
12 537 538 555 554 826 827 844 843
12 538 539 556 555 827 828 845 844
12 539 540 557 556 828 829 846 845
12 540 541 558 557 829 830 847 846
12 541 542 559 558 830 831 848 847
12 542 543 560 559 831 832 849 848
12 544 545 562 561 833 834 851 850
12 545 546 563 562 834 835 852 851
12 546 547 564 563 835 836 853 852
12 547 548 565 564 836 837 854 853
12 548 549 566 565 837 838 855 854
12 549 550 567 566 838 839 856 855
12 550 551 568 567 839 840 857 856
12 551 552 569 568 840 841 858 857
12 552 553 570 569 841 842 859 858
12 553 554 571 570 842 843 860 859
12 554 555 572 571 843 844 861 860
12 555 556 573 572 844 845 862 861
12 556 557 574 573 845 846 863 862
12 557 558 575 574 846 847 864 863
12 558 559 576 575 847 848 865 864
12 559 560 577 576 848 849 866 865
12 578 579 596 595 867 868 885 884
12 579 580 597 596 868 869 886 885
12 580 581 598 597 869 870 887 886
12 581 582 599 598 870 871 888 887
12 582 583 600 599 871 872 889 888
12 583 584 601 600 872 873 890 889
12 584 585 602 601 873 874 891 890
12 585 586 603 602 874 875 892 891
12 586 587 604 603 875 876 893 892
12 587 588 605 604 876 877 894 893
12 588 589 606 605 877 878 895 894
12 589 590 607 606 878 879 896 895
12 590 591 608 607 879 880 897 896
12 591 592 609 608 880 881 898 897
12 592 593 610 609 881 882 899 898
12 593 594 611 610 882 883 900 899
12 595 596 613 612 884 885 902 901
12 596 597 614 613 885 886 903 902
12 597 598 615 614 886 887 904 903
12 598 599 616 615 887 888 905 904
12 599 600 617 616 888 889 906 905
12 600 601 618 617 889 890 907 906
12 601 602 619 618 890 891 908 907
12 602 603 620 619 891 892 909 908
12 603 604 621 620 892 893 910 909
12 604 605 622 621 893 894 911 910
12 605 606 623 622 894 895 912 911
12 606 607 624 623 895 896 913 912
12 607 608 625 624 896 897 914 913
12 608 609 626 625 897 898 915 914
12 609 610 627 626 898 899 916 915
12 610 611 628 627 899 900 917 916
12 612 613 630 629 901 902 919 918
12 613 614 631 630 902 903 920 919
12 614 615 632 631 903 904 921 920
12 615 616 633 632 904 905 922 921
12 616 617 634 633 905 906 923 922
12 617 618 635 634 906 907 924 923
12 618 619 636 635 907 908 925 924
12 619 620 637 636 908 909 926 925
12 620 621 638 637 909 910 927 926
12 621 622 639 638 910 911 928 927
12 622 623 640 639 911 912 929 928
12 623 624 641 640 912 913 930 929
12 624 625 642 641 913 914 931 930
12 625 626 643 642 914 915 932 931
12 626 627 644 643 915 916 933 932
12 627 628 645 644 916 917 934 933
12 629 630 647 646 918 919 936 935
12 630 631 648 647 919 920 937 936
12 631 632 649 648 920 921 938 937
12 632 633 650 649 921 922 939 938
12 633 634 651 650 922 923 940 939
12 634 635 652 651 923 924 941 940
12 635 636 653 652 924 925 942 941
12 636 637 654 653 925 926 943 942
12 637 638 655 654 926 927 944 943
12 638 639 656 655 927 928 945 944
12 639 640 657 656 928 929 946 945
12 640 641 658 657 929 930 947 946
12 641 642 659 658 930 931 948 947
12 642 643 660 659 931 932 949 948
12 643 644 661 660 932 933 950 949
12 644 645 662 661 933 934 951 950
12 646 647 664 663 935 936 953 952
12 647 648 665 664 936 937 954 953
12 648 649 666 665 937 938 955 954
12 649 650 667 666 938 939 956 955
12 650 651 668 667 939 940 957 956
12 651 652 669 668 940 941 958 957
12 652 653 670 669 941 942 959 958
12 653 654 671 670 942 943 960 959
12 654 655 672 671 943 944 961 960
12 655 656 673 672 944 945 962 961
12 656 657 674 673 945 946 963 962
12 657 658 675 674 946 947 964 963
12 658 659 676 675 947 948 965 964
12 659 660 677 676 948 949 966 965
12 660 661 678 677 949 950 967 966
12 661 662 679 678 950 951 968 967
12 663 664 681 680 952 953 970 969
12 664 665 682 681 953 954 971 970
12 665 666 683 682 954 955 972 971
12 666 667 684 683 955 956 973 972
12 667 668 685 684 956 957 974 973
12 668 669 686 685 957 958 975 974
12 669 670 687 686 958 959 976 975
12 670 671 688 687 959 960 977 976
12 671 672 689 688 960 961 978 977
12 672 673 690 689 961 962 979 978
12 673 674 691 690 962 963 980 979
12 674 675 692 691 963 964 981 980
12 675 676 693 692 964 965 982 981
12 676 677 694 693 965 966 983 982
12 677 678 695 694 966 967 984 983
12 678 679 696 695 967 968 985 984
12 680 681 698 697 969 970 987 986
12 681 682 699 698 970 971 988 987
12 682 683 700 699 971 972 989 988
12 683 684 701 700 972 973 990 989
12 684 685 702 701 973 974 991 990
12 685 686 703 702 974 975 992 991
12 686 687 704 703 975 976 993 992
12 687 688 705 704 976 977 994 993
12 688 689 706 705 977 978 995 994
12 689 690 707 706 978 979 996 995
12 690 691 708 707 979 980 997 996
12 691 692 709 708 980 981 998 997
12 692 693 710 709 981 982 999 998
12 693 694 711 710 982 983 1000 999
12 694 695 712 711 983 984 1001 1000
12 695 696 713 712 984 985 1002 1001
12 697 698 715 714 986 987 1004 1003
12 698 699 716 715 987 988 1005 1004
12 699 700 717 716 988 989 1006 1005
12 700 701 718 717 989 990 1007 1006
12 701 702 719 718 990 991 1008 1007
12 702 703 720 719 991 992 1009 1008
12 703 704 721 720 992 993 1010 1009
12 704 705 722 721 993 994 1011 1010
12 705 706 723 722 994 995 1012 1011
12 706 707 724 723 995 996 1013 1012
12 707 708 725 724 996 997 1014 1013
12 708 709 726 725 997 998 1015 1014
12 709 710 727 726 998 999 1016 1015
12 710 711 728 727 999 1000 1017 1016
12 711 712 729 728 1000 1001 1018 1017
12 712 713 730 729 1001 1002 1019 1018
12 714 715 732 731 1003 1004 1021 1020
12 715 716 733 732 1004 1005 1022 1021
12 716 717 734 733 1005 1006 1023 1022
12 717 718 735 734 1006 1007 1024 1023
12 718 719 736 735 1007 1008 1025 1024
12 719 720 737 736 1008 1009 1026 1025
12 720 721 738 737 1009 1010 1027 1026
12 721 722 739 738 1010 1011 1028 1027
12 722 723 740 739 1011 1012 1029 1028
12 723 724 741 740 1012 1013 1030 1029
12 724 725 742 741 1013 1014 1031 1030
12 725 726 743 742 1014 1015 1032 1031
12 726 727 744 743 1015 1016 1033 1032
12 727 728 745 744 1016 1017 1034 1033
12 728 729 746 745 1017 1018 1035 1034
12 729 730 747 746 1018 1019 1036 1035
12 731 732 749 748 1020 1021 1038 1037
12 732 733 750 749 1021 1022 1039 1038
12 733 734 751 750 1022 1023 1040 1039
12 734 735 752 751 1023 1024 1041 1040
12 735 736 753 752 1024 1025 1042 1041
12 736 737 754 753 1025 1026 1043 1042
12 737 738 755 754 1026 1027 1044 1043
12 738 739 756 755 1027 1028 1045 1044
12 739 740 757 756 1028 1029 1046 1045
12 740 741 758 757 1029 1030 1047 1046
12 741 742 759 758 1030 1031 1048 1047
12 742 743 760 759 1031 1032 1049 1048
12 743 744 761 760 1032 1033 1050 1049
12 744 745 762 761 1033 1034 1051 1050
12 745 746 763 762 1034 1035 1052 1051
12 746 747 764 763 1035 1036 1053 1052
12 748 749 766 765 1037 1038 1055 1054
12 749 750 767 766 1038 1039 1056 1055
12 750 751 768 767 1039 1040 1057 1056
12 751 752 769 768 1040 1041 1058 1057
12 752 753 770 769 1041 1042 1059 1058
12 753 754 771 770 1042 1043 1060 1059
12 754 755 772 771 1043 1044 1061 1060
12 755 756 773 772 1044 1045 1062 1061
12 756 757 774 773 1045 1046 1063 1062
12 757 758 775 774 1046 1047 1064 1063
12 758 759 776 775 1047 1048 1065 1064
12 759 760 777 776 1048 1049 1066 1065
12 760 761 778 777 1049 1050 1067 1066
12 761 762 779 778 1050 1051 1068 1067
12 762 763 780 779 1051 1052 1069 1068
12 763 764 781 780 1052 1053 1070 1069
12 765 766 783 782 1054 1055 1072 1071
12 766 767 784 783 1055 1056 1073 1072
12 767 768 785 784 1056 1057 1074 1073
12 768 769 786 785 1057 1058 1075 1074
12 769 770 787 786 1058 1059 1076 1075
12 770 771 788 787 1059 1060 1077 1076
12 771 772 789 788 1060 1061 1078 1077
12 772 773 790 789 1061 1062 1079 1078
12 773 774 791 790 1062 1063 1080 1079
12 774 775 792 791 1063 1064 1081 1080
12 775 776 793 792 1064 1065 1082 1081
12 776 777 794 793 1065 1066 1083 1082
12 777 778 795 794 1066 1067 1084 1083
12 778 779 796 795 1067 1068 1085 1084
12 779 780 797 796 1068 1069 1086 1085
12 780 781 798 797 1069 1070 1087 1086
12 782 783 800 799 1071 1072 1089 1088
12 783 784 801 800 1072 1073 1090 1089
12 784 785 802 801 1073 1074 1091 1090
12 785 786 803 802 1074 1075 1092 1091
12 786 787 804 803 1075 1076 1093 1092
12 787 788 805 804 1076 1077 1094 1093
12 788 789 806 805 1077 1078 1095 1094
12 789 790 807 806 1078 1079 1096 1095
12 790 791 808 807 1079 1080 1097 1096
12 791 792 809 808 1080 1081 1098 1097
12 792 793 810 809 1081 1082 1099 1098
12 793 794 811 810 1082 1083 1100 1099
12 794 795 812 811 1083 1084 1101 1100
12 795 796 813 812 1084 1085 1102 1101
12 796 797 814 813 1085 1086 1103 1102
12 797 798 815 814 1086 1087 1104 1103
12 799 800 817 816 1088 1089 1106 1105
12 800 801 818 817 1089 1090 1107 1106
12 801 802 819 818 1090 1091 1108 1107
12 802 803 820 819 1091 1092 1109 1108
12 803 804 821 820 1092 1093 1110 1109
12 804 805 822 821 1093 1094 1111 1110
12 805 806 823 822 1094 1095 1112 1111
12 806 807 824 823 1095 1096 1113 1112
12 807 808 825 824 1096 1097 1114 1113
12 808 809 826 825 1097 1098 1115 1114
12 809 810 827 826 1098 1099 1116 1115
12 810 811 828 827 1099 1100 1117 1116
12 811 812 829 828 1100 1101 1118 1117
12 812 813 830 829 1101 1102 1119 1118
12 813 814 831 830 1102 1103 1120 1119
12 814 815 832 831 1103 1104 1121 1120
12 816 817 834 833 1105 1106 1123 1122
12 817 818 835 834 1106 1107 1124 1123
12 818 819 836 835 1107 1108 1125 1124
12 819 820 837 836 1108 1109 1126 1125
12 820 821 838 837 1109 1110 1127 1126
12 821 822 839 838 1110 1111 1128 1127
12 822 823 840 839 1111 1112 1129 1128
12 823 824 841 840 1112 1113 1130 1129
12 824 825 842 841 1113 1114 1131 1130
12 825 826 843 842 1114 1115 1132 1131
12 826 827 844 843 1115 1116 1133 1132
12 827 828 845 844 1116 1117 1134 1133
12 828 829 846 845 1117 1118 1135 1134
12 829 830 847 846 1118 1119 1136 1135
12 830 831 848 847 1119 1120 1137 1136
12 831 832 849 848 1120 1121 1138 1137
12 833 834 851 850 1122 1123 1140 1139
12 834 835 852 851 1123 1124 1141 1140
12 835 836 853 852 1124 1125 1142 1141
12 836 837 854 853 1125 1126 1143 1142
12 837 838 855 854 1126 1127 1144 1143
12 838 839 856 855 1127 1128 1145 1144
12 839 840 857 856 1128 1129 1146 1145
12 840 841 858 857 1129 1130 1147 1146
12 841 842 859 858 1130 1131 1148 1147
12 842 843 860 859 1131 1132 1149 1148
12 843 844 861 860 1132 1133 1150 1149
12 844 845 862 861 1133 1134 1151 1150
12 845 846 863 862 1134 1135 1152 1151
12 846 847 864 863 1135 1136 1153 1152
12 847 848 865 864 1136 1137 1154 1153
12 848 849 866 865 1137 1138 1155 1154
12 867 868 885 884 1156 1157 1174 1173
12 868 869 886 885 1157 1158 1175 1174
12 869 870 887 886 1158 1159 1176 1175
12 870 871 888 887 1159 1160 1177 1176
12 871 872 889 888 1160 1161 1178 1177
12 872 873 890 889 1161 1162 1179 1178
12 873 874 891 890 1162 1163 1180 1179
12 874 875 892 891 1163 1164 1181 1180
12 875 876 893 892 1164 1165 1182 1181
12 876 877 894 893 1165 1166 1183 1182
12 877 878 895 894 1166 1167 1184 1183
12 878 879 896 895 1167 1168 1185 1184
12 879 880 897 896 1168 1169 1186 1185
12 880 881 898 897 1169 1170 1187 1186
12 881 882 899 898 1170 1171 1188 1187
12 882 883 900 899 1171 1172 1189 1188
12 884 885 902 901 1173 1174 1191 1190
12 885 886 903 902 1174 1175 1192 1191
12 886 887 904 903 1175 1176 1193 1192
12 887 888 905 904 1176 1177 1194 1193
12 888 889 906 905 1177 1178 1195 1194
12 889 890 907 906 1178 1179 1196 1195
12 890 891 908 907 1179 1180 1197 1196
12 891 892 909 908 1180 1181 1198 1197
12 892 893 910 909 1181 1182 1199 1198
12 893 894 911 910 1182 1183 1200 1199
12 894 895 912 911 1183 1184 1201 1200
12 895 896 913 912 1184 1185 1202 1201
12 896 897 914 913 1185 1186 1203 1202
12 897 898 915 914 1186 1187 1204 1203
12 898 899 916 915 1187 1188 1205 1204
12 899 900 917 916 1188 1189 1206 1205
12 901 902 919 918 1190 1191 1208 1207
12 902 903 920 919 1191 1192 1209 1208
12 903 904 921 920 1192 1193 1210 1209
12 904 905 922 921 1193 1194 1211 1210
12 905 906 923 922 1194 1195 1212 1211
12 906 907 924 923 1195 1196 1213 1212
12 907 908 925 924 1196 1197 1214 1213
12 908 909 926 925 1197 1198 1215 1214
12 909 910 927 926 1198 1199 1216 1215
12 910 911 928 927 1199 1200 1217 1216
12 911 912 929 928 1200 1201 1218 1217
12 912 913 930 929 1201 1202 1219 1218
12 913 914 931 930 1202 1203 1220 1219
12 914 915 932 931 1203 1204 1221 1220
12 915 916 933 932 1204 1205 1222 1221
12 916 917 934 933 1205 1206 1223 1222
12 918 919 936 935 1207 1208 1225 1224
12 919 920 937 936 1208 1209 1226 1225
12 920 921 938 937 1209 1210 1227 1226
12 921 922 939 938 1210 1211 1228 1227
12 922 923 940 939 1211 1212 1229 1228
12 923 924 941 940 1212 1213 1230 1229
12 924 925 942 941 1213 1214 1231 1230
12 925 926 943 942 1214 1215 1232 1231
12 926 927 944 943 1215 1216 1233 1232
12 927 928 945 944 1216 1217 1234 1233
12 928 929 946 945 1217 1218 1235 1234
12 929 930 947 946 1218 1219 1236 1235
12 930 931 948 947 1219 1220 1237 1236
12 931 932 949 948 1220 1221 1238 1237
12 932 933 950 949 1221 1222 1239 1238
12 933 934 951 950 1222 1223 1240 1239
12 935 936 953 952 1224 1225 1242 1241
12 936 937 954 953 1225 1226 1243 1242
12 937 938 955 954 1226 1227 1244 1243
12 938 939 956 955 1227 1228 1245 1244
12 939 940 957 956 1228 1229 1246 1245
12 940 941 958 957 1229 1230 1247 1246
12 941 942 959 958 1230 1231 1248 1247
12 942 943 960 959 1231 1232 1249 1248
12 943 944 961 960 1232 1233 1250 1249
12 944 945 962 961 1233 1234 1251 1250
12 945 946 963 962 1234 1235 1252 1251
12 946 947 964 963 1235 1236 1253 1252
12 947 948 965 964 1236 1237 1254 1253
12 948 949 966 965 1237 1238 1255 1254
12 949 950 967 966 1238 1239 1256 1255
12 950 951 968 967 1239 1240 1257 1256
12 952 953 970 969 1241 1242 1259 1258
12 953 954 971 970 1242 1243 1260 1259
12 954 955 972 971 1243 1244 1261 1260
12 955 956 973 972 1244 1245 1262 1261
12 956 957 974 973 1245 1246 1263 1262
12 957 958 975 974 1246 1247 1264 1263
12 958 959 976 975 1247 1248 1265 1264
12 959 960 977 976 1248 1249 1266 1265
12 960 961 978 977 1249 1250 1267 1266
12 961 962 979 978 1250 1251 1268 1267
12 962 963 980 979 1251 1252 1269 1268
12 963 964 981 980 1252 1253 1270 1269
12 964 965 982 981 1253 1254 1271 1270
12 965 966 983 982 1254 1255 1272 1271
12 966 967 984 983 1255 1256 1273 1272
12 967 968 985 984 1256 1257 1274 1273
12 969 970 987 986 1258 1259 1276 1275
12 970 971 988 987 1259 1260 1277 1276
12 971 972 989 988 1260 1261 1278 1277
12 972 973 990 989 1261 1262 1279 1278
12 973 974 991 990 1262 1263 1280 1279
12 974 975 992 991 1263 1264 1281 1280
12 975 976 993 992 1264 1265 1282 1281
12 976 977 994 993 1265 1266 1283 1282
12 977 978 995 994 1266 1267 1284 1283
12 978 979 996 995 1267 1268 1285 1284
12 979 980 997 996 1268 1269 1286 1285
12 980 981 998 997 1269 1270 1287 1286
12 981 982 999 998 1270 1271 1288 1287
12 982 983 1000 999 1271 1272 1289 1288
12 983 984 1001 1000 1272 1273 1290 1289
12 984 985 1002 1001 1273 1274 1291 1290
12 986 987 1004 1003 1275 1276 1293 1292
12 987 988 1005 1004 1276 1277 1294 1293
12 988 989 1006 1005 1277 1278 1295 1294
12 989 990 1007 1006 1278 1279 1296 1295
12 990 991 1008 1007 1279 1280 1297 1296
12 991 992 1009 1008 1280 1281 1298 1297
12 992 993 1010 1009 1281 1282 1299 1298
12 993 994 1011 1010 1282 1283 1300 1299
12 994 995 1012 1011 1283 1284 1301 1300
12 995 996 1013 1012 1284 1285 1302 1301
12 996 997 1014 1013 1285 1286 1303 1302
12 997 998 1015 1014 1286 1287 1304 1303
12 998 999 1016 1015 1287 1288 1305 1304
12 999 1000 1017 1016 1288 1289 1306 1305
12 1000 1001 1018 1017 1289 1290 1307 1306
12 1001 1002 1019 1018 1290 1291 1308 1307
12 1003 1004 1021 1020 1292 1293 1310 1309
12 1004 1005 1022 1021 1293 1294 1311 1310
12 1005 1006 1023 1022 1294 1295 1312 1311
12 1006 1007 1024 1023 1295 1296 1313 1312
12 1007 1008 1025 1024 1296 1297 1314 1313
12 1008 1009 1026 1025 1297 1298 1315 1314
12 1009 1010 1027 1026 1298 1299 1316 1315
12 1010 1011 1028 1027 1299 1300 1317 1316
12 1011 1012 1029 1028 1300 1301 1318 1317
12 1012 1013 1030 1029 1301 1302 1319 1318
12 1013 1014 1031 1030 1302 1303 1320 1319
12 1014 1015 1032 1031 1303 1304 1321 1320
12 1015 1016 1033 1032 1304 1305 1322 1321
12 1016 1017 1034 1033 1305 1306 1323 1322
12 1017 1018 1035 1034 1306 1307 1324 1323
12 1018 1019 1036 1035 1307 1308 1325 1324
12 1020 1021 1038 1037 1309 1310 1327 1326
12 1021 1022 1039 1038 1310 1311 1328 1327
12 1022 1023 1040 1039 1311 1312 1329 1328
12 1023 1024 1041 1040 1312 1313 1330 1329
12 1024 1025 1042 1041 1313 1314 1331 1330
12 1025 1026 1043 1042 1314 1315 1332 1331
12 1026 1027 1044 1043 1315 1316 1333 1332
12 1027 1028 1045 1044 1316 1317 1334 1333
12 1028 1029 1046 1045 1317 1318 1335 1334
12 1029 1030 1047 1046 1318 1319 1336 1335
12 1030 1031 1048 1047 1319 1320 1337 1336
12 1031 1032 1049 1048 1320 1321 1338 1337
12 1032 1033 1050 1049 1321 1322 1339 1338
12 1033 1034 1051 1050 1322 1323 1340 1339
12 1034 1035 1052 1051 1323 1324 1341 1340
12 1035 1036 1053 1052 1324 1325 1342 1341
12 1037 1038 1055 1054 1326 1327 1344 1343
12 1038 1039 1056 1055 1327 1328 1345 1344
12 1039 1040 1057 1056 1328 1329 1346 1345
12 1040 1041 1058 1057 1329 1330 1347 1346
12 1041 1042 1059 1058 1330 1331 1348 1347
12 1042 1043 1060 1059 1331 1332 1349 1348
12 1043 1044 1061 1060 1332 1333 1350 1349
12 1044 1045 1062 1061 1333 1334 1351 1350
12 1045 1046 1063 1062 1334 1335 1352 1351
12 1046 1047 1064 1063 1335 1336 1353 1352
12 1047 1048 1065 1064 1336 1337 1354 1353
12 1048 1049 1066 1065 1337 1338 1355 1354
12 1049 1050 1067 1066 1338 1339 1356 1355
12 1050 1051 1068 1067 1339 1340 1357 1356
12 1051 1052 1069 1068 1340 1341 1358 1357
12 1052 1053 1070 1069 1341 1342 1359 1358
12 1054 1055 1072 1071 1343 1344 1361 1360
12 1055 1056 1073 1072 1344 1345 1362 1361
12 1056 1057 1074 1073 1345 1346 1363 1362
12 1057 1058 1075 1074 1346 1347 1364 1363
12 1058 1059 1076 1075 1347 1348 1365 1364
12 1059 1060 1077 1076 1348 1349 1366 1365
12 1060 1061 1078 1077 1349 1350 1367 1366
12 1061 1062 1079 1078 1350 1351 1368 1367
12 1062 1063 1080 1079 1351 1352 1369 1368
12 1063 1064 1081 1080 1352 1353 1370 1369
12 1064 1065 1082 1081 1353 1354 1371 1370
12 1065 1066 1083 1082 1354 1355 1372 1371
12 1066 1067 1084 1083 1355 1356 1373 1372
12 1067 1068 1085 1084 1356 1357 1374 1373
12 1068 1069 1086 1085 1357 1358 1375 1374
12 1069 1070 1087 1086 1358 1359 1376 1375
12 1071 1072 1089 1088 1360 1361 1378 1377
12 1072 1073 1090 1089 1361 1362 1379 1378
12 1073 1074 1091 1090 1362 1363 1380 1379
12 1074 1075 1092 1091 1363 1364 1381 1380
12 1075 1076 1093 1092 1364 1365 1382 1381
12 1076 1077 1094 1093 1365 1366 1383 1382
12 1077 1078 1095 1094 1366 1367 1384 1383
12 1078 1079 1096 1095 1367 1368 1385 1384
12 1079 1080 1097 1096 1368 1369 1386 1385
12 1080 1081 1098 1097 1369 1370 1387 1386
12 1081 1082 1099 1098 1370 1371 1388 1387
12 1082 1083 1100 1099 1371 1372 1389 1388
12 1083 1084 1101 1100 1372 1373 1390 1389
12 1084 1085 1102 1101 1373 1374 1391 1390
12 1085 1086 1103 1102 1374 1375 1392 1391
12 1086 1087 1104 1103 1375 1376 1393 1392
12 1088 1089 1106 1105 1377 1378 1395 1394
12 1089 1090 1107 1106 1378 1379 1396 1395
12 1090 1091 1108 1107 1379 1380 1397 1396
12 1091 1092 1109 1108 1380 1381 1398 1397
12 1092 1093 1110 1109 1381 1382 1399 1398
12 1093 1094 1111 1110 1382 1383 1400 1399
12 1094 1095 1112 1111 1383 1384 1401 1400
12 1095 1096 1113 1112 1384 1385 1402 1401
12 1096 1097 1114 1113 1385 1386 1403 1402
12 1097 1098 1115 1114 1386 1387 1404 1403
12 1098 1099 1116 1115 1387 1388 1405 1404
12 1099 1100 1117 1116 1388 1389 1406 1405
12 1100 1101 1118 1117 1389 1390 1407 1406
12 1101 1102 1119 1118 1390 1391 1408 1407
12 1102 1103 1120 1119 1391 1392 1409 1408
12 1103 1104 1121 1120 1392 1393 1410 1409
12 1105 1106 1123 1122 1394 1395 1412 1411
12 1106 1107 1124 1123 1395 1396 1413 1412
12 1107 1108 1125 1124 1396 1397 1414 1413
12 1108 1109 1126 1125 1397 1398 1415 1414
12 1109 1110 1127 1126 1398 1399 1416 1415
12 1110 1111 1128 1127 1399 1400 1417 1416
12 1111 1112 1129 1128 1400 1401 1418 1417
12 1112 1113 1130 1129 1401 1402 1419 1418
12 1113 1114 1131 1130 1402 1403 1420 1419
12 1114 1115 1132 1131 1403 1404 1421 1420
12 1115 1116 1133 1132 1404 1405 1422 1421
12 1116 1117 1134 1133 1405 1406 1423 1422
12 1117 1118 1135 1134 1406 1407 1424 1423
12 1118 1119 1136 1135 1407 1408 1425 1424
12 1119 1120 1137 1136 1408 1409 1426 1425
12 1120 1121 1138 1137 1409 1410 1427 1426
12 1122 1123 1140 1139 1411 1412 1429 1428
12 1123 1124 1141 1140 1412 1413 1430 1429
12 1124 1125 1142 1141 1413 1414 1431 1430
12 1125 1126 1143 1142 1414 1415 1432 1431
12 1126 1127 1144 1143 1415 1416 1433 1432
12 1127 1128 1145 1144 1416 1417 1434 1433
12 1128 1129 1146 1145 1417 1418 1435 1434
12 1129 1130 1147 1146 1418 1419 1436 1435
12 1130 1131 1148 1147 1419 1420 1437 1436
12 1131 1132 1149 1148 1420 1421 1438 1437
12 1132 1133 1150 1149 1421 1422 1439 1438
12 1133 1134 1151 1150 1422 1423 1440 1439
12 1134 1135 1152 1151 1423 1424 1441 1440
12 1135 1136 1153 1152 1424 1425 1442 1441
12 1136 1137 1154 1153 1425 1426 1443 1442
12 1137 1138 1155 1154 1426 1427 1444 1443
12 1156 1157 1174 1173 1445 1446 1463 1462
12 1157 1158 1175 1174 1446 1447 1464 1463
12 1158 1159 1176 1175 1447 1448 1465 1464
12 1159 1160 1177 1176 1448 1449 1466 1465
12 1160 1161 1178 1177 1449 1450 1467 1466
12 1161 1162 1179 1178 1450 1451 1468 1467
12 1162 1163 1180 1179 1451 1452 1469 1468
12 1163 1164 1181 1180 1452 1453 1470 1469
12 1164 1165 1182 1181 1453 1454 1471 1470
12 1165 1166 1183 1182 1454 1455 1472 1471
12 1166 1167 1184 1183 1455 1456 1473 1472
12 1167 1168 1185 1184 1456 1457 1474 1473
12 1168 1169 1186 1185 1457 1458 1475 1474
12 1169 1170 1187 1186 1458 1459 1476 1475
12 1170 1171 1188 1187 1459 1460 1477 1476
12 1171 1172 1189 1188 1460 1461 1478 1477
12 1173 1174 1191 1190 1462 1463 1480 1479
12 1174 1175 1192 1191 1463 1464 1481 1480
12 1175 1176 1193 1192 1464 1465 1482 1481
12 1176 1177 1194 1193 1465 1466 1483 1482
12 1177 1178 1195 1194 1466 1467 1484 1483
12 1178 1179 1196 1195 1467 1468 1485 1484
12 1179 1180 1197 1196 1468 1469 1486 1485
12 1180 1181 1198 1197 1469 1470 1487 1486
12 1181 1182 1199 1198 1470 1471 1488 1487
12 1182 1183 1200 1199 1471 1472 1489 1488
12 1183 1184 1201 1200 1472 1473 1490 1489
12 1184 1185 1202 1201 1473 1474 1491 1490
12 1185 1186 1203 1202 1474 1475 1492 1491
12 1186 1187 1204 1203 1475 1476 1493 1492
12 1187 1188 1205 1204 1476 1477 1494 1493
12 1188 1189 1206 1205 1477 1478 1495 1494
12 1190 1191 1208 1207 1479 1480 1497 1496
12 1191 1192 1209 1208 1480 1481 1498 1497
12 1192 1193 1210 1209 1481 1482 1499 1498
12 1193 1194 1211 1210 1482 1483 1500 1499
12 1194 1195 1212 1211 1483 1484 1501 1500
12 1195 1196 1213 1212 1484 1485 1502 1501
12 1196 1197 1214 1213 1485 1486 1503 1502
12 1197 1198 1215 1214 1486 1487 1504 1503
12 1198 1199 1216 1215 1487 1488 1505 1504
12 1199 1200 1217 1216 1488 1489 1506 1505
12 1200 1201 1218 1217 1489 1490 1507 1506
12 1201 1202 1219 1218 1490 1491 1508 1507
12 1202 1203 1220 1219 1491 1492 1509 1508
12 1203 1204 1221 1220 1492 1493 1510 1509
12 1204 1205 1222 1221 1493 1494 1511 1510
12 1205 1206 1223 1222 1494 1495 1512 1511
12 1207 1208 1225 1224 1496 1497 1514 1513
12 1208 1209 1226 1225 1497 1498 1515 1514
12 1209 1210 1227 1226 1498 1499 1516 1515
12 1210 1211 1228 1227 1499 1500 1517 1516
12 1211 1212 1229 1228 1500 1501 1518 1517
12 1212 1213 1230 1229 1501 1502 1519 1518
12 1213 1214 1231 1230 1502 1503 1520 1519
12 1214 1215 1232 1231 1503 1504 1521 1520
12 1215 1216 1233 1232 1504 1505 1522 1521
12 1216 1217 1234 1233 1505 1506 1523 1522
12 1217 1218 1235 1234 1506 1507 1524 1523
12 1218 1219 1236 1235 1507 1508 1525 1524
12 1219 1220 1237 1236 1508 1509 1526 1525
12 1220 1221 1238 1237 1509 1510 1527 1526
12 1221 1222 1239 1238 1510 1511 1528 1527
12 1222 1223 1240 1239 1511 1512 1529 1528
12 1224 1225 1242 1241 1513 1514 1531 1530
12 1225 1226 1243 1242 1514 1515 1532 1531
12 1226 1227 1244 1243 1515 1516 1533 1532
12 1227 1228 1245 1244 1516 1517 1534 1533
12 1228 1229 1246 1245 1517 1518 1535 1534
12 1229 1230 1247 1246 1518 1519 1536 1535
12 1230 1231 1248 1247 1519 1520 1537 1536
12 1231 1232 1249 1248 1520 1521 1538 1537
12 1232 1233 1250 1249 1521 1522 1539 1538
12 1233 1234 1251 1250 1522 1523 1540 1539
12 1234 1235 1252 1251 1523 1524 1541 1540
12 1235 1236 1253 1252 1524 1525 1542 1541
12 1236 1237 1254 1253 1525 1526 1543 1542
12 1237 1238 1255 1254 1526 1527 1544 1543
12 1238 1239 1256 1255 1527 1528 1545 1544
12 1239 1240 1257 1256 1528 1529 1546 1545
12 1241 1242 1259 1258 1530 1531 1548 1547
12 1242 1243 1260 1259 1531 1532 1549 1548
12 1243 1244 1261 1260 1532 1533 1550 1549
12 1244 1245 1262 1261 1533 1534 1551 1550
12 1245 1246 1263 1262 1534 1535 1552 1551
12 1246 1247 1264 1263 1535 1536 1553 1552
12 1247 1248 1265 1264 1536 1537 1554 1553
12 1248 1249 1266 1265 1537 1538 1555 1554
12 1249 1250 1267 1266 1538 1539 1556 1555
12 1250 1251 1268 1267 1539 1540 1557 1556
12 1251 1252 1269 1268 1540 1541 1558 1557
12 1252 1253 1270 1269 1541 1542 1559 1558
12 1253 1254 1271 1270 1542 1543 1560 1559
12 1254 1255 1272 1271 1543 1544 1561 1560
12 1255 1256 1273 1272 1544 1545 1562 1561
12 1256 1257 1274 1273 1545 1546 1563 1562
12 1258 1259 1276 1275 1547 1548 1565 1564
12 1259 1260 1277 1276 1548 1549 1566 1565
12 1260 1261 1278 1277 1549 1550 1567 1566
12 1261 1262 1279 1278 1550 1551 1568 1567
12 1262 1263 1280 1279 1551 1552 1569 1568
12 1263 1264 1281 1280 1552 1553 1570 1569
12 1264 1265 1282 1281 1553 1554 1571 1570
12 1265 1266 1283 1282 1554 1555 1572 1571
12 1266 1267 1284 1283 1555 1556 1573 1572
12 1267 1268 1285 1284 1556 1557 1574 1573
12 1268 1269 1286 1285 1557 1558 1575 1574
12 1269 1270 1287 1286 1558 1559 1576 1575
12 1270 1271 1288 1287 1559 1560 1577 1576
12 1271 1272 1289 1288 1560 1561 1578 1577
12 1272 1273 1290 1289 1561 1562 1579 1578
12 1273 1274 1291 1290 1562 1563 1580 1579
12 1275 1276 1293 1292 1564 1565 1582 1581
12 1276 1277 1294 1293 1565 1566 1583 1582
12 1277 1278 1295 1294 1566 1567 1584 1583
12 1278 1279 1296 1295 1567 1568 1585 1584
12 1279 1280 1297 1296 1568 1569 1586 1585
12 1280 1281 1298 1297 1569 1570 1587 1586
12 1281 1282 1299 1298 1570 1571 1588 1587
12 1282 1283 1300 1299 1571 1572 1589 1588
12 1283 1284 1301 1300 1572 1573 1590 1589
12 1284 1285 1302 1301 1573 1574 1591 1590
12 1285 1286 1303 1302 1574 1575 1592 1591
12 1286 1287 1304 1303 1575 1576 1593 1592
12 1287 1288 1305 1304 1576 1577 1594 1593
12 1288 1289 1306 1305 1577 1578 1595 1594
12 1289 1290 1307 1306 1578 1579 1596 1595
12 1290 1291 1308 1307 1579 1580 1597 1596
12 1292 1293 1310 1309 1581 1582 1599 1598
12 1293 1294 1311 1310 1582 1583 1600 1599
12 1294 1295 1312 1311 1583 1584 1601 1600
12 1295 1296 1313 1312 1584 1585 1602 1601
12 1296 1297 1314 1313 1585 1586 1603 1602
12 1297 1298 1315 1314 1586 1587 1604 1603
12 1298 1299 1316 1315 1587 1588 1605 1604
12 1299 1300 1317 1316 1588 1589 1606 1605
12 1300 1301 1318 1317 1589 1590 1607 1606
12 1301 1302 1319 1318 1590 1591 1608 1607
12 1302 1303 1320 1319 1591 1592 1609 1608
12 1303 1304 1321 1320 1592 1593 1610 1609
12 1304 1305 1322 1321 1593 1594 1611 1610
12 1305 1306 1323 1322 1594 1595 1612 1611
12 1306 1307 1324 1323 1595 1596 1613 1612
12 1307 1308 1325 1324 1596 1597 1614 1613
12 1309 1310 1327 1326 1598 1599 1616 1615
12 1310 1311 1328 1327 1599 1600 1617 1616
12 1311 1312 1329 1328 1600 1601 1618 1617
12 1312 1313 1330 1329 1601 1602 1619 1618
12 1313 1314 1331 1330 1602 1603 1620 1619
12 1314 1315 1332 1331 1603 1604 1621 1620
12 1315 1316 1333 1332 1604 1605 1622 1621
12 1316 1317 1334 1333 1605 1606 1623 1622
12 1317 1318 1335 1334 1606 1607 1624 1623
12 1318 1319 1336 1335 1607 1608 1625 1624
12 1319 1320 1337 1336 1608 1609 1626 1625
12 1320 1321 1338 1337 1609 1610 1627 1626
12 1321 1322 1339 1338 1610 1611 1628 1627
12 1322 1323 1340 1339 1611 1612 1629 1628
12 1323 1324 1341 1340 1612 1613 1630 1629
12 1324 1325 1342 1341 1613 1614 1631 1630
12 1326 1327 1344 1343 1615 1616 1633 1632
12 1327 1328 1345 1344 1616 1617 1634 1633
12 1328 1329 1346 1345 1617 1618 1635 1634
12 1329 1330 1347 1346 1618 1619 1636 1635
12 1330 1331 1348 1347 1619 1620 1637 1636
12 1331 1332 1349 1348 1620 1621 1638 1637
12 1332 1333 1350 1349 1621 1622 1639 1638
12 1333 1334 1351 1350 1622 1623 1640 1639
12 1334 1335 1352 1351 1623 1624 1641 1640
12 1335 1336 1353 1352 1624 1625 1642 1641
12 1336 1337 1354 1353 1625 1626 1643 1642
12 1337 1338 1355 1354 1626 1627 1644 1643
12 1338 1339 1356 1355 1627 1628 1645 1644
12 1339 1340 1357 1356 1628 1629 1646 1645
12 1340 1341 1358 1357 1629 1630 1647 1646
12 1341 1342 1359 1358 1630 1631 1648 1647
12 1343 1344 1361 1360 1632 1633 1650 1649
12 1344 1345 1362 1361 1633 1634 1651 1650
12 1345 1346 1363 1362 1634 1635 1652 1651
12 1346 1347 1364 1363 1635 1636 1653 1652
12 1347 1348 1365 1364 1636 1637 1654 1653
12 1348 1349 1366 1365 1637 1638 1655 1654
12 1349 1350 1367 1366 1638 1639 1656 1655
12 1350 1351 1368 1367 1639 1640 1657 1656
12 1351 1352 1369 1368 1640 1641 1658 1657
12 1352 1353 1370 1369 1641 1642 1659 1658
12 1353 1354 1371 1370 1642 1643 1660 1659
12 1354 1355 1372 1371 1643 1644 1661 1660
12 1355 1356 1373 1372 1644 1645 1662 1661
12 1356 1357 1374 1373 1645 1646 1663 1662
12 1357 1358 1375 1374 1646 1647 1664 1663
12 1358 1359 1376 1375 1647 1648 1665 1664
12 1360 1361 1378 1377 1649 1650 1667 1666
12 1361 1362 1379 1378 1650 1651 1668 1667
12 1362 1363 1380 1379 1651 1652 1669 1668
12 1363 1364 1381 1380 1652 1653 1670 1669
12 1364 1365 1382 1381 1653 1654 1671 1670
12 1365 1366 1383 1382 1654 1655 1672 1671
12 1366 1367 1384 1383 1655 1656 1673 1672
12 1367 1368 1385 1384 1656 1657 1674 1673
12 1368 1369 1386 1385 1657 1658 1675 1674
12 1369 1370 1387 1386 1658 1659 1676 1675
12 1370 1371 1388 1387 1659 1660 1677 1676
12 1371 1372 1389 1388 1660 1661 1678 1677
12 1372 1373 1390 1389 1661 1662 1679 1678
12 1373 1374 1391 1390 1662 1663 1680 1679
12 1374 1375 1392 1391 1663 1664 1681 1680
12 1375 1376 1393 1392 1664 1665 1682 1681
12 1377 1378 1395 1394 1666 1667 1684 1683
12 1378 1379 1396 1395 1667 1668 1685 1684
12 1379 1380 1397 1396 1668 1669 1686 1685
12 1380 1381 1398 1397 1669 1670 1687 1686
12 1381 1382 1399 1398 1670 1671 1688 1687
12 1382 1383 1400 1399 1671 1672 1689 1688
12 1383 1384 1401 1400 1672 1673 1690 1689
12 1384 1385 1402 1401 1673 1674 1691 1690
12 1385 1386 1403 1402 1674 1675 1692 1691
12 1386 1387 1404 1403 1675 1676 1693 1692
12 1387 1388 1405 1404 1676 1677 1694 1693
12 1388 1389 1406 1405 1677 1678 1695 1694
12 1389 1390 1407 1406 1678 1679 1696 1695
12 1390 1391 1408 1407 1679 1680 1697 1696
12 1391 1392 1409 1408 1680 1681 1698 1697
12 1392 1393 1410 1409 1681 1682 1699 1698
12 1394 1395 1412 1411 1683 1684 1701 1700
12 1395 1396 1413 1412 1684 1685 1702 1701
12 1396 1397 1414 1413 1685 1686 1703 1702
12 1397 1398 1415 1414 1686 1687 1704 1703
12 1398 1399 1416 1415 1687 1688 1705 1704
12 1399 1400 1417 1416 1688 1689 1706 1705
12 1400 1401 1418 1417 1689 1690 1707 1706
12 1401 1402 1419 1418 1690 1691 1708 1707
12 1402 1403 1420 1419 1691 1692 1709 1708
12 1403 1404 1421 1420 1692 1693 1710 1709
12 1404 1405 1422 1421 1693 1694 1711 1710
12 1405 1406 1423 1422 1694 1695 1712 1711
12 1406 1407 1424 1423 1695 1696 1713 1712
12 1407 1408 1425 1424 1696 1697 1714 1713
12 1408 1409 1426 1425 1697 1698 1715 1714
12 1409 1410 1427 1426 1698 1699 1716 1715
12 1411 1412 1429 1428 1700 1701 1718 1717
12 1412 1413 1430 1429 1701 1702 1719 1718
12 1413 1414 1431 1430 1702 1703 1720 1719
12 1414 1415 1432 1431 1703 1704 1721 1720
12 1415 1416 1433 1432 1704 1705 1722 1721
12 1416 1417 1434 1433 1705 1706 1723 1722
12 1417 1418 1435 1434 1706 1707 1724 1723
12 1418 1419 1436 1435 1707 1708 1725 1724
12 1419 1420 1437 1436 1708 1709 1726 1725
12 1420 1421 1438 1437 1709 1710 1727 1726
12 1421 1422 1439 1438 1710 1711 1728 1727
12 1422 1423 1440 1439 1711 1712 1729 1728
12 1423 1424 1441 1440 1712 1713 1730 1729
12 1424 1425 1442 1441 1713 1714 1731 1730
12 1425 1426 1443 1442 1714 1715 1732 1731
12 1426 1427 1444 1443 1715 1716 1733 1732
12 1445 1446 1463 1462 1734 1735 1752 1751
12 1446 1447 1464 1463 1735 1736 1753 1752
12 1447 1448 1465 1464 1736 1737 1754 1753
12 1448 1449 1466 1465 1737 1738 1755 1754
12 1449 1450 1467 1466 1738 1739 1756 1755
12 1450 1451 1468 1467 1739 1740 1757 1756
12 1451 1452 1469 1468 1740 1741 1758 1757
12 1452 1453 1470 1469 1741 1742 1759 1758
12 1453 1454 1471 1470 1742 1743 1760 1759
12 1454 1455 1472 1471 1743 1744 1761 1760
12 1455 1456 1473 1472 1744 1745 1762 1761
12 1456 1457 1474 1473 1745 1746 1763 1762
12 1457 1458 1475 1474 1746 1747 1764 1763
12 1458 1459 1476 1475 1747 1748 1765 1764
12 1459 1460 1477 1476 1748 1749 1766 1765
12 1460 1461 1478 1477 1749 1750 1767 1766
12 1462 1463 1480 1479 1751 1752 1769 1768
12 1463 1464 1481 1480 1752 1753 1770 1769
12 1464 1465 1482 1481 1753 1754 1771 1770
12 1465 1466 1483 1482 1754 1755 1772 1771
12 1466 1467 1484 1483 1755 1756 1773 1772
12 1467 1468 1485 1484 1756 1757 1774 1773
12 1468 1469 1486 1485 1757 1758 1775 1774
12 1469 1470 1487 1486 1758 1759 1776 1775
12 1470 1471 1488 1487 1759 1760 1777 1776
12 1471 1472 1489 1488 1760 1761 1778 1777
12 1472 1473 1490 1489 1761 1762 1779 1778
12 1473 1474 1491 1490 1762 1763 1780 1779
12 1474 1475 1492 1491 1763 1764 1781 1780
12 1475 1476 1493 1492 1764 1765 1782 1781
12 1476 1477 1494 1493 1765 1766 1783 1782
12 1477 1478 1495 1494 1766 1767 1784 1783
12 1479 1480 1497 1496 1768 1769 1786 1785
12 1480 1481 1498 1497 1769 1770 1787 1786
12 1481 1482 1499 1498 1770 1771 1788 1787
12 1482 1483 1500 1499 1771 1772 1789 1788
12 1483 1484 1501 1500 1772 1773 1790 1789
12 1484 1485 1502 1501 1773 1774 1791 1790
12 1485 1486 1503 1502 1774 1775 1792 1791
12 1486 1487 1504 1503 1775 1776 1793 1792
12 1487 1488 1505 1504 1776 1777 1794 1793
12 1488 1489 1506 1505 1777 1778 1795 1794
12 1489 1490 1507 1506 1778 1779 1796 1795
12 1490 1491 1508 1507 1779 1780 1797 1796
12 1491 1492 1509 1508 1780 1781 1798 1797
12 1492 1493 1510 1509 1781 1782 1799 1798
12 1493 1494 1511 1510 1782 1783 1800 1799
12 1494 1495 1512 1511 1783 1784 1801 1800
12 1496 1497 1514 1513 1785 1786 1803 1802
12 1497 1498 1515 1514 1786 1787 1804 1803
12 1498 1499 1516 1515 1787 1788 1805 1804
12 1499 1500 1517 1516 1788 1789 1806 1805
12 1500 1501 1518 1517 1789 1790 1807 1806
12 1501 1502 1519 1518 1790 1791 1808 1807
12 1502 1503 1520 1519 1791 1792 1809 1808
12 1503 1504 1521 1520 1792 1793 1810 1809
12 1504 1505 1522 1521 1793 1794 1811 1810
12 1505 1506 1523 1522 1794 1795 1812 1811
12 1506 1507 1524 1523 1795 1796 1813 1812
12 1507 1508 1525 1524 1796 1797 1814 1813
12 1508 1509 1526 1525 1797 1798 1815 1814
12 1509 1510 1527 1526 1798 1799 1816 1815
12 1510 1511 1528 1527 1799 1800 1817 1816
12 1511 1512 1529 1528 1800 1801 1818 1817
12 1513 1514 1531 1530 1802 1803 1820 1819
12 1514 1515 1532 1531 1803 1804 1821 1820
12 1515 1516 1533 1532 1804 1805 1822 1821
12 1516 1517 1534 1533 1805 1806 1823 1822
12 1517 1518 1535 1534 1806 1807 1824 1823
12 1518 1519 1536 1535 1807 1808 1825 1824
12 1519 1520 1537 1536 1808 1809 1826 1825
12 1520 1521 1538 1537 1809 1810 1827 1826
12 1521 1522 1539 1538 1810 1811 1828 1827
12 1522 1523 1540 1539 1811 1812 1829 1828
12 1523 1524 1541 1540 1812 1813 1830 1829
12 1524 1525 1542 1541 1813 1814 1831 1830
12 1525 1526 1543 1542 1814 1815 1832 1831
12 1526 1527 1544 1543 1815 1816 1833 1832
12 1527 1528 1545 1544 1816 1817 1834 1833
12 1528 1529 1546 1545 1817 1818 1835 1834
12 1530 1531 1548 1547 1819 1820 1837 1836
12 1531 1532 1549 1548 1820 1821 1838 1837
12 1532 1533 1550 1549 1821 1822 1839 1838
12 1533 1534 1551 1550 1822 1823 1840 1839
12 1534 1535 1552 1551 1823 1824 1841 1840
12 1535 1536 1553 1552 1824 1825 1842 1841
12 1536 1537 1554 1553 1825 1826 1843 1842
12 1537 1538 1555 1554 1826 1827 1844 1843
12 1538 1539 1556 1555 1827 1828 1845 1844
12 1539 1540 1557 1556 1828 1829 1846 1845
12 1540 1541 1558 1557 1829 1830 1847 1846
12 1541 1542 1559 1558 1830 1831 1848 1847
12 1542 1543 1560 1559 1831 1832 1849 1848
12 1543 1544 1561 1560 1832 1833 1850 1849
12 1544 1545 1562 1561 1833 1834 1851 1850
12 1545 1546 1563 1562 1834 1835 1852 1851
12 1547 1548 1565 1564 1836 1837 1854 1853
12 1548 1549 1566 1565 1837 1838 1855 1854
12 1549 1550 1567 1566 1838 1839 1856 1855
12 1550 1551 1568 1567 1839 1840 1857 1856
12 1551 1552 1569 1568 1840 1841 1858 1857
12 1552 1553 1570 1569 1841 1842 1859 1858
12 1553 1554 1571 1570 1842 1843 1860 1859
12 1554 1555 1572 1571 1843 1844 1861 1860
12 1555 1556 1573 1572 1844 1845 1862 1861
12 1556 1557 1574 1573 1845 1846 1863 1862
12 1557 1558 1575 1574 1846 1847 1864 1863
12 1558 1559 1576 1575 1847 1848 1865 1864
12 1559 1560 1577 1576 1848 1849 1866 1865
12 1560 1561 1578 1577 1849 1850 1867 1866
12 1561 1562 1579 1578 1850 1851 1868 1867
12 1562 1563 1580 1579 1851 1852 1869 1868
12 1564 1565 1582 1581 1853 1854 1871 1870
12 1565 1566 1583 1582 1854 1855 1872 1871
12 1566 1567 1584 1583 1855 1856 1873 1872
12 1567 1568 1585 1584 1856 1857 1874 1873
12 1568 1569 1586 1585 1857 1858 1875 1874
12 1569 1570 1587 1586 1858 1859 1876 1875
12 1570 1571 1588 1587 1859 1860 1877 1876
12 1571 1572 1589 1588 1860 1861 1878 1877
12 1572 1573 1590 1589 1861 1862 1879 1878
12 1573 1574 1591 1590 1862 1863 1880 1879
12 1574 1575 1592 1591 1863 1864 1881 1880
12 1575 1576 1593 1592 1864 1865 1882 1881
12 1576 1577 1594 1593 1865 1866 1883 1882
12 1577 1578 1595 1594 1866 1867 1884 1883
12 1578 1579 1596 1595 1867 1868 1885 1884
12 1579 1580 1597 1596 1868 1869 1886 1885
12 1581 1582 1599 1598 1870 1871 1888 1887
12 1582 1583 1600 1599 1871 1872 1889 1888
12 1583 1584 1601 1600 1872 1873 1890 1889
12 1584 1585 1602 1601 1873 1874 1891 1890
12 1585 1586 1603 1602 1874 1875 1892 1891
12 1586 1587 1604 1603 1875 1876 1893 1892
12 1587 1588 1605 1604 1876 1877 1894 1893
12 1588 1589 1606 1605 1877 1878 1895 1894
12 1589 1590 1607 1606 1878 1879 1896 1895
12 1590 1591 1608 1607 1879 1880 1897 1896
12 1591 1592 1609 1608 1880 1881 1898 1897
12 1592 1593 1610 1609 1881 1882 1899 1898
12 1593 1594 1611 1610 1882 1883 1900 1899
12 1594 1595 1612 1611 1883 1884 1901 1900
12 1595 1596 1613 1612 1884 1885 1902 1901
12 1596 1597 1614 1613 1885 1886 1903 1902
12 1598 1599 1616 1615 1887 1888 1905 1904
12 1599 1600 1617 1616 1888 1889 1906 1905
12 1600 1601 1618 1617 1889 1890 1907 1906
12 1601 1602 1619 1618 1890 1891 1908 1907
12 1602 1603 1620 1619 1891 1892 1909 1908
12 1603 1604 1621 1620 1892 1893 1910 1909
12 1604 1605 1622 1621 1893 1894 1911 1910
12 1605 1606 1623 1622 1894 1895 1912 1911
12 1606 1607 1624 1623 1895 1896 1913 1912
12 1607 1608 1625 1624 1896 1897 1914 1913
12 1608 1609 1626 1625 1897 1898 1915 1914
12 1609 1610 1627 1626 1898 1899 1916 1915
12 1610 1611 1628 1627 1899 1900 1917 1916
12 1611 1612 1629 1628 1900 1901 1918 1917
12 1612 1613 1630 1629 1901 1902 1919 1918
12 1613 1614 1631 1630 1902 1903 1920 1919
12 1615 1616 1633 1632 1904 1905 1922 1921
12 1616 1617 1634 1633 1905 1906 1923 1922
12 1617 1618 1635 1634 1906 1907 1924 1923
12 1618 1619 1636 1635 1907 1908 1925 1924
12 1619 1620 1637 1636 1908 1909 1926 1925
12 1620 1621 1638 1637 1909 1910 1927 1926
12 1621 1622 1639 1638 1910 1911 1928 1927
12 1622 1623 1640 1639 1911 1912 1929 1928
12 1623 1624 1641 1640 1912 1913 1930 1929
12 1624 1625 1642 1641 1913 1914 1931 1930
12 1625 1626 1643 1642 1914 1915 1932 1931
12 1626 1627 1644 1643 1915 1916 1933 1932
12 1627 1628 1645 1644 1916 1917 1934 1933
12 1628 1629 1646 1645 1917 1918 1935 1934
12 1629 1630 1647 1646 1918 1919 1936 1935
12 1630 1631 1648 1647 1919 1920 1937 1936
12 1632 1633 1650 1649 1921 1922 1939 1938
12 1633 1634 1651 1650 1922 1923 1940 1939
12 1634 1635 1652 1651 1923 1924 1941 1940
12 1635 1636 1653 1652 1924 1925 1942 1941
12 1636 1637 1654 1653 1925 1926 1943 1942
12 1637 1638 1655 1654 1926 1927 1944 1943
12 1638 1639 1656 1655 1927 1928 1945 1944
12 1639 1640 1657 1656 1928 1929 1946 1945
12 1640 1641 1658 1657 1929 1930 1947 1946
12 1641 1642 1659 1658 1930 1931 1948 1947
12 1642 1643 1660 1659 1931 1932 1949 1948
12 1643 1644 1661 1660 1932 1933 1950 1949
12 1644 1645 1662 1661 1933 1934 1951 1950
12 1645 1646 1663 1662 1934 1935 1952 1951
12 1646 1647 1664 1663 1935 1936 1953 1952
12 1647 1648 1665 1664 1936 1937 1954 1953
12 1649 1650 1667 1666 1938 1939 1956 1955
12 1650 1651 1668 1667 1939 1940 1957 1956
12 1651 1652 1669 1668 1940 1941 1958 1957
12 1652 1653 1670 1669 1941 1942 1959 1958
12 1653 1654 1671 1670 1942 1943 1960 1959
12 1654 1655 1672 1671 1943 1944 1961 1960
12 1655 1656 1673 1672 1944 1945 1962 1961
12 1656 1657 1674 1673 1945 1946 1963 1962
12 1657 1658 1675 1674 1946 1947 1964 1963
12 1658 1659 1676 1675 1947 1948 1965 1964
12 1659 1660 1677 1676 1948 1949 1966 1965
12 1660 1661 1678 1677 1949 1950 1967 1966
12 1661 1662 1679 1678 1950 1951 1968 1967
12 1662 1663 1680 1679 1951 1952 1969 1968
12 1663 1664 1681 1680 1952 1953 1970 1969
12 1664 1665 1682 1681 1953 1954 1971 1970
12 1666 1667 1684 1683 1955 1956 1973 1972
12 1667 1668 1685 1684 1956 1957 1974 1973
12 1668 1669 1686 1685 1957 1958 1975 1974
12 1669 1670 1687 1686 1958 1959 1976 1975
12 1670 1671 1688 1687 1959 1960 1977 1976
12 1671 1672 1689 1688 1960 1961 1978 1977
12 1672 1673 1690 1689 1961 1962 1979 1978
12 1673 1674 1691 1690 1962 1963 1980 1979
12 1674 1675 1692 1691 1963 1964 1981 1980
12 1675 1676 1693 1692 1964 1965 1982 1981
12 1676 1677 1694 1693 1965 1966 1983 1982
12 1677 1678 1695 1694 1966 1967 1984 1983
12 1678 1679 1696 1695 1967 1968 1985 1984
12 1679 1680 1697 1696 1968 1969 1986 1985
12 1680 1681 1698 1697 1969 1970 1987 1986
12 1681 1682 1699 1698 1970 1971 1988 1987
12 1683 1684 1701 1700 1972 1973 1990 1989
12 1684 1685 1702 1701 1973 1974 1991 1990
12 1685 1686 1703 1702 1974 1975 1992 1991
12 1686 1687 1704 1703 1975 1976 1993 1992
12 1687 1688 1705 1704 1976 1977 1994 1993
12 1688 1689 1706 1705 1977 1978 1995 1994
12 1689 1690 1707 1706 1978 1979 1996 1995
12 1690 1691 1708 1707 1979 1980 1997 1996
12 1691 1692 1709 1708 1980 1981 1998 1997
12 1692 1693 1710 1709 1981 1982 1999 1998
12 1693 1694 1711 1710 1982 1983 2000 1999
12 1694 1695 1712 1711 1983 1984 2001 2000
12 1695 1696 1713 1712 1984 1985 2002 2001
12 1696 1697 1714 1713 1985 1986 2003 2002
12 1697 1698 1715 1714 1986 1987 2004 2003
12 1698 1699 1716 1715 1987 1988 2005 2004
12 1700 1701 1718 1717 1989 1990 2007 2006
12 1701 1702 1719 1718 1990 1991 2008 2007
12 1702 1703 1720 1719 1991 1992 2009 2008
12 1703 1704 1721 1720 1992 1993 2010 2009
12 1704 1705 1722 1721 1993 1994 2011 2010
12 1705 1706 1723 1722 1994 1995 2012 2011
12 1706 1707 1724 1723 1995 1996 2013 2012
12 1707 1708 1725 1724 1996 1997 2014 2013
12 1708 1709 1726 1725 1997 1998 2015 2014
12 1709 1710 1727 1726 1998 1999 2016 2015
12 1710 1711 1728 1727 1999 2000 2017 2016
12 1711 1712 1729 1728 2000 2001 2018 2017
12 1712 1713 1730 1729 2001 2002 2019 2018
12 1713 1714 1731 1730 2002 2003 2020 2019
12 1714 1715 1732 1731 2003 2004 2021 2020
12 1715 1716 1733 1732 2004 2005 2022 2021
12 1734 1735 1752 1751 2023 2024 2041 2040
12 1735 1736 1753 1752 2024 2025 2042 2041
12 1736 1737 1754 1753 2025 2026 2043 2042
12 1737 1738 1755 1754 2026 2027 2044 2043
12 1738 1739 1756 1755 2027 2028 2045 2044
12 1739 1740 1757 1756 2028 2029 2046 2045
12 1740 1741 1758 1757 2029 2030 2047 2046
12 1741 1742 1759 1758 2030 2031 2048 2047
12 1742 1743 1760 1759 2031 2032 2049 2048
12 1743 1744 1761 1760 2032 2033 2050 2049
12 1744 1745 1762 1761 2033 2034 2051 2050
12 1745 1746 1763 1762 2034 2035 2052 2051
12 1746 1747 1764 1763 2035 2036 2053 2052
12 1747 1748 1765 1764 2036 2037 2054 2053
12 1748 1749 1766 1765 2037 2038 2055 2054
12 1749 1750 1767 1766 2038 2039 2056 2055
12 1751 1752 1769 1768 2040 2041 2058 2057
12 1752 1753 1770 1769 2041 2042 2059 2058
12 1753 1754 1771 1770 2042 2043 2060 2059
12 1754 1755 1772 1771 2043 2044 2061 2060
12 1755 1756 1773 1772 2044 2045 2062 2061
12 1756 1757 1774 1773 2045 2046 2063 2062
12 1757 1758 1775 1774 2046 2047 2064 2063
12 1758 1759 1776 1775 2047 2048 2065 2064
12 1759 1760 1777 1776 2048 2049 2066 2065
12 1760 1761 1778 1777 2049 2050 2067 2066
12 1761 1762 1779 1778 2050 2051 2068 2067
12 1762 1763 1780 1779 2051 2052 2069 2068
12 1763 1764 1781 1780 2052 2053 2070 2069
12 1764 1765 1782 1781 2053 2054 2071 2070
12 1765 1766 1783 1782 2054 2055 2072 2071
12 1766 1767 1784 1783 2055 2056 2073 2072
12 1768 1769 1786 1785 2057 2058 2075 2074
12 1769 1770 1787 1786 2058 2059 2076 2075
12 1770 1771 1788 1787 2059 2060 2077 2076
12 1771 1772 1789 1788 2060 2061 2078 2077
12 1772 1773 1790 1789 2061 2062 2079 2078
12 1773 1774 1791 1790 2062 2063 2080 2079
12 1774 1775 1792 1791 2063 2064 2081 2080
12 1775 1776 1793 1792 2064 2065 2082 2081
12 1776 1777 1794 1793 2065 2066 2083 2082
12 1777 1778 1795 1794 2066 2067 2084 2083
12 1778 1779 1796 1795 2067 2068 2085 2084
12 1779 1780 1797 1796 2068 2069 2086 2085
12 1780 1781 1798 1797 2069 2070 2087 2086
12 1781 1782 1799 1798 2070 2071 2088 2087
12 1782 1783 1800 1799 2071 2072 2089 2088
12 1783 1784 1801 1800 2072 2073 2090 2089
12 1785 1786 1803 1802 2074 2075 2092 2091
12 1786 1787 1804 1803 2075 2076 2093 2092
12 1787 1788 1805 1804 2076 2077 2094 2093
12 1788 1789 1806 1805 2077 2078 2095 2094
12 1789 1790 1807 1806 2078 2079 2096 2095
12 1790 1791 1808 1807 2079 2080 2097 2096
12 1791 1792 1809 1808 2080 2081 2098 2097
12 1792 1793 1810 1809 2081 2082 2099 2098
12 1793 1794 1811 1810 2082 2083 2100 2099
12 1794 1795 1812 1811 2083 2084 2101 2100
12 1795 1796 1813 1812 2084 2085 2102 2101
12 1796 1797 1814 1813 2085 2086 2103 2102
12 1797 1798 1815 1814 2086 2087 2104 2103
12 1798 1799 1816 1815 2087 2088 2105 2104
12 1799 1800 1817 1816 2088 2089 2106 2105
12 1800 1801 1818 1817 2089 2090 2107 2106
12 1802 1803 1820 1819 2091 2092 2109 2108
12 1803 1804 1821 1820 2092 2093 2110 2109
12 1804 1805 1822 1821 2093 2094 2111 2110
12 1805 1806 1823 1822 2094 2095 2112 2111
12 1806 1807 1824 1823 2095 2096 2113 2112
12 1807 1808 1825 1824 2096 2097 2114 2113
12 1808 1809 1826 1825 2097 2098 2115 2114
12 1809 1810 1827 1826 2098 2099 2116 2115
12 1810 1811 1828 1827 2099 2100 2117 2116
12 1811 1812 1829 1828 2100 2101 2118 2117
12 1812 1813 1830 1829 2101 2102 2119 2118
12 1813 1814 1831 1830 2102 2103 2120 2119
12 1814 1815 1832 1831 2103 2104 2121 2120
12 1815 1816 1833 1832 2104 2105 2122 2121
12 1816 1817 1834 1833 2105 2106 2123 2122
12 1817 1818 1835 1834 2106 2107 2124 2123
12 1819 1820 1837 1836 2108 2109 2126 2125
12 1820 1821 1838 1837 2109 2110 2127 2126
12 1821 1822 1839 1838 2110 2111 2128 2127
12 1822 1823 1840 1839 2111 2112 2129 2128
12 1823 1824 1841 1840 2112 2113 2130 2129
12 1824 1825 1842 1841 2113 2114 2131 2130
12 1825 1826 1843 1842 2114 2115 2132 2131
12 1826 1827 1844 1843 2115 2116 2133 2132
12 1827 1828 1845 1844 2116 2117 2134 2133
12 1828 1829 1846 1845 2117 2118 2135 2134
12 1829 1830 1847 1846 2118 2119 2136 2135
12 1830 1831 1848 1847 2119 2120 2137 2136
12 1831 1832 1849 1848 2120 2121 2138 2137
12 1832 1833 1850 1849 2121 2122 2139 2138
12 1833 1834 1851 1850 2122 2123 2140 2139
12 1834 1835 1852 1851 2123 2124 2141 2140
12 1836 1837 1854 1853 2125 2126 2143 2142
12 1837 1838 1855 1854 2126 2127 2144 2143
12 1838 1839 1856 1855 2127 2128 2145 2144
12 1839 1840 1857 1856 2128 2129 2146 2145
12 1840 1841 1858 1857 2129 2130 2147 2146
12 1841 1842 1859 1858 2130 2131 2148 2147
12 1842 1843 1860 1859 2131 2132 2149 2148
12 1843 1844 1861 1860 2132 2133 2150 2149
12 1844 1845 1862 1861 2133 2134 2151 2150
12 1845 1846 1863 1862 2134 2135 2152 2151
12 1846 1847 1864 1863 2135 2136 2153 2152
12 1847 1848 1865 1864 2136 2137 2154 2153
12 1848 1849 1866 1865 2137 2138 2155 2154
12 1849 1850 1867 1866 2138 2139 2156 2155
12 1850 1851 1868 1867 2139 2140 2157 2156
12 1851 1852 1869 1868 2140 2141 2158 2157
12 1853 1854 1871 1870 2142 2143 2160 2159
12 1854 1855 1872 1871 2143 2144 2161 2160
12 1855 1856 1873 1872 2144 2145 2162 2161
12 1856 1857 1874 1873 2145 2146 2163 2162
12 1857 1858 1875 1874 2146 2147 2164 2163
12 1858 1859 1876 1875 2147 2148 2165 2164
12 1859 1860 1877 1876 2148 2149 2166 2165
12 1860 1861 1878 1877 2149 2150 2167 2166
12 1861 1862 1879 1878 2150 2151 2168 2167
12 1862 1863 1880 1879 2151 2152 2169 2168
12 1863 1864 1881 1880 2152 2153 2170 2169
12 1864 1865 1882 1881 2153 2154 2171 2170
12 1865 1866 1883 1882 2154 2155 2172 2171
12 1866 1867 1884 1883 2155 2156 2173 2172
12 1867 1868 1885 1884 2156 2157 2174 2173
12 1868 1869 1886 1885 2157 2158 2175 2174
12 1870 1871 1888 1887 2159 2160 2177 2176
12 1871 1872 1889 1888 2160 2161 2178 2177
12 1872 1873 1890 1889 2161 2162 2179 2178
12 1873 1874 1891 1890 2162 2163 2180 2179
12 1874 1875 1892 1891 2163 2164 2181 2180
12 1875 1876 1893 1892 2164 2165 2182 2181
12 1876 1877 1894 1893 2165 2166 2183 2182
12 1877 1878 1895 1894 2166 2167 2184 2183
12 1878 1879 1896 1895 2167 2168 2185 2184
12 1879 1880 1897 1896 2168 2169 2186 2185
12 1880 1881 1898 1897 2169 2170 2187 2186
12 1881 1882 1899 1898 2170 2171 2188 2187
12 1882 1883 1900 1899 2171 2172 2189 2188
12 1883 1884 1901 1900 2172 2173 2190 2189
12 1884 1885 1902 1901 2173 2174 2191 2190
12 1885 1886 1903 1902 2174 2175 2192 2191
12 1887 1888 1905 1904 2176 2177 2194 2193
12 1888 1889 1906 1905 2177 2178 2195 2194
12 1889 1890 1907 1906 2178 2179 2196 2195
12 1890 1891 1908 1907 2179 2180 2197 2196
12 1891 1892 1909 1908 2180 2181 2198 2197
12 1892 1893 1910 1909 2181 2182 2199 2198
12 1893 1894 1911 1910 2182 2183 2200 2199
12 1894 1895 1912 1911 2183 2184 2201 2200
12 1895 1896 1913 1912 2184 2185 2202 2201
12 1896 1897 1914 1913 2185 2186 2203 2202
12 1897 1898 1915 1914 2186 2187 2204 2203
12 1898 1899 1916 1915 2187 2188 2205 2204
12 1899 1900 1917 1916 2188 2189 2206 2205
12 1900 1901 1918 1917 2189 2190 2207 2206
12 1901 1902 1919 1918 2190 2191 2208 2207
12 1902 1903 1920 1919 2191 2192 2209 2208
12 1904 1905 1922 1921 2193 2194 2211 2210
12 1905 1906 1923 1922 2194 2195 2212 2211
12 1906 1907 1924 1923 2195 2196 2213 2212
12 1907 1908 1925 1924 2196 2197 2214 2213
12 1908 1909 1926 1925 2197 2198 2215 2214
12 1909 1910 1927 1926 2198 2199 2216 2215
12 1910 1911 1928 1927 2199 2200 2217 2216
12 1911 1912 1929 1928 2200 2201 2218 2217
12 1912 1913 1930 1929 2201 2202 2219 2218
12 1913 1914 1931 1930 2202 2203 2220 2219
12 1914 1915 1932 1931 2203 2204 2221 2220
12 1915 1916 1933 1932 2204 2205 2222 2221
12 1916 1917 1934 1933 2205 2206 2223 2222
12 1917 1918 1935 1934 2206 2207 2224 2223
12 1918 1919 1936 1935 2207 2208 2225 2224
12 1919 1920 1937 1936 2208 2209 2226 2225
12 1921 1922 1939 1938 2210 2211 2228 2227
12 1922 1923 1940 1939 2211 2212 2229 2228
12 1923 1924 1941 1940 2212 2213 2230 2229
12 1924 1925 1942 1941 2213 2214 2231 2230
12 1925 1926 1943 1942 2214 2215 2232 2231
12 1926 1927 1944 1943 2215 2216 2233 2232
12 1927 1928 1945 1944 2216 2217 2234 2233
12 1928 1929 1946 1945 2217 2218 2235 2234
12 1929 1930 1947 1946 2218 2219 2236 2235
12 1930 1931 1948 1947 2219 2220 2237 2236
12 1931 1932 1949 1948 2220 2221 2238 2237
12 1932 1933 1950 1949 2221 2222 2239 2238
12 1933 1934 1951 1950 2222 2223 2240 2239
12 1934 1935 1952 1951 2223 2224 2241 2240
12 1935 1936 1953 1952 2224 2225 2242 2241
12 1936 1937 1954 1953 2225 2226 2243 2242
12 1938 1939 1956 1955 2227 2228 2245 2244
12 1939 1940 1957 1956 2228 2229 2246 2245
12 1940 1941 1958 1957 2229 2230 2247 2246
12 1941 1942 1959 1958 2230 2231 2248 2247
12 1942 1943 1960 1959 2231 2232 2249 2248
12 1943 1944 1961 1960 2232 2233 2250 2249
12 1944 1945 1962 1961 2233 2234 2251 2250
12 1945 1946 1963 1962 2234 2235 2252 2251
12 1946 1947 1964 1963 2235 2236 2253 2252
12 1947 1948 1965 1964 2236 2237 2254 2253
12 1948 1949 1966 1965 2237 2238 2255 2254
12 1949 1950 1967 1966 2238 2239 2256 2255
12 1950 1951 1968 1967 2239 2240 2257 2256
12 1951 1952 1969 1968 2240 2241 2258 2257
12 1952 1953 1970 1969 2241 2242 2259 2258
12 1953 1954 1971 1970 2242 2243 2260 2259
12 1955 1956 1973 1972 2244 2245 2262 2261
12 1956 1957 1974 1973 2245 2246 2263 2262
12 1957 1958 1975 1974 2246 2247 2264 2263
12 1958 1959 1976 1975 2247 2248 2265 2264
12 1959 1960 1977 1976 2248 2249 2266 2265
12 1960 1961 1978 1977 2249 2250 2267 2266
12 1961 1962 1979 1978 2250 2251 2268 2267
12 1962 1963 1980 1979 2251 2252 2269 2268
12 1963 1964 1981 1980 2252 2253 2270 2269
12 1964 1965 1982 1981 2253 2254 2271 2270
12 1965 1966 1983 1982 2254 2255 2272 2271
12 1966 1967 1984 1983 2255 2256 2273 2272
12 1967 1968 1985 1984 2256 2257 2274 2273
12 1968 1969 1986 1985 2257 2258 2275 2274
12 1969 1970 1987 1986 2258 2259 2276 2275
12 1970 1971 1988 1987 2259 2260 2277 2276
12 1972 1973 1990 1989 2261 2262 2279 2278
12 1973 1974 1991 1990 2262 2263 2280 2279
12 1974 1975 1992 1991 2263 2264 2281 2280
12 1975 1976 1993 1992 2264 2265 2282 2281
12 1976 1977 1994 1993 2265 2266 2283 2282
12 1977 1978 1995 1994 2266 2267 2284 2283
12 1978 1979 1996 1995 2267 2268 2285 2284
12 1979 1980 1997 1996 2268 2269 2286 2285
12 1980 1981 1998 1997 2269 2270 2287 2286
12 1981 1982 1999 1998 2270 2271 2288 2287
12 1982 1983 2000 1999 2271 2272 2289 2288
12 1983 1984 2001 2000 2272 2273 2290 2289
12 1984 1985 2002 2001 2273 2274 2291 2290
12 1985 1986 2003 2002 2274 2275 2292 2291
12 1986 1987 2004 2003 2275 2276 2293 2292
12 1987 1988 2005 2004 2276 2277 2294 2293
12 1989 1990 2007 2006 2278 2279 2296 2295
12 1990 1991 2008 2007 2279 2280 2297 2296
12 1991 1992 2009 2008 2280 2281 2298 2297
12 1992 1993 2010 2009 2281 2282 2299 2298
12 1993 1994 2011 2010 2282 2283 2300 2299
12 1994 1995 2012 2011 2283 2284 2301 2300
12 1995 1996 2013 2012 2284 2285 2302 2301
12 1996 1997 2014 2013 2285 2286 2303 2302
12 1997 1998 2015 2014 2286 2287 2304 2303
12 1998 1999 2016 2015 2287 2288 2305 2304
12 1999 2000 2017 2016 2288 2289 2306 2305
12 2000 2001 2018 2017 2289 2290 2307 2306
12 2001 2002 2019 2018 2290 2291 2308 2307
12 2002 2003 2020 2019 2291 2292 2309 2308
12 2003 2004 2021 2020 2292 2293 2310 2309
12 2004 2005 2022 2021 2293 2294 2311 2310
12 2023 2024 2041 2040 2312 2313 2330 2329
12 2024 2025 2042 2041 2313 2314 2331 2330
12 2025 2026 2043 2042 2314 2315 2332 2331
12 2026 2027 2044 2043 2315 2316 2333 2332
12 2027 2028 2045 2044 2316 2317 2334 2333
12 2028 2029 2046 2045 2317 2318 2335 2334
12 2029 2030 2047 2046 2318 2319 2336 2335
12 2030 2031 2048 2047 2319 2320 2337 2336
12 2031 2032 2049 2048 2320 2321 2338 2337
12 2032 2033 2050 2049 2321 2322 2339 2338
12 2033 2034 2051 2050 2322 2323 2340 2339
12 2034 2035 2052 2051 2323 2324 2341 2340
12 2035 2036 2053 2052 2324 2325 2342 2341
12 2036 2037 2054 2053 2325 2326 2343 2342
12 2037 2038 2055 2054 2326 2327 2344 2343
12 2038 2039 2056 2055 2327 2328 2345 2344
12 2040 2041 2058 2057 2329 2330 2347 2346
12 2041 2042 2059 2058 2330 2331 2348 2347
12 2042 2043 2060 2059 2331 2332 2349 2348
12 2043 2044 2061 2060 2332 2333 2350 2349
12 2044 2045 2062 2061 2333 2334 2351 2350
12 2045 2046 2063 2062 2334 2335 2352 2351
12 2046 2047 2064 2063 2335 2336 2353 2352
12 2047 2048 2065 2064 2336 2337 2354 2353
12 2048 2049 2066 2065 2337 2338 2355 2354
12 2049 2050 2067 2066 2338 2339 2356 2355
12 2050 2051 2068 2067 2339 2340 2357 2356
12 2051 2052 2069 2068 2340 2341 2358 2357
12 2052 2053 2070 2069 2341 2342 2359 2358
12 2053 2054 2071 2070 2342 2343 2360 2359
12 2054 2055 2072 2071 2343 2344 2361 2360
12 2055 2056 2073 2072 2344 2345 2362 2361
12 2057 2058 2075 2074 2346 2347 2364 2363
12 2058 2059 2076 2075 2347 2348 2365 2364
12 2059 2060 2077 2076 2348 2349 2366 2365
12 2060 2061 2078 2077 2349 2350 2367 2366
12 2061 2062 2079 2078 2350 2351 2368 2367
12 2062 2063 2080 2079 2351 2352 2369 2368
12 2063 2064 2081 2080 2352 2353 2370 2369
12 2064 2065 2082 2081 2353 2354 2371 2370
12 2065 2066 2083 2082 2354 2355 2372 2371
12 2066 2067 2084 2083 2355 2356 2373 2372
12 2067 2068 2085 2084 2356 2357 2374 2373
12 2068 2069 2086 2085 2357 2358 2375 2374
12 2069 2070 2087 2086 2358 2359 2376 2375
12 2070 2071 2088 2087 2359 2360 2377 2376
12 2071 2072 2089 2088 2360 2361 2378 2377
12 2072 2073 2090 2089 2361 2362 2379 2378
12 2074 2075 2092 2091 2363 2364 2381 2380
12 2075 2076 2093 2092 2364 2365 2382 2381
12 2076 2077 2094 2093 2365 2366 2383 2382
12 2077 2078 2095 2094 2366 2367 2384 2383
12 2078 2079 2096 2095 2367 2368 2385 2384
12 2079 2080 2097 2096 2368 2369 2386 2385
12 2080 2081 2098 2097 2369 2370 2387 2386
12 2081 2082 2099 2098 2370 2371 2388 2387
12 2082 2083 2100 2099 2371 2372 2389 2388
12 2083 2084 2101 2100 2372 2373 2390 2389
12 2084 2085 2102 2101 2373 2374 2391 2390
12 2085 2086 2103 2102 2374 2375 2392 2391
12 2086 2087 2104 2103 2375 2376 2393 2392
12 2087 2088 2105 2104 2376 2377 2394 2393
12 2088 2089 2106 2105 2377 2378 2395 2394
12 2089 2090 2107 2106 2378 2379 2396 2395
12 2091 2092 2109 2108 2380 2381 2398 2397
12 2092 2093 2110 2109 2381 2382 2399 2398
12 2093 2094 2111 2110 2382 2383 2400 2399
12 2094 2095 2112 2111 2383 2384 2401 2400
12 2095 2096 2113 2112 2384 2385 2402 2401
12 2096 2097 2114 2113 2385 2386 2403 2402
12 2097 2098 2115 2114 2386 2387 2404 2403
12 2098 2099 2116 2115 2387 2388 2405 2404
12 2099 2100 2117 2116 2388 2389 2406 2405
12 2100 2101 2118 2117 2389 2390 2407 2406
12 2101 2102 2119 2118 2390 2391 2408 2407
12 2102 2103 2120 2119 2391 2392 2409 2408
12 2103 2104 2121 2120 2392 2393 2410 2409
12 2104 2105 2122 2121 2393 2394 2411 2410
12 2105 2106 2123 2122 2394 2395 2412 2411
12 2106 2107 2124 2123 2395 2396 2413 2412
12 2108 2109 2126 2125 2397 2398 2415 2414
12 2109 2110 2127 2126 2398 2399 2416 2415
12 2110 2111 2128 2127 2399 2400 2417 2416
12 2111 2112 2129 2128 2400 2401 2418 2417
12 2112 2113 2130 2129 2401 2402 2419 2418
12 2113 2114 2131 2130 2402 2403 2420 2419
12 2114 2115 2132 2131 2403 2404 2421 2420
12 2115 2116 2133 2132 2404 2405 2422 2421
12 2116 2117 2134 2133 2405 2406 2423 2422
12 2117 2118 2135 2134 2406 2407 2424 2423
12 2118 2119 2136 2135 2407 2408 2425 2424
12 2119 2120 2137 2136 2408 2409 2426 2425
12 2120 2121 2138 2137 2409 2410 2427 2426
12 2121 2122 2139 2138 2410 2411 2428 2427
12 2122 2123 2140 2139 2411 2412 2429 2428
12 2123 2124 2141 2140 2412 2413 2430 2429
12 2125 2126 2143 2142 2414 2415 2432 2431
12 2126 2127 2144 2143 2415 2416 2433 2432
12 2127 2128 2145 2144 2416 2417 2434 2433
12 2128 2129 2146 2145 2417 2418 2435 2434
12 2129 2130 2147 2146 2418 2419 2436 2435
12 2130 2131 2148 2147 2419 2420 2437 2436
12 2131 2132 2149 2148 2420 2421 2438 2437
12 2132 2133 2150 2149 2421 2422 2439 2438
12 2133 2134 2151 2150 2422 2423 2440 2439
12 2134 2135 2152 2151 2423 2424 2441 2440
12 2135 2136 2153 2152 2424 2425 2442 2441
12 2136 2137 2154 2153 2425 2426 2443 2442
12 2137 2138 2155 2154 2426 2427 2444 2443
12 2138 2139 2156 2155 2427 2428 2445 2444
12 2139 2140 2157 2156 2428 2429 2446 2445
12 2140 2141 2158 2157 2429 2430 2447 2446
12 2142 2143 2160 2159 2431 2432 2449 2448
12 2143 2144 2161 2160 2432 2433 2450 2449
12 2144 2145 2162 2161 2433 2434 2451 2450
12 2145 2146 2163 2162 2434 2435 2452 2451
12 2146 2147 2164 2163 2435 2436 2453 2452
12 2147 2148 2165 2164 2436 2437 2454 2453
12 2148 2149 2166 2165 2437 2438 2455 2454
12 2149 2150 2167 2166 2438 2439 2456 2455
12 2150 2151 2168 2167 2439 2440 2457 2456
12 2151 2152 2169 2168 2440 2441 2458 2457
12 2152 2153 2170 2169 2441 2442 2459 2458
12 2153 2154 2171 2170 2442 2443 2460 2459
12 2154 2155 2172 2171 2443 2444 2461 2460
12 2155 2156 2173 2172 2444 2445 2462 2461
12 2156 2157 2174 2173 2445 2446 2463 2462
12 2157 2158 2175 2174 2446 2447 2464 2463
12 2159 2160 2177 2176 2448 2449 2466 2465
12 2160 2161 2178 2177 2449 2450 2467 2466
12 2161 2162 2179 2178 2450 2451 2468 2467
12 2162 2163 2180 2179 2451 2452 2469 2468
12 2163 2164 2181 2180 2452 2453 2470 2469
12 2164 2165 2182 2181 2453 2454 2471 2470
12 2165 2166 2183 2182 2454 2455 2472 2471
12 2166 2167 2184 2183 2455 2456 2473 2472
12 2167 2168 2185 2184 2456 2457 2474 2473
12 2168 2169 2186 2185 2457 2458 2475 2474
12 2169 2170 2187 2186 2458 2459 2476 2475
12 2170 2171 2188 2187 2459 2460 2477 2476
12 2171 2172 2189 2188 2460 2461 2478 2477
12 2172 2173 2190 2189 2461 2462 2479 2478
12 2173 2174 2191 2190 2462 2463 2480 2479
12 2174 2175 2192 2191 2463 2464 2481 2480
12 2176 2177 2194 2193 2465 2466 2483 2482
12 2177 2178 2195 2194 2466 2467 2484 2483
12 2178 2179 2196 2195 2467 2468 2485 2484
12 2179 2180 2197 2196 2468 2469 2486 2485
12 2180 2181 2198 2197 2469 2470 2487 2486
12 2181 2182 2199 2198 2470 2471 2488 2487
12 2182 2183 2200 2199 2471 2472 2489 2488
12 2183 2184 2201 2200 2472 2473 2490 2489
12 2184 2185 2202 2201 2473 2474 2491 2490
12 2185 2186 2203 2202 2474 2475 2492 2491
12 2186 2187 2204 2203 2475 2476 2493 2492
12 2187 2188 2205 2204 2476 2477 2494 2493
12 2188 2189 2206 2205 2477 2478 2495 2494
12 2189 2190 2207 2206 2478 2479 2496 2495
12 2190 2191 2208 2207 2479 2480 2497 2496
12 2191 2192 2209 2208 2480 2481 2498 2497
12 2193 2194 2211 2210 2482 2483 2500 2499
12 2194 2195 2212 2211 2483 2484 2501 2500
12 2195 2196 2213 2212 2484 2485 2502 2501
12 2196 2197 2214 2213 2485 2486 2503 2502
12 2197 2198 2215 2214 2486 2487 2504 2503
12 2198 2199 2216 2215 2487 2488 2505 2504
12 2199 2200 2217 2216 2488 2489 2506 2505
12 2200 2201 2218 2217 2489 2490 2507 2506
12 2201 2202 2219 2218 2490 2491 2508 2507
12 2202 2203 2220 2219 2491 2492 2509 2508
12 2203 2204 2221 2220 2492 2493 2510 2509
12 2204 2205 2222 2221 2493 2494 2511 2510
12 2205 2206 2223 2222 2494 2495 2512 2511
12 2206 2207 2224 2223 2495 2496 2513 2512
12 2207 2208 2225 2224 2496 2497 2514 2513
12 2208 2209 2226 2225 2497 2498 2515 2514
12 2210 2211 2228 2227 2499 2500 2517 2516
12 2211 2212 2229 2228 2500 2501 2518 2517
12 2212 2213 2230 2229 2501 2502 2519 2518
12 2213 2214 2231 2230 2502 2503 2520 2519
12 2214 2215 2232 2231 2503 2504 2521 2520
12 2215 2216 2233 2232 2504 2505 2522 2521
12 2216 2217 2234 2233 2505 2506 2523 2522
12 2217 2218 2235 2234 2506 2507 2524 2523
12 2218 2219 2236 2235 2507 2508 2525 2524
12 2219 2220 2237 2236 2508 2509 2526 2525
12 2220 2221 2238 2237 2509 2510 2527 2526
12 2221 2222 2239 2238 2510 2511 2528 2527
12 2222 2223 2240 2239 2511 2512 2529 2528
12 2223 2224 2241 2240 2512 2513 2530 2529
12 2224 2225 2242 2241 2513 2514 2531 2530
12 2225 2226 2243 2242 2514 2515 2532 2531
12 2227 2228 2245 2244 2516 2517 2534 2533
12 2228 2229 2246 2245 2517 2518 2535 2534
12 2229 2230 2247 2246 2518 2519 2536 2535
12 2230 2231 2248 2247 2519 2520 2537 2536
12 2231 2232 2249 2248 2520 2521 2538 2537
12 2232 2233 2250 2249 2521 2522 2539 2538
12 2233 2234 2251 2250 2522 2523 2540 2539
12 2234 2235 2252 2251 2523 2524 2541 2540
12 2235 2236 2253 2252 2524 2525 2542 2541
12 2236 2237 2254 2253 2525 2526 2543 2542
12 2237 2238 2255 2254 2526 2527 2544 2543
12 2238 2239 2256 2255 2527 2528 2545 2544
12 2239 2240 2257 2256 2528 2529 2546 2545
12 2240 2241 2258 2257 2529 2530 2547 2546
12 2241 2242 2259 2258 2530 2531 2548 2547
12 2242 2243 2260 2259 2531 2532 2549 2548
12 2244 2245 2262 2261 2533 2534 2551 2550
12 2245 2246 2263 2262 2534 2535 2552 2551
12 2246 2247 2264 2263 2535 2536 2553 2552
12 2247 2248 2265 2264 2536 2537 2554 2553
12 2248 2249 2266 2265 2537 2538 2555 2554
12 2249 2250 2267 2266 2538 2539 2556 2555
12 2250 2251 2268 2267 2539 2540 2557 2556
12 2251 2252 2269 2268 2540 2541 2558 2557
12 2252 2253 2270 2269 2541 2542 2559 2558
12 2253 2254 2271 2270 2542 2543 2560 2559
12 2254 2255 2272 2271 2543 2544 2561 2560
12 2255 2256 2273 2272 2544 2545 2562 2561
12 2256 2257 2274 2273 2545 2546 2563 2562
12 2257 2258 2275 2274 2546 2547 2564 2563
12 2258 2259 2276 2275 2547 2548 2565 2564
12 2259 2260 2277 2276 2548 2549 2566 2565
12 2261 2262 2279 2278 2550 2551 2568 2567
12 2262 2263 2280 2279 2551 2552 2569 2568
12 2263 2264 2281 2280 2552 2553 2570 2569
12 2264 2265 2282 2281 2553 2554 2571 2570
12 2265 2266 2283 2282 2554 2555 2572 2571
12 2266 2267 2284 2283 2555 2556 2573 2572
12 2267 2268 2285 2284 2556 2557 2574 2573
12 2268 2269 2286 2285 2557 2558 2575 2574
12 2269 2270 2287 2286 2558 2559 2576 2575
12 2270 2271 2288 2287 2559 2560 2577 2576
12 2271 2272 2289 2288 2560 2561 2578 2577
12 2272 2273 2290 2289 2561 2562 2579 2578
12 2273 2274 2291 2290 2562 2563 2580 2579
12 2274 2275 2292 2291 2563 2564 2581 2580
12 2275 2276 2293 2292 2564 2565 2582 2581
12 2276 2277 2294 2293 2565 2566 2583 2582
12 2278 2279 2296 2295 2567 2568 2585 2584
12 2279 2280 2297 2296 2568 2569 2586 2585
12 2280 2281 2298 2297 2569 2570 2587 2586
12 2281 2282 2299 2298 2570 2571 2588 2587
12 2282 2283 2300 2299 2571 2572 2589 2588
12 2283 2284 2301 2300 2572 2573 2590 2589
12 2284 2285 2302 2301 2573 2574 2591 2590
12 2285 2286 2303 2302 2574 2575 2592 2591
12 2286 2287 2304 2303 2575 2576 2593 2592
12 2287 2288 2305 2304 2576 2577 2594 2593
12 2288 2289 2306 2305 2577 2578 2595 2594
12 2289 2290 2307 2306 2578 2579 2596 2595
12 2290 2291 2308 2307 2579 2580 2597 2596
12 2291 2292 2309 2308 2580 2581 2598 2597
12 2292 2293 2310 2309 2581 2582 2599 2598
12 2293 2294 2311 2310 2582 2583 2600 2599
12 2312 2313 2330 2329 2601 2602 2619 2618
12 2313 2314 2331 2330 2602 2603 2620 2619
12 2314 2315 2332 2331 2603 2604 2621 2620
12 2315 2316 2333 2332 2604 2605 2622 2621
12 2316 2317 2334 2333 2605 2606 2623 2622
12 2317 2318 2335 2334 2606 2607 2624 2623
12 2318 2319 2336 2335 2607 2608 2625 2624
12 2319 2320 2337 2336 2608 2609 2626 2625
12 2320 2321 2338 2337 2609 2610 2627 2626
12 2321 2322 2339 2338 2610 2611 2628 2627
12 2322 2323 2340 2339 2611 2612 2629 2628
12 2323 2324 2341 2340 2612 2613 2630 2629
12 2324 2325 2342 2341 2613 2614 2631 2630
12 2325 2326 2343 2342 2614 2615 2632 2631
12 2326 2327 2344 2343 2615 2616 2633 2632
12 2327 2328 2345 2344 2616 2617 2634 2633
12 2329 2330 2347 2346 2618 2619 2636 2635
12 2330 2331 2348 2347 2619 2620 2637 2636
12 2331 2332 2349 2348 2620 2621 2638 2637
12 2332 2333 2350 2349 2621 2622 2639 2638
12 2333 2334 2351 2350 2622 2623 2640 2639
12 2334 2335 2352 2351 2623 2624 2641 2640
12 2335 2336 2353 2352 2624 2625 2642 2641
12 2336 2337 2354 2353 2625 2626 2643 2642
12 2337 2338 2355 2354 2626 2627 2644 2643
12 2338 2339 2356 2355 2627 2628 2645 2644
12 2339 2340 2357 2356 2628 2629 2646 2645
12 2340 2341 2358 2357 2629 2630 2647 2646
12 2341 2342 2359 2358 2630 2631 2648 2647
12 2342 2343 2360 2359 2631 2632 2649 2648
12 2343 2344 2361 2360 2632 2633 2650 2649
12 2344 2345 2362 2361 2633 2634 2651 2650
12 2346 2347 2364 2363 2635 2636 2653 2652
12 2347 2348 2365 2364 2636 2637 2654 2653
12 2348 2349 2366 2365 2637 2638 2655 2654
12 2349 2350 2367 2366 2638 2639 2656 2655
12 2350 2351 2368 2367 2639 2640 2657 2656
12 2351 2352 2369 2368 2640 2641 2658 2657
12 2352 2353 2370 2369 2641 2642 2659 2658
12 2353 2354 2371 2370 2642 2643 2660 2659
12 2354 2355 2372 2371 2643 2644 2661 2660
12 2355 2356 2373 2372 2644 2645 2662 2661
12 2356 2357 2374 2373 2645 2646 2663 2662
12 2357 2358 2375 2374 2646 2647 2664 2663
12 2358 2359 2376 2375 2647 2648 2665 2664
12 2359 2360 2377 2376 2648 2649 2666 2665
12 2360 2361 2378 2377 2649 2650 2667 2666
12 2361 2362 2379 2378 2650 2651 2668 2667
12 2363 2364 2381 2380 2652 2653 2670 2669
12 2364 2365 2382 2381 2653 2654 2671 2670
12 2365 2366 2383 2382 2654 2655 2672 2671
12 2366 2367 2384 2383 2655 2656 2673 2672
12 2367 2368 2385 2384 2656 2657 2674 2673
12 2368 2369 2386 2385 2657 2658 2675 2674
12 2369 2370 2387 2386 2658 2659 2676 2675
12 2370 2371 2388 2387 2659 2660 2677 2676
12 2371 2372 2389 2388 2660 2661 2678 2677
12 2372 2373 2390 2389 2661 2662 2679 2678
12 2373 2374 2391 2390 2662 2663 2680 2679
12 2374 2375 2392 2391 2663 2664 2681 2680
12 2375 2376 2393 2392 2664 2665 2682 2681
12 2376 2377 2394 2393 2665 2666 2683 2682
12 2377 2378 2395 2394 2666 2667 2684 2683
12 2378 2379 2396 2395 2667 2668 2685 2684
12 2380 2381 2398 2397 2669 2670 2687 2686
12 2381 2382 2399 2398 2670 2671 2688 2687
12 2382 2383 2400 2399 2671 2672 2689 2688
12 2383 2384 2401 2400 2672 2673 2690 2689
12 2384 2385 2402 2401 2673 2674 2691 2690
12 2385 2386 2403 2402 2674 2675 2692 2691
12 2386 2387 2404 2403 2675 2676 2693 2692
12 2387 2388 2405 2404 2676 2677 2694 2693
12 2388 2389 2406 2405 2677 2678 2695 2694
12 2389 2390 2407 2406 2678 2679 2696 2695
12 2390 2391 2408 2407 2679 2680 2697 2696
12 2391 2392 2409 2408 2680 2681 2698 2697
12 2392 2393 2410 2409 2681 2682 2699 2698
12 2393 2394 2411 2410 2682 2683 2700 2699
12 2394 2395 2412 2411 2683 2684 2701 2700
12 2395 2396 2413 2412 2684 2685 2702 2701
12 2397 2398 2415 2414 2686 2687 2704 2703
12 2398 2399 2416 2415 2687 2688 2705 2704
12 2399 2400 2417 2416 2688 2689 2706 2705
12 2400 2401 2418 2417 2689 2690 2707 2706
12 2401 2402 2419 2418 2690 2691 2708 2707
12 2402 2403 2420 2419 2691 2692 2709 2708
12 2403 2404 2421 2420 2692 2693 2710 2709
12 2404 2405 2422 2421 2693 2694 2711 2710
12 2405 2406 2423 2422 2694 2695 2712 2711
12 2406 2407 2424 2423 2695 2696 2713 2712
12 2407 2408 2425 2424 2696 2697 2714 2713
12 2408 2409 2426 2425 2697 2698 2715 2714
12 2409 2410 2427 2426 2698 2699 2716 2715
12 2410 2411 2428 2427 2699 2700 2717 2716
12 2411 2412 2429 2428 2700 2701 2718 2717
12 2412 2413 2430 2429 2701 2702 2719 2718
12 2414 2415 2432 2431 2703 2704 2721 2720
12 2415 2416 2433 2432 2704 2705 2722 2721
12 2416 2417 2434 2433 2705 2706 2723 2722
12 2417 2418 2435 2434 2706 2707 2724 2723
12 2418 2419 2436 2435 2707 2708 2725 2724
12 2419 2420 2437 2436 2708 2709 2726 2725
12 2420 2421 2438 2437 2709 2710 2727 2726
12 2421 2422 2439 2438 2710 2711 2728 2727
12 2422 2423 2440 2439 2711 2712 2729 2728
12 2423 2424 2441 2440 2712 2713 2730 2729
12 2424 2425 2442 2441 2713 2714 2731 2730
12 2425 2426 2443 2442 2714 2715 2732 2731
12 2426 2427 2444 2443 2715 2716 2733 2732
12 2427 2428 2445 2444 2716 2717 2734 2733
12 2428 2429 2446 2445 2717 2718 2735 2734
12 2429 2430 2447 2446 2718 2719 2736 2735
12 2431 2432 2449 2448 2720 2721 2738 2737
12 2432 2433 2450 2449 2721 2722 2739 2738
12 2433 2434 2451 2450 2722 2723 2740 2739
12 2434 2435 2452 2451 2723 2724 2741 2740
12 2435 2436 2453 2452 2724 2725 2742 2741
12 2436 2437 2454 2453 2725 2726 2743 2742
12 2437 2438 2455 2454 2726 2727 2744 2743
12 2438 2439 2456 2455 2727 2728 2745 2744
12 2439 2440 2457 2456 2728 2729 2746 2745
12 2440 2441 2458 2457 2729 2730 2747 2746
12 2441 2442 2459 2458 2730 2731 2748 2747
12 2442 2443 2460 2459 2731 2732 2749 2748
12 2443 2444 2461 2460 2732 2733 2750 2749
12 2444 2445 2462 2461 2733 2734 2751 2750
12 2445 2446 2463 2462 2734 2735 2752 2751
12 2446 2447 2464 2463 2735 2736 2753 2752
12 2448 2449 2466 2465 2737 2738 2755 2754
12 2449 2450 2467 2466 2738 2739 2756 2755
12 2450 2451 2468 2467 2739 2740 2757 2756
12 2451 2452 2469 2468 2740 2741 2758 2757
12 2452 2453 2470 2469 2741 2742 2759 2758
12 2453 2454 2471 2470 2742 2743 2760 2759
12 2454 2455 2472 2471 2743 2744 2761 2760
12 2455 2456 2473 2472 2744 2745 2762 2761
12 2456 2457 2474 2473 2745 2746 2763 2762
12 2457 2458 2475 2474 2746 2747 2764 2763
12 2458 2459 2476 2475 2747 2748 2765 2764
12 2459 2460 2477 2476 2748 2749 2766 2765
12 2460 2461 2478 2477 2749 2750 2767 2766
12 2461 2462 2479 2478 2750 2751 2768 2767
12 2462 2463 2480 2479 2751 2752 2769 2768
12 2463 2464 2481 2480 2752 2753 2770 2769
12 2465 2466 2483 2482 2754 2755 2772 2771
12 2466 2467 2484 2483 2755 2756 2773 2772
12 2467 2468 2485 2484 2756 2757 2774 2773
12 2468 2469 2486 2485 2757 2758 2775 2774
12 2469 2470 2487 2486 2758 2759 2776 2775
12 2470 2471 2488 2487 2759 2760 2777 2776
12 2471 2472 2489 2488 2760 2761 2778 2777
12 2472 2473 2490 2489 2761 2762 2779 2778
12 2473 2474 2491 2490 2762 2763 2780 2779
12 2474 2475 2492 2491 2763 2764 2781 2780
12 2475 2476 2493 2492 2764 2765 2782 2781
12 2476 2477 2494 2493 2765 2766 2783 2782
12 2477 2478 2495 2494 2766 2767 2784 2783
12 2478 2479 2496 2495 2767 2768 2785 2784
12 2479 2480 2497 2496 2768 2769 2786 2785
12 2480 2481 2498 2497 2769 2770 2787 2786
12 2482 2483 2500 2499 2771 2772 2789 2788
12 2483 2484 2501 2500 2772 2773 2790 2789
12 2484 2485 2502 2501 2773 2774 2791 2790
12 2485 2486 2503 2502 2774 2775 2792 2791
12 2486 2487 2504 2503 2775 2776 2793 2792
12 2487 2488 2505 2504 2776 2777 2794 2793
12 2488 2489 2506 2505 2777 2778 2795 2794
12 2489 2490 2507 2506 2778 2779 2796 2795
12 2490 2491 2508 2507 2779 2780 2797 2796
12 2491 2492 2509 2508 2780 2781 2798 2797
12 2492 2493 2510 2509 2781 2782 2799 2798
12 2493 2494 2511 2510 2782 2783 2800 2799
12 2494 2495 2512 2511 2783 2784 2801 2800
12 2495 2496 2513 2512 2784 2785 2802 2801
12 2496 2497 2514 2513 2785 2786 2803 2802
12 2497 2498 2515 2514 2786 2787 2804 2803
12 2499 2500 2517 2516 2788 2789 2806 2805
12 2500 2501 2518 2517 2789 2790 2807 2806
12 2501 2502 2519 2518 2790 2791 2808 2807
12 2502 2503 2520 2519 2791 2792 2809 2808
12 2503 2504 2521 2520 2792 2793 2810 2809
12 2504 2505 2522 2521 2793 2794 2811 2810
12 2505 2506 2523 2522 2794 2795 2812 2811
12 2506 2507 2524 2523 2795 2796 2813 2812
12 2507 2508 2525 2524 2796 2797 2814 2813
12 2508 2509 2526 2525 2797 2798 2815 2814
12 2509 2510 2527 2526 2798 2799 2816 2815
12 2510 2511 2528 2527 2799 2800 2817 2816
12 2511 2512 2529 2528 2800 2801 2818 2817
12 2512 2513 2530 2529 2801 2802 2819 2818
12 2513 2514 2531 2530 2802 2803 2820 2819
12 2514 2515 2532 2531 2803 2804 2821 2820
12 2516 2517 2534 2533 2805 2806 2823 2822
12 2517 2518 2535 2534 2806 2807 2824 2823
12 2518 2519 2536 2535 2807 2808 2825 2824
12 2519 2520 2537 2536 2808 2809 2826 2825
12 2520 2521 2538 2537 2809 2810 2827 2826
12 2521 2522 2539 2538 2810 2811 2828 2827
12 2522 2523 2540 2539 2811 2812 2829 2828
12 2523 2524 2541 2540 2812 2813 2830 2829
12 2524 2525 2542 2541 2813 2814 2831 2830
12 2525 2526 2543 2542 2814 2815 2832 2831
12 2526 2527 2544 2543 2815 2816 2833 2832
12 2527 2528 2545 2544 2816 2817 2834 2833
12 2528 2529 2546 2545 2817 2818 2835 2834
12 2529 2530 2547 2546 2818 2819 2836 2835
12 2530 2531 2548 2547 2819 2820 2837 2836
12 2531 2532 2549 2548 2820 2821 2838 2837
12 2533 2534 2551 2550 2822 2823 2840 2839
12 2534 2535 2552 2551 2823 2824 2841 2840
12 2535 2536 2553 2552 2824 2825 2842 2841
12 2536 2537 2554 2553 2825 2826 2843 2842
12 2537 2538 2555 2554 2826 2827 2844 2843
12 2538 2539 2556 2555 2827 2828 2845 2844
12 2539 2540 2557 2556 2828 2829 2846 2845
12 2540 2541 2558 2557 2829 2830 2847 2846
12 2541 2542 2559 2558 2830 2831 2848 2847
12 2542 2543 2560 2559 2831 2832 2849 2848
12 2543 2544 2561 2560 2832 2833 2850 2849
12 2544 2545 2562 2561 2833 2834 2851 2850
12 2545 2546 2563 2562 2834 2835 2852 2851
12 2546 2547 2564 2563 2835 2836 2853 2852
12 2547 2548 2565 2564 2836 2837 2854 2853
12 2548 2549 2566 2565 2837 2838 2855 2854
12 2550 2551 2568 2567 2839 2840 2857 2856
12 2551 2552 2569 2568 2840 2841 2858 2857
12 2552 2553 2570 2569 2841 2842 2859 2858
12 2553 2554 2571 2570 2842 2843 2860 2859
12 2554 2555 2572 2571 2843 2844 2861 2860
12 2555 2556 2573 2572 2844 2845 2862 2861
12 2556 2557 2574 2573 2845 2846 2863 2862
12 2557 2558 2575 2574 2846 2847 2864 2863
12 2558 2559 2576 2575 2847 2848 2865 2864
12 2559 2560 2577 2576 2848 2849 2866 2865
12 2560 2561 2578 2577 2849 2850 2867 2866
12 2561 2562 2579 2578 2850 2851 2868 2867
12 2562 2563 2580 2579 2851 2852 2869 2868
12 2563 2564 2581 2580 2852 2853 2870 2869
12 2564 2565 2582 2581 2853 2854 2871 2870
12 2565 2566 2583 2582 2854 2855 2872 2871
12 2567 2568 2585 2584 2856 2857 2874 2873
12 2568 2569 2586 2585 2857 2858 2875 2874
12 2569 2570 2587 2586 2858 2859 2876 2875
12 2570 2571 2588 2587 2859 2860 2877 2876
12 2571 2572 2589 2588 2860 2861 2878 2877
12 2572 2573 2590 2589 2861 2862 2879 2878
12 2573 2574 2591 2590 2862 2863 2880 2879
12 2574 2575 2592 2591 2863 2864 2881 2880
12 2575 2576 2593 2592 2864 2865 2882 2881
12 2576 2577 2594 2593 2865 2866 2883 2882
12 2577 2578 2595 2594 2866 2867 2884 2883
12 2578 2579 2596 2595 2867 2868 2885 2884
12 2579 2580 2597 2596 2868 2869 2886 2885
12 2580 2581 2598 2597 2869 2870 2887 2886
12 2581 2582 2599 2598 2870 2871 2888 2887
12 2582 2583 2600 2599 2871 2872 2889 2888
12 2601 2602 2619 2618 2890 2891 2908 2907
12 2602 2603 2620 2619 2891 2892 2909 2908
12 2603 2604 2621 2620 2892 2893 2910 2909
12 2604 2605 2622 2621 2893 2894 2911 2910
12 2605 2606 2623 2622 2894 2895 2912 2911
12 2606 2607 2624 2623 2895 2896 2913 2912
12 2607 2608 2625 2624 2896 2897 2914 2913
12 2608 2609 2626 2625 2897 2898 2915 2914
12 2609 2610 2627 2626 2898 2899 2916 2915
12 2610 2611 2628 2627 2899 2900 2917 2916
12 2611 2612 2629 2628 2900 2901 2918 2917
12 2612 2613 2630 2629 2901 2902 2919 2918
12 2613 2614 2631 2630 2902 2903 2920 2919
12 2614 2615 2632 2631 2903 2904 2921 2920
12 2615 2616 2633 2632 2904 2905 2922 2921
12 2616 2617 2634 2633 2905 2906 2923 2922
12 2618 2619 2636 2635 2907 2908 2925 2924
12 2619 2620 2637 2636 2908 2909 2926 2925
12 2620 2621 2638 2637 2909 2910 2927 2926
12 2621 2622 2639 2638 2910 2911 2928 2927
12 2622 2623 2640 2639 2911 2912 2929 2928
12 2623 2624 2641 2640 2912 2913 2930 2929
12 2624 2625 2642 2641 2913 2914 2931 2930
12 2625 2626 2643 2642 2914 2915 2932 2931
12 2626 2627 2644 2643 2915 2916 2933 2932
12 2627 2628 2645 2644 2916 2917 2934 2933
12 2628 2629 2646 2645 2917 2918 2935 2934
12 2629 2630 2647 2646 2918 2919 2936 2935
12 2630 2631 2648 2647 2919 2920 2937 2936
12 2631 2632 2649 2648 2920 2921 2938 2937
12 2632 2633 2650 2649 2921 2922 2939 2938
12 2633 2634 2651 2650 2922 2923 2940 2939
12 2635 2636 2653 2652 2924 2925 2942 2941
12 2636 2637 2654 2653 2925 2926 2943 2942
12 2637 2638 2655 2654 2926 2927 2944 2943
12 2638 2639 2656 2655 2927 2928 2945 2944
12 2639 2640 2657 2656 2928 2929 2946 2945
12 2640 2641 2658 2657 2929 2930 2947 2946
12 2641 2642 2659 2658 2930 2931 2948 2947
12 2642 2643 2660 2659 2931 2932 2949 2948
12 2643 2644 2661 2660 2932 2933 2950 2949
12 2644 2645 2662 2661 2933 2934 2951 2950
12 2645 2646 2663 2662 2934 2935 2952 2951
12 2646 2647 2664 2663 2935 2936 2953 2952
12 2647 2648 2665 2664 2936 2937 2954 2953
12 2648 2649 2666 2665 2937 2938 2955 2954
12 2649 2650 2667 2666 2938 2939 2956 2955
12 2650 2651 2668 2667 2939 2940 2957 2956
12 2652 2653 2670 2669 2941 2942 2959 2958
12 2653 2654 2671 2670 2942 2943 2960 2959
12 2654 2655 2672 2671 2943 2944 2961 2960
12 2655 2656 2673 2672 2944 2945 2962 2961
12 2656 2657 2674 2673 2945 2946 2963 2962
12 2657 2658 2675 2674 2946 2947 2964 2963
12 2658 2659 2676 2675 2947 2948 2965 2964
12 2659 2660 2677 2676 2948 2949 2966 2965
12 2660 2661 2678 2677 2949 2950 2967 2966
12 2661 2662 2679 2678 2950 2951 2968 2967
12 2662 2663 2680 2679 2951 2952 2969 2968
12 2663 2664 2681 2680 2952 2953 2970 2969
12 2664 2665 2682 2681 2953 2954 2971 2970
12 2665 2666 2683 2682 2954 2955 2972 2971
12 2666 2667 2684 2683 2955 2956 2973 2972
12 2667 2668 2685 2684 2956 2957 2974 2973
12 2669 2670 2687 2686 2958 2959 2976 2975
12 2670 2671 2688 2687 2959 2960 2977 2976
12 2671 2672 2689 2688 2960 2961 2978 2977
12 2672 2673 2690 2689 2961 2962 2979 2978
12 2673 2674 2691 2690 2962 2963 2980 2979
12 2674 2675 2692 2691 2963 2964 2981 2980
12 2675 2676 2693 2692 2964 2965 2982 2981
12 2676 2677 2694 2693 2965 2966 2983 2982
12 2677 2678 2695 2694 2966 2967 2984 2983
12 2678 2679 2696 2695 2967 2968 2985 2984
12 2679 2680 2697 2696 2968 2969 2986 2985
12 2680 2681 2698 2697 2969 2970 2987 2986
12 2681 2682 2699 2698 2970 2971 2988 2987
12 2682 2683 2700 2699 2971 2972 2989 2988
12 2683 2684 2701 2700 2972 2973 2990 2989
12 2684 2685 2702 2701 2973 2974 2991 2990
12 2686 2687 2704 2703 2975 2976 2993 2992
12 2687 2688 2705 2704 2976 2977 2994 2993
12 2688 2689 2706 2705 2977 2978 2995 2994
12 2689 2690 2707 2706 2978 2979 2996 2995
12 2690 2691 2708 2707 2979 2980 2997 2996
12 2691 2692 2709 2708 2980 2981 2998 2997
12 2692 2693 2710 2709 2981 2982 2999 2998
12 2693 2694 2711 2710 2982 2983 3000 2999
12 2694 2695 2712 2711 2983 2984 3001 3000
12 2695 2696 2713 2712 2984 2985 3002 3001
12 2696 2697 2714 2713 2985 2986 3003 3002
12 2697 2698 2715 2714 2986 2987 3004 3003
12 2698 2699 2716 2715 2987 2988 3005 3004
12 2699 2700 2717 2716 2988 2989 3006 3005
12 2700 2701 2718 2717 2989 2990 3007 3006
12 2701 2702 2719 2718 2990 2991 3008 3007
12 2703 2704 2721 2720 2992 2993 3010 3009
12 2704 2705 2722 2721 2993 2994 3011 3010
12 2705 2706 2723 2722 2994 2995 3012 3011
12 2706 2707 2724 2723 2995 2996 3013 3012
12 2707 2708 2725 2724 2996 2997 3014 3013
12 2708 2709 2726 2725 2997 2998 3015 3014
12 2709 2710 2727 2726 2998 2999 3016 3015
12 2710 2711 2728 2727 2999 3000 3017 3016
12 2711 2712 2729 2728 3000 3001 3018 3017
12 2712 2713 2730 2729 3001 3002 3019 3018
12 2713 2714 2731 2730 3002 3003 3020 3019
12 2714 2715 2732 2731 3003 3004 3021 3020
12 2715 2716 2733 2732 3004 3005 3022 3021
12 2716 2717 2734 2733 3005 3006 3023 3022
12 2717 2718 2735 2734 3006 3007 3024 3023
12 2718 2719 2736 2735 3007 3008 3025 3024
12 2720 2721 2738 2737 3009 3010 3027 3026
12 2721 2722 2739 2738 3010 3011 3028 3027
12 2722 2723 2740 2739 3011 3012 3029 3028
12 2723 2724 2741 2740 3012 3013 3030 3029
12 2724 2725 2742 2741 3013 3014 3031 3030
12 2725 2726 2743 2742 3014 3015 3032 3031
12 2726 2727 2744 2743 3015 3016 3033 3032
12 2727 2728 2745 2744 3016 3017 3034 3033
12 2728 2729 2746 2745 3017 3018 3035 3034
12 2729 2730 2747 2746 3018 3019 3036 3035
12 2730 2731 2748 2747 3019 3020 3037 3036
12 2731 2732 2749 2748 3020 3021 3038 3037
12 2732 2733 2750 2749 3021 3022 3039 3038
12 2733 2734 2751 2750 3022 3023 3040 3039
12 2734 2735 2752 2751 3023 3024 3041 3040
12 2735 2736 2753 2752 3024 3025 3042 3041
12 2737 2738 2755 2754 3026 3027 3044 3043
12 2738 2739 2756 2755 3027 3028 3045 3044
12 2739 2740 2757 2756 3028 3029 3046 3045
12 2740 2741 2758 2757 3029 3030 3047 3046
12 2741 2742 2759 2758 3030 3031 3048 3047
12 2742 2743 2760 2759 3031 3032 3049 3048
12 2743 2744 2761 2760 3032 3033 3050 3049
12 2744 2745 2762 2761 3033 3034 3051 3050
12 2745 2746 2763 2762 3034 3035 3052 3051
12 2746 2747 2764 2763 3035 3036 3053 3052
12 2747 2748 2765 2764 3036 3037 3054 3053
12 2748 2749 2766 2765 3037 3038 3055 3054
12 2749 2750 2767 2766 3038 3039 3056 3055
12 2750 2751 2768 2767 3039 3040 3057 3056
12 2751 2752 2769 2768 3040 3041 3058 3057
12 2752 2753 2770 2769 3041 3042 3059 3058
12 2754 2755 2772 2771 3043 3044 3061 3060
12 2755 2756 2773 2772 3044 3045 3062 3061
12 2756 2757 2774 2773 3045 3046 3063 3062
12 2757 2758 2775 2774 3046 3047 3064 3063
12 2758 2759 2776 2775 3047 3048 3065 3064
12 2759 2760 2777 2776 3048 3049 3066 3065
12 2760 2761 2778 2777 3049 3050 3067 3066
12 2761 2762 2779 2778 3050 3051 3068 3067
12 2762 2763 2780 2779 3051 3052 3069 3068
12 2763 2764 2781 2780 3052 3053 3070 3069
12 2764 2765 2782 2781 3053 3054 3071 3070
12 2765 2766 2783 2782 3054 3055 3072 3071
12 2766 2767 2784 2783 3055 3056 3073 3072
12 2767 2768 2785 2784 3056 3057 3074 3073
12 2768 2769 2786 2785 3057 3058 3075 3074
12 2769 2770 2787 2786 3058 3059 3076 3075
12 2771 2772 2789 2788 3060 3061 3078 3077
12 2772 2773 2790 2789 3061 3062 3079 3078
12 2773 2774 2791 2790 3062 3063 3080 3079
12 2774 2775 2792 2791 3063 3064 3081 3080
12 2775 2776 2793 2792 3064 3065 3082 3081
12 2776 2777 2794 2793 3065 3066 3083 3082
12 2777 2778 2795 2794 3066 3067 3084 3083
12 2778 2779 2796 2795 3067 3068 3085 3084
12 2779 2780 2797 2796 3068 3069 3086 3085
12 2780 2781 2798 2797 3069 3070 3087 3086
12 2781 2782 2799 2798 3070 3071 3088 3087
12 2782 2783 2800 2799 3071 3072 3089 3088
12 2783 2784 2801 2800 3072 3073 3090 3089
12 2784 2785 2802 2801 3073 3074 3091 3090
12 2785 2786 2803 2802 3074 3075 3092 3091
12 2786 2787 2804 2803 3075 3076 3093 3092
12 2788 2789 2806 2805 3077 3078 3095 3094
12 2789 2790 2807 2806 3078 3079 3096 3095
12 2790 2791 2808 2807 3079 3080 3097 3096
12 2791 2792 2809 2808 3080 3081 3098 3097
12 2792 2793 2810 2809 3081 3082 3099 3098
12 2793 2794 2811 2810 3082 3083 3100 3099
12 2794 2795 2812 2811 3083 3084 3101 3100
12 2795 2796 2813 2812 3084 3085 3102 3101
12 2796 2797 2814 2813 3085 3086 3103 3102
12 2797 2798 2815 2814 3086 3087 3104 3103
12 2798 2799 2816 2815 3087 3088 3105 3104
12 2799 2800 2817 2816 3088 3089 3106 3105
12 2800 2801 2818 2817 3089 3090 3107 3106
12 2801 2802 2819 2818 3090 3091 3108 3107
12 2802 2803 2820 2819 3091 3092 3109 3108
12 2803 2804 2821 2820 3092 3093 3110 3109
12 2805 2806 2823 2822 3094 3095 3112 3111
12 2806 2807 2824 2823 3095 3096 3113 3112
12 2807 2808 2825 2824 3096 3097 3114 3113
12 2808 2809 2826 2825 3097 3098 3115 3114
12 2809 2810 2827 2826 3098 3099 3116 3115
12 2810 2811 2828 2827 3099 3100 3117 3116
12 2811 2812 2829 2828 3100 3101 3118 3117
12 2812 2813 2830 2829 3101 3102 3119 3118
12 2813 2814 2831 2830 3102 3103 3120 3119
12 2814 2815 2832 2831 3103 3104 3121 3120
12 2815 2816 2833 2832 3104 3105 3122 3121
12 2816 2817 2834 2833 3105 3106 3123 3122
12 2817 2818 2835 2834 3106 3107 3124 3123
12 2818 2819 2836 2835 3107 3108 3125 3124
12 2819 2820 2837 2836 3108 3109 3126 3125
12 2820 2821 2838 2837 3109 3110 3127 3126
12 2822 2823 2840 2839 3111 3112 3129 3128
12 2823 2824 2841 2840 3112 3113 3130 3129
12 2824 2825 2842 2841 3113 3114 3131 3130
12 2825 2826 2843 2842 3114 3115 3132 3131
12 2826 2827 2844 2843 3115 3116 3133 3132
12 2827 2828 2845 2844 3116 3117 3134 3133
12 2828 2829 2846 2845 3117 3118 3135 3134
12 2829 2830 2847 2846 3118 3119 3136 3135
12 2830 2831 2848 2847 3119 3120 3137 3136
12 2831 2832 2849 2848 3120 3121 3138 3137
12 2832 2833 2850 2849 3121 3122 3139 3138
12 2833 2834 2851 2850 3122 3123 3140 3139
12 2834 2835 2852 2851 3123 3124 3141 3140
12 2835 2836 2853 2852 3124 3125 3142 3141
12 2836 2837 2854 2853 3125 3126 3143 3142
12 2837 2838 2855 2854 3126 3127 3144 3143
12 2839 2840 2857 2856 3128 3129 3146 3145
12 2840 2841 2858 2857 3129 3130 3147 3146
12 2841 2842 2859 2858 3130 3131 3148 3147
12 2842 2843 2860 2859 3131 3132 3149 3148
12 2843 2844 2861 2860 3132 3133 3150 3149
12 2844 2845 2862 2861 3133 3134 3151 3150
12 2845 2846 2863 2862 3134 3135 3152 3151
12 2846 2847 2864 2863 3135 3136 3153 3152
12 2847 2848 2865 2864 3136 3137 3154 3153
12 2848 2849 2866 2865 3137 3138 3155 3154
12 2849 2850 2867 2866 3138 3139 3156 3155
12 2850 2851 2868 2867 3139 3140 3157 3156
12 2851 2852 2869 2868 3140 3141 3158 3157
12 2852 2853 2870 2869 3141 3142 3159 3158
12 2853 2854 2871 2870 3142 3143 3160 3159
12 2854 2855 2872 2871 3143 3144 3161 3160
12 2856 2857 2874 2873 3145 3146 3163 3162
12 2857 2858 2875 2874 3146 3147 3164 3163
12 2858 2859 2876 2875 3147 3148 3165 3164
12 2859 2860 2877 2876 3148 3149 3166 3165
12 2860 2861 2878 2877 3149 3150 3167 3166
12 2861 2862 2879 2878 3150 3151 3168 3167
12 2862 2863 2880 2879 3151 3152 3169 3168
12 2863 2864 2881 2880 3152 3153 3170 3169
12 2864 2865 2882 2881 3153 3154 3171 3170
12 2865 2866 2883 2882 3154 3155 3172 3171
12 2866 2867 2884 2883 3155 3156 3173 3172
12 2867 2868 2885 2884 3156 3157 3174 3173
12 2868 2869 2886 2885 3157 3158 3175 3174
12 2869 2870 2887 2886 3158 3159 3176 3175
12 2870 2871 2888 2887 3159 3160 3177 3176
12 2871 2872 2889 2888 3160 3161 3178 3177
12 2890 2891 2908 2907 3179 3180 3197 3196
12 2891 2892 2909 2908 3180 3181 3198 3197
12 2892 2893 2910 2909 3181 3182 3199 3198
12 2893 2894 2911 2910 3182 3183 3200 3199
12 2894 2895 2912 2911 3183 3184 3201 3200
12 2895 2896 2913 2912 3184 3185 3202 3201
12 2896 2897 2914 2913 3185 3186 3203 3202
12 2897 2898 2915 2914 3186 3187 3204 3203
12 2898 2899 2916 2915 3187 3188 3205 3204
12 2899 2900 2917 2916 3188 3189 3206 3205
12 2900 2901 2918 2917 3189 3190 3207 3206
12 2901 2902 2919 2918 3190 3191 3208 3207
12 2902 2903 2920 2919 3191 3192 3209 3208
12 2903 2904 2921 2920 3192 3193 3210 3209
12 2904 2905 2922 2921 3193 3194 3211 3210
12 2905 2906 2923 2922 3194 3195 3212 3211
12 2907 2908 2925 2924 3196 3197 3214 3213
12 2908 2909 2926 2925 3197 3198 3215 3214
12 2909 2910 2927 2926 3198 3199 3216 3215
12 2910 2911 2928 2927 3199 3200 3217 3216
12 2911 2912 2929 2928 3200 3201 3218 3217
12 2912 2913 2930 2929 3201 3202 3219 3218
12 2913 2914 2931 2930 3202 3203 3220 3219
12 2914 2915 2932 2931 3203 3204 3221 3220
12 2915 2916 2933 2932 3204 3205 3222 3221
12 2916 2917 2934 2933 3205 3206 3223 3222
12 2917 2918 2935 2934 3206 3207 3224 3223
12 2918 2919 2936 2935 3207 3208 3225 3224
12 2919 2920 2937 2936 3208 3209 3226 3225
12 2920 2921 2938 2937 3209 3210 3227 3226
12 2921 2922 2939 2938 3210 3211 3228 3227
12 2922 2923 2940 2939 3211 3212 3229 3228
12 2924 2925 2942 2941 3213 3214 3231 3230
12 2925 2926 2943 2942 3214 3215 3232 3231
12 2926 2927 2944 2943 3215 3216 3233 3232
12 2927 2928 2945 2944 3216 3217 3234 3233
12 2928 2929 2946 2945 3217 3218 3235 3234
12 2929 2930 2947 2946 3218 3219 3236 3235
12 2930 2931 2948 2947 3219 3220 3237 3236
12 2931 2932 2949 2948 3220 3221 3238 3237
12 2932 2933 2950 2949 3221 3222 3239 3238
12 2933 2934 2951 2950 3222 3223 3240 3239
12 2934 2935 2952 2951 3223 3224 3241 3240
12 2935 2936 2953 2952 3224 3225 3242 3241
12 2936 2937 2954 2953 3225 3226 3243 3242
12 2937 2938 2955 2954 3226 3227 3244 3243
12 2938 2939 2956 2955 3227 3228 3245 3244
12 2939 2940 2957 2956 3228 3229 3246 3245
12 2941 2942 2959 2958 3230 3231 3248 3247
12 2942 2943 2960 2959 3231 3232 3249 3248
12 2943 2944 2961 2960 3232 3233 3250 3249
12 2944 2945 2962 2961 3233 3234 3251 3250
12 2945 2946 2963 2962 3234 3235 3252 3251
12 2946 2947 2964 2963 3235 3236 3253 3252
12 2947 2948 2965 2964 3236 3237 3254 3253
12 2948 2949 2966 2965 3237 3238 3255 3254
12 2949 2950 2967 2966 3238 3239 3256 3255
12 2950 2951 2968 2967 3239 3240 3257 3256
12 2951 2952 2969 2968 3240 3241 3258 3257
12 2952 2953 2970 2969 3241 3242 3259 3258
12 2953 2954 2971 2970 3242 3243 3260 3259
12 2954 2955 2972 2971 3243 3244 3261 3260
12 2955 2956 2973 2972 3244 3245 3262 3261
12 2956 2957 2974 2973 3245 3246 3263 3262
12 2958 2959 2976 2975 3247 3248 3265 3264
12 2959 2960 2977 2976 3248 3249 3266 3265
12 2960 2961 2978 2977 3249 3250 3267 3266
12 2961 2962 2979 2978 3250 3251 3268 3267
12 2962 2963 2980 2979 3251 3252 3269 3268
12 2963 2964 2981 2980 3252 3253 3270 3269
12 2964 2965 2982 2981 3253 3254 3271 3270
12 2965 2966 2983 2982 3254 3255 3272 3271
12 2966 2967 2984 2983 3255 3256 3273 3272
12 2967 2968 2985 2984 3256 3257 3274 3273
12 2968 2969 2986 2985 3257 3258 3275 3274
12 2969 2970 2987 2986 3258 3259 3276 3275
12 2970 2971 2988 2987 3259 3260 3277 3276
12 2971 2972 2989 2988 3260 3261 3278 3277
12 2972 2973 2990 2989 3261 3262 3279 3278
12 2973 2974 2991 2990 3262 3263 3280 3279
12 2975 2976 2993 2992 3264 3265 3282 3281
12 2976 2977 2994 2993 3265 3266 3283 3282
12 2977 2978 2995 2994 3266 3267 3284 3283
12 2978 2979 2996 2995 3267 3268 3285 3284
12 2979 2980 2997 2996 3268 3269 3286 3285
12 2980 2981 2998 2997 3269 3270 3287 3286
12 2981 2982 2999 2998 3270 3271 3288 3287
12 2982 2983 3000 2999 3271 3272 3289 3288
12 2983 2984 3001 3000 3272 3273 3290 3289
12 2984 2985 3002 3001 3273 3274 3291 3290
12 2985 2986 3003 3002 3274 3275 3292 3291
12 2986 2987 3004 3003 3275 3276 3293 3292
12 2987 2988 3005 3004 3276 3277 3294 3293
12 2988 2989 3006 3005 3277 3278 3295 3294
12 2989 2990 3007 3006 3278 3279 3296 3295
12 2990 2991 3008 3007 3279 3280 3297 3296
12 2992 2993 3010 3009 3281 3282 3299 3298
12 2993 2994 3011 3010 3282 3283 3300 3299
12 2994 2995 3012 3011 3283 3284 3301 3300
12 2995 2996 3013 3012 3284 3285 3302 3301
12 2996 2997 3014 3013 3285 3286 3303 3302
12 2997 2998 3015 3014 3286 3287 3304 3303
12 2998 2999 3016 3015 3287 3288 3305 3304
12 2999 3000 3017 3016 3288 3289 3306 3305
12 3000 3001 3018 3017 3289 3290 3307 3306
12 3001 3002 3019 3018 3290 3291 3308 3307
12 3002 3003 3020 3019 3291 3292 3309 3308
12 3003 3004 3021 3020 3292 3293 3310 3309
12 3004 3005 3022 3021 3293 3294 3311 3310
12 3005 3006 3023 3022 3294 3295 3312 3311
12 3006 3007 3024 3023 3295 3296 3313 3312
12 3007 3008 3025 3024 3296 3297 3314 3313
12 3009 3010 3027 3026 3298 3299 3316 3315
12 3010 3011 3028 3027 3299 3300 3317 3316
12 3011 3012 3029 3028 3300 3301 3318 3317
12 3012 3013 3030 3029 3301 3302 3319 3318
12 3013 3014 3031 3030 3302 3303 3320 3319
12 3014 3015 3032 3031 3303 3304 3321 3320
12 3015 3016 3033 3032 3304 3305 3322 3321
12 3016 3017 3034 3033 3305 3306 3323 3322
12 3017 3018 3035 3034 3306 3307 3324 3323
12 3018 3019 3036 3035 3307 3308 3325 3324
12 3019 3020 3037 3036 3308 3309 3326 3325
12 3020 3021 3038 3037 3309 3310 3327 3326
12 3021 3022 3039 3038 3310 3311 3328 3327
12 3022 3023 3040 3039 3311 3312 3329 3328
12 3023 3024 3041 3040 3312 3313 3330 3329
12 3024 3025 3042 3041 3313 3314 3331 3330
12 3026 3027 3044 3043 3315 3316 3333 3332
12 3027 3028 3045 3044 3316 3317 3334 3333
12 3028 3029 3046 3045 3317 3318 3335 3334
12 3029 3030 3047 3046 3318 3319 3336 3335
12 3030 3031 3048 3047 3319 3320 3337 3336
12 3031 3032 3049 3048 3320 3321 3338 3337
12 3032 3033 3050 3049 3321 3322 3339 3338
12 3033 3034 3051 3050 3322 3323 3340 3339
12 3034 3035 3052 3051 3323 3324 3341 3340
12 3035 3036 3053 3052 3324 3325 3342 3341
12 3036 3037 3054 3053 3325 3326 3343 3342
12 3037 3038 3055 3054 3326 3327 3344 3343
12 3038 3039 3056 3055 3327 3328 3345 3344
12 3039 3040 3057 3056 3328 3329 3346 3345
12 3040 3041 3058 3057 3329 3330 3347 3346
12 3041 3042 3059 3058 3330 3331 3348 3347
12 3043 3044 3061 3060 3332 3333 3350 3349
12 3044 3045 3062 3061 3333 3334 3351 3350
12 3045 3046 3063 3062 3334 3335 3352 3351
12 3046 3047 3064 3063 3335 3336 3353 3352
12 3047 3048 3065 3064 3336 3337 3354 3353
12 3048 3049 3066 3065 3337 3338 3355 3354
12 3049 3050 3067 3066 3338 3339 3356 3355
12 3050 3051 3068 3067 3339 3340 3357 3356
12 3051 3052 3069 3068 3340 3341 3358 3357
12 3052 3053 3070 3069 3341 3342 3359 3358
12 3053 3054 3071 3070 3342 3343 3360 3359
12 3054 3055 3072 3071 3343 3344 3361 3360
12 3055 3056 3073 3072 3344 3345 3362 3361
12 3056 3057 3074 3073 3345 3346 3363 3362
12 3057 3058 3075 3074 3346 3347 3364 3363
12 3058 3059 3076 3075 3347 3348 3365 3364
12 3060 3061 3078 3077 3349 3350 3367 3366
12 3061 3062 3079 3078 3350 3351 3368 3367
12 3062 3063 3080 3079 3351 3352 3369 3368
12 3063 3064 3081 3080 3352 3353 3370 3369
12 3064 3065 3082 3081 3353 3354 3371 3370
12 3065 3066 3083 3082 3354 3355 3372 3371
12 3066 3067 3084 3083 3355 3356 3373 3372
12 3067 3068 3085 3084 3356 3357 3374 3373
12 3068 3069 3086 3085 3357 3358 3375 3374
12 3069 3070 3087 3086 3358 3359 3376 3375
12 3070 3071 3088 3087 3359 3360 3377 3376
12 3071 3072 3089 3088 3360 3361 3378 3377
12 3072 3073 3090 3089 3361 3362 3379 3378
12 3073 3074 3091 3090 3362 3363 3380 3379
12 3074 3075 3092 3091 3363 3364 3381 3380
12 3075 3076 3093 3092 3364 3365 3382 3381
12 3077 3078 3095 3094 3366 3367 3384 3383
12 3078 3079 3096 3095 3367 3368 3385 3384
12 3079 3080 3097 3096 3368 3369 3386 3385
12 3080 3081 3098 3097 3369 3370 3387 3386
12 3081 3082 3099 3098 3370 3371 3388 3387
12 3082 3083 3100 3099 3371 3372 3389 3388
12 3083 3084 3101 3100 3372 3373 3390 3389
12 3084 3085 3102 3101 3373 3374 3391 3390
12 3085 3086 3103 3102 3374 3375 3392 3391
12 3086 3087 3104 3103 3375 3376 3393 3392
12 3087 3088 3105 3104 3376 3377 3394 3393
12 3088 3089 3106 3105 3377 3378 3395 3394
12 3089 3090 3107 3106 3378 3379 3396 3395
12 3090 3091 3108 3107 3379 3380 3397 3396
12 3091 3092 3109 3108 3380 3381 3398 3397
12 3092 3093 3110 3109 3381 3382 3399 3398
12 3094 3095 3112 3111 3383 3384 3401 3400
12 3095 3096 3113 3112 3384 3385 3402 3401
12 3096 3097 3114 3113 3385 3386 3403 3402
12 3097 3098 3115 3114 3386 3387 3404 3403
12 3098 3099 3116 3115 3387 3388 3405 3404
12 3099 3100 3117 3116 3388 3389 3406 3405
12 3100 3101 3118 3117 3389 3390 3407 3406
12 3101 3102 3119 3118 3390 3391 3408 3407
12 3102 3103 3120 3119 3391 3392 3409 3408
12 3103 3104 3121 3120 3392 3393 3410 3409
12 3104 3105 3122 3121 3393 3394 3411 3410
12 3105 3106 3123 3122 3394 3395 3412 3411
12 3106 3107 3124 3123 3395 3396 3413 3412
12 3107 3108 3125 3124 3396 3397 3414 3413
12 3108 3109 3126 3125 3397 3398 3415 3414
12 3109 3110 3127 3126 3398 3399 3416 3415
12 3111 3112 3129 3128 3400 3401 3418 3417
12 3112 3113 3130 3129 3401 3402 3419 3418
12 3113 3114 3131 3130 3402 3403 3420 3419
12 3114 3115 3132 3131 3403 3404 3421 3420
12 3115 3116 3133 3132 3404 3405 3422 3421
12 3116 3117 3134 3133 3405 3406 3423 3422
12 3117 3118 3135 3134 3406 3407 3424 3423
12 3118 3119 3136 3135 3407 3408 3425 3424
12 3119 3120 3137 3136 3408 3409 3426 3425
12 3120 3121 3138 3137 3409 3410 3427 3426
12 3121 3122 3139 3138 3410 3411 3428 3427
12 3122 3123 3140 3139 3411 3412 3429 3428
12 3123 3124 3141 3140 3412 3413 3430 3429
12 3124 3125 3142 3141 3413 3414 3431 3430
12 3125 3126 3143 3142 3414 3415 3432 3431
12 3126 3127 3144 3143 3415 3416 3433 3432
12 3128 3129 3146 3145 3417 3418 3435 3434
12 3129 3130 3147 3146 3418 3419 3436 3435
12 3130 3131 3148 3147 3419 3420 3437 3436
12 3131 3132 3149 3148 3420 3421 3438 3437
12 3132 3133 3150 3149 3421 3422 3439 3438
12 3133 3134 3151 3150 3422 3423 3440 3439
12 3134 3135 3152 3151 3423 3424 3441 3440
12 3135 3136 3153 3152 3424 3425 3442 3441
12 3136 3137 3154 3153 3425 3426 3443 3442
12 3137 3138 3155 3154 3426 3427 3444 3443
12 3138 3139 3156 3155 3427 3428 3445 3444
12 3139 3140 3157 3156 3428 3429 3446 3445
12 3140 3141 3158 3157 3429 3430 3447 3446
12 3141 3142 3159 3158 3430 3431 3448 3447
12 3142 3143 3160 3159 3431 3432 3449 3448
12 3143 3144 3161 3160 3432 3433 3450 3449
12 3145 3146 3163 3162 3434 3435 3452 3451
12 3146 3147 3164 3163 3435 3436 3453 3452
12 3147 3148 3165 3164 3436 3437 3454 3453
12 3148 3149 3166 3165 3437 3438 3455 3454
12 3149 3150 3167 3166 3438 3439 3456 3455
12 3150 3151 3168 3167 3439 3440 3457 3456
12 3151 3152 3169 3168 3440 3441 3458 3457
12 3152 3153 3170 3169 3441 3442 3459 3458
12 3153 3154 3171 3170 3442 3443 3460 3459
12 3154 3155 3172 3171 3443 3444 3461 3460
12 3155 3156 3173 3172 3444 3445 3462 3461
12 3156 3157 3174 3173 3445 3446 3463 3462
12 3157 3158 3175 3174 3446 3447 3464 3463
12 3158 3159 3176 3175 3447 3448 3465 3464
12 3159 3160 3177 3176 3448 3449 3466 3465
12 3160 3161 3178 3177 3449 3450 3467 3466
12 3179 3180 3197 3196 3468 3469 3486 3485
12 3180 3181 3198 3197 3469 3470 3487 3486
12 3181 3182 3199 3198 3470 3471 3488 3487
12 3182 3183 3200 3199 3471 3472 3489 3488
12 3183 3184 3201 3200 3472 3473 3490 3489
12 3184 3185 3202 3201 3473 3474 3491 3490
12 3185 3186 3203 3202 3474 3475 3492 3491
12 3186 3187 3204 3203 3475 3476 3493 3492
12 3187 3188 3205 3204 3476 3477 3494 3493
12 3188 3189 3206 3205 3477 3478 3495 3494
12 3189 3190 3207 3206 3478 3479 3496 3495
12 3190 3191 3208 3207 3479 3480 3497 3496
12 3191 3192 3209 3208 3480 3481 3498 3497
12 3192 3193 3210 3209 3481 3482 3499 3498
12 3193 3194 3211 3210 3482 3483 3500 3499
12 3194 3195 3212 3211 3483 3484 3501 3500
12 3196 3197 3214 3213 3485 3486 3503 3502
12 3197 3198 3215 3214 3486 3487 3504 3503
12 3198 3199 3216 3215 3487 3488 3505 3504
12 3199 3200 3217 3216 3488 3489 3506 3505
12 3200 3201 3218 3217 3489 3490 3507 3506
12 3201 3202 3219 3218 3490 3491 3508 3507
12 3202 3203 3220 3219 3491 3492 3509 3508
12 3203 3204 3221 3220 3492 3493 3510 3509
12 3204 3205 3222 3221 3493 3494 3511 3510
12 3205 3206 3223 3222 3494 3495 3512 3511
12 3206 3207 3224 3223 3495 3496 3513 3512
12 3207 3208 3225 3224 3496 3497 3514 3513
12 3208 3209 3226 3225 3497 3498 3515 3514
12 3209 3210 3227 3226 3498 3499 3516 3515
12 3210 3211 3228 3227 3499 3500 3517 3516
12 3211 3212 3229 3228 3500 3501 3518 3517
12 3213 3214 3231 3230 3502 3503 3520 3519
12 3214 3215 3232 3231 3503 3504 3521 3520
12 3215 3216 3233 3232 3504 3505 3522 3521
12 3216 3217 3234 3233 3505 3506 3523 3522
12 3217 3218 3235 3234 3506 3507 3524 3523
12 3218 3219 3236 3235 3507 3508 3525 3524
12 3219 3220 3237 3236 3508 3509 3526 3525
12 3220 3221 3238 3237 3509 3510 3527 3526
12 3221 3222 3239 3238 3510 3511 3528 3527
12 3222 3223 3240 3239 3511 3512 3529 3528
12 3223 3224 3241 3240 3512 3513 3530 3529
12 3224 3225 3242 3241 3513 3514 3531 3530
12 3225 3226 3243 3242 3514 3515 3532 3531
12 3226 3227 3244 3243 3515 3516 3533 3532
12 3227 3228 3245 3244 3516 3517 3534 3533
12 3228 3229 3246 3245 3517 3518 3535 3534
12 3230 3231 3248 3247 3519 3520 3537 3536
12 3231 3232 3249 3248 3520 3521 3538 3537
12 3232 3233 3250 3249 3521 3522 3539 3538
12 3233 3234 3251 3250 3522 3523 3540 3539
12 3234 3235 3252 3251 3523 3524 3541 3540
12 3235 3236 3253 3252 3524 3525 3542 3541
12 3236 3237 3254 3253 3525 3526 3543 3542
12 3237 3238 3255 3254 3526 3527 3544 3543
12 3238 3239 3256 3255 3527 3528 3545 3544
12 3239 3240 3257 3256 3528 3529 3546 3545
12 3240 3241 3258 3257 3529 3530 3547 3546
12 3241 3242 3259 3258 3530 3531 3548 3547
12 3242 3243 3260 3259 3531 3532 3549 3548
12 3243 3244 3261 3260 3532 3533 3550 3549
12 3244 3245 3262 3261 3533 3534 3551 3550
12 3245 3246 3263 3262 3534 3535 3552 3551
12 3247 3248 3265 3264 3536 3537 3554 3553
12 3248 3249 3266 3265 3537 3538 3555 3554
12 3249 3250 3267 3266 3538 3539 3556 3555
12 3250 3251 3268 3267 3539 3540 3557 3556
12 3251 3252 3269 3268 3540 3541 3558 3557
12 3252 3253 3270 3269 3541 3542 3559 3558
12 3253 3254 3271 3270 3542 3543 3560 3559
12 3254 3255 3272 3271 3543 3544 3561 3560
12 3255 3256 3273 3272 3544 3545 3562 3561
12 3256 3257 3274 3273 3545 3546 3563 3562
12 3257 3258 3275 3274 3546 3547 3564 3563
12 3258 3259 3276 3275 3547 3548 3565 3564
12 3259 3260 3277 3276 3548 3549 3566 3565
12 3260 3261 3278 3277 3549 3550 3567 3566
12 3261 3262 3279 3278 3550 3551 3568 3567
12 3262 3263 3280 3279 3551 3552 3569 3568
12 3264 3265 3282 3281 3553 3554 3571 3570
12 3265 3266 3283 3282 3554 3555 3572 3571
12 3266 3267 3284 3283 3555 3556 3573 3572
12 3267 3268 3285 3284 3556 3557 3574 3573
12 3268 3269 3286 3285 3557 3558 3575 3574
12 3269 3270 3287 3286 3558 3559 3576 3575
12 3270 3271 3288 3287 3559 3560 3577 3576
12 3271 3272 3289 3288 3560 3561 3578 3577
12 3272 3273 3290 3289 3561 3562 3579 3578
12 3273 3274 3291 3290 3562 3563 3580 3579
12 3274 3275 3292 3291 3563 3564 3581 3580
12 3275 3276 3293 3292 3564 3565 3582 3581
12 3276 3277 3294 3293 3565 3566 3583 3582
12 3277 3278 3295 3294 3566 3567 3584 3583
12 3278 3279 3296 3295 3567 3568 3585 3584
12 3279 3280 3297 3296 3568 3569 3586 3585
12 3281 3282 3299 3298 3570 3571 3588 3587
12 3282 3283 3300 3299 3571 3572 3589 3588
12 3283 3284 3301 3300 3572 3573 3590 3589
12 3284 3285 3302 3301 3573 3574 3591 3590
12 3285 3286 3303 3302 3574 3575 3592 3591
12 3286 3287 3304 3303 3575 3576 3593 3592
12 3287 3288 3305 3304 3576 3577 3594 3593
12 3288 3289 3306 3305 3577 3578 3595 3594
12 3289 3290 3307 3306 3578 3579 3596 3595
12 3290 3291 3308 3307 3579 3580 3597 3596
12 3291 3292 3309 3308 3580 3581 3598 3597
12 3292 3293 3310 3309 3581 3582 3599 3598
12 3293 3294 3311 3310 3582 3583 3600 3599
12 3294 3295 3312 3311 3583 3584 3601 3600
12 3295 3296 3313 3312 3584 3585 3602 3601
12 3296 3297 3314 3313 3585 3586 3603 3602
12 3298 3299 3316 3315 3587 3588 3605 3604
12 3299 3300 3317 3316 3588 3589 3606 3605
12 3300 3301 3318 3317 3589 3590 3607 3606
12 3301 3302 3319 3318 3590 3591 3608 3607
12 3302 3303 3320 3319 3591 3592 3609 3608
12 3303 3304 3321 3320 3592 3593 3610 3609
12 3304 3305 3322 3321 3593 3594 3611 3610
12 3305 3306 3323 3322 3594 3595 3612 3611
12 3306 3307 3324 3323 3595 3596 3613 3612
12 3307 3308 3325 3324 3596 3597 3614 3613
12 3308 3309 3326 3325 3597 3598 3615 3614
12 3309 3310 3327 3326 3598 3599 3616 3615
12 3310 3311 3328 3327 3599 3600 3617 3616
12 3311 3312 3329 3328 3600 3601 3618 3617
12 3312 3313 3330 3329 3601 3602 3619 3618
12 3313 3314 3331 3330 3602 3603 3620 3619
12 3315 3316 3333 3332 3604 3605 3622 3621
12 3316 3317 3334 3333 3605 3606 3623 3622
12 3317 3318 3335 3334 3606 3607 3624 3623
12 3318 3319 3336 3335 3607 3608 3625 3624
12 3319 3320 3337 3336 3608 3609 3626 3625
12 3320 3321 3338 3337 3609 3610 3627 3626
12 3321 3322 3339 3338 3610 3611 3628 3627
12 3322 3323 3340 3339 3611 3612 3629 3628
12 3323 3324 3341 3340 3612 3613 3630 3629
12 3324 3325 3342 3341 3613 3614 3631 3630
12 3325 3326 3343 3342 3614 3615 3632 3631
12 3326 3327 3344 3343 3615 3616 3633 3632
12 3327 3328 3345 3344 3616 3617 3634 3633
12 3328 3329 3346 3345 3617 3618 3635 3634
12 3329 3330 3347 3346 3618 3619 3636 3635
12 3330 3331 3348 3347 3619 3620 3637 3636
12 3332 3333 3350 3349 3621 3622 3639 3638
12 3333 3334 3351 3350 3622 3623 3640 3639
12 3334 3335 3352 3351 3623 3624 3641 3640
12 3335 3336 3353 3352 3624 3625 3642 3641
12 3336 3337 3354 3353 3625 3626 3643 3642
12 3337 3338 3355 3354 3626 3627 3644 3643
12 3338 3339 3356 3355 3627 3628 3645 3644
12 3339 3340 3357 3356 3628 3629 3646 3645
12 3340 3341 3358 3357 3629 3630 3647 3646
12 3341 3342 3359 3358 3630 3631 3648 3647
12 3342 3343 3360 3359 3631 3632 3649 3648
12 3343 3344 3361 3360 3632 3633 3650 3649
12 3344 3345 3362 3361 3633 3634 3651 3650
12 3345 3346 3363 3362 3634 3635 3652 3651
12 3346 3347 3364 3363 3635 3636 3653 3652
12 3347 3348 3365 3364 3636 3637 3654 3653
12 3349 3350 3367 3366 3638 3639 3656 3655
12 3350 3351 3368 3367 3639 3640 3657 3656
12 3351 3352 3369 3368 3640 3641 3658 3657
12 3352 3353 3370 3369 3641 3642 3659 3658
12 3353 3354 3371 3370 3642 3643 3660 3659
12 3354 3355 3372 3371 3643 3644 3661 3660
12 3355 3356 3373 3372 3644 3645 3662 3661
12 3356 3357 3374 3373 3645 3646 3663 3662
12 3357 3358 3375 3374 3646 3647 3664 3663
12 3358 3359 3376 3375 3647 3648 3665 3664
12 3359 3360 3377 3376 3648 3649 3666 3665
12 3360 3361 3378 3377 3649 3650 3667 3666
12 3361 3362 3379 3378 3650 3651 3668 3667
12 3362 3363 3380 3379 3651 3652 3669 3668
12 3363 3364 3381 3380 3652 3653 3670 3669
12 3364 3365 3382 3381 3653 3654 3671 3670
12 3366 3367 3384 3383 3655 3656 3673 3672
12 3367 3368 3385 3384 3656 3657 3674 3673
12 3368 3369 3386 3385 3657 3658 3675 3674
12 3369 3370 3387 3386 3658 3659 3676 3675
12 3370 3371 3388 3387 3659 3660 3677 3676
12 3371 3372 3389 3388 3660 3661 3678 3677
12 3372 3373 3390 3389 3661 3662 3679 3678
12 3373 3374 3391 3390 3662 3663 3680 3679
12 3374 3375 3392 3391 3663 3664 3681 3680
12 3375 3376 3393 3392 3664 3665 3682 3681
12 3376 3377 3394 3393 3665 3666 3683 3682
12 3377 3378 3395 3394 3666 3667 3684 3683
12 3378 3379 3396 3395 3667 3668 3685 3684
12 3379 3380 3397 3396 3668 3669 3686 3685
12 3380 3381 3398 3397 3669 3670 3687 3686
12 3381 3382 3399 3398 3670 3671 3688 3687
12 3383 3384 3401 3400 3672 3673 3690 3689
12 3384 3385 3402 3401 3673 3674 3691 3690
12 3385 3386 3403 3402 3674 3675 3692 3691
12 3386 3387 3404 3403 3675 3676 3693 3692
12 3387 3388 3405 3404 3676 3677 3694 3693
12 3388 3389 3406 3405 3677 3678 3695 3694
12 3389 3390 3407 3406 3678 3679 3696 3695
12 3390 3391 3408 3407 3679 3680 3697 3696
12 3391 3392 3409 3408 3680 3681 3698 3697
12 3392 3393 3410 3409 3681 3682 3699 3698
12 3393 3394 3411 3410 3682 3683 3700 3699
12 3394 3395 3412 3411 3683 3684 3701 3700
12 3395 3396 3413 3412 3684 3685 3702 3701
12 3396 3397 3414 3413 3685 3686 3703 3702
12 3397 3398 3415 3414 3686 3687 3704 3703
12 3398 3399 3416 3415 3687 3688 3705 3704
12 3400 3401 3418 3417 3689 3690 3707 3706
12 3401 3402 3419 3418 3690 3691 3708 3707
12 3402 3403 3420 3419 3691 3692 3709 3708
12 3403 3404 3421 3420 3692 3693 3710 3709
12 3404 3405 3422 3421 3693 3694 3711 3710
12 3405 3406 3423 3422 3694 3695 3712 3711
12 3406 3407 3424 3423 3695 3696 3713 3712
12 3407 3408 3425 3424 3696 3697 3714 3713
12 3408 3409 3426 3425 3697 3698 3715 3714
12 3409 3410 3427 3426 3698 3699 3716 3715
12 3410 3411 3428 3427 3699 3700 3717 3716
12 3411 3412 3429 3428 3700 3701 3718 3717
12 3412 3413 3430 3429 3701 3702 3719 3718
12 3413 3414 3431 3430 3702 3703 3720 3719
12 3414 3415 3432 3431 3703 3704 3721 3720
12 3415 3416 3433 3432 3704 3705 3722 3721
12 3417 3418 3435 3434 3706 3707 3724 3723
12 3418 3419 3436 3435 3707 3708 3725 3724
12 3419 3420 3437 3436 3708 3709 3726 3725
12 3420 3421 3438 3437 3709 3710 3727 3726
12 3421 3422 3439 3438 3710 3711 3728 3727
12 3422 3423 3440 3439 3711 3712 3729 3728
12 3423 3424 3441 3440 3712 3713 3730 3729
12 3424 3425 3442 3441 3713 3714 3731 3730
12 3425 3426 3443 3442 3714 3715 3732 3731
12 3426 3427 3444 3443 3715 3716 3733 3732
12 3427 3428 3445 3444 3716 3717 3734 3733
12 3428 3429 3446 3445 3717 3718 3735 3734
12 3429 3430 3447 3446 3718 3719 3736 3735
12 3430 3431 3448 3447 3719 3720 3737 3736
12 3431 3432 3449 3448 3720 3721 3738 3737
12 3432 3433 3450 3449 3721 3722 3739 3738
12 3434 3435 3452 3451 3723 3724 3741 3740
12 3435 3436 3453 3452 3724 3725 3742 3741
12 3436 3437 3454 3453 3725 3726 3743 3742
12 3437 3438 3455 3454 3726 3727 3744 3743
12 3438 3439 3456 3455 3727 3728 3745 3744
12 3439 3440 3457 3456 3728 3729 3746 3745
12 3440 3441 3458 3457 3729 3730 3747 3746
12 3441 3442 3459 3458 3730 3731 3748 3747
12 3442 3443 3460 3459 3731 3732 3749 3748
12 3443 3444 3461 3460 3732 3733 3750 3749
12 3444 3445 3462 3461 3733 3734 3751 3750
12 3445 3446 3463 3462 3734 3735 3752 3751
12 3446 3447 3464 3463 3735 3736 3753 3752
12 3447 3448 3465 3464 3736 3737 3754 3753
12 3448 3449 3466 3465 3737 3738 3755 3754
12 3449 3450 3467 3466 3738 3739 3756 3755
12 3468 3469 3486 3485 3757 3758 3775 3774
12 3469 3470 3487 3486 3758 3759 3776 3775
12 3470 3471 3488 3487 3759 3760 3777 3776
12 3471 3472 3489 3488 3760 3761 3778 3777
12 3472 3473 3490 3489 3761 3762 3779 3778
12 3473 3474 3491 3490 3762 3763 3780 3779
12 3474 3475 3492 3491 3763 3764 3781 3780
12 3475 3476 3493 3492 3764 3765 3782 3781
12 3476 3477 3494 3493 3765 3766 3783 3782
12 3477 3478 3495 3494 3766 3767 3784 3783
12 3478 3479 3496 3495 3767 3768 3785 3784
12 3479 3480 3497 3496 3768 3769 3786 3785
12 3480 3481 3498 3497 3769 3770 3787 3786
12 3481 3482 3499 3498 3770 3771 3788 3787
12 3482 3483 3500 3499 3771 3772 3789 3788
12 3483 3484 3501 3500 3772 3773 3790 3789
12 3485 3486 3503 3502 3774 3775 3792 3791
12 3486 3487 3504 3503 3775 3776 3793 3792
12 3487 3488 3505 3504 3776 3777 3794 3793
12 3488 3489 3506 3505 3777 3778 3795 3794
12 3489 3490 3507 3506 3778 3779 3796 3795
12 3490 3491 3508 3507 3779 3780 3797 3796
12 3491 3492 3509 3508 3780 3781 3798 3797
12 3492 3493 3510 3509 3781 3782 3799 3798
12 3493 3494 3511 3510 3782 3783 3800 3799
12 3494 3495 3512 3511 3783 3784 3801 3800
12 3495 3496 3513 3512 3784 3785 3802 3801
12 3496 3497 3514 3513 3785 3786 3803 3802
12 3497 3498 3515 3514 3786 3787 3804 3803
12 3498 3499 3516 3515 3787 3788 3805 3804
12 3499 3500 3517 3516 3788 3789 3806 3805
12 3500 3501 3518 3517 3789 3790 3807 3806
12 3502 3503 3520 3519 3791 3792 3809 3808
12 3503 3504 3521 3520 3792 3793 3810 3809
12 3504 3505 3522 3521 3793 3794 3811 3810
12 3505 3506 3523 3522 3794 3795 3812 3811
12 3506 3507 3524 3523 3795 3796 3813 3812
12 3507 3508 3525 3524 3796 3797 3814 3813
12 3508 3509 3526 3525 3797 3798 3815 3814
12 3509 3510 3527 3526 3798 3799 3816 3815
12 3510 3511 3528 3527 3799 3800 3817 3816
12 3511 3512 3529 3528 3800 3801 3818 3817
12 3512 3513 3530 3529 3801 3802 3819 3818
12 3513 3514 3531 3530 3802 3803 3820 3819
12 3514 3515 3532 3531 3803 3804 3821 3820
12 3515 3516 3533 3532 3804 3805 3822 3821
12 3516 3517 3534 3533 3805 3806 3823 3822
12 3517 3518 3535 3534 3806 3807 3824 3823
12 3519 3520 3537 3536 3808 3809 3826 3825
12 3520 3521 3538 3537 3809 3810 3827 3826
12 3521 3522 3539 3538 3810 3811 3828 3827
12 3522 3523 3540 3539 3811 3812 3829 3828
12 3523 3524 3541 3540 3812 3813 3830 3829
12 3524 3525 3542 3541 3813 3814 3831 3830
12 3525 3526 3543 3542 3814 3815 3832 3831
12 3526 3527 3544 3543 3815 3816 3833 3832
12 3527 3528 3545 3544 3816 3817 3834 3833
12 3528 3529 3546 3545 3817 3818 3835 3834
12 3529 3530 3547 3546 3818 3819 3836 3835
12 3530 3531 3548 3547 3819 3820 3837 3836
12 3531 3532 3549 3548 3820 3821 3838 3837
12 3532 3533 3550 3549 3821 3822 3839 3838
12 3533 3534 3551 3550 3822 3823 3840 3839
12 3534 3535 3552 3551 3823 3824 3841 3840
12 3536 3537 3554 3553 3825 3826 3843 3842
12 3537 3538 3555 3554 3826 3827 3844 3843
12 3538 3539 3556 3555 3827 3828 3845 3844
12 3539 3540 3557 3556 3828 3829 3846 3845
12 3540 3541 3558 3557 3829 3830 3847 3846
12 3541 3542 3559 3558 3830 3831 3848 3847
12 3542 3543 3560 3559 3831 3832 3849 3848
12 3543 3544 3561 3560 3832 3833 3850 3849
12 3544 3545 3562 3561 3833 3834 3851 3850
12 3545 3546 3563 3562 3834 3835 3852 3851
12 3546 3547 3564 3563 3835 3836 3853 3852
12 3547 3548 3565 3564 3836 3837 3854 3853
12 3548 3549 3566 3565 3837 3838 3855 3854
12 3549 3550 3567 3566 3838 3839 3856 3855
12 3550 3551 3568 3567 3839 3840 3857 3856
12 3551 3552 3569 3568 3840 3841 3858 3857
12 3553 3554 3571 3570 3842 3843 3860 3859
12 3554 3555 3572 3571 3843 3844 3861 3860
12 3555 3556 3573 3572 3844 3845 3862 3861
12 3556 3557 3574 3573 3845 3846 3863 3862
12 3557 3558 3575 3574 3846 3847 3864 3863
12 3558 3559 3576 3575 3847 3848 3865 3864
12 3559 3560 3577 3576 3848 3849 3866 3865
12 3560 3561 3578 3577 3849 3850 3867 3866
12 3561 3562 3579 3578 3850 3851 3868 3867
12 3562 3563 3580 3579 3851 3852 3869 3868
12 3563 3564 3581 3580 3852 3853 3870 3869
12 3564 3565 3582 3581 3853 3854 3871 3870
12 3565 3566 3583 3582 3854 3855 3872 3871
12 3566 3567 3584 3583 3855 3856 3873 3872
12 3567 3568 3585 3584 3856 3857 3874 3873
12 3568 3569 3586 3585 3857 3858 3875 3874
12 3570 3571 3588 3587 3859 3860 3877 3876
12 3571 3572 3589 3588 3860 3861 3878 3877
12 3572 3573 3590 3589 3861 3862 3879 3878
12 3573 3574 3591 3590 3862 3863 3880 3879
12 3574 3575 3592 3591 3863 3864 3881 3880
12 3575 3576 3593 3592 3864 3865 3882 3881
12 3576 3577 3594 3593 3865 3866 3883 3882
12 3577 3578 3595 3594 3866 3867 3884 3883
12 3578 3579 3596 3595 3867 3868 3885 3884
12 3579 3580 3597 3596 3868 3869 3886 3885
12 3580 3581 3598 3597 3869 3870 3887 3886
12 3581 3582 3599 3598 3870 3871 3888 3887
12 3582 3583 3600 3599 3871 3872 3889 3888
12 3583 3584 3601 3600 3872 3873 3890 3889
12 3584 3585 3602 3601 3873 3874 3891 3890
12 3585 3586 3603 3602 3874 3875 3892 3891
12 3587 3588 3605 3604 3876 3877 3894 3893
12 3588 3589 3606 3605 3877 3878 3895 3894
12 3589 3590 3607 3606 3878 3879 3896 3895
12 3590 3591 3608 3607 3879 3880 3897 3896
12 3591 3592 3609 3608 3880 3881 3898 3897
12 3592 3593 3610 3609 3881 3882 3899 3898
12 3593 3594 3611 3610 3882 3883 3900 3899
12 3594 3595 3612 3611 3883 3884 3901 3900
12 3595 3596 3613 3612 3884 3885 3902 3901
12 3596 3597 3614 3613 3885 3886 3903 3902
12 3597 3598 3615 3614 3886 3887 3904 3903
12 3598 3599 3616 3615 3887 3888 3905 3904
12 3599 3600 3617 3616 3888 3889 3906 3905
12 3600 3601 3618 3617 3889 3890 3907 3906
12 3601 3602 3619 3618 3890 3891 3908 3907
12 3602 3603 3620 3619 3891 3892 3909 3908
12 3604 3605 3622 3621 3893 3894 3911 3910
12 3605 3606 3623 3622 3894 3895 3912 3911
12 3606 3607 3624 3623 3895 3896 3913 3912
12 3607 3608 3625 3624 3896 3897 3914 3913
12 3608 3609 3626 3625 3897 3898 3915 3914
12 3609 3610 3627 3626 3898 3899 3916 3915
12 3610 3611 3628 3627 3899 3900 3917 3916
12 3611 3612 3629 3628 3900 3901 3918 3917
12 3612 3613 3630 3629 3901 3902 3919 3918
12 3613 3614 3631 3630 3902 3903 3920 3919
12 3614 3615 3632 3631 3903 3904 3921 3920
12 3615 3616 3633 3632 3904 3905 3922 3921
12 3616 3617 3634 3633 3905 3906 3923 3922
12 3617 3618 3635 3634 3906 3907 3924 3923
12 3618 3619 3636 3635 3907 3908 3925 3924
12 3619 3620 3637 3636 3908 3909 3926 3925
12 3621 3622 3639 3638 3910 3911 3928 3927
12 3622 3623 3640 3639 3911 3912 3929 3928
12 3623 3624 3641 3640 3912 3913 3930 3929
12 3624 3625 3642 3641 3913 3914 3931 3930
12 3625 3626 3643 3642 3914 3915 3932 3931
12 3626 3627 3644 3643 3915 3916 3933 3932
12 3627 3628 3645 3644 3916 3917 3934 3933
12 3628 3629 3646 3645 3917 3918 3935 3934
12 3629 3630 3647 3646 3918 3919 3936 3935
12 3630 3631 3648 3647 3919 3920 3937 3936
12 3631 3632 3649 3648 3920 3921 3938 3937
12 3632 3633 3650 3649 3921 3922 3939 3938
12 3633 3634 3651 3650 3922 3923 3940 3939
12 3634 3635 3652 3651 3923 3924 3941 3940
12 3635 3636 3653 3652 3924 3925 3942 3941
12 3636 3637 3654 3653 3925 3926 3943 3942
12 3638 3639 3656 3655 3927 3928 3945 3944
12 3639 3640 3657 3656 3928 3929 3946 3945
12 3640 3641 3658 3657 3929 3930 3947 3946
12 3641 3642 3659 3658 3930 3931 3948 3947
12 3642 3643 3660 3659 3931 3932 3949 3948
12 3643 3644 3661 3660 3932 3933 3950 3949
12 3644 3645 3662 3661 3933 3934 3951 3950
12 3645 3646 3663 3662 3934 3935 3952 3951
12 3646 3647 3664 3663 3935 3936 3953 3952
12 3647 3648 3665 3664 3936 3937 3954 3953
12 3648 3649 3666 3665 3937 3938 3955 3954
12 3649 3650 3667 3666 3938 3939 3956 3955
12 3650 3651 3668 3667 3939 3940 3957 3956
12 3651 3652 3669 3668 3940 3941 3958 3957
12 3652 3653 3670 3669 3941 3942 3959 3958
12 3653 3654 3671 3670 3942 3943 3960 3959
12 3655 3656 3673 3672 3944 3945 3962 3961
12 3656 3657 3674 3673 3945 3946 3963 3962
12 3657 3658 3675 3674 3946 3947 3964 3963
12 3658 3659 3676 3675 3947 3948 3965 3964
12 3659 3660 3677 3676 3948 3949 3966 3965
12 3660 3661 3678 3677 3949 3950 3967 3966
12 3661 3662 3679 3678 3950 3951 3968 3967
12 3662 3663 3680 3679 3951 3952 3969 3968
12 3663 3664 3681 3680 3952 3953 3970 3969
12 3664 3665 3682 3681 3953 3954 3971 3970
12 3665 3666 3683 3682 3954 3955 3972 3971
12 3666 3667 3684 3683 3955 3956 3973 3972
12 3667 3668 3685 3684 3956 3957 3974 3973
12 3668 3669 3686 3685 3957 3958 3975 3974
12 3669 3670 3687 3686 3958 3959 3976 3975
12 3670 3671 3688 3687 3959 3960 3977 3976
12 3672 3673 3690 3689 3961 3962 3979 3978
12 3673 3674 3691 3690 3962 3963 3980 3979
12 3674 3675 3692 3691 3963 3964 3981 3980
12 3675 3676 3693 3692 3964 3965 3982 3981
12 3676 3677 3694 3693 3965 3966 3983 3982
12 3677 3678 3695 3694 3966 3967 3984 3983
12 3678 3679 3696 3695 3967 3968 3985 3984
12 3679 3680 3697 3696 3968 3969 3986 3985
12 3680 3681 3698 3697 3969 3970 3987 3986
12 3681 3682 3699 3698 3970 3971 3988 3987
12 3682 3683 3700 3699 3971 3972 3989 3988
12 3683 3684 3701 3700 3972 3973 3990 3989
12 3684 3685 3702 3701 3973 3974 3991 3990
12 3685 3686 3703 3702 3974 3975 3992 3991
12 3686 3687 3704 3703 3975 3976 3993 3992
12 3687 3688 3705 3704 3976 3977 3994 3993
12 3689 3690 3707 3706 3978 3979 3996 3995
12 3690 3691 3708 3707 3979 3980 3997 3996
12 3691 3692 3709 3708 3980 3981 3998 3997
12 3692 3693 3710 3709 3981 3982 3999 3998
12 3693 3694 3711 3710 3982 3983 4000 3999
12 3694 3695 3712 3711 3983 3984 4001 4000
12 3695 3696 3713 3712 3984 3985 4002 4001
12 3696 3697 3714 3713 3985 3986 4003 4002
12 3697 3698 3715 3714 3986 3987 4004 4003
12 3698 3699 3716 3715 3987 3988 4005 4004
12 3699 3700 3717 3716 3988 3989 4006 4005
12 3700 3701 3718 3717 3989 3990 4007 4006
12 3701 3702 3719 3718 3990 3991 4008 4007
12 3702 3703 3720 3719 3991 3992 4009 4008
12 3703 3704 3721 3720 3992 3993 4010 4009
12 3704 3705 3722 3721 3993 3994 4011 4010
12 3706 3707 3724 3723 3995 3996 4013 4012
12 3707 3708 3725 3724 3996 3997 4014 4013
12 3708 3709 3726 3725 3997 3998 4015 4014
12 3709 3710 3727 3726 3998 3999 4016 4015
12 3710 3711 3728 3727 3999 4000 4017 4016
12 3711 3712 3729 3728 4000 4001 4018 4017
12 3712 3713 3730 3729 4001 4002 4019 4018
12 3713 3714 3731 3730 4002 4003 4020 4019
12 3714 3715 3732 3731 4003 4004 4021 4020
12 3715 3716 3733 3732 4004 4005 4022 4021
12 3716 3717 3734 3733 4005 4006 4023 4022
12 3717 3718 3735 3734 4006 4007 4024 4023
12 3718 3719 3736 3735 4007 4008 4025 4024
12 3719 3720 3737 3736 4008 4009 4026 4025
12 3720 3721 3738 3737 4009 4010 4027 4026
12 3721 3722 3739 3738 4010 4011 4028 4027
12 3723 3724 3741 3740 4012 4013 4030 4029
12 3724 3725 3742 3741 4013 4014 4031 4030
12 3725 3726 3743 3742 4014 4015 4032 4031
12 3726 3727 3744 3743 4015 4016 4033 4032
12 3727 3728 3745 3744 4016 4017 4034 4033
12 3728 3729 3746 3745 4017 4018 4035 4034
12 3729 3730 3747 3746 4018 4019 4036 4035
12 3730 3731 3748 3747 4019 4020 4037 4036
12 3731 3732 3749 3748 4020 4021 4038 4037
12 3732 3733 3750 3749 4021 4022 4039 4038
12 3733 3734 3751 3750 4022 4023 4040 4039
12 3734 3735 3752 3751 4023 4024 4041 4040
12 3735 3736 3753 3752 4024 4025 4042 4041
12 3736 3737 3754 3753 4025 4026 4043 4042
12 3737 3738 3755 3754 4026 4027 4044 4043
12 3738 3739 3756 3755 4027 4028 4045 4044
12 3757 3758 3775 3774 4046 4047 4064 4063
12 3758 3759 3776 3775 4047 4048 4065 4064
12 3759 3760 3777 3776 4048 4049 4066 4065
12 3760 3761 3778 3777 4049 4050 4067 4066
12 3761 3762 3779 3778 4050 4051 4068 4067
12 3762 3763 3780 3779 4051 4052 4069 4068
12 3763 3764 3781 3780 4052 4053 4070 4069
12 3764 3765 3782 3781 4053 4054 4071 4070
12 3765 3766 3783 3782 4054 4055 4072 4071
12 3766 3767 3784 3783 4055 4056 4073 4072
12 3767 3768 3785 3784 4056 4057 4074 4073
12 3768 3769 3786 3785 4057 4058 4075 4074
12 3769 3770 3787 3786 4058 4059 4076 4075
12 3770 3771 3788 3787 4059 4060 4077 4076
12 3771 3772 3789 3788 4060 4061 4078 4077
12 3772 3773 3790 3789 4061 4062 4079 4078
12 3774 3775 3792 3791 4063 4064 4081 4080
12 3775 3776 3793 3792 4064 4065 4082 4081
12 3776 3777 3794 3793 4065 4066 4083 4082
12 3777 3778 3795 3794 4066 4067 4084 4083
12 3778 3779 3796 3795 4067 4068 4085 4084
12 3779 3780 3797 3796 4068 4069 4086 4085
12 3780 3781 3798 3797 4069 4070 4087 4086
12 3781 3782 3799 3798 4070 4071 4088 4087
12 3782 3783 3800 3799 4071 4072 4089 4088
12 3783 3784 3801 3800 4072 4073 4090 4089
12 3784 3785 3802 3801 4073 4074 4091 4090
12 3785 3786 3803 3802 4074 4075 4092 4091
12 3786 3787 3804 3803 4075 4076 4093 4092
12 3787 3788 3805 3804 4076 4077 4094 4093
12 3788 3789 3806 3805 4077 4078 4095 4094
12 3789 3790 3807 3806 4078 4079 4096 4095
12 3791 3792 3809 3808 4080 4081 4098 4097
12 3792 3793 3810 3809 4081 4082 4099 4098
12 3793 3794 3811 3810 4082 4083 4100 4099
12 3794 3795 3812 3811 4083 4084 4101 4100
12 3795 3796 3813 3812 4084 4085 4102 4101
12 3796 3797 3814 3813 4085 4086 4103 4102
12 3797 3798 3815 3814 4086 4087 4104 4103
12 3798 3799 3816 3815 4087 4088 4105 4104
12 3799 3800 3817 3816 4088 4089 4106 4105
12 3800 3801 3818 3817 4089 4090 4107 4106
12 3801 3802 3819 3818 4090 4091 4108 4107
12 3802 3803 3820 3819 4091 4092 4109 4108
12 3803 3804 3821 3820 4092 4093 4110 4109
12 3804 3805 3822 3821 4093 4094 4111 4110
12 3805 3806 3823 3822 4094 4095 4112 4111
12 3806 3807 3824 3823 4095 4096 4113 4112
12 3808 3809 3826 3825 4097 4098 4115 4114
12 3809 3810 3827 3826 4098 4099 4116 4115
12 3810 3811 3828 3827 4099 4100 4117 4116
12 3811 3812 3829 3828 4100 4101 4118 4117
12 3812 3813 3830 3829 4101 4102 4119 4118
12 3813 3814 3831 3830 4102 4103 4120 4119
12 3814 3815 3832 3831 4103 4104 4121 4120
12 3815 3816 3833 3832 4104 4105 4122 4121
12 3816 3817 3834 3833 4105 4106 4123 4122
12 3817 3818 3835 3834 4106 4107 4124 4123
12 3818 3819 3836 3835 4107 4108 4125 4124
12 3819 3820 3837 3836 4108 4109 4126 4125
12 3820 3821 3838 3837 4109 4110 4127 4126
12 3821 3822 3839 3838 4110 4111 4128 4127
12 3822 3823 3840 3839 4111 4112 4129 4128
12 3823 3824 3841 3840 4112 4113 4130 4129
12 3825 3826 3843 3842 4114 4115 4132 4131
12 3826 3827 3844 3843 4115 4116 4133 4132
12 3827 3828 3845 3844 4116 4117 4134 4133
12 3828 3829 3846 3845 4117 4118 4135 4134
12 3829 3830 3847 3846 4118 4119 4136 4135
12 3830 3831 3848 3847 4119 4120 4137 4136
12 3831 3832 3849 3848 4120 4121 4138 4137
12 3832 3833 3850 3849 4121 4122 4139 4138
12 3833 3834 3851 3850 4122 4123 4140 4139
12 3834 3835 3852 3851 4123 4124 4141 4140
12 3835 3836 3853 3852 4124 4125 4142 4141
12 3836 3837 3854 3853 4125 4126 4143 4142
12 3837 3838 3855 3854 4126 4127 4144 4143
12 3838 3839 3856 3855 4127 4128 4145 4144
12 3839 3840 3857 3856 4128 4129 4146 4145
12 3840 3841 3858 3857 4129 4130 4147 4146
12 3842 3843 3860 3859 4131 4132 4149 4148
12 3843 3844 3861 3860 4132 4133 4150 4149
12 3844 3845 3862 3861 4133 4134 4151 4150
12 3845 3846 3863 3862 4134 4135 4152 4151
12 3846 3847 3864 3863 4135 4136 4153 4152
12 3847 3848 3865 3864 4136 4137 4154 4153
12 3848 3849 3866 3865 4137 4138 4155 4154
12 3849 3850 3867 3866 4138 4139 4156 4155
12 3850 3851 3868 3867 4139 4140 4157 4156
12 3851 3852 3869 3868 4140 4141 4158 4157
12 3852 3853 3870 3869 4141 4142 4159 4158
12 3853 3854 3871 3870 4142 4143 4160 4159
12 3854 3855 3872 3871 4143 4144 4161 4160
12 3855 3856 3873 3872 4144 4145 4162 4161
12 3856 3857 3874 3873 4145 4146 4163 4162
12 3857 3858 3875 3874 4146 4147 4164 4163
12 3859 3860 3877 3876 4148 4149 4166 4165
12 3860 3861 3878 3877 4149 4150 4167 4166
12 3861 3862 3879 3878 4150 4151 4168 4167
12 3862 3863 3880 3879 4151 4152 4169 4168
12 3863 3864 3881 3880 4152 4153 4170 4169
12 3864 3865 3882 3881 4153 4154 4171 4170
12 3865 3866 3883 3882 4154 4155 4172 4171
12 3866 3867 3884 3883 4155 4156 4173 4172
12 3867 3868 3885 3884 4156 4157 4174 4173
12 3868 3869 3886 3885 4157 4158 4175 4174
12 3869 3870 3887 3886 4158 4159 4176 4175
12 3870 3871 3888 3887 4159 4160 4177 4176
12 3871 3872 3889 3888 4160 4161 4178 4177
12 3872 3873 3890 3889 4161 4162 4179 4178
12 3873 3874 3891 3890 4162 4163 4180 4179
12 3874 3875 3892 3891 4163 4164 4181 4180
12 3876 3877 3894 3893 4165 4166 4183 4182
12 3877 3878 3895 3894 4166 4167 4184 4183
12 3878 3879 3896 3895 4167 4168 4185 4184
12 3879 3880 3897 3896 4168 4169 4186 4185
12 3880 3881 3898 3897 4169 4170 4187 4186
12 3881 3882 3899 3898 4170 4171 4188 4187
12 3882 3883 3900 3899 4171 4172 4189 4188
12 3883 3884 3901 3900 4172 4173 4190 4189
12 3884 3885 3902 3901 4173 4174 4191 4190
12 3885 3886 3903 3902 4174 4175 4192 4191
12 3886 3887 3904 3903 4175 4176 4193 4192
12 3887 3888 3905 3904 4176 4177 4194 4193
12 3888 3889 3906 3905 4177 4178 4195 4194
12 3889 3890 3907 3906 4178 4179 4196 4195
12 3890 3891 3908 3907 4179 4180 4197 4196
12 3891 3892 3909 3908 4180 4181 4198 4197
12 3893 3894 3911 3910 4182 4183 4200 4199
12 3894 3895 3912 3911 4183 4184 4201 4200
12 3895 3896 3913 3912 4184 4185 4202 4201
12 3896 3897 3914 3913 4185 4186 4203 4202
12 3897 3898 3915 3914 4186 4187 4204 4203
12 3898 3899 3916 3915 4187 4188 4205 4204
12 3899 3900 3917 3916 4188 4189 4206 4205
12 3900 3901 3918 3917 4189 4190 4207 4206
12 3901 3902 3919 3918 4190 4191 4208 4207
12 3902 3903 3920 3919 4191 4192 4209 4208
12 3903 3904 3921 3920 4192 4193 4210 4209
12 3904 3905 3922 3921 4193 4194 4211 4210
12 3905 3906 3923 3922 4194 4195 4212 4211
12 3906 3907 3924 3923 4195 4196 4213 4212
12 3907 3908 3925 3924 4196 4197 4214 4213
12 3908 3909 3926 3925 4197 4198 4215 4214
12 3910 3911 3928 3927 4199 4200 4217 4216
12 3911 3912 3929 3928 4200 4201 4218 4217
12 3912 3913 3930 3929 4201 4202 4219 4218
12 3913 3914 3931 3930 4202 4203 4220 4219
12 3914 3915 3932 3931 4203 4204 4221 4220
12 3915 3916 3933 3932 4204 4205 4222 4221
12 3916 3917 3934 3933 4205 4206 4223 4222
12 3917 3918 3935 3934 4206 4207 4224 4223
12 3918 3919 3936 3935 4207 4208 4225 4224
12 3919 3920 3937 3936 4208 4209 4226 4225
12 3920 3921 3938 3937 4209 4210 4227 4226
12 3921 3922 3939 3938 4210 4211 4228 4227
12 3922 3923 3940 3939 4211 4212 4229 4228
12 3923 3924 3941 3940 4212 4213 4230 4229
12 3924 3925 3942 3941 4213 4214 4231 4230
12 3925 3926 3943 3942 4214 4215 4232 4231
12 3927 3928 3945 3944 4216 4217 4234 4233
12 3928 3929 3946 3945 4217 4218 4235 4234
12 3929 3930 3947 3946 4218 4219 4236 4235
12 3930 3931 3948 3947 4219 4220 4237 4236
12 3931 3932 3949 3948 4220 4221 4238 4237
12 3932 3933 3950 3949 4221 4222 4239 4238
12 3933 3934 3951 3950 4222 4223 4240 4239
12 3934 3935 3952 3951 4223 4224 4241 4240
12 3935 3936 3953 3952 4224 4225 4242 4241
12 3936 3937 3954 3953 4225 4226 4243 4242
12 3937 3938 3955 3954 4226 4227 4244 4243
12 3938 3939 3956 3955 4227 4228 4245 4244
12 3939 3940 3957 3956 4228 4229 4246 4245
12 3940 3941 3958 3957 4229 4230 4247 4246
12 3941 3942 3959 3958 4230 4231 4248 4247
12 3942 3943 3960 3959 4231 4232 4249 4248
12 3944 3945 3962 3961 4233 4234 4251 4250
12 3945 3946 3963 3962 4234 4235 4252 4251
12 3946 3947 3964 3963 4235 4236 4253 4252
12 3947 3948 3965 3964 4236 4237 4254 4253
12 3948 3949 3966 3965 4237 4238 4255 4254
12 3949 3950 3967 3966 4238 4239 4256 4255
12 3950 3951 3968 3967 4239 4240 4257 4256
12 3951 3952 3969 3968 4240 4241 4258 4257
12 3952 3953 3970 3969 4241 4242 4259 4258
12 3953 3954 3971 3970 4242 4243 4260 4259
12 3954 3955 3972 3971 4243 4244 4261 4260
12 3955 3956 3973 3972 4244 4245 4262 4261
12 3956 3957 3974 3973 4245 4246 4263 4262
12 3957 3958 3975 3974 4246 4247 4264 4263
12 3958 3959 3976 3975 4247 4248 4265 4264
12 3959 3960 3977 3976 4248 4249 4266 4265
12 3961 3962 3979 3978 4250 4251 4268 4267
12 3962 3963 3980 3979 4251 4252 4269 4268
12 3963 3964 3981 3980 4252 4253 4270 4269
12 3964 3965 3982 3981 4253 4254 4271 4270
12 3965 3966 3983 3982 4254 4255 4272 4271
12 3966 3967 3984 3983 4255 4256 4273 4272
12 3967 3968 3985 3984 4256 4257 4274 4273
12 3968 3969 3986 3985 4257 4258 4275 4274
12 3969 3970 3987 3986 4258 4259 4276 4275
12 3970 3971 3988 3987 4259 4260 4277 4276
12 3971 3972 3989 3988 4260 4261 4278 4277
12 3972 3973 3990 3989 4261 4262 4279 4278
12 3973 3974 3991 3990 4262 4263 4280 4279
12 3974 3975 3992 3991 4263 4264 4281 4280
12 3975 3976 3993 3992 4264 4265 4282 4281
12 3976 3977 3994 3993 4265 4266 4283 4282
12 3978 3979 3996 3995 4267 4268 4285 4284
12 3979 3980 3997 3996 4268 4269 4286 4285
12 3980 3981 3998 3997 4269 4270 4287 4286
12 3981 3982 3999 3998 4270 4271 4288 4287
12 3982 3983 4000 3999 4271 4272 4289 4288
12 3983 3984 4001 4000 4272 4273 4290 4289
12 3984 3985 4002 4001 4273 4274 4291 4290
12 3985 3986 4003 4002 4274 4275 4292 4291
12 3986 3987 4004 4003 4275 4276 4293 4292
12 3987 3988 4005 4004 4276 4277 4294 4293
12 3988 3989 4006 4005 4277 4278 4295 4294
12 3989 3990 4007 4006 4278 4279 4296 4295
12 3990 3991 4008 4007 4279 4280 4297 4296
12 3991 3992 4009 4008 4280 4281 4298 4297
12 3992 3993 4010 4009 4281 4282 4299 4298
12 3993 3994 4011 4010 4282 4283 4300 4299
12 3995 3996 4013 4012 4284 4285 4302 4301
12 3996 3997 4014 4013 4285 4286 4303 4302
12 3997 3998 4015 4014 4286 4287 4304 4303
12 3998 3999 4016 4015 4287 4288 4305 4304
12 3999 4000 4017 4016 4288 4289 4306 4305
12 4000 4001 4018 4017 4289 4290 4307 4306
12 4001 4002 4019 4018 4290 4291 4308 4307
12 4002 4003 4020 4019 4291 4292 4309 4308
12 4003 4004 4021 4020 4292 4293 4310 4309
12 4004 4005 4022 4021 4293 4294 4311 4310
12 4005 4006 4023 4022 4294 4295 4312 4311
12 4006 4007 4024 4023 4295 4296 4313 4312
12 4007 4008 4025 4024 4296 4297 4314 4313
12 4008 4009 4026 4025 4297 4298 4315 4314
12 4009 4010 4027 4026 4298 4299 4316 4315
12 4010 4011 4028 4027 4299 4300 4317 4316
12 4012 4013 4030 4029 4301 4302 4319 4318
12 4013 4014 4031 4030 4302 4303 4320 4319
12 4014 4015 4032 4031 4303 4304 4321 4320
12 4015 4016 4033 4032 4304 4305 4322 4321
12 4016 4017 4034 4033 4305 4306 4323 4322
12 4017 4018 4035 4034 4306 4307 4324 4323
12 4018 4019 4036 4035 4307 4308 4325 4324
12 4019 4020 4037 4036 4308 4309 4326 4325
12 4020 4021 4038 4037 4309 4310 4327 4326
12 4021 4022 4039 4038 4310 4311 4328 4327
12 4022 4023 4040 4039 4311 4312 4329 4328
12 4023 4024 4041 4040 4312 4313 4330 4329
12 4024 4025 4042 4041 4313 4314 4331 4330
12 4025 4026 4043 4042 4314 4315 4332 4331
12 4026 4027 4044 4043 4315 4316 4333 4332
12 4027 4028 4045 4044 4316 4317 4334 4333
12 4046 4047 4064 4063 4335 4336 4353 4352
12 4047 4048 4065 4064 4336 4337 4354 4353
12 4048 4049 4066 4065 4337 4338 4355 4354
12 4049 4050 4067 4066 4338 4339 4356 4355
12 4050 4051 4068 4067 4339 4340 4357 4356
12 4051 4052 4069 4068 4340 4341 4358 4357
12 4052 4053 4070 4069 4341 4342 4359 4358
12 4053 4054 4071 4070 4342 4343 4360 4359
12 4054 4055 4072 4071 4343 4344 4361 4360
12 4055 4056 4073 4072 4344 4345 4362 4361
12 4056 4057 4074 4073 4345 4346 4363 4362
12 4057 4058 4075 4074 4346 4347 4364 4363
12 4058 4059 4076 4075 4347 4348 4365 4364
12 4059 4060 4077 4076 4348 4349 4366 4365
12 4060 4061 4078 4077 4349 4350 4367 4366
12 4061 4062 4079 4078 4350 4351 4368 4367
12 4063 4064 4081 4080 4352 4353 4370 4369
12 4064 4065 4082 4081 4353 4354 4371 4370
12 4065 4066 4083 4082 4354 4355 4372 4371
12 4066 4067 4084 4083 4355 4356 4373 4372
12 4067 4068 4085 4084 4356 4357 4374 4373
12 4068 4069 4086 4085 4357 4358 4375 4374
12 4069 4070 4087 4086 4358 4359 4376 4375
12 4070 4071 4088 4087 4359 4360 4377 4376
12 4071 4072 4089 4088 4360 4361 4378 4377
12 4072 4073 4090 4089 4361 4362 4379 4378
12 4073 4074 4091 4090 4362 4363 4380 4379
12 4074 4075 4092 4091 4363 4364 4381 4380
12 4075 4076 4093 4092 4364 4365 4382 4381
12 4076 4077 4094 4093 4365 4366 4383 4382
12 4077 4078 4095 4094 4366 4367 4384 4383
12 4078 4079 4096 4095 4367 4368 4385 4384
12 4080 4081 4098 4097 4369 4370 4387 4386
12 4081 4082 4099 4098 4370 4371 4388 4387
12 4082 4083 4100 4099 4371 4372 4389 4388
12 4083 4084 4101 4100 4372 4373 4390 4389
12 4084 4085 4102 4101 4373 4374 4391 4390
12 4085 4086 4103 4102 4374 4375 4392 4391
12 4086 4087 4104 4103 4375 4376 4393 4392
12 4087 4088 4105 4104 4376 4377 4394 4393
12 4088 4089 4106 4105 4377 4378 4395 4394
12 4089 4090 4107 4106 4378 4379 4396 4395
12 4090 4091 4108 4107 4379 4380 4397 4396
12 4091 4092 4109 4108 4380 4381 4398 4397
12 4092 4093 4110 4109 4381 4382 4399 4398
12 4093 4094 4111 4110 4382 4383 4400 4399
12 4094 4095 4112 4111 4383 4384 4401 4400
12 4095 4096 4113 4112 4384 4385 4402 4401
12 4097 4098 4115 4114 4386 4387 4404 4403
12 4098 4099 4116 4115 4387 4388 4405 4404
12 4099 4100 4117 4116 4388 4389 4406 4405
12 4100 4101 4118 4117 4389 4390 4407 4406
12 4101 4102 4119 4118 4390 4391 4408 4407
12 4102 4103 4120 4119 4391 4392 4409 4408
12 4103 4104 4121 4120 4392 4393 4410 4409
12 4104 4105 4122 4121 4393 4394 4411 4410
12 4105 4106 4123 4122 4394 4395 4412 4411
12 4106 4107 4124 4123 4395 4396 4413 4412
12 4107 4108 4125 4124 4396 4397 4414 4413
12 4108 4109 4126 4125 4397 4398 4415 4414
12 4109 4110 4127 4126 4398 4399 4416 4415
12 4110 4111 4128 4127 4399 4400 4417 4416
12 4111 4112 4129 4128 4400 4401 4418 4417
12 4112 4113 4130 4129 4401 4402 4419 4418
12 4114 4115 4132 4131 4403 4404 4421 4420
12 4115 4116 4133 4132 4404 4405 4422 4421
12 4116 4117 4134 4133 4405 4406 4423 4422
12 4117 4118 4135 4134 4406 4407 4424 4423
12 4118 4119 4136 4135 4407 4408 4425 4424
12 4119 4120 4137 4136 4408 4409 4426 4425
12 4120 4121 4138 4137 4409 4410 4427 4426
12 4121 4122 4139 4138 4410 4411 4428 4427
12 4122 4123 4140 4139 4411 4412 4429 4428
12 4123 4124 4141 4140 4412 4413 4430 4429
12 4124 4125 4142 4141 4413 4414 4431 4430
12 4125 4126 4143 4142 4414 4415 4432 4431
12 4126 4127 4144 4143 4415 4416 4433 4432
12 4127 4128 4145 4144 4416 4417 4434 4433
12 4128 4129 4146 4145 4417 4418 4435 4434
12 4129 4130 4147 4146 4418 4419 4436 4435
12 4131 4132 4149 4148 4420 4421 4438 4437
12 4132 4133 4150 4149 4421 4422 4439 4438
12 4133 4134 4151 4150 4422 4423 4440 4439
12 4134 4135 4152 4151 4423 4424 4441 4440
12 4135 4136 4153 4152 4424 4425 4442 4441
12 4136 4137 4154 4153 4425 4426 4443 4442
12 4137 4138 4155 4154 4426 4427 4444 4443
12 4138 4139 4156 4155 4427 4428 4445 4444
12 4139 4140 4157 4156 4428 4429 4446 4445
12 4140 4141 4158 4157 4429 4430 4447 4446
12 4141 4142 4159 4158 4430 4431 4448 4447
12 4142 4143 4160 4159 4431 4432 4449 4448
12 4143 4144 4161 4160 4432 4433 4450 4449
12 4144 4145 4162 4161 4433 4434 4451 4450
12 4145 4146 4163 4162 4434 4435 4452 4451
12 4146 4147 4164 4163 4435 4436 4453 4452
12 4148 4149 4166 4165 4437 4438 4455 4454
12 4149 4150 4167 4166 4438 4439 4456 4455
12 4150 4151 4168 4167 4439 4440 4457 4456
12 4151 4152 4169 4168 4440 4441 4458 4457
12 4152 4153 4170 4169 4441 4442 4459 4458
12 4153 4154 4171 4170 4442 4443 4460 4459
12 4154 4155 4172 4171 4443 4444 4461 4460
12 4155 4156 4173 4172 4444 4445 4462 4461
12 4156 4157 4174 4173 4445 4446 4463 4462
12 4157 4158 4175 4174 4446 4447 4464 4463
12 4158 4159 4176 4175 4447 4448 4465 4464
12 4159 4160 4177 4176 4448 4449 4466 4465
12 4160 4161 4178 4177 4449 4450 4467 4466
12 4161 4162 4179 4178 4450 4451 4468 4467
12 4162 4163 4180 4179 4451 4452 4469 4468
12 4163 4164 4181 4180 4452 4453 4470 4469
12 4165 4166 4183 4182 4454 4455 4472 4471
12 4166 4167 4184 4183 4455 4456 4473 4472
12 4167 4168 4185 4184 4456 4457 4474 4473
12 4168 4169 4186 4185 4457 4458 4475 4474
12 4169 4170 4187 4186 4458 4459 4476 4475
12 4170 4171 4188 4187 4459 4460 4477 4476
12 4171 4172 4189 4188 4460 4461 4478 4477
12 4172 4173 4190 4189 4461 4462 4479 4478
12 4173 4174 4191 4190 4462 4463 4480 4479
12 4174 4175 4192 4191 4463 4464 4481 4480
12 4175 4176 4193 4192 4464 4465 4482 4481
12 4176 4177 4194 4193 4465 4466 4483 4482
12 4177 4178 4195 4194 4466 4467 4484 4483
12 4178 4179 4196 4195 4467 4468 4485 4484
12 4179 4180 4197 4196 4468 4469 4486 4485
12 4180 4181 4198 4197 4469 4470 4487 4486
12 4182 4183 4200 4199 4471 4472 4489 4488
12 4183 4184 4201 4200 4472 4473 4490 4489
12 4184 4185 4202 4201 4473 4474 4491 4490
12 4185 4186 4203 4202 4474 4475 4492 4491
12 4186 4187 4204 4203 4475 4476 4493 4492
12 4187 4188 4205 4204 4476 4477 4494 4493
12 4188 4189 4206 4205 4477 4478 4495 4494
12 4189 4190 4207 4206 4478 4479 4496 4495
12 4190 4191 4208 4207 4479 4480 4497 4496
12 4191 4192 4209 4208 4480 4481 4498 4497
12 4192 4193 4210 4209 4481 4482 4499 4498
12 4193 4194 4211 4210 4482 4483 4500 4499
12 4194 4195 4212 4211 4483 4484 4501 4500
12 4195 4196 4213 4212 4484 4485 4502 4501
12 4196 4197 4214 4213 4485 4486 4503 4502
12 4197 4198 4215 4214 4486 4487 4504 4503
12 4199 4200 4217 4216 4488 4489 4506 4505
12 4200 4201 4218 4217 4489 4490 4507 4506
12 4201 4202 4219 4218 4490 4491 4508 4507
12 4202 4203 4220 4219 4491 4492 4509 4508
12 4203 4204 4221 4220 4492 4493 4510 4509
12 4204 4205 4222 4221 4493 4494 4511 4510
12 4205 4206 4223 4222 4494 4495 4512 4511
12 4206 4207 4224 4223 4495 4496 4513 4512
12 4207 4208 4225 4224 4496 4497 4514 4513
12 4208 4209 4226 4225 4497 4498 4515 4514
12 4209 4210 4227 4226 4498 4499 4516 4515
12 4210 4211 4228 4227 4499 4500 4517 4516
12 4211 4212 4229 4228 4500 4501 4518 4517
12 4212 4213 4230 4229 4501 4502 4519 4518
12 4213 4214 4231 4230 4502 4503 4520 4519
12 4214 4215 4232 4231 4503 4504 4521 4520
12 4216 4217 4234 4233 4505 4506 4523 4522
12 4217 4218 4235 4234 4506 4507 4524 4523
12 4218 4219 4236 4235 4507 4508 4525 4524
12 4219 4220 4237 4236 4508 4509 4526 4525
12 4220 4221 4238 4237 4509 4510 4527 4526
12 4221 4222 4239 4238 4510 4511 4528 4527
12 4222 4223 4240 4239 4511 4512 4529 4528
12 4223 4224 4241 4240 4512 4513 4530 4529
12 4224 4225 4242 4241 4513 4514 4531 4530
12 4225 4226 4243 4242 4514 4515 4532 4531
12 4226 4227 4244 4243 4515 4516 4533 4532
12 4227 4228 4245 4244 4516 4517 4534 4533
12 4228 4229 4246 4245 4517 4518 4535 4534
12 4229 4230 4247 4246 4518 4519 4536 4535
12 4230 4231 4248 4247 4519 4520 4537 4536
12 4231 4232 4249 4248 4520 4521 4538 4537
12 4233 4234 4251 4250 4522 4523 4540 4539
12 4234 4235 4252 4251 4523 4524 4541 4540
12 4235 4236 4253 4252 4524 4525 4542 4541
12 4236 4237 4254 4253 4525 4526 4543 4542
12 4237 4238 4255 4254 4526 4527 4544 4543
12 4238 4239 4256 4255 4527 4528 4545 4544
12 4239 4240 4257 4256 4528 4529 4546 4545
12 4240 4241 4258 4257 4529 4530 4547 4546
12 4241 4242 4259 4258 4530 4531 4548 4547
12 4242 4243 4260 4259 4531 4532 4549 4548
12 4243 4244 4261 4260 4532 4533 4550 4549
12 4244 4245 4262 4261 4533 4534 4551 4550
12 4245 4246 4263 4262 4534 4535 4552 4551
12 4246 4247 4264 4263 4535 4536 4553 4552
12 4247 4248 4265 4264 4536 4537 4554 4553
12 4248 4249 4266 4265 4537 4538 4555 4554
12 4250 4251 4268 4267 4539 4540 4557 4556
12 4251 4252 4269 4268 4540 4541 4558 4557
12 4252 4253 4270 4269 4541 4542 4559 4558
12 4253 4254 4271 4270 4542 4543 4560 4559
12 4254 4255 4272 4271 4543 4544 4561 4560
12 4255 4256 4273 4272 4544 4545 4562 4561
12 4256 4257 4274 4273 4545 4546 4563 4562
12 4257 4258 4275 4274 4546 4547 4564 4563
12 4258 4259 4276 4275 4547 4548 4565 4564
12 4259 4260 4277 4276 4548 4549 4566 4565
12 4260 4261 4278 4277 4549 4550 4567 4566
12 4261 4262 4279 4278 4550 4551 4568 4567
12 4262 4263 4280 4279 4551 4552 4569 4568
12 4263 4264 4281 4280 4552 4553 4570 4569
12 4264 4265 4282 4281 4553 4554 4571 4570
12 4265 4266 4283 4282 4554 4555 4572 4571
12 4267 4268 4285 4284 4556 4557 4574 4573
12 4268 4269 4286 4285 4557 4558 4575 4574
12 4269 4270 4287 4286 4558 4559 4576 4575
12 4270 4271 4288 4287 4559 4560 4577 4576
12 4271 4272 4289 4288 4560 4561 4578 4577
12 4272 4273 4290 4289 4561 4562 4579 4578
12 4273 4274 4291 4290 4562 4563 4580 4579
12 4274 4275 4292 4291 4563 4564 4581 4580
12 4275 4276 4293 4292 4564 4565 4582 4581
12 4276 4277 4294 4293 4565 4566 4583 4582
12 4277 4278 4295 4294 4566 4567 4584 4583
12 4278 4279 4296 4295 4567 4568 4585 4584
12 4279 4280 4297 4296 4568 4569 4586 4585
12 4280 4281 4298 4297 4569 4570 4587 4586
12 4281 4282 4299 4298 4570 4571 4588 4587
12 4282 4283 4300 4299 4571 4572 4589 4588
12 4284 4285 4302 4301 4573 4574 4591 4590
12 4285 4286 4303 4302 4574 4575 4592 4591
12 4286 4287 4304 4303 4575 4576 4593 4592
12 4287 4288 4305 4304 4576 4577 4594 4593
12 4288 4289 4306 4305 4577 4578 4595 4594
12 4289 4290 4307 4306 4578 4579 4596 4595
12 4290 4291 4308 4307 4579 4580 4597 4596
12 4291 4292 4309 4308 4580 4581 4598 4597
12 4292 4293 4310 4309 4581 4582 4599 4598
12 4293 4294 4311 4310 4582 4583 4600 4599
12 4294 4295 4312 4311 4583 4584 4601 4600
12 4295 4296 4313 4312 4584 4585 4602 4601
12 4296 4297 4314 4313 4585 4586 4603 4602
12 4297 4298 4315 4314 4586 4587 4604 4603
12 4298 4299 4316 4315 4587 4588 4605 4604
12 4299 4300 4317 4316 4588 4589 4606 4605
12 4301 4302 4319 4318 4590 4591 4608 4607
12 4302 4303 4320 4319 4591 4592 4609 4608
12 4303 4304 4321 4320 4592 4593 4610 4609
12 4304 4305 4322 4321 4593 4594 4611 4610
12 4305 4306 4323 4322 4594 4595 4612 4611
12 4306 4307 4324 4323 4595 4596 4613 4612
12 4307 4308 4325 4324 4596 4597 4614 4613
12 4308 4309 4326 4325 4597 4598 4615 4614
12 4309 4310 4327 4326 4598 4599 4616 4615
12 4310 4311 4328 4327 4599 4600 4617 4616
12 4311 4312 4329 4328 4600 4601 4618 4617
12 4312 4313 4330 4329 4601 4602 4619 4618
12 4313 4314 4331 4330 4602 4603 4620 4619
12 4314 4315 4332 4331 4603 4604 4621 4620
12 4315 4316 4333 4332 4604 4605 4622 4621
12 4316 4317 4334 4333 4605 4606 4623 4622
12 4335 4336 4353 4352 4624 4625 4642 4641
12 4336 4337 4354 4353 4625 4626 4643 4642
12 4337 4338 4355 4354 4626 4627 4644 4643
12 4338 4339 4356 4355 4627 4628 4645 4644
12 4339 4340 4357 4356 4628 4629 4646 4645
12 4340 4341 4358 4357 4629 4630 4647 4646
12 4341 4342 4359 4358 4630 4631 4648 4647
12 4342 4343 4360 4359 4631 4632 4649 4648
12 4343 4344 4361 4360 4632 4633 4650 4649
12 4344 4345 4362 4361 4633 4634 4651 4650
12 4345 4346 4363 4362 4634 4635 4652 4651
12 4346 4347 4364 4363 4635 4636 4653 4652
12 4347 4348 4365 4364 4636 4637 4654 4653
12 4348 4349 4366 4365 4637 4638 4655 4654
12 4349 4350 4367 4366 4638 4639 4656 4655
12 4350 4351 4368 4367 4639 4640 4657 4656
12 4352 4353 4370 4369 4641 4642 4659 4658
12 4353 4354 4371 4370 4642 4643 4660 4659
12 4354 4355 4372 4371 4643 4644 4661 4660
12 4355 4356 4373 4372 4644 4645 4662 4661
12 4356 4357 4374 4373 4645 4646 4663 4662
12 4357 4358 4375 4374 4646 4647 4664 4663
12 4358 4359 4376 4375 4647 4648 4665 4664
12 4359 4360 4377 4376 4648 4649 4666 4665
12 4360 4361 4378 4377 4649 4650 4667 4666
12 4361 4362 4379 4378 4650 4651 4668 4667
12 4362 4363 4380 4379 4651 4652 4669 4668
12 4363 4364 4381 4380 4652 4653 4670 4669
12 4364 4365 4382 4381 4653 4654 4671 4670
12 4365 4366 4383 4382 4654 4655 4672 4671
12 4366 4367 4384 4383 4655 4656 4673 4672
12 4367 4368 4385 4384 4656 4657 4674 4673
12 4369 4370 4387 4386 4658 4659 4676 4675
12 4370 4371 4388 4387 4659 4660 4677 4676
12 4371 4372 4389 4388 4660 4661 4678 4677
12 4372 4373 4390 4389 4661 4662 4679 4678
12 4373 4374 4391 4390 4662 4663 4680 4679
12 4374 4375 4392 4391 4663 4664 4681 4680
12 4375 4376 4393 4392 4664 4665 4682 4681
12 4376 4377 4394 4393 4665 4666 4683 4682
12 4377 4378 4395 4394 4666 4667 4684 4683
12 4378 4379 4396 4395 4667 4668 4685 4684
12 4379 4380 4397 4396 4668 4669 4686 4685
12 4380 4381 4398 4397 4669 4670 4687 4686
12 4381 4382 4399 4398 4670 4671 4688 4687
12 4382 4383 4400 4399 4671 4672 4689 4688
12 4383 4384 4401 4400 4672 4673 4690 4689
12 4384 4385 4402 4401 4673 4674 4691 4690
12 4386 4387 4404 4403 4675 4676 4693 4692
12 4387 4388 4405 4404 4676 4677 4694 4693
12 4388 4389 4406 4405 4677 4678 4695 4694
12 4389 4390 4407 4406 4678 4679 4696 4695
12 4390 4391 4408 4407 4679 4680 4697 4696
12 4391 4392 4409 4408 4680 4681 4698 4697
12 4392 4393 4410 4409 4681 4682 4699 4698
12 4393 4394 4411 4410 4682 4683 4700 4699
12 4394 4395 4412 4411 4683 4684 4701 4700
12 4395 4396 4413 4412 4684 4685 4702 4701
12 4396 4397 4414 4413 4685 4686 4703 4702
12 4397 4398 4415 4414 4686 4687 4704 4703
12 4398 4399 4416 4415 4687 4688 4705 4704
12 4399 4400 4417 4416 4688 4689 4706 4705
12 4400 4401 4418 4417 4689 4690 4707 4706
12 4401 4402 4419 4418 4690 4691 4708 4707
12 4403 4404 4421 4420 4692 4693 4710 4709
12 4404 4405 4422 4421 4693 4694 4711 4710
12 4405 4406 4423 4422 4694 4695 4712 4711
12 4406 4407 4424 4423 4695 4696 4713 4712
12 4407 4408 4425 4424 4696 4697 4714 4713
12 4408 4409 4426 4425 4697 4698 4715 4714
12 4409 4410 4427 4426 4698 4699 4716 4715
12 4410 4411 4428 4427 4699 4700 4717 4716
12 4411 4412 4429 4428 4700 4701 4718 4717
12 4412 4413 4430 4429 4701 4702 4719 4718
12 4413 4414 4431 4430 4702 4703 4720 4719
12 4414 4415 4432 4431 4703 4704 4721 4720
12 4415 4416 4433 4432 4704 4705 4722 4721
12 4416 4417 4434 4433 4705 4706 4723 4722
12 4417 4418 4435 4434 4706 4707 4724 4723
12 4418 4419 4436 4435 4707 4708 4725 4724
12 4420 4421 4438 4437 4709 4710 4727 4726
12 4421 4422 4439 4438 4710 4711 4728 4727
12 4422 4423 4440 4439 4711 4712 4729 4728
12 4423 4424 4441 4440 4712 4713 4730 4729
12 4424 4425 4442 4441 4713 4714 4731 4730
12 4425 4426 4443 4442 4714 4715 4732 4731
12 4426 4427 4444 4443 4715 4716 4733 4732
12 4427 4428 4445 4444 4716 4717 4734 4733
12 4428 4429 4446 4445 4717 4718 4735 4734
12 4429 4430 4447 4446 4718 4719 4736 4735
12 4430 4431 4448 4447 4719 4720 4737 4736
12 4431 4432 4449 4448 4720 4721 4738 4737
12 4432 4433 4450 4449 4721 4722 4739 4738
12 4433 4434 4451 4450 4722 4723 4740 4739
12 4434 4435 4452 4451 4723 4724 4741 4740
12 4435 4436 4453 4452 4724 4725 4742 4741
12 4437 4438 4455 4454 4726 4727 4744 4743
12 4438 4439 4456 4455 4727 4728 4745 4744
12 4439 4440 4457 4456 4728 4729 4746 4745
12 4440 4441 4458 4457 4729 4730 4747 4746
12 4441 4442 4459 4458 4730 4731 4748 4747
12 4442 4443 4460 4459 4731 4732 4749 4748
12 4443 4444 4461 4460 4732 4733 4750 4749
12 4444 4445 4462 4461 4733 4734 4751 4750
12 4445 4446 4463 4462 4734 4735 4752 4751
12 4446 4447 4464 4463 4735 4736 4753 4752
12 4447 4448 4465 4464 4736 4737 4754 4753
12 4448 4449 4466 4465 4737 4738 4755 4754
12 4449 4450 4467 4466 4738 4739 4756 4755
12 4450 4451 4468 4467 4739 4740 4757 4756
12 4451 4452 4469 4468 4740 4741 4758 4757
12 4452 4453 4470 4469 4741 4742 4759 4758
12 4454 4455 4472 4471 4743 4744 4761 4760
12 4455 4456 4473 4472 4744 4745 4762 4761
12 4456 4457 4474 4473 4745 4746 4763 4762
12 4457 4458 4475 4474 4746 4747 4764 4763
12 4458 4459 4476 4475 4747 4748 4765 4764
12 4459 4460 4477 4476 4748 4749 4766 4765
12 4460 4461 4478 4477 4749 4750 4767 4766
12 4461 4462 4479 4478 4750 4751 4768 4767
12 4462 4463 4480 4479 4751 4752 4769 4768
12 4463 4464 4481 4480 4752 4753 4770 4769
12 4464 4465 4482 4481 4753 4754 4771 4770
12 4465 4466 4483 4482 4754 4755 4772 4771
12 4466 4467 4484 4483 4755 4756 4773 4772
12 4467 4468 4485 4484 4756 4757 4774 4773
12 4468 4469 4486 4485 4757 4758 4775 4774
12 4469 4470 4487 4486 4758 4759 4776 4775
12 4471 4472 4489 4488 4760 4761 4778 4777
12 4472 4473 4490 4489 4761 4762 4779 4778
12 4473 4474 4491 4490 4762 4763 4780 4779
12 4474 4475 4492 4491 4763 4764 4781 4780
12 4475 4476 4493 4492 4764 4765 4782 4781
12 4476 4477 4494 4493 4765 4766 4783 4782
12 4477 4478 4495 4494 4766 4767 4784 4783
12 4478 4479 4496 4495 4767 4768 4785 4784
12 4479 4480 4497 4496 4768 4769 4786 4785
12 4480 4481 4498 4497 4769 4770 4787 4786
12 4481 4482 4499 4498 4770 4771 4788 4787
12 4482 4483 4500 4499 4771 4772 4789 4788
12 4483 4484 4501 4500 4772 4773 4790 4789
12 4484 4485 4502 4501 4773 4774 4791 4790
12 4485 4486 4503 4502 4774 4775 4792 4791
12 4486 4487 4504 4503 4775 4776 4793 4792
12 4488 4489 4506 4505 4777 4778 4795 4794
12 4489 4490 4507 4506 4778 4779 4796 4795
12 4490 4491 4508 4507 4779 4780 4797 4796
12 4491 4492 4509 4508 4780 4781 4798 4797
12 4492 4493 4510 4509 4781 4782 4799 4798
12 4493 4494 4511 4510 4782 4783 4800 4799
12 4494 4495 4512 4511 4783 4784 4801 4800
12 4495 4496 4513 4512 4784 4785 4802 4801
12 4496 4497 4514 4513 4785 4786 4803 4802
12 4497 4498 4515 4514 4786 4787 4804 4803
12 4498 4499 4516 4515 4787 4788 4805 4804
12 4499 4500 4517 4516 4788 4789 4806 4805
12 4500 4501 4518 4517 4789 4790 4807 4806
12 4501 4502 4519 4518 4790 4791 4808 4807
12 4502 4503 4520 4519 4791 4792 4809 4808
12 4503 4504 4521 4520 4792 4793 4810 4809
12 4505 4506 4523 4522 4794 4795 4812 4811
12 4506 4507 4524 4523 4795 4796 4813 4812
12 4507 4508 4525 4524 4796 4797 4814 4813
12 4508 4509 4526 4525 4797 4798 4815 4814
12 4509 4510 4527 4526 4798 4799 4816 4815
12 4510 4511 4528 4527 4799 4800 4817 4816
12 4511 4512 4529 4528 4800 4801 4818 4817
12 4512 4513 4530 4529 4801 4802 4819 4818
12 4513 4514 4531 4530 4802 4803 4820 4819
12 4514 4515 4532 4531 4803 4804 4821 4820
12 4515 4516 4533 4532 4804 4805 4822 4821
12 4516 4517 4534 4533 4805 4806 4823 4822
12 4517 4518 4535 4534 4806 4807 4824 4823
12 4518 4519 4536 4535 4807 4808 4825 4824
12 4519 4520 4537 4536 4808 4809 4826 4825
12 4520 4521 4538 4537 4809 4810 4827 4826
12 4522 4523 4540 4539 4811 4812 4829 4828
12 4523 4524 4541 4540 4812 4813 4830 4829
12 4524 4525 4542 4541 4813 4814 4831 4830
12 4525 4526 4543 4542 4814 4815 4832 4831
12 4526 4527 4544 4543 4815 4816 4833 4832
12 4527 4528 4545 4544 4816 4817 4834 4833
12 4528 4529 4546 4545 4817 4818 4835 4834
12 4529 4530 4547 4546 4818 4819 4836 4835
12 4530 4531 4548 4547 4819 4820 4837 4836
12 4531 4532 4549 4548 4820 4821 4838 4837
12 4532 4533 4550 4549 4821 4822 4839 4838
12 4533 4534 4551 4550 4822 4823 4840 4839
12 4534 4535 4552 4551 4823 4824 4841 4840
12 4535 4536 4553 4552 4824 4825 4842 4841
12 4536 4537 4554 4553 4825 4826 4843 4842
12 4537 4538 4555 4554 4826 4827 4844 4843
12 4539 4540 4557 4556 4828 4829 4846 4845
12 4540 4541 4558 4557 4829 4830 4847 4846
12 4541 4542 4559 4558 4830 4831 4848 4847
12 4542 4543 4560 4559 4831 4832 4849 4848
12 4543 4544 4561 4560 4832 4833 4850 4849
12 4544 4545 4562 4561 4833 4834 4851 4850
12 4545 4546 4563 4562 4834 4835 4852 4851
12 4546 4547 4564 4563 4835 4836 4853 4852
12 4547 4548 4565 4564 4836 4837 4854 4853
12 4548 4549 4566 4565 4837 4838 4855 4854
12 4549 4550 4567 4566 4838 4839 4856 4855
12 4550 4551 4568 4567 4839 4840 4857 4856
12 4551 4552 4569 4568 4840 4841 4858 4857
12 4552 4553 4570 4569 4841 4842 4859 4858
12 4553 4554 4571 4570 4842 4843 4860 4859
12 4554 4555 4572 4571 4843 4844 4861 4860
12 4556 4557 4574 4573 4845 4846 4863 4862
12 4557 4558 4575 4574 4846 4847 4864 4863
12 4558 4559 4576 4575 4847 4848 4865 4864
12 4559 4560 4577 4576 4848 4849 4866 4865
12 4560 4561 4578 4577 4849 4850 4867 4866
12 4561 4562 4579 4578 4850 4851 4868 4867
12 4562 4563 4580 4579 4851 4852 4869 4868
12 4563 4564 4581 4580 4852 4853 4870 4869
12 4564 4565 4582 4581 4853 4854 4871 4870
12 4565 4566 4583 4582 4854 4855 4872 4871
12 4566 4567 4584 4583 4855 4856 4873 4872
12 4567 4568 4585 4584 4856 4857 4874 4873
12 4568 4569 4586 4585 4857 4858 4875 4874
12 4569 4570 4587 4586 4858 4859 4876 4875
12 4570 4571 4588 4587 4859 4860 4877 4876
12 4571 4572 4589 4588 4860 4861 4878 4877
12 4573 4574 4591 4590 4862 4863 4880 4879
12 4574 4575 4592 4591 4863 4864 4881 4880
12 4575 4576 4593 4592 4864 4865 4882 4881
12 4576 4577 4594 4593 4865 4866 4883 4882
12 4577 4578 4595 4594 4866 4867 4884 4883
12 4578 4579 4596 4595 4867 4868 4885 4884
12 4579 4580 4597 4596 4868 4869 4886 4885
12 4580 4581 4598 4597 4869 4870 4887 4886
12 4581 4582 4599 4598 4870 4871 4888 4887
12 4582 4583 4600 4599 4871 4872 4889 4888
12 4583 4584 4601 4600 4872 4873 4890 4889
12 4584 4585 4602 4601 4873 4874 4891 4890
12 4585 4586 4603 4602 4874 4875 4892 4891
12 4586 4587 4604 4603 4875 4876 4893 4892
12 4587 4588 4605 4604 4876 4877 4894 4893
12 4588 4589 4606 4605 4877 4878 4895 4894
12 4590 4591 4608 4607 4879 4880 4897 4896
12 4591 4592 4609 4608 4880 4881 4898 4897
12 4592 4593 4610 4609 4881 4882 4899 4898
12 4593 4594 4611 4610 4882 4883 4900 4899
12 4594 4595 4612 4611 4883 4884 4901 4900
12 4595 4596 4613 4612 4884 4885 4902 4901
12 4596 4597 4614 4613 4885 4886 4903 4902
12 4597 4598 4615 4614 4886 4887 4904 4903
12 4598 4599 4616 4615 4887 4888 4905 4904
12 4599 4600 4617 4616 4888 4889 4906 4905
12 4600 4601 4618 4617 4889 4890 4907 4906
12 4601 4602 4619 4618 4890 4891 4908 4907
12 4602 4603 4620 4619 4891 4892 4909 4908
12 4603 4604 4621 4620 4892 4893 4910 4909
12 4604 4605 4622 4621 4893 4894 4911 4910
12 4605 4606 4623 4622 4894 4895 4912 4911
NPOIN= 4913
0 0 0 0
0.39269908169872414 0 0 1
0.78539816339744828 0 0 2
1.1780972450961724 0 0 3
1.5707963267948966 0 0 4
1.9634954084936207 0 0 5
2.3561944901923448 0 0 6
2.748893571891069 0 0 7
3.1415926535897931 0 0 8
3.5342917352885173 0 0 9
3.9269908169872414 0 0 10
4.3196898986859651 0 0 11
4.7123889803846897 0 0 12
5.1050880620834143 0 0 13
5.497787143782138 0 0 14
5.8904862254808616 0 0 15
6.2831853071795862 0 0 16
0 0.39269908169872414 0 17
0.39269908169872414 0.39269908169872414 0 18
0.78539816339744828 0.39269908169872414 0 19
1.1780972450961724 0.39269908169872414 0 20
1.5707963267948966 0.39269908169872414 0 21
1.9634954084936207 0.39269908169872414 0 22
2.3561944901923448 0.39269908169872414 0 23
2.748893571891069 0.39269908169872414 0 24
3.1415926535897931 0.39269908169872414 0 25
3.5342917352885173 0.39269908169872414 0 26
3.9269908169872414 0.39269908169872414 0 27
4.3196898986859651 0.39269908169872414 0 28
4.7123889803846897 0.39269908169872414 0 29
5.1050880620834143 0.39269908169872414 0 30
5.497787143782138 0.39269908169872414 0 31
5.8904862254808616 0.39269908169872414 0 32
6.2831853071795862 0.39269908169872414 0 33
0 0.78539816339744828 0 34
0.39269908169872414 0.78539816339744828 0 35
0.78539816339744828 0.78539816339744828 0 36
1.1780972450961724 0.78539816339744828 0 37
1.5707963267948966 0.78539816339744828 0 38
1.9634954084936207 0.78539816339744828 0 39
2.3561944901923448 0.78539816339744828 0 40
2.748893571891069 0.78539816339744828 0 41
3.1415926535897931 0.78539816339744828 0 42
3.5342917352885173 0.78539816339744828 0 43
3.9269908169872414 0.78539816339744828 0 44
4.3196898986859651 0.78539816339744828 0 45
4.7123889803846897 0.78539816339744828 0 46
5.1050880620834143 0.78539816339744828 0 47
5.497787143782138 0.78539816339744828 0 48
5.8904862254808616 0.78539816339744828 0 49
6.2831853071795862 0.78539816339744828 0 50
0 1.1780972450961724 0 51
0.39269908169872414 1.1780972450961724 0 52
0.78539816339744828 1.1780972450961724 0 53
1.1780972450961724 1.1780972450961724 0 54
1.5707963267948966 1.1780972450961724 0 55
1.9634954084936207 1.1780972450961724 0 56
2.3561944901923448 1.1780972450961724 0 57
2.748893571891069 1.1780972450961724 0 58
3.1415926535897931 1.1780972450961724 0 59
3.5342917352885173 1.1780972450961724 0 60
3.9269908169872414 1.1780972450961724 0 61
4.3196898986859651 1.1780972450961724 0 62
4.7123889803846897 1.1780972450961724 0 63
5.1050880620834143 1.1780972450961724 0 64
5.497787143782138 1.1780972450961724 0 65
5.8904862254808616 1.1780972450961724 0 66
6.2831853071795862 1.1780972450961724 0 67
0 1.5707963267948966 0 68
0.39269908169872414 1.5707963267948966 0 69
0.78539816339744828 1.5707963267948966 0 70
1.1780972450961724 1.5707963267948966 0 71
1.5707963267948966 1.5707963267948966 0 72
1.9634954084936207 1.5707963267948966 0 73
2.3561944901923448 1.5707963267948966 0 74
2.748893571891069 1.5707963267948966 0 75
3.1415926535897931 1.5707963267948966 0 76
3.5342917352885173 1.5707963267948966 0 77
3.9269908169872414 1.5707963267948966 0 78
4.3196898986859651 1.5707963267948966 0 79
4.7123889803846897 1.5707963267948966 0 80
5.1050880620834143 1.5707963267948966 0 81
5.497787143782138 1.5707963267948966 0 82
5.8904862254808616 1.5707963267948966 0 83
6.2831853071795862 1.5707963267948966 0 84
0 1.9634954084936207 0 85
0.39269908169872414 1.9634954084936207 0 86
0.78539816339744828 1.9634954084936207 0 87
1.1780972450961724 1.9634954084936207 0 88
1.5707963267948966 1.9634954084936207 0 89
1.9634954084936207 1.9634954084936207 0 90
2.3561944901923448 1.9634954084936207 0 91
2.748893571891069 1.9634954084936207 0 92
3.1415926535897931 1.9634954084936207 0 93
3.5342917352885173 1.9634954084936207 0 94
3.9269908169872414 1.9634954084936207 0 95
4.3196898986859651 1.9634954084936207 0 96
4.7123889803846897 1.9634954084936207 0 97
5.1050880620834143 1.9634954084936207 0 98
5.497787143782138 1.9634954084936207 0 99
5.8904862254808616 1.9634954084936207 0 100
6.2831853071795862 1.9634954084936207 0 101
0 2.3561944901923448 0 102
0.39269908169872414 2.3561944901923448 0 103
0.78539816339744828 2.3561944901923448 0 104
1.1780972450961724 2.3561944901923448 0 105
1.5707963267948966 2.3561944901923448 0 106
1.9634954084936207 2.3561944901923448 0 107
2.3561944901923448 2.3561944901923448 0 108
2.748893571891069 2.3561944901923448 0 109
3.1415926535897931 2.3561944901923448 0 110
3.5342917352885173 2.3561944901923448 0 111
3.9269908169872414 2.3561944901923448 0 112
4.3196898986859651 2.3561944901923448 0 113
4.7123889803846897 2.3561944901923448 0 114
5.1050880620834143 2.3561944901923448 0 115
5.497787143782138 2.3561944901923448 0 116
5.8904862254808616 2.3561944901923448 0 117
6.2831853071795862 2.3561944901923448 0 118
0 2.748893571891069 0 119
0.39269908169872414 2.748893571891069 0 120
0.78539816339744828 2.748893571891069 0 121
1.1780972450961724 2.748893571891069 0 122
1.5707963267948966 2.748893571891069 0 123
1.9634954084936207 2.748893571891069 0 124
2.3561944901923448 2.748893571891069 0 125
2.748893571891069 2.748893571891069 0 126
3.1415926535897931 2.748893571891069 0 127
3.5342917352885173 2.748893571891069 0 128
3.9269908169872414 2.748893571891069 0 129
4.3196898986859651 2.748893571891069 0 130
4.7123889803846897 2.748893571891069 0 131
5.1050880620834143 2.748893571891069 0 132
5.497787143782138 2.748893571891069 0 133
5.8904862254808616 2.748893571891069 0 134
6.2831853071795862 2.748893571891069 0 135
0 3.1415926535897931 0 136
0.39269908169872414 3.1415926535897931 0 137
0.78539816339744828 3.1415926535897931 0 138
1.1780972450961724 3.1415926535897931 0 139
1.5707963267948966 3.1415926535897931 0 140
1.9634954084936207 3.1415926535897931 0 141
2.3561944901923448 3.1415926535897931 0 142
2.748893571891069 3.1415926535897931 0 143
3.1415926535897931 3.1415926535897931 0 144
3.5342917352885173 3.1415926535897931 0 145
3.9269908169872414 3.1415926535897931 0 146
4.3196898986859651 3.1415926535897931 0 147
4.7123889803846897 3.1415926535897931 0 148
5.1050880620834143 3.1415926535897931 0 149
5.497787143782138 3.1415926535897931 0 150
5.8904862254808616 3.1415926535897931 0 151
6.2831853071795862 3.1415926535897931 0 152
0 3.5342917352885173 0 153
0.39269908169872414 3.5342917352885173 0 154
0.78539816339744828 3.5342917352885173 0 155
1.1780972450961724 3.5342917352885173 0 156
1.5707963267948966 3.5342917352885173 0 157
1.9634954084936207 3.5342917352885173 0 158
2.3561944901923448 3.5342917352885173 0 159
2.748893571891069 3.5342917352885173 0 160
3.1415926535897931 3.5342917352885173 0 161
3.5342917352885173 3.5342917352885173 0 162
3.9269908169872414 3.5342917352885173 0 163
4.3196898986859651 3.5342917352885173 0 164
4.7123889803846897 3.5342917352885173 0 165
5.1050880620834143 3.5342917352885173 0 166
5.497787143782138 3.5342917352885173 0 167
5.8904862254808616 3.5342917352885173 0 168
6.2831853071795862 3.5342917352885173 0 169
0 3.9269908169872414 0 170
0.39269908169872414 3.9269908169872414 0 171
0.78539816339744828 3.9269908169872414 0 172
1.1780972450961724 3.9269908169872414 0 173
1.5707963267948966 3.9269908169872414 0 174
1.9634954084936207 3.9269908169872414 0 175
2.3561944901923448 3.9269908169872414 0 176
2.748893571891069 3.9269908169872414 0 177
3.1415926535897931 3.9269908169872414 0 178
3.5342917352885173 3.9269908169872414 0 179
3.9269908169872414 3.9269908169872414 0 180
4.3196898986859651 3.9269908169872414 0 181
4.7123889803846897 3.9269908169872414 0 182
5.1050880620834143 3.9269908169872414 0 183
5.497787143782138 3.9269908169872414 0 184
5.8904862254808616 3.9269908169872414 0 185
6.2831853071795862 3.9269908169872414 0 186
0 4.3196898986859651 0 187
0.39269908169872414 4.3196898986859651 0 188
0.78539816339744828 4.3196898986859651 0 189
1.1780972450961724 4.3196898986859651 0 190
1.5707963267948966 4.3196898986859651 0 191
1.9634954084936207 4.3196898986859651 0 192
2.3561944901923448 4.3196898986859651 0 193
2.748893571891069 4.3196898986859651 0 194
3.1415926535897931 4.3196898986859651 0 195
3.5342917352885173 4.3196898986859651 0 196
3.9269908169872414 4.3196898986859651 0 197
4.3196898986859651 4.3196898986859651 0 198
4.7123889803846897 4.3196898986859651 0 199
5.1050880620834143 4.3196898986859651 0 200
5.497787143782138 4.3196898986859651 0 201
5.8904862254808616 4.3196898986859651 0 202
6.2831853071795862 4.3196898986859651 0 203
0 4.7123889803846897 0 204
0.39269908169872414 4.7123889803846897 0 205
0.78539816339744828 4.7123889803846897 0 206
1.1780972450961724 4.7123889803846897 0 207
1.5707963267948966 4.7123889803846897 0 208
1.9634954084936207 4.7123889803846897 0 209
2.3561944901923448 4.7123889803846897 0 210
2.748893571891069 4.7123889803846897 0 211
3.1415926535897931 4.7123889803846897 0 212
3.5342917352885173 4.7123889803846897 0 213
3.9269908169872414 4.7123889803846897 0 214
4.3196898986859651 4.7123889803846897 0 215
4.7123889803846897 4.7123889803846897 0 216
5.1050880620834143 4.7123889803846897 0 217
5.497787143782138 4.7123889803846897 0 218
5.8904862254808616 4.7123889803846897 0 219
6.2831853071795862 4.7123889803846897 0 220
0 5.1050880620834143 0 221
0.39269908169872414 5.1050880620834143 0 222
0.78539816339744828 5.1050880620834143 0 223
1.1780972450961724 5.1050880620834143 0 224
1.5707963267948966 5.1050880620834143 0 225
1.9634954084936207 5.1050880620834143 0 226
2.3561944901923448 5.1050880620834143 0 227
2.748893571891069 5.1050880620834143 0 228
3.1415926535897931 5.1050880620834143 0 229
3.5342917352885173 5.1050880620834143 0 230
3.9269908169872414 5.1050880620834143 0 231
4.3196898986859651 5.1050880620834143 0 232
4.7123889803846897 5.1050880620834143 0 233
5.1050880620834143 5.1050880620834143 0 234
5.497787143782138 5.1050880620834143 0 235
5.8904862254808616 5.1050880620834143 0 236
6.2831853071795862 5.1050880620834143 0 237
0 5.497787143782138 0 238
0.39269908169872414 5.497787143782138 0 239
0.78539816339744828 5.497787143782138 0 240
1.1780972450961724 5.497787143782138 0 241
1.5707963267948966 5.497787143782138 0 242
1.9634954084936207 5.497787143782138 0 243
2.3561944901923448 5.497787143782138 0 244
2.748893571891069 5.497787143782138 0 245
3.1415926535897931 5.497787143782138 0 246
3.5342917352885173 5.497787143782138 0 247
3.9269908169872414 5.497787143782138 0 248
4.3196898986859651 5.497787143782138 0 249
4.7123889803846897 5.497787143782138 0 250
5.1050880620834143 5.497787143782138 0 251
5.497787143782138 5.497787143782138 0 252
5.8904862254808616 5.497787143782138 0 253
6.2831853071795862 5.497787143782138 0 254
0 5.8904862254808616 0 255
0.39269908169872414 5.8904862254808616 0 256
0.78539816339744828 5.8904862254808616 0 257
1.1780972450961724 5.8904862254808616 0 258
1.5707963267948966 5.8904862254808616 0 259
1.9634954084936207 5.8904862254808616 0 260
2.3561944901923448 5.8904862254808616 0 261
2.748893571891069 5.8904862254808616 0 262
3.1415926535897931 5.8904862254808616 0 263
3.5342917352885173 5.8904862254808616 0 264
3.9269908169872414 5.8904862254808616 0 265
4.3196898986859651 5.8904862254808616 0 266
4.7123889803846897 5.8904862254808616 0 267
5.1050880620834143 5.8904862254808616 0 268
5.497787143782138 5.8904862254808616 0 269
5.8904862254808616 5.8904862254808616 0 270
6.2831853071795862 5.8904862254808616 0 271
0 6.2831853071795862 0 272
0.39269908169872414 6.2831853071795862 0 273
0.78539816339744828 6.2831853071795862 0 274
1.1780972450961724 6.2831853071795862 0 275
1.5707963267948966 6.2831853071795862 0 276
1.9634954084936207 6.2831853071795862 0 277
2.3561944901923448 6.2831853071795862 0 278
2.748893571891069 6.2831853071795862 0 279
3.1415926535897931 6.2831853071795862 0 280
3.5342917352885173 6.2831853071795862 0 281
3.9269908169872414 6.2831853071795862 0 282
4.3196898986859651 6.2831853071795862 0 283
4.7123889803846897 6.2831853071795862 0 284
5.1050880620834143 6.2831853071795862 0 285
5.497787143782138 6.2831853071795862 0 286
5.8904862254808616 6.2831853071795862 0 287
6.2831853071795862 6.2831853071795862 0 288
0 0 0.39269908169872414 289
0.39269908169872414 0 0.39269908169872414 290
0.78539816339744828 0 0.39269908169872414 291
1.1780972450961724 0 0.39269908169872414 292
1.5707963267948966 0 0.39269908169872414 293
1.9634954084936207 0 0.39269908169872414 294
2.3561944901923448 0 0.39269908169872414 295
2.748893571891069 0 0.39269908169872414 296
3.1415926535897931 0 0.39269908169872414 297
3.5342917352885173 0 0.39269908169872414 298
3.9269908169872414 0 0.39269908169872414 299
4.3196898986859651 0 0.39269908169872414 300
4.7123889803846897 0 0.39269908169872414 301
5.1050880620834143 0 0.39269908169872414 302
5.497787143782138 0 0.39269908169872414 303
5.8904862254808616 0 0.39269908169872414 304
6.2831853071795862 0 0.39269908169872414 305
0 0.39269908169872414 0.39269908169872414 306
0.39269908169872414 0.39269908169872414 0.39269908169872414 307
0.78539816339744828 0.39269908169872414 0.39269908169872414 308
1.1780972450961724 0.39269908169872414 0.39269908169872414 309
1.5707963267948966 0.39269908169872414 0.39269908169872414 310
1.9634954084936207 0.39269908169872414 0.39269908169872414 311
2.3561944901923448 0.39269908169872414 0.39269908169872414 312
2.748893571891069 0.39269908169872414 0.39269908169872414 313
3.1415926535897931 0.39269908169872414 0.39269908169872414 314
3.5342917352885173 0.39269908169872414 0.39269908169872414 315
3.9269908169872414 0.39269908169872414 0.39269908169872414 316
4.3196898986859651 0.39269908169872414 0.39269908169872414 317
4.7123889803846897 0.39269908169872414 0.39269908169872414 318
5.1050880620834143 0.39269908169872414 0.39269908169872414 319
5.497787143782138 0.39269908169872414 0.39269908169872414 320
5.8904862254808616 0.39269908169872414 0.39269908169872414 321
6.2831853071795862 0.39269908169872414 0.39269908169872414 322
0 0.78539816339744828 0.39269908169872414 323
0.39269908169872414 0.78539816339744828 0.39269908169872414 324
0.78539816339744828 0.78539816339744828 0.39269908169872414 325
1.1780972450961724 0.78539816339744828 0.39269908169872414 326
1.5707963267948966 0.78539816339744828 0.39269908169872414 327
1.9634954084936207 0.78539816339744828 0.39269908169872414 328
2.3561944901923448 0.78539816339744828 0.39269908169872414 329
2.748893571891069 0.78539816339744828 0.39269908169872414 330
3.1415926535897931 0.78539816339744828 0.39269908169872414 331
3.5342917352885173 0.78539816339744828 0.39269908169872414 332
3.9269908169872414 0.78539816339744828 0.39269908169872414 333
4.3196898986859651 0.78539816339744828 0.39269908169872414 334
4.7123889803846897 0.78539816339744828 0.39269908169872414 335
5.1050880620834143 0.78539816339744828 0.39269908169872414 336
5.497787143782138 0.78539816339744828 0.39269908169872414 337
5.8904862254808616 0.78539816339744828 0.39269908169872414 338
6.2831853071795862 0.78539816339744828 0.39269908169872414 339
0 1.1780972450961724 0.39269908169872414 340
0.39269908169872414 1.1780972450961724 0.39269908169872414 341
0.78539816339744828 1.1780972450961724 0.39269908169872414 342
1.1780972450961724 1.1780972450961724 0.39269908169872414 343
1.5707963267948966 1.1780972450961724 0.39269908169872414 344
1.9634954084936207 1.1780972450961724 0.39269908169872414 345
2.3561944901923448 1.1780972450961724 0.39269908169872414 346
2.748893571891069 1.1780972450961724 0.39269908169872414 347
3.1415926535897931 1.1780972450961724 0.39269908169872414 348
3.5342917352885173 1.1780972450961724 0.39269908169872414 349
3.9269908169872414 1.1780972450961724 0.39269908169872414 350
4.3196898986859651 1.1780972450961724 0.39269908169872414 351
4.7123889803846897 1.1780972450961724 0.39269908169872414 352
5.1050880620834143 1.1780972450961724 0.39269908169872414 353
5.497787143782138 1.1780972450961724 0.39269908169872414 354
5.8904862254808616 1.1780972450961724 0.39269908169872414 355
6.2831853071795862 1.1780972450961724 0.39269908169872414 356
0 1.5707963267948966 0.39269908169872414 357
0.39269908169872414 1.5707963267948966 0.39269908169872414 358
0.78539816339744828 1.5707963267948966 0.39269908169872414 359
1.1780972450961724 1.5707963267948966 0.39269908169872414 360
1.5707963267948966 1.5707963267948966 0.39269908169872414 361
1.9634954084936207 1.5707963267948966 0.39269908169872414 362
2.3561944901923448 1.5707963267948966 0.39269908169872414 363
2.748893571891069 1.5707963267948966 0.39269908169872414 364
3.1415926535897931 1.5707963267948966 0.39269908169872414 365
3.5342917352885173 1.5707963267948966 0.39269908169872414 366
3.9269908169872414 1.5707963267948966 0.39269908169872414 367
4.3196898986859651 1.5707963267948966 0.39269908169872414 368
4.7123889803846897 1.5707963267948966 0.39269908169872414 369
5.1050880620834143 1.5707963267948966 0.39269908169872414 370
5.497787143782138 1.5707963267948966 0.39269908169872414 371
5.8904862254808616 1.5707963267948966 0.39269908169872414 372
6.2831853071795862 1.5707963267948966 0.39269908169872414 373
0 1.9634954084936207 0.39269908169872414 374
0.39269908169872414 1.9634954084936207 0.39269908169872414 375
0.78539816339744828 1.9634954084936207 0.39269908169872414 376
1.1780972450961724 1.9634954084936207 0.39269908169872414 377
1.5707963267948966 1.9634954084936207 0.39269908169872414 378
1.9634954084936207 1.9634954084936207 0.39269908169872414 379
2.3561944901923448 1.9634954084936207 0.39269908169872414 380
2.748893571891069 1.9634954084936207 0.39269908169872414 381
3.1415926535897931 1.9634954084936207 0.39269908169872414 382
3.5342917352885173 1.9634954084936207 0.39269908169872414 383
3.9269908169872414 1.9634954084936207 0.39269908169872414 384
4.3196898986859651 1.9634954084936207 0.39269908169872414 385
4.7123889803846897 1.9634954084936207 0.39269908169872414 386
5.1050880620834143 1.9634954084936207 0.39269908169872414 387
5.497787143782138 1.9634954084936207 0.39269908169872414 388
5.8904862254808616 1.9634954084936207 0.39269908169872414 389
6.2831853071795862 1.9634954084936207 0.39269908169872414 390
0 2.3561944901923448 0.39269908169872414 391
0.39269908169872414 2.3561944901923448 0.39269908169872414 392
0.78539816339744828 2.3561944901923448 0.39269908169872414 393
1.1780972450961724 2.3561944901923448 0.39269908169872414 394
1.5707963267948966 2.3561944901923448 0.39269908169872414 395
1.9634954084936207 2.3561944901923448 0.39269908169872414 396
2.3561944901923448 2.3561944901923448 0.39269908169872414 397
2.748893571891069 2.3561944901923448 0.39269908169872414 398
3.1415926535897931 2.3561944901923448 0.39269908169872414 399
3.5342917352885173 2.3561944901923448 0.39269908169872414 400
3.9269908169872414 2.3561944901923448 0.39269908169872414 401
4.3196898986859651 2.3561944901923448 0.39269908169872414 402
4.7123889803846897 2.3561944901923448 0.39269908169872414 403
5.1050880620834143 2.3561944901923448 0.39269908169872414 404
5.497787143782138 2.3561944901923448 0.39269908169872414 405
5.8904862254808616 2.3561944901923448 0.39269908169872414 406
6.2831853071795862 2.3561944901923448 0.39269908169872414 407
0 2.748893571891069 0.39269908169872414 408
0.39269908169872414 2.748893571891069 0.39269908169872414 409
0.78539816339744828 2.748893571891069 0.39269908169872414 410
1.1780972450961724 2.748893571891069 0.39269908169872414 411
1.5707963267948966 2.748893571891069 0.39269908169872414 412
1.9634954084936207 2.748893571891069 0.39269908169872414 413
2.3561944901923448 2.748893571891069 0.39269908169872414 414
2.748893571891069 2.748893571891069 0.39269908169872414 415
3.1415926535897931 2.748893571891069 0.39269908169872414 416
3.5342917352885173 2.748893571891069 0.39269908169872414 417
3.9269908169872414 2.748893571891069 0.39269908169872414 418
4.3196898986859651 2.748893571891069 0.39269908169872414 419
4.7123889803846897 2.748893571891069 0.39269908169872414 420
5.1050880620834143 2.748893571891069 0.39269908169872414 421
5.497787143782138 2.748893571891069 0.39269908169872414 422
5.8904862254808616 2.748893571891069 0.39269908169872414 423
6.2831853071795862 2.748893571891069 0.39269908169872414 424
0 3.1415926535897931 0.39269908169872414 425
0.39269908169872414 3.1415926535897931 0.39269908169872414 426
0.78539816339744828 3.1415926535897931 0.39269908169872414 427
1.1780972450961724 3.1415926535897931 0.39269908169872414 428
1.5707963267948966 3.1415926535897931 0.39269908169872414 429
1.9634954084936207 3.1415926535897931 0.39269908169872414 430
2.3561944901923448 3.1415926535897931 0.39269908169872414 431
2.748893571891069 3.1415926535897931 0.39269908169872414 432
3.1415926535897931 3.1415926535897931 0.39269908169872414 433
3.5342917352885173 3.1415926535897931 0.39269908169872414 434
3.9269908169872414 3.1415926535897931 0.39269908169872414 435
4.3196898986859651 3.1415926535897931 0.39269908169872414 436
4.7123889803846897 3.1415926535897931 0.39269908169872414 437
5.1050880620834143 3.1415926535897931 0.39269908169872414 438
5.497787143782138 3.1415926535897931 0.39269908169872414 439
5.8904862254808616 3.1415926535897931 0.39269908169872414 440
6.2831853071795862 3.1415926535897931 0.39269908169872414 441
0 3.5342917352885173 0.39269908169872414 442
0.39269908169872414 3.5342917352885173 0.39269908169872414 443
0.78539816339744828 3.5342917352885173 0.39269908169872414 444
1.1780972450961724 3.5342917352885173 0.39269908169872414 445
1.5707963267948966 3.5342917352885173 0.39269908169872414 446
1.9634954084936207 3.5342917352885173 0.39269908169872414 447
2.3561944901923448 3.5342917352885173 0.39269908169872414 448
2.748893571891069 3.5342917352885173 0.39269908169872414 449
3.1415926535897931 3.5342917352885173 0.39269908169872414 450
3.5342917352885173 3.5342917352885173 0.39269908169872414 451
3.9269908169872414 3.5342917352885173 0.39269908169872414 452
4.3196898986859651 3.5342917352885173 0.39269908169872414 453
4.7123889803846897 3.5342917352885173 0.39269908169872414 454
5.1050880620834143 3.5342917352885173 0.39269908169872414 455
5.497787143782138 3.5342917352885173 0.39269908169872414 456
5.8904862254808616 3.5342917352885173 0.39269908169872414 457
6.2831853071795862 3.5342917352885173 0.39269908169872414 458
0 3.9269908169872414 0.39269908169872414 459
0.39269908169872414 3.9269908169872414 0.39269908169872414 460
0.78539816339744828 3.9269908169872414 0.39269908169872414 461
1.1780972450961724 3.9269908169872414 0.39269908169872414 462
1.5707963267948966 3.9269908169872414 0.39269908169872414 463
1.9634954084936207 3.9269908169872414 0.39269908169872414 464
2.3561944901923448 3.9269908169872414 0.39269908169872414 465
2.748893571891069 3.9269908169872414 0.39269908169872414 466
3.1415926535897931 3.9269908169872414 0.39269908169872414 467
3.5342917352885173 3.9269908169872414 0.39269908169872414 468
3.9269908169872414 3.9269908169872414 0.39269908169872414 469
4.3196898986859651 3.9269908169872414 0.39269908169872414 470
4.7123889803846897 3.9269908169872414 0.39269908169872414 471
5.1050880620834143 3.9269908169872414 0.39269908169872414 472
5.497787143782138 3.9269908169872414 0.39269908169872414 473
5.8904862254808616 3.9269908169872414 0.39269908169872414 474
6.2831853071795862 3.9269908169872414 0.39269908169872414 475
0 4.3196898986859651 0.39269908169872414 476
0.39269908169872414 4.3196898986859651 0.39269908169872414 477
0.78539816339744828 4.3196898986859651 0.39269908169872414 478
1.1780972450961724 4.3196898986859651 0.39269908169872414 479
1.5707963267948966 4.3196898986859651 0.39269908169872414 480
1.9634954084936207 4.3196898986859651 0.39269908169872414 481
2.3561944901923448 4.3196898986859651 0.39269908169872414 482
2.748893571891069 4.3196898986859651 0.39269908169872414 483
3.1415926535897931 4.3196898986859651 0.39269908169872414 484
3.5342917352885173 4.3196898986859651 0.39269908169872414 485
3.9269908169872414 4.3196898986859651 0.39269908169872414 486
4.3196898986859651 4.3196898986859651 0.39269908169872414 487
4.7123889803846897 4.3196898986859651 0.39269908169872414 488
5.1050880620834143 4.3196898986859651 0.39269908169872414 489
5.497787143782138 4.3196898986859651 0.39269908169872414 490
5.8904862254808616 4.3196898986859651 0.39269908169872414 491
6.2831853071795862 4.3196898986859651 0.39269908169872414 492
0 4.7123889803846897 0.39269908169872414 493
0.39269908169872414 4.7123889803846897 0.39269908169872414 494
0.78539816339744828 4.7123889803846897 0.39269908169872414 495
1.1780972450961724 4.7123889803846897 0.39269908169872414 496
1.5707963267948966 4.7123889803846897 0.39269908169872414 497
1.9634954084936207 4.7123889803846897 0.39269908169872414 498
2.3561944901923448 4.7123889803846897 0.39269908169872414 499
2.748893571891069 4.7123889803846897 0.39269908169872414 500
3.1415926535897931 4.7123889803846897 0.39269908169872414 501
3.5342917352885173 4.7123889803846897 0.39269908169872414 502
3.9269908169872414 4.7123889803846897 0.39269908169872414 503
4.3196898986859651 4.7123889803846897 0.39269908169872414 504
4.7123889803846897 4.7123889803846897 0.39269908169872414 505
5.1050880620834143 4.7123889803846897 0.39269908169872414 506
5.497787143782138 4.7123889803846897 0.39269908169872414 507
5.8904862254808616 4.7123889803846897 0.39269908169872414 508
6.2831853071795862 4.7123889803846897 0.39269908169872414 509
0 5.1050880620834143 0.39269908169872414 510
0.39269908169872414 5.1050880620834143 0.39269908169872414 511
0.78539816339744828 5.1050880620834143 0.39269908169872414 512
1.1780972450961724 5.1050880620834143 0.39269908169872414 513
1.5707963267948966 5.1050880620834143 0.39269908169872414 514
1.9634954084936207 5.1050880620834143 0.39269908169872414 515
2.3561944901923448 5.1050880620834143 0.39269908169872414 516
2.748893571891069 5.1050880620834143 0.39269908169872414 517
3.1415926535897931 5.1050880620834143 0.39269908169872414 518
3.5342917352885173 5.1050880620834143 0.39269908169872414 519
3.9269908169872414 5.1050880620834143 0.39269908169872414 520
4.3196898986859651 5.1050880620834143 0.39269908169872414 521
4.7123889803846897 5.1050880620834143 0.39269908169872414 522
5.1050880620834143 5.1050880620834143 0.39269908169872414 523
5.497787143782138 5.1050880620834143 0.39269908169872414 524
5.8904862254808616 5.1050880620834143 0.39269908169872414 525
6.2831853071795862 5.1050880620834143 0.39269908169872414 526
0 5.497787143782138 0.39269908169872414 527
0.39269908169872414 5.497787143782138 0.39269908169872414 528
0.78539816339744828 5.497787143782138 0.39269908169872414 529
1.1780972450961724 5.497787143782138 0.39269908169872414 530
1.5707963267948966 5.497787143782138 0.39269908169872414 531
1.9634954084936207 5.497787143782138 0.39269908169872414 532
2.3561944901923448 5.497787143782138 0.39269908169872414 533
2.748893571891069 5.497787143782138 0.39269908169872414 534
3.1415926535897931 5.497787143782138 0.39269908169872414 535
3.5342917352885173 5.497787143782138 0.39269908169872414 536
3.9269908169872414 5.497787143782138 0.39269908169872414 537
4.3196898986859651 5.497787143782138 0.39269908169872414 538
4.7123889803846897 5.497787143782138 0.39269908169872414 539
5.1050880620834143 5.497787143782138 0.39269908169872414 540
5.497787143782138 5.497787143782138 0.39269908169872414 541
5.8904862254808616 5.497787143782138 0.39269908169872414 542
6.2831853071795862 5.497787143782138 0.39269908169872414 543
0 5.8904862254808616 0.39269908169872414 544
0.39269908169872414 5.8904862254808616 0.39269908169872414 545
0.78539816339744828 5.8904862254808616 0.39269908169872414 546
1.1780972450961724 5.8904862254808616 0.39269908169872414 547
1.5707963267948966 5.8904862254808616 0.39269908169872414 548
1.9634954084936207 5.8904862254808616 0.39269908169872414 549
2.3561944901923448 5.8904862254808616 0.39269908169872414 550
2.748893571891069 5.8904862254808616 0.39269908169872414 551
3.1415926535897931 5.8904862254808616 0.39269908169872414 552
3.5342917352885173 5.8904862254808616 0.39269908169872414 553
3.9269908169872414 5.8904862254808616 0.39269908169872414 554
4.3196898986859651 5.8904862254808616 0.39269908169872414 555
4.7123889803846897 5.8904862254808616 0.39269908169872414 556
5.1050880620834143 5.8904862254808616 0.39269908169872414 557
5.497787143782138 5.8904862254808616 0.39269908169872414 558
5.8904862254808616 5.8904862254808616 0.39269908169872414 559
6.2831853071795862 5.8904862254808616 0.39269908169872414 560
0 6.2831853071795862 0.39269908169872414 561
0.39269908169872414 6.2831853071795862 0.39269908169872414 562
0.78539816339744828 6.2831853071795862 0.39269908169872414 563
1.1780972450961724 6.2831853071795862 0.39269908169872414 564
1.5707963267948966 6.2831853071795862 0.39269908169872414 565
1.9634954084936207 6.2831853071795862 0.39269908169872414 566
2.3561944901923448 6.2831853071795862 0.39269908169872414 567
2.748893571891069 6.2831853071795862 0.39269908169872414 568
3.1415926535897931 6.2831853071795862 0.39269908169872414 569
3.5342917352885173 6.2831853071795862 0.39269908169872414 570
3.9269908169872414 6.2831853071795862 0.39269908169872414 571
4.3196898986859651 6.2831853071795862 0.39269908169872414 572
4.7123889803846897 6.2831853071795862 0.39269908169872414 573
5.1050880620834143 6.2831853071795862 0.39269908169872414 574
5.497787143782138 6.2831853071795862 0.39269908169872414 575
5.8904862254808616 6.2831853071795862 0.39269908169872414 576
6.2831853071795862 6.2831853071795862 0.39269908169872414 577
0 0 0.78539816339744828 578
0.39269908169872414 0 0.78539816339744828 579
0.78539816339744828 0 0.78539816339744828 580
1.1780972450961724 0 0.78539816339744828 581
1.5707963267948966 0 0.78539816339744828 582
1.9634954084936207 0 0.78539816339744828 583
2.3561944901923448 0 0.78539816339744828 584
2.748893571891069 0 0.78539816339744828 585
3.1415926535897931 0 0.78539816339744828 586
3.5342917352885173 0 0.78539816339744828 587
3.9269908169872414 0 0.78539816339744828 588
4.3196898986859651 0 0.78539816339744828 589
4.7123889803846897 0 0.78539816339744828 590
5.1050880620834143 0 0.78539816339744828 591
5.497787143782138 0 0.78539816339744828 592
5.8904862254808616 0 0.78539816339744828 593
6.2831853071795862 0 0.78539816339744828 594
0 0.39269908169872414 0.78539816339744828 595
0.39269908169872414 0.39269908169872414 0.78539816339744828 596
0.78539816339744828 0.39269908169872414 0.78539816339744828 597
1.1780972450961724 0.39269908169872414 0.78539816339744828 598
1.5707963267948966 0.39269908169872414 0.78539816339744828 599
1.9634954084936207 0.39269908169872414 0.78539816339744828 600
2.3561944901923448 0.39269908169872414 0.78539816339744828 601
2.748893571891069 0.39269908169872414 0.78539816339744828 602
3.1415926535897931 0.39269908169872414 0.78539816339744828 603
3.5342917352885173 0.39269908169872414 0.78539816339744828 604
3.9269908169872414 0.39269908169872414 0.78539816339744828 605
4.3196898986859651 0.39269908169872414 0.78539816339744828 606
4.7123889803846897 0.39269908169872414 0.78539816339744828 607
5.1050880620834143 0.39269908169872414 0.78539816339744828 608
5.497787143782138 0.39269908169872414 0.78539816339744828 609
5.8904862254808616 0.39269908169872414 0.78539816339744828 610
6.2831853071795862 0.39269908169872414 0.78539816339744828 611
0 0.78539816339744828 0.78539816339744828 612
0.39269908169872414 0.78539816339744828 0.78539816339744828 613
0.78539816339744828 0.78539816339744828 0.78539816339744828 614
1.1780972450961724 0.78539816339744828 0.78539816339744828 615
1.5707963267948966 0.78539816339744828 0.78539816339744828 616
1.9634954084936207 0.78539816339744828 0.78539816339744828 617
2.3561944901923448 0.78539816339744828 0.78539816339744828 618
2.748893571891069 0.78539816339744828 0.78539816339744828 619
3.1415926535897931 0.78539816339744828 0.78539816339744828 620
3.5342917352885173 0.78539816339744828 0.78539816339744828 621
3.9269908169872414 0.78539816339744828 0.78539816339744828 622
4.3196898986859651 0.78539816339744828 0.78539816339744828 623
4.7123889803846897 0.78539816339744828 0.78539816339744828 624
5.1050880620834143 0.78539816339744828 0.78539816339744828 625
5.497787143782138 0.78539816339744828 0.78539816339744828 626
5.8904862254808616 0.78539816339744828 0.78539816339744828 627
6.2831853071795862 0.78539816339744828 0.78539816339744828 628
0 1.1780972450961724 0.78539816339744828 629
0.39269908169872414 1.1780972450961724 0.78539816339744828 630
0.78539816339744828 1.1780972450961724 0.78539816339744828 631
1.1780972450961724 1.1780972450961724 0.78539816339744828 632
1.5707963267948966 1.1780972450961724 0.78539816339744828 633
1.9634954084936207 1.1780972450961724 0.78539816339744828 634
2.3561944901923448 1.1780972450961724 0.78539816339744828 635
2.748893571891069 1.1780972450961724 0.78539816339744828 636
3.1415926535897931 1.1780972450961724 0.78539816339744828 637
3.5342917352885173 1.1780972450961724 0.78539816339744828 638
3.9269908169872414 1.1780972450961724 0.78539816339744828 639
4.3196898986859651 1.1780972450961724 0.78539816339744828 640
4.7123889803846897 1.1780972450961724 0.78539816339744828 641
5.1050880620834143 1.1780972450961724 0.78539816339744828 642
5.497787143782138 1.1780972450961724 0.78539816339744828 643
5.8904862254808616 1.1780972450961724 0.78539816339744828 644
6.2831853071795862 1.1780972450961724 0.78539816339744828 645
0 1.5707963267948966 0.78539816339744828 646
0.39269908169872414 1.5707963267948966 0.78539816339744828 647
0.78539816339744828 1.5707963267948966 0.78539816339744828 648
1.1780972450961724 1.5707963267948966 0.78539816339744828 649
1.5707963267948966 1.5707963267948966 0.78539816339744828 650
1.9634954084936207 1.5707963267948966 0.78539816339744828 651
2.3561944901923448 1.5707963267948966 0.78539816339744828 652
2.748893571891069 1.5707963267948966 0.78539816339744828 653
3.1415926535897931 1.5707963267948966 0.78539816339744828 654
3.5342917352885173 1.5707963267948966 0.78539816339744828 655
3.9269908169872414 1.5707963267948966 0.78539816339744828 656
4.3196898986859651 1.5707963267948966 0.78539816339744828 657
4.7123889803846897 1.5707963267948966 0.78539816339744828 658
5.1050880620834143 1.5707963267948966 0.78539816339744828 659
5.497787143782138 1.5707963267948966 0.78539816339744828 660
5.8904862254808616 1.5707963267948966 0.78539816339744828 661
6.2831853071795862 1.5707963267948966 0.78539816339744828 662
0 1.9634954084936207 0.78539816339744828 663
0.39269908169872414 1.9634954084936207 0.78539816339744828 664
0.78539816339744828 1.9634954084936207 0.78539816339744828 665
1.1780972450961724 1.9634954084936207 0.78539816339744828 666
1.5707963267948966 1.9634954084936207 0.78539816339744828 667
1.9634954084936207 1.9634954084936207 0.78539816339744828 668
2.3561944901923448 1.9634954084936207 0.78539816339744828 669
2.748893571891069 1.9634954084936207 0.78539816339744828 670
3.1415926535897931 1.9634954084936207 0.78539816339744828 671
3.5342917352885173 1.9634954084936207 0.78539816339744828 672
3.9269908169872414 1.9634954084936207 0.78539816339744828 673
4.3196898986859651 1.9634954084936207 0.78539816339744828 674
4.7123889803846897 1.9634954084936207 0.78539816339744828 675
5.1050880620834143 1.9634954084936207 0.78539816339744828 676
5.497787143782138 1.9634954084936207 0.78539816339744828 677
5.8904862254808616 1.9634954084936207 0.78539816339744828 678
6.2831853071795862 1.9634954084936207 0.78539816339744828 679
0 2.3561944901923448 0.78539816339744828 680
0.39269908169872414 2.3561944901923448 0.78539816339744828 681
0.78539816339744828 2.3561944901923448 0.78539816339744828 682
1.1780972450961724 2.3561944901923448 0.78539816339744828 683
1.5707963267948966 2.3561944901923448 0.78539816339744828 684
1.9634954084936207 2.3561944901923448 0.78539816339744828 685
2.3561944901923448 2.3561944901923448 0.78539816339744828 686
2.748893571891069 2.3561944901923448 0.78539816339744828 687
3.1415926535897931 2.3561944901923448 0.78539816339744828 688
3.5342917352885173 2.3561944901923448 0.78539816339744828 689
3.9269908169872414 2.3561944901923448 0.78539816339744828 690
4.3196898986859651 2.3561944901923448 0.78539816339744828 691
4.7123889803846897 2.3561944901923448 0.78539816339744828 692
5.1050880620834143 2.3561944901923448 0.78539816339744828 693
5.497787143782138 2.3561944901923448 0.78539816339744828 694
5.8904862254808616 2.3561944901923448 0.78539816339744828 695
6.2831853071795862 2.3561944901923448 0.78539816339744828 696
0 2.748893571891069 0.78539816339744828 697
0.39269908169872414 2.748893571891069 0.78539816339744828 698
0.78539816339744828 2.748893571891069 0.78539816339744828 699
1.1780972450961724 2.748893571891069 0.78539816339744828 700
1.5707963267948966 2.748893571891069 0.78539816339744828 701
1.9634954084936207 2.748893571891069 0.78539816339744828 702
2.3561944901923448 2.748893571891069 0.78539816339744828 703
2.748893571891069 2.748893571891069 0.78539816339744828 704
3.1415926535897931 2.748893571891069 0.78539816339744828 705
3.5342917352885173 2.748893571891069 0.78539816339744828 706
3.9269908169872414 2.748893571891069 0.78539816339744828 707
4.3196898986859651 2.748893571891069 0.78539816339744828 708
4.7123889803846897 2.748893571891069 0.78539816339744828 709
5.1050880620834143 2.748893571891069 0.78539816339744828 710
5.497787143782138 2.748893571891069 0.78539816339744828 711
5.8904862254808616 2.748893571891069 0.78539816339744828 712
6.2831853071795862 2.748893571891069 0.78539816339744828 713
0 3.1415926535897931 0.78539816339744828 714
0.39269908169872414 3.1415926535897931 0.78539816339744828 715
0.78539816339744828 3.1415926535897931 0.78539816339744828 716
1.1780972450961724 3.1415926535897931 0.78539816339744828 717
1.5707963267948966 3.1415926535897931 0.78539816339744828 718
1.9634954084936207 3.1415926535897931 0.78539816339744828 719
2.3561944901923448 3.1415926535897931 0.78539816339744828 720
2.748893571891069 3.1415926535897931 0.78539816339744828 721
3.1415926535897931 3.1415926535897931 0.78539816339744828 722
3.5342917352885173 3.1415926535897931 0.78539816339744828 723
3.9269908169872414 3.1415926535897931 0.78539816339744828 724
4.3196898986859651 3.1415926535897931 0.78539816339744828 725
4.7123889803846897 3.1415926535897931 0.78539816339744828 726
5.1050880620834143 3.1415926535897931 0.78539816339744828 727
5.497787143782138 3.1415926535897931 0.78539816339744828 728
5.8904862254808616 3.1415926535897931 0.78539816339744828 729
6.2831853071795862 3.1415926535897931 0.78539816339744828 730
0 3.5342917352885173 0.78539816339744828 731
0.39269908169872414 3.5342917352885173 0.78539816339744828 732
0.78539816339744828 3.5342917352885173 0.78539816339744828 733
1.1780972450961724 3.5342917352885173 0.78539816339744828 734
1.5707963267948966 3.5342917352885173 0.78539816339744828 735
1.9634954084936207 3.5342917352885173 0.78539816339744828 736
2.3561944901923448 3.5342917352885173 0.78539816339744828 737
2.748893571891069 3.5342917352885173 0.78539816339744828 738
3.1415926535897931 3.5342917352885173 0.78539816339744828 739
3.5342917352885173 3.5342917352885173 0.78539816339744828 740
3.9269908169872414 3.5342917352885173 0.78539816339744828 741
4.3196898986859651 3.5342917352885173 0.78539816339744828 742
4.7123889803846897 3.5342917352885173 0.78539816339744828 743
5.1050880620834143 3.5342917352885173 0.78539816339744828 744
5.497787143782138 3.5342917352885173 0.78539816339744828 745
5.8904862254808616 3.5342917352885173 0.78539816339744828 746
6.2831853071795862 3.5342917352885173 0.78539816339744828 747
0 3.9269908169872414 0.78539816339744828 748
0.39269908169872414 3.9269908169872414 0.78539816339744828 749
0.78539816339744828 3.9269908169872414 0.78539816339744828 750
1.1780972450961724 3.9269908169872414 0.78539816339744828 751
1.5707963267948966 3.9269908169872414 0.78539816339744828 752
1.9634954084936207 3.9269908169872414 0.78539816339744828 753
2.3561944901923448 3.9269908169872414 0.78539816339744828 754
2.748893571891069 3.9269908169872414 0.78539816339744828 755
3.1415926535897931 3.9269908169872414 0.78539816339744828 756
3.5342917352885173 3.9269908169872414 0.78539816339744828 757
3.9269908169872414 3.9269908169872414 0.78539816339744828 758
4.3196898986859651 3.9269908169872414 0.78539816339744828 759
4.7123889803846897 3.9269908169872414 0.78539816339744828 760
5.1050880620834143 3.9269908169872414 0.78539816339744828 761
5.497787143782138 3.9269908169872414 0.78539816339744828 762
5.8904862254808616 3.9269908169872414 0.78539816339744828 763
6.2831853071795862 3.9269908169872414 0.78539816339744828 764
0 4.3196898986859651 0.78539816339744828 765
0.39269908169872414 4.3196898986859651 0.78539816339744828 766
0.78539816339744828 4.3196898986859651 0.78539816339744828 767
1.1780972450961724 4.3196898986859651 0.78539816339744828 768
1.5707963267948966 4.3196898986859651 0.78539816339744828 769
1.9634954084936207 4.3196898986859651 0.78539816339744828 770
2.3561944901923448 4.3196898986859651 0.78539816339744828 771
2.748893571891069 4.3196898986859651 0.78539816339744828 772
3.1415926535897931 4.3196898986859651 0.78539816339744828 773
3.5342917352885173 4.3196898986859651 0.78539816339744828 774
3.9269908169872414 4.3196898986859651 0.78539816339744828 775
4.3196898986859651 4.3196898986859651 0.78539816339744828 776
4.7123889803846897 4.3196898986859651 0.78539816339744828 777
5.1050880620834143 4.3196898986859651 0.78539816339744828 778
5.497787143782138 4.3196898986859651 0.78539816339744828 779
5.8904862254808616 4.3196898986859651 0.78539816339744828 780
6.2831853071795862 4.3196898986859651 0.78539816339744828 781
0 4.7123889803846897 0.78539816339744828 782
0.39269908169872414 4.7123889803846897 0.78539816339744828 783
0.78539816339744828 4.7123889803846897 0.78539816339744828 784
1.1780972450961724 4.7123889803846897 0.78539816339744828 785
1.5707963267948966 4.7123889803846897 0.78539816339744828 786
1.9634954084936207 4.7123889803846897 0.78539816339744828 787
2.3561944901923448 4.7123889803846897 0.78539816339744828 788
2.748893571891069 4.7123889803846897 0.78539816339744828 789
3.1415926535897931 4.7123889803846897 0.78539816339744828 790
3.5342917352885173 4.7123889803846897 0.78539816339744828 791
3.9269908169872414 4.7123889803846897 0.78539816339744828 792
4.3196898986859651 4.7123889803846897 0.78539816339744828 793
4.7123889803846897 4.7123889803846897 0.78539816339744828 794
5.1050880620834143 4.7123889803846897 0.78539816339744828 795
5.497787143782138 4.7123889803846897 0.78539816339744828 796
5.8904862254808616 4.7123889803846897 0.78539816339744828 797
6.2831853071795862 4.7123889803846897 0.78539816339744828 798
0 5.1050880620834143 0.78539816339744828 799
0.39269908169872414 5.1050880620834143 0.78539816339744828 800
0.78539816339744828 5.1050880620834143 0.78539816339744828 801
1.1780972450961724 5.1050880620834143 0.78539816339744828 802
1.5707963267948966 5.1050880620834143 0.78539816339744828 803
1.9634954084936207 5.1050880620834143 0.78539816339744828 804
2.3561944901923448 5.1050880620834143 0.78539816339744828 805
2.748893571891069 5.1050880620834143 0.78539816339744828 806
3.1415926535897931 5.1050880620834143 0.78539816339744828 807
3.5342917352885173 5.1050880620834143 0.78539816339744828 808
3.9269908169872414 5.1050880620834143 0.78539816339744828 809
4.3196898986859651 5.1050880620834143 0.78539816339744828 810
4.7123889803846897 5.1050880620834143 0.78539816339744828 811
5.1050880620834143 5.1050880620834143 0.78539816339744828 812
5.497787143782138 5.1050880620834143 0.78539816339744828 813
5.8904862254808616 5.1050880620834143 0.78539816339744828 814
6.2831853071795862 5.1050880620834143 0.78539816339744828 815
0 5.497787143782138 0.78539816339744828 816
0.39269908169872414 5.497787143782138 0.78539816339744828 817
0.78539816339744828 5.497787143782138 0.78539816339744828 818
1.1780972450961724 5.497787143782138 0.78539816339744828 819
1.5707963267948966 5.497787143782138 0.78539816339744828 820
1.9634954084936207 5.497787143782138 0.78539816339744828 821
2.3561944901923448 5.497787143782138 0.78539816339744828 822
2.748893571891069 5.497787143782138 0.78539816339744828 823
3.1415926535897931 5.497787143782138 0.78539816339744828 824
3.5342917352885173 5.497787143782138 0.78539816339744828 825
3.9269908169872414 5.497787143782138 0.78539816339744828 826
4.3196898986859651 5.497787143782138 0.78539816339744828 827
4.7123889803846897 5.497787143782138 0.78539816339744828 828
5.1050880620834143 5.497787143782138 0.78539816339744828 829
5.497787143782138 5.497787143782138 0.78539816339744828 830
5.8904862254808616 5.497787143782138 0.78539816339744828 831
6.2831853071795862 5.497787143782138 0.78539816339744828 832
0 5.8904862254808616 0.78539816339744828 833
0.39269908169872414 5.8904862254808616 0.78539816339744828 834
0.78539816339744828 5.8904862254808616 0.78539816339744828 835
1.1780972450961724 5.8904862254808616 0.78539816339744828 836
1.5707963267948966 5.8904862254808616 0.78539816339744828 837
1.9634954084936207 5.8904862254808616 0.78539816339744828 838
2.3561944901923448 5.8904862254808616 0.78539816339744828 839
2.748893571891069 5.8904862254808616 0.78539816339744828 840
3.1415926535897931 5.8904862254808616 0.78539816339744828 841
3.5342917352885173 5.8904862254808616 0.78539816339744828 842
3.9269908169872414 5.8904862254808616 0.78539816339744828 843
4.3196898986859651 5.8904862254808616 0.78539816339744828 844
4.7123889803846897 5.8904862254808616 0.78539816339744828 845
5.1050880620834143 5.8904862254808616 0.78539816339744828 846
5.497787143782138 5.8904862254808616 0.78539816339744828 847
5.8904862254808616 5.8904862254808616 0.78539816339744828 848
6.2831853071795862 5.8904862254808616 0.78539816339744828 849
0 6.2831853071795862 0.78539816339744828 850
0.39269908169872414 6.2831853071795862 0.78539816339744828 851
0.78539816339744828 6.2831853071795862 0.78539816339744828 852
1.1780972450961724 6.2831853071795862 0.78539816339744828 853
1.5707963267948966 6.2831853071795862 0.78539816339744828 854
1.9634954084936207 6.2831853071795862 0.78539816339744828 855
2.3561944901923448 6.2831853071795862 0.78539816339744828 856
2.748893571891069 6.2831853071795862 0.78539816339744828 857
3.1415926535897931 6.2831853071795862 0.78539816339744828 858
3.5342917352885173 6.2831853071795862 0.78539816339744828 859
3.9269908169872414 6.2831853071795862 0.78539816339744828 860
4.3196898986859651 6.2831853071795862 0.78539816339744828 861
4.7123889803846897 6.2831853071795862 0.78539816339744828 862
5.1050880620834143 6.2831853071795862 0.78539816339744828 863
5.497787143782138 6.2831853071795862 0.78539816339744828 864
5.8904862254808616 6.2831853071795862 0.78539816339744828 865
6.2831853071795862 6.2831853071795862 0.78539816339744828 866
0 0 1.1780972450961724 867
0.39269908169872414 0 1.1780972450961724 868
0.78539816339744828 0 1.1780972450961724 869
1.1780972450961724 0 1.1780972450961724 870
1.5707963267948966 0 1.1780972450961724 871
1.9634954084936207 0 1.1780972450961724 872
2.3561944901923448 0 1.1780972450961724 873
2.748893571891069 0 1.1780972450961724 874
3.1415926535897931 0 1.1780972450961724 875
3.5342917352885173 0 1.1780972450961724 876
3.9269908169872414 0 1.1780972450961724 877
4.3196898986859651 0 1.1780972450961724 878
4.7123889803846897 0 1.1780972450961724 879
5.1050880620834143 0 1.1780972450961724 880
5.497787143782138 0 1.1780972450961724 881
5.8904862254808616 0 1.1780972450961724 882
6.2831853071795862 0 1.1780972450961724 883
0 0.39269908169872414 1.1780972450961724 884
0.39269908169872414 0.39269908169872414 1.1780972450961724 885
0.78539816339744828 0.39269908169872414 1.1780972450961724 886
1.1780972450961724 0.39269908169872414 1.1780972450961724 887
1.5707963267948966 0.39269908169872414 1.1780972450961724 888
1.9634954084936207 0.39269908169872414 1.1780972450961724 889
2.3561944901923448 0.39269908169872414 1.1780972450961724 890
2.748893571891069 0.39269908169872414 1.1780972450961724 891
3.1415926535897931 0.39269908169872414 1.1780972450961724 892
3.5342917352885173 0.39269908169872414 1.1780972450961724 893
3.9269908169872414 0.39269908169872414 1.1780972450961724 894
4.3196898986859651 0.39269908169872414 1.1780972450961724 895
4.7123889803846897 0.39269908169872414 1.1780972450961724 896
5.1050880620834143 0.39269908169872414 1.1780972450961724 897
5.497787143782138 0.39269908169872414 1.1780972450961724 898
5.8904862254808616 0.39269908169872414 1.1780972450961724 899
6.2831853071795862 0.39269908169872414 1.1780972450961724 900
0 0.78539816339744828 1.1780972450961724 901
0.39269908169872414 0.78539816339744828 1.1780972450961724 902
0.78539816339744828 0.78539816339744828 1.1780972450961724 903
1.1780972450961724 0.78539816339744828 1.1780972450961724 904
1.5707963267948966 0.78539816339744828 1.1780972450961724 905
1.9634954084936207 0.78539816339744828 1.1780972450961724 906
2.3561944901923448 0.78539816339744828 1.1780972450961724 907
2.748893571891069 0.78539816339744828 1.1780972450961724 908
3.1415926535897931 0.78539816339744828 1.1780972450961724 909
3.5342917352885173 0.78539816339744828 1.1780972450961724 910
3.9269908169872414 0.78539816339744828 1.1780972450961724 911
4.3196898986859651 0.78539816339744828 1.1780972450961724 912
4.7123889803846897 0.78539816339744828 1.1780972450961724 913
5.1050880620834143 0.78539816339744828 1.1780972450961724 914
5.497787143782138 0.78539816339744828 1.1780972450961724 915
5.8904862254808616 0.78539816339744828 1.1780972450961724 916
6.2831853071795862 0.78539816339744828 1.1780972450961724 917
0 1.1780972450961724 1.1780972450961724 918
0.39269908169872414 1.1780972450961724 1.1780972450961724 919
0.78539816339744828 1.1780972450961724 1.1780972450961724 920
1.1780972450961724 1.1780972450961724 1.1780972450961724 921
1.5707963267948966 1.1780972450961724 1.1780972450961724 922
1.9634954084936207 1.1780972450961724 1.1780972450961724 923
2.3561944901923448 1.1780972450961724 1.1780972450961724 924
2.748893571891069 1.1780972450961724 1.1780972450961724 925
3.1415926535897931 1.1780972450961724 1.1780972450961724 926
3.5342917352885173 1.1780972450961724 1.1780972450961724 927
3.9269908169872414 1.1780972450961724 1.1780972450961724 928
4.3196898986859651 1.1780972450961724 1.1780972450961724 929
4.7123889803846897 1.1780972450961724 1.1780972450961724 930
5.1050880620834143 1.1780972450961724 1.1780972450961724 931
5.497787143782138 1.1780972450961724 1.1780972450961724 932
5.8904862254808616 1.1780972450961724 1.1780972450961724 933
6.2831853071795862 1.1780972450961724 1.1780972450961724 934
0 1.5707963267948966 1.1780972450961724 935
0.39269908169872414 1.5707963267948966 1.1780972450961724 936
0.78539816339744828 1.5707963267948966 1.1780972450961724 937
1.1780972450961724 1.5707963267948966 1.1780972450961724 938
1.5707963267948966 1.5707963267948966 1.1780972450961724 939
1.9634954084936207 1.5707963267948966 1.1780972450961724 940
2.3561944901923448 1.5707963267948966 1.1780972450961724 941
2.748893571891069 1.5707963267948966 1.1780972450961724 942
3.1415926535897931 1.5707963267948966 1.1780972450961724 943
3.5342917352885173 1.5707963267948966 1.1780972450961724 944
3.9269908169872414 1.5707963267948966 1.1780972450961724 945
4.3196898986859651 1.5707963267948966 1.1780972450961724 946
4.7123889803846897 1.5707963267948966 1.1780972450961724 947
5.1050880620834143 1.5707963267948966 1.1780972450961724 948
5.497787143782138 1.5707963267948966 1.1780972450961724 949
5.8904862254808616 1.5707963267948966 1.1780972450961724 950
6.2831853071795862 1.5707963267948966 1.1780972450961724 951
0 1.9634954084936207 1.1780972450961724 952
0.39269908169872414 1.9634954084936207 1.1780972450961724 953
0.78539816339744828 1.9634954084936207 1.1780972450961724 954
1.1780972450961724 1.9634954084936207 1.1780972450961724 955
1.5707963267948966 1.9634954084936207 1.1780972450961724 956
1.9634954084936207 1.9634954084936207 1.1780972450961724 957
2.3561944901923448 1.9634954084936207 1.1780972450961724 958
2.748893571891069 1.9634954084936207 1.1780972450961724 959
3.1415926535897931 1.9634954084936207 1.1780972450961724 960
3.5342917352885173 1.9634954084936207 1.1780972450961724 961
3.9269908169872414 1.9634954084936207 1.1780972450961724 962
4.3196898986859651 1.9634954084936207 1.1780972450961724 963
4.7123889803846897 1.9634954084936207 1.1780972450961724 964
5.1050880620834143 1.9634954084936207 1.1780972450961724 965
5.497787143782138 1.9634954084936207 1.1780972450961724 966
5.8904862254808616 1.9634954084936207 1.1780972450961724 967
6.2831853071795862 1.9634954084936207 1.1780972450961724 968
0 2.3561944901923448 1.1780972450961724 969
0.39269908169872414 2.3561944901923448 1.1780972450961724 970
0.78539816339744828 2.3561944901923448 1.1780972450961724 971
1.1780972450961724 2.3561944901923448 1.1780972450961724 972
1.5707963267948966 2.3561944901923448 1.1780972450961724 973
1.9634954084936207 2.3561944901923448 1.1780972450961724 974
2.3561944901923448 2.3561944901923448 1.1780972450961724 975
2.748893571891069 2.3561944901923448 1.1780972450961724 976
3.1415926535897931 2.3561944901923448 1.1780972450961724 977
3.5342917352885173 2.3561944901923448 1.1780972450961724 978
3.9269908169872414 2.3561944901923448 1.1780972450961724 979
4.3196898986859651 2.3561944901923448 1.1780972450961724 980
4.7123889803846897 2.3561944901923448 1.1780972450961724 981
5.1050880620834143 2.3561944901923448 1.1780972450961724 982
5.497787143782138 2.3561944901923448 1.1780972450961724 983
5.8904862254808616 2.3561944901923448 1.1780972450961724 984
6.2831853071795862 2.3561944901923448 1.1780972450961724 985
0 2.748893571891069 1.1780972450961724 986
0.39269908169872414 2.748893571891069 1.1780972450961724 987
0.78539816339744828 2.748893571891069 1.1780972450961724 988
1.1780972450961724 2.748893571891069 1.1780972450961724 989
1.5707963267948966 2.748893571891069 1.1780972450961724 990
1.9634954084936207 2.748893571891069 1.1780972450961724 991
2.3561944901923448 2.748893571891069 1.1780972450961724 992
2.748893571891069 2.748893571891069 1.1780972450961724 993
3.1415926535897931 2.748893571891069 1.1780972450961724 994
3.5342917352885173 2.748893571891069 1.1780972450961724 995
3.9269908169872414 2.748893571891069 1.1780972450961724 996
4.3196898986859651 2.748893571891069 1.1780972450961724 997
4.7123889803846897 2.748893571891069 1.1780972450961724 998
5.1050880620834143 2.748893571891069 1.1780972450961724 999
5.497787143782138 2.748893571891069 1.1780972450961724 1000
5.8904862254808616 2.748893571891069 1.1780972450961724 1001
6.2831853071795862 2.748893571891069 1.1780972450961724 1002
0 3.1415926535897931 1.1780972450961724 1003
0.39269908169872414 3.1415926535897931 1.1780972450961724 1004
0.78539816339744828 3.1415926535897931 1.1780972450961724 1005
1.1780972450961724 3.1415926535897931 1.1780972450961724 1006
1.5707963267948966 3.1415926535897931 1.1780972450961724 1007
1.9634954084936207 3.1415926535897931 1.1780972450961724 1008
2.3561944901923448 3.1415926535897931 1.1780972450961724 1009
2.748893571891069 3.1415926535897931 1.1780972450961724 1010
3.1415926535897931 3.1415926535897931 1.1780972450961724 1011
3.5342917352885173 3.1415926535897931 1.1780972450961724 1012
3.9269908169872414 3.1415926535897931 1.1780972450961724 1013
4.3196898986859651 3.1415926535897931 1.1780972450961724 1014
4.7123889803846897 3.1415926535897931 1.1780972450961724 1015
5.1050880620834143 3.1415926535897931 1.1780972450961724 1016
5.497787143782138 3.1415926535897931 1.1780972450961724 1017
5.8904862254808616 3.1415926535897931 1.1780972450961724 1018
6.2831853071795862 3.1415926535897931 1.1780972450961724 1019
0 3.5342917352885173 1.1780972450961724 1020
0.39269908169872414 3.5342917352885173 1.1780972450961724 1021
0.78539816339744828 3.5342917352885173 1.1780972450961724 1022
1.1780972450961724 3.5342917352885173 1.1780972450961724 1023
1.5707963267948966 3.5342917352885173 1.1780972450961724 1024
1.9634954084936207 3.5342917352885173 1.1780972450961724 1025
2.3561944901923448 3.5342917352885173 1.1780972450961724 1026
2.748893571891069 3.5342917352885173 1.1780972450961724 1027
3.1415926535897931 3.5342917352885173 1.1780972450961724 1028
3.5342917352885173 3.5342917352885173 1.1780972450961724 1029
3.9269908169872414 3.5342917352885173 1.1780972450961724 1030
4.3196898986859651 3.5342917352885173 1.1780972450961724 1031
4.7123889803846897 3.5342917352885173 1.1780972450961724 1032
5.1050880620834143 3.5342917352885173 1.1780972450961724 1033
5.497787143782138 3.5342917352885173 1.1780972450961724 1034
5.8904862254808616 3.5342917352885173 1.1780972450961724 1035
6.2831853071795862 3.5342917352885173 1.1780972450961724 1036
0 3.9269908169872414 1.1780972450961724 1037
0.39269908169872414 3.9269908169872414 1.1780972450961724 1038
0.78539816339744828 3.9269908169872414 1.1780972450961724 1039
1.1780972450961724 3.9269908169872414 1.1780972450961724 1040
1.5707963267948966 3.9269908169872414 1.1780972450961724 1041
1.9634954084936207 3.9269908169872414 1.1780972450961724 1042
2.3561944901923448 3.9269908169872414 1.1780972450961724 1043
2.748893571891069 3.9269908169872414 1.1780972450961724 1044
3.1415926535897931 3.9269908169872414 1.1780972450961724 1045
3.5342917352885173 3.9269908169872414 1.1780972450961724 1046
3.9269908169872414 3.9269908169872414 1.1780972450961724 1047
4.3196898986859651 3.9269908169872414 1.1780972450961724 1048
4.7123889803846897 3.9269908169872414 1.1780972450961724 1049
5.1050880620834143 3.9269908169872414 1.1780972450961724 1050
5.497787143782138 3.9269908169872414 1.1780972450961724 1051
5.8904862254808616 3.9269908169872414 1.1780972450961724 1052
6.2831853071795862 3.9269908169872414 1.1780972450961724 1053
0 4.3196898986859651 1.1780972450961724 1054
0.39269908169872414 4.3196898986859651 1.1780972450961724 1055
0.78539816339744828 4.3196898986859651 1.1780972450961724 1056
1.1780972450961724 4.3196898986859651 1.1780972450961724 1057
1.5707963267948966 4.3196898986859651 1.1780972450961724 1058
1.9634954084936207 4.3196898986859651 1.1780972450961724 1059
2.3561944901923448 4.3196898986859651 1.1780972450961724 1060
2.748893571891069 4.3196898986859651 1.1780972450961724 1061
3.1415926535897931 4.3196898986859651 1.1780972450961724 1062
3.5342917352885173 4.3196898986859651 1.1780972450961724 1063
3.9269908169872414 4.3196898986859651 1.1780972450961724 1064
4.3196898986859651 4.3196898986859651 1.1780972450961724 1065
4.7123889803846897 4.3196898986859651 1.1780972450961724 1066
5.1050880620834143 4.3196898986859651 1.1780972450961724 1067
5.497787143782138 4.3196898986859651 1.1780972450961724 1068
5.8904862254808616 4.3196898986859651 1.1780972450961724 1069
6.2831853071795862 4.3196898986859651 1.1780972450961724 1070
0 4.7123889803846897 1.1780972450961724 1071
0.39269908169872414 4.7123889803846897 1.1780972450961724 1072
0.78539816339744828 4.7123889803846897 1.1780972450961724 1073
1.1780972450961724 4.7123889803846897 1.1780972450961724 1074
1.5707963267948966 4.7123889803846897 1.1780972450961724 1075
1.9634954084936207 4.7123889803846897 1.1780972450961724 1076
2.3561944901923448 4.7123889803846897 1.1780972450961724 1077
2.748893571891069 4.7123889803846897 1.1780972450961724 1078
3.1415926535897931 4.7123889803846897 1.1780972450961724 1079
3.5342917352885173 4.7123889803846897 1.1780972450961724 1080
3.9269908169872414 4.7123889803846897 1.1780972450961724 1081
4.3196898986859651 4.7123889803846897 1.1780972450961724 1082
4.7123889803846897 4.7123889803846897 1.1780972450961724 1083
5.1050880620834143 4.7123889803846897 1.1780972450961724 1084
5.497787143782138 4.7123889803846897 1.1780972450961724 1085
5.8904862254808616 4.7123889803846897 1.1780972450961724 1086
6.2831853071795862 4.7123889803846897 1.1780972450961724 1087
0 5.1050880620834143 1.1780972450961724 1088
0.39269908169872414 5.1050880620834143 1.1780972450961724 1089
0.78539816339744828 5.1050880620834143 1.1780972450961724 1090
1.1780972450961724 5.1050880620834143 1.1780972450961724 1091
1.5707963267948966 5.1050880620834143 1.1780972450961724 1092
1.9634954084936207 5.1050880620834143 1.1780972450961724 1093
2.3561944901923448 5.1050880620834143 1.1780972450961724 1094
2.748893571891069 5.1050880620834143 1.1780972450961724 1095
3.1415926535897931 5.1050880620834143 1.1780972450961724 1096
3.5342917352885173 5.1050880620834143 1.1780972450961724 1097
3.9269908169872414 5.1050880620834143 1.1780972450961724 1098
4.3196898986859651 5.1050880620834143 1.1780972450961724 1099
4.7123889803846897 5.1050880620834143 1.1780972450961724 1100
5.1050880620834143 5.1050880620834143 1.1780972450961724 1101
5.497787143782138 5.1050880620834143 1.1780972450961724 1102
5.8904862254808616 5.1050880620834143 1.1780972450961724 1103
6.2831853071795862 5.1050880620834143 1.1780972450961724 1104
0 5.497787143782138 1.1780972450961724 1105
0.39269908169872414 5.497787143782138 1.1780972450961724 1106
0.78539816339744828 5.497787143782138 1.1780972450961724 1107
1.1780972450961724 5.497787143782138 1.1780972450961724 1108
1.5707963267948966 5.497787143782138 1.1780972450961724 1109
1.9634954084936207 5.497787143782138 1.1780972450961724 1110
2.3561944901923448 5.497787143782138 1.1780972450961724 1111
2.748893571891069 5.497787143782138 1.1780972450961724 1112
3.1415926535897931 5.497787143782138 1.1780972450961724 1113
3.5342917352885173 5.497787143782138 1.1780972450961724 1114
3.9269908169872414 5.497787143782138 1.1780972450961724 1115
4.3196898986859651 5.497787143782138 1.1780972450961724 1116
4.7123889803846897 5.497787143782138 1.1780972450961724 1117
5.1050880620834143 5.497787143782138 1.1780972450961724 1118
5.497787143782138 5.497787143782138 1.1780972450961724 1119
5.8904862254808616 5.497787143782138 1.1780972450961724 1120
6.2831853071795862 5.497787143782138 1.1780972450961724 1121
0 5.8904862254808616 1.1780972450961724 1122
0.39269908169872414 5.8904862254808616 1.1780972450961724 1123
0.78539816339744828 5.8904862254808616 1.1780972450961724 1124
1.1780972450961724 5.8904862254808616 1.1780972450961724 1125
1.5707963267948966 5.8904862254808616 1.1780972450961724 1126
1.9634954084936207 5.8904862254808616 1.1780972450961724 1127
2.3561944901923448 5.8904862254808616 1.1780972450961724 1128
2.748893571891069 5.8904862254808616 1.1780972450961724 1129
3.1415926535897931 5.8904862254808616 1.1780972450961724 1130
3.5342917352885173 5.8904862254808616 1.1780972450961724 1131
3.9269908169872414 5.8904862254808616 1.1780972450961724 1132
4.3196898986859651 5.8904862254808616 1.1780972450961724 1133
4.7123889803846897 5.8904862254808616 1.1780972450961724 1134
5.1050880620834143 5.8904862254808616 1.1780972450961724 1135
5.497787143782138 5.8904862254808616 1.1780972450961724 1136
5.8904862254808616 5.8904862254808616 1.1780972450961724 1137
6.2831853071795862 5.8904862254808616 1.1780972450961724 1138
0 6.2831853071795862 1.1780972450961724 1139
0.39269908169872414 6.2831853071795862 1.1780972450961724 1140
0.78539816339744828 6.2831853071795862 1.1780972450961724 1141
1.1780972450961724 6.2831853071795862 1.1780972450961724 1142
1.5707963267948966 6.2831853071795862 1.1780972450961724 1143
1.9634954084936207 6.2831853071795862 1.1780972450961724 1144
2.3561944901923448 6.2831853071795862 1.1780972450961724 1145
2.748893571891069 6.2831853071795862 1.1780972450961724 1146
3.1415926535897931 6.2831853071795862 1.1780972450961724 1147
3.5342917352885173 6.2831853071795862 1.1780972450961724 1148
3.9269908169872414 6.2831853071795862 1.1780972450961724 1149
4.3196898986859651 6.2831853071795862 1.1780972450961724 1150
4.7123889803846897 6.2831853071795862 1.1780972450961724 1151
5.1050880620834143 6.2831853071795862 1.1780972450961724 1152
5.497787143782138 6.2831853071795862 1.1780972450961724 1153
5.8904862254808616 6.2831853071795862 1.1780972450961724 1154
6.2831853071795862 6.2831853071795862 1.1780972450961724 1155
0 0 1.5707963267948966 1156
0.39269908169872414 0 1.5707963267948966 1157
0.78539816339744828 0 1.5707963267948966 1158
1.1780972450961724 0 1.5707963267948966 1159
1.5707963267948966 0 1.5707963267948966 1160
1.9634954084936207 0 1.5707963267948966 1161
2.3561944901923448 0 1.5707963267948966 1162
2.748893571891069 0 1.5707963267948966 1163
3.1415926535897931 0 1.5707963267948966 1164
3.5342917352885173 0 1.5707963267948966 1165
3.9269908169872414 0 1.5707963267948966 1166
4.3196898986859651 0 1.5707963267948966 1167
4.7123889803846897 0 1.5707963267948966 1168
5.1050880620834143 0 1.5707963267948966 1169
5.497787143782138 0 1.5707963267948966 1170
5.8904862254808616 0 1.5707963267948966 1171
6.2831853071795862 0 1.5707963267948966 1172
0 0.39269908169872414 1.5707963267948966 1173
0.39269908169872414 0.39269908169872414 1.5707963267948966 1174
0.78539816339744828 0.39269908169872414 1.5707963267948966 1175
1.1780972450961724 0.39269908169872414 1.5707963267948966 1176
1.5707963267948966 0.39269908169872414 1.5707963267948966 1177
1.9634954084936207 0.39269908169872414 1.5707963267948966 1178
2.3561944901923448 0.39269908169872414 1.5707963267948966 1179
2.748893571891069 0.39269908169872414 1.5707963267948966 1180
3.1415926535897931 0.39269908169872414 1.5707963267948966 1181
3.5342917352885173 0.39269908169872414 1.5707963267948966 1182
3.9269908169872414 0.39269908169872414 1.5707963267948966 1183
4.3196898986859651 0.39269908169872414 1.5707963267948966 1184
4.7123889803846897 0.39269908169872414 1.5707963267948966 1185
5.1050880620834143 0.39269908169872414 1.5707963267948966 1186
5.497787143782138 0.39269908169872414 1.5707963267948966 1187
5.8904862254808616 0.39269908169872414 1.5707963267948966 1188
6.2831853071795862 0.39269908169872414 1.5707963267948966 1189
0 0.78539816339744828 1.5707963267948966 1190
0.39269908169872414 0.78539816339744828 1.5707963267948966 1191
0.78539816339744828 0.78539816339744828 1.5707963267948966 1192
1.1780972450961724 0.78539816339744828 1.5707963267948966 1193
1.5707963267948966 0.78539816339744828 1.5707963267948966 1194
1.9634954084936207 0.78539816339744828 1.5707963267948966 1195
2.3561944901923448 0.78539816339744828 1.5707963267948966 1196
2.748893571891069 0.78539816339744828 1.5707963267948966 1197
3.1415926535897931 0.78539816339744828 1.5707963267948966 1198
3.5342917352885173 0.78539816339744828 1.5707963267948966 1199
3.9269908169872414 0.78539816339744828 1.5707963267948966 1200
4.3196898986859651 0.78539816339744828 1.5707963267948966 1201
4.7123889803846897 0.78539816339744828 1.5707963267948966 1202
5.1050880620834143 0.78539816339744828 1.5707963267948966 1203
5.497787143782138 0.78539816339744828 1.5707963267948966 1204
5.8904862254808616 0.78539816339744828 1.5707963267948966 1205
6.2831853071795862 0.78539816339744828 1.5707963267948966 1206
0 1.1780972450961724 1.5707963267948966 1207
0.39269908169872414 1.1780972450961724 1.5707963267948966 1208
0.78539816339744828 1.1780972450961724 1.5707963267948966 1209
1.1780972450961724 1.1780972450961724 1.5707963267948966 1210
1.5707963267948966 1.1780972450961724 1.5707963267948966 1211
1.9634954084936207 1.1780972450961724 1.5707963267948966 1212
2.3561944901923448 1.1780972450961724 1.5707963267948966 1213
2.748893571891069 1.1780972450961724 1.5707963267948966 1214
3.1415926535897931 1.1780972450961724 1.5707963267948966 1215
3.5342917352885173 1.1780972450961724 1.5707963267948966 1216
3.9269908169872414 1.1780972450961724 1.5707963267948966 1217
4.3196898986859651 1.1780972450961724 1.5707963267948966 1218
4.7123889803846897 1.1780972450961724 1.5707963267948966 1219
5.1050880620834143 1.1780972450961724 1.5707963267948966 1220
5.497787143782138 1.1780972450961724 1.5707963267948966 1221
5.8904862254808616 1.1780972450961724 1.5707963267948966 1222
6.2831853071795862 1.1780972450961724 1.5707963267948966 1223
0 1.5707963267948966 1.5707963267948966 1224
0.39269908169872414 1.5707963267948966 1.5707963267948966 1225
0.78539816339744828 1.5707963267948966 1.5707963267948966 1226
1.1780972450961724 1.5707963267948966 1.5707963267948966 1227
1.5707963267948966 1.5707963267948966 1.5707963267948966 1228
1.9634954084936207 1.5707963267948966 1.5707963267948966 1229
2.3561944901923448 1.5707963267948966 1.5707963267948966 1230
2.748893571891069 1.5707963267948966 1.5707963267948966 1231
3.1415926535897931 1.5707963267948966 1.5707963267948966 1232
3.5342917352885173 1.5707963267948966 1.5707963267948966 1233
3.9269908169872414 1.5707963267948966 1.5707963267948966 1234
4.3196898986859651 1.5707963267948966 1.5707963267948966 1235
4.7123889803846897 1.5707963267948966 1.5707963267948966 1236
5.1050880620834143 1.5707963267948966 1.5707963267948966 1237
5.497787143782138 1.5707963267948966 1.5707963267948966 1238
5.8904862254808616 1.5707963267948966 1.5707963267948966 1239
6.2831853071795862 1.5707963267948966 1.5707963267948966 1240
0 1.9634954084936207 1.5707963267948966 1241
0.39269908169872414 1.9634954084936207 1.5707963267948966 1242
0.78539816339744828 1.9634954084936207 1.5707963267948966 1243
1.1780972450961724 1.9634954084936207 1.5707963267948966 1244
1.5707963267948966 1.9634954084936207 1.5707963267948966 1245
1.9634954084936207 1.9634954084936207 1.5707963267948966 1246
2.3561944901923448 1.9634954084936207 1.5707963267948966 1247
2.748893571891069 1.9634954084936207 1.5707963267948966 1248
3.1415926535897931 1.9634954084936207 1.5707963267948966 1249
3.5342917352885173 1.9634954084936207 1.5707963267948966 1250
3.9269908169872414 1.9634954084936207 1.5707963267948966 1251
4.3196898986859651 1.9634954084936207 1.5707963267948966 1252
4.7123889803846897 1.9634954084936207 1.5707963267948966 1253
5.1050880620834143 1.9634954084936207 1.5707963267948966 1254
5.497787143782138 1.9634954084936207 1.5707963267948966 1255
5.8904862254808616 1.9634954084936207 1.5707963267948966 1256
6.2831853071795862 1.9634954084936207 1.5707963267948966 1257
0 2.3561944901923448 1.5707963267948966 1258
0.39269908169872414 2.3561944901923448 1.5707963267948966 1259
0.78539816339744828 2.3561944901923448 1.5707963267948966 1260
1.1780972450961724 2.3561944901923448 1.5707963267948966 1261
1.5707963267948966 2.3561944901923448 1.5707963267948966 1262
1.9634954084936207 2.3561944901923448 1.5707963267948966 1263
2.3561944901923448 2.3561944901923448 1.5707963267948966 1264
2.748893571891069 2.3561944901923448 1.5707963267948966 1265
3.1415926535897931 2.3561944901923448 1.5707963267948966 1266
3.5342917352885173 2.3561944901923448 1.5707963267948966 1267
3.9269908169872414 2.3561944901923448 1.5707963267948966 1268
4.3196898986859651 2.3561944901923448 1.5707963267948966 1269
4.7123889803846897 2.3561944901923448 1.5707963267948966 1270
5.1050880620834143 2.3561944901923448 1.5707963267948966 1271
5.497787143782138 2.3561944901923448 1.5707963267948966 1272
5.8904862254808616 2.3561944901923448 1.5707963267948966 1273
6.2831853071795862 2.3561944901923448 1.5707963267948966 1274
0 2.748893571891069 1.5707963267948966 1275
0.39269908169872414 2.748893571891069 1.5707963267948966 1276
0.78539816339744828 2.748893571891069 1.5707963267948966 1277
1.1780972450961724 2.748893571891069 1.5707963267948966 1278
1.5707963267948966 2.748893571891069 1.5707963267948966 1279
1.9634954084936207 2.748893571891069 1.5707963267948966 1280
2.3561944901923448 2.748893571891069 1.5707963267948966 1281
2.748893571891069 2.748893571891069 1.5707963267948966 1282
3.1415926535897931 2.748893571891069 1.5707963267948966 1283
3.5342917352885173 2.748893571891069 1.5707963267948966 1284
3.9269908169872414 2.748893571891069 1.5707963267948966 1285
4.3196898986859651 2.748893571891069 1.5707963267948966 1286
4.7123889803846897 2.748893571891069 1.5707963267948966 1287
5.1050880620834143 2.748893571891069 1.5707963267948966 1288
5.497787143782138 2.748893571891069 1.5707963267948966 1289
5.8904862254808616 2.748893571891069 1.5707963267948966 1290
6.2831853071795862 2.748893571891069 1.5707963267948966 1291
0 3.1415926535897931 1.5707963267948966 1292
0.39269908169872414 3.1415926535897931 1.5707963267948966 1293
0.78539816339744828 3.1415926535897931 1.5707963267948966 1294
1.1780972450961724 3.1415926535897931 1.5707963267948966 1295
1.5707963267948966 3.1415926535897931 1.5707963267948966 1296
1.9634954084936207 3.1415926535897931 1.5707963267948966 1297
2.3561944901923448 3.1415926535897931 1.5707963267948966 1298
2.748893571891069 3.1415926535897931 1.5707963267948966 1299
3.1415926535897931 3.1415926535897931 1.5707963267948966 1300
3.5342917352885173 3.1415926535897931 1.5707963267948966 1301
3.9269908169872414 3.1415926535897931 1.5707963267948966 1302
4.3196898986859651 3.1415926535897931 1.5707963267948966 1303
4.7123889803846897 3.1415926535897931 1.5707963267948966 1304
5.1050880620834143 3.1415926535897931 1.5707963267948966 1305
5.497787143782138 3.1415926535897931 1.5707963267948966 1306
5.8904862254808616 3.1415926535897931 1.5707963267948966 1307
6.2831853071795862 3.1415926535897931 1.5707963267948966 1308
0 3.5342917352885173 1.5707963267948966 1309
0.39269908169872414 3.5342917352885173 1.5707963267948966 1310
0.78539816339744828 3.5342917352885173 1.5707963267948966 1311
1.1780972450961724 3.5342917352885173 1.5707963267948966 1312
1.5707963267948966 3.5342917352885173 1.5707963267948966 1313
1.9634954084936207 3.5342917352885173 1.5707963267948966 1314
2.3561944901923448 3.5342917352885173 1.5707963267948966 1315
2.748893571891069 3.5342917352885173 1.5707963267948966 1316
3.1415926535897931 3.5342917352885173 1.5707963267948966 1317
3.5342917352885173 3.5342917352885173 1.5707963267948966 1318
3.9269908169872414 3.5342917352885173 1.5707963267948966 1319
4.3196898986859651 3.5342917352885173 1.5707963267948966 1320
4.7123889803846897 3.5342917352885173 1.5707963267948966 1321
5.1050880620834143 3.5342917352885173 1.5707963267948966 1322
5.497787143782138 3.5342917352885173 1.5707963267948966 1323
5.8904862254808616 3.5342917352885173 1.5707963267948966 1324
6.2831853071795862 3.5342917352885173 1.5707963267948966 1325
0 3.9269908169872414 1.5707963267948966 1326
0.39269908169872414 3.9269908169872414 1.5707963267948966 1327
0.78539816339744828 3.9269908169872414 1.5707963267948966 1328
1.1780972450961724 3.9269908169872414 1.5707963267948966 1329
1.5707963267948966 3.9269908169872414 1.5707963267948966 1330
1.9634954084936207 3.9269908169872414 1.5707963267948966 1331
2.3561944901923448 3.9269908169872414 1.5707963267948966 1332
2.748893571891069 3.9269908169872414 1.5707963267948966 1333
3.1415926535897931 3.9269908169872414 1.5707963267948966 1334
3.5342917352885173 3.9269908169872414 1.5707963267948966 1335
3.9269908169872414 3.9269908169872414 1.5707963267948966 1336
4.3196898986859651 3.9269908169872414 1.5707963267948966 1337
4.7123889803846897 3.9269908169872414 1.5707963267948966 1338
5.1050880620834143 3.9269908169872414 1.5707963267948966 1339
5.497787143782138 3.9269908169872414 1.5707963267948966 1340
5.8904862254808616 3.9269908169872414 1.5707963267948966 1341
6.2831853071795862 3.9269908169872414 1.5707963267948966 1342
0 4.3196898986859651 1.5707963267948966 1343
0.39269908169872414 4.3196898986859651 1.5707963267948966 1344
0.78539816339744828 4.3196898986859651 1.5707963267948966 1345
1.1780972450961724 4.3196898986859651 1.5707963267948966 1346
1.5707963267948966 4.3196898986859651 1.5707963267948966 1347
1.9634954084936207 4.3196898986859651 1.5707963267948966 1348
2.3561944901923448 4.3196898986859651 1.5707963267948966 1349
2.748893571891069 4.3196898986859651 1.5707963267948966 1350
3.1415926535897931 4.3196898986859651 1.5707963267948966 1351
3.5342917352885173 4.3196898986859651 1.5707963267948966 1352
3.9269908169872414 4.3196898986859651 1.5707963267948966 1353
4.3196898986859651 4.3196898986859651 1.5707963267948966 1354
4.7123889803846897 4.3196898986859651 1.5707963267948966 1355
5.1050880620834143 4.3196898986859651 1.5707963267948966 1356
5.497787143782138 4.3196898986859651 1.5707963267948966 1357
5.8904862254808616 4.3196898986859651 1.5707963267948966 1358
6.2831853071795862 4.3196898986859651 1.5707963267948966 1359
0 4.7123889803846897 1.5707963267948966 1360
0.39269908169872414 4.7123889803846897 1.5707963267948966 1361
0.78539816339744828 4.7123889803846897 1.5707963267948966 1362
1.1780972450961724 4.7123889803846897 1.5707963267948966 1363
1.5707963267948966 4.7123889803846897 1.5707963267948966 1364
1.9634954084936207 4.7123889803846897 1.5707963267948966 1365
2.3561944901923448 4.7123889803846897 1.5707963267948966 1366
2.748893571891069 4.7123889803846897 1.5707963267948966 1367
3.1415926535897931 4.7123889803846897 1.5707963267948966 1368
3.5342917352885173 4.7123889803846897 1.5707963267948966 1369
3.9269908169872414 4.7123889803846897 1.5707963267948966 1370
4.3196898986859651 4.7123889803846897 1.5707963267948966 1371
4.7123889803846897 4.7123889803846897 1.5707963267948966 1372
5.1050880620834143 4.7123889803846897 1.5707963267948966 1373
5.497787143782138 4.7123889803846897 1.5707963267948966 1374
5.8904862254808616 4.7123889803846897 1.5707963267948966 1375
6.2831853071795862 4.7123889803846897 1.5707963267948966 1376
0 5.1050880620834143 1.5707963267948966 1377
0.39269908169872414 5.1050880620834143 1.5707963267948966 1378
0.78539816339744828 5.1050880620834143 1.5707963267948966 1379
1.1780972450961724 5.1050880620834143 1.5707963267948966 1380
1.5707963267948966 5.1050880620834143 1.5707963267948966 1381
1.9634954084936207 5.1050880620834143 1.5707963267948966 1382
2.3561944901923448 5.1050880620834143 1.5707963267948966 1383
2.748893571891069 5.1050880620834143 1.5707963267948966 1384
3.1415926535897931 5.1050880620834143 1.5707963267948966 1385
3.5342917352885173 5.1050880620834143 1.5707963267948966 1386
3.9269908169872414 5.1050880620834143 1.5707963267948966 1387
4.3196898986859651 5.1050880620834143 1.5707963267948966 1388
4.7123889803846897 5.1050880620834143 1.5707963267948966 1389
5.1050880620834143 5.1050880620834143 1.5707963267948966 1390
5.497787143782138 5.1050880620834143 1.5707963267948966 1391
5.8904862254808616 5.1050880620834143 1.5707963267948966 1392
6.2831853071795862 5.1050880620834143 1.5707963267948966 1393
0 5.497787143782138 1.5707963267948966 1394
0.39269908169872414 5.497787143782138 1.5707963267948966 1395
0.78539816339744828 5.497787143782138 1.5707963267948966 1396
1.1780972450961724 5.497787143782138 1.5707963267948966 1397
1.5707963267948966 5.497787143782138 1.5707963267948966 1398
1.9634954084936207 5.497787143782138 1.5707963267948966 1399
2.3561944901923448 5.497787143782138 1.5707963267948966 1400
2.748893571891069 5.497787143782138 1.5707963267948966 1401
3.1415926535897931 5.497787143782138 1.5707963267948966 1402
3.5342917352885173 5.497787143782138 1.5707963267948966 1403
3.9269908169872414 5.497787143782138 1.5707963267948966 1404
4.3196898986859651 5.497787143782138 1.5707963267948966 1405
4.7123889803846897 5.497787143782138 1.5707963267948966 1406
5.1050880620834143 5.497787143782138 1.5707963267948966 1407
5.497787143782138 5.497787143782138 1.5707963267948966 1408
5.8904862254808616 5.497787143782138 1.5707963267948966 1409
6.2831853071795862 5.497787143782138 1.5707963267948966 1410
0 5.8904862254808616 1.5707963267948966 1411
0.39269908169872414 5.8904862254808616 1.5707963267948966 1412
0.78539816339744828 5.8904862254808616 1.5707963267948966 1413
1.1780972450961724 5.8904862254808616 1.5707963267948966 1414
1.5707963267948966 5.8904862254808616 1.5707963267948966 1415
1.9634954084936207 5.8904862254808616 1.5707963267948966 1416
2.3561944901923448 5.8904862254808616 1.5707963267948966 1417
2.748893571891069 5.8904862254808616 1.5707963267948966 1418
3.1415926535897931 5.8904862254808616 1.5707963267948966 1419
3.5342917352885173 5.8904862254808616 1.5707963267948966 1420
3.9269908169872414 5.8904862254808616 1.5707963267948966 1421
4.3196898986859651 5.8904862254808616 1.5707963267948966 1422
4.7123889803846897 5.8904862254808616 1.5707963267948966 1423
5.1050880620834143 5.8904862254808616 1.5707963267948966 1424
5.497787143782138 5.8904862254808616 1.5707963267948966 1425
5.8904862254808616 5.8904862254808616 1.5707963267948966 1426
6.2831853071795862 5.8904862254808616 1.5707963267948966 1427
0 6.2831853071795862 1.5707963267948966 1428
0.39269908169872414 6.2831853071795862 1.5707963267948966 1429
0.78539816339744828 6.2831853071795862 1.5707963267948966 1430
1.1780972450961724 6.2831853071795862 1.5707963267948966 1431
1.5707963267948966 6.2831853071795862 1.5707963267948966 1432
1.9634954084936207 6.2831853071795862 1.5707963267948966 1433
2.3561944901923448 6.2831853071795862 1.5707963267948966 1434
2.748893571891069 6.2831853071795862 1.5707963267948966 1435
3.1415926535897931 6.2831853071795862 1.5707963267948966 1436
3.5342917352885173 6.2831853071795862 1.5707963267948966 1437
3.9269908169872414 6.2831853071795862 1.5707963267948966 1438
4.3196898986859651 6.2831853071795862 1.5707963267948966 1439
4.7123889803846897 6.2831853071795862 1.5707963267948966 1440
5.1050880620834143 6.2831853071795862 1.5707963267948966 1441
5.497787143782138 6.2831853071795862 1.5707963267948966 1442
5.8904862254808616 6.2831853071795862 1.5707963267948966 1443
6.2831853071795862 6.2831853071795862 1.5707963267948966 1444
0 0 1.9634954084936207 1445
0.39269908169872414 0 1.9634954084936207 1446
0.78539816339744828 0 1.9634954084936207 1447
1.1780972450961724 0 1.9634954084936207 1448
1.5707963267948966 0 1.9634954084936207 1449
1.9634954084936207 0 1.9634954084936207 1450
2.3561944901923448 0 1.9634954084936207 1451
2.748893571891069 0 1.9634954084936207 1452
3.1415926535897931 0 1.9634954084936207 1453
3.5342917352885173 0 1.9634954084936207 1454
3.9269908169872414 0 1.9634954084936207 1455
4.3196898986859651 0 1.9634954084936207 1456
4.7123889803846897 0 1.9634954084936207 1457
5.1050880620834143 0 1.9634954084936207 1458
5.497787143782138 0 1.9634954084936207 1459
5.8904862254808616 0 1.9634954084936207 1460
6.2831853071795862 0 1.9634954084936207 1461
0 0.39269908169872414 1.9634954084936207 1462
0.39269908169872414 0.39269908169872414 1.9634954084936207 1463
0.78539816339744828 0.39269908169872414 1.9634954084936207 1464
1.1780972450961724 0.39269908169872414 1.9634954084936207 1465
1.5707963267948966 0.39269908169872414 1.9634954084936207 1466
1.9634954084936207 0.39269908169872414 1.9634954084936207 1467
2.3561944901923448 0.39269908169872414 1.9634954084936207 1468
2.748893571891069 0.39269908169872414 1.9634954084936207 1469
3.1415926535897931 0.39269908169872414 1.9634954084936207 1470
3.5342917352885173 0.39269908169872414 1.9634954084936207 1471
3.9269908169872414 0.39269908169872414 1.9634954084936207 1472
4.3196898986859651 0.39269908169872414 1.9634954084936207 1473
4.7123889803846897 0.39269908169872414 1.9634954084936207 1474
5.1050880620834143 0.39269908169872414 1.9634954084936207 1475
5.497787143782138 0.39269908169872414 1.9634954084936207 1476
5.8904862254808616 0.39269908169872414 1.9634954084936207 1477
6.2831853071795862 0.39269908169872414 1.9634954084936207 1478
0 0.78539816339744828 1.9634954084936207 1479
0.39269908169872414 0.78539816339744828 1.9634954084936207 1480
0.78539816339744828 0.78539816339744828 1.9634954084936207 1481
1.1780972450961724 0.78539816339744828 1.9634954084936207 1482
1.5707963267948966 0.78539816339744828 1.9634954084936207 1483
1.9634954084936207 0.78539816339744828 1.9634954084936207 1484
2.3561944901923448 0.78539816339744828 1.9634954084936207 1485
2.748893571891069 0.78539816339744828 1.9634954084936207 1486
3.1415926535897931 0.78539816339744828 1.9634954084936207 1487
3.5342917352885173 0.78539816339744828 1.9634954084936207 1488
3.9269908169872414 0.78539816339744828 1.9634954084936207 1489
4.3196898986859651 0.78539816339744828 1.9634954084936207 1490
4.7123889803846897 0.78539816339744828 1.9634954084936207 1491
5.1050880620834143 0.78539816339744828 1.9634954084936207 1492
5.497787143782138 0.78539816339744828 1.9634954084936207 1493
5.8904862254808616 0.78539816339744828 1.9634954084936207 1494
6.2831853071795862 0.78539816339744828 1.9634954084936207 1495
0 1.1780972450961724 1.9634954084936207 1496
0.39269908169872414 1.1780972450961724 1.9634954084936207 1497
0.78539816339744828 1.1780972450961724 1.9634954084936207 1498
1.1780972450961724 1.1780972450961724 1.9634954084936207 1499
1.5707963267948966 1.1780972450961724 1.9634954084936207 1500
1.9634954084936207 1.1780972450961724 1.9634954084936207 1501
2.3561944901923448 1.1780972450961724 1.9634954084936207 1502
2.748893571891069 1.1780972450961724 1.9634954084936207 1503
3.1415926535897931 1.1780972450961724 1.9634954084936207 1504
3.5342917352885173 1.1780972450961724 1.9634954084936207 1505
3.9269908169872414 1.1780972450961724 1.9634954084936207 1506
4.3196898986859651 1.1780972450961724 1.9634954084936207 1507
4.7123889803846897 1.1780972450961724 1.9634954084936207 1508
5.1050880620834143 1.1780972450961724 1.9634954084936207 1509
5.497787143782138 1.1780972450961724 1.9634954084936207 1510
5.8904862254808616 1.1780972450961724 1.9634954084936207 1511
6.2831853071795862 1.1780972450961724 1.9634954084936207 1512
0 1.5707963267948966 1.9634954084936207 1513
0.39269908169872414 1.5707963267948966 1.9634954084936207 1514
0.78539816339744828 1.5707963267948966 1.9634954084936207 1515
1.1780972450961724 1.5707963267948966 1.9634954084936207 1516
1.5707963267948966 1.5707963267948966 1.9634954084936207 1517
1.9634954084936207 1.5707963267948966 1.9634954084936207 1518
2.3561944901923448 1.5707963267948966 1.9634954084936207 1519
2.748893571891069 1.5707963267948966 1.9634954084936207 1520
3.1415926535897931 1.5707963267948966 1.9634954084936207 1521
3.5342917352885173 1.5707963267948966 1.9634954084936207 1522
3.9269908169872414 1.5707963267948966 1.9634954084936207 1523
4.3196898986859651 1.5707963267948966 1.9634954084936207 1524
4.7123889803846897 1.5707963267948966 1.9634954084936207 1525
5.1050880620834143 1.5707963267948966 1.9634954084936207 1526
5.497787143782138 1.5707963267948966 1.9634954084936207 1527
5.8904862254808616 1.5707963267948966 1.9634954084936207 1528
6.2831853071795862 1.5707963267948966 1.9634954084936207 1529
0 1.9634954084936207 1.9634954084936207 1530
0.39269908169872414 1.9634954084936207 1.9634954084936207 1531
0.78539816339744828 1.9634954084936207 1.9634954084936207 1532
1.1780972450961724 1.9634954084936207 1.9634954084936207 1533
1.5707963267948966 1.9634954084936207 1.9634954084936207 1534
1.9634954084936207 1.9634954084936207 1.9634954084936207 1535
2.3561944901923448 1.9634954084936207 1.9634954084936207 1536
2.748893571891069 1.9634954084936207 1.9634954084936207 1537
3.1415926535897931 1.9634954084936207 1.9634954084936207 1538
3.5342917352885173 1.9634954084936207 1.9634954084936207 1539
3.9269908169872414 1.9634954084936207 1.9634954084936207 1540
4.3196898986859651 1.9634954084936207 1.9634954084936207 1541
4.7123889803846897 1.9634954084936207 1.9634954084936207 1542
5.1050880620834143 1.9634954084936207 1.9634954084936207 1543
5.497787143782138 1.9634954084936207 1.9634954084936207 1544
5.8904862254808616 1.9634954084936207 1.9634954084936207 1545
6.2831853071795862 1.9634954084936207 1.9634954084936207 1546
0 2.3561944901923448 1.9634954084936207 1547
0.39269908169872414 2.3561944901923448 1.9634954084936207 1548
0.78539816339744828 2.3561944901923448 1.9634954084936207 1549
1.1780972450961724 2.3561944901923448 1.9634954084936207 1550
1.5707963267948966 2.3561944901923448 1.9634954084936207 1551
1.9634954084936207 2.3561944901923448 1.9634954084936207 1552
2.3561944901923448 2.3561944901923448 1.9634954084936207 1553
2.748893571891069 2.3561944901923448 1.9634954084936207 1554
3.1415926535897931 2.3561944901923448 1.9634954084936207 1555
3.5342917352885173 2.3561944901923448 1.9634954084936207 1556
3.9269908169872414 2.3561944901923448 1.9634954084936207 1557
4.3196898986859651 2.3561944901923448 1.9634954084936207 1558
4.7123889803846897 2.3561944901923448 1.9634954084936207 1559
5.1050880620834143 2.3561944901923448 1.9634954084936207 1560
5.497787143782138 2.3561944901923448 1.9634954084936207 1561
5.8904862254808616 2.3561944901923448 1.9634954084936207 1562
6.2831853071795862 2.3561944901923448 1.9634954084936207 1563
0 2.748893571891069 1.9634954084936207 1564
0.39269908169872414 2.748893571891069 1.9634954084936207 1565
0.78539816339744828 2.748893571891069 1.9634954084936207 1566
1.1780972450961724 2.748893571891069 1.9634954084936207 1567
1.5707963267948966 2.748893571891069 1.9634954084936207 1568
1.9634954084936207 2.748893571891069 1.9634954084936207 1569
2.3561944901923448 2.748893571891069 1.9634954084936207 1570
2.748893571891069 2.748893571891069 1.9634954084936207 1571
3.1415926535897931 2.748893571891069 1.9634954084936207 1572
3.5342917352885173 2.748893571891069 1.9634954084936207 1573
3.9269908169872414 2.748893571891069 1.9634954084936207 1574
4.3196898986859651 2.748893571891069 1.9634954084936207 1575
4.7123889803846897 2.748893571891069 1.9634954084936207 1576
5.1050880620834143 2.748893571891069 1.9634954084936207 1577
5.497787143782138 2.748893571891069 1.9634954084936207 1578
5.8904862254808616 2.748893571891069 1.9634954084936207 1579
6.2831853071795862 2.748893571891069 1.9634954084936207 1580
0 3.1415926535897931 1.9634954084936207 1581
0.39269908169872414 3.1415926535897931 1.9634954084936207 1582
0.78539816339744828 3.1415926535897931 1.9634954084936207 1583
1.1780972450961724 3.1415926535897931 1.9634954084936207 1584
1.5707963267948966 3.1415926535897931 1.9634954084936207 1585
1.9634954084936207 3.1415926535897931 1.9634954084936207 1586
2.3561944901923448 3.1415926535897931 1.9634954084936207 1587
2.748893571891069 3.1415926535897931 1.9634954084936207 1588
3.1415926535897931 3.1415926535897931 1.9634954084936207 1589
3.5342917352885173 3.1415926535897931 1.9634954084936207 1590
3.9269908169872414 3.1415926535897931 1.9634954084936207 1591
4.3196898986859651 3.1415926535897931 1.9634954084936207 1592
4.7123889803846897 3.1415926535897931 1.9634954084936207 1593
5.1050880620834143 3.1415926535897931 1.9634954084936207 1594
5.497787143782138 3.1415926535897931 1.9634954084936207 1595
5.8904862254808616 3.1415926535897931 1.9634954084936207 1596
6.2831853071795862 3.1415926535897931 1.9634954084936207 1597
0 3.5342917352885173 1.9634954084936207 1598
0.39269908169872414 3.5342917352885173 1.9634954084936207 1599
0.78539816339744828 3.5342917352885173 1.9634954084936207 1600
1.1780972450961724 3.5342917352885173 1.9634954084936207 1601
1.5707963267948966 3.5342917352885173 1.9634954084936207 1602
1.9634954084936207 3.5342917352885173 1.9634954084936207 1603
2.3561944901923448 3.5342917352885173 1.9634954084936207 1604
2.748893571891069 3.5342917352885173 1.9634954084936207 1605
3.1415926535897931 3.5342917352885173 1.9634954084936207 1606
3.5342917352885173 3.5342917352885173 1.9634954084936207 1607
3.9269908169872414 3.5342917352885173 1.9634954084936207 1608
4.3196898986859651 3.5342917352885173 1.9634954084936207 1609
4.7123889803846897 3.5342917352885173 1.9634954084936207 1610
5.1050880620834143 3.5342917352885173 1.9634954084936207 1611
5.497787143782138 3.5342917352885173 1.9634954084936207 1612
5.8904862254808616 3.5342917352885173 1.9634954084936207 1613
6.2831853071795862 3.5342917352885173 1.9634954084936207 1614
0 3.9269908169872414 1.9634954084936207 1615
0.39269908169872414 3.9269908169872414 1.9634954084936207 1616
0.78539816339744828 3.9269908169872414 1.9634954084936207 1617
1.1780972450961724 3.9269908169872414 1.9634954084936207 1618
1.5707963267948966 3.9269908169872414 1.9634954084936207 1619
1.9634954084936207 3.9269908169872414 1.9634954084936207 1620
2.3561944901923448 3.9269908169872414 1.9634954084936207 1621
2.748893571891069 3.9269908169872414 1.9634954084936207 1622
3.1415926535897931 3.9269908169872414 1.9634954084936207 1623
3.5342917352885173 3.9269908169872414 1.9634954084936207 1624
3.9269908169872414 3.9269908169872414 1.9634954084936207 1625
4.3196898986859651 3.9269908169872414 1.9634954084936207 1626
4.7123889803846897 3.9269908169872414 1.9634954084936207 1627
5.1050880620834143 3.9269908169872414 1.9634954084936207 1628
5.497787143782138 3.9269908169872414 1.9634954084936207 1629
5.8904862254808616 3.9269908169872414 1.9634954084936207 1630
6.2831853071795862 3.9269908169872414 1.9634954084936207 1631
0 4.3196898986859651 1.9634954084936207 1632
0.39269908169872414 4.3196898986859651 1.9634954084936207 1633
0.78539816339744828 4.3196898986859651 1.9634954084936207 1634
1.1780972450961724 4.3196898986859651 1.9634954084936207 1635
1.5707963267948966 4.3196898986859651 1.9634954084936207 1636
1.9634954084936207 4.3196898986859651 1.9634954084936207 1637
2.3561944901923448 4.3196898986859651 1.9634954084936207 1638
2.748893571891069 4.3196898986859651 1.9634954084936207 1639
3.1415926535897931 4.3196898986859651 1.9634954084936207 1640
3.5342917352885173 4.3196898986859651 1.9634954084936207 1641
3.9269908169872414 4.3196898986859651 1.9634954084936207 1642
4.3196898986859651 4.3196898986859651 1.9634954084936207 1643
4.7123889803846897 4.3196898986859651 1.9634954084936207 1644
5.1050880620834143 4.3196898986859651 1.9634954084936207 1645
5.497787143782138 4.3196898986859651 1.9634954084936207 1646
5.8904862254808616 4.3196898986859651 1.9634954084936207 1647
6.2831853071795862 4.3196898986859651 1.9634954084936207 1648
0 4.7123889803846897 1.9634954084936207 1649
0.39269908169872414 4.7123889803846897 1.9634954084936207 1650
0.78539816339744828 4.7123889803846897 1.9634954084936207 1651
1.1780972450961724 4.7123889803846897 1.9634954084936207 1652
1.5707963267948966 4.7123889803846897 1.9634954084936207 1653
1.9634954084936207 4.7123889803846897 1.9634954084936207 1654
2.3561944901923448 4.7123889803846897 1.9634954084936207 1655
2.748893571891069 4.7123889803846897 1.9634954084936207 1656
3.1415926535897931 4.7123889803846897 1.9634954084936207 1657
3.5342917352885173 4.7123889803846897 1.9634954084936207 1658
3.9269908169872414 4.7123889803846897 1.9634954084936207 1659
4.3196898986859651 4.7123889803846897 1.9634954084936207 1660
4.7123889803846897 4.7123889803846897 1.9634954084936207 1661
5.1050880620834143 4.7123889803846897 1.9634954084936207 1662
5.497787143782138 4.7123889803846897 1.9634954084936207 1663
5.8904862254808616 4.7123889803846897 1.9634954084936207 1664
6.2831853071795862 4.7123889803846897 1.9634954084936207 1665
0 5.1050880620834143 1.9634954084936207 1666
0.39269908169872414 5.1050880620834143 1.9634954084936207 1667
0.78539816339744828 5.1050880620834143 1.9634954084936207 1668
1.1780972450961724 5.1050880620834143 1.9634954084936207 1669
1.5707963267948966 5.1050880620834143 1.9634954084936207 1670
1.9634954084936207 5.1050880620834143 1.9634954084936207 1671
2.3561944901923448 5.1050880620834143 1.9634954084936207 1672
2.748893571891069 5.1050880620834143 1.9634954084936207 1673
3.1415926535897931 5.1050880620834143 1.9634954084936207 1674
3.5342917352885173 5.1050880620834143 1.9634954084936207 1675
3.9269908169872414 5.1050880620834143 1.9634954084936207 1676
4.3196898986859651 5.1050880620834143 1.9634954084936207 1677
4.7123889803846897 5.1050880620834143 1.9634954084936207 1678
5.1050880620834143 5.1050880620834143 1.9634954084936207 1679
5.497787143782138 5.1050880620834143 1.9634954084936207 1680
5.8904862254808616 5.1050880620834143 1.9634954084936207 1681
6.2831853071795862 5.1050880620834143 1.9634954084936207 1682
0 5.497787143782138 1.9634954084936207 1683
0.39269908169872414 5.497787143782138 1.9634954084936207 1684
0.78539816339744828 5.497787143782138 1.9634954084936207 1685
1.1780972450961724 5.497787143782138 1.9634954084936207 1686
1.5707963267948966 5.497787143782138 1.9634954084936207 1687
1.9634954084936207 5.497787143782138 1.9634954084936207 1688
2.3561944901923448 5.497787143782138 1.9634954084936207 1689
2.748893571891069 5.497787143782138 1.9634954084936207 1690
3.1415926535897931 5.497787143782138 1.9634954084936207 1691
3.5342917352885173 5.497787143782138 1.9634954084936207 1692
3.9269908169872414 5.497787143782138 1.9634954084936207 1693
4.3196898986859651 5.497787143782138 1.9634954084936207 1694
4.7123889803846897 5.497787143782138 1.9634954084936207 1695
5.1050880620834143 5.497787143782138 1.9634954084936207 1696
5.497787143782138 5.497787143782138 1.9634954084936207 1697
5.8904862254808616 5.497787143782138 1.9634954084936207 1698
6.2831853071795862 5.497787143782138 1.9634954084936207 1699
0 5.8904862254808616 1.9634954084936207 1700
0.39269908169872414 5.8904862254808616 1.9634954084936207 1701
0.78539816339744828 5.8904862254808616 1.9634954084936207 1702
1.1780972450961724 5.8904862254808616 1.9634954084936207 1703
1.5707963267948966 5.8904862254808616 1.9634954084936207 1704
1.9634954084936207 5.8904862254808616 1.9634954084936207 1705
2.3561944901923448 5.8904862254808616 1.9634954084936207 1706
2.748893571891069 5.8904862254808616 1.9634954084936207 1707
3.1415926535897931 5.8904862254808616 1.9634954084936207 1708
3.5342917352885173 5.8904862254808616 1.9634954084936207 1709
3.9269908169872414 5.8904862254808616 1.9634954084936207 1710
4.3196898986859651 5.8904862254808616 1.9634954084936207 1711
4.7123889803846897 5.8904862254808616 1.9634954084936207 1712
5.1050880620834143 5.8904862254808616 1.9634954084936207 1713
5.497787143782138 5.8904862254808616 1.9634954084936207 1714
5.8904862254808616 5.8904862254808616 1.9634954084936207 1715
6.2831853071795862 5.8904862254808616 1.9634954084936207 1716
0 6.2831853071795862 1.9634954084936207 1717
0.39269908169872414 6.2831853071795862 1.9634954084936207 1718
0.78539816339744828 6.2831853071795862 1.9634954084936207 1719
1.1780972450961724 6.2831853071795862 1.9634954084936207 1720
1.5707963267948966 6.2831853071795862 1.9634954084936207 1721
1.9634954084936207 6.2831853071795862 1.9634954084936207 1722
2.3561944901923448 6.2831853071795862 1.9634954084936207 1723
2.748893571891069 6.2831853071795862 1.9634954084936207 1724
3.1415926535897931 6.2831853071795862 1.9634954084936207 1725
3.5342917352885173 6.2831853071795862 1.9634954084936207 1726
3.9269908169872414 6.2831853071795862 1.9634954084936207 1727
4.3196898986859651 6.2831853071795862 1.9634954084936207 1728
4.7123889803846897 6.2831853071795862 1.9634954084936207 1729
5.1050880620834143 6.2831853071795862 1.9634954084936207 1730
5.497787143782138 6.2831853071795862 1.9634954084936207 1731
5.8904862254808616 6.2831853071795862 1.9634954084936207 1732
6.2831853071795862 6.2831853071795862 1.9634954084936207 1733
0 0 2.3561944901923448 1734
0.39269908169872414 0 2.3561944901923448 1735
0.78539816339744828 0 2.3561944901923448 1736
1.1780972450961724 0 2.3561944901923448 1737
1.5707963267948966 0 2.3561944901923448 1738
1.9634954084936207 0 2.3561944901923448 1739
2.3561944901923448 0 2.3561944901923448 1740
2.748893571891069 0 2.3561944901923448 1741
3.1415926535897931 0 2.3561944901923448 1742
3.5342917352885173 0 2.3561944901923448 1743
3.9269908169872414 0 2.3561944901923448 1744
4.3196898986859651 0 2.3561944901923448 1745
4.7123889803846897 0 2.3561944901923448 1746
5.1050880620834143 0 2.3561944901923448 1747
5.497787143782138 0 2.3561944901923448 1748
5.8904862254808616 0 2.3561944901923448 1749
6.2831853071795862 0 2.3561944901923448 1750
0 0.39269908169872414 2.3561944901923448 1751
0.39269908169872414 0.39269908169872414 2.3561944901923448 1752
0.78539816339744828 0.39269908169872414 2.3561944901923448 1753
1.1780972450961724 0.39269908169872414 2.3561944901923448 1754
1.5707963267948966 0.39269908169872414 2.3561944901923448 1755
1.9634954084936207 0.39269908169872414 2.3561944901923448 1756
2.3561944901923448 0.39269908169872414 2.3561944901923448 1757
2.748893571891069 0.39269908169872414 2.3561944901923448 1758
3.1415926535897931 0.39269908169872414 2.3561944901923448 1759
3.5342917352885173 0.39269908169872414 2.3561944901923448 1760
3.9269908169872414 0.39269908169872414 2.3561944901923448 1761
4.3196898986859651 0.39269908169872414 2.3561944901923448 1762
4.7123889803846897 0.39269908169872414 2.3561944901923448 1763
5.1050880620834143 0.39269908169872414 2.3561944901923448 1764
5.497787143782138 0.39269908169872414 2.3561944901923448 1765
5.8904862254808616 0.39269908169872414 2.3561944901923448 1766
6.2831853071795862 0.39269908169872414 2.3561944901923448 1767
0 0.78539816339744828 2.3561944901923448 1768
0.39269908169872414 0.78539816339744828 2.3561944901923448 1769
0.78539816339744828 0.78539816339744828 2.3561944901923448 1770
1.1780972450961724 0.78539816339744828 2.3561944901923448 1771
1.5707963267948966 0.78539816339744828 2.3561944901923448 1772
1.9634954084936207 0.78539816339744828 2.3561944901923448 1773
2.3561944901923448 0.78539816339744828 2.3561944901923448 1774
2.748893571891069 0.78539816339744828 2.3561944901923448 1775
3.1415926535897931 0.78539816339744828 2.3561944901923448 1776
3.5342917352885173 0.78539816339744828 2.3561944901923448 1777
3.9269908169872414 0.78539816339744828 2.3561944901923448 1778
4.3196898986859651 0.78539816339744828 2.3561944901923448 1779
4.7123889803846897 0.78539816339744828 2.3561944901923448 1780
5.1050880620834143 0.78539816339744828 2.3561944901923448 1781
5.497787143782138 0.78539816339744828 2.3561944901923448 1782
5.8904862254808616 0.78539816339744828 2.3561944901923448 1783
6.2831853071795862 0.78539816339744828 2.3561944901923448 1784
0 1.1780972450961724 2.3561944901923448 1785
0.39269908169872414 1.1780972450961724 2.3561944901923448 1786
0.78539816339744828 1.1780972450961724 2.3561944901923448 1787
1.1780972450961724 1.1780972450961724 2.3561944901923448 1788
1.5707963267948966 1.1780972450961724 2.3561944901923448 1789
1.9634954084936207 1.1780972450961724 2.3561944901923448 1790
2.3561944901923448 1.1780972450961724 2.3561944901923448 1791
2.748893571891069 1.1780972450961724 2.3561944901923448 1792
3.1415926535897931 1.1780972450961724 2.3561944901923448 1793
3.5342917352885173 1.1780972450961724 2.3561944901923448 1794
3.9269908169872414 1.1780972450961724 2.3561944901923448 1795
4.3196898986859651 1.1780972450961724 2.3561944901923448 1796
4.7123889803846897 1.1780972450961724 2.3561944901923448 1797
5.1050880620834143 1.1780972450961724 2.3561944901923448 1798
5.497787143782138 1.1780972450961724 2.3561944901923448 1799
5.8904862254808616 1.1780972450961724 2.3561944901923448 1800
6.2831853071795862 1.1780972450961724 2.3561944901923448 1801
0 1.5707963267948966 2.3561944901923448 1802
0.39269908169872414 1.5707963267948966 2.3561944901923448 1803
0.78539816339744828 1.5707963267948966 2.3561944901923448 1804
1.1780972450961724 1.5707963267948966 2.3561944901923448 1805
1.5707963267948966 1.5707963267948966 2.3561944901923448 1806
1.9634954084936207 1.5707963267948966 2.3561944901923448 1807
2.3561944901923448 1.5707963267948966 2.3561944901923448 1808
2.748893571891069 1.5707963267948966 2.3561944901923448 1809
3.1415926535897931 1.5707963267948966 2.3561944901923448 1810
3.5342917352885173 1.5707963267948966 2.3561944901923448 1811
3.9269908169872414 1.5707963267948966 2.3561944901923448 1812
4.3196898986859651 1.5707963267948966 2.3561944901923448 1813
4.7123889803846897 1.5707963267948966 2.3561944901923448 1814
5.1050880620834143 1.5707963267948966 2.3561944901923448 1815
5.497787143782138 1.5707963267948966 2.3561944901923448 1816
5.8904862254808616 1.5707963267948966 2.3561944901923448 1817
6.2831853071795862 1.5707963267948966 2.3561944901923448 1818
0 1.9634954084936207 2.3561944901923448 1819
0.39269908169872414 1.9634954084936207 2.3561944901923448 1820
0.78539816339744828 1.9634954084936207 2.3561944901923448 1821
1.1780972450961724 1.9634954084936207 2.3561944901923448 1822
1.5707963267948966 1.9634954084936207 2.3561944901923448 1823
1.9634954084936207 1.9634954084936207 2.3561944901923448 1824
2.3561944901923448 1.9634954084936207 2.3561944901923448 1825
2.748893571891069 1.9634954084936207 2.3561944901923448 1826
3.1415926535897931 1.9634954084936207 2.3561944901923448 1827
3.5342917352885173 1.9634954084936207 2.3561944901923448 1828
3.9269908169872414 1.9634954084936207 2.3561944901923448 1829
4.3196898986859651 1.9634954084936207 2.3561944901923448 1830
4.7123889803846897 1.9634954084936207 2.3561944901923448 1831
5.1050880620834143 1.9634954084936207 2.3561944901923448 1832
5.497787143782138 1.9634954084936207 2.3561944901923448 1833
5.8904862254808616 1.9634954084936207 2.3561944901923448 1834
6.2831853071795862 1.9634954084936207 2.3561944901923448 1835
0 2.3561944901923448 2.3561944901923448 1836
0.39269908169872414 2.3561944901923448 2.3561944901923448 1837
0.78539816339744828 2.3561944901923448 2.3561944901923448 1838
1.1780972450961724 2.3561944901923448 2.3561944901923448 1839
1.5707963267948966 2.3561944901923448 2.3561944901923448 1840
1.9634954084936207 2.3561944901923448 2.3561944901923448 1841
2.3561944901923448 2.3561944901923448 2.3561944901923448 1842
2.748893571891069 2.3561944901923448 2.3561944901923448 1843
3.1415926535897931 2.3561944901923448 2.3561944901923448 1844
3.5342917352885173 2.3561944901923448 2.3561944901923448 1845
3.9269908169872414 2.3561944901923448 2.3561944901923448 1846
4.3196898986859651 2.3561944901923448 2.3561944901923448 1847
4.7123889803846897 2.3561944901923448 2.3561944901923448 1848
5.1050880620834143 2.3561944901923448 2.3561944901923448 1849
5.497787143782138 2.3561944901923448 2.3561944901923448 1850
5.8904862254808616 2.3561944901923448 2.3561944901923448 1851
6.2831853071795862 2.3561944901923448 2.3561944901923448 1852
0 2.748893571891069 2.3561944901923448 1853
0.39269908169872414 2.748893571891069 2.3561944901923448 1854
0.78539816339744828 2.748893571891069 2.3561944901923448 1855
1.1780972450961724 2.748893571891069 2.3561944901923448 1856
1.5707963267948966 2.748893571891069 2.3561944901923448 1857
1.9634954084936207 2.748893571891069 2.3561944901923448 1858
2.3561944901923448 2.748893571891069 2.3561944901923448 1859
2.748893571891069 2.748893571891069 2.3561944901923448 1860
3.1415926535897931 2.748893571891069 2.3561944901923448 1861
3.5342917352885173 2.748893571891069 2.3561944901923448 1862
3.9269908169872414 2.748893571891069 2.3561944901923448 1863
4.3196898986859651 2.748893571891069 2.3561944901923448 1864
4.7123889803846897 2.748893571891069 2.3561944901923448 1865
5.1050880620834143 2.748893571891069 2.3561944901923448 1866
5.497787143782138 2.748893571891069 2.3561944901923448 1867
5.8904862254808616 2.748893571891069 2.3561944901923448 1868
6.2831853071795862 2.748893571891069 2.3561944901923448 1869
0 3.1415926535897931 2.3561944901923448 1870
0.39269908169872414 3.1415926535897931 2.3561944901923448 1871
0.78539816339744828 3.1415926535897931 2.3561944901923448 1872
1.1780972450961724 3.1415926535897931 2.3561944901923448 1873
1.5707963267948966 3.1415926535897931 2.3561944901923448 1874
1.9634954084936207 3.1415926535897931 2.3561944901923448 1875
2.3561944901923448 3.1415926535897931 2.3561944901923448 1876
2.748893571891069 3.1415926535897931 2.3561944901923448 1877
3.1415926535897931 3.1415926535897931 2.3561944901923448 1878
3.5342917352885173 3.1415926535897931 2.3561944901923448 1879
3.9269908169872414 3.1415926535897931 2.3561944901923448 1880
4.3196898986859651 3.1415926535897931 2.3561944901923448 1881
4.7123889803846897 3.1415926535897931 2.3561944901923448 1882
5.1050880620834143 3.1415926535897931 2.3561944901923448 1883
5.497787143782138 3.1415926535897931 2.3561944901923448 1884
5.8904862254808616 3.1415926535897931 2.3561944901923448 1885
6.2831853071795862 3.1415926535897931 2.3561944901923448 1886
0 3.5342917352885173 2.3561944901923448 1887
0.39269908169872414 3.5342917352885173 2.3561944901923448 1888
0.78539816339744828 3.5342917352885173 2.3561944901923448 1889
1.1780972450961724 3.5342917352885173 2.3561944901923448 1890
1.5707963267948966 3.5342917352885173 2.3561944901923448 1891
1.9634954084936207 3.5342917352885173 2.3561944901923448 1892
2.3561944901923448 3.5342917352885173 2.3561944901923448 1893
2.748893571891069 3.5342917352885173 2.3561944901923448 1894
3.1415926535897931 3.5342917352885173 2.3561944901923448 1895
3.5342917352885173 3.5342917352885173 2.3561944901923448 1896
3.9269908169872414 3.5342917352885173 2.3561944901923448 1897
4.3196898986859651 3.5342917352885173 2.3561944901923448 1898
4.7123889803846897 3.5342917352885173 2.3561944901923448 1899
5.1050880620834143 3.5342917352885173 2.3561944901923448 1900
5.497787143782138 3.5342917352885173 2.3561944901923448 1901
5.8904862254808616 3.5342917352885173 2.3561944901923448 1902
6.2831853071795862 3.5342917352885173 2.3561944901923448 1903
0 3.9269908169872414 2.3561944901923448 1904
0.39269908169872414 3.9269908169872414 2.3561944901923448 1905
0.78539816339744828 3.9269908169872414 2.3561944901923448 1906
1.1780972450961724 3.9269908169872414 2.3561944901923448 1907
1.5707963267948966 3.9269908169872414 2.3561944901923448 1908
1.9634954084936207 3.9269908169872414 2.3561944901923448 1909
2.3561944901923448 3.9269908169872414 2.3561944901923448 1910
2.748893571891069 3.9269908169872414 2.3561944901923448 1911
3.1415926535897931 3.9269908169872414 2.3561944901923448 1912
3.5342917352885173 3.9269908169872414 2.3561944901923448 1913
3.9269908169872414 3.9269908169872414 2.3561944901923448 1914
4.3196898986859651 3.9269908169872414 2.3561944901923448 1915
4.7123889803846897 3.9269908169872414 2.3561944901923448 1916
5.1050880620834143 3.9269908169872414 2.3561944901923448 1917
5.497787143782138 3.9269908169872414 2.3561944901923448 1918
5.8904862254808616 3.9269908169872414 2.3561944901923448 1919
6.2831853071795862 3.9269908169872414 2.3561944901923448 1920
0 4.3196898986859651 2.3561944901923448 1921
0.39269908169872414 4.3196898986859651 2.3561944901923448 1922
0.78539816339744828 4.3196898986859651 2.3561944901923448 1923
1.1780972450961724 4.3196898986859651 2.3561944901923448 1924
1.5707963267948966 4.3196898986859651 2.3561944901923448 1925
1.9634954084936207 4.3196898986859651 2.3561944901923448 1926
2.3561944901923448 4.3196898986859651 2.3561944901923448 1927
2.748893571891069 4.3196898986859651 2.3561944901923448 1928
3.1415926535897931 4.3196898986859651 2.3561944901923448 1929
3.5342917352885173 4.3196898986859651 2.3561944901923448 1930
3.9269908169872414 4.3196898986859651 2.3561944901923448 1931
4.3196898986859651 4.3196898986859651 2.3561944901923448 1932
4.7123889803846897 4.3196898986859651 2.3561944901923448 1933
5.1050880620834143 4.3196898986859651 2.3561944901923448 1934
5.497787143782138 4.3196898986859651 2.3561944901923448 1935
5.8904862254808616 4.3196898986859651 2.3561944901923448 1936
6.2831853071795862 4.3196898986859651 2.3561944901923448 1937
0 4.7123889803846897 2.3561944901923448 1938
0.39269908169872414 4.7123889803846897 2.3561944901923448 1939
0.78539816339744828 4.7123889803846897 2.3561944901923448 1940
1.1780972450961724 4.7123889803846897 2.3561944901923448 1941
1.5707963267948966 4.7123889803846897 2.3561944901923448 1942
1.9634954084936207 4.7123889803846897 2.3561944901923448 1943
2.3561944901923448 4.7123889803846897 2.3561944901923448 1944
2.748893571891069 4.7123889803846897 2.3561944901923448 1945
3.1415926535897931 4.7123889803846897 2.3561944901923448 1946
3.5342917352885173 4.7123889803846897 2.3561944901923448 1947
3.9269908169872414 4.7123889803846897 2.3561944901923448 1948
4.3196898986859651 4.7123889803846897 2.3561944901923448 1949
4.7123889803846897 4.7123889803846897 2.3561944901923448 1950
5.1050880620834143 4.7123889803846897 2.3561944901923448 1951
5.497787143782138 4.7123889803846897 2.3561944901923448 1952
5.8904862254808616 4.7123889803846897 2.3561944901923448 1953
6.2831853071795862 4.7123889803846897 2.3561944901923448 1954
0 5.1050880620834143 2.3561944901923448 1955
0.39269908169872414 5.1050880620834143 2.3561944901923448 1956
0.78539816339744828 5.1050880620834143 2.3561944901923448 1957
1.1780972450961724 5.1050880620834143 2.3561944901923448 1958
1.5707963267948966 5.1050880620834143 2.3561944901923448 1959
1.9634954084936207 5.1050880620834143 2.3561944901923448 1960
2.3561944901923448 5.1050880620834143 2.3561944901923448 1961
2.748893571891069 5.1050880620834143 2.3561944901923448 1962
3.1415926535897931 5.1050880620834143 2.3561944901923448 1963
3.5342917352885173 5.1050880620834143 2.3561944901923448 1964
3.9269908169872414 5.1050880620834143 2.3561944901923448 1965
4.3196898986859651 5.1050880620834143 2.3561944901923448 1966
4.7123889803846897 5.1050880620834143 2.3561944901923448 1967
5.1050880620834143 5.1050880620834143 2.3561944901923448 1968
5.497787143782138 5.1050880620834143 2.3561944901923448 1969
5.8904862254808616 5.1050880620834143 2.3561944901923448 1970
6.2831853071795862 5.1050880620834143 2.3561944901923448 1971
0 5.497787143782138 2.3561944901923448 1972
0.39269908169872414 5.497787143782138 2.3561944901923448 1973
0.78539816339744828 5.497787143782138 2.3561944901923448 1974
1.1780972450961724 5.497787143782138 2.3561944901923448 1975
1.5707963267948966 5.497787143782138 2.3561944901923448 1976
1.9634954084936207 5.497787143782138 2.3561944901923448 1977
2.3561944901923448 5.497787143782138 2.3561944901923448 1978
2.748893571891069 5.497787143782138 2.3561944901923448 1979
3.1415926535897931 5.497787143782138 2.3561944901923448 1980
3.5342917352885173 5.497787143782138 2.3561944901923448 1981
3.9269908169872414 5.497787143782138 2.3561944901923448 1982
4.3196898986859651 5.497787143782138 2.3561944901923448 1983
4.7123889803846897 5.497787143782138 2.3561944901923448 1984
5.1050880620834143 5.497787143782138 2.3561944901923448 1985
5.497787143782138 5.497787143782138 2.3561944901923448 1986
5.8904862254808616 5.497787143782138 2.3561944901923448 1987
6.2831853071795862 5.497787143782138 2.3561944901923448 1988
0 5.8904862254808616 2.3561944901923448 1989
0.39269908169872414 5.8904862254808616 2.3561944901923448 1990
0.78539816339744828 5.8904862254808616 2.3561944901923448 1991
1.1780972450961724 5.8904862254808616 2.3561944901923448 1992
1.5707963267948966 5.8904862254808616 2.3561944901923448 1993
1.9634954084936207 5.8904862254808616 2.3561944901923448 1994
2.3561944901923448 5.8904862254808616 2.3561944901923448 1995
2.748893571891069 5.8904862254808616 2.3561944901923448 1996
3.1415926535897931 5.8904862254808616 2.3561944901923448 1997
3.5342917352885173 5.8904862254808616 2.3561944901923448 1998
3.9269908169872414 5.8904862254808616 2.3561944901923448 1999
4.3196898986859651 5.8904862254808616 2.3561944901923448 2000
4.7123889803846897 5.8904862254808616 2.3561944901923448 2001
5.1050880620834143 5.8904862254808616 2.3561944901923448 2002
5.497787143782138 5.8904862254808616 2.3561944901923448 2003
5.8904862254808616 5.8904862254808616 2.3561944901923448 2004
6.2831853071795862 5.8904862254808616 2.3561944901923448 2005
0 6.2831853071795862 2.3561944901923448 2006
0.39269908169872414 6.2831853071795862 2.3561944901923448 2007
0.78539816339744828 6.2831853071795862 2.3561944901923448 2008
1.1780972450961724 6.2831853071795862 2.3561944901923448 2009
1.5707963267948966 6.2831853071795862 2.3561944901923448 2010
1.9634954084936207 6.2831853071795862 2.3561944901923448 2011
2.3561944901923448 6.2831853071795862 2.3561944901923448 2012
2.748893571891069 6.2831853071795862 2.3561944901923448 2013
3.1415926535897931 6.2831853071795862 2.3561944901923448 2014
3.5342917352885173 6.2831853071795862 2.3561944901923448 2015
3.9269908169872414 6.2831853071795862 2.3561944901923448 2016
4.3196898986859651 6.2831853071795862 2.3561944901923448 2017
4.7123889803846897 6.2831853071795862 2.3561944901923448 2018
5.1050880620834143 6.2831853071795862 2.3561944901923448 2019
5.497787143782138 6.2831853071795862 2.3561944901923448 2020
5.8904862254808616 6.2831853071795862 2.3561944901923448 2021
6.2831853071795862 6.2831853071795862 2.3561944901923448 2022
0 0 2.748893571891069 2023
0.39269908169872414 0 2.748893571891069 2024
0.78539816339744828 0 2.748893571891069 2025
1.1780972450961724 0 2.748893571891069 2026
1.5707963267948966 0 2.748893571891069 2027
1.9634954084936207 0 2.748893571891069 2028
2.3561944901923448 0 2.748893571891069 2029
2.748893571891069 0 2.748893571891069 2030
3.1415926535897931 0 2.748893571891069 2031
3.5342917352885173 0 2.748893571891069 2032
3.9269908169872414 0 2.748893571891069 2033
4.3196898986859651 0 2.748893571891069 2034
4.7123889803846897 0 2.748893571891069 2035
5.1050880620834143 0 2.748893571891069 2036
5.497787143782138 0 2.748893571891069 2037
5.8904862254808616 0 2.748893571891069 2038
6.2831853071795862 0 2.748893571891069 2039
0 0.39269908169872414 2.748893571891069 2040
0.39269908169872414 0.39269908169872414 2.748893571891069 2041
0.78539816339744828 0.39269908169872414 2.748893571891069 2042
1.1780972450961724 0.39269908169872414 2.748893571891069 2043
1.5707963267948966 0.39269908169872414 2.748893571891069 2044
1.9634954084936207 0.39269908169872414 2.748893571891069 2045
2.3561944901923448 0.39269908169872414 2.748893571891069 2046
2.748893571891069 0.39269908169872414 2.748893571891069 2047
3.1415926535897931 0.39269908169872414 2.748893571891069 2048
3.5342917352885173 0.39269908169872414 2.748893571891069 2049
3.9269908169872414 0.39269908169872414 2.748893571891069 2050
4.3196898986859651 0.39269908169872414 2.748893571891069 2051
4.7123889803846897 0.39269908169872414 2.748893571891069 2052
5.1050880620834143 0.39269908169872414 2.748893571891069 2053
5.497787143782138 0.39269908169872414 2.748893571891069 2054
5.8904862254808616 0.39269908169872414 2.748893571891069 2055
6.2831853071795862 0.39269908169872414 2.748893571891069 2056
0 0.78539816339744828 2.748893571891069 2057
0.39269908169872414 0.78539816339744828 2.748893571891069 2058
0.78539816339744828 0.78539816339744828 2.748893571891069 2059
1.1780972450961724 0.78539816339744828 2.748893571891069 2060
1.5707963267948966 0.78539816339744828 2.748893571891069 2061
1.9634954084936207 0.78539816339744828 2.748893571891069 2062
2.3561944901923448 0.78539816339744828 2.748893571891069 2063
2.748893571891069 0.78539816339744828 2.748893571891069 2064
3.1415926535897931 0.78539816339744828 2.748893571891069 2065
3.5342917352885173 0.78539816339744828 2.748893571891069 2066
3.9269908169872414 0.78539816339744828 2.748893571891069 2067
4.3196898986859651 0.78539816339744828 2.748893571891069 2068
4.7123889803846897 0.78539816339744828 2.748893571891069 2069
5.1050880620834143 0.78539816339744828 2.748893571891069 2070
5.497787143782138 0.78539816339744828 2.748893571891069 2071
5.8904862254808616 0.78539816339744828 2.748893571891069 2072
6.2831853071795862 0.78539816339744828 2.748893571891069 2073
0 1.1780972450961724 2.748893571891069 2074
0.39269908169872414 1.1780972450961724 2.748893571891069 2075
0.78539816339744828 1.1780972450961724 2.748893571891069 2076
1.1780972450961724 1.1780972450961724 2.748893571891069 2077
1.5707963267948966 1.1780972450961724 2.748893571891069 2078
1.9634954084936207 1.1780972450961724 2.748893571891069 2079
2.3561944901923448 1.1780972450961724 2.748893571891069 2080
2.748893571891069 1.1780972450961724 2.748893571891069 2081
3.1415926535897931 1.1780972450961724 2.748893571891069 2082
3.5342917352885173 1.1780972450961724 2.748893571891069 2083
3.9269908169872414 1.1780972450961724 2.748893571891069 2084
4.3196898986859651 1.1780972450961724 2.748893571891069 2085
4.7123889803846897 1.1780972450961724 2.748893571891069 2086
5.1050880620834143 1.1780972450961724 2.748893571891069 2087
5.497787143782138 1.1780972450961724 2.748893571891069 2088
5.8904862254808616 1.1780972450961724 2.748893571891069 2089
6.2831853071795862 1.1780972450961724 2.748893571891069 2090
0 1.5707963267948966 2.748893571891069 2091
0.39269908169872414 1.5707963267948966 2.748893571891069 2092
0.78539816339744828 1.5707963267948966 2.748893571891069 2093
1.1780972450961724 1.5707963267948966 2.748893571891069 2094
1.5707963267948966 1.5707963267948966 2.748893571891069 2095
1.9634954084936207 1.5707963267948966 2.748893571891069 2096
2.3561944901923448 1.5707963267948966 2.748893571891069 2097
2.748893571891069 1.5707963267948966 2.748893571891069 2098
3.1415926535897931 1.5707963267948966 2.748893571891069 2099
3.5342917352885173 1.5707963267948966 2.748893571891069 2100
3.9269908169872414 1.5707963267948966 2.748893571891069 2101
4.3196898986859651 1.5707963267948966 2.748893571891069 2102
4.7123889803846897 1.5707963267948966 2.748893571891069 2103
5.1050880620834143 1.5707963267948966 2.748893571891069 2104
5.497787143782138 1.5707963267948966 2.748893571891069 2105
5.8904862254808616 1.5707963267948966 2.748893571891069 2106
6.2831853071795862 1.5707963267948966 2.748893571891069 2107
0 1.9634954084936207 2.748893571891069 2108
0.39269908169872414 1.9634954084936207 2.748893571891069 2109
0.78539816339744828 1.9634954084936207 2.748893571891069 2110
1.1780972450961724 1.9634954084936207 2.748893571891069 2111
1.5707963267948966 1.9634954084936207 2.748893571891069 2112
1.9634954084936207 1.9634954084936207 2.748893571891069 2113
2.3561944901923448 1.9634954084936207 2.748893571891069 2114
2.748893571891069 1.9634954084936207 2.748893571891069 2115
3.1415926535897931 1.9634954084936207 2.748893571891069 2116
3.5342917352885173 1.9634954084936207 2.748893571891069 2117
3.9269908169872414 1.9634954084936207 2.748893571891069 2118
4.3196898986859651 1.9634954084936207 2.748893571891069 2119
4.7123889803846897 1.9634954084936207 2.748893571891069 2120
5.1050880620834143 1.9634954084936207 2.748893571891069 2121
5.497787143782138 1.9634954084936207 2.748893571891069 2122
5.8904862254808616 1.9634954084936207 2.748893571891069 2123
6.2831853071795862 1.9634954084936207 2.748893571891069 2124
0 2.3561944901923448 2.748893571891069 2125
0.39269908169872414 2.3561944901923448 2.748893571891069 2126
0.78539816339744828 2.3561944901923448 2.748893571891069 2127
1.1780972450961724 2.3561944901923448 2.748893571891069 2128
1.5707963267948966 2.3561944901923448 2.748893571891069 2129
1.9634954084936207 2.3561944901923448 2.748893571891069 2130
2.3561944901923448 2.3561944901923448 2.748893571891069 2131
2.748893571891069 2.3561944901923448 2.748893571891069 2132
3.1415926535897931 2.3561944901923448 2.748893571891069 2133
3.5342917352885173 2.3561944901923448 2.748893571891069 2134
3.9269908169872414 2.3561944901923448 2.748893571891069 2135
4.3196898986859651 2.3561944901923448 2.748893571891069 2136
4.7123889803846897 2.3561944901923448 2.748893571891069 2137
5.1050880620834143 2.3561944901923448 2.748893571891069 2138
5.497787143782138 2.3561944901923448 2.748893571891069 2139
5.8904862254808616 2.3561944901923448 2.748893571891069 2140
6.2831853071795862 2.3561944901923448 2.748893571891069 2141
0 2.748893571891069 2.748893571891069 2142
0.39269908169872414 2.748893571891069 2.748893571891069 2143
0.78539816339744828 2.748893571891069 2.748893571891069 2144
1.1780972450961724 2.748893571891069 2.748893571891069 2145
1.5707963267948966 2.748893571891069 2.748893571891069 2146
1.9634954084936207 2.748893571891069 2.748893571891069 2147
2.3561944901923448 2.748893571891069 2.748893571891069 2148
2.748893571891069 2.748893571891069 2.748893571891069 2149
3.1415926535897931 2.748893571891069 2.748893571891069 2150
3.5342917352885173 2.748893571891069 2.748893571891069 2151
3.9269908169872414 2.748893571891069 2.748893571891069 2152
4.3196898986859651 2.748893571891069 2.748893571891069 2153
4.7123889803846897 2.748893571891069 2.748893571891069 2154
5.1050880620834143 2.748893571891069 2.748893571891069 2155
5.497787143782138 2.748893571891069 2.748893571891069 2156
5.8904862254808616 2.748893571891069 2.748893571891069 2157
6.2831853071795862 2.748893571891069 2.748893571891069 2158
0 3.1415926535897931 2.748893571891069 2159
0.39269908169872414 3.1415926535897931 2.748893571891069 2160
0.78539816339744828 3.1415926535897931 2.748893571891069 2161
1.1780972450961724 3.1415926535897931 2.748893571891069 2162
1.5707963267948966 3.1415926535897931 2.748893571891069 2163
1.9634954084936207 3.1415926535897931 2.748893571891069 2164
2.3561944901923448 3.1415926535897931 2.748893571891069 2165
2.748893571891069 3.1415926535897931 2.748893571891069 2166
3.1415926535897931 3.1415926535897931 2.748893571891069 2167
3.5342917352885173 3.1415926535897931 2.748893571891069 2168
3.9269908169872414 3.1415926535897931 2.748893571891069 2169
4.3196898986859651 3.1415926535897931 2.748893571891069 2170
4.7123889803846897 3.1415926535897931 2.748893571891069 2171
5.1050880620834143 3.1415926535897931 2.748893571891069 2172
5.497787143782138 3.1415926535897931 2.748893571891069 2173
5.8904862254808616 3.1415926535897931 2.748893571891069 2174
6.2831853071795862 3.1415926535897931 2.748893571891069 2175
0 3.5342917352885173 2.748893571891069 2176
0.39269908169872414 3.5342917352885173 2.748893571891069 2177
0.78539816339744828 3.5342917352885173 2.748893571891069 2178
1.1780972450961724 3.5342917352885173 2.748893571891069 2179
1.5707963267948966 3.5342917352885173 2.748893571891069 2180
1.9634954084936207 3.5342917352885173 2.748893571891069 2181
2.3561944901923448 3.5342917352885173 2.748893571891069 2182
2.748893571891069 3.5342917352885173 2.748893571891069 2183
3.1415926535897931 3.5342917352885173 2.748893571891069 2184
3.5342917352885173 3.5342917352885173 2.748893571891069 2185
3.9269908169872414 3.5342917352885173 2.748893571891069 2186
4.3196898986859651 3.5342917352885173 2.748893571891069 2187
4.7123889803846897 3.5342917352885173 2.748893571891069 2188
5.1050880620834143 3.5342917352885173 2.748893571891069 2189
5.497787143782138 3.5342917352885173 2.748893571891069 2190
5.8904862254808616 3.5342917352885173 2.748893571891069 2191
6.2831853071795862 3.5342917352885173 2.748893571891069 2192
0 3.9269908169872414 2.748893571891069 2193
0.39269908169872414 3.9269908169872414 2.748893571891069 2194
0.78539816339744828 3.9269908169872414 2.748893571891069 2195
1.1780972450961724 3.9269908169872414 2.748893571891069 2196
1.5707963267948966 3.9269908169872414 2.748893571891069 2197
1.9634954084936207 3.9269908169872414 2.748893571891069 2198
2.3561944901923448 3.9269908169872414 2.748893571891069 2199
2.748893571891069 3.9269908169872414 2.748893571891069 2200
3.1415926535897931 3.9269908169872414 2.748893571891069 2201
3.5342917352885173 3.9269908169872414 2.748893571891069 2202
3.9269908169872414 3.9269908169872414 2.748893571891069 2203
4.3196898986859651 3.9269908169872414 2.748893571891069 2204
4.7123889803846897 3.9269908169872414 2.748893571891069 2205
5.1050880620834143 3.9269908169872414 2.748893571891069 2206
5.497787143782138 3.9269908169872414 2.748893571891069 2207
5.8904862254808616 3.9269908169872414 2.748893571891069 2208
6.2831853071795862 3.9269908169872414 2.748893571891069 2209
0 4.3196898986859651 2.748893571891069 2210
0.39269908169872414 4.3196898986859651 2.748893571891069 2211
0.78539816339744828 4.3196898986859651 2.748893571891069 2212
1.1780972450961724 4.3196898986859651 2.748893571891069 2213
1.5707963267948966 4.3196898986859651 2.748893571891069 2214
1.9634954084936207 4.3196898986859651 2.748893571891069 2215
2.3561944901923448 4.3196898986859651 2.748893571891069 2216
2.748893571891069 4.3196898986859651 2.748893571891069 2217
3.1415926535897931 4.3196898986859651 2.748893571891069 2218
3.5342917352885173 4.3196898986859651 2.748893571891069 2219
3.9269908169872414 4.3196898986859651 2.748893571891069 2220
4.3196898986859651 4.3196898986859651 2.748893571891069 2221
4.7123889803846897 4.3196898986859651 2.748893571891069 2222
5.1050880620834143 4.3196898986859651 2.748893571891069 2223
5.497787143782138 4.3196898986859651 2.748893571891069 2224
5.8904862254808616 4.3196898986859651 2.748893571891069 2225
6.2831853071795862 4.3196898986859651 2.748893571891069 2226
0 4.7123889803846897 2.748893571891069 2227
0.39269908169872414 4.7123889803846897 2.748893571891069 2228
0.78539816339744828 4.7123889803846897 2.748893571891069 2229
1.1780972450961724 4.7123889803846897 2.748893571891069 2230
1.5707963267948966 4.7123889803846897 2.748893571891069 2231
1.9634954084936207 4.7123889803846897 2.748893571891069 2232
2.3561944901923448 4.7123889803846897 2.748893571891069 2233
2.748893571891069 4.7123889803846897 2.748893571891069 2234
3.1415926535897931 4.7123889803846897 2.748893571891069 2235
3.5342917352885173 4.7123889803846897 2.748893571891069 2236
3.9269908169872414 4.7123889803846897 2.748893571891069 2237
4.3196898986859651 4.7123889803846897 2.748893571891069 2238
4.7123889803846897 4.7123889803846897 2.748893571891069 2239
5.1050880620834143 4.7123889803846897 2.748893571891069 2240
5.497787143782138 4.7123889803846897 2.748893571891069 2241
5.8904862254808616 4.7123889803846897 2.748893571891069 2242
6.2831853071795862 4.7123889803846897 2.748893571891069 2243
0 5.1050880620834143 2.748893571891069 2244
0.39269908169872414 5.1050880620834143 2.748893571891069 2245
0.78539816339744828 5.1050880620834143 2.748893571891069 2246
1.1780972450961724 5.1050880620834143 2.748893571891069 2247
1.5707963267948966 5.1050880620834143 2.748893571891069 2248
1.9634954084936207 5.1050880620834143 2.748893571891069 2249
2.3561944901923448 5.1050880620834143 2.748893571891069 2250
2.748893571891069 5.1050880620834143 2.748893571891069 2251
3.1415926535897931 5.1050880620834143 2.748893571891069 2252
3.5342917352885173 5.1050880620834143 2.748893571891069 2253
3.9269908169872414 5.1050880620834143 2.748893571891069 2254
4.3196898986859651 5.1050880620834143 2.748893571891069 2255
4.7123889803846897 5.1050880620834143 2.748893571891069 2256
5.1050880620834143 5.1050880620834143 2.748893571891069 2257
5.497787143782138 5.1050880620834143 2.748893571891069 2258
5.8904862254808616 5.1050880620834143 2.748893571891069 2259
6.2831853071795862 5.1050880620834143 2.748893571891069 2260
0 5.497787143782138 2.748893571891069 2261
0.39269908169872414 5.497787143782138 2.748893571891069 2262
0.78539816339744828 5.497787143782138 2.748893571891069 2263
1.1780972450961724 5.497787143782138 2.748893571891069 2264
1.5707963267948966 5.497787143782138 2.748893571891069 2265
1.9634954084936207 5.497787143782138 2.748893571891069 2266
2.3561944901923448 5.497787143782138 2.748893571891069 2267
2.748893571891069 5.497787143782138 2.748893571891069 2268
3.1415926535897931 5.497787143782138 2.748893571891069 2269
3.5342917352885173 5.497787143782138 2.748893571891069 2270
3.9269908169872414 5.497787143782138 2.748893571891069 2271
4.3196898986859651 5.497787143782138 2.748893571891069 2272
4.7123889803846897 5.497787143782138 2.748893571891069 2273
5.1050880620834143 5.497787143782138 2.748893571891069 2274
5.497787143782138 5.497787143782138 2.748893571891069 2275
5.8904862254808616 5.497787143782138 2.748893571891069 2276
6.2831853071795862 5.497787143782138 2.748893571891069 2277
0 5.8904862254808616 2.748893571891069 2278
0.39269908169872414 5.8904862254808616 2.748893571891069 2279
0.78539816339744828 5.8904862254808616 2.748893571891069 2280
1.1780972450961724 5.8904862254808616 2.748893571891069 2281
1.5707963267948966 5.8904862254808616 2.748893571891069 2282
1.9634954084936207 5.8904862254808616 2.748893571891069 2283
2.3561944901923448 5.8904862254808616 2.748893571891069 2284
2.748893571891069 5.8904862254808616 2.748893571891069 2285
3.1415926535897931 5.8904862254808616 2.748893571891069 2286
3.5342917352885173 5.8904862254808616 2.748893571891069 2287
3.9269908169872414 5.8904862254808616 2.748893571891069 2288
4.3196898986859651 5.8904862254808616 2.748893571891069 2289
4.7123889803846897 5.8904862254808616 2.748893571891069 2290
5.1050880620834143 5.8904862254808616 2.748893571891069 2291
5.497787143782138 5.8904862254808616 2.748893571891069 2292
5.8904862254808616 5.8904862254808616 2.748893571891069 2293
6.2831853071795862 5.8904862254808616 2.748893571891069 2294
0 6.2831853071795862 2.748893571891069 2295
0.39269908169872414 6.2831853071795862 2.748893571891069 2296
0.78539816339744828 6.2831853071795862 2.748893571891069 2297
1.1780972450961724 6.2831853071795862 2.748893571891069 2298
1.5707963267948966 6.2831853071795862 2.748893571891069 2299
1.9634954084936207 6.2831853071795862 2.748893571891069 2300
2.3561944901923448 6.2831853071795862 2.748893571891069 2301
2.748893571891069 6.2831853071795862 2.748893571891069 2302
3.1415926535897931 6.2831853071795862 2.748893571891069 2303
3.5342917352885173 6.2831853071795862 2.748893571891069 2304
3.9269908169872414 6.2831853071795862 2.748893571891069 2305
4.3196898986859651 6.2831853071795862 2.748893571891069 2306
4.7123889803846897 6.2831853071795862 2.748893571891069 2307
5.1050880620834143 6.2831853071795862 2.748893571891069 2308
5.497787143782138 6.2831853071795862 2.748893571891069 2309
5.8904862254808616 6.2831853071795862 2.748893571891069 2310
6.2831853071795862 6.2831853071795862 2.748893571891069 2311
0 0 3.1415926535897931 2312
0.39269908169872414 0 3.1415926535897931 2313
0.78539816339744828 0 3.1415926535897931 2314
1.1780972450961724 0 3.1415926535897931 2315
1.5707963267948966 0 3.1415926535897931 2316
1.9634954084936207 0 3.1415926535897931 2317
2.3561944901923448 0 3.1415926535897931 2318
2.748893571891069 0 3.1415926535897931 2319
3.1415926535897931 0 3.1415926535897931 2320
3.5342917352885173 0 3.1415926535897931 2321
3.9269908169872414 0 3.1415926535897931 2322
4.3196898986859651 0 3.1415926535897931 2323
4.7123889803846897 0 3.1415926535897931 2324
5.1050880620834143 0 3.1415926535897931 2325
5.497787143782138 0 3.1415926535897931 2326
5.8904862254808616 0 3.1415926535897931 2327
6.2831853071795862 0 3.1415926535897931 2328
0 0.39269908169872414 3.1415926535897931 2329
0.39269908169872414 0.39269908169872414 3.1415926535897931 2330
0.78539816339744828 0.39269908169872414 3.1415926535897931 2331
1.1780972450961724 0.39269908169872414 3.1415926535897931 2332
1.5707963267948966 0.39269908169872414 3.1415926535897931 2333
1.9634954084936207 0.39269908169872414 3.1415926535897931 2334
2.3561944901923448 0.39269908169872414 3.1415926535897931 2335
2.748893571891069 0.39269908169872414 3.1415926535897931 2336
3.1415926535897931 0.39269908169872414 3.1415926535897931 2337
3.5342917352885173 0.39269908169872414 3.1415926535897931 2338
3.9269908169872414 0.39269908169872414 3.1415926535897931 2339
4.3196898986859651 0.39269908169872414 3.1415926535897931 2340
4.7123889803846897 0.39269908169872414 3.1415926535897931 2341
5.1050880620834143 0.39269908169872414 3.1415926535897931 2342
5.497787143782138 0.39269908169872414 3.1415926535897931 2343
5.8904862254808616 0.39269908169872414 3.1415926535897931 2344
6.2831853071795862 0.39269908169872414 3.1415926535897931 2345
0 0.78539816339744828 3.1415926535897931 2346
0.39269908169872414 0.78539816339744828 3.1415926535897931 2347
0.78539816339744828 0.78539816339744828 3.1415926535897931 2348
1.1780972450961724 0.78539816339744828 3.1415926535897931 2349
1.5707963267948966 0.78539816339744828 3.1415926535897931 2350
1.9634954084936207 0.78539816339744828 3.1415926535897931 2351
2.3561944901923448 0.78539816339744828 3.1415926535897931 2352
2.748893571891069 0.78539816339744828 3.1415926535897931 2353
3.1415926535897931 0.78539816339744828 3.1415926535897931 2354
3.5342917352885173 0.78539816339744828 3.1415926535897931 2355
3.9269908169872414 0.78539816339744828 3.1415926535897931 2356
4.3196898986859651 0.78539816339744828 3.1415926535897931 2357
4.7123889803846897 0.78539816339744828 3.1415926535897931 2358
5.1050880620834143 0.78539816339744828 3.1415926535897931 2359
5.497787143782138 0.78539816339744828 3.1415926535897931 2360
5.8904862254808616 0.78539816339744828 3.1415926535897931 2361
6.2831853071795862 0.78539816339744828 3.1415926535897931 2362
0 1.1780972450961724 3.1415926535897931 2363
0.39269908169872414 1.1780972450961724 3.1415926535897931 2364
0.78539816339744828 1.1780972450961724 3.1415926535897931 2365
1.1780972450961724 1.1780972450961724 3.1415926535897931 2366
1.5707963267948966 1.1780972450961724 3.1415926535897931 2367
1.9634954084936207 1.1780972450961724 3.1415926535897931 2368
2.3561944901923448 1.1780972450961724 3.1415926535897931 2369
2.748893571891069 1.1780972450961724 3.1415926535897931 2370
3.1415926535897931 1.1780972450961724 3.1415926535897931 2371
3.5342917352885173 1.1780972450961724 3.1415926535897931 2372
3.9269908169872414 1.1780972450961724 3.1415926535897931 2373
4.3196898986859651 1.1780972450961724 3.1415926535897931 2374
4.7123889803846897 1.1780972450961724 3.1415926535897931 2375
5.1050880620834143 1.1780972450961724 3.1415926535897931 2376
5.497787143782138 1.1780972450961724 3.1415926535897931 2377
5.8904862254808616 1.1780972450961724 3.1415926535897931 2378
6.2831853071795862 1.1780972450961724 3.1415926535897931 2379
0 1.5707963267948966 3.1415926535897931 2380
0.39269908169872414 1.5707963267948966 3.1415926535897931 2381
0.78539816339744828 1.5707963267948966 3.1415926535897931 2382
1.1780972450961724 1.5707963267948966 3.1415926535897931 2383
1.5707963267948966 1.5707963267948966 3.1415926535897931 2384
1.9634954084936207 1.5707963267948966 3.1415926535897931 2385
2.3561944901923448 1.5707963267948966 3.1415926535897931 2386
2.748893571891069 1.5707963267948966 3.1415926535897931 2387
3.1415926535897931 1.5707963267948966 3.1415926535897931 2388
3.5342917352885173 1.5707963267948966 3.1415926535897931 2389
3.9269908169872414 1.5707963267948966 3.1415926535897931 2390
4.3196898986859651 1.5707963267948966 3.1415926535897931 2391
4.7123889803846897 1.5707963267948966 3.1415926535897931 2392
5.1050880620834143 1.5707963267948966 3.1415926535897931 2393
5.497787143782138 1.5707963267948966 3.1415926535897931 2394
5.8904862254808616 1.5707963267948966 3.1415926535897931 2395
6.2831853071795862 1.5707963267948966 3.1415926535897931 2396
0 1.9634954084936207 3.1415926535897931 2397
0.39269908169872414 1.9634954084936207 3.1415926535897931 2398
0.78539816339744828 1.9634954084936207 3.1415926535897931 2399
1.1780972450961724 1.9634954084936207 3.1415926535897931 2400
1.5707963267948966 1.9634954084936207 3.1415926535897931 2401
1.9634954084936207 1.9634954084936207 3.1415926535897931 2402
2.3561944901923448 1.9634954084936207 3.1415926535897931 2403
2.748893571891069 1.9634954084936207 3.1415926535897931 2404
3.1415926535897931 1.9634954084936207 3.1415926535897931 2405
3.5342917352885173 1.9634954084936207 3.1415926535897931 2406
3.9269908169872414 1.9634954084936207 3.1415926535897931 2407
4.3196898986859651 1.9634954084936207 3.1415926535897931 2408
4.7123889803846897 1.9634954084936207 3.1415926535897931 2409
5.1050880620834143 1.9634954084936207 3.1415926535897931 2410
5.497787143782138 1.9634954084936207 3.1415926535897931 2411
5.8904862254808616 1.9634954084936207 3.1415926535897931 2412
6.2831853071795862 1.9634954084936207 3.1415926535897931 2413
0 2.3561944901923448 3.1415926535897931 2414
0.39269908169872414 2.3561944901923448 3.1415926535897931 2415
0.78539816339744828 2.3561944901923448 3.1415926535897931 2416
1.1780972450961724 2.3561944901923448 3.1415926535897931 2417
1.5707963267948966 2.3561944901923448 3.1415926535897931 2418
1.9634954084936207 2.3561944901923448 3.1415926535897931 2419
2.3561944901923448 2.3561944901923448 3.1415926535897931 2420
2.748893571891069 2.3561944901923448 3.1415926535897931 2421
3.1415926535897931 2.3561944901923448 3.1415926535897931 2422
3.5342917352885173 2.3561944901923448 3.1415926535897931 2423
3.9269908169872414 2.3561944901923448 3.1415926535897931 2424
4.3196898986859651 2.3561944901923448 3.1415926535897931 2425
4.7123889803846897 2.3561944901923448 3.1415926535897931 2426
5.1050880620834143 2.3561944901923448 3.1415926535897931 2427
5.497787143782138 2.3561944901923448 3.1415926535897931 2428
5.8904862254808616 2.3561944901923448 3.1415926535897931 2429
6.2831853071795862 2.3561944901923448 3.1415926535897931 2430
0 2.748893571891069 3.1415926535897931 2431
0.39269908169872414 2.748893571891069 3.1415926535897931 2432
0.78539816339744828 2.748893571891069 3.1415926535897931 2433
1.1780972450961724 2.748893571891069 3.1415926535897931 2434
1.5707963267948966 2.748893571891069 3.1415926535897931 2435
1.9634954084936207 2.748893571891069 3.1415926535897931 2436
2.3561944901923448 2.748893571891069 3.1415926535897931 2437
2.748893571891069 2.748893571891069 3.1415926535897931 2438
3.1415926535897931 2.748893571891069 3.1415926535897931 2439
3.5342917352885173 2.748893571891069 3.1415926535897931 2440
3.9269908169872414 2.748893571891069 3.1415926535897931 2441
4.3196898986859651 2.748893571891069 3.1415926535897931 2442
4.7123889803846897 2.748893571891069 3.1415926535897931 2443
5.1050880620834143 2.748893571891069 3.1415926535897931 2444
5.497787143782138 2.748893571891069 3.1415926535897931 2445
5.8904862254808616 2.748893571891069 3.1415926535897931 2446
6.2831853071795862 2.748893571891069 3.1415926535897931 2447
0 3.1415926535897931 3.1415926535897931 2448
0.39269908169872414 3.1415926535897931 3.1415926535897931 2449
0.78539816339744828 3.1415926535897931 3.1415926535897931 2450
1.1780972450961724 3.1415926535897931 3.1415926535897931 2451
1.5707963267948966 3.1415926535897931 3.1415926535897931 2452
1.9634954084936207 3.1415926535897931 3.1415926535897931 2453
2.3561944901923448 3.1415926535897931 3.1415926535897931 2454
2.748893571891069 3.1415926535897931 3.1415926535897931 2455
3.1415926535897931 3.1415926535897931 3.1415926535897931 2456
3.5342917352885173 3.1415926535897931 3.1415926535897931 2457
3.9269908169872414 3.1415926535897931 3.1415926535897931 2458
4.3196898986859651 3.1415926535897931 3.1415926535897931 2459
4.7123889803846897 3.1415926535897931 3.1415926535897931 2460
5.1050880620834143 3.1415926535897931 3.1415926535897931 2461
5.497787143782138 3.1415926535897931 3.1415926535897931 2462
5.8904862254808616 3.1415926535897931 3.1415926535897931 2463
6.2831853071795862 3.1415926535897931 3.1415926535897931 2464
0 3.5342917352885173 3.1415926535897931 2465
0.39269908169872414 3.5342917352885173 3.1415926535897931 2466
0.78539816339744828 3.5342917352885173 3.1415926535897931 2467
1.1780972450961724 3.5342917352885173 3.1415926535897931 2468
1.5707963267948966 3.5342917352885173 3.1415926535897931 2469
1.9634954084936207 3.5342917352885173 3.1415926535897931 2470
2.3561944901923448 3.5342917352885173 3.1415926535897931 2471
2.748893571891069 3.5342917352885173 3.1415926535897931 2472
3.1415926535897931 3.5342917352885173 3.1415926535897931 2473
3.5342917352885173 3.5342917352885173 3.1415926535897931 2474
3.9269908169872414 3.5342917352885173 3.1415926535897931 2475
4.3196898986859651 3.5342917352885173 3.1415926535897931 2476
4.7123889803846897 3.5342917352885173 3.1415926535897931 2477
5.1050880620834143 3.5342917352885173 3.1415926535897931 2478
5.497787143782138 3.5342917352885173 3.1415926535897931 2479
5.8904862254808616 3.5342917352885173 3.1415926535897931 2480
6.2831853071795862 3.5342917352885173 3.1415926535897931 2481
0 3.9269908169872414 3.1415926535897931 2482
0.39269908169872414 3.9269908169872414 3.1415926535897931 2483
0.78539816339744828 3.9269908169872414 3.1415926535897931 2484
1.1780972450961724 3.9269908169872414 3.1415926535897931 2485
1.5707963267948966 3.9269908169872414 3.1415926535897931 2486
1.9634954084936207 3.9269908169872414 3.1415926535897931 2487
2.3561944901923448 3.9269908169872414 3.1415926535897931 2488
2.748893571891069 3.9269908169872414 3.1415926535897931 2489
3.1415926535897931 3.9269908169872414 3.1415926535897931 2490
3.5342917352885173 3.9269908169872414 3.1415926535897931 2491
3.9269908169872414 3.9269908169872414 3.1415926535897931 2492
4.3196898986859651 3.9269908169872414 3.1415926535897931 2493
4.7123889803846897 3.9269908169872414 3.1415926535897931 2494
5.1050880620834143 3.9269908169872414 3.1415926535897931 2495
5.497787143782138 3.9269908169872414 3.1415926535897931 2496
5.8904862254808616 3.9269908169872414 3.1415926535897931 2497
6.2831853071795862 3.9269908169872414 3.1415926535897931 2498
0 4.3196898986859651 3.1415926535897931 2499
0.39269908169872414 4.3196898986859651 3.1415926535897931 2500
0.78539816339744828 4.3196898986859651 3.1415926535897931 2501
1.1780972450961724 4.3196898986859651 3.1415926535897931 2502
1.5707963267948966 4.3196898986859651 3.1415926535897931 2503
1.9634954084936207 4.3196898986859651 3.1415926535897931 2504
2.3561944901923448 4.3196898986859651 3.1415926535897931 2505
2.748893571891069 4.3196898986859651 3.1415926535897931 2506
3.1415926535897931 4.3196898986859651 3.1415926535897931 2507
3.5342917352885173 4.3196898986859651 3.1415926535897931 2508
3.9269908169872414 4.3196898986859651 3.1415926535897931 2509
4.3196898986859651 4.3196898986859651 3.1415926535897931 2510
4.7123889803846897 4.3196898986859651 3.1415926535897931 2511
5.1050880620834143 4.3196898986859651 3.1415926535897931 2512
5.497787143782138 4.3196898986859651 3.1415926535897931 2513
5.8904862254808616 4.3196898986859651 3.1415926535897931 2514
6.2831853071795862 4.3196898986859651 3.1415926535897931 2515
0 4.7123889803846897 3.1415926535897931 2516
0.39269908169872414 4.7123889803846897 3.1415926535897931 2517
0.78539816339744828 4.7123889803846897 3.1415926535897931 2518
1.1780972450961724 4.7123889803846897 3.1415926535897931 2519
1.5707963267948966 4.7123889803846897 3.1415926535897931 2520
1.9634954084936207 4.7123889803846897 3.1415926535897931 2521
2.3561944901923448 4.7123889803846897 3.1415926535897931 2522
2.748893571891069 4.7123889803846897 3.1415926535897931 2523
3.1415926535897931 4.7123889803846897 3.1415926535897931 2524
3.5342917352885173 4.7123889803846897 3.1415926535897931 2525
3.9269908169872414 4.7123889803846897 3.1415926535897931 2526
4.3196898986859651 4.7123889803846897 3.1415926535897931 2527
4.7123889803846897 4.7123889803846897 3.1415926535897931 2528
5.1050880620834143 4.7123889803846897 3.1415926535897931 2529
5.497787143782138 4.7123889803846897 3.1415926535897931 2530
5.8904862254808616 4.7123889803846897 3.1415926535897931 2531
6.2831853071795862 4.7123889803846897 3.1415926535897931 2532
0 5.1050880620834143 3.1415926535897931 2533
0.39269908169872414 5.1050880620834143 3.1415926535897931 2534
0.78539816339744828 5.1050880620834143 3.1415926535897931 2535
1.1780972450961724 5.1050880620834143 3.1415926535897931 2536
1.5707963267948966 5.1050880620834143 3.1415926535897931 2537
1.9634954084936207 5.1050880620834143 3.1415926535897931 2538
2.3561944901923448 5.1050880620834143 3.1415926535897931 2539
2.748893571891069 5.1050880620834143 3.1415926535897931 2540
3.1415926535897931 5.1050880620834143 3.1415926535897931 2541
3.5342917352885173 5.1050880620834143 3.1415926535897931 2542
3.9269908169872414 5.1050880620834143 3.1415926535897931 2543
4.3196898986859651 5.1050880620834143 3.1415926535897931 2544
4.7123889803846897 5.1050880620834143 3.1415926535897931 2545
5.1050880620834143 5.1050880620834143 3.1415926535897931 2546
5.497787143782138 5.1050880620834143 3.1415926535897931 2547
5.8904862254808616 5.1050880620834143 3.1415926535897931 2548
6.2831853071795862 5.1050880620834143 3.1415926535897931 2549
0 5.497787143782138 3.1415926535897931 2550
0.39269908169872414 5.497787143782138 3.1415926535897931 2551
0.78539816339744828 5.497787143782138 3.1415926535897931 2552
1.1780972450961724 5.497787143782138 3.1415926535897931 2553
1.5707963267948966 5.497787143782138 3.1415926535897931 2554
1.9634954084936207 5.497787143782138 3.1415926535897931 2555
2.3561944901923448 5.497787143782138 3.1415926535897931 2556
2.748893571891069 5.497787143782138 3.1415926535897931 2557
3.1415926535897931 5.497787143782138 3.1415926535897931 2558
3.5342917352885173 5.497787143782138 3.1415926535897931 2559
3.9269908169872414 5.497787143782138 3.1415926535897931 2560
4.3196898986859651 5.497787143782138 3.1415926535897931 2561
4.7123889803846897 5.497787143782138 3.1415926535897931 2562
5.1050880620834143 5.497787143782138 3.1415926535897931 2563
5.497787143782138 5.497787143782138 3.1415926535897931 2564
5.8904862254808616 5.497787143782138 3.1415926535897931 2565
6.2831853071795862 5.497787143782138 3.1415926535897931 2566
0 5.8904862254808616 3.1415926535897931 2567
0.39269908169872414 5.8904862254808616 3.1415926535897931 2568
0.78539816339744828 5.8904862254808616 3.1415926535897931 2569
1.1780972450961724 5.8904862254808616 3.1415926535897931 2570
1.5707963267948966 5.8904862254808616 3.1415926535897931 2571
1.9634954084936207 5.8904862254808616 3.1415926535897931 2572
2.3561944901923448 5.8904862254808616 3.1415926535897931 2573
2.748893571891069 5.8904862254808616 3.1415926535897931 2574
3.1415926535897931 5.8904862254808616 3.1415926535897931 2575
3.5342917352885173 5.8904862254808616 3.1415926535897931 2576
3.9269908169872414 5.8904862254808616 3.1415926535897931 2577
4.3196898986859651 5.8904862254808616 3.1415926535897931 2578
4.7123889803846897 5.8904862254808616 3.1415926535897931 2579
5.1050880620834143 5.8904862254808616 3.1415926535897931 2580
5.497787143782138 5.8904862254808616 3.1415926535897931 2581
5.8904862254808616 5.8904862254808616 3.1415926535897931 2582
6.2831853071795862 5.8904862254808616 3.1415926535897931 2583
0 6.2831853071795862 3.1415926535897931 2584
0.39269908169872414 6.2831853071795862 3.1415926535897931 2585
0.78539816339744828 6.2831853071795862 3.1415926535897931 2586
1.1780972450961724 6.2831853071795862 3.1415926535897931 2587
1.5707963267948966 6.2831853071795862 3.1415926535897931 2588
1.9634954084936207 6.2831853071795862 3.1415926535897931 2589
2.3561944901923448 6.2831853071795862 3.1415926535897931 2590
2.748893571891069 6.2831853071795862 3.1415926535897931 2591
3.1415926535897931 6.2831853071795862 3.1415926535897931 2592
3.5342917352885173 6.2831853071795862 3.1415926535897931 2593
3.9269908169872414 6.2831853071795862 3.1415926535897931 2594
4.3196898986859651 6.2831853071795862 3.1415926535897931 2595
4.7123889803846897 6.2831853071795862 3.1415926535897931 2596
5.1050880620834143 6.2831853071795862 3.1415926535897931 2597
5.497787143782138 6.2831853071795862 3.1415926535897931 2598
5.8904862254808616 6.2831853071795862 3.1415926535897931 2599
6.2831853071795862 6.2831853071795862 3.1415926535897931 2600
0 0 3.5342917352885173 2601
0.39269908169872414 0 3.5342917352885173 2602
0.78539816339744828 0 3.5342917352885173 2603
1.1780972450961724 0 3.5342917352885173 2604
1.5707963267948966 0 3.5342917352885173 2605
1.9634954084936207 0 3.5342917352885173 2606
2.3561944901923448 0 3.5342917352885173 2607
2.748893571891069 0 3.5342917352885173 2608
3.1415926535897931 0 3.5342917352885173 2609
3.5342917352885173 0 3.5342917352885173 2610
3.9269908169872414 0 3.5342917352885173 2611
4.3196898986859651 0 3.5342917352885173 2612
4.7123889803846897 0 3.5342917352885173 2613
5.1050880620834143 0 3.5342917352885173 2614
5.497787143782138 0 3.5342917352885173 2615
5.8904862254808616 0 3.5342917352885173 2616
6.2831853071795862 0 3.5342917352885173 2617
0 0.39269908169872414 3.5342917352885173 2618
0.39269908169872414 0.39269908169872414 3.5342917352885173 2619
0.78539816339744828 0.39269908169872414 3.5342917352885173 2620
1.1780972450961724 0.39269908169872414 3.5342917352885173 2621
1.5707963267948966 0.39269908169872414 3.5342917352885173 2622
1.9634954084936207 0.39269908169872414 3.5342917352885173 2623
2.3561944901923448 0.39269908169872414 3.5342917352885173 2624
2.748893571891069 0.39269908169872414 3.5342917352885173 2625
3.1415926535897931 0.39269908169872414 3.5342917352885173 2626
3.5342917352885173 0.39269908169872414 3.5342917352885173 2627
3.9269908169872414 0.39269908169872414 3.5342917352885173 2628
4.3196898986859651 0.39269908169872414 3.5342917352885173 2629
4.7123889803846897 0.39269908169872414 3.5342917352885173 2630
5.1050880620834143 0.39269908169872414 3.5342917352885173 2631
5.497787143782138 0.39269908169872414 3.5342917352885173 2632
5.8904862254808616 0.39269908169872414 3.5342917352885173 2633
6.2831853071795862 0.39269908169872414 3.5342917352885173 2634
0 0.78539816339744828 3.5342917352885173 2635
0.39269908169872414 0.78539816339744828 3.5342917352885173 2636
0.78539816339744828 0.78539816339744828 3.5342917352885173 2637
1.1780972450961724 0.78539816339744828 3.5342917352885173 2638
1.5707963267948966 0.78539816339744828 3.5342917352885173 2639
1.9634954084936207 0.78539816339744828 3.5342917352885173 2640
2.3561944901923448 0.78539816339744828 3.5342917352885173 2641
2.748893571891069 0.78539816339744828 3.5342917352885173 2642
3.1415926535897931 0.78539816339744828 3.5342917352885173 2643
3.5342917352885173 0.78539816339744828 3.5342917352885173 2644
3.9269908169872414 0.78539816339744828 3.5342917352885173 2645
4.3196898986859651 0.78539816339744828 3.5342917352885173 2646
4.7123889803846897 0.78539816339744828 3.5342917352885173 2647
5.1050880620834143 0.78539816339744828 3.5342917352885173 2648
5.497787143782138 0.78539816339744828 3.5342917352885173 2649
5.8904862254808616 0.78539816339744828 3.5342917352885173 2650
6.2831853071795862 0.78539816339744828 3.5342917352885173 2651
0 1.1780972450961724 3.5342917352885173 2652
0.39269908169872414 1.1780972450961724 3.5342917352885173 2653
0.78539816339744828 1.1780972450961724 3.5342917352885173 2654
1.1780972450961724 1.1780972450961724 3.5342917352885173 2655
1.5707963267948966 1.1780972450961724 3.5342917352885173 2656
1.9634954084936207 1.1780972450961724 3.5342917352885173 2657
2.3561944901923448 1.1780972450961724 3.5342917352885173 2658
2.748893571891069 1.1780972450961724 3.5342917352885173 2659
3.1415926535897931 1.1780972450961724 3.5342917352885173 2660
3.5342917352885173 1.1780972450961724 3.5342917352885173 2661
3.9269908169872414 1.1780972450961724 3.5342917352885173 2662
4.3196898986859651 1.1780972450961724 3.5342917352885173 2663
4.7123889803846897 1.1780972450961724 3.5342917352885173 2664
5.1050880620834143 1.1780972450961724 3.5342917352885173 2665
5.497787143782138 1.1780972450961724 3.5342917352885173 2666
5.8904862254808616 1.1780972450961724 3.5342917352885173 2667
6.2831853071795862 1.1780972450961724 3.5342917352885173 2668
0 1.5707963267948966 3.5342917352885173 2669
0.39269908169872414 1.5707963267948966 3.5342917352885173 2670
0.78539816339744828 1.5707963267948966 3.5342917352885173 2671
1.1780972450961724 1.5707963267948966 3.5342917352885173 2672
1.5707963267948966 1.5707963267948966 3.5342917352885173 2673
1.9634954084936207 1.5707963267948966 3.5342917352885173 2674
2.3561944901923448 1.5707963267948966 3.5342917352885173 2675
2.748893571891069 1.5707963267948966 3.5342917352885173 2676
3.1415926535897931 1.5707963267948966 3.5342917352885173 2677
3.5342917352885173 1.5707963267948966 3.5342917352885173 2678
3.9269908169872414 1.5707963267948966 3.5342917352885173 2679
4.3196898986859651 1.5707963267948966 3.5342917352885173 2680
4.7123889803846897 1.5707963267948966 3.5342917352885173 2681
5.1050880620834143 1.5707963267948966 3.5342917352885173 2682
5.497787143782138 1.5707963267948966 3.5342917352885173 2683
5.8904862254808616 1.5707963267948966 3.5342917352885173 2684
6.2831853071795862 1.5707963267948966 3.5342917352885173 2685
0 1.9634954084936207 3.5342917352885173 2686
0.39269908169872414 1.9634954084936207 3.5342917352885173 2687
0.78539816339744828 1.9634954084936207 3.5342917352885173 2688
1.1780972450961724 1.9634954084936207 3.5342917352885173 2689
1.5707963267948966 1.9634954084936207 3.5342917352885173 2690
1.9634954084936207 1.9634954084936207 3.5342917352885173 2691
2.3561944901923448 1.9634954084936207 3.5342917352885173 2692
2.748893571891069 1.9634954084936207 3.5342917352885173 2693
3.1415926535897931 1.9634954084936207 3.5342917352885173 2694
3.5342917352885173 1.9634954084936207 3.5342917352885173 2695
3.9269908169872414 1.9634954084936207 3.5342917352885173 2696
4.3196898986859651 1.9634954084936207 3.5342917352885173 2697
4.7123889803846897 1.9634954084936207 3.5342917352885173 2698
5.1050880620834143 1.9634954084936207 3.5342917352885173 2699
5.497787143782138 1.9634954084936207 3.5342917352885173 2700
5.8904862254808616 1.9634954084936207 3.5342917352885173 2701
6.2831853071795862 1.9634954084936207 3.5342917352885173 2702
0 2.3561944901923448 3.5342917352885173 2703
0.39269908169872414 2.3561944901923448 3.5342917352885173 2704
0.78539816339744828 2.3561944901923448 3.5342917352885173 2705
1.1780972450961724 2.3561944901923448 3.5342917352885173 2706
1.5707963267948966 2.3561944901923448 3.5342917352885173 2707
1.9634954084936207 2.3561944901923448 3.5342917352885173 2708
2.3561944901923448 2.3561944901923448 3.5342917352885173 2709
2.748893571891069 2.3561944901923448 3.5342917352885173 2710
3.1415926535897931 2.3561944901923448 3.5342917352885173 2711
3.5342917352885173 2.3561944901923448 3.5342917352885173 2712
3.9269908169872414 2.3561944901923448 3.5342917352885173 2713
4.3196898986859651 2.3561944901923448 3.5342917352885173 2714
4.7123889803846897 2.3561944901923448 3.5342917352885173 2715
5.1050880620834143 2.3561944901923448 3.5342917352885173 2716
5.497787143782138 2.3561944901923448 3.5342917352885173 2717
5.8904862254808616 2.3561944901923448 3.5342917352885173 2718
6.2831853071795862 2.3561944901923448 3.5342917352885173 2719
0 2.748893571891069 3.5342917352885173 2720
0.39269908169872414 2.748893571891069 3.5342917352885173 2721
0.78539816339744828 2.748893571891069 3.5342917352885173 2722
1.1780972450961724 2.748893571891069 3.5342917352885173 2723
1.5707963267948966 2.748893571891069 3.5342917352885173 2724
1.9634954084936207 2.748893571891069 3.5342917352885173 2725
2.3561944901923448 2.748893571891069 3.5342917352885173 2726
2.748893571891069 2.748893571891069 3.5342917352885173 2727
3.1415926535897931 2.748893571891069 3.5342917352885173 2728
3.5342917352885173 2.748893571891069 3.5342917352885173 2729
3.9269908169872414 2.748893571891069 3.5342917352885173 2730
4.3196898986859651 2.748893571891069 3.5342917352885173 2731
4.7123889803846897 2.748893571891069 3.5342917352885173 2732
5.1050880620834143 2.748893571891069 3.5342917352885173 2733
5.497787143782138 2.748893571891069 3.5342917352885173 2734
5.8904862254808616 2.748893571891069 3.5342917352885173 2735
6.2831853071795862 2.748893571891069 3.5342917352885173 2736
0 3.1415926535897931 3.5342917352885173 2737
0.39269908169872414 3.1415926535897931 3.5342917352885173 2738
0.78539816339744828 3.1415926535897931 3.5342917352885173 2739
1.1780972450961724 3.1415926535897931 3.5342917352885173 2740
1.5707963267948966 3.1415926535897931 3.5342917352885173 2741
1.9634954084936207 3.1415926535897931 3.5342917352885173 2742
2.3561944901923448 3.1415926535897931 3.5342917352885173 2743
2.748893571891069 3.1415926535897931 3.5342917352885173 2744
3.1415926535897931 3.1415926535897931 3.5342917352885173 2745
3.5342917352885173 3.1415926535897931 3.5342917352885173 2746
3.9269908169872414 3.1415926535897931 3.5342917352885173 2747
4.3196898986859651 3.1415926535897931 3.5342917352885173 2748
4.7123889803846897 3.1415926535897931 3.5342917352885173 2749
5.1050880620834143 3.1415926535897931 3.5342917352885173 2750
5.497787143782138 3.1415926535897931 3.5342917352885173 2751
5.8904862254808616 3.1415926535897931 3.5342917352885173 2752
6.2831853071795862 3.1415926535897931 3.5342917352885173 2753
0 3.5342917352885173 3.5342917352885173 2754
0.39269908169872414 3.5342917352885173 3.5342917352885173 2755
0.78539816339744828 3.5342917352885173 3.5342917352885173 2756
1.1780972450961724 3.5342917352885173 3.5342917352885173 2757
1.5707963267948966 3.5342917352885173 3.5342917352885173 2758
1.9634954084936207 3.5342917352885173 3.5342917352885173 2759
2.3561944901923448 3.5342917352885173 3.5342917352885173 2760
2.748893571891069 3.5342917352885173 3.5342917352885173 2761
3.1415926535897931 3.5342917352885173 3.5342917352885173 2762
3.5342917352885173 3.5342917352885173 3.5342917352885173 2763
3.9269908169872414 3.5342917352885173 3.5342917352885173 2764
4.3196898986859651 3.5342917352885173 3.5342917352885173 2765
4.7123889803846897 3.5342917352885173 3.5342917352885173 2766
5.1050880620834143 3.5342917352885173 3.5342917352885173 2767
5.497787143782138 3.5342917352885173 3.5342917352885173 2768
5.8904862254808616 3.5342917352885173 3.5342917352885173 2769
6.2831853071795862 3.5342917352885173 3.5342917352885173 2770
0 3.9269908169872414 3.5342917352885173 2771
0.39269908169872414 3.9269908169872414 3.5342917352885173 2772
0.78539816339744828 3.9269908169872414 3.5342917352885173 2773
1.1780972450961724 3.9269908169872414 3.5342917352885173 2774
1.5707963267948966 3.9269908169872414 3.5342917352885173 2775
1.9634954084936207 3.9269908169872414 3.5342917352885173 2776
2.3561944901923448 3.9269908169872414 3.5342917352885173 2777
2.748893571891069 3.9269908169872414 3.5342917352885173 2778
3.1415926535897931 3.9269908169872414 3.5342917352885173 2779
3.5342917352885173 3.9269908169872414 3.5342917352885173 2780
3.9269908169872414 3.9269908169872414 3.5342917352885173 2781
4.3196898986859651 3.9269908169872414 3.5342917352885173 2782
4.7123889803846897 3.9269908169872414 3.5342917352885173 2783
5.1050880620834143 3.9269908169872414 3.5342917352885173 2784
5.497787143782138 3.9269908169872414 3.5342917352885173 2785
5.8904862254808616 3.9269908169872414 3.5342917352885173 2786
6.2831853071795862 3.9269908169872414 3.5342917352885173 2787
0 4.3196898986859651 3.5342917352885173 2788
0.39269908169872414 4.3196898986859651 3.5342917352885173 2789
0.78539816339744828 4.3196898986859651 3.5342917352885173 2790
1.1780972450961724 4.3196898986859651 3.5342917352885173 2791
1.5707963267948966 4.3196898986859651 3.5342917352885173 2792
1.9634954084936207 4.3196898986859651 3.5342917352885173 2793
2.3561944901923448 4.3196898986859651 3.5342917352885173 2794
2.748893571891069 4.3196898986859651 3.5342917352885173 2795
3.1415926535897931 4.3196898986859651 3.5342917352885173 2796
3.5342917352885173 4.3196898986859651 3.5342917352885173 2797
3.9269908169872414 4.3196898986859651 3.5342917352885173 2798
4.3196898986859651 4.3196898986859651 3.5342917352885173 2799
4.7123889803846897 4.3196898986859651 3.5342917352885173 2800
5.1050880620834143 4.3196898986859651 3.5342917352885173 2801
5.497787143782138 4.3196898986859651 3.5342917352885173 2802
5.8904862254808616 4.3196898986859651 3.5342917352885173 2803
6.2831853071795862 4.3196898986859651 3.5342917352885173 2804
0 4.7123889803846897 3.5342917352885173 2805
0.39269908169872414 4.7123889803846897 3.5342917352885173 2806
0.78539816339744828 4.7123889803846897 3.5342917352885173 2807
1.1780972450961724 4.7123889803846897 3.5342917352885173 2808
1.5707963267948966 4.7123889803846897 3.5342917352885173 2809
1.9634954084936207 4.7123889803846897 3.5342917352885173 2810
2.3561944901923448 4.7123889803846897 3.5342917352885173 2811
2.748893571891069 4.7123889803846897 3.5342917352885173 2812
3.1415926535897931 4.7123889803846897 3.5342917352885173 2813
3.5342917352885173 4.7123889803846897 3.5342917352885173 2814
3.9269908169872414 4.7123889803846897 3.5342917352885173 2815
4.3196898986859651 4.7123889803846897 3.5342917352885173 2816
4.7123889803846897 4.7123889803846897 3.5342917352885173 2817
5.1050880620834143 4.7123889803846897 3.5342917352885173 2818
5.497787143782138 4.7123889803846897 3.5342917352885173 2819
5.8904862254808616 4.7123889803846897 3.5342917352885173 2820
6.2831853071795862 4.7123889803846897 3.5342917352885173 2821
0 5.1050880620834143 3.5342917352885173 2822
0.39269908169872414 5.1050880620834143 3.5342917352885173 2823
0.78539816339744828 5.1050880620834143 3.5342917352885173 2824
1.1780972450961724 5.1050880620834143 3.5342917352885173 2825
1.5707963267948966 5.1050880620834143 3.5342917352885173 2826
1.9634954084936207 5.1050880620834143 3.5342917352885173 2827
2.3561944901923448 5.1050880620834143 3.5342917352885173 2828
2.748893571891069 5.1050880620834143 3.5342917352885173 2829
3.1415926535897931 5.1050880620834143 3.5342917352885173 2830
3.5342917352885173 5.1050880620834143 3.5342917352885173 2831
3.9269908169872414 5.1050880620834143 3.5342917352885173 2832
4.3196898986859651 5.1050880620834143 3.5342917352885173 2833
4.7123889803846897 5.1050880620834143 3.5342917352885173 2834
5.1050880620834143 5.1050880620834143 3.5342917352885173 2835
5.497787143782138 5.1050880620834143 3.5342917352885173 2836
5.8904862254808616 5.1050880620834143 3.5342917352885173 2837
6.2831853071795862 5.1050880620834143 3.5342917352885173 2838
0 5.497787143782138 3.5342917352885173 2839
0.39269908169872414 5.497787143782138 3.5342917352885173 2840
0.78539816339744828 5.497787143782138 3.5342917352885173 2841
1.1780972450961724 5.497787143782138 3.5342917352885173 2842
1.5707963267948966 5.497787143782138 3.5342917352885173 2843
1.9634954084936207 5.497787143782138 3.5342917352885173 2844
2.3561944901923448 5.497787143782138 3.5342917352885173 2845
2.748893571891069 5.497787143782138 3.5342917352885173 2846
3.1415926535897931 5.497787143782138 3.5342917352885173 2847
3.5342917352885173 5.497787143782138 3.5342917352885173 2848
3.9269908169872414 5.497787143782138 3.5342917352885173 2849
4.3196898986859651 5.497787143782138 3.5342917352885173 2850
4.7123889803846897 5.497787143782138 3.5342917352885173 2851
5.1050880620834143 5.497787143782138 3.5342917352885173 2852
5.497787143782138 5.497787143782138 3.5342917352885173 2853
5.8904862254808616 5.497787143782138 3.5342917352885173 2854
6.2831853071795862 5.497787143782138 3.5342917352885173 2855
0 5.8904862254808616 3.5342917352885173 2856
0.39269908169872414 5.8904862254808616 3.5342917352885173 2857
0.78539816339744828 5.8904862254808616 3.5342917352885173 2858
1.1780972450961724 5.8904862254808616 3.5342917352885173 2859
1.5707963267948966 5.8904862254808616 3.5342917352885173 2860
1.9634954084936207 5.8904862254808616 3.5342917352885173 2861
2.3561944901923448 5.8904862254808616 3.5342917352885173 2862
2.748893571891069 5.8904862254808616 3.5342917352885173 2863
3.1415926535897931 5.8904862254808616 3.5342917352885173 2864
3.5342917352885173 5.8904862254808616 3.5342917352885173 2865
3.9269908169872414 5.8904862254808616 3.5342917352885173 2866
4.3196898986859651 5.8904862254808616 3.5342917352885173 2867
4.7123889803846897 5.8904862254808616 3.5342917352885173 2868
5.1050880620834143 5.8904862254808616 3.5342917352885173 2869
5.497787143782138 5.8904862254808616 3.5342917352885173 2870
5.8904862254808616 5.8904862254808616 3.5342917352885173 2871
6.2831853071795862 5.8904862254808616 3.5342917352885173 2872
0 6.2831853071795862 3.5342917352885173 2873
0.39269908169872414 6.2831853071795862 3.5342917352885173 2874
0.78539816339744828 6.2831853071795862 3.5342917352885173 2875
1.1780972450961724 6.2831853071795862 3.5342917352885173 2876
1.5707963267948966 6.2831853071795862 3.5342917352885173 2877
1.9634954084936207 6.2831853071795862 3.5342917352885173 2878
2.3561944901923448 6.2831853071795862 3.5342917352885173 2879
2.748893571891069 6.2831853071795862 3.5342917352885173 2880
3.1415926535897931 6.2831853071795862 3.5342917352885173 2881
3.5342917352885173 6.2831853071795862 3.5342917352885173 2882
3.9269908169872414 6.2831853071795862 3.5342917352885173 2883
4.3196898986859651 6.2831853071795862 3.5342917352885173 2884
4.7123889803846897 6.2831853071795862 3.5342917352885173 2885
5.1050880620834143 6.2831853071795862 3.5342917352885173 2886
5.497787143782138 6.2831853071795862 3.5342917352885173 2887
5.8904862254808616 6.2831853071795862 3.5342917352885173 2888
6.2831853071795862 6.2831853071795862 3.5342917352885173 2889
0 0 3.9269908169872414 2890
0.39269908169872414 0 3.9269908169872414 2891
0.78539816339744828 0 3.9269908169872414 2892
1.1780972450961724 0 3.9269908169872414 2893
1.5707963267948966 0 3.9269908169872414 2894
1.9634954084936207 0 3.9269908169872414 2895
2.3561944901923448 0 3.9269908169872414 2896
2.748893571891069 0 3.9269908169872414 2897
3.1415926535897931 0 3.9269908169872414 2898
3.5342917352885173 0 3.9269908169872414 2899
3.9269908169872414 0 3.9269908169872414 2900
4.3196898986859651 0 3.9269908169872414 2901
4.7123889803846897 0 3.9269908169872414 2902
5.1050880620834143 0 3.9269908169872414 2903
5.497787143782138 0 3.9269908169872414 2904
5.8904862254808616 0 3.9269908169872414 2905
6.2831853071795862 0 3.9269908169872414 2906
0 0.39269908169872414 3.9269908169872414 2907
0.39269908169872414 0.39269908169872414 3.9269908169872414 2908
0.78539816339744828 0.39269908169872414 3.9269908169872414 2909
1.1780972450961724 0.39269908169872414 3.9269908169872414 2910
1.5707963267948966 0.39269908169872414 3.9269908169872414 2911
1.9634954084936207 0.39269908169872414 3.9269908169872414 2912
2.3561944901923448 0.39269908169872414 3.9269908169872414 2913
2.748893571891069 0.39269908169872414 3.9269908169872414 2914
3.1415926535897931 0.39269908169872414 3.9269908169872414 2915
3.5342917352885173 0.39269908169872414 3.9269908169872414 2916
3.9269908169872414 0.39269908169872414 3.9269908169872414 2917
4.3196898986859651 0.39269908169872414 3.9269908169872414 2918
4.7123889803846897 0.39269908169872414 3.9269908169872414 2919
5.1050880620834143 0.39269908169872414 3.9269908169872414 2920
5.497787143782138 0.39269908169872414 3.9269908169872414 2921
5.8904862254808616 0.39269908169872414 3.9269908169872414 2922
6.2831853071795862 0.39269908169872414 3.9269908169872414 2923
0 0.78539816339744828 3.9269908169872414 2924
0.39269908169872414 0.78539816339744828 3.9269908169872414 2925
0.78539816339744828 0.78539816339744828 3.9269908169872414 2926
1.1780972450961724 0.78539816339744828 3.9269908169872414 2927
1.5707963267948966 0.78539816339744828 3.9269908169872414 2928
1.9634954084936207 0.78539816339744828 3.9269908169872414 2929
2.3561944901923448 0.78539816339744828 3.9269908169872414 2930
2.748893571891069 0.78539816339744828 3.9269908169872414 2931
3.1415926535897931 0.78539816339744828 3.9269908169872414 2932
3.5342917352885173 0.78539816339744828 3.9269908169872414 2933
3.9269908169872414 0.78539816339744828 3.9269908169872414 2934
4.3196898986859651 0.78539816339744828 3.9269908169872414 2935
4.7123889803846897 0.78539816339744828 3.9269908169872414 2936
5.1050880620834143 0.78539816339744828 3.9269908169872414 2937
5.497787143782138 0.78539816339744828 3.9269908169872414 2938
5.8904862254808616 0.78539816339744828 3.9269908169872414 2939
6.2831853071795862 0.78539816339744828 3.9269908169872414 2940
0 1.1780972450961724 3.9269908169872414 2941
0.39269908169872414 1.1780972450961724 3.9269908169872414 2942
0.78539816339744828 1.1780972450961724 3.9269908169872414 2943
1.1780972450961724 1.1780972450961724 3.9269908169872414 2944
1.5707963267948966 1.1780972450961724 3.9269908169872414 2945
1.9634954084936207 1.1780972450961724 3.9269908169872414 2946
2.3561944901923448 1.1780972450961724 3.9269908169872414 2947
2.748893571891069 1.1780972450961724 3.9269908169872414 2948
3.1415926535897931 1.1780972450961724 3.9269908169872414 2949
3.5342917352885173 1.1780972450961724 3.9269908169872414 2950
3.9269908169872414 1.1780972450961724 3.9269908169872414 2951
4.3196898986859651 1.1780972450961724 3.9269908169872414 2952
4.7123889803846897 1.1780972450961724 3.9269908169872414 2953
5.1050880620834143 1.1780972450961724 3.9269908169872414 2954
5.497787143782138 1.1780972450961724 3.9269908169872414 2955
5.8904862254808616 1.1780972450961724 3.9269908169872414 2956
6.2831853071795862 1.1780972450961724 3.9269908169872414 2957
0 1.5707963267948966 3.9269908169872414 2958
0.39269908169872414 1.5707963267948966 3.9269908169872414 2959
0.78539816339744828 1.5707963267948966 3.9269908169872414 2960
1.1780972450961724 1.5707963267948966 3.9269908169872414 2961
1.5707963267948966 1.5707963267948966 3.9269908169872414 2962
1.9634954084936207 1.5707963267948966 3.9269908169872414 2963
2.3561944901923448 1.5707963267948966 3.9269908169872414 2964
2.748893571891069 1.5707963267948966 3.9269908169872414 2965
3.1415926535897931 1.5707963267948966 3.9269908169872414 2966
3.5342917352885173 1.5707963267948966 3.9269908169872414 2967
3.9269908169872414 1.5707963267948966 3.9269908169872414 2968
4.3196898986859651 1.5707963267948966 3.9269908169872414 2969
4.7123889803846897 1.5707963267948966 3.9269908169872414 2970
5.1050880620834143 1.5707963267948966 3.9269908169872414 2971
5.497787143782138 1.5707963267948966 3.9269908169872414 2972
5.8904862254808616 1.5707963267948966 3.9269908169872414 2973
6.2831853071795862 1.5707963267948966 3.9269908169872414 2974
0 1.9634954084936207 3.9269908169872414 2975
0.39269908169872414 1.9634954084936207 3.9269908169872414 2976
0.78539816339744828 1.9634954084936207 3.9269908169872414 2977
1.1780972450961724 1.9634954084936207 3.9269908169872414 2978
1.5707963267948966 1.9634954084936207 3.9269908169872414 2979
1.9634954084936207 1.9634954084936207 3.9269908169872414 2980
2.3561944901923448 1.9634954084936207 3.9269908169872414 2981
2.748893571891069 1.9634954084936207 3.9269908169872414 2982
3.1415926535897931 1.9634954084936207 3.9269908169872414 2983
3.5342917352885173 1.9634954084936207 3.9269908169872414 2984
3.9269908169872414 1.9634954084936207 3.9269908169872414 2985
4.3196898986859651 1.9634954084936207 3.9269908169872414 2986
4.7123889803846897 1.9634954084936207 3.9269908169872414 2987
5.1050880620834143 1.9634954084936207 3.9269908169872414 2988
5.497787143782138 1.9634954084936207 3.9269908169872414 2989
5.8904862254808616 1.9634954084936207 3.9269908169872414 2990
6.2831853071795862 1.9634954084936207 3.9269908169872414 2991
0 2.3561944901923448 3.9269908169872414 2992
0.39269908169872414 2.3561944901923448 3.9269908169872414 2993
0.78539816339744828 2.3561944901923448 3.9269908169872414 2994
1.1780972450961724 2.3561944901923448 3.9269908169872414 2995
1.5707963267948966 2.3561944901923448 3.9269908169872414 2996
1.9634954084936207 2.3561944901923448 3.9269908169872414 2997
2.3561944901923448 2.3561944901923448 3.9269908169872414 2998
2.748893571891069 2.3561944901923448 3.9269908169872414 2999
3.1415926535897931 2.3561944901923448 3.9269908169872414 3000
3.5342917352885173 2.3561944901923448 3.9269908169872414 3001
3.9269908169872414 2.3561944901923448 3.9269908169872414 3002
4.3196898986859651 2.3561944901923448 3.9269908169872414 3003
4.7123889803846897 2.3561944901923448 3.9269908169872414 3004
5.1050880620834143 2.3561944901923448 3.9269908169872414 3005
5.497787143782138 2.3561944901923448 3.9269908169872414 3006
5.8904862254808616 2.3561944901923448 3.9269908169872414 3007
6.2831853071795862 2.3561944901923448 3.9269908169872414 3008
0 2.748893571891069 3.9269908169872414 3009
0.39269908169872414 2.748893571891069 3.9269908169872414 3010
0.78539816339744828 2.748893571891069 3.9269908169872414 3011
1.1780972450961724 2.748893571891069 3.9269908169872414 3012
1.5707963267948966 2.748893571891069 3.9269908169872414 3013
1.9634954084936207 2.748893571891069 3.9269908169872414 3014
2.3561944901923448 2.748893571891069 3.9269908169872414 3015
2.748893571891069 2.748893571891069 3.9269908169872414 3016
3.1415926535897931 2.748893571891069 3.9269908169872414 3017
3.5342917352885173 2.748893571891069 3.9269908169872414 3018
3.9269908169872414 2.748893571891069 3.9269908169872414 3019
4.3196898986859651 2.748893571891069 3.9269908169872414 3020
4.7123889803846897 2.748893571891069 3.9269908169872414 3021
5.1050880620834143 2.748893571891069 3.9269908169872414 3022
5.497787143782138 2.748893571891069 3.9269908169872414 3023
5.8904862254808616 2.748893571891069 3.9269908169872414 3024
6.2831853071795862 2.748893571891069 3.9269908169872414 3025
0 3.1415926535897931 3.9269908169872414 3026
0.39269908169872414 3.1415926535897931 3.9269908169872414 3027
0.78539816339744828 3.1415926535897931 3.9269908169872414 3028
1.1780972450961724 3.1415926535897931 3.9269908169872414 3029
1.5707963267948966 3.1415926535897931 3.9269908169872414 3030
1.9634954084936207 3.1415926535897931 3.9269908169872414 3031
2.3561944901923448 3.1415926535897931 3.9269908169872414 3032
2.748893571891069 3.1415926535897931 3.9269908169872414 3033
3.1415926535897931 3.1415926535897931 3.9269908169872414 3034
3.5342917352885173 3.1415926535897931 3.9269908169872414 3035
3.9269908169872414 3.1415926535897931 3.9269908169872414 3036
4.3196898986859651 3.1415926535897931 3.9269908169872414 3037
4.7123889803846897 3.1415926535897931 3.9269908169872414 3038
5.1050880620834143 3.1415926535897931 3.9269908169872414 3039
5.497787143782138 3.1415926535897931 3.9269908169872414 3040
5.8904862254808616 3.1415926535897931 3.9269908169872414 3041
6.2831853071795862 3.1415926535897931 3.9269908169872414 3042
0 3.5342917352885173 3.9269908169872414 3043
0.39269908169872414 3.5342917352885173 3.9269908169872414 3044
0.78539816339744828 3.5342917352885173 3.9269908169872414 3045
1.1780972450961724 3.5342917352885173 3.9269908169872414 3046
1.5707963267948966 3.5342917352885173 3.9269908169872414 3047
1.9634954084936207 3.5342917352885173 3.9269908169872414 3048
2.3561944901923448 3.5342917352885173 3.9269908169872414 3049
2.748893571891069 3.5342917352885173 3.9269908169872414 3050
3.1415926535897931 3.5342917352885173 3.9269908169872414 3051
3.5342917352885173 3.5342917352885173 3.9269908169872414 3052
3.9269908169872414 3.5342917352885173 3.9269908169872414 3053
4.3196898986859651 3.5342917352885173 3.9269908169872414 3054
4.7123889803846897 3.5342917352885173 3.9269908169872414 3055
5.1050880620834143 3.5342917352885173 3.9269908169872414 3056
5.497787143782138 3.5342917352885173 3.9269908169872414 3057
5.8904862254808616 3.5342917352885173 3.9269908169872414 3058
6.2831853071795862 3.5342917352885173 3.9269908169872414 3059
0 3.9269908169872414 3.9269908169872414 3060
0.39269908169872414 3.9269908169872414 3.9269908169872414 3061
0.78539816339744828 3.9269908169872414 3.9269908169872414 3062
1.1780972450961724 3.9269908169872414 3.9269908169872414 3063
1.5707963267948966 3.9269908169872414 3.9269908169872414 3064
1.9634954084936207 3.9269908169872414 3.9269908169872414 3065
2.3561944901923448 3.9269908169872414 3.9269908169872414 3066
2.748893571891069 3.9269908169872414 3.9269908169872414 3067
3.1415926535897931 3.9269908169872414 3.9269908169872414 3068
3.5342917352885173 3.9269908169872414 3.9269908169872414 3069
3.9269908169872414 3.9269908169872414 3.9269908169872414 3070
4.3196898986859651 3.9269908169872414 3.9269908169872414 3071
4.7123889803846897 3.9269908169872414 3.9269908169872414 3072
5.1050880620834143 3.9269908169872414 3.9269908169872414 3073
5.497787143782138 3.9269908169872414 3.9269908169872414 3074
5.8904862254808616 3.9269908169872414 3.9269908169872414 3075
6.2831853071795862 3.9269908169872414 3.9269908169872414 3076
0 4.3196898986859651 3.9269908169872414 3077
0.39269908169872414 4.3196898986859651 3.9269908169872414 3078
0.78539816339744828 4.3196898986859651 3.9269908169872414 3079
1.1780972450961724 4.3196898986859651 3.9269908169872414 3080
1.5707963267948966 4.3196898986859651 3.9269908169872414 3081
1.9634954084936207 4.3196898986859651 3.9269908169872414 3082
2.3561944901923448 4.3196898986859651 3.9269908169872414 3083
2.748893571891069 4.3196898986859651 3.9269908169872414 3084
3.1415926535897931 4.3196898986859651 3.9269908169872414 3085
3.5342917352885173 4.3196898986859651 3.9269908169872414 3086
3.9269908169872414 4.3196898986859651 3.9269908169872414 3087
4.3196898986859651 4.3196898986859651 3.9269908169872414 3088
4.7123889803846897 4.3196898986859651 3.9269908169872414 3089
5.1050880620834143 4.3196898986859651 3.9269908169872414 3090
5.497787143782138 4.3196898986859651 3.9269908169872414 3091
5.8904862254808616 4.3196898986859651 3.9269908169872414 3092
6.2831853071795862 4.3196898986859651 3.9269908169872414 3093
0 4.7123889803846897 3.9269908169872414 3094
0.39269908169872414 4.7123889803846897 3.9269908169872414 3095
0.78539816339744828 4.7123889803846897 3.9269908169872414 3096
1.1780972450961724 4.7123889803846897 3.9269908169872414 3097
1.5707963267948966 4.7123889803846897 3.9269908169872414 3098
1.9634954084936207 4.7123889803846897 3.9269908169872414 3099
2.3561944901923448 4.7123889803846897 3.9269908169872414 3100
2.748893571891069 4.7123889803846897 3.9269908169872414 3101
3.1415926535897931 4.7123889803846897 3.9269908169872414 3102
3.5342917352885173 4.7123889803846897 3.9269908169872414 3103
3.9269908169872414 4.7123889803846897 3.9269908169872414 3104
4.3196898986859651 4.7123889803846897 3.9269908169872414 3105
4.7123889803846897 4.7123889803846897 3.9269908169872414 3106
5.1050880620834143 4.7123889803846897 3.9269908169872414 3107
5.497787143782138 4.7123889803846897 3.9269908169872414 3108
5.8904862254808616 4.7123889803846897 3.9269908169872414 3109
6.2831853071795862 4.7123889803846897 3.9269908169872414 3110
0 5.1050880620834143 3.9269908169872414 3111
0.39269908169872414 5.1050880620834143 3.9269908169872414 3112
0.78539816339744828 5.1050880620834143 3.9269908169872414 3113
1.1780972450961724 5.1050880620834143 3.9269908169872414 3114
1.5707963267948966 5.1050880620834143 3.9269908169872414 3115
1.9634954084936207 5.1050880620834143 3.9269908169872414 3116
2.3561944901923448 5.1050880620834143 3.9269908169872414 3117
2.748893571891069 5.1050880620834143 3.9269908169872414 3118
3.1415926535897931 5.1050880620834143 3.9269908169872414 3119
3.5342917352885173 5.1050880620834143 3.9269908169872414 3120
3.9269908169872414 5.1050880620834143 3.9269908169872414 3121
4.3196898986859651 5.1050880620834143 3.9269908169872414 3122
4.7123889803846897 5.1050880620834143 3.9269908169872414 3123
5.1050880620834143 5.1050880620834143 3.9269908169872414 3124
5.497787143782138 5.1050880620834143 3.9269908169872414 3125
5.8904862254808616 5.1050880620834143 3.9269908169872414 3126
6.2831853071795862 5.1050880620834143 3.9269908169872414 3127
0 5.497787143782138 3.9269908169872414 3128
0.39269908169872414 5.497787143782138 3.9269908169872414 3129
0.78539816339744828 5.497787143782138 3.9269908169872414 3130
1.1780972450961724 5.497787143782138 3.9269908169872414 3131
1.5707963267948966 5.497787143782138 3.9269908169872414 3132
1.9634954084936207 5.497787143782138 3.9269908169872414 3133
2.3561944901923448 5.497787143782138 3.9269908169872414 3134
2.748893571891069 5.497787143782138 3.9269908169872414 3135
3.1415926535897931 5.497787143782138 3.9269908169872414 3136
3.5342917352885173 5.497787143782138 3.9269908169872414 3137
3.9269908169872414 5.497787143782138 3.9269908169872414 3138
4.3196898986859651 5.497787143782138 3.9269908169872414 3139
4.7123889803846897 5.497787143782138 3.9269908169872414 3140
5.1050880620834143 5.497787143782138 3.9269908169872414 3141
5.497787143782138 5.497787143782138 3.9269908169872414 3142
5.8904862254808616 5.497787143782138 3.9269908169872414 3143
6.2831853071795862 5.497787143782138 3.9269908169872414 3144
0 5.8904862254808616 3.9269908169872414 3145
0.39269908169872414 5.8904862254808616 3.9269908169872414 3146
0.78539816339744828 5.8904862254808616 3.9269908169872414 3147
1.1780972450961724 5.8904862254808616 3.9269908169872414 3148
1.5707963267948966 5.8904862254808616 3.9269908169872414 3149
1.9634954084936207 5.8904862254808616 3.9269908169872414 3150
2.3561944901923448 5.8904862254808616 3.9269908169872414 3151
2.748893571891069 5.8904862254808616 3.9269908169872414 3152
3.1415926535897931 5.8904862254808616 3.9269908169872414 3153
3.5342917352885173 5.8904862254808616 3.9269908169872414 3154
3.9269908169872414 5.8904862254808616 3.9269908169872414 3155
4.3196898986859651 5.8904862254808616 3.9269908169872414 3156
4.7123889803846897 5.8904862254808616 3.9269908169872414 3157
5.1050880620834143 5.8904862254808616 3.9269908169872414 3158
5.497787143782138 5.8904862254808616 3.9269908169872414 3159
5.8904862254808616 5.8904862254808616 3.9269908169872414 3160
6.2831853071795862 5.8904862254808616 3.9269908169872414 3161
0 6.2831853071795862 3.9269908169872414 3162
0.39269908169872414 6.2831853071795862 3.9269908169872414 3163
0.78539816339744828 6.2831853071795862 3.9269908169872414 3164
1.1780972450961724 6.2831853071795862 3.9269908169872414 3165
1.5707963267948966 6.2831853071795862 3.9269908169872414 3166
1.9634954084936207 6.2831853071795862 3.9269908169872414 3167
2.3561944901923448 6.2831853071795862 3.9269908169872414 3168
2.748893571891069 6.2831853071795862 3.9269908169872414 3169
3.1415926535897931 6.2831853071795862 3.9269908169872414 3170
3.5342917352885173 6.2831853071795862 3.9269908169872414 3171
3.9269908169872414 6.2831853071795862 3.9269908169872414 3172
4.3196898986859651 6.2831853071795862 3.9269908169872414 3173
4.7123889803846897 6.2831853071795862 3.9269908169872414 3174
5.1050880620834143 6.2831853071795862 3.9269908169872414 3175
5.497787143782138 6.2831853071795862 3.9269908169872414 3176
5.8904862254808616 6.2831853071795862 3.9269908169872414 3177
6.2831853071795862 6.2831853071795862 3.9269908169872414 3178
0 0 4.3196898986859651 3179
0.39269908169872414 0 4.3196898986859651 3180
0.78539816339744828 0 4.3196898986859651 3181
1.1780972450961724 0 4.3196898986859651 3182
1.5707963267948966 0 4.3196898986859651 3183
1.9634954084936207 0 4.3196898986859651 3184
2.3561944901923448 0 4.3196898986859651 3185
2.748893571891069 0 4.3196898986859651 3186
3.1415926535897931 0 4.3196898986859651 3187
3.5342917352885173 0 4.3196898986859651 3188
3.9269908169872414 0 4.3196898986859651 3189
4.3196898986859651 0 4.3196898986859651 3190
4.7123889803846897 0 4.3196898986859651 3191
5.1050880620834143 0 4.3196898986859651 3192
5.497787143782138 0 4.3196898986859651 3193
5.8904862254808616 0 4.3196898986859651 3194
6.2831853071795862 0 4.3196898986859651 3195
0 0.39269908169872414 4.3196898986859651 3196
0.39269908169872414 0.39269908169872414 4.3196898986859651 3197
0.78539816339744828 0.39269908169872414 4.3196898986859651 3198
1.1780972450961724 0.39269908169872414 4.3196898986859651 3199
1.5707963267948966 0.39269908169872414 4.3196898986859651 3200
1.9634954084936207 0.39269908169872414 4.3196898986859651 3201
2.3561944901923448 0.39269908169872414 4.3196898986859651 3202
2.748893571891069 0.39269908169872414 4.3196898986859651 3203
3.1415926535897931 0.39269908169872414 4.3196898986859651 3204
3.5342917352885173 0.39269908169872414 4.3196898986859651 3205
3.9269908169872414 0.39269908169872414 4.3196898986859651 3206
4.3196898986859651 0.39269908169872414 4.3196898986859651 3207
4.7123889803846897 0.39269908169872414 4.3196898986859651 3208
5.1050880620834143 0.39269908169872414 4.3196898986859651 3209
5.497787143782138 0.39269908169872414 4.3196898986859651 3210
5.8904862254808616 0.39269908169872414 4.3196898986859651 3211
6.2831853071795862 0.39269908169872414 4.3196898986859651 3212
0 0.78539816339744828 4.3196898986859651 3213
0.39269908169872414 0.78539816339744828 4.3196898986859651 3214
0.78539816339744828 0.78539816339744828 4.3196898986859651 3215
1.1780972450961724 0.78539816339744828 4.3196898986859651 3216
1.5707963267948966 0.78539816339744828 4.3196898986859651 3217
1.9634954084936207 0.78539816339744828 4.3196898986859651 3218
2.3561944901923448 0.78539816339744828 4.3196898986859651 3219
2.748893571891069 0.78539816339744828 4.3196898986859651 3220
3.1415926535897931 0.78539816339744828 4.3196898986859651 3221
3.5342917352885173 0.78539816339744828 4.3196898986859651 3222
3.9269908169872414 0.78539816339744828 4.3196898986859651 3223
4.3196898986859651 0.78539816339744828 4.3196898986859651 3224
4.7123889803846897 0.78539816339744828 4.3196898986859651 3225
5.1050880620834143 0.78539816339744828 4.3196898986859651 3226
5.497787143782138 0.78539816339744828 4.3196898986859651 3227
5.8904862254808616 0.78539816339744828 4.3196898986859651 3228
6.2831853071795862 0.78539816339744828 4.3196898986859651 3229
0 1.1780972450961724 4.3196898986859651 3230
0.39269908169872414 1.1780972450961724 4.3196898986859651 3231
0.78539816339744828 1.1780972450961724 4.3196898986859651 3232
1.1780972450961724 1.1780972450961724 4.3196898986859651 3233
1.5707963267948966 1.1780972450961724 4.3196898986859651 3234
1.9634954084936207 1.1780972450961724 4.3196898986859651 3235
2.3561944901923448 1.1780972450961724 4.3196898986859651 3236
2.748893571891069 1.1780972450961724 4.3196898986859651 3237
3.1415926535897931 1.1780972450961724 4.3196898986859651 3238
3.5342917352885173 1.1780972450961724 4.3196898986859651 3239
3.9269908169872414 1.1780972450961724 4.3196898986859651 3240
4.3196898986859651 1.1780972450961724 4.3196898986859651 3241
4.7123889803846897 1.1780972450961724 4.3196898986859651 3242
5.1050880620834143 1.1780972450961724 4.3196898986859651 3243
5.497787143782138 1.1780972450961724 4.3196898986859651 3244
5.8904862254808616 1.1780972450961724 4.3196898986859651 3245
6.2831853071795862 1.1780972450961724 4.3196898986859651 3246
0 1.5707963267948966 4.3196898986859651 3247
0.39269908169872414 1.5707963267948966 4.3196898986859651 3248
0.78539816339744828 1.5707963267948966 4.3196898986859651 3249
1.1780972450961724 1.5707963267948966 4.3196898986859651 3250
1.5707963267948966 1.5707963267948966 4.3196898986859651 3251
1.9634954084936207 1.5707963267948966 4.3196898986859651 3252
2.3561944901923448 1.5707963267948966 4.3196898986859651 3253
2.748893571891069 1.5707963267948966 4.3196898986859651 3254
3.1415926535897931 1.5707963267948966 4.3196898986859651 3255
3.5342917352885173 1.5707963267948966 4.3196898986859651 3256
3.9269908169872414 1.5707963267948966 4.3196898986859651 3257
4.3196898986859651 1.5707963267948966 4.3196898986859651 3258
4.7123889803846897 1.5707963267948966 4.3196898986859651 3259
5.1050880620834143 1.5707963267948966 4.3196898986859651 3260
5.497787143782138 1.5707963267948966 4.3196898986859651 3261
5.8904862254808616 1.5707963267948966 4.3196898986859651 3262
6.2831853071795862 1.5707963267948966 4.3196898986859651 3263
0 1.9634954084936207 4.3196898986859651 3264
0.39269908169872414 1.9634954084936207 4.3196898986859651 3265
0.78539816339744828 1.9634954084936207 4.3196898986859651 3266
1.1780972450961724 1.9634954084936207 4.3196898986859651 3267
1.5707963267948966 1.9634954084936207 4.3196898986859651 3268
1.9634954084936207 1.9634954084936207 4.3196898986859651 3269
2.3561944901923448 1.9634954084936207 4.3196898986859651 3270
2.748893571891069 1.9634954084936207 4.3196898986859651 3271
3.1415926535897931 1.9634954084936207 4.3196898986859651 3272
3.5342917352885173 1.9634954084936207 4.3196898986859651 3273
3.9269908169872414 1.9634954084936207 4.3196898986859651 3274
4.3196898986859651 1.9634954084936207 4.3196898986859651 3275
4.7123889803846897 1.9634954084936207 4.3196898986859651 3276
5.1050880620834143 1.9634954084936207 4.3196898986859651 3277
5.497787143782138 1.9634954084936207 4.3196898986859651 3278
5.8904862254808616 1.9634954084936207 4.3196898986859651 3279
6.2831853071795862 1.9634954084936207 4.3196898986859651 3280
0 2.3561944901923448 4.3196898986859651 3281
0.39269908169872414 2.3561944901923448 4.3196898986859651 3282
0.78539816339744828 2.3561944901923448 4.3196898986859651 3283
1.1780972450961724 2.3561944901923448 4.3196898986859651 3284
1.5707963267948966 2.3561944901923448 4.3196898986859651 3285
1.9634954084936207 2.3561944901923448 4.3196898986859651 3286
2.3561944901923448 2.3561944901923448 4.3196898986859651 3287
2.748893571891069 2.3561944901923448 4.3196898986859651 3288
3.1415926535897931 2.3561944901923448 4.3196898986859651 3289
3.5342917352885173 2.3561944901923448 4.3196898986859651 3290
3.9269908169872414 2.3561944901923448 4.3196898986859651 3291
4.3196898986859651 2.3561944901923448 4.3196898986859651 3292
4.7123889803846897 2.3561944901923448 4.3196898986859651 3293
5.1050880620834143 2.3561944901923448 4.3196898986859651 3294
5.497787143782138 2.3561944901923448 4.3196898986859651 3295
5.8904862254808616 2.3561944901923448 4.3196898986859651 3296
6.2831853071795862 2.3561944901923448 4.3196898986859651 3297
0 2.748893571891069 4.3196898986859651 3298
0.39269908169872414 2.748893571891069 4.3196898986859651 3299
0.78539816339744828 2.748893571891069 4.3196898986859651 3300
1.1780972450961724 2.748893571891069 4.3196898986859651 3301
1.5707963267948966 2.748893571891069 4.3196898986859651 3302
1.9634954084936207 2.748893571891069 4.3196898986859651 3303
2.3561944901923448 2.748893571891069 4.3196898986859651 3304
2.748893571891069 2.748893571891069 4.3196898986859651 3305
3.1415926535897931 2.748893571891069 4.3196898986859651 3306
3.5342917352885173 2.748893571891069 4.3196898986859651 3307
3.9269908169872414 2.748893571891069 4.3196898986859651 3308
4.3196898986859651 2.748893571891069 4.3196898986859651 3309
4.7123889803846897 2.748893571891069 4.3196898986859651 3310
5.1050880620834143 2.748893571891069 4.3196898986859651 3311
5.497787143782138 2.748893571891069 4.3196898986859651 3312
5.8904862254808616 2.748893571891069 4.3196898986859651 3313
6.2831853071795862 2.748893571891069 4.3196898986859651 3314
0 3.1415926535897931 4.3196898986859651 3315
0.39269908169872414 3.1415926535897931 4.3196898986859651 3316
0.78539816339744828 3.1415926535897931 4.3196898986859651 3317
1.1780972450961724 3.1415926535897931 4.3196898986859651 3318
1.5707963267948966 3.1415926535897931 4.3196898986859651 3319
1.9634954084936207 3.1415926535897931 4.3196898986859651 3320
2.3561944901923448 3.1415926535897931 4.3196898986859651 3321
2.748893571891069 3.1415926535897931 4.3196898986859651 3322
3.1415926535897931 3.1415926535897931 4.3196898986859651 3323
3.5342917352885173 3.1415926535897931 4.3196898986859651 3324
3.9269908169872414 3.1415926535897931 4.3196898986859651 3325
4.3196898986859651 3.1415926535897931 4.3196898986859651 3326
4.7123889803846897 3.1415926535897931 4.3196898986859651 3327
5.1050880620834143 3.1415926535897931 4.3196898986859651 3328
5.497787143782138 3.1415926535897931 4.3196898986859651 3329
5.8904862254808616 3.1415926535897931 4.3196898986859651 3330
6.2831853071795862 3.1415926535897931 4.3196898986859651 3331
0 3.5342917352885173 4.3196898986859651 3332
0.39269908169872414 3.5342917352885173 4.3196898986859651 3333
0.78539816339744828 3.5342917352885173 4.3196898986859651 3334
1.1780972450961724 3.5342917352885173 4.3196898986859651 3335
1.5707963267948966 3.5342917352885173 4.3196898986859651 3336
1.9634954084936207 3.5342917352885173 4.3196898986859651 3337
2.3561944901923448 3.5342917352885173 4.3196898986859651 3338
2.748893571891069 3.5342917352885173 4.3196898986859651 3339
3.1415926535897931 3.5342917352885173 4.3196898986859651 3340
3.5342917352885173 3.5342917352885173 4.3196898986859651 3341
3.9269908169872414 3.5342917352885173 4.3196898986859651 3342
4.3196898986859651 3.5342917352885173 4.3196898986859651 3343
4.7123889803846897 3.5342917352885173 4.3196898986859651 3344
5.1050880620834143 3.5342917352885173 4.3196898986859651 3345
5.497787143782138 3.5342917352885173 4.3196898986859651 3346
5.8904862254808616 3.5342917352885173 4.3196898986859651 3347
6.2831853071795862 3.5342917352885173 4.3196898986859651 3348
0 3.9269908169872414 4.3196898986859651 3349
0.39269908169872414 3.9269908169872414 4.3196898986859651 3350
0.78539816339744828 3.9269908169872414 4.3196898986859651 3351
1.1780972450961724 3.9269908169872414 4.3196898986859651 3352
1.5707963267948966 3.9269908169872414 4.3196898986859651 3353
1.9634954084936207 3.9269908169872414 4.3196898986859651 3354
2.3561944901923448 3.9269908169872414 4.3196898986859651 3355
2.748893571891069 3.9269908169872414 4.3196898986859651 3356
3.1415926535897931 3.9269908169872414 4.3196898986859651 3357
3.5342917352885173 3.9269908169872414 4.3196898986859651 3358
3.9269908169872414 3.9269908169872414 4.3196898986859651 3359
4.3196898986859651 3.9269908169872414 4.3196898986859651 3360
4.7123889803846897 3.9269908169872414 4.3196898986859651 3361
5.1050880620834143 3.9269908169872414 4.3196898986859651 3362
5.497787143782138 3.9269908169872414 4.3196898986859651 3363
5.8904862254808616 3.9269908169872414 4.3196898986859651 3364
6.2831853071795862 3.9269908169872414 4.3196898986859651 3365
0 4.3196898986859651 4.3196898986859651 3366
0.39269908169872414 4.3196898986859651 4.3196898986859651 3367
0.78539816339744828 4.3196898986859651 4.3196898986859651 3368
1.1780972450961724 4.3196898986859651 4.3196898986859651 3369
1.5707963267948966 4.3196898986859651 4.3196898986859651 3370
1.9634954084936207 4.3196898986859651 4.3196898986859651 3371
2.3561944901923448 4.3196898986859651 4.3196898986859651 3372
2.748893571891069 4.3196898986859651 4.3196898986859651 3373
3.1415926535897931 4.3196898986859651 4.3196898986859651 3374
3.5342917352885173 4.3196898986859651 4.3196898986859651 3375
3.9269908169872414 4.3196898986859651 4.3196898986859651 3376
4.3196898986859651 4.3196898986859651 4.3196898986859651 3377
4.7123889803846897 4.3196898986859651 4.3196898986859651 3378
5.1050880620834143 4.3196898986859651 4.3196898986859651 3379
5.497787143782138 4.3196898986859651 4.3196898986859651 3380
5.8904862254808616 4.3196898986859651 4.3196898986859651 3381
6.2831853071795862 4.3196898986859651 4.3196898986859651 3382
0 4.7123889803846897 4.3196898986859651 3383
0.39269908169872414 4.7123889803846897 4.3196898986859651 3384
0.78539816339744828 4.7123889803846897 4.3196898986859651 3385
1.1780972450961724 4.7123889803846897 4.3196898986859651 3386
1.5707963267948966 4.7123889803846897 4.3196898986859651 3387
1.9634954084936207 4.7123889803846897 4.3196898986859651 3388
2.3561944901923448 4.7123889803846897 4.3196898986859651 3389
2.748893571891069 4.7123889803846897 4.3196898986859651 3390
3.1415926535897931 4.7123889803846897 4.3196898986859651 3391
3.5342917352885173 4.7123889803846897 4.3196898986859651 3392
3.9269908169872414 4.7123889803846897 4.3196898986859651 3393
4.3196898986859651 4.7123889803846897 4.3196898986859651 3394
4.7123889803846897 4.7123889803846897 4.3196898986859651 3395
5.1050880620834143 4.7123889803846897 4.3196898986859651 3396
5.497787143782138 4.7123889803846897 4.3196898986859651 3397
5.8904862254808616 4.7123889803846897 4.3196898986859651 3398
6.2831853071795862 4.7123889803846897 4.3196898986859651 3399
0 5.1050880620834143 4.3196898986859651 3400
0.39269908169872414 5.1050880620834143 4.3196898986859651 3401
0.78539816339744828 5.1050880620834143 4.3196898986859651 3402
1.1780972450961724 5.1050880620834143 4.3196898986859651 3403
1.5707963267948966 5.1050880620834143 4.3196898986859651 3404
1.9634954084936207 5.1050880620834143 4.3196898986859651 3405
2.3561944901923448 5.1050880620834143 4.3196898986859651 3406
2.748893571891069 5.1050880620834143 4.3196898986859651 3407
3.1415926535897931 5.1050880620834143 4.3196898986859651 3408
3.5342917352885173 5.1050880620834143 4.3196898986859651 3409
3.9269908169872414 5.1050880620834143 4.3196898986859651 3410
4.3196898986859651 5.1050880620834143 4.3196898986859651 3411
4.7123889803846897 5.1050880620834143 4.3196898986859651 3412
5.1050880620834143 5.1050880620834143 4.3196898986859651 3413
5.497787143782138 5.1050880620834143 4.3196898986859651 3414
5.8904862254808616 5.1050880620834143 4.3196898986859651 3415
6.2831853071795862 5.1050880620834143 4.3196898986859651 3416
0 5.497787143782138 4.3196898986859651 3417
0.39269908169872414 5.497787143782138 4.3196898986859651 3418
0.78539816339744828 5.497787143782138 4.3196898986859651 3419
1.1780972450961724 5.497787143782138 4.3196898986859651 3420
1.5707963267948966 5.497787143782138 4.3196898986859651 3421
1.9634954084936207 5.497787143782138 4.3196898986859651 3422
2.3561944901923448 5.497787143782138 4.3196898986859651 3423
2.748893571891069 5.497787143782138 4.3196898986859651 3424
3.1415926535897931 5.497787143782138 4.3196898986859651 3425
3.5342917352885173 5.497787143782138 4.3196898986859651 3426
3.9269908169872414 5.497787143782138 4.3196898986859651 3427
4.3196898986859651 5.497787143782138 4.3196898986859651 3428
4.7123889803846897 5.497787143782138 4.3196898986859651 3429
5.1050880620834143 5.497787143782138 4.3196898986859651 3430
5.497787143782138 5.497787143782138 4.3196898986859651 3431
5.8904862254808616 5.497787143782138 4.3196898986859651 3432
6.2831853071795862 5.497787143782138 4.3196898986859651 3433
0 5.8904862254808616 4.3196898986859651 3434
0.39269908169872414 5.8904862254808616 4.3196898986859651 3435
0.78539816339744828 5.8904862254808616 4.3196898986859651 3436
1.1780972450961724 5.8904862254808616 4.3196898986859651 3437
1.5707963267948966 5.8904862254808616 4.3196898986859651 3438
1.9634954084936207 5.8904862254808616 4.3196898986859651 3439
2.3561944901923448 5.8904862254808616 4.3196898986859651 3440
2.748893571891069 5.8904862254808616 4.3196898986859651 3441
3.1415926535897931 5.8904862254808616 4.3196898986859651 3442
3.5342917352885173 5.8904862254808616 4.3196898986859651 3443
3.9269908169872414 5.8904862254808616 4.3196898986859651 3444
4.3196898986859651 5.8904862254808616 4.3196898986859651 3445
4.7123889803846897 5.8904862254808616 4.3196898986859651 3446
5.1050880620834143 5.8904862254808616 4.3196898986859651 3447
5.497787143782138 5.8904862254808616 4.3196898986859651 3448
5.8904862254808616 5.8904862254808616 4.3196898986859651 3449
6.2831853071795862 5.8904862254808616 4.3196898986859651 3450
0 6.2831853071795862 4.3196898986859651 3451
0.39269908169872414 6.2831853071795862 4.3196898986859651 3452
0.78539816339744828 6.2831853071795862 4.3196898986859651 3453
1.1780972450961724 6.2831853071795862 4.3196898986859651 3454
1.5707963267948966 6.2831853071795862 4.3196898986859651 3455
1.9634954084936207 6.2831853071795862 4.3196898986859651 3456
2.3561944901923448 6.2831853071795862 4.3196898986859651 3457
2.748893571891069 6.2831853071795862 4.3196898986859651 3458
3.1415926535897931 6.2831853071795862 4.3196898986859651 3459
3.5342917352885173 6.2831853071795862 4.3196898986859651 3460
3.9269908169872414 6.2831853071795862 4.3196898986859651 3461
4.3196898986859651 6.2831853071795862 4.3196898986859651 3462
4.7123889803846897 6.2831853071795862 4.3196898986859651 3463
5.1050880620834143 6.2831853071795862 4.3196898986859651 3464
5.497787143782138 6.2831853071795862 4.3196898986859651 3465
5.8904862254808616 6.2831853071795862 4.3196898986859651 3466
6.2831853071795862 6.2831853071795862 4.3196898986859651 3467
0 0 4.7123889803846897 3468
0.39269908169872414 0 4.7123889803846897 3469
0.78539816339744828 0 4.7123889803846897 3470
1.1780972450961724 0 4.7123889803846897 3471
1.5707963267948966 0 4.7123889803846897 3472
1.9634954084936207 0 4.7123889803846897 3473
2.3561944901923448 0 4.7123889803846897 3474
2.748893571891069 0 4.7123889803846897 3475
3.1415926535897931 0 4.7123889803846897 3476
3.5342917352885173 0 4.7123889803846897 3477
3.9269908169872414 0 4.7123889803846897 3478
4.3196898986859651 0 4.7123889803846897 3479
4.7123889803846897 0 4.7123889803846897 3480
5.1050880620834143 0 4.7123889803846897 3481
5.497787143782138 0 4.7123889803846897 3482
5.8904862254808616 0 4.7123889803846897 3483
6.2831853071795862 0 4.7123889803846897 3484
0 0.39269908169872414 4.7123889803846897 3485
0.39269908169872414 0.39269908169872414 4.7123889803846897 3486
0.78539816339744828 0.39269908169872414 4.7123889803846897 3487
1.1780972450961724 0.39269908169872414 4.7123889803846897 3488
1.5707963267948966 0.39269908169872414 4.7123889803846897 3489
1.9634954084936207 0.39269908169872414 4.7123889803846897 3490
2.3561944901923448 0.39269908169872414 4.7123889803846897 3491
2.748893571891069 0.39269908169872414 4.7123889803846897 3492
3.1415926535897931 0.39269908169872414 4.7123889803846897 3493
3.5342917352885173 0.39269908169872414 4.7123889803846897 3494
3.9269908169872414 0.39269908169872414 4.7123889803846897 3495
4.3196898986859651 0.39269908169872414 4.7123889803846897 3496
4.7123889803846897 0.39269908169872414 4.7123889803846897 3497
5.1050880620834143 0.39269908169872414 4.7123889803846897 3498
5.497787143782138 0.39269908169872414 4.7123889803846897 3499
5.8904862254808616 0.39269908169872414 4.7123889803846897 3500
6.2831853071795862 0.39269908169872414 4.7123889803846897 3501
0 0.78539816339744828 4.7123889803846897 3502
0.39269908169872414 0.78539816339744828 4.7123889803846897 3503
0.78539816339744828 0.78539816339744828 4.7123889803846897 3504
1.1780972450961724 0.78539816339744828 4.7123889803846897 3505
1.5707963267948966 0.78539816339744828 4.7123889803846897 3506
1.9634954084936207 0.78539816339744828 4.7123889803846897 3507
2.3561944901923448 0.78539816339744828 4.7123889803846897 3508
2.748893571891069 0.78539816339744828 4.7123889803846897 3509
3.1415926535897931 0.78539816339744828 4.7123889803846897 3510
3.5342917352885173 0.78539816339744828 4.7123889803846897 3511
3.9269908169872414 0.78539816339744828 4.7123889803846897 3512
4.3196898986859651 0.78539816339744828 4.7123889803846897 3513
4.7123889803846897 0.78539816339744828 4.7123889803846897 3514
5.1050880620834143 0.78539816339744828 4.7123889803846897 3515
5.497787143782138 0.78539816339744828 4.7123889803846897 3516
5.8904862254808616 0.78539816339744828 4.7123889803846897 3517
6.2831853071795862 0.78539816339744828 4.7123889803846897 3518
0 1.1780972450961724 4.7123889803846897 3519
0.39269908169872414 1.1780972450961724 4.7123889803846897 3520
0.78539816339744828 1.1780972450961724 4.7123889803846897 3521
1.1780972450961724 1.1780972450961724 4.7123889803846897 3522
1.5707963267948966 1.1780972450961724 4.7123889803846897 3523
1.9634954084936207 1.1780972450961724 4.7123889803846897 3524
2.3561944901923448 1.1780972450961724 4.7123889803846897 3525
2.748893571891069 1.1780972450961724 4.7123889803846897 3526
3.1415926535897931 1.1780972450961724 4.7123889803846897 3527
3.5342917352885173 1.1780972450961724 4.7123889803846897 3528
3.9269908169872414 1.1780972450961724 4.7123889803846897 3529
4.3196898986859651 1.1780972450961724 4.7123889803846897 3530
4.7123889803846897 1.1780972450961724 4.7123889803846897 3531
5.1050880620834143 1.1780972450961724 4.7123889803846897 3532
5.497787143782138 1.1780972450961724 4.7123889803846897 3533
5.8904862254808616 1.1780972450961724 4.7123889803846897 3534
6.2831853071795862 1.1780972450961724 4.7123889803846897 3535
0 1.5707963267948966 4.7123889803846897 3536
0.39269908169872414 1.5707963267948966 4.7123889803846897 3537
0.78539816339744828 1.5707963267948966 4.7123889803846897 3538
1.1780972450961724 1.5707963267948966 4.7123889803846897 3539
1.5707963267948966 1.5707963267948966 4.7123889803846897 3540
1.9634954084936207 1.5707963267948966 4.7123889803846897 3541
2.3561944901923448 1.5707963267948966 4.7123889803846897 3542
2.748893571891069 1.5707963267948966 4.7123889803846897 3543
3.1415926535897931 1.5707963267948966 4.7123889803846897 3544
3.5342917352885173 1.5707963267948966 4.7123889803846897 3545
3.9269908169872414 1.5707963267948966 4.7123889803846897 3546
4.3196898986859651 1.5707963267948966 4.7123889803846897 3547
4.7123889803846897 1.5707963267948966 4.7123889803846897 3548
5.1050880620834143 1.5707963267948966 4.7123889803846897 3549
5.497787143782138 1.5707963267948966 4.7123889803846897 3550
5.8904862254808616 1.5707963267948966 4.7123889803846897 3551
6.2831853071795862 1.5707963267948966 4.7123889803846897 3552
0 1.9634954084936207 4.7123889803846897 3553
0.39269908169872414 1.9634954084936207 4.7123889803846897 3554
0.78539816339744828 1.9634954084936207 4.7123889803846897 3555
1.1780972450961724 1.9634954084936207 4.7123889803846897 3556
1.5707963267948966 1.9634954084936207 4.7123889803846897 3557
1.9634954084936207 1.9634954084936207 4.7123889803846897 3558
2.3561944901923448 1.9634954084936207 4.7123889803846897 3559
2.748893571891069 1.9634954084936207 4.7123889803846897 3560
3.1415926535897931 1.9634954084936207 4.7123889803846897 3561
3.5342917352885173 1.9634954084936207 4.7123889803846897 3562
3.9269908169872414 1.9634954084936207 4.7123889803846897 3563
4.3196898986859651 1.9634954084936207 4.7123889803846897 3564
4.7123889803846897 1.9634954084936207 4.7123889803846897 3565
5.1050880620834143 1.9634954084936207 4.7123889803846897 3566
5.497787143782138 1.9634954084936207 4.7123889803846897 3567
5.8904862254808616 1.9634954084936207 4.7123889803846897 3568
6.2831853071795862 1.9634954084936207 4.7123889803846897 3569
0 2.3561944901923448 4.7123889803846897 3570
0.39269908169872414 2.3561944901923448 4.7123889803846897 3571
0.78539816339744828 2.3561944901923448 4.7123889803846897 3572
1.1780972450961724 2.3561944901923448 4.7123889803846897 3573
1.5707963267948966 2.3561944901923448 4.7123889803846897 3574
1.9634954084936207 2.3561944901923448 4.7123889803846897 3575
2.3561944901923448 2.3561944901923448 4.7123889803846897 3576
2.748893571891069 2.3561944901923448 4.7123889803846897 3577
3.1415926535897931 2.3561944901923448 4.7123889803846897 3578
3.5342917352885173 2.3561944901923448 4.7123889803846897 3579
3.9269908169872414 2.3561944901923448 4.7123889803846897 3580
4.3196898986859651 2.3561944901923448 4.7123889803846897 3581
4.7123889803846897 2.3561944901923448 4.7123889803846897 3582
5.1050880620834143 2.3561944901923448 4.7123889803846897 3583
5.497787143782138 2.3561944901923448 4.7123889803846897 3584
5.8904862254808616 2.3561944901923448 4.7123889803846897 3585
6.2831853071795862 2.3561944901923448 4.7123889803846897 3586
0 2.748893571891069 4.7123889803846897 3587
0.39269908169872414 2.748893571891069 4.7123889803846897 3588
0.78539816339744828 2.748893571891069 4.7123889803846897 3589
1.1780972450961724 2.748893571891069 4.7123889803846897 3590
1.5707963267948966 2.748893571891069 4.7123889803846897 3591
1.9634954084936207 2.748893571891069 4.7123889803846897 3592
2.3561944901923448 2.748893571891069 4.7123889803846897 3593
2.748893571891069 2.748893571891069 4.7123889803846897 3594
3.1415926535897931 2.748893571891069 4.7123889803846897 3595
3.5342917352885173 2.748893571891069 4.7123889803846897 3596
3.9269908169872414 2.748893571891069 4.7123889803846897 3597
4.3196898986859651 2.748893571891069 4.7123889803846897 3598
4.7123889803846897 2.748893571891069 4.7123889803846897 3599
5.1050880620834143 2.748893571891069 4.7123889803846897 3600
5.497787143782138 2.748893571891069 4.7123889803846897 3601
5.8904862254808616 2.748893571891069 4.7123889803846897 3602
6.2831853071795862 2.748893571891069 4.7123889803846897 3603
0 3.1415926535897931 4.7123889803846897 3604
0.39269908169872414 3.1415926535897931 4.7123889803846897 3605
0.78539816339744828 3.1415926535897931 4.7123889803846897 3606
1.1780972450961724 3.1415926535897931 4.7123889803846897 3607
1.5707963267948966 3.1415926535897931 4.7123889803846897 3608
1.9634954084936207 3.1415926535897931 4.7123889803846897 3609
2.3561944901923448 3.1415926535897931 4.7123889803846897 3610
2.748893571891069 3.1415926535897931 4.7123889803846897 3611
3.1415926535897931 3.1415926535897931 4.7123889803846897 3612
3.5342917352885173 3.1415926535897931 4.7123889803846897 3613
3.9269908169872414 3.1415926535897931 4.7123889803846897 3614
4.3196898986859651 3.1415926535897931 4.7123889803846897 3615
4.7123889803846897 3.1415926535897931 4.7123889803846897 3616
5.1050880620834143 3.1415926535897931 4.7123889803846897 3617
5.497787143782138 3.1415926535897931 4.7123889803846897 3618
5.8904862254808616 3.1415926535897931 4.7123889803846897 3619
6.2831853071795862 3.1415926535897931 4.7123889803846897 3620
0 3.5342917352885173 4.7123889803846897 3621
0.39269908169872414 3.5342917352885173 4.7123889803846897 3622
0.78539816339744828 3.5342917352885173 4.7123889803846897 3623
1.1780972450961724 3.5342917352885173 4.7123889803846897 3624
1.5707963267948966 3.5342917352885173 4.7123889803846897 3625
1.9634954084936207 3.5342917352885173 4.7123889803846897 3626
2.3561944901923448 3.5342917352885173 4.7123889803846897 3627
2.748893571891069 3.5342917352885173 4.7123889803846897 3628
3.1415926535897931 3.5342917352885173 4.7123889803846897 3629
3.5342917352885173 3.5342917352885173 4.7123889803846897 3630
3.9269908169872414 3.5342917352885173 4.7123889803846897 3631
4.3196898986859651 3.5342917352885173 4.7123889803846897 3632
4.7123889803846897 3.5342917352885173 4.7123889803846897 3633
5.1050880620834143 3.5342917352885173 4.7123889803846897 3634
5.497787143782138 3.5342917352885173 4.7123889803846897 3635
5.8904862254808616 3.5342917352885173 4.7123889803846897 3636
6.2831853071795862 3.5342917352885173 4.7123889803846897 3637
0 3.9269908169872414 4.7123889803846897 3638
0.39269908169872414 3.9269908169872414 4.7123889803846897 3639
0.78539816339744828 3.9269908169872414 4.7123889803846897 3640
1.1780972450961724 3.9269908169872414 4.7123889803846897 3641
1.5707963267948966 3.9269908169872414 4.7123889803846897 3642
1.9634954084936207 3.9269908169872414 4.7123889803846897 3643
2.3561944901923448 3.9269908169872414 4.7123889803846897 3644
2.748893571891069 3.9269908169872414 4.7123889803846897 3645
3.1415926535897931 3.9269908169872414 4.7123889803846897 3646
3.5342917352885173 3.9269908169872414 4.7123889803846897 3647
3.9269908169872414 3.9269908169872414 4.7123889803846897 3648
4.3196898986859651 3.9269908169872414 4.7123889803846897 3649
4.7123889803846897 3.9269908169872414 4.7123889803846897 3650
5.1050880620834143 3.9269908169872414 4.7123889803846897 3651
5.497787143782138 3.9269908169872414 4.7123889803846897 3652
5.8904862254808616 3.9269908169872414 4.7123889803846897 3653
6.2831853071795862 3.9269908169872414 4.7123889803846897 3654
0 4.3196898986859651 4.7123889803846897 3655
0.39269908169872414 4.3196898986859651 4.7123889803846897 3656
0.78539816339744828 4.3196898986859651 4.7123889803846897 3657
1.1780972450961724 4.3196898986859651 4.7123889803846897 3658
1.5707963267948966 4.3196898986859651 4.7123889803846897 3659
1.9634954084936207 4.3196898986859651 4.7123889803846897 3660
2.3561944901923448 4.3196898986859651 4.7123889803846897 3661
2.748893571891069 4.3196898986859651 4.7123889803846897 3662
3.1415926535897931 4.3196898986859651 4.7123889803846897 3663
3.5342917352885173 4.3196898986859651 4.7123889803846897 3664
3.9269908169872414 4.3196898986859651 4.7123889803846897 3665
4.3196898986859651 4.3196898986859651 4.7123889803846897 3666
4.7123889803846897 4.3196898986859651 4.7123889803846897 3667
5.1050880620834143 4.3196898986859651 4.7123889803846897 3668
5.497787143782138 4.3196898986859651 4.7123889803846897 3669
5.8904862254808616 4.3196898986859651 4.7123889803846897 3670
6.2831853071795862 4.3196898986859651 4.7123889803846897 3671
0 4.7123889803846897 4.7123889803846897 3672
0.39269908169872414 4.7123889803846897 4.7123889803846897 3673
0.78539816339744828 4.7123889803846897 4.7123889803846897 3674
1.1780972450961724 4.7123889803846897 4.7123889803846897 3675
1.5707963267948966 4.7123889803846897 4.7123889803846897 3676
1.9634954084936207 4.7123889803846897 4.7123889803846897 3677
2.3561944901923448 4.7123889803846897 4.7123889803846897 3678
2.748893571891069 4.7123889803846897 4.7123889803846897 3679
3.1415926535897931 4.7123889803846897 4.7123889803846897 3680
3.5342917352885173 4.7123889803846897 4.7123889803846897 3681
3.9269908169872414 4.7123889803846897 4.7123889803846897 3682
4.3196898986859651 4.7123889803846897 4.7123889803846897 3683
4.7123889803846897 4.7123889803846897 4.7123889803846897 3684
5.1050880620834143 4.7123889803846897 4.7123889803846897 3685
5.497787143782138 4.7123889803846897 4.7123889803846897 3686
5.8904862254808616 4.7123889803846897 4.7123889803846897 3687
6.2831853071795862 4.7123889803846897 4.7123889803846897 3688
0 5.1050880620834143 4.7123889803846897 3689
0.39269908169872414 5.1050880620834143 4.7123889803846897 3690
0.78539816339744828 5.1050880620834143 4.7123889803846897 3691
1.1780972450961724 5.1050880620834143 4.7123889803846897 3692
1.5707963267948966 5.1050880620834143 4.7123889803846897 3693
1.9634954084936207 5.1050880620834143 4.7123889803846897 3694
2.3561944901923448 5.1050880620834143 4.7123889803846897 3695
2.748893571891069 5.1050880620834143 4.7123889803846897 3696
3.1415926535897931 5.1050880620834143 4.7123889803846897 3697
3.5342917352885173 5.1050880620834143 4.7123889803846897 3698
3.9269908169872414 5.1050880620834143 4.7123889803846897 3699
4.3196898986859651 5.1050880620834143 4.7123889803846897 3700
4.7123889803846897 5.1050880620834143 4.7123889803846897 3701
5.1050880620834143 5.1050880620834143 4.7123889803846897 3702
5.497787143782138 5.1050880620834143 4.7123889803846897 3703
5.8904862254808616 5.1050880620834143 4.7123889803846897 3704
6.2831853071795862 5.1050880620834143 4.7123889803846897 3705
0 5.497787143782138 4.7123889803846897 3706
0.39269908169872414 5.497787143782138 4.7123889803846897 3707
0.78539816339744828 5.497787143782138 4.7123889803846897 3708
1.1780972450961724 5.497787143782138 4.7123889803846897 3709
1.5707963267948966 5.497787143782138 4.7123889803846897 3710
1.9634954084936207 5.497787143782138 4.7123889803846897 3711
2.3561944901923448 5.497787143782138 4.7123889803846897 3712
2.748893571891069 5.497787143782138 4.7123889803846897 3713
3.1415926535897931 5.497787143782138 4.7123889803846897 3714
3.5342917352885173 5.497787143782138 4.7123889803846897 3715
3.9269908169872414 5.497787143782138 4.7123889803846897 3716
4.3196898986859651 5.497787143782138 4.7123889803846897 3717
4.7123889803846897 5.497787143782138 4.7123889803846897 3718
5.1050880620834143 5.497787143782138 4.7123889803846897 3719
5.497787143782138 5.497787143782138 4.7123889803846897 3720
5.8904862254808616 5.497787143782138 4.7123889803846897 3721
6.2831853071795862 5.497787143782138 4.7123889803846897 3722
0 5.8904862254808616 4.7123889803846897 3723
0.39269908169872414 5.8904862254808616 4.7123889803846897 3724
0.78539816339744828 5.8904862254808616 4.7123889803846897 3725
1.1780972450961724 5.8904862254808616 4.7123889803846897 3726
1.5707963267948966 5.8904862254808616 4.7123889803846897 3727
1.9634954084936207 5.8904862254808616 4.7123889803846897 3728
2.3561944901923448 5.8904862254808616 4.7123889803846897 3729
2.748893571891069 5.8904862254808616 4.7123889803846897 3730
3.1415926535897931 5.8904862254808616 4.7123889803846897 3731
3.5342917352885173 5.8904862254808616 4.7123889803846897 3732
3.9269908169872414 5.8904862254808616 4.7123889803846897 3733
4.3196898986859651 5.8904862254808616 4.7123889803846897 3734
4.7123889803846897 5.8904862254808616 4.7123889803846897 3735
5.1050880620834143 5.8904862254808616 4.7123889803846897 3736
5.497787143782138 5.8904862254808616 4.7123889803846897 3737
5.8904862254808616 5.8904862254808616 4.7123889803846897 3738
6.2831853071795862 5.8904862254808616 4.7123889803846897 3739
0 6.2831853071795862 4.7123889803846897 3740
0.39269908169872414 6.2831853071795862 4.7123889803846897 3741
0.78539816339744828 6.2831853071795862 4.7123889803846897 3742
1.1780972450961724 6.2831853071795862 4.7123889803846897 3743
1.5707963267948966 6.2831853071795862 4.7123889803846897 3744
1.9634954084936207 6.2831853071795862 4.7123889803846897 3745
2.3561944901923448 6.2831853071795862 4.7123889803846897 3746
2.748893571891069 6.2831853071795862 4.7123889803846897 3747
3.1415926535897931 6.2831853071795862 4.7123889803846897 3748
3.5342917352885173 6.2831853071795862 4.7123889803846897 3749
3.9269908169872414 6.2831853071795862 4.7123889803846897 3750
4.3196898986859651 6.2831853071795862 4.7123889803846897 3751
4.7123889803846897 6.2831853071795862 4.7123889803846897 3752
5.1050880620834143 6.2831853071795862 4.7123889803846897 3753
5.497787143782138 6.2831853071795862 4.7123889803846897 3754
5.8904862254808616 6.2831853071795862 4.7123889803846897 3755
6.2831853071795862 6.2831853071795862 4.7123889803846897 3756
0 0 5.1050880620834143 3757
0.39269908169872414 0 5.1050880620834143 3758
0.78539816339744828 0 5.1050880620834143 3759
1.1780972450961724 0 5.1050880620834143 3760
1.5707963267948966 0 5.1050880620834143 3761
1.9634954084936207 0 5.1050880620834143 3762
2.3561944901923448 0 5.1050880620834143 3763
2.748893571891069 0 5.1050880620834143 3764
3.1415926535897931 0 5.1050880620834143 3765
3.5342917352885173 0 5.1050880620834143 3766
3.9269908169872414 0 5.1050880620834143 3767
4.3196898986859651 0 5.1050880620834143 3768
4.7123889803846897 0 5.1050880620834143 3769
5.1050880620834143 0 5.1050880620834143 3770
5.497787143782138 0 5.1050880620834143 3771
5.8904862254808616 0 5.1050880620834143 3772
6.2831853071795862 0 5.1050880620834143 3773
0 0.39269908169872414 5.1050880620834143 3774
0.39269908169872414 0.39269908169872414 5.1050880620834143 3775
0.78539816339744828 0.39269908169872414 5.1050880620834143 3776
1.1780972450961724 0.39269908169872414 5.1050880620834143 3777
1.5707963267948966 0.39269908169872414 5.1050880620834143 3778
1.9634954084936207 0.39269908169872414 5.1050880620834143 3779
2.3561944901923448 0.39269908169872414 5.1050880620834143 3780
2.748893571891069 0.39269908169872414 5.1050880620834143 3781
3.1415926535897931 0.39269908169872414 5.1050880620834143 3782
3.5342917352885173 0.39269908169872414 5.1050880620834143 3783
3.9269908169872414 0.39269908169872414 5.1050880620834143 3784
4.3196898986859651 0.39269908169872414 5.1050880620834143 3785
4.7123889803846897 0.39269908169872414 5.1050880620834143 3786
5.1050880620834143 0.39269908169872414 5.1050880620834143 3787
5.497787143782138 0.39269908169872414 5.1050880620834143 3788
5.8904862254808616 0.39269908169872414 5.1050880620834143 3789
6.2831853071795862 0.39269908169872414 5.1050880620834143 3790
0 0.78539816339744828 5.1050880620834143 3791
0.39269908169872414 0.78539816339744828 5.1050880620834143 3792
0.78539816339744828 0.78539816339744828 5.1050880620834143 3793
1.1780972450961724 0.78539816339744828 5.1050880620834143 3794
1.5707963267948966 0.78539816339744828 5.1050880620834143 3795
1.9634954084936207 0.78539816339744828 5.1050880620834143 3796
2.3561944901923448 0.78539816339744828 5.1050880620834143 3797
2.748893571891069 0.78539816339744828 5.1050880620834143 3798
3.1415926535897931 0.78539816339744828 5.1050880620834143 3799
3.5342917352885173 0.78539816339744828 5.1050880620834143 3800
3.9269908169872414 0.78539816339744828 5.1050880620834143 3801
4.3196898986859651 0.78539816339744828 5.1050880620834143 3802
4.7123889803846897 0.78539816339744828 5.1050880620834143 3803
5.1050880620834143 0.78539816339744828 5.1050880620834143 3804
5.497787143782138 0.78539816339744828 5.1050880620834143 3805
5.8904862254808616 0.78539816339744828 5.1050880620834143 3806
6.2831853071795862 0.78539816339744828 5.1050880620834143 3807
0 1.1780972450961724 5.1050880620834143 3808
0.39269908169872414 1.1780972450961724 5.1050880620834143 3809
0.78539816339744828 1.1780972450961724 5.1050880620834143 3810
1.1780972450961724 1.1780972450961724 5.1050880620834143 3811
1.5707963267948966 1.1780972450961724 5.1050880620834143 3812
1.9634954084936207 1.1780972450961724 5.1050880620834143 3813
2.3561944901923448 1.1780972450961724 5.1050880620834143 3814
2.748893571891069 1.1780972450961724 5.1050880620834143 3815
3.1415926535897931 1.1780972450961724 5.1050880620834143 3816
3.5342917352885173 1.1780972450961724 5.1050880620834143 3817
3.9269908169872414 1.1780972450961724 5.1050880620834143 3818
4.3196898986859651 1.1780972450961724 5.1050880620834143 3819
4.7123889803846897 1.1780972450961724 5.1050880620834143 3820
5.1050880620834143 1.1780972450961724 5.1050880620834143 3821
5.497787143782138 1.1780972450961724 5.1050880620834143 3822
5.8904862254808616 1.1780972450961724 5.1050880620834143 3823
6.2831853071795862 1.1780972450961724 5.1050880620834143 3824
0 1.5707963267948966 5.1050880620834143 3825
0.39269908169872414 1.5707963267948966 5.1050880620834143 3826
0.78539816339744828 1.5707963267948966 5.1050880620834143 3827
1.1780972450961724 1.5707963267948966 5.1050880620834143 3828
1.5707963267948966 1.5707963267948966 5.1050880620834143 3829
1.9634954084936207 1.5707963267948966 5.1050880620834143 3830
2.3561944901923448 1.5707963267948966 5.1050880620834143 3831
2.748893571891069 1.5707963267948966 5.1050880620834143 3832
3.1415926535897931 1.5707963267948966 5.1050880620834143 3833
3.5342917352885173 1.5707963267948966 5.1050880620834143 3834
3.9269908169872414 1.5707963267948966 5.1050880620834143 3835
4.3196898986859651 1.5707963267948966 5.1050880620834143 3836
4.7123889803846897 1.5707963267948966 5.1050880620834143 3837
5.1050880620834143 1.5707963267948966 5.1050880620834143 3838
5.497787143782138 1.5707963267948966 5.1050880620834143 3839
5.8904862254808616 1.5707963267948966 5.1050880620834143 3840
6.2831853071795862 1.5707963267948966 5.1050880620834143 3841
0 1.9634954084936207 5.1050880620834143 3842
0.39269908169872414 1.9634954084936207 5.1050880620834143 3843
0.78539816339744828 1.9634954084936207 5.1050880620834143 3844
1.1780972450961724 1.9634954084936207 5.1050880620834143 3845
1.5707963267948966 1.9634954084936207 5.1050880620834143 3846
1.9634954084936207 1.9634954084936207 5.1050880620834143 3847
2.3561944901923448 1.9634954084936207 5.1050880620834143 3848
2.748893571891069 1.9634954084936207 5.1050880620834143 3849
3.1415926535897931 1.9634954084936207 5.1050880620834143 3850
3.5342917352885173 1.9634954084936207 5.1050880620834143 3851
3.9269908169872414 1.9634954084936207 5.1050880620834143 3852
4.3196898986859651 1.9634954084936207 5.1050880620834143 3853
4.7123889803846897 1.9634954084936207 5.1050880620834143 3854
5.1050880620834143 1.9634954084936207 5.1050880620834143 3855
5.497787143782138 1.9634954084936207 5.1050880620834143 3856
5.8904862254808616 1.9634954084936207 5.1050880620834143 3857
6.2831853071795862 1.9634954084936207 5.1050880620834143 3858
0 2.3561944901923448 5.1050880620834143 3859
0.39269908169872414 2.3561944901923448 5.1050880620834143 3860
0.78539816339744828 2.3561944901923448 5.1050880620834143 3861
1.1780972450961724 2.3561944901923448 5.1050880620834143 3862
1.5707963267948966 2.3561944901923448 5.1050880620834143 3863
1.9634954084936207 2.3561944901923448 5.1050880620834143 3864
2.3561944901923448 2.3561944901923448 5.1050880620834143 3865
2.748893571891069 2.3561944901923448 5.1050880620834143 3866
3.1415926535897931 2.3561944901923448 5.1050880620834143 3867
3.5342917352885173 2.3561944901923448 5.1050880620834143 3868
3.9269908169872414 2.3561944901923448 5.1050880620834143 3869
4.3196898986859651 2.3561944901923448 5.1050880620834143 3870
4.7123889803846897 2.3561944901923448 5.1050880620834143 3871
5.1050880620834143 2.3561944901923448 5.1050880620834143 3872
5.497787143782138 2.3561944901923448 5.1050880620834143 3873
5.8904862254808616 2.3561944901923448 5.1050880620834143 3874
6.2831853071795862 2.3561944901923448 5.1050880620834143 3875
0 2.748893571891069 5.1050880620834143 3876
0.39269908169872414 2.748893571891069 5.1050880620834143 3877
0.78539816339744828 2.748893571891069 5.1050880620834143 3878
1.1780972450961724 2.748893571891069 5.1050880620834143 3879
1.5707963267948966 2.748893571891069 5.1050880620834143 3880
1.9634954084936207 2.748893571891069 5.1050880620834143 3881
2.3561944901923448 2.748893571891069 5.1050880620834143 3882
2.748893571891069 2.748893571891069 5.1050880620834143 3883
3.1415926535897931 2.748893571891069 5.1050880620834143 3884
3.5342917352885173 2.748893571891069 5.1050880620834143 3885
3.9269908169872414 2.748893571891069 5.1050880620834143 3886
4.3196898986859651 2.748893571891069 5.1050880620834143 3887
4.7123889803846897 2.748893571891069 5.1050880620834143 3888
5.1050880620834143 2.748893571891069 5.1050880620834143 3889
5.497787143782138 2.748893571891069 5.1050880620834143 3890
5.8904862254808616 2.748893571891069 5.1050880620834143 3891
6.2831853071795862 2.748893571891069 5.1050880620834143 3892
0 3.1415926535897931 5.1050880620834143 3893
0.39269908169872414 3.1415926535897931 5.1050880620834143 3894
0.78539816339744828 3.1415926535897931 5.1050880620834143 3895
1.1780972450961724 3.1415926535897931 5.1050880620834143 3896
1.5707963267948966 3.1415926535897931 5.1050880620834143 3897
1.9634954084936207 3.1415926535897931 5.1050880620834143 3898
2.3561944901923448 3.1415926535897931 5.1050880620834143 3899
2.748893571891069 3.1415926535897931 5.1050880620834143 3900
3.1415926535897931 3.1415926535897931 5.1050880620834143 3901
3.5342917352885173 3.1415926535897931 5.1050880620834143 3902
3.9269908169872414 3.1415926535897931 5.1050880620834143 3903
4.3196898986859651 3.1415926535897931 5.1050880620834143 3904
4.7123889803846897 3.1415926535897931 5.1050880620834143 3905
5.1050880620834143 3.1415926535897931 5.1050880620834143 3906
5.497787143782138 3.1415926535897931 5.1050880620834143 3907
5.8904862254808616 3.1415926535897931 5.1050880620834143 3908
6.2831853071795862 3.1415926535897931 5.1050880620834143 3909
0 3.5342917352885173 5.1050880620834143 3910
0.39269908169872414 3.5342917352885173 5.1050880620834143 3911
0.78539816339744828 3.5342917352885173 5.1050880620834143 3912
1.1780972450961724 3.5342917352885173 5.1050880620834143 3913
1.5707963267948966 3.5342917352885173 5.1050880620834143 3914
1.9634954084936207 3.5342917352885173 5.1050880620834143 3915
2.3561944901923448 3.5342917352885173 5.1050880620834143 3916
2.748893571891069 3.5342917352885173 5.1050880620834143 3917
3.1415926535897931 3.5342917352885173 5.1050880620834143 3918
3.5342917352885173 3.5342917352885173 5.1050880620834143 3919
3.9269908169872414 3.5342917352885173 5.1050880620834143 3920
4.3196898986859651 3.5342917352885173 5.1050880620834143 3921
4.7123889803846897 3.5342917352885173 5.1050880620834143 3922
5.1050880620834143 3.5342917352885173 5.1050880620834143 3923
5.497787143782138 3.5342917352885173 5.1050880620834143 3924
5.8904862254808616 3.5342917352885173 5.1050880620834143 3925
6.2831853071795862 3.5342917352885173 5.1050880620834143 3926
0 3.9269908169872414 5.1050880620834143 3927
0.39269908169872414 3.9269908169872414 5.1050880620834143 3928
0.78539816339744828 3.9269908169872414 5.1050880620834143 3929
1.1780972450961724 3.9269908169872414 5.1050880620834143 3930
1.5707963267948966 3.9269908169872414 5.1050880620834143 3931
1.9634954084936207 3.9269908169872414 5.1050880620834143 3932
2.3561944901923448 3.9269908169872414 5.1050880620834143 3933
2.748893571891069 3.9269908169872414 5.1050880620834143 3934
3.1415926535897931 3.9269908169872414 5.1050880620834143 3935
3.5342917352885173 3.9269908169872414 5.1050880620834143 3936
3.9269908169872414 3.9269908169872414 5.1050880620834143 3937
4.3196898986859651 3.9269908169872414 5.1050880620834143 3938
4.7123889803846897 3.9269908169872414 5.1050880620834143 3939
5.1050880620834143 3.9269908169872414 5.1050880620834143 3940
5.497787143782138 3.9269908169872414 5.1050880620834143 3941
5.8904862254808616 3.9269908169872414 5.1050880620834143 3942
6.2831853071795862 3.9269908169872414 5.1050880620834143 3943
0 4.3196898986859651 5.1050880620834143 3944
0.39269908169872414 4.3196898986859651 5.1050880620834143 3945
0.78539816339744828 4.3196898986859651 5.1050880620834143 3946
1.1780972450961724 4.3196898986859651 5.1050880620834143 3947
1.5707963267948966 4.3196898986859651 5.1050880620834143 3948
1.9634954084936207 4.3196898986859651 5.1050880620834143 3949
2.3561944901923448 4.3196898986859651 5.1050880620834143 3950
2.748893571891069 4.3196898986859651 5.1050880620834143 3951
3.1415926535897931 4.3196898986859651 5.1050880620834143 3952
3.5342917352885173 4.3196898986859651 5.1050880620834143 3953
3.9269908169872414 4.3196898986859651 5.1050880620834143 3954
4.3196898986859651 4.3196898986859651 5.1050880620834143 3955
4.7123889803846897 4.3196898986859651 5.1050880620834143 3956
5.1050880620834143 4.3196898986859651 5.1050880620834143 3957
5.497787143782138 4.3196898986859651 5.1050880620834143 3958
5.8904862254808616 4.3196898986859651 5.1050880620834143 3959
6.2831853071795862 4.3196898986859651 5.1050880620834143 3960
0 4.7123889803846897 5.1050880620834143 3961
0.39269908169872414 4.7123889803846897 5.1050880620834143 3962
0.78539816339744828 4.7123889803846897 5.1050880620834143 3963
1.1780972450961724 4.7123889803846897 5.1050880620834143 3964
1.5707963267948966 4.7123889803846897 5.1050880620834143 3965
1.9634954084936207 4.7123889803846897 5.1050880620834143 3966
2.3561944901923448 4.7123889803846897 5.1050880620834143 3967
2.748893571891069 4.7123889803846897 5.1050880620834143 3968
3.1415926535897931 4.7123889803846897 5.1050880620834143 3969
3.5342917352885173 4.7123889803846897 5.1050880620834143 3970
3.9269908169872414 4.7123889803846897 5.1050880620834143 3971
4.3196898986859651 4.7123889803846897 5.1050880620834143 3972
4.7123889803846897 4.7123889803846897 5.1050880620834143 3973
5.1050880620834143 4.7123889803846897 5.1050880620834143 3974
5.497787143782138 4.7123889803846897 5.1050880620834143 3975
5.8904862254808616 4.7123889803846897 5.1050880620834143 3976
6.2831853071795862 4.7123889803846897 5.1050880620834143 3977
0 5.1050880620834143 5.1050880620834143 3978
0.39269908169872414 5.1050880620834143 5.1050880620834143 3979
0.78539816339744828 5.1050880620834143 5.1050880620834143 3980
1.1780972450961724 5.1050880620834143 5.1050880620834143 3981
1.5707963267948966 5.1050880620834143 5.1050880620834143 3982
1.9634954084936207 5.1050880620834143 5.1050880620834143 3983
2.3561944901923448 5.1050880620834143 5.1050880620834143 3984
2.748893571891069 5.1050880620834143 5.1050880620834143 3985
3.1415926535897931 5.1050880620834143 5.1050880620834143 3986
3.5342917352885173 5.1050880620834143 5.1050880620834143 3987
3.9269908169872414 5.1050880620834143 5.1050880620834143 3988
4.3196898986859651 5.1050880620834143 5.1050880620834143 3989
4.7123889803846897 5.1050880620834143 5.1050880620834143 3990
5.1050880620834143 5.1050880620834143 5.1050880620834143 3991
5.497787143782138 5.1050880620834143 5.1050880620834143 3992
5.8904862254808616 5.1050880620834143 5.1050880620834143 3993
6.2831853071795862 5.1050880620834143 5.1050880620834143 3994
0 5.497787143782138 5.1050880620834143 3995
0.39269908169872414 5.497787143782138 5.1050880620834143 3996
0.78539816339744828 5.497787143782138 5.1050880620834143 3997
1.1780972450961724 5.497787143782138 5.1050880620834143 3998
1.5707963267948966 5.497787143782138 5.1050880620834143 3999
1.9634954084936207 5.497787143782138 5.1050880620834143 4000
2.3561944901923448 5.497787143782138 5.1050880620834143 4001
2.748893571891069 5.497787143782138 5.1050880620834143 4002
3.1415926535897931 5.497787143782138 5.1050880620834143 4003
3.5342917352885173 5.497787143782138 5.1050880620834143 4004
3.9269908169872414 5.497787143782138 5.1050880620834143 4005
4.3196898986859651 5.497787143782138 5.1050880620834143 4006
4.7123889803846897 5.497787143782138 5.1050880620834143 4007
5.1050880620834143 5.497787143782138 5.1050880620834143 4008
5.497787143782138 5.497787143782138 5.1050880620834143 4009
5.8904862254808616 5.497787143782138 5.1050880620834143 4010
6.2831853071795862 5.497787143782138 5.1050880620834143 4011
0 5.8904862254808616 5.1050880620834143 4012
0.39269908169872414 5.8904862254808616 5.1050880620834143 4013
0.78539816339744828 5.8904862254808616 5.1050880620834143 4014
1.1780972450961724 5.8904862254808616 5.1050880620834143 4015
1.5707963267948966 5.8904862254808616 5.1050880620834143 4016
1.9634954084936207 5.8904862254808616 5.1050880620834143 4017
2.3561944901923448 5.8904862254808616 5.1050880620834143 4018
2.748893571891069 5.8904862254808616 5.1050880620834143 4019
3.1415926535897931 5.8904862254808616 5.1050880620834143 4020
3.5342917352885173 5.8904862254808616 5.1050880620834143 4021
3.9269908169872414 5.8904862254808616 5.1050880620834143 4022
4.3196898986859651 5.8904862254808616 5.1050880620834143 4023
4.7123889803846897 5.8904862254808616 5.1050880620834143 4024
5.1050880620834143 5.8904862254808616 5.1050880620834143 4025
5.497787143782138 5.8904862254808616 5.1050880620834143 4026
5.8904862254808616 5.8904862254808616 5.1050880620834143 4027
6.2831853071795862 5.8904862254808616 5.1050880620834143 4028
0 6.2831853071795862 5.1050880620834143 4029
0.39269908169872414 6.2831853071795862 5.1050880620834143 4030
0.78539816339744828 6.2831853071795862 5.1050880620834143 4031
1.1780972450961724 6.2831853071795862 5.1050880620834143 4032
1.5707963267948966 6.2831853071795862 5.1050880620834143 4033
1.9634954084936207 6.2831853071795862 5.1050880620834143 4034
2.3561944901923448 6.2831853071795862 5.1050880620834143 4035
2.748893571891069 6.2831853071795862 5.1050880620834143 4036
3.1415926535897931 6.2831853071795862 5.1050880620834143 4037
3.5342917352885173 6.2831853071795862 5.1050880620834143 4038
3.9269908169872414 6.2831853071795862 5.1050880620834143 4039
4.3196898986859651 6.2831853071795862 5.1050880620834143 4040
4.7123889803846897 6.2831853071795862 5.1050880620834143 4041
5.1050880620834143 6.2831853071795862 5.1050880620834143 4042
5.497787143782138 6.2831853071795862 5.1050880620834143 4043
5.8904862254808616 6.2831853071795862 5.1050880620834143 4044
6.2831853071795862 6.2831853071795862 5.1050880620834143 4045
0 0 5.497787143782138 4046
0.39269908169872414 0 5.497787143782138 4047
0.78539816339744828 0 5.497787143782138 4048
1.1780972450961724 0 5.497787143782138 4049
1.5707963267948966 0 5.497787143782138 4050
1.9634954084936207 0 5.497787143782138 4051
2.3561944901923448 0 5.497787143782138 4052
2.748893571891069 0 5.497787143782138 4053
3.1415926535897931 0 5.497787143782138 4054
3.5342917352885173 0 5.497787143782138 4055
3.9269908169872414 0 5.497787143782138 4056
4.3196898986859651 0 5.497787143782138 4057
4.7123889803846897 0 5.497787143782138 4058
5.1050880620834143 0 5.497787143782138 4059
5.497787143782138 0 5.497787143782138 4060
5.8904862254808616 0 5.497787143782138 4061
6.2831853071795862 0 5.497787143782138 4062
0 0.39269908169872414 5.497787143782138 4063
0.39269908169872414 0.39269908169872414 5.497787143782138 4064
0.78539816339744828 0.39269908169872414 5.497787143782138 4065
1.1780972450961724 0.39269908169872414 5.497787143782138 4066
1.5707963267948966 0.39269908169872414 5.497787143782138 4067
1.9634954084936207 0.39269908169872414 5.497787143782138 4068
2.3561944901923448 0.39269908169872414 5.497787143782138 4069
2.748893571891069 0.39269908169872414 5.497787143782138 4070
3.1415926535897931 0.39269908169872414 5.497787143782138 4071
3.5342917352885173 0.39269908169872414 5.497787143782138 4072
3.9269908169872414 0.39269908169872414 5.497787143782138 4073
4.3196898986859651 0.39269908169872414 5.497787143782138 4074
4.7123889803846897 0.39269908169872414 5.497787143782138 4075
5.1050880620834143 0.39269908169872414 5.497787143782138 4076
5.497787143782138 0.39269908169872414 5.497787143782138 4077
5.8904862254808616 0.39269908169872414 5.497787143782138 4078
6.2831853071795862 0.39269908169872414 5.497787143782138 4079
0 0.78539816339744828 5.497787143782138 4080
0.39269908169872414 0.78539816339744828 5.497787143782138 4081
0.78539816339744828 0.78539816339744828 5.497787143782138 4082
1.1780972450961724 0.78539816339744828 5.497787143782138 4083
1.5707963267948966 0.78539816339744828 5.497787143782138 4084
1.9634954084936207 0.78539816339744828 5.497787143782138 4085
2.3561944901923448 0.78539816339744828 5.497787143782138 4086
2.748893571891069 0.78539816339744828 5.497787143782138 4087
3.1415926535897931 0.78539816339744828 5.497787143782138 4088
3.5342917352885173 0.78539816339744828 5.497787143782138 4089
3.9269908169872414 0.78539816339744828 5.497787143782138 4090
4.3196898986859651 0.78539816339744828 5.497787143782138 4091
4.7123889803846897 0.78539816339744828 5.497787143782138 4092
5.1050880620834143 0.78539816339744828 5.497787143782138 4093
5.497787143782138 0.78539816339744828 5.497787143782138 4094
5.8904862254808616 0.78539816339744828 5.497787143782138 4095
6.2831853071795862 0.78539816339744828 5.497787143782138 4096
0 1.1780972450961724 5.497787143782138 4097
0.39269908169872414 1.1780972450961724 5.497787143782138 4098
0.78539816339744828 1.1780972450961724 5.497787143782138 4099
1.1780972450961724 1.1780972450961724 5.497787143782138 4100
1.5707963267948966 1.1780972450961724 5.497787143782138 4101
1.9634954084936207 1.1780972450961724 5.497787143782138 4102
2.3561944901923448 1.1780972450961724 5.497787143782138 4103
2.748893571891069 1.1780972450961724 5.497787143782138 4104
3.1415926535897931 1.1780972450961724 5.497787143782138 4105
3.5342917352885173 1.1780972450961724 5.497787143782138 4106
3.9269908169872414 1.1780972450961724 5.497787143782138 4107
4.3196898986859651 1.1780972450961724 5.497787143782138 4108
4.7123889803846897 1.1780972450961724 5.497787143782138 4109
5.1050880620834143 1.1780972450961724 5.497787143782138 4110
5.497787143782138 1.1780972450961724 5.497787143782138 4111
5.8904862254808616 1.1780972450961724 5.497787143782138 4112
6.2831853071795862 1.1780972450961724 5.497787143782138 4113
0 1.5707963267948966 5.497787143782138 4114
0.39269908169872414 1.5707963267948966 5.497787143782138 4115
0.78539816339744828 1.5707963267948966 5.497787143782138 4116
1.1780972450961724 1.5707963267948966 5.497787143782138 4117
1.5707963267948966 1.5707963267948966 5.497787143782138 4118
1.9634954084936207 1.5707963267948966 5.497787143782138 4119
2.3561944901923448 1.5707963267948966 5.497787143782138 4120
2.748893571891069 1.5707963267948966 5.497787143782138 4121
3.1415926535897931 1.5707963267948966 5.497787143782138 4122
3.5342917352885173 1.5707963267948966 5.497787143782138 4123
3.9269908169872414 1.5707963267948966 5.497787143782138 4124
4.3196898986859651 1.5707963267948966 5.497787143782138 4125
4.7123889803846897 1.5707963267948966 5.497787143782138 4126
5.1050880620834143 1.5707963267948966 5.497787143782138 4127
5.497787143782138 1.5707963267948966 5.497787143782138 4128
5.8904862254808616 1.5707963267948966 5.497787143782138 4129
6.2831853071795862 1.5707963267948966 5.497787143782138 4130
0 1.9634954084936207 5.497787143782138 4131
0.39269908169872414 1.9634954084936207 5.497787143782138 4132
0.78539816339744828 1.9634954084936207 5.497787143782138 4133
1.1780972450961724 1.9634954084936207 5.497787143782138 4134
1.5707963267948966 1.9634954084936207 5.497787143782138 4135
1.9634954084936207 1.9634954084936207 5.497787143782138 4136
2.3561944901923448 1.9634954084936207 5.497787143782138 4137
2.748893571891069 1.9634954084936207 5.497787143782138 4138
3.1415926535897931 1.9634954084936207 5.497787143782138 4139
3.5342917352885173 1.9634954084936207 5.497787143782138 4140
3.9269908169872414 1.9634954084936207 5.497787143782138 4141
4.3196898986859651 1.9634954084936207 5.497787143782138 4142
4.7123889803846897 1.9634954084936207 5.497787143782138 4143
5.1050880620834143 1.9634954084936207 5.497787143782138 4144
5.497787143782138 1.9634954084936207 5.497787143782138 4145
5.8904862254808616 1.9634954084936207 5.497787143782138 4146
6.2831853071795862 1.9634954084936207 5.497787143782138 4147
0 2.3561944901923448 5.497787143782138 4148
0.39269908169872414 2.3561944901923448 5.497787143782138 4149
0.78539816339744828 2.3561944901923448 5.497787143782138 4150
1.1780972450961724 2.3561944901923448 5.497787143782138 4151
1.5707963267948966 2.3561944901923448 5.497787143782138 4152
1.9634954084936207 2.3561944901923448 5.497787143782138 4153
2.3561944901923448 2.3561944901923448 5.497787143782138 4154
2.748893571891069 2.3561944901923448 5.497787143782138 4155
3.1415926535897931 2.3561944901923448 5.497787143782138 4156
3.5342917352885173 2.3561944901923448 5.497787143782138 4157
3.9269908169872414 2.3561944901923448 5.497787143782138 4158
4.3196898986859651 2.3561944901923448 5.497787143782138 4159
4.7123889803846897 2.3561944901923448 5.497787143782138 4160
5.1050880620834143 2.3561944901923448 5.497787143782138 4161
5.497787143782138 2.3561944901923448 5.497787143782138 4162
5.8904862254808616 2.3561944901923448 5.497787143782138 4163
6.2831853071795862 2.3561944901923448 5.497787143782138 4164
0 2.748893571891069 5.497787143782138 4165
0.39269908169872414 2.748893571891069 5.497787143782138 4166
0.78539816339744828 2.748893571891069 5.497787143782138 4167
1.1780972450961724 2.748893571891069 5.497787143782138 4168
1.5707963267948966 2.748893571891069 5.497787143782138 4169
1.9634954084936207 2.748893571891069 5.497787143782138 4170
2.3561944901923448 2.748893571891069 5.497787143782138 4171
2.748893571891069 2.748893571891069 5.497787143782138 4172
3.1415926535897931 2.748893571891069 5.497787143782138 4173
3.5342917352885173 2.748893571891069 5.497787143782138 4174
3.9269908169872414 2.748893571891069 5.497787143782138 4175
4.3196898986859651 2.748893571891069 5.497787143782138 4176
4.7123889803846897 2.748893571891069 5.497787143782138 4177
5.1050880620834143 2.748893571891069 5.497787143782138 4178
5.497787143782138 2.748893571891069 5.497787143782138 4179
5.8904862254808616 2.748893571891069 5.497787143782138 4180
6.2831853071795862 2.748893571891069 5.497787143782138 4181
0 3.1415926535897931 5.497787143782138 4182
0.39269908169872414 3.1415926535897931 5.497787143782138 4183
0.78539816339744828 3.1415926535897931 5.497787143782138 4184
1.1780972450961724 3.1415926535897931 5.497787143782138 4185
1.5707963267948966 3.1415926535897931 5.497787143782138 4186
1.9634954084936207 3.1415926535897931 5.497787143782138 4187
2.3561944901923448 3.1415926535897931 5.497787143782138 4188
2.748893571891069 3.1415926535897931 5.497787143782138 4189
3.1415926535897931 3.1415926535897931 5.497787143782138 4190
3.5342917352885173 3.1415926535897931 5.497787143782138 4191
3.9269908169872414 3.1415926535897931 5.497787143782138 4192
4.3196898986859651 3.1415926535897931 5.497787143782138 4193
4.7123889803846897 3.1415926535897931 5.497787143782138 4194
5.1050880620834143 3.1415926535897931 5.497787143782138 4195
5.497787143782138 3.1415926535897931 5.497787143782138 4196
5.8904862254808616 3.1415926535897931 5.497787143782138 4197
6.2831853071795862 3.1415926535897931 5.497787143782138 4198
0 3.5342917352885173 5.497787143782138 4199
0.39269908169872414 3.5342917352885173 5.497787143782138 4200
0.78539816339744828 3.5342917352885173 5.497787143782138 4201
1.1780972450961724 3.5342917352885173 5.497787143782138 4202
1.5707963267948966 3.5342917352885173 5.497787143782138 4203
1.9634954084936207 3.5342917352885173 5.497787143782138 4204
2.3561944901923448 3.5342917352885173 5.497787143782138 4205
2.748893571891069 3.5342917352885173 5.497787143782138 4206
3.1415926535897931 3.5342917352885173 5.497787143782138 4207
3.5342917352885173 3.5342917352885173 5.497787143782138 4208
3.9269908169872414 3.5342917352885173 5.497787143782138 4209
4.3196898986859651 3.5342917352885173 5.497787143782138 4210
4.7123889803846897 3.5342917352885173 5.497787143782138 4211
5.1050880620834143 3.5342917352885173 5.497787143782138 4212
5.497787143782138 3.5342917352885173 5.497787143782138 4213
5.8904862254808616 3.5342917352885173 5.497787143782138 4214
6.2831853071795862 3.5342917352885173 5.497787143782138 4215
0 3.9269908169872414 5.497787143782138 4216
0.39269908169872414 3.9269908169872414 5.497787143782138 4217
0.78539816339744828 3.9269908169872414 5.497787143782138 4218
1.1780972450961724 3.9269908169872414 5.497787143782138 4219
1.5707963267948966 3.9269908169872414 5.497787143782138 4220
1.9634954084936207 3.9269908169872414 5.497787143782138 4221
2.3561944901923448 3.9269908169872414 5.497787143782138 4222
2.748893571891069 3.9269908169872414 5.497787143782138 4223
3.1415926535897931 3.9269908169872414 5.497787143782138 4224
3.5342917352885173 3.9269908169872414 5.497787143782138 4225
3.9269908169872414 3.9269908169872414 5.497787143782138 4226
4.3196898986859651 3.9269908169872414 5.497787143782138 4227
4.7123889803846897 3.9269908169872414 5.497787143782138 4228
5.1050880620834143 3.9269908169872414 5.497787143782138 4229
5.497787143782138 3.9269908169872414 5.497787143782138 4230
5.8904862254808616 3.9269908169872414 5.497787143782138 4231
6.2831853071795862 3.9269908169872414 5.497787143782138 4232
0 4.3196898986859651 5.497787143782138 4233
0.39269908169872414 4.3196898986859651 5.497787143782138 4234
0.78539816339744828 4.3196898986859651 5.497787143782138 4235
1.1780972450961724 4.3196898986859651 5.497787143782138 4236
1.5707963267948966 4.3196898986859651 5.497787143782138 4237
1.9634954084936207 4.3196898986859651 5.497787143782138 4238
2.3561944901923448 4.3196898986859651 5.497787143782138 4239
2.748893571891069 4.3196898986859651 5.497787143782138 4240
3.1415926535897931 4.3196898986859651 5.497787143782138 4241
3.5342917352885173 4.3196898986859651 5.497787143782138 4242
3.9269908169872414 4.3196898986859651 5.497787143782138 4243
4.3196898986859651 4.3196898986859651 5.497787143782138 4244
4.7123889803846897 4.3196898986859651 5.497787143782138 4245
5.1050880620834143 4.3196898986859651 5.497787143782138 4246
5.497787143782138 4.3196898986859651 5.497787143782138 4247
5.8904862254808616 4.3196898986859651 5.497787143782138 4248
6.2831853071795862 4.3196898986859651 5.497787143782138 4249
0 4.7123889803846897 5.497787143782138 4250
0.39269908169872414 4.7123889803846897 5.497787143782138 4251
0.78539816339744828 4.7123889803846897 5.497787143782138 4252
1.1780972450961724 4.7123889803846897 5.497787143782138 4253
1.5707963267948966 4.7123889803846897 5.497787143782138 4254
1.9634954084936207 4.7123889803846897 5.497787143782138 4255
2.3561944901923448 4.7123889803846897 5.497787143782138 4256
2.748893571891069 4.7123889803846897 5.497787143782138 4257
3.1415926535897931 4.7123889803846897 5.497787143782138 4258
3.5342917352885173 4.7123889803846897 5.497787143782138 4259
3.9269908169872414 4.7123889803846897 5.497787143782138 4260
4.3196898986859651 4.7123889803846897 5.497787143782138 4261
4.7123889803846897 4.7123889803846897 5.497787143782138 4262
5.1050880620834143 4.7123889803846897 5.497787143782138 4263
5.497787143782138 4.7123889803846897 5.497787143782138 4264
5.8904862254808616 4.7123889803846897 5.497787143782138 4265
6.2831853071795862 4.7123889803846897 5.497787143782138 4266
0 5.1050880620834143 5.497787143782138 4267
0.39269908169872414 5.1050880620834143 5.497787143782138 4268
0.78539816339744828 5.1050880620834143 5.497787143782138 4269
1.1780972450961724 5.1050880620834143 5.497787143782138 4270
1.5707963267948966 5.1050880620834143 5.497787143782138 4271
1.9634954084936207 5.1050880620834143 5.497787143782138 4272
2.3561944901923448 5.1050880620834143 5.497787143782138 4273
2.748893571891069 5.1050880620834143 5.497787143782138 4274
3.1415926535897931 5.1050880620834143 5.497787143782138 4275
3.5342917352885173 5.1050880620834143 5.497787143782138 4276
3.9269908169872414 5.1050880620834143 5.497787143782138 4277
4.3196898986859651 5.1050880620834143 5.497787143782138 4278
4.7123889803846897 5.1050880620834143 5.497787143782138 4279
5.1050880620834143 5.1050880620834143 5.497787143782138 4280
5.497787143782138 5.1050880620834143 5.497787143782138 4281
5.8904862254808616 5.1050880620834143 5.497787143782138 4282
6.2831853071795862 5.1050880620834143 5.497787143782138 4283
0 5.497787143782138 5.497787143782138 4284
0.39269908169872414 5.497787143782138 5.497787143782138 4285
0.78539816339744828 5.497787143782138 5.497787143782138 4286
1.1780972450961724 5.497787143782138 5.497787143782138 4287
1.5707963267948966 5.497787143782138 5.497787143782138 4288
1.9634954084936207 5.497787143782138 5.497787143782138 4289
2.3561944901923448 5.497787143782138 5.497787143782138 4290
2.748893571891069 5.497787143782138 5.497787143782138 4291
3.1415926535897931 5.497787143782138 5.497787143782138 4292
3.5342917352885173 5.497787143782138 5.497787143782138 4293
3.9269908169872414 5.497787143782138 5.497787143782138 4294
4.3196898986859651 5.497787143782138 5.497787143782138 4295
4.7123889803846897 5.497787143782138 5.497787143782138 4296
5.1050880620834143 5.497787143782138 5.497787143782138 4297
5.497787143782138 5.497787143782138 5.497787143782138 4298
5.8904862254808616 5.497787143782138 5.497787143782138 4299
6.2831853071795862 5.497787143782138 5.497787143782138 4300
0 5.8904862254808616 5.497787143782138 4301
0.39269908169872414 5.8904862254808616 5.497787143782138 4302
0.78539816339744828 5.8904862254808616 5.497787143782138 4303
1.1780972450961724 5.8904862254808616 5.497787143782138 4304
1.5707963267948966 5.8904862254808616 5.497787143782138 4305
1.9634954084936207 5.8904862254808616 5.497787143782138 4306
2.3561944901923448 5.8904862254808616 5.497787143782138 4307
2.748893571891069 5.8904862254808616 5.497787143782138 4308
3.1415926535897931 5.8904862254808616 5.497787143782138 4309
3.5342917352885173 5.8904862254808616 5.497787143782138 4310
3.9269908169872414 5.8904862254808616 5.497787143782138 4311
4.3196898986859651 5.8904862254808616 5.497787143782138 4312
4.7123889803846897 5.8904862254808616 5.497787143782138 4313
5.1050880620834143 5.8904862254808616 5.497787143782138 4314
5.497787143782138 5.8904862254808616 5.497787143782138 4315
5.8904862254808616 5.8904862254808616 5.497787143782138 4316
6.2831853071795862 5.8904862254808616 5.497787143782138 4317
0 6.2831853071795862 5.497787143782138 4318
0.39269908169872414 6.2831853071795862 5.497787143782138 4319
0.78539816339744828 6.2831853071795862 5.497787143782138 4320
1.1780972450961724 6.2831853071795862 5.497787143782138 4321
1.5707963267948966 6.2831853071795862 5.497787143782138 4322
1.9634954084936207 6.2831853071795862 5.497787143782138 4323
2.3561944901923448 6.2831853071795862 5.497787143782138 4324
2.748893571891069 6.2831853071795862 5.497787143782138 4325
3.1415926535897931 6.2831853071795862 5.497787143782138 4326
3.5342917352885173 6.2831853071795862 5.497787143782138 4327
3.9269908169872414 6.2831853071795862 5.497787143782138 4328
4.3196898986859651 6.2831853071795862 5.497787143782138 4329
4.7123889803846897 6.2831853071795862 5.497787143782138 4330
5.1050880620834143 6.2831853071795862 5.497787143782138 4331
5.497787143782138 6.2831853071795862 5.497787143782138 4332
5.8904862254808616 6.2831853071795862 5.497787143782138 4333
6.2831853071795862 6.2831853071795862 5.497787143782138 4334
0 0 5.8904862254808616 4335
0.39269908169872414 0 5.8904862254808616 4336
0.78539816339744828 0 5.8904862254808616 4337
1.1780972450961724 0 5.8904862254808616 4338
1.5707963267948966 0 5.8904862254808616 4339
1.9634954084936207 0 5.8904862254808616 4340
2.3561944901923448 0 5.8904862254808616 4341
2.748893571891069 0 5.8904862254808616 4342
3.1415926535897931 0 5.8904862254808616 4343
3.5342917352885173 0 5.8904862254808616 4344
3.9269908169872414 0 5.8904862254808616 4345
4.3196898986859651 0 5.8904862254808616 4346
4.7123889803846897 0 5.8904862254808616 4347
5.1050880620834143 0 5.8904862254808616 4348
5.497787143782138 0 5.8904862254808616 4349
5.8904862254808616 0 5.8904862254808616 4350
6.2831853071795862 0 5.8904862254808616 4351
0 0.39269908169872414 5.8904862254808616 4352
0.39269908169872414 0.39269908169872414 5.8904862254808616 4353
0.78539816339744828 0.39269908169872414 5.8904862254808616 4354
1.1780972450961724 0.39269908169872414 5.8904862254808616 4355
1.5707963267948966 0.39269908169872414 5.8904862254808616 4356
1.9634954084936207 0.39269908169872414 5.8904862254808616 4357
2.3561944901923448 0.39269908169872414 5.8904862254808616 4358
2.748893571891069 0.39269908169872414 5.8904862254808616 4359
3.1415926535897931 0.39269908169872414 5.8904862254808616 4360
3.5342917352885173 0.39269908169872414 5.8904862254808616 4361
3.9269908169872414 0.39269908169872414 5.8904862254808616 4362
4.3196898986859651 0.39269908169872414 5.8904862254808616 4363
4.7123889803846897 0.39269908169872414 5.8904862254808616 4364
5.1050880620834143 0.39269908169872414 5.8904862254808616 4365
5.497787143782138 0.39269908169872414 5.8904862254808616 4366
5.8904862254808616 0.39269908169872414 5.8904862254808616 4367
6.2831853071795862 0.39269908169872414 5.8904862254808616 4368
0 0.78539816339744828 5.8904862254808616 4369
0.39269908169872414 0.78539816339744828 5.8904862254808616 4370
0.78539816339744828 0.78539816339744828 5.8904862254808616 4371
1.1780972450961724 0.78539816339744828 5.8904862254808616 4372
1.5707963267948966 0.78539816339744828 5.8904862254808616 4373
1.9634954084936207 0.78539816339744828 5.8904862254808616 4374
2.3561944901923448 0.78539816339744828 5.8904862254808616 4375
2.748893571891069 0.78539816339744828 5.8904862254808616 4376
3.1415926535897931 0.78539816339744828 5.8904862254808616 4377
3.5342917352885173 0.78539816339744828 5.8904862254808616 4378
3.9269908169872414 0.78539816339744828 5.8904862254808616 4379
4.3196898986859651 0.78539816339744828 5.8904862254808616 4380
4.7123889803846897 0.78539816339744828 5.8904862254808616 4381
5.1050880620834143 0.78539816339744828 5.8904862254808616 4382
5.497787143782138 0.78539816339744828 5.8904862254808616 4383
5.8904862254808616 0.78539816339744828 5.8904862254808616 4384
6.2831853071795862 0.78539816339744828 5.8904862254808616 4385
0 1.1780972450961724 5.8904862254808616 4386
0.39269908169872414 1.1780972450961724 5.8904862254808616 4387
0.78539816339744828 1.1780972450961724 5.8904862254808616 4388
1.1780972450961724 1.1780972450961724 5.8904862254808616 4389
1.5707963267948966 1.1780972450961724 5.8904862254808616 4390
1.9634954084936207 1.1780972450961724 5.8904862254808616 4391
2.3561944901923448 1.1780972450961724 5.8904862254808616 4392
2.748893571891069 1.1780972450961724 5.8904862254808616 4393
3.1415926535897931 1.1780972450961724 5.8904862254808616 4394
3.5342917352885173 1.1780972450961724 5.8904862254808616 4395
3.9269908169872414 1.1780972450961724 5.8904862254808616 4396
4.3196898986859651 1.1780972450961724 5.8904862254808616 4397
4.7123889803846897 1.1780972450961724 5.8904862254808616 4398
5.1050880620834143 1.1780972450961724 5.8904862254808616 4399
5.497787143782138 1.1780972450961724 5.8904862254808616 4400
5.8904862254808616 1.1780972450961724 5.8904862254808616 4401
6.2831853071795862 1.1780972450961724 5.8904862254808616 4402
0 1.5707963267948966 5.8904862254808616 4403
0.39269908169872414 1.5707963267948966 5.8904862254808616 4404
0.78539816339744828 1.5707963267948966 5.8904862254808616 4405
1.1780972450961724 1.5707963267948966 5.8904862254808616 4406
1.5707963267948966 1.5707963267948966 5.8904862254808616 4407
1.9634954084936207 1.5707963267948966 5.8904862254808616 4408
2.3561944901923448 1.5707963267948966 5.8904862254808616 4409
2.748893571891069 1.5707963267948966 5.8904862254808616 4410
3.1415926535897931 1.5707963267948966 5.8904862254808616 4411
3.5342917352885173 1.5707963267948966 5.8904862254808616 4412
3.9269908169872414 1.5707963267948966 5.8904862254808616 4413
4.3196898986859651 1.5707963267948966 5.8904862254808616 4414
4.7123889803846897 1.5707963267948966 5.8904862254808616 4415
5.1050880620834143 1.5707963267948966 5.8904862254808616 4416
5.497787143782138 1.5707963267948966 5.8904862254808616 4417
5.8904862254808616 1.5707963267948966 5.8904862254808616 4418
6.2831853071795862 1.5707963267948966 5.8904862254808616 4419
0 1.9634954084936207 5.8904862254808616 4420
0.39269908169872414 1.9634954084936207 5.8904862254808616 4421
0.78539816339744828 1.9634954084936207 5.8904862254808616 4422
1.1780972450961724 1.9634954084936207 5.8904862254808616 4423
1.5707963267948966 1.9634954084936207 5.8904862254808616 4424
1.9634954084936207 1.9634954084936207 5.8904862254808616 4425
2.3561944901923448 1.9634954084936207 5.8904862254808616 4426
2.748893571891069 1.9634954084936207 5.8904862254808616 4427
3.1415926535897931 1.9634954084936207 5.8904862254808616 4428
3.5342917352885173 1.9634954084936207 5.8904862254808616 4429
3.9269908169872414 1.9634954084936207 5.8904862254808616 4430
4.3196898986859651 1.9634954084936207 5.8904862254808616 4431
4.7123889803846897 1.9634954084936207 5.8904862254808616 4432
5.1050880620834143 1.9634954084936207 5.8904862254808616 4433
5.497787143782138 1.9634954084936207 5.8904862254808616 4434
5.8904862254808616 1.9634954084936207 5.8904862254808616 4435
6.2831853071795862 1.9634954084936207 5.8904862254808616 4436
0 2.3561944901923448 5.8904862254808616 4437
0.39269908169872414 2.3561944901923448 5.8904862254808616 4438
0.78539816339744828 2.3561944901923448 5.8904862254808616 4439
1.1780972450961724 2.3561944901923448 5.8904862254808616 4440
1.5707963267948966 2.3561944901923448 5.8904862254808616 4441
1.9634954084936207 2.3561944901923448 5.8904862254808616 4442
2.3561944901923448 2.3561944901923448 5.8904862254808616 4443
2.748893571891069 2.3561944901923448 5.8904862254808616 4444
3.1415926535897931 2.3561944901923448 5.8904862254808616 4445
3.5342917352885173 2.3561944901923448 5.8904862254808616 4446
3.9269908169872414 2.3561944901923448 5.8904862254808616 4447
4.3196898986859651 2.3561944901923448 5.8904862254808616 4448
4.7123889803846897 2.3561944901923448 5.8904862254808616 4449
5.1050880620834143 2.3561944901923448 5.8904862254808616 4450
5.497787143782138 2.3561944901923448 5.8904862254808616 4451
5.8904862254808616 2.3561944901923448 5.8904862254808616 4452
6.2831853071795862 2.3561944901923448 5.8904862254808616 4453
0 2.748893571891069 5.8904862254808616 4454
0.39269908169872414 2.748893571891069 5.8904862254808616 4455
0.78539816339744828 2.748893571891069 5.8904862254808616 4456
1.1780972450961724 2.748893571891069 5.8904862254808616 4457
1.5707963267948966 2.748893571891069 5.8904862254808616 4458
1.9634954084936207 2.748893571891069 5.8904862254808616 4459
2.3561944901923448 2.748893571891069 5.8904862254808616 4460
2.748893571891069 2.748893571891069 5.8904862254808616 4461
3.1415926535897931 2.748893571891069 5.8904862254808616 4462
3.5342917352885173 2.748893571891069 5.8904862254808616 4463
3.9269908169872414 2.748893571891069 5.8904862254808616 4464
4.3196898986859651 2.748893571891069 5.8904862254808616 4465
4.7123889803846897 2.748893571891069 5.8904862254808616 4466
5.1050880620834143 2.748893571891069 5.8904862254808616 4467
5.497787143782138 2.748893571891069 5.8904862254808616 4468
5.8904862254808616 2.748893571891069 5.8904862254808616 4469
6.2831853071795862 2.748893571891069 5.8904862254808616 4470
0 3.1415926535897931 5.8904862254808616 4471
0.39269908169872414 3.1415926535897931 5.8904862254808616 4472
0.78539816339744828 3.1415926535897931 5.8904862254808616 4473
1.1780972450961724 3.1415926535897931 5.8904862254808616 4474
1.5707963267948966 3.1415926535897931 5.8904862254808616 4475
1.9634954084936207 3.1415926535897931 5.8904862254808616 4476
2.3561944901923448 3.1415926535897931 5.8904862254808616 4477
2.748893571891069 3.1415926535897931 5.8904862254808616 4478
3.1415926535897931 3.1415926535897931 5.8904862254808616 4479
3.5342917352885173 3.1415926535897931 5.8904862254808616 4480
3.9269908169872414 3.1415926535897931 5.8904862254808616 4481
4.3196898986859651 3.1415926535897931 5.8904862254808616 4482
4.7123889803846897 3.1415926535897931 5.8904862254808616 4483
5.1050880620834143 3.1415926535897931 5.8904862254808616 4484
5.497787143782138 3.1415926535897931 5.8904862254808616 4485
5.8904862254808616 3.1415926535897931 5.8904862254808616 4486
6.2831853071795862 3.1415926535897931 5.8904862254808616 4487
0 3.5342917352885173 5.8904862254808616 4488
0.39269908169872414 3.5342917352885173 5.8904862254808616 4489
0.78539816339744828 3.5342917352885173 5.8904862254808616 4490
1.1780972450961724 3.5342917352885173 5.8904862254808616 4491
1.5707963267948966 3.5342917352885173 5.8904862254808616 4492
1.9634954084936207 3.5342917352885173 5.8904862254808616 4493
2.3561944901923448 3.5342917352885173 5.8904862254808616 4494
2.748893571891069 3.5342917352885173 5.8904862254808616 4495
3.1415926535897931 3.5342917352885173 5.8904862254808616 4496
3.5342917352885173 3.5342917352885173 5.8904862254808616 4497
3.9269908169872414 3.5342917352885173 5.8904862254808616 4498
4.3196898986859651 3.5342917352885173 5.8904862254808616 4499
4.7123889803846897 3.5342917352885173 5.8904862254808616 4500
5.1050880620834143 3.5342917352885173 5.8904862254808616 4501
5.497787143782138 3.5342917352885173 5.8904862254808616 4502
5.8904862254808616 3.5342917352885173 5.8904862254808616 4503
6.2831853071795862 3.5342917352885173 5.8904862254808616 4504
0 3.9269908169872414 5.8904862254808616 4505
0.39269908169872414 3.9269908169872414 5.8904862254808616 4506
0.78539816339744828 3.9269908169872414 5.8904862254808616 4507
1.1780972450961724 3.9269908169872414 5.8904862254808616 4508
1.5707963267948966 3.9269908169872414 5.8904862254808616 4509
1.9634954084936207 3.9269908169872414 5.8904862254808616 4510
2.3561944901923448 3.9269908169872414 5.8904862254808616 4511
2.748893571891069 3.9269908169872414 5.8904862254808616 4512
3.1415926535897931 3.9269908169872414 5.8904862254808616 4513
3.5342917352885173 3.9269908169872414 5.8904862254808616 4514
3.9269908169872414 3.9269908169872414 5.8904862254808616 4515
4.3196898986859651 3.9269908169872414 5.8904862254808616 4516
4.7123889803846897 3.9269908169872414 5.8904862254808616 4517
5.1050880620834143 3.9269908169872414 5.8904862254808616 4518
5.497787143782138 3.9269908169872414 5.8904862254808616 4519
5.8904862254808616 3.9269908169872414 5.8904862254808616 4520
6.2831853071795862 3.9269908169872414 5.8904862254808616 4521
0 4.3196898986859651 5.8904862254808616 4522
0.39269908169872414 4.3196898986859651 5.8904862254808616 4523
0.78539816339744828 4.3196898986859651 5.8904862254808616 4524
1.1780972450961724 4.3196898986859651 5.8904862254808616 4525
1.5707963267948966 4.3196898986859651 5.8904862254808616 4526
1.9634954084936207 4.3196898986859651 5.8904862254808616 4527
2.3561944901923448 4.3196898986859651 5.8904862254808616 4528
2.748893571891069 4.3196898986859651 5.8904862254808616 4529
3.1415926535897931 4.3196898986859651 5.8904862254808616 4530
3.5342917352885173 4.3196898986859651 5.8904862254808616 4531
3.9269908169872414 4.3196898986859651 5.8904862254808616 4532
4.3196898986859651 4.3196898986859651 5.8904862254808616 4533
4.7123889803846897 4.3196898986859651 5.8904862254808616 4534
5.1050880620834143 4.3196898986859651 5.8904862254808616 4535
5.497787143782138 4.3196898986859651 5.8904862254808616 4536
5.8904862254808616 4.3196898986859651 5.8904862254808616 4537
6.2831853071795862 4.3196898986859651 5.8904862254808616 4538
0 4.7123889803846897 5.8904862254808616 4539
0.39269908169872414 4.7123889803846897 5.8904862254808616 4540
0.78539816339744828 4.7123889803846897 5.8904862254808616 4541
1.1780972450961724 4.7123889803846897 5.8904862254808616 4542
1.5707963267948966 4.7123889803846897 5.8904862254808616 4543
1.9634954084936207 4.7123889803846897 5.8904862254808616 4544
2.3561944901923448 4.7123889803846897 5.8904862254808616 4545
2.748893571891069 4.7123889803846897 5.8904862254808616 4546
3.1415926535897931 4.7123889803846897 5.8904862254808616 4547
3.5342917352885173 4.7123889803846897 5.8904862254808616 4548
3.9269908169872414 4.7123889803846897 5.8904862254808616 4549
4.3196898986859651 4.7123889803846897 5.8904862254808616 4550
4.7123889803846897 4.7123889803846897 5.8904862254808616 4551
5.1050880620834143 4.7123889803846897 5.8904862254808616 4552
5.497787143782138 4.7123889803846897 5.8904862254808616 4553
5.8904862254808616 4.7123889803846897 5.8904862254808616 4554
6.2831853071795862 4.7123889803846897 5.8904862254808616 4555
0 5.1050880620834143 5.8904862254808616 4556
0.39269908169872414 5.1050880620834143 5.8904862254808616 4557
0.78539816339744828 5.1050880620834143 5.8904862254808616 4558
1.1780972450961724 5.1050880620834143 5.8904862254808616 4559
1.5707963267948966 5.1050880620834143 5.8904862254808616 4560
1.9634954084936207 5.1050880620834143 5.8904862254808616 4561
2.3561944901923448 5.1050880620834143 5.8904862254808616 4562
2.748893571891069 5.1050880620834143 5.8904862254808616 4563
3.1415926535897931 5.1050880620834143 5.8904862254808616 4564
3.5342917352885173 5.1050880620834143 5.8904862254808616 4565
3.9269908169872414 5.1050880620834143 5.8904862254808616 4566
4.3196898986859651 5.1050880620834143 5.8904862254808616 4567
4.7123889803846897 5.1050880620834143 5.8904862254808616 4568
5.1050880620834143 5.1050880620834143 5.8904862254808616 4569
5.497787143782138 5.1050880620834143 5.8904862254808616 4570
5.8904862254808616 5.1050880620834143 5.8904862254808616 4571
6.2831853071795862 5.1050880620834143 5.8904862254808616 4572
0 5.497787143782138 5.8904862254808616 4573
0.39269908169872414 5.497787143782138 5.8904862254808616 4574
0.78539816339744828 5.497787143782138 5.8904862254808616 4575
1.1780972450961724 5.497787143782138 5.8904862254808616 4576
1.5707963267948966 5.497787143782138 5.8904862254808616 4577
1.9634954084936207 5.497787143782138 5.8904862254808616 4578
2.3561944901923448 5.497787143782138 5.8904862254808616 4579
2.748893571891069 5.497787143782138 5.8904862254808616 4580
3.1415926535897931 5.497787143782138 5.8904862254808616 4581
3.5342917352885173 5.497787143782138 5.8904862254808616 4582
3.9269908169872414 5.497787143782138 5.8904862254808616 4583
4.3196898986859651 5.497787143782138 5.8904862254808616 4584
4.7123889803846897 5.497787143782138 5.8904862254808616 4585
5.1050880620834143 5.497787143782138 5.8904862254808616 4586
5.497787143782138 5.497787143782138 5.8904862254808616 4587
5.8904862254808616 5.497787143782138 5.8904862254808616 4588
6.2831853071795862 5.497787143782138 5.8904862254808616 4589
0 5.8904862254808616 5.8904862254808616 4590
0.39269908169872414 5.8904862254808616 5.8904862254808616 4591
0.78539816339744828 5.8904862254808616 5.8904862254808616 4592
1.1780972450961724 5.8904862254808616 5.8904862254808616 4593
1.5707963267948966 5.8904862254808616 5.8904862254808616 4594
1.9634954084936207 5.8904862254808616 5.8904862254808616 4595
2.3561944901923448 5.8904862254808616 5.8904862254808616 4596
2.748893571891069 5.8904862254808616 5.8904862254808616 4597
3.1415926535897931 5.8904862254808616 5.8904862254808616 4598
3.5342917352885173 5.8904862254808616 5.8904862254808616 4599
3.9269908169872414 5.8904862254808616 5.8904862254808616 4600
4.3196898986859651 5.8904862254808616 5.8904862254808616 4601
4.7123889803846897 5.8904862254808616 5.8904862254808616 4602
5.1050880620834143 5.8904862254808616 5.8904862254808616 4603
5.497787143782138 5.8904862254808616 5.8904862254808616 4604
5.8904862254808616 5.8904862254808616 5.8904862254808616 4605
6.2831853071795862 5.8904862254808616 5.8904862254808616 4606
0 6.2831853071795862 5.8904862254808616 4607
0.39269908169872414 6.2831853071795862 5.8904862254808616 4608
0.78539816339744828 6.2831853071795862 5.8904862254808616 4609
1.1780972450961724 6.2831853071795862 5.8904862254808616 4610
1.5707963267948966 6.2831853071795862 5.8904862254808616 4611
1.9634954084936207 6.2831853071795862 5.8904862254808616 4612
2.3561944901923448 6.2831853071795862 5.8904862254808616 4613
2.748893571891069 6.2831853071795862 5.8904862254808616 4614
3.1415926535897931 6.2831853071795862 5.8904862254808616 4615
3.5342917352885173 6.2831853071795862 5.8904862254808616 4616
3.9269908169872414 6.2831853071795862 5.8904862254808616 4617
4.3196898986859651 6.2831853071795862 5.8904862254808616 4618
4.7123889803846897 6.2831853071795862 5.8904862254808616 4619
5.1050880620834143 6.2831853071795862 5.8904862254808616 4620
5.497787143782138 6.2831853071795862 5.8904862254808616 4621
5.8904862254808616 6.2831853071795862 5.8904862254808616 4622
6.2831853071795862 6.2831853071795862 5.8904862254808616 4623
0 0 6.2831853071795862 4624
0.39269908169872414 0 6.2831853071795862 4625
0.78539816339744828 0 6.2831853071795862 4626
1.1780972450961724 0 6.2831853071795862 4627
1.5707963267948966 0 6.2831853071795862 4628
1.9634954084936207 0 6.2831853071795862 4629
2.3561944901923448 0 6.2831853071795862 4630
2.748893571891069 0 6.2831853071795862 4631
3.1415926535897931 0 6.2831853071795862 4632
3.5342917352885173 0 6.2831853071795862 4633
3.9269908169872414 0 6.2831853071795862 4634
4.3196898986859651 0 6.2831853071795862 4635
4.7123889803846897 0 6.2831853071795862 4636
5.1050880620834143 0 6.2831853071795862 4637
5.497787143782138 0 6.2831853071795862 4638
5.8904862254808616 0 6.2831853071795862 4639
6.2831853071795862 0 6.2831853071795862 4640
0 0.39269908169872414 6.2831853071795862 4641
0.39269908169872414 0.39269908169872414 6.2831853071795862 4642
0.78539816339744828 0.39269908169872414 6.2831853071795862 4643
1.1780972450961724 0.39269908169872414 6.2831853071795862 4644
1.5707963267948966 0.39269908169872414 6.2831853071795862 4645
1.9634954084936207 0.39269908169872414 6.2831853071795862 4646
2.3561944901923448 0.39269908169872414 6.2831853071795862 4647
2.748893571891069 0.39269908169872414 6.2831853071795862 4648
3.1415926535897931 0.39269908169872414 6.2831853071795862 4649
3.5342917352885173 0.39269908169872414 6.2831853071795862 4650
3.9269908169872414 0.39269908169872414 6.2831853071795862 4651
4.3196898986859651 0.39269908169872414 6.2831853071795862 4652
4.7123889803846897 0.39269908169872414 6.2831853071795862 4653
5.1050880620834143 0.39269908169872414 6.2831853071795862 4654
5.497787143782138 0.39269908169872414 6.2831853071795862 4655
5.8904862254808616 0.39269908169872414 6.2831853071795862 4656
6.2831853071795862 0.39269908169872414 6.2831853071795862 4657
0 0.78539816339744828 6.2831853071795862 4658
0.39269908169872414 0.78539816339744828 6.2831853071795862 4659
0.78539816339744828 0.78539816339744828 6.2831853071795862 4660
1.1780972450961724 0.78539816339744828 6.2831853071795862 4661
1.5707963267948966 0.78539816339744828 6.2831853071795862 4662
1.9634954084936207 0.78539816339744828 6.2831853071795862 4663
2.3561944901923448 0.78539816339744828 6.2831853071795862 4664
2.748893571891069 0.78539816339744828 6.2831853071795862 4665
3.1415926535897931 0.78539816339744828 6.2831853071795862 4666
3.5342917352885173 0.78539816339744828 6.2831853071795862 4667
3.9269908169872414 0.78539816339744828 6.2831853071795862 4668
4.3196898986859651 0.78539816339744828 6.2831853071795862 4669
4.7123889803846897 0.78539816339744828 6.2831853071795862 4670
5.1050880620834143 0.78539816339744828 6.2831853071795862 4671
5.497787143782138 0.78539816339744828 6.2831853071795862 4672
5.8904862254808616 0.78539816339744828 6.2831853071795862 4673
6.2831853071795862 0.78539816339744828 6.2831853071795862 4674
0 1.1780972450961724 6.2831853071795862 4675
0.39269908169872414 1.1780972450961724 6.2831853071795862 4676
0.78539816339744828 1.1780972450961724 6.2831853071795862 4677
1.1780972450961724 1.1780972450961724 6.2831853071795862 4678
1.5707963267948966 1.1780972450961724 6.2831853071795862 4679
1.9634954084936207 1.1780972450961724 6.2831853071795862 4680
2.3561944901923448 1.1780972450961724 6.2831853071795862 4681
2.748893571891069 1.1780972450961724 6.2831853071795862 4682
3.1415926535897931 1.1780972450961724 6.2831853071795862 4683
3.5342917352885173 1.1780972450961724 6.2831853071795862 4684
3.9269908169872414 1.1780972450961724 6.2831853071795862 4685
4.3196898986859651 1.1780972450961724 6.2831853071795862 4686
4.7123889803846897 1.1780972450961724 6.2831853071795862 4687
5.1050880620834143 1.1780972450961724 6.2831853071795862 4688
5.497787143782138 1.1780972450961724 6.2831853071795862 4689
5.8904862254808616 1.1780972450961724 6.2831853071795862 4690
6.2831853071795862 1.1780972450961724 6.2831853071795862 4691
0 1.5707963267948966 6.2831853071795862 4692
0.39269908169872414 1.5707963267948966 6.2831853071795862 4693
0.78539816339744828 1.5707963267948966 6.2831853071795862 4694
1.1780972450961724 1.5707963267948966 6.2831853071795862 4695
1.5707963267948966 1.5707963267948966 6.2831853071795862 4696
1.9634954084936207 1.5707963267948966 6.2831853071795862 4697
2.3561944901923448 1.5707963267948966 6.2831853071795862 4698
2.748893571891069 1.5707963267948966 6.2831853071795862 4699
3.1415926535897931 1.5707963267948966 6.2831853071795862 4700
3.5342917352885173 1.5707963267948966 6.2831853071795862 4701
3.9269908169872414 1.5707963267948966 6.2831853071795862 4702
4.3196898986859651 1.5707963267948966 6.2831853071795862 4703
4.7123889803846897 1.5707963267948966 6.2831853071795862 4704
5.1050880620834143 1.5707963267948966 6.2831853071795862 4705
5.497787143782138 1.5707963267948966 6.2831853071795862 4706
5.8904862254808616 1.5707963267948966 6.2831853071795862 4707
6.2831853071795862 1.5707963267948966 6.2831853071795862 4708
0 1.9634954084936207 6.2831853071795862 4709
0.39269908169872414 1.9634954084936207 6.2831853071795862 4710
0.78539816339744828 1.9634954084936207 6.2831853071795862 4711
1.1780972450961724 1.9634954084936207 6.2831853071795862 4712
1.5707963267948966 1.9634954084936207 6.2831853071795862 4713
1.9634954084936207 1.9634954084936207 6.2831853071795862 4714
2.3561944901923448 1.9634954084936207 6.2831853071795862 4715
2.748893571891069 1.9634954084936207 6.2831853071795862 4716
3.1415926535897931 1.9634954084936207 6.2831853071795862 4717
3.5342917352885173 1.9634954084936207 6.2831853071795862 4718
3.9269908169872414 1.9634954084936207 6.2831853071795862 4719
4.3196898986859651 1.9634954084936207 6.2831853071795862 4720
4.7123889803846897 1.9634954084936207 6.2831853071795862 4721
5.1050880620834143 1.9634954084936207 6.2831853071795862 4722
5.497787143782138 1.9634954084936207 6.2831853071795862 4723
5.8904862254808616 1.9634954084936207 6.2831853071795862 4724
6.2831853071795862 1.9634954084936207 6.2831853071795862 4725
0 2.3561944901923448 6.2831853071795862 4726
0.39269908169872414 2.3561944901923448 6.2831853071795862 4727
0.78539816339744828 2.3561944901923448 6.2831853071795862 4728
1.1780972450961724 2.3561944901923448 6.2831853071795862 4729
1.5707963267948966 2.3561944901923448 6.2831853071795862 4730
1.9634954084936207 2.3561944901923448 6.2831853071795862 4731
2.3561944901923448 2.3561944901923448 6.2831853071795862 4732
2.748893571891069 2.3561944901923448 6.2831853071795862 4733
3.1415926535897931 2.3561944901923448 6.2831853071795862 4734
3.5342917352885173 2.3561944901923448 6.2831853071795862 4735
3.9269908169872414 2.3561944901923448 6.2831853071795862 4736
4.3196898986859651 2.3561944901923448 6.2831853071795862 4737
4.7123889803846897 2.3561944901923448 6.2831853071795862 4738
5.1050880620834143 2.3561944901923448 6.2831853071795862 4739
5.497787143782138 2.3561944901923448 6.2831853071795862 4740
5.8904862254808616 2.3561944901923448 6.2831853071795862 4741
6.2831853071795862 2.3561944901923448 6.2831853071795862 4742
0 2.748893571891069 6.2831853071795862 4743
0.39269908169872414 2.748893571891069 6.2831853071795862 4744
0.78539816339744828 2.748893571891069 6.2831853071795862 4745
1.1780972450961724 2.748893571891069 6.2831853071795862 4746
1.5707963267948966 2.748893571891069 6.2831853071795862 4747
1.9634954084936207 2.748893571891069 6.2831853071795862 4748
2.3561944901923448 2.748893571891069 6.2831853071795862 4749
2.748893571891069 2.748893571891069 6.2831853071795862 4750
3.1415926535897931 2.748893571891069 6.2831853071795862 4751
3.5342917352885173 2.748893571891069 6.2831853071795862 4752
3.9269908169872414 2.748893571891069 6.2831853071795862 4753
4.3196898986859651 2.748893571891069 6.2831853071795862 4754
4.7123889803846897 2.748893571891069 6.2831853071795862 4755
5.1050880620834143 2.748893571891069 6.2831853071795862 4756
5.497787143782138 2.748893571891069 6.2831853071795862 4757
5.8904862254808616 2.748893571891069 6.2831853071795862 4758
6.2831853071795862 2.748893571891069 6.2831853071795862 4759
0 3.1415926535897931 6.2831853071795862 4760
0.39269908169872414 3.1415926535897931 6.2831853071795862 4761
0.78539816339744828 3.1415926535897931 6.2831853071795862 4762
1.1780972450961724 3.1415926535897931 6.2831853071795862 4763
1.5707963267948966 3.1415926535897931 6.2831853071795862 4764
1.9634954084936207 3.1415926535897931 6.2831853071795862 4765
2.3561944901923448 3.1415926535897931 6.2831853071795862 4766
2.748893571891069 3.1415926535897931 6.2831853071795862 4767
3.1415926535897931 3.1415926535897931 6.2831853071795862 4768
3.5342917352885173 3.1415926535897931 6.2831853071795862 4769
3.9269908169872414 3.1415926535897931 6.2831853071795862 4770
4.3196898986859651 3.1415926535897931 6.2831853071795862 4771
4.7123889803846897 3.1415926535897931 6.2831853071795862 4772
5.1050880620834143 3.1415926535897931 6.2831853071795862 4773
5.497787143782138 3.1415926535897931 6.2831853071795862 4774
5.8904862254808616 3.1415926535897931 6.2831853071795862 4775
6.2831853071795862 3.1415926535897931 6.2831853071795862 4776
0 3.5342917352885173 6.2831853071795862 4777
0.39269908169872414 3.5342917352885173 6.2831853071795862 4778
0.78539816339744828 3.5342917352885173 6.2831853071795862 4779
1.1780972450961724 3.5342917352885173 6.2831853071795862 4780
1.5707963267948966 3.5342917352885173 6.2831853071795862 4781
1.9634954084936207 3.5342917352885173 6.2831853071795862 4782
2.3561944901923448 3.5342917352885173 6.2831853071795862 4783
2.748893571891069 3.5342917352885173 6.2831853071795862 4784
3.1415926535897931 3.5342917352885173 6.2831853071795862 4785
3.5342917352885173 3.5342917352885173 6.2831853071795862 4786
3.9269908169872414 3.5342917352885173 6.2831853071795862 4787
4.3196898986859651 3.5342917352885173 6.2831853071795862 4788
4.7123889803846897 3.5342917352885173 6.2831853071795862 4789
5.1050880620834143 3.5342917352885173 6.2831853071795862 4790
5.497787143782138 3.5342917352885173 6.2831853071795862 4791
5.8904862254808616 3.5342917352885173 6.2831853071795862 4792
6.2831853071795862 3.5342917352885173 6.2831853071795862 4793
0 3.9269908169872414 6.2831853071795862 4794
0.39269908169872414 3.9269908169872414 6.2831853071795862 4795
0.78539816339744828 3.9269908169872414 6.2831853071795862 4796
1.1780972450961724 3.9269908169872414 6.2831853071795862 4797
1.5707963267948966 3.9269908169872414 6.2831853071795862 4798
1.9634954084936207 3.9269908169872414 6.2831853071795862 4799
2.3561944901923448 3.9269908169872414 6.2831853071795862 4800
2.748893571891069 3.9269908169872414 6.2831853071795862 4801
3.1415926535897931 3.9269908169872414 6.2831853071795862 4802
3.5342917352885173 3.9269908169872414 6.2831853071795862 4803
3.9269908169872414 3.9269908169872414 6.2831853071795862 4804
4.3196898986859651 3.9269908169872414 6.2831853071795862 4805
4.7123889803846897 3.9269908169872414 6.2831853071795862 4806
5.1050880620834143 3.9269908169872414 6.2831853071795862 4807
5.497787143782138 3.9269908169872414 6.2831853071795862 4808
5.8904862254808616 3.9269908169872414 6.2831853071795862 4809
6.2831853071795862 3.9269908169872414 6.2831853071795862 4810
0 4.3196898986859651 6.2831853071795862 4811
0.39269908169872414 4.3196898986859651 6.2831853071795862 4812
0.78539816339744828 4.3196898986859651 6.2831853071795862 4813
1.1780972450961724 4.3196898986859651 6.2831853071795862 4814
1.5707963267948966 4.3196898986859651 6.2831853071795862 4815
1.9634954084936207 4.3196898986859651 6.2831853071795862 4816
2.3561944901923448 4.3196898986859651 6.2831853071795862 4817
2.748893571891069 4.3196898986859651 6.2831853071795862 4818
3.1415926535897931 4.3196898986859651 6.2831853071795862 4819
3.5342917352885173 4.3196898986859651 6.2831853071795862 4820
3.9269908169872414 4.3196898986859651 6.2831853071795862 4821
4.3196898986859651 4.3196898986859651 6.2831853071795862 4822
4.7123889803846897 4.3196898986859651 6.2831853071795862 4823
5.1050880620834143 4.3196898986859651 6.2831853071795862 4824
5.497787143782138 4.3196898986859651 6.2831853071795862 4825
5.8904862254808616 4.3196898986859651 6.2831853071795862 4826
6.2831853071795862 4.3196898986859651 6.2831853071795862 4827
0 4.7123889803846897 6.2831853071795862 4828
0.39269908169872414 4.7123889803846897 6.2831853071795862 4829
0.78539816339744828 4.7123889803846897 6.2831853071795862 4830
1.1780972450961724 4.7123889803846897 6.2831853071795862 4831
1.5707963267948966 4.7123889803846897 6.2831853071795862 4832
1.9634954084936207 4.7123889803846897 6.2831853071795862 4833
2.3561944901923448 4.7123889803846897 6.2831853071795862 4834
2.748893571891069 4.7123889803846897 6.2831853071795862 4835
3.1415926535897931 4.7123889803846897 6.2831853071795862 4836
3.5342917352885173 4.7123889803846897 6.2831853071795862 4837
3.9269908169872414 4.7123889803846897 6.2831853071795862 4838
4.3196898986859651 4.7123889803846897 6.2831853071795862 4839
4.7123889803846897 4.7123889803846897 6.2831853071795862 4840
5.1050880620834143 4.7123889803846897 6.2831853071795862 4841
5.497787143782138 4.7123889803846897 6.2831853071795862 4842
5.8904862254808616 4.7123889803846897 6.2831853071795862 4843
6.2831853071795862 4.7123889803846897 6.2831853071795862 4844
0 5.1050880620834143 6.2831853071795862 4845
0.39269908169872414 5.1050880620834143 6.2831853071795862 4846
0.78539816339744828 5.1050880620834143 6.2831853071795862 4847
1.1780972450961724 5.1050880620834143 6.2831853071795862 4848
1.5707963267948966 5.1050880620834143 6.2831853071795862 4849
1.9634954084936207 5.1050880620834143 6.2831853071795862 4850
2.3561944901923448 5.1050880620834143 6.2831853071795862 4851
2.748893571891069 5.1050880620834143 6.2831853071795862 4852
3.1415926535897931 5.1050880620834143 6.2831853071795862 4853
3.5342917352885173 5.1050880620834143 6.2831853071795862 4854
3.9269908169872414 5.1050880620834143 6.2831853071795862 4855
4.3196898986859651 5.1050880620834143 6.2831853071795862 4856
4.7123889803846897 5.1050880620834143 6.2831853071795862 4857
5.1050880620834143 5.1050880620834143 6.2831853071795862 4858
5.497787143782138 5.1050880620834143 6.2831853071795862 4859
5.8904862254808616 5.1050880620834143 6.2831853071795862 4860
6.2831853071795862 5.1050880620834143 6.2831853071795862 4861
0 5.497787143782138 6.2831853071795862 4862
0.39269908169872414 5.497787143782138 6.2831853071795862 4863
0.78539816339744828 5.497787143782138 6.2831853071795862 4864
1.1780972450961724 5.497787143782138 6.2831853071795862 4865
1.5707963267948966 5.497787143782138 6.2831853071795862 4866
1.9634954084936207 5.497787143782138 6.2831853071795862 4867
2.3561944901923448 5.497787143782138 6.2831853071795862 4868
2.748893571891069 5.497787143782138 6.2831853071795862 4869
3.1415926535897931 5.497787143782138 6.2831853071795862 4870
3.5342917352885173 5.497787143782138 6.2831853071795862 4871
3.9269908169872414 5.497787143782138 6.2831853071795862 4872
4.3196898986859651 5.497787143782138 6.2831853071795862 4873
4.7123889803846897 5.497787143782138 6.2831853071795862 4874
5.1050880620834143 5.497787143782138 6.2831853071795862 4875
5.497787143782138 5.497787143782138 6.2831853071795862 4876
5.8904862254808616 5.497787143782138 6.2831853071795862 4877
6.2831853071795862 5.497787143782138 6.2831853071795862 4878
0 5.8904862254808616 6.2831853071795862 4879
0.39269908169872414 5.8904862254808616 6.2831853071795862 4880
0.78539816339744828 5.8904862254808616 6.2831853071795862 4881
1.1780972450961724 5.8904862254808616 6.2831853071795862 4882
1.5707963267948966 5.8904862254808616 6.2831853071795862 4883
1.9634954084936207 5.8904862254808616 6.2831853071795862 4884
2.3561944901923448 5.8904862254808616 6.2831853071795862 4885
2.748893571891069 5.8904862254808616 6.2831853071795862 4886
3.1415926535897931 5.8904862254808616 6.2831853071795862 4887
3.5342917352885173 5.8904862254808616 6.2831853071795862 4888
3.9269908169872414 5.8904862254808616 6.2831853071795862 4889
4.3196898986859651 5.8904862254808616 6.2831853071795862 4890
4.7123889803846897 5.8904862254808616 6.2831853071795862 4891
5.1050880620834143 5.8904862254808616 6.2831853071795862 4892
5.497787143782138 5.8904862254808616 6.2831853071795862 4893
5.8904862254808616 5.8904862254808616 6.2831853071795862 4894
6.2831853071795862 5.8904862254808616 6.2831853071795862 4895
0 6.2831853071795862 6.2831853071795862 4896
0.39269908169872414 6.2831853071795862 6.2831853071795862 4897
0.78539816339744828 6.2831853071795862 6.2831853071795862 4898
1.1780972450961724 6.2831853071795862 6.2831853071795862 4899
1.5707963267948966 6.2831853071795862 6.2831853071795862 4900
1.9634954084936207 6.2831853071795862 6.2831853071795862 4901
2.3561944901923448 6.2831853071795862 6.2831853071795862 4902
2.748893571891069 6.2831853071795862 6.2831853071795862 4903
3.1415926535897931 6.2831853071795862 6.2831853071795862 4904
3.5342917352885173 6.2831853071795862 6.2831853071795862 4905
3.9269908169872414 6.2831853071795862 6.2831853071795862 4906
4.3196898986859651 6.2831853071795862 6.2831853071795862 4907
4.7123889803846897 6.2831853071795862 6.2831853071795862 4908
5.1050880620834143 6.2831853071795862 6.2831853071795862 4909
5.497787143782138 6.2831853071795862 6.2831853071795862 4910
5.8904862254808616 6.2831853071795862 6.2831853071795862 4911
6.2831853071795862 6.2831853071795862 6.2831853071795862 4912
NMARK= 6
MARKER_TAG= x0
MARKER_ELEMS= 256
9 289 306 17 0
9 306 323 34 17
9 323 340 51 34
9 340 357 68 51
9 357 374 85 68
9 374 391 102 85
9 391 408 119 102
9 408 425 136 119
9 425 442 153 136
9 442 459 170 153
9 459 476 187 170
9 476 493 204 187
9 493 510 221 204
9 510 527 238 221
9 527 544 255 238
9 544 561 272 255
9 578 595 306 289
9 595 612 323 306
9 612 629 340 323
9 629 646 357 340
9 646 663 374 357
9 663 680 391 374
9 680 697 408 391
9 697 714 425 408
9 714 731 442 425
9 731 748 459 442
9 748 765 476 459
9 765 782 493 476
9 782 799 510 493
9 799 816 527 510
9 816 833 544 527
9 833 850 561 544
9 867 884 595 578
9 884 901 612 595
9 901 918 629 612
9 918 935 646 629
9 935 952 663 646
9 952 969 680 663
9 969 986 697 680
9 986 1003 714 697
9 1003 1020 731 714
9 1020 1037 748 731
9 1037 1054 765 748
9 1054 1071 782 765
9 1071 1088 799 782
9 1088 1105 816 799
9 1105 1122 833 816
9 1122 1139 850 833
9 1156 1173 884 867
9 1173 1190 901 884
9 1190 1207 918 901
9 1207 1224 935 918
9 1224 1241 952 935
9 1241 1258 969 952
9 1258 1275 986 969
9 1275 1292 1003 986
9 1292 1309 1020 1003
9 1309 1326 1037 1020
9 1326 1343 1054 1037
9 1343 1360 1071 1054
9 1360 1377 1088 1071
9 1377 1394 1105 1088
9 1394 1411 1122 1105
9 1411 1428 1139 1122
9 1445 1462 1173 1156
9 1462 1479 1190 1173
9 1479 1496 1207 1190
9 1496 1513 1224 1207
9 1513 1530 1241 1224
9 1530 1547 1258 1241
9 1547 1564 1275 1258
9 1564 1581 1292 1275
9 1581 1598 1309 1292
9 1598 1615 1326 1309
9 1615 1632 1343 1326
9 1632 1649 1360 1343
9 1649 1666 1377 1360
9 1666 1683 1394 1377
9 1683 1700 1411 1394
9 1700 1717 1428 1411
9 1734 1751 1462 1445
9 1751 1768 1479 1462
9 1768 1785 1496 1479
9 1785 1802 1513 1496
9 1802 1819 1530 1513
9 1819 1836 1547 1530
9 1836 1853 1564 1547
9 1853 1870 1581 1564
9 1870 1887 1598 1581
9 1887 1904 1615 1598
9 1904 1921 1632 1615
9 1921 1938 1649 1632
9 1938 1955 1666 1649
9 1955 1972 1683 1666
9 1972 1989 1700 1683
9 1989 2006 1717 1700
9 2023 2040 1751 1734
9 2040 2057 1768 1751
9 2057 2074 1785 1768
9 2074 2091 1802 1785
9 2091 2108 1819 1802
9 2108 2125 1836 1819
9 2125 2142 1853 1836
9 2142 2159 1870 1853
9 2159 2176 1887 1870
9 2176 2193 1904 1887
9 2193 2210 1921 1904
9 2210 2227 1938 1921
9 2227 2244 1955 1938
9 2244 2261 1972 1955
9 2261 2278 1989 1972
9 2278 2295 2006 1989
9 2312 2329 2040 2023
9 2329 2346 2057 2040
9 2346 2363 2074 2057
9 2363 2380 2091 2074
9 2380 2397 2108 2091
9 2397 2414 2125 2108
9 2414 2431 2142 2125
9 2431 2448 2159 2142
9 2448 2465 2176 2159
9 2465 2482 2193 2176
9 2482 2499 2210 2193
9 2499 2516 2227 2210
9 2516 2533 2244 2227
9 2533 2550 2261 2244
9 2550 2567 2278 2261
9 2567 2584 2295 2278
9 2601 2618 2329 2312
9 2618 2635 2346 2329
9 2635 2652 2363 2346
9 2652 2669 2380 2363
9 2669 2686 2397 2380
9 2686 2703 2414 2397
9 2703 2720 2431 2414
9 2720 2737 2448 2431
9 2737 2754 2465 2448
9 2754 2771 2482 2465
9 2771 2788 2499 2482
9 2788 2805 2516 2499
9 2805 2822 2533 2516
9 2822 2839 2550 2533
9 2839 2856 2567 2550
9 2856 2873 2584 2567
9 2890 2907 2618 2601
9 2907 2924 2635 2618
9 2924 2941 2652 2635
9 2941 2958 2669 2652
9 2958 2975 2686 2669
9 2975 2992 2703 2686
9 2992 3009 2720 2703
9 3009 3026 2737 2720
9 3026 3043 2754 2737
9 3043 3060 2771 2754
9 3060 3077 2788 2771
9 3077 3094 2805 2788
9 3094 3111 2822 2805
9 3111 3128 2839 2822
9 3128 3145 2856 2839
9 3145 3162 2873 2856
9 3179 3196 2907 2890
9 3196 3213 2924 2907
9 3213 3230 2941 2924
9 3230 3247 2958 2941
9 3247 3264 2975 2958
9 3264 3281 2992 2975
9 3281 3298 3009 2992
9 3298 3315 3026 3009
9 3315 3332 3043 3026
9 3332 3349 3060 3043
9 3349 3366 3077 3060
9 3366 3383 3094 3077
9 3383 3400 3111 3094
9 3400 3417 3128 3111
9 3417 3434 3145 3128
9 3434 3451 3162 3145
9 3468 3485 3196 3179
9 3485 3502 3213 3196
9 3502 3519 3230 3213
9 3519 3536 3247 3230
9 3536 3553 3264 3247
9 3553 3570 3281 3264
9 3570 3587 3298 3281
9 3587 3604 3315 3298
9 3604 3621 3332 3315
9 3621 3638 3349 3332
9 3638 3655 3366 3349
9 3655 3672 3383 3366
9 3672 3689 3400 3383
9 3689 3706 3417 3400
9 3706 3723 3434 3417
9 3723 3740 3451 3434
9 3757 3774 3485 3468
9 3774 3791 3502 3485
9 3791 3808 3519 3502
9 3808 3825 3536 3519
9 3825 3842 3553 3536
9 3842 3859 3570 3553
9 3859 3876 3587 3570
9 3876 3893 3604 3587
9 3893 3910 3621 3604
9 3910 3927 3638 3621
9 3927 3944 3655 3638
9 3944 3961 3672 3655
9 3961 3978 3689 3672
9 3978 3995 3706 3689
9 3995 4012 3723 3706
9 4012 4029 3740 3723
9 4046 4063 3774 3757
9 4063 4080 3791 3774
9 4080 4097 3808 3791
9 4097 4114 3825 3808
9 4114 4131 3842 3825
9 4131 4148 3859 3842
9 4148 4165 3876 3859
9 4165 4182 3893 3876
9 4182 4199 3910 3893
9 4199 4216 3927 3910
9 4216 4233 3944 3927
9 4233 4250 3961 3944
9 4250 4267 3978 3961
9 4267 4284 3995 3978
9 4284 4301 4012 3995
9 4301 4318 4029 4012
9 4335 4352 4063 4046
9 4352 4369 4080 4063
9 4369 4386 4097 4080
9 4386 4403 4114 4097
9 4403 4420 4131 4114
9 4420 4437 4148 4131
9 4437 4454 4165 4148
9 4454 4471 4182 4165
9 4471 4488 4199 4182
9 4488 4505 4216 4199
9 4505 4522 4233 4216
9 4522 4539 4250 4233
9 4539 4556 4267 4250
9 4556 4573 4284 4267
9 4573 4590 4301 4284
9 4590 4607 4318 4301
9 4624 4641 4352 4335
9 4641 4658 4369 4352
9 4658 4675 4386 4369
9 4675 4692 4403 4386
9 4692 4709 4420 4403
9 4709 4726 4437 4420
9 4726 4743 4454 4437
9 4743 4760 4471 4454
9 4760 4777 4488 4471
9 4777 4794 4505 4488
9 4794 4811 4522 4505
9 4811 4828 4539 4522
9 4828 4845 4556 4539
9 4845 4862 4573 4556
9 4862 4879 4590 4573
9 4879 4896 4607 4590
MARKER_TAG= x1
MARKER_ELEMS= 256
9 16 33 322 305
9 33 50 339 322
9 50 67 356 339
9 67 84 373 356
9 84 101 390 373
9 101 118 407 390
9 118 135 424 407
9 135 152 441 424
9 152 169 458 441
9 169 186 475 458
9 186 203 492 475
9 203 220 509 492
9 220 237 526 509
9 237 254 543 526
9 254 271 560 543
9 271 288 577 560
9 305 322 611 594
9 322 339 628 611
9 339 356 645 628
9 356 373 662 645
9 373 390 679 662
9 390 407 696 679
9 407 424 713 696
9 424 441 730 713
9 441 458 747 730
9 458 475 764 747
9 475 492 781 764
9 492 509 798 781
9 509 526 815 798
9 526 543 832 815
9 543 560 849 832
9 560 577 866 849
9 594 611 900 883
9 611 628 917 900
9 628 645 934 917
9 645 662 951 934
9 662 679 968 951
9 679 696 985 968
9 696 713 1002 985
9 713 730 1019 1002
9 730 747 1036 1019
9 747 764 1053 1036
9 764 781 1070 1053
9 781 798 1087 1070
9 798 815 1104 1087
9 815 832 1121 1104
9 832 849 1138 1121
9 849 866 1155 1138
9 883 900 1189 1172
9 900 917 1206 1189
9 917 934 1223 1206
9 934 951 1240 1223
9 951 968 1257 1240
9 968 985 1274 1257
9 985 1002 1291 1274
9 1002 1019 1308 1291
9 1019 1036 1325 1308
9 1036 1053 1342 1325
9 1053 1070 1359 1342
9 1070 1087 1376 1359
9 1087 1104 1393 1376
9 1104 1121 1410 1393
9 1121 1138 1427 1410
9 1138 1155 1444 1427
9 1172 1189 1478 1461
9 1189 1206 1495 1478
9 1206 1223 1512 1495
9 1223 1240 1529 1512
9 1240 1257 1546 1529
9 1257 1274 1563 1546
9 1274 1291 1580 1563
9 1291 1308 1597 1580
9 1308 1325 1614 1597
9 1325 1342 1631 1614
9 1342 1359 1648 1631
9 1359 1376 1665 1648
9 1376 1393 1682 1665
9 1393 1410 1699 1682
9 1410 1427 1716 1699
9 1427 1444 1733 1716
9 1461 1478 1767 1750
9 1478 1495 1784 1767
9 1495 1512 1801 1784
9 1512 1529 1818 1801
9 1529 1546 1835 1818
9 1546 1563 1852 1835
9 1563 1580 1869 1852
9 1580 1597 1886 1869
9 1597 1614 1903 1886
9 1614 1631 1920 1903
9 1631 1648 1937 1920
9 1648 1665 1954 1937
9 1665 1682 1971 1954
9 1682 1699 1988 1971
9 1699 1716 2005 1988
9 1716 1733 2022 2005
9 1750 1767 2056 2039
9 1767 1784 2073 2056
9 1784 1801 2090 2073
9 1801 1818 2107 2090
9 1818 1835 2124 2107
9 1835 1852 2141 2124
9 1852 1869 2158 2141
9 1869 1886 2175 2158
9 1886 1903 2192 2175
9 1903 1920 2209 2192
9 1920 1937 2226 2209
9 1937 1954 2243 2226
9 1954 1971 2260 2243
9 1971 1988 2277 2260
9 1988 2005 2294 2277
9 2005 2022 2311 2294
9 2039 2056 2345 2328
9 2056 2073 2362 2345
9 2073 2090 2379 2362
9 2090 2107 2396 2379
9 2107 2124 2413 2396
9 2124 2141 2430 2413
9 2141 2158 2447 2430
9 2158 2175 2464 2447
9 2175 2192 2481 2464
9 2192 2209 2498 2481
9 2209 2226 2515 2498
9 2226 2243 2532 2515
9 2243 2260 2549 2532
9 2260 2277 2566 2549
9 2277 2294 2583 2566
9 2294 2311 2600 2583
9 2328 2345 2634 2617
9 2345 2362 2651 2634
9 2362 2379 2668 2651
9 2379 2396 2685 2668
9 2396 2413 2702 2685
9 2413 2430 2719 2702
9 2430 2447 2736 2719
9 2447 2464 2753 2736
9 2464 2481 2770 2753
9 2481 2498 2787 2770
9 2498 2515 2804 2787
9 2515 2532 2821 2804
9 2532 2549 2838 2821
9 2549 2566 2855 2838
9 2566 2583 2872 2855
9 2583 2600 2889 2872
9 2617 2634 2923 2906
9 2634 2651 2940 2923
9 2651 2668 2957 2940
9 2668 2685 2974 2957
9 2685 2702 2991 2974
9 2702 2719 3008 2991
9 2719 2736 3025 3008
9 2736 2753 3042 3025
9 2753 2770 3059 3042
9 2770 2787 3076 3059
9 2787 2804 3093 3076
9 2804 2821 3110 3093
9 2821 2838 3127 3110
9 2838 2855 3144 3127
9 2855 2872 3161 3144
9 2872 2889 3178 3161
9 2906 2923 3212 3195
9 2923 2940 3229 3212
9 2940 2957 3246 3229
9 2957 2974 3263 3246
9 2974 2991 3280 3263
9 2991 3008 3297 3280
9 3008 3025 3314 3297
9 3025 3042 3331 3314
9 3042 3059 3348 3331
9 3059 3076 3365 3348
9 3076 3093 3382 3365
9 3093 3110 3399 3382
9 3110 3127 3416 3399
9 3127 3144 3433 3416
9 3144 3161 3450 3433
9 3161 3178 3467 3450
9 3195 3212 3501 3484
9 3212 3229 3518 3501
9 3229 3246 3535 3518
9 3246 3263 3552 3535
9 3263 3280 3569 3552
9 3280 3297 3586 3569
9 3297 3314 3603 3586
9 3314 3331 3620 3603
9 3331 3348 3637 3620
9 3348 3365 3654 3637
9 3365 3382 3671 3654
9 3382 3399 3688 3671
9 3399 3416 3705 3688
9 3416 3433 3722 3705
9 3433 3450 3739 3722
9 3450 3467 3756 3739
9 3484 3501 3790 3773
9 3501 3518 3807 3790
9 3518 3535 3824 3807
9 3535 3552 3841 3824
9 3552 3569 3858 3841
9 3569 3586 3875 3858
9 3586 3603 3892 3875
9 3603 3620 3909 3892
9 3620 3637 3926 3909
9 3637 3654 3943 3926
9 3654 3671 3960 3943
9 3671 3688 3977 3960
9 3688 3705 3994 3977
9 3705 3722 4011 3994
9 3722 3739 4028 4011
9 3739 3756 4045 4028
9 3773 3790 4079 4062
9 3790 3807 4096 4079
9 3807 3824 4113 4096
9 3824 3841 4130 4113
9 3841 3858 4147 4130
9 3858 3875 4164 4147
9 3875 3892 4181 4164
9 3892 3909 4198 4181
9 3909 3926 4215 4198
9 3926 3943 4232 4215
9 3943 3960 4249 4232
9 3960 3977 4266 4249
9 3977 3994 4283 4266
9 3994 4011 4300 4283
9 4011 4028 4317 4300
9 4028 4045 4334 4317
9 4062 4079 4368 4351
9 4079 4096 4385 4368
9 4096 4113 4402 4385
9 4113 4130 4419 4402
9 4130 4147 4436 4419
9 4147 4164 4453 4436
9 4164 4181 4470 4453
9 4181 4198 4487 4470
9 4198 4215 4504 4487
9 4215 4232 4521 4504
9 4232 4249 4538 4521
9 4249 4266 4555 4538
9 4266 4283 4572 4555
9 4283 4300 4589 4572
9 4300 4317 4606 4589
9 4317 4334 4623 4606
9 4351 4368 4657 4640
9 4368 4385 4674 4657
9 4385 4402 4691 4674
9 4402 4419 4708 4691
9 4419 4436 4725 4708
9 4436 4453 4742 4725
9 4453 4470 4759 4742
9 4470 4487 4776 4759
9 4487 4504 4793 4776
9 4504 4521 4810 4793
9 4521 4538 4827 4810
9 4538 4555 4844 4827
9 4555 4572 4861 4844
9 4572 4589 4878 4861
9 4589 4606 4895 4878
9 4606 4623 4912 4895
MARKER_TAG= y0
MARKER_ELEMS= 256
9 1 290 289 0
9 290 579 578 289
9 579 868 867 578
9 868 1157 1156 867
9 1157 1446 1445 1156
9 1446 1735 1734 1445
9 1735 2024 2023 1734
9 2024 2313 2312 2023
9 2313 2602 2601 2312
9 2602 2891 2890 2601
9 2891 3180 3179 2890
9 3180 3469 3468 3179
9 3469 3758 3757 3468
9 3758 4047 4046 3757
9 4047 4336 4335 4046
9 4336 4625 4624 4335
9 2 291 290 1
9 291 580 579 290
9 580 869 868 579
9 869 1158 1157 868
9 1158 1447 1446 1157
9 1447 1736 1735 1446
9 1736 2025 2024 1735
9 2025 2314 2313 2024
9 2314 2603 2602 2313
9 2603 2892 2891 2602
9 2892 3181 3180 2891
9 3181 3470 3469 3180
9 3470 3759 3758 3469
9 3759 4048 4047 3758
9 4048 4337 4336 4047
9 4337 4626 4625 4336
9 3 292 291 2
9 292 581 580 291
9 581 870 869 580
9 870 1159 1158 869
9 1159 1448 1447 1158
9 1448 1737 1736 1447
9 1737 2026 2025 1736
9 2026 2315 2314 2025
9 2315 2604 2603 2314
9 2604 2893 2892 2603
9 2893 3182 3181 2892
9 3182 3471 3470 3181
9 3471 3760 3759 3470
9 3760 4049 4048 3759
9 4049 4338 4337 4048
9 4338 4627 4626 4337
9 4 293 292 3
9 293 582 581 292
9 582 871 870 581
9 871 1160 1159 870
9 1160 1449 1448 1159
9 1449 1738 1737 1448
9 1738 2027 2026 1737
9 2027 2316 2315 2026
9 2316 2605 2604 2315
9 2605 2894 2893 2604
9 2894 3183 3182 2893
9 3183 3472 3471 3182
9 3472 3761 3760 3471
9 3761 4050 4049 3760
9 4050 4339 4338 4049
9 4339 4628 4627 4338
9 5 294 293 4
9 294 583 582 293
9 583 872 871 582
9 872 1161 1160 871
9 1161 1450 1449 1160
9 1450 1739 1738 1449
9 1739 2028 2027 1738
9 2028 2317 2316 2027
9 2317 2606 2605 2316
9 2606 2895 2894 2605
9 2895 3184 3183 2894
9 3184 3473 3472 3183
9 3473 3762 3761 3472
9 3762 4051 4050 3761
9 4051 4340 4339 4050
9 4340 4629 4628 4339
9 6 295 294 5
9 295 584 583 294
9 584 873 872 583
9 873 1162 1161 872
9 1162 1451 1450 1161
9 1451 1740 1739 1450
9 1740 2029 2028 1739
9 2029 2318 2317 2028
9 2318 2607 2606 2317
9 2607 2896 2895 2606
9 2896 3185 3184 2895
9 3185 3474 3473 3184
9 3474 3763 3762 3473
9 3763 4052 4051 3762
9 4052 4341 4340 4051
9 4341 4630 4629 4340
9 7 296 295 6
9 296 585 584 295
9 585 874 873 584
9 874 1163 1162 873
9 1163 1452 1451 1162
9 1452 1741 1740 1451
9 1741 2030 2029 1740
9 2030 2319 2318 2029
9 2319 2608 2607 2318
9 2608 2897 2896 2607
9 2897 3186 3185 2896
9 3186 3475 3474 3185
9 3475 3764 3763 3474
9 3764 4053 4052 3763
9 4053 4342 4341 4052
9 4342 4631 4630 4341
9 8 297 296 7
9 297 586 585 296
9 586 875 874 585
9 875 1164 1163 874
9 1164 1453 1452 1163
9 1453 1742 1741 1452
9 1742 2031 2030 1741
9 2031 2320 2319 2030
9 2320 2609 2608 2319
9 2609 2898 2897 2608
9 2898 3187 3186 2897
9 3187 3476 3475 3186
9 3476 3765 3764 3475
9 3765 4054 4053 3764
9 4054 4343 4342 4053
9 4343 4632 4631 4342
9 9 298 297 8
9 298 587 586 297
9 587 876 875 586
9 876 1165 1164 875
9 1165 1454 1453 1164
9 1454 1743 1742 1453
9 1743 2032 2031 1742
9 2032 2321 2320 2031
9 2321 2610 2609 2320
9 2610 2899 2898 2609
9 2899 3188 3187 2898
9 3188 3477 3476 3187
9 3477 3766 3765 3476
9 3766 4055 4054 3765
9 4055 4344 4343 4054
9 4344 4633 4632 4343
9 10 299 298 9
9 299 588 587 298
9 588 877 876 587
9 877 1166 1165 876
9 1166 1455 1454 1165
9 1455 1744 1743 1454
9 1744 2033 2032 1743
9 2033 2322 2321 2032
9 2322 2611 2610 2321
9 2611 2900 2899 2610
9 2900 3189 3188 2899
9 3189 3478 3477 3188
9 3478 3767 3766 3477
9 3767 4056 4055 3766
9 4056 4345 4344 4055
9 4345 4634 4633 4344
9 11 300 299 10
9 300 589 588 299
9 589 878 877 588
9 878 1167 1166 877
9 1167 1456 1455 1166
9 1456 1745 1744 1455
9 1745 2034 2033 1744
9 2034 2323 2322 2033
9 2323 2612 2611 2322
9 2612 2901 2900 2611
9 2901 3190 3189 2900
9 3190 3479 3478 3189
9 3479 3768 3767 3478
9 3768 4057 4056 3767
9 4057 4346 4345 4056
9 4346 4635 4634 4345
9 12 301 300 11
9 301 590 589 300
9 590 879 878 589
9 879 1168 1167 878
9 1168 1457 1456 1167
9 1457 1746 1745 1456
9 1746 2035 2034 1745
9 2035 2324 2323 2034
9 2324 2613 2612 2323
9 2613 2902 2901 2612
9 2902 3191 3190 2901
9 3191 3480 3479 3190
9 3480 3769 3768 3479
9 3769 4058 4057 3768
9 4058 4347 4346 4057
9 4347 4636 4635 4346
9 13 302 301 12
9 302 591 590 301
9 591 880 879 590
9 880 1169 1168 879
9 1169 1458 1457 1168
9 1458 1747 1746 1457
9 1747 2036 2035 1746
9 2036 2325 2324 2035
9 2325 2614 2613 2324
9 2614 2903 2902 2613
9 2903 3192 3191 2902
9 3192 3481 3480 3191
9 3481 3770 3769 3480
9 3770 4059 4058 3769
9 4059 4348 4347 4058
9 4348 4637 4636 4347
9 14 303 302 13
9 303 592 591 302
9 592 881 880 591
9 881 1170 1169 880
9 1170 1459 1458 1169
9 1459 1748 1747 1458
9 1748 2037 2036 1747
9 2037 2326 2325 2036
9 2326 2615 2614 2325
9 2615 2904 2903 2614
9 2904 3193 3192 2903
9 3193 3482 3481 3192
9 3482 3771 3770 3481
9 3771 4060 4059 3770
9 4060 4349 4348 4059
9 4349 4638 4637 4348
9 15 304 303 14
9 304 593 592 303
9 593 882 881 592
9 882 1171 1170 881
9 1171 1460 1459 1170
9 1460 1749 1748 1459
9 1749 2038 2037 1748
9 2038 2327 2326 2037
9 2327 2616 2615 2326
9 2616 2905 2904 2615
9 2905 3194 3193 2904
9 3194 3483 3482 3193
9 3483 3772 3771 3482
9 3772 4061 4060 3771
9 4061 4350 4349 4060
9 4350 4639 4638 4349
9 16 305 304 15
9 305 594 593 304
9 594 883 882 593
9 883 1172 1171 882
9 1172 1461 1460 1171
9 1461 1750 1749 1460
9 1750 2039 2038 1749
9 2039 2328 2327 2038
9 2328 2617 2616 2327
9 2617 2906 2905 2616
9 2906 3195 3194 2905
9 3195 3484 3483 3194
9 3484 3773 3772 3483
9 3773 4062 4061 3772
9 4062 4351 4350 4061
9 4351 4640 4639 4350
MARKER_TAG= y1
MARKER_ELEMS= 256
9 272 561 562 273
9 561 850 851 562
9 850 1139 1140 851
9 1139 1428 1429 1140
9 1428 1717 1718 1429
9 1717 2006 2007 1718
9 2006 2295 2296 2007
9 2295 2584 2585 2296
9 2584 2873 2874 2585
9 2873 3162 3163 2874
9 3162 3451 3452 3163
9 3451 3740 3741 3452
9 3740 4029 4030 3741
9 4029 4318 4319 4030
9 4318 4607 4608 4319
9 4607 4896 4897 4608
9 273 562 563 274
9 562 851 852 563
9 851 1140 1141 852
9 1140 1429 1430 1141
9 1429 1718 1719 1430
9 1718 2007 2008 1719
9 2007 2296 2297 2008
9 2296 2585 2586 2297
9 2585 2874 2875 2586
9 2874 3163 3164 2875
9 3163 3452 3453 3164
9 3452 3741 3742 3453
9 3741 4030 4031 3742
9 4030 4319 4320 4031
9 4319 4608 4609 4320
9 4608 4897 4898 4609
9 274 563 564 275
9 563 852 853 564
9 852 1141 1142 853
9 1141 1430 1431 1142
9 1430 1719 1720 1431
9 1719 2008 2009 1720
9 2008 2297 2298 2009
9 2297 2586 2587 2298
9 2586 2875 2876 2587
9 2875 3164 3165 2876
9 3164 3453 3454 3165
9 3453 3742 3743 3454
9 3742 4031 4032 3743
9 4031 4320 4321 4032
9 4320 4609 4610 4321
9 4609 4898 4899 4610
9 275 564 565 276
9 564 853 854 565
9 853 1142 1143 854
9 1142 1431 1432 1143
9 1431 1720 1721 1432
9 1720 2009 2010 1721
9 2009 2298 2299 2010
9 2298 2587 2588 2299
9 2587 2876 2877 2588
9 2876 3165 3166 2877
9 3165 3454 3455 3166
9 3454 3743 3744 3455
9 3743 4032 4033 3744
9 4032 4321 4322 4033
9 4321 4610 4611 4322
9 4610 4899 4900 4611
9 276 565 566 277
9 565 854 855 566
9 854 1143 1144 855
9 1143 1432 1433 1144
9 1432 1721 1722 1433
9 1721 2010 2011 1722
9 2010 2299 2300 2011
9 2299 2588 2589 2300
9 2588 2877 2878 2589
9 2877 3166 3167 2878
9 3166 3455 3456 3167
9 3455 3744 3745 3456
9 3744 4033 4034 3745
9 4033 4322 4323 4034
9 4322 4611 4612 4323
9 4611 4900 4901 4612
9 277 566 567 278
9 566 855 856 567
9 855 1144 1145 856
9 1144 1433 1434 1145
9 1433 1722 1723 1434
9 1722 2011 2012 1723
9 2011 2300 2301 2012
9 2300 2589 2590 2301
9 2589 2878 2879 2590
9 2878 3167 3168 2879
9 3167 3456 3457 3168
9 3456 3745 3746 3457
9 3745 4034 4035 3746
9 4034 4323 4324 4035
9 4323 4612 4613 4324
9 4612 4901 4902 4613
9 278 567 568 279
9 567 856 857 568
9 856 1145 1146 857
9 1145 1434 1435 1146
9 1434 1723 1724 1435
9 1723 2012 2013 1724
9 2012 2301 2302 2013
9 2301 2590 2591 2302
9 2590 2879 2880 2591
9 2879 3168 3169 2880
9 3168 3457 3458 3169
9 3457 3746 3747 3458
9 3746 4035 4036 3747
9 4035 4324 4325 4036
9 4324 4613 4614 4325
9 4613 4902 4903 4614
9 279 568 569 280
9 568 857 858 569
9 857 1146 1147 858
9 1146 1435 1436 1147
9 1435 1724 1725 1436
9 1724 2013 2014 1725
9 2013 2302 2303 2014
9 2302 2591 2592 2303
9 2591 2880 2881 2592
9 2880 3169 3170 2881
9 3169 3458 3459 3170
9 3458 3747 3748 3459
9 3747 4036 4037 3748
9 4036 4325 4326 4037
9 4325 4614 4615 4326
9 4614 4903 4904 4615
9 280 569 570 281
9 569 858 859 570
9 858 1147 1148 859
9 1147 1436 1437 1148
9 1436 1725 1726 1437
9 1725 2014 2015 1726
9 2014 2303 2304 2015
9 2303 2592 2593 2304
9 2592 2881 2882 2593
9 2881 3170 3171 2882
9 3170 3459 3460 3171
9 3459 3748 3749 3460
9 3748 4037 4038 3749
9 4037 4326 4327 4038
9 4326 4615 4616 4327
9 4615 4904 4905 4616
9 281 570 571 282
9 570 859 860 571
9 859 1148 1149 860
9 1148 1437 1438 1149
9 1437 1726 1727 1438
9 1726 2015 2016 1727
9 2015 2304 2305 2016
9 2304 2593 2594 2305
9 2593 2882 2883 2594
9 2882 3171 3172 2883
9 3171 3460 3461 3172
9 3460 3749 3750 3461
9 3749 4038 4039 3750
9 4038 4327 4328 4039
9 4327 4616 4617 4328
9 4616 4905 4906 4617
9 282 571 572 283
9 571 860 861 572
9 860 1149 1150 861
9 1149 1438 1439 1150
9 1438 1727 1728 1439
9 1727 2016 2017 1728
9 2016 2305 2306 2017
9 2305 2594 2595 2306
9 2594 2883 2884 2595
9 2883 3172 3173 2884
9 3172 3461 3462 3173
9 3461 3750 3751 3462
9 3750 4039 4040 3751
9 4039 4328 4329 4040
9 4328 4617 4618 4329
9 4617 4906 4907 4618
9 283 572 573 284
9 572 861 862 573
9 861 1150 1151 862
9 1150 1439 1440 1151
9 1439 1728 1729 1440
9 1728 2017 2018 1729
9 2017 2306 2307 2018
9 2306 2595 2596 2307
9 2595 2884 2885 2596
9 2884 3173 3174 2885
9 3173 3462 3463 3174
9 3462 3751 3752 3463
9 3751 4040 4041 3752
9 4040 4329 4330 4041
9 4329 4618 4619 4330
9 4618 4907 4908 4619
9 284 573 574 285
9 573 862 863 574
9 862 1151 1152 863
9 1151 1440 1441 1152
9 1440 1729 1730 1441
9 1729 2018 2019 1730
9 2018 2307 2308 2019
9 2307 2596 2597 2308
9 2596 2885 2886 2597
9 2885 3174 3175 2886
9 3174 3463 3464 3175
9 3463 3752 3753 3464
9 3752 4041 4042 3753
9 4041 4330 4331 4042
9 4330 4619 4620 4331
9 4619 4908 4909 4620
9 285 574 575 286
9 574 863 864 575
9 863 1152 1153 864
9 1152 1441 1442 1153
9 1441 1730 1731 1442
9 1730 2019 2020 1731
9 2019 2308 2309 2020
9 2308 2597 2598 2309
9 2597 2886 2887 2598
9 2886 3175 3176 2887
9 3175 3464 3465 3176
9 3464 3753 3754 3465
9 3753 4042 4043 3754
9 4042 4331 4332 4043
9 4331 4620 4621 4332
9 4620 4909 4910 4621
9 286 575 576 287
9 575 864 865 576
9 864 1153 1154 865
9 1153 1442 1443 1154
9 1442 1731 1732 1443
9 1731 2020 2021 1732
9 2020 2309 2310 2021
9 2309 2598 2599 2310
9 2598 2887 2888 2599
9 2887 3176 3177 2888
9 3176 3465 3466 3177
9 3465 3754 3755 3466
9 3754 4043 4044 3755
9 4043 4332 4333 4044
9 4332 4621 4622 4333
9 4621 4910 4911 4622
9 287 576 577 288
9 576 865 866 577
9 865 1154 1155 866
9 1154 1443 1444 1155
9 1443 1732 1733 1444
9 1732 2021 2022 1733
9 2021 2310 2311 2022
9 2310 2599 2600 2311
9 2599 2888 2889 2600
9 2888 3177 3178 2889
9 3177 3466 3467 3178
9 3466 3755 3756 3467
9 3755 4044 4045 3756
9 4044 4333 4334 4045
9 4333 4622 4623 4334
9 4622 4911 4912 4623
MARKER_TAG= z0
MARKER_ELEMS= 256
9 17 18 1 0
9 18 19 2 1
9 19 20 3 2
9 20 21 4 3
9 21 22 5 4
9 22 23 6 5
9 23 24 7 6
9 24 25 8 7
9 25 26 9 8
9 26 27 10 9
9 27 28 11 10
9 28 29 12 11
9 29 30 13 12
9 30 31 14 13
9 31 32 15 14
9 32 33 16 15
9 34 35 18 17
9 35 36 19 18
9 36 37 20 19
9 37 38 21 20
9 38 39 22 21
9 39 40 23 22
9 40 41 24 23
9 41 42 25 24
9 42 43 26 25
9 43 44 27 26
9 44 45 28 27
9 45 46 29 28
9 46 47 30 29
9 47 48 31 30
9 48 49 32 31
9 49 50 33 32
9 51 52 35 34
9 52 53 36 35
9 53 54 37 36
9 54 55 38 37
9 55 56 39 38
9 56 57 40 39
9 57 58 41 40
9 58 59 42 41
9 59 60 43 42
9 60 61 44 43
9 61 62 45 44
9 62 63 46 45
9 63 64 47 46
9 64 65 48 47
9 65 66 49 48
9 66 67 50 49
9 68 69 52 51
9 69 70 53 52
9 70 71 54 53
9 71 72 55 54
9 72 73 56 55
9 73 74 57 56
9 74 75 58 57
9 75 76 59 58
9 76 77 60 59
9 77 78 61 60
9 78 79 62 61
9 79 80 63 62
9 80 81 64 63
9 81 82 65 64
9 82 83 66 65
9 83 84 67 66
9 85 86 69 68
9 86 87 70 69
9 87 88 71 70
9 88 89 72 71
9 89 90 73 72
9 90 91 74 73
9 91 92 75 74
9 92 93 76 75
9 93 94 77 76
9 94 95 78 77
9 95 96 79 78
9 96 97 80 79
9 97 98 81 80
9 98 99 82 81
9 99 100 83 82
9 100 101 84 83
9 102 103 86 85
9 103 104 87 86
9 104 105 88 87
9 105 106 89 88
9 106 107 90 89
9 107 108 91 90
9 108 109 92 91
9 109 110 93 92
9 110 111 94 93
9 111 112 95 94
9 112 113 96 95
9 113 114 97 96
9 114 115 98 97
9 115 116 99 98
9 116 117 100 99
9 117 118 101 100
9 119 120 103 102
9 120 121 104 103
9 121 122 105 104
9 122 123 106 105
9 123 124 107 106
9 124 125 108 107
9 125 126 109 108
9 126 127 110 109
9 127 128 111 110
9 128 129 112 111
9 129 130 113 112
9 130 131 114 113
9 131 132 115 114
9 132 133 116 115
9 133 134 117 116
9 134 135 118 117
9 136 137 120 119
9 137 138 121 120
9 138 139 122 121
9 139 140 123 122
9 140 141 124 123
9 141 142 125 124
9 142 143 126 125
9 143 144 127 126
9 144 145 128 127
9 145 146 129 128
9 146 147 130 129
9 147 148 131 130
9 148 149 132 131
9 149 150 133 132
9 150 151 134 133
9 151 152 135 134
9 153 154 137 136
9 154 155 138 137
9 155 156 139 138
9 156 157 140 139
9 157 158 141 140
9 158 159 142 141
9 159 160 143 142
9 160 161 144 143
9 161 162 145 144
9 162 163 146 145
9 163 164 147 146
9 164 165 148 147
9 165 166 149 148
9 166 167 150 149
9 167 168 151 150
9 168 169 152 151
9 170 171 154 153
9 171 172 155 154
9 172 173 156 155
9 173 174 157 156
9 174 175 158 157
9 175 176 159 158
9 176 177 160 159
9 177 178 161 160
9 178 179 162 161
9 179 180 163 162
9 180 181 164 163
9 181 182 165 164
9 182 183 166 165
9 183 184 167 166
9 184 185 168 167
9 185 186 169 168
9 187 188 171 170
9 188 189 172 171
9 189 190 173 172
9 190 191 174 173
9 191 192 175 174
9 192 193 176 175
9 193 194 177 176
9 194 195 178 177
9 195 196 179 178
9 196 197 180 179
9 197 198 181 180
9 198 199 182 181
9 199 200 183 182
9 200 201 184 183
9 201 202 185 184
9 202 203 186 185
9 204 205 188 187
9 205 206 189 188
9 206 207 190 189
9 207 208 191 190
9 208 209 192 191
9 209 210 193 192
9 210 211 194 193
9 211 212 195 194
9 212 213 196 195
9 213 214 197 196
9 214 215 198 197
9 215 216 199 198
9 216 217 200 199
9 217 218 201 200
9 218 219 202 201
9 219 220 203 202
9 221 222 205 204
9 222 223 206 205
9 223 224 207 206
9 224 225 208 207
9 225 226 209 208
9 226 227 210 209
9 227 228 211 210
9 228 229 212 211
9 229 230 213 212
9 230 231 214 213
9 231 232 215 214
9 232 233 216 215
9 233 234 217 216
9 234 235 218 217
9 235 236 219 218
9 236 237 220 219
9 238 239 222 221
9 239 240 223 222
9 240 241 224 223
9 241 242 225 224
9 242 243 226 225
9 243 244 227 226
9 244 245 228 227
9 245 246 229 228
9 246 247 230 229
9 247 248 231 230
9 248 249 232 231
9 249 250 233 232
9 250 251 234 233
9 251 252 235 234
9 252 253 236 235
9 253 254 237 236
9 255 256 239 238
9 256 257 240 239
9 257 258 241 240
9 258 259 242 241
9 259 260 243 242
9 260 261 244 243
9 261 262 245 244
9 262 263 246 245
9 263 264 247 246
9 264 265 248 247
9 265 266 249 248
9 266 267 250 249
9 267 268 251 250
9 268 269 252 251
9 269 270 253 252
9 270 271 254 253
9 272 273 256 255
9 273 274 257 256
9 274 275 258 257
9 275 276 259 258
9 276 277 260 259
9 277 278 261 260
9 278 279 262 261
9 279 280 263 262
9 280 281 264 263
9 281 282 265 264
9 282 283 266 265
9 283 284 267 266
9 284 285 268 267
9 285 286 269 268
9 286 287 270 269
9 287 288 271 270
MARKER_TAG= z1
MARKER_ELEMS= 256
9 4624 4625 4642 4641
9 4625 4626 4643 4642
9 4626 4627 4644 4643
9 4627 4628 4645 4644
9 4628 4629 4646 4645
9 4629 4630 4647 4646
9 4630 4631 4648 4647
9 4631 4632 4649 4648
9 4632 4633 4650 4649
9 4633 4634 4651 4650
9 4634 4635 4652 4651
9 4635 4636 4653 4652
9 4636 4637 4654 4653
9 4637 4638 4655 4654
9 4638 4639 4656 4655
9 4639 4640 4657 4656
9 4641 4642 4659 4658
9 4642 4643 4660 4659
9 4643 4644 4661 4660
9 4644 4645 4662 4661
9 4645 4646 4663 4662
9 4646 4647 4664 4663
9 4647 4648 4665 4664
9 4648 4649 4666 4665
9 4649 4650 4667 4666
9 4650 4651 4668 4667
9 4651 4652 4669 4668
9 4652 4653 4670 4669
9 4653 4654 4671 4670
9 4654 4655 4672 4671
9 4655 4656 4673 4672
9 4656 4657 4674 4673
9 4658 4659 4676 4675
9 4659 4660 4677 4676
9 4660 4661 4678 4677
9 4661 4662 4679 4678
9 4662 4663 4680 4679
9 4663 4664 4681 4680
9 4664 4665 4682 4681
9 4665 4666 4683 4682
9 4666 4667 4684 4683
9 4667 4668 4685 4684
9 4668 4669 4686 4685
9 4669 4670 4687 4686
9 4670 4671 4688 4687
9 4671 4672 4689 4688
9 4672 4673 4690 4689
9 4673 4674 4691 4690
9 4675 4676 4693 4692
9 4676 4677 4694 4693
9 4677 4678 4695 4694
9 4678 4679 4696 4695
9 4679 4680 4697 4696
9 4680 4681 4698 4697
9 4681 4682 4699 4698
9 4682 4683 4700 4699
9 4683 4684 4701 4700
9 4684 4685 4702 4701
9 4685 4686 4703 4702
9 4686 4687 4704 4703
9 4687 4688 4705 4704
9 4688 4689 4706 4705
9 4689 4690 4707 4706
9 4690 4691 4708 4707
9 4692 4693 4710 4709
9 4693 4694 4711 4710
9 4694 4695 4712 4711
9 4695 4696 4713 4712
9 4696 4697 4714 4713
9 4697 4698 4715 4714
9 4698 4699 4716 4715
9 4699 4700 4717 4716
9 4700 4701 4718 4717
9 4701 4702 4719 4718
9 4702 4703 4720 4719
9 4703 4704 4721 4720
9 4704 4705 4722 4721
9 4705 4706 4723 4722
9 4706 4707 4724 4723
9 4707 4708 4725 4724
9 4709 4710 4727 4726
9 4710 4711 4728 4727
9 4711 4712 4729 4728
9 4712 4713 4730 4729
9 4713 4714 4731 4730
9 4714 4715 4732 4731
9 4715 4716 4733 4732
9 4716 4717 4734 4733
9 4717 4718 4735 4734
9 4718 4719 4736 4735
9 4719 4720 4737 4736
9 4720 4721 4738 4737
9 4721 4722 4739 4738
9 4722 4723 4740 4739
9 4723 4724 4741 4740
9 4724 4725 4742 4741
9 4726 4727 4744 4743
9 4727 4728 4745 4744
9 4728 4729 4746 4745
9 4729 4730 4747 4746
9 4730 4731 4748 4747
9 4731 4732 4749 4748
9 4732 4733 4750 4749
9 4733 4734 4751 4750
9 4734 4735 4752 4751
9 4735 4736 4753 4752
9 4736 4737 4754 4753
9 4737 4738 4755 4754
9 4738 4739 4756 4755
9 4739 4740 4757 4756
9 4740 4741 4758 4757
9 4741 4742 4759 4758
9 4743 4744 4761 4760
9 4744 4745 4762 4761
9 4745 4746 4763 4762
9 4746 4747 4764 4763
9 4747 4748 4765 4764
9 4748 4749 4766 4765
9 4749 4750 4767 4766
9 4750 4751 4768 4767
9 4751 4752 4769 4768
9 4752 4753 4770 4769
9 4753 4754 4771 4770
9 4754 4755 4772 4771
9 4755 4756 4773 4772
9 4756 4757 4774 4773
9 4757 4758 4775 4774
9 4758 4759 4776 4775
9 4760 4761 4778 4777
9 4761 4762 4779 4778
9 4762 4763 4780 4779
9 4763 4764 4781 4780
9 4764 4765 4782 4781
9 4765 4766 4783 4782
9 4766 4767 4784 4783
9 4767 4768 4785 4784
9 4768 4769 4786 4785
9 4769 4770 4787 4786
9 4770 4771 4788 4787
9 4771 4772 4789 4788
9 4772 4773 4790 4789
9 4773 4774 4791 4790
9 4774 4775 4792 4791
9 4775 4776 4793 4792
9 4777 4778 4795 4794
9 4778 4779 4796 4795
9 4779 4780 4797 4796
9 4780 4781 4798 4797
9 4781 4782 4799 4798
9 4782 4783 4800 4799
9 4783 4784 4801 4800
9 4784 4785 4802 4801
9 4785 4786 4803 4802
9 4786 4787 4804 4803
9 4787 4788 4805 4804
9 4788 4789 4806 4805
9 4789 4790 4807 4806
9 4790 4791 4808 4807
9 4791 4792 4809 4808
9 4792 4793 4810 4809
9 4794 4795 4812 4811
9 4795 4796 4813 4812
9 4796 4797 4814 4813
9 4797 4798 4815 4814
9 4798 4799 4816 4815
9 4799 4800 4817 4816
9 4800 4801 4818 4817
9 4801 4802 4819 4818
9 4802 4803 4820 4819
9 4803 4804 4821 4820
9 4804 4805 4822 4821
9 4805 4806 4823 4822
9 4806 4807 4824 4823
9 4807 4808 4825 4824
9 4808 4809 4826 4825
9 4809 4810 4827 4826
9 4811 4812 4829 4828
9 4812 4813 4830 4829
9 4813 4814 4831 4830
9 4814 4815 4832 4831
9 4815 4816 4833 4832
9 4816 4817 4834 4833
9 4817 4818 4835 4834
9 4818 4819 4836 4835
9 4819 4820 4837 4836
9 4820 4821 4838 4837
9 4821 4822 4839 4838
9 4822 4823 4840 4839
9 4823 4824 4841 4840
9 4824 4825 4842 4841
9 4825 4826 4843 4842
9 4826 4827 4844 4843
9 4828 4829 4846 4845
9 4829 4830 4847 4846
9 4830 4831 4848 4847
9 4831 4832 4849 4848
9 4832 4833 4850 4849
9 4833 4834 4851 4850
9 4834 4835 4852 4851
9 4835 4836 4853 4852
9 4836 4837 4854 4853
9 4837 4838 4855 4854
9 4838 4839 4856 4855
9 4839 4840 4857 4856
9 4840 4841 4858 4857
9 4841 4842 4859 4858
9 4842 4843 4860 4859
9 4843 4844 4861 4860
9 4845 4846 4863 4862
9 4846 4847 4864 4863
9 4847 4848 4865 4864
9 4848 4849 4866 4865
9 4849 4850 4867 4866
9 4850 4851 4868 4867
9 4851 4852 4869 4868
9 4852 4853 4870 4869
9 4853 4854 4871 4870
9 4854 4855 4872 4871
9 4855 4856 4873 4872
9 4856 4857 4874 4873
9 4857 4858 4875 4874
9 4858 4859 4876 4875
9 4859 4860 4877 4876
9 4860 4861 4878 4877
9 4862 4863 4880 4879
9 4863 4864 4881 4880
9 4864 4865 4882 4881
9 4865 4866 4883 4882
9 4866 4867 4884 4883
9 4867 4868 4885 4884
9 4868 4869 4886 4885
9 4869 4870 4887 4886
9 4870 4871 4888 4887
9 4871 4872 4889 4888
9 4872 4873 4890 4889
9 4873 4874 4891 4890
9 4874 4875 4892 4891
9 4875 4876 4893 4892
9 4876 4877 4894 4893
9 4877 4878 4895 4894
9 4879 4880 4897 4896
9 4880 4881 4898 4897
9 4881 4882 4899 4898
9 4882 4883 4900 4899
9 4883 4884 4901 4900
9 4884 4885 4902 4901
9 4885 4886 4903 4902
9 4886 4887 4904 4903
9 4887 4888 4905 4904
9 4888 4889 4906 4905
9 4889 4890 4907 4906
9 4890 4891 4908 4907
9 4891 4892 4909 4908
9 4892 4893 4910 4909
9 4893 4894 4911 4910
9 4894 4895 4912 4911
