"PointID","x","y","z","Pressure","Velocity_x","Velocity_y","Velocity_z"
0, 0.000000000000000e+00, 0.000000000000000e+00, 0.000000000000000e+00, -2.364237924265536e-03, 6.754673828500187e-11, -2.372254190013069e-01, 9.061161555082596e-11
1, 3.926990816987241e-01, 0.000000000000000e+00, 0.000000000000000e+00, -1.609468745150827e-03, -1.570923660437374e-10, 2.290017297405343e-10, 9.928537507728986e-11
2, 7.853981633974483e-01, 0.000000000000000e+00, 0.000000000000000e+00, -2.364236864400611e-03, -2.535660612653922e-10, 2.372254194231613e-01, 9.990887834634633e-11
3, 1.178097245096172e+00, 0.000000000000000e+00, 0.000000000000000e+00, -1.609467355400160e-03, -2.562980892806911e-10, 1.930021304243722e-10, 9.785165231746608e-11
4, 1.570796326794897e+00, 0.000000000000000e+00, 0.000000000000000e+00, -2.364236007757069e-03, -2.161675363072521e-10, -2.372254190181437e-01, 9.537167138932265e-11
5, 1.963495408493621e+00, 0.000000000000000e+00, 0.000000000000000e+00, -1.609467112367942e-03, -1.613780935555887e-10, 1.934805495937884e-10, 9.233095095458758e-11
6, 2.356194490192345e+00, 0.000000000000000e+00, 0.000000000000000e+00, -2.364236175829573e-03, -1.037769605098809e-10, 2.372254193927350e-01, 9.027125223356626e-11
7, 2.748893571891069e+00, 0.000000000000000e+00, 0.000000000000000e+00, -1.609467487892137e-03, -5.402133513788296e-11, 1.777982516256076e-10, 8.867827781318203e-11
8, 3.141592653589793e+00, 0.000000000000000e+00, 0.000000000000000e+00, -2.364236499108196e-03, -1.453473712010085e-11, -2.372254190372921e-01, 8.828203213510017e-11
9, 3.534291735288517e+00, 0.000000000000000e+00, 0.000000000000000e+00, -1.609467513859421e-03, 2.393930993614627e-11, 1.772427513421070e-10, 8.811059408665609e-11
10, 3.926990816987241e+00, 0.000000000000000e+00, 0.000000000000000e+00, -2.364236200576248e-03, 7.134015078956464e-11, 2.372254193901490e-01, 8.914361731338695e-11
11, 4.319689898685965e+00, 0.000000000000000e+00, 0.000000000000000e+00, -1.609467083447669e-03, 1.271841182120884e-10, 1.881818836571639e-10, 9.068096974394758e-11
12, 4.712388980384690e+00, 0.000000000000000e+00, 0.000000000000000e+00, -2.364235855718554e-03, 1.848903268113288e-10, -2.372254190224157e-01, 9.327461932435492e-11
13, 5.105088062083414e+00, 0.000000000000000e+00, 0.000000000000000e+00, -1.609467025745256e-03, 2.389586361579259e-10, 1.904101550105647e-10, 9.550538223112963e-11
14, 5.497787143782138e+00, 0.000000000000000e+00, 0.000000000000000e+00, -2.364236376394021e-03, 2.700424065080691e-10, 2.372254194189991e-01, 9.765146633090482e-11
15, 5.890486225480862e+00, 0.000000000000000e+00, 0.000000000000000e+00, -1.609468293030821e-03, 2.330100896801412e-10, 2.284878837640565e-10, 9.772422341599188e-11
16, 6.283185307179586e+00, 0.000000000000000e+00, 0.000000000000000e+00, -2.364237924265536e-03, 6.754673828500187e-11, -2.372254190013069e-01, 9.061161555082596e-11
17, 0.000000000000000e+00, 3.926990816987241e-01, 0.000000000000000e+00, -4.500264845496622e-03, 7.193447840555600e-11, -2.024602242401598e-01, 9.325237961288986e-11
18, 3.926990816987241e-01, 3.926990816987241e-01, 0.000000000000000e+00, -1.076452977648088e-03, -3.999015304490738e-02, -7.949840273018783e-04, 1.081038275579177e-10
19, 7.853981633974483e-01, 3.926990816987241e-01, 0.000000000000000e+00, 2.941526683012176e-03, -2.295994974539989e-10, 2.027075205837703e-01, 1.085308737538911e-10
20, 1.178097245096172e+00, 3.926990816987241e-01, 0.000000000000000e+00, -1.076451710880391e-03, 3.999015266198867e-02, -7.949839526975188e-04, 1.064280065346817e-10
21, 1.570796326794897e+00, 3.926990816987241e-01, 0.000000000000000e+00, -4.500263124849906e-03, -1.876851121448559e-10, -2.024602240821205e-01, 1.032204656115441e-10
22, 1.963495408493621e+00, 3.926990816987241e-01, 0.000000000000000e+00, -1.076451625069393e-03, -3.999015302690934e-02, -7.949838210981470e-04, 1.005533216962980e-10
23, 2.356194490192345e+00, 3.926990816987241e-01, 0.000000000000000e+00, 2.941527089872978e-03, -8.775530392502085e-11, 2.027075208052503e-01, 9.823725033389340e-11
24, 2.748893571891069e+00, 3.926990816987241e-01, 0.000000000000000e+00, -1.076452060264265e-03, 3.999015284413483e-02, -7.949837510330865e-04, 9.675264404421927e-11
25, 3.141592653589793e+00, 3.926990816987241e-01, 0.000000000000000e+00, -4.500263751666169e-03, -1.239921076709394e-11, -2.024602239371026e-01, 9.586841797910802e-11
26, 3.534291735288517e+00, 3.926990816987241e-01, 0.000000000000000e+00, -1.076452093857766e-03, -3.999015287019569e-02, -7.949837413037122e-04, 9.615728787192567e-11
27, 3.926990816987241e+00, 3.926990816987241e-01, 0.000000000000000e+00, 2.941527049666832e-03, 5.898646815642176e-11, 2.027075208230616e-01, 9.705693352607361e-11
28, 4.319689898685965e+00, 3.926990816987241e-01, 0.000000000000000e+00, -1.076451621502927e-03, 3.999015299589516e-02, -7.949837963609740e-04, 9.882392193491533e-11
29, 4.712388980384690e+00, 3.926990816987241e-01, 0.000000000000000e+00, -4.500263011560538e-03, 1.583452021412857e-10, -2.024602240503163e-01, 1.010372655685930e-10
30, 5.105088062083414e+00, 3.926990816987241e-01, 0.000000000000000e+00, -1.076451431442482e-03, -3.999015267940145e-02, -7.949839171473862e-04, 1.039688933030880e-10
31, 5.497787143782138e+00, 3.926990816987241e-01, 0.000000000000000e+00, 2.941527124334726e-03, 2.416372640046933e-10, 2.027075206134290e-01, 1.061568164925194e-10
32, 5.890486225480862e+00, 3.926990816987241e-01, 0.000000000000000e+00, -1.076452540823989e-03, 3.999015310880687e-02, -7.949840105415903e-04, 1.064156632563099e-10
33, 6.283185307179586e+00, 3.926990816987241e-01, 0.000000000000000e+00, -4.500264845496622e-03, 7.193447840555600e-11, -2.024602242401598e-01, 9.325237961288986e-11
34, 0.000000000000000e+00, 7.853981633974483e-01, 0.000000000000000e+00, -3.671263806261281e-03, 5.277743242596164e-11, -1.257595710339632e-01, 7.330902351985355e-11
35, 3.926990816987241e-01, 7.853981633974483e-01, 0.000000000000000e+00, -8.040868615555587e-05, -5.165061312166988e-02, -7.131379033565153e-04, 8.493929940347316e-11
36, 7.853981633974483e-01, 7.853981633974483e-01, 0.000000000000000e+00, 5.966908144788455e-03, -1.496812800195276e-10, 1.261699974489812e-01, 8.596896303457397e-11
37, 1.178097245096172e+00, 7.853981633974483e-01, 0.000000000000000e+00, -8.040786805615787e-05, 5.165061287716918e-02, -7.131377106063479e-04, 8.458368730574496e-11
38, 1.570796326794897e+00, 7.853981633974483e-01, 0.000000000000000e+00, -3.671262767867155e-03, -9.714316194382206e-11, -1.257595706929280e-01, 8.270988797651303e-11
39, 1.963495408493621e+00, 7.853981633974483e-01, 0.000000000000000e+00, -8.040808121137945e-05, -5.165061307332112e-02, -7.131374789585239e-04, 8.128610272624923e-11
40, 2.356194490192345e+00, 7.853981633974483e-01, 0.000000000000000e+00, 5.966907950781825e-03, -3.363783991521120e-11, 1.261699978804374e-01, 8.028159687464007e-11
41, 2.748893571891069e+00, 7.853981633974483e-01, 0.000000000000000e+00, -8.040860588214452e-05, 5.165061299715755e-02, -7.131373393927644e-04, 7.931142801233553e-11
42, 3.141592653589793e+00, 7.853981633974483e-01, 0.000000000000000e+00, -3.671263607432271e-03, -5.662078041575492e-12, -1.257595704224717e-01, 7.880878026333399e-11
43, 3.534291735288517e+00, 7.853981633974483e-01, 0.000000000000000e+00, -8.040864849888384e-05, -5.165061301008247e-02, -7.131373219713104e-04, 7.895706966601315e-11
44, 3.926990816987241e+00, 7.853981633974483e-01, 0.000000000000000e+00, 5.966907886762108e-03, 1.710177411347319e-11, 1.261699979146219e-01, 7.956047556586475e-11
45, 4.319689898685965e+00, 7.853981633974483e-01, 0.000000000000000e+00, -8.040812444600315e-05, 5.165061305289122e-02, -7.131374305992588e-04, 8.020460834652552e-11
46, 4.712388980384690e+00, 7.853981633974483e-01, 0.000000000000000e+00, -3.671262734612608e-03, 7.478691798637123e-11, -1.257595706331802e-01, 8.129755021563136e-11
47, 5.105088062083414e+00, 7.853981633974483e-01, 0.000000000000000e+00, -8.040770596414027e-05, -5.165061289416809e-02, -7.131376442855295e-04, 8.292758811616799e-11
48, 5.497787143782138e+00, 7.853981633974483e-01, 0.000000000000000e+00, 5.966908446280029e-03, 1.524523587135517e-10, 1.261699975100515e-01, 8.429468848510519e-11
49, 5.890486225480862e+00, 7.853981633974483e-01, 0.000000000000000e+00, -8.040836424658223e-05, 5.165061316389440e-02, -7.131378628774724e-04, 8.370325143042639e-11
50, 6.283185307179586e+00, 7.853981633974483e-01, 0.000000000000000e+00, -3.671263806261281e-03, 5.277743242596164e-11, -1.257595710339632e-01, 7.330902351985355e-11
51, 0.000000000000000e+00, 1.178097245096172e+00, 0.000000000000000e+00, -2.348651802605668e-03, 1.962040785954477e-11, -5.461661088502410e-02, 3.969510252767221e-11
52, 3.926990816987241e-01, 1.178097245096172e+00, 0.000000000000000e+00, 5.760820129470745e-04, -3.590626255539948e-02, -2.775464350864035e-04, 4.588828587516564e-11
53, 7.853981633974483e-01, 1.178097245096172e+00, 0.000000000000000e+00, 5.022124026430284e-03, -2.157004526718999e-11, 5.489246218867402e-02, 4.711273356468411e-11
54, 1.178097245096172e+00, 1.178097245096172e+00, 0.000000000000000e+00, 5.760820980925336e-04, 3.590626253451212e-02, -2.775461575497124e-04, 4.746482921069555e-11
55, 1.570796326794897e+00, 1.178097245096172e+00, 0.000000000000000e+00, -2.348651874566502e-03, 3.864925539794018e-11, -5.461661041421560e-02, 4.778581734008698e-11
56, 1.963495408493621e+00, 1.178097245096172e+00, 0.000000000000000e+00, 5.760815146717237e-04, -3.590626247403796e-02, -2.775458590119328e-04, 4.840434501269505e-11
57, 2.356194490192345e+00, 1.178097245096172e+00, 0.000000000000000e+00, 5.022123048726145e-03, 4.822582638435209e-11, 5.489246275803235e-02, 4.905892961670608e-11
58, 2.748893571891069e+00, 1.178097245096172e+00, 0.000000000000000e+00, 5.760809150709763e-04, 3.590626255771944e-02, -2.775456763727867e-04, 4.939051786875038e-11
59, 3.141592653589793e+00, 1.178097245096172e+00, 0.000000000000000e+00, -2.348652923961222e-03, 4.316012264614591e-12, -5.461661006253604e-02, 4.949006098679023e-11
60, 3.534291735288517e+00, 1.178097245096172e+00, 0.000000000000000e+00, 5.760808676583414e-04, -3.590626255100928e-02, -2.775456541527045e-04, 4.942618191313153e-11
61, 3.926990816987241e+00, 1.178097245096172e+00, 0.000000000000000e+00, 5.022122965809808e-03, -4.629553698483370e-11, 5.489246280210285e-02, 4.909076848516127e-11
62, 4.319689898685965e+00, 1.178097245096172e+00, 0.000000000000000e+00, 5.760814221820407e-04, 3.590626246966141e-02, -2.775457958287818e-04, 4.837562553064215e-11
63, 4.712388980384690e+00, 1.178097245096172e+00, 0.000000000000000e+00, -2.348651939619588e-03, -4.976614080851304e-11, -5.461661033608740e-02, 4.763082322081940e-11
64, 5.105088062083414e+00, 1.178097245096172e+00, 0.000000000000000e+00, 5.760821003576231e-04, -3.590626254917839e-02, -2.775460706175068e-04, 4.713529572035739e-11
65, 5.497787143782138e+00, 1.178097245096172e+00, 0.000000000000000e+00, 5.022124117393268e-03, 1.206511625323966e-11, 5.489246227135357e-02, 4.664071064888616e-11
66, 5.890486225480862e+00, 1.178097245096172e+00, 0.000000000000000e+00, 5.760821448967537e-04, 3.590626256352685e-02, -2.775463787037078e-04, 4.545410196994771e-11
67, 6.283185307179586e+00, 1.178097245096172e+00, 0.000000000000000e+00, -2.348651802605668e-03, 1.962040785954477e-11, -5.461661088502410e-02, 3.969510252767221e-11
68, 0.000000000000000e+00, 1.570796326794897e+00, 0.000000000000000e+00, -8.485457479591574e-04, -1.988030039492426e-11, -1.519401411178978e-02, -1.220326479374774e-12
69, 3.926990816987241e-01, 1.570796326794897e+00, 0.000000000000000e+00, 6.260808982769401e-04, -1.469867963230448e-02, -4.530949364169412e-05, -1.515907952539359e-12
70, 7.853981633974483e-01, 1.570796326794897e+00, 0.000000000000000e+00, 2.431991259729883e-03, 1.371936217248815e-10, 1.528282165754674e-02, -1.943172508105649e-14
71, 1.178097245096172e+00, 1.570796326794897e+00, 0.000000000000000e+00, 6.260800922765587e-04, 1.469867988318521e-02, -4.530918258446447e-05, 2.393847369845422e-12
72, 1.570796326794897e+00, 1.570796326794897e+00, 0.000000000000000e+00, -8.485471588668594e-04, 1.987062177907922e-10, -1.519401358703940e-02, 5.368875139937336e-12
73, 1.963495408493621e+00, 1.570796326794897e+00, 0.000000000000000e+00, 6.260791095751255e-04, -1.469867951680981e-02, -4.530885746187635e-05, 8.467741960618154e-12
74, 2.356194490192345e+00, 1.570796326794897e+00, 0.000000000000000e+00, 2.431989420378859e-03, 1.442938582692840e-10, 1.528282227734915e-02, 1.116851147154815e-11
75, 2.748893571891069e+00, 1.570796326794897e+00, 0.000000000000000e+00, 6.260784709158817e-04, 1.469867978725148e-02, -4.530866163622192e-05, 1.302476316399408e-11
76, 3.141592653589793e+00, 1.570796326794897e+00, 0.000000000000000e+00, -8.485483725733389e-04, 1.591132823912423e-11, -1.519401320678383e-02, 1.383742095309691e-11
77, 3.534291735288517e+00, 1.570796326794897e+00, 0.000000000000000e+00, 6.260784239057254e-04, -1.469867975759213e-02, -4.530863782423965e-05, 1.352792822347266e-11
78, 3.926990816987241e+00, 1.570796326794897e+00, 0.000000000000000e+00, 2.431989327324885e-03, -1.206124535115150e-10, 1.528282232441284e-02, 1.210422475783573e-11
79, 4.319689898685965e+00, 1.570796326794897e+00, 0.000000000000000e+00, 6.260789753438112e-04, 1.469867953138580e-02, -4.530878942055594e-05, 9.706930510384215e-12
80, 4.712388980384690e+00, 1.570796326794897e+00, 0.000000000000000e+00, -8.485473236121890e-04, -1.959738123233663e-10, -1.519401350214614e-02, 6.734939490860185e-12
81, 5.105088062083414e+00, 1.570796326794897e+00, 0.000000000000000e+00, 6.260799159069512e-04, -1.469867989362861e-02, -4.530908779332897e-05, 3.681945282503485e-12
82, 5.497787143782138e+00, 1.570796326794897e+00, 0.000000000000000e+00, 2.431991101578251e-03, -1.600829671749523e-10, 1.528282174854133e-02, 9.903705929464353e-13
83, 5.890486225480862e+00, 1.570796326794897e+00, 0.000000000000000e+00, 6.260807978404802e-04, 1.469867959894960e-02, -4.530943074854452e-05, -9.514979779373696e-13
84, 6.283185307179586e+00, 1.570796326794897e+00, 0.000000000000000e+00, -8.485457479591574e-04, -1.988030039492426e-11, -1.519401411178978e-02, -1.220326479374774e-12
85, 0.000000000000000e+00, 1.963495408493621e+00, 0.000000000000000e+00, 2.595648839496164e-04, -5.937747204772528e-11, -2.223641532193854e-03, -4.267029738100793e-11
86, 3.926990816987241e-01, 1.963495408493621e+00, 0.000000000000000e+00, 3.710497986368361e-04, -3.121164631063060e-03, 1.304142344155276e-05, -4.945448437410187e-11
87, 7.853981633974483e-01, 1.963495408493621e+00, 0.000000000000000e+00, 4.759948395958537e-04, 3.008212358681689e-10, 2.256976733633310e-03, -4.760222282608951e-11
88, 1.178097245096172e+00, 1.963495408493621e+00, 0.000000000000000e+00, 3.710480942819904e-04, 3.121165158991412e-03, 1.304171634907787e-05, -4.313821283637004e-11
89, 1.570796326794897e+00, 1.963495408493621e+00, 0.000000000000000e+00, 2.595621312506503e-04, 3.600547398581957e-10, -2.223641037257870e-03, -3.750804379318372e-11
90, 1.963495408493621e+00, 1.963495408493621e+00, 0.000000000000000e+00, 3.710467332956069e-04, -3.121164483433629e-03, 1.304202074033081e-05, -3.185916913747811e-11
91, 2.356194490192345e+00, 1.963495408493621e+00, 0.000000000000000e+00, 4.759921772651427e-04, 2.397897096686566e-10, 2.256977311793089e-03, -2.704950749738681e-11
92, 2.748893571891069e+00, 1.963495408493621e+00, 0.000000000000000e+00, 3.710460899273352e-04, 3.121164940157535e-03, 1.304220127893066e-05, -2.369848713024272e-11
93, 3.141592653589793e+00, 1.963495408493621e+00, 0.000000000000000e+00, 2.595608100972631e-04, 2.743728848023436e-11, -2.223640684170984e-03, -2.220126628337272e-11
94, 3.534291735288517e+00, 1.963495408493621e+00, 0.000000000000000e+00, 3.710460475920017e-04, -3.121164887673841e-03, 1.304222325852312e-05, -2.272525125532236e-11
95, 3.926990816987241e+00, 1.963495408493621e+00, 0.000000000000000e+00, 4.759920824737902e-04, -1.943675996273452e-10, 2.256977355114744e-03, -2.520469047061819e-11
96, 4.319689898685965e+00, 1.963495408493621e+00, 0.000000000000000e+00, 3.710465686211059e-04, 3.121164517168316e-03, 1.304208369565329e-05, -2.934042927791276e-11
97, 4.712388980384690e+00, 1.963495408493621e+00, 0.000000000000000e+00, 2.595618777294311e-04, -3.429860947531474e-10, -2.223640958131479e-03, -3.460012252897625e-11
98, 5.105088062083414e+00, 1.963495408493621e+00, 0.000000000000000e+00, 3.710477455898143e-04, -3.121165164414717e-03, 1.304180497635542e-05, -4.020383379880457e-11
99, 5.497787143782138e+00, 1.963495408493621e+00, 0.000000000000000e+00, 4.759944323249718e-04, -3.364775522189654e-10, 2.256976818926728e-03, -4.507812910903895e-11
100, 5.890486225480862e+00, 1.963495408493621e+00, 0.000000000000000e+00, 3.710494613874743e-04, 3.121164555345560e-03, 1.304148276662907e-05, -4.786439426077593e-11
101, 6.283185307179586e+00, 1.963495408493621e+00, 0.000000000000000e+00, 2.595648839496164e-04, -5.937747204772528e-11, -2.223641532193854e-03, -4.267029738100793e-11
102, 0.000000000000000e+00, 2.356194490192345e+00, 0.000000000000000e+00, 4.778211887837355e-04, -9.342875806539465e-11, -3.953980746494434e-05, -7.831062758134481e-11
103, 3.926990816987241e-01, 2.356194490192345e+00, 0.000000000000000e+00, 1.205176648624448e-04, -1.656603821793041e-04, 1.655716832357275e-05, -9.063445586946331e-11
104, 7.853981633974483e-01, 2.356194490192345e+00, 0.000000000000000e+00, -2.555224729463055e-04, 4.424318179003835e-10, 6.673085674690741e-05, -8.843357038740971e-11
105, 1.178097245096172e+00, 2.356194490192345e+00, 0.000000000000000e+00, 1.205151985334295e-04, 1.656611496593204e-04, 1.655739781165688e-05, -8.222563217693296e-11
106, 1.570796326794897e+00, 2.356194490192345e+00, 0.000000000000000e+00, 4.778173043409425e-04, 4.991232652862774e-10, -3.953941953454980e-05, -7.432994310576542e-11
107, 1.963495408493621e+00, 2.356194490192345e+00, 0.000000000000000e+00, 1.205135365106509e-04, -1.656602080613348e-04, 1.655763557366342e-05, -6.647110748621944e-11
108, 2.356194490192345e+00, 2.356194490192345e+00, 0.000000000000000e+00, -2.555257987010282e-04, 3.209143163634367e-10, 6.673130783349789e-05, -5.983336860170279e-11
109, 2.748893571891069e+00, 2.356194490192345e+00, 0.000000000000000e+00, 1.205129120841567e-04, 1.656608238645184e-04, 1.655777544047574e-05, -5.522609599002257e-11
110, 3.141592653589793e+00, 2.356194490192345e+00, 0.000000000000000e+00, 4.778159321386568e-04, 3.725291660926065e-11, -3.953914518332047e-05, -5.316021672211213e-11
111, 3.534291735288517e+00, 2.356194490192345e+00, 0.000000000000000e+00, 1.205128770905630e-04, -1.656607519597192e-04, 1.655779243720884e-05, -5.385099254858541e-11
112, 3.926990816987241e+00, 2.356194490192345e+00, 0.000000000000000e+00, -2.555258887734476e-04, -2.569304691061656e-10, 6.673134135425584e-05, -5.721130936735742e-11
113, 4.319689898685965e+00, 2.356194490192345e+00, 0.000000000000000e+00, 1.205133538075692e-04, 1.656602583613457e-04, 1.655768444700647e-05, -6.285565823417690e-11
114, 4.712388980384690e+00, 2.356194490192345e+00, 0.000000000000000e+00, 4.778169828864168e-04, -4.694668752765007e-10, -3.953935785217330e-05, -7.009628088094918e-11
115, 5.105088062083414e+00, 2.356194490192345e+00, 0.000000000000000e+00, 1.205147084703906e-04, -1.656611504606883e-04, 1.655746706987859e-05, -7.787269122201182e-11
116, 5.497787143782138e+00, 2.356194490192345e+00, 0.000000000000000e+00, -2.555230902286074e-04, -4.888455021193988e-10, 6.673092348319110e-05, -8.460257329771841e-11
117, 5.890486225480862e+00, 2.356194490192345e+00, 0.000000000000000e+00, 1.205171254931867e-04, 1.656602698284826e-04, 1.655721480599430e-05, -8.815724210905035e-11
118, 6.283185307179586e+00, 2.356194490192345e+00, 0.000000000000000e+00, 4.778211887837355e-04, -9.342875806539465e-11, -3.953980746494434e-05, -7.831062758134481e-11
119, 0.000000000000000e+00, 2.748893571891069e+00, 0.000000000000000e+00, 1.980686262808435e-04, -1.170044573059660e-10, 6.324502419672851e-05, -1.028926931137167e-10
120, 3.926990816987241e-01, 2.748893571891069e+00, 0.000000000000000e+00, -2.801228584684705e-05, 4.931794145143817e-05, 9.048577699116833e-06, -1.190274144478570e-10
121, 7.853981633974483e-01, 2.748893571891069e+00, 0.000000000000000e+00, -2.577505009637232e-04, 5.401253783735723e-10, -4.671557691130332e-05, -1.165827994875848e-10
122, 1.178097245096172e+00, 2.748893571891069e+00, 0.000000000000000e+00, -2.801525867891342e-05, -4.931700843901442e-05, 9.048708961389008e-06, -1.091843759115745e-10
123, 1.570796326794897e+00, 2.748893571891069e+00, 0.000000000000000e+00, 1.980639962928329e-04, 5.949333821876924e-10, 6.324524590074038e-05, -9.974102452919738e-11
124, 1.963495408493621e+00, 2.748893571891069e+00, 0.000000000000000e+00, -2.801709907300420e-05, 4.931813296110857e-05, 9.048844337078768e-06, -9.036602077535637e-11
125, 2.356194490192345e+00, 2.748893571891069e+00, 0.000000000000000e+00, -2.577542311884151e-04, 3.762905689030280e-10, -4.671531999823797e-05, -8.247611569172344e-11
126, 2.748893571891069e+00, 2.748893571891069e+00, 0.000000000000000e+00, -2.801768968306088e-05, -4.931740814784108e-05, 9.048923546722510e-06, -7.701652659973062e-11
127, 3.141592653589793e+00, 2.748893571891069e+00, 0.000000000000000e+00, 1.980626283705098e-04, 4.395767004405735e-11, 6.324540147449869e-05, -7.456648946529942e-11
128, 3.534291735288517e+00, 2.748893571891069e+00, 0.000000000000000e+00, -2.801771665112238e-05, 4.931749331457968e-05, 9.048933164941942e-06, -7.536699751356523e-11
129, 3.926990816987241e+00, 2.748893571891069e+00, 0.000000000000000e+00, -2.577543125428921e-04, -2.995716716085433e-10, -4.671530099329450e-05, -7.932302102009382e-11
130, 4.319689898685965e+00, 2.748893571891069e+00, 0.000000000000000e+00, -2.801728699854976e-05, -4.931807116155136e-05, 9.048872120571595e-06, -8.599999577179585e-11
131, 4.712388980384690e+00, 2.748893571891069e+00, 0.000000000000000e+00, 1.980636359465854e-04, -5.564697612948713e-10, 6.324528106906044e-05, -9.459813281009258e-11
132, 5.105088062083414e+00, 2.748893571891069e+00, 0.000000000000000e+00, -2.801583865125620e-05, 4.931701089981229e-05, 9.048748547920153e-06, -1.038570643185835e-10
133, 5.497787143782138e+00, 2.748893571891069e+00, 0.000000000000000e+00, -2.577512569192888e-04, -5.939154088622521e-10, -4.671553870528505e-05, -1.118532237963833e-10
134, 5.890486225480862e+00, 2.748893571891069e+00, 0.000000000000000e+00, -2.801296085041511e-05, -4.931807907992799e-05, 9.048604322183133e-06, -1.159398115804765e-10
135, 6.283185307179586e+00, 2.748893571891069e+00, 0.000000000000000e+00, 1.980686262808435e-04, -1.170044573059660e-10, 6.324502419672851e-05, -1.028926931137167e-10
136, 0.000000000000000e+00, 3.141592653589793e+00, 0.000000000000000e+00, -7.496879975424664e-05, -1.265301105911582e-10, 3.969692558848057e-05, -1.128747264041728e-10
137, 3.926990816987241e-01, 3.141592653589793e+00, 0.000000000000000e+00, -7.507386296688906e-05, 3.400537632707578e-10, -1.491479440431875e-10, -1.305587584499732e-10
138, 7.853981633974483e-01, 3.141592653589793e+00, 0.000000000000000e+00, -7.497095264702571e-05, 5.792464208351275e-10, -3.969721983475589e-05, -1.280313349174897e-10
139, 1.178097245096172e+00, 3.141592653589793e+00, 0.000000000000000e+00, -7.507700841116964e-05, 6.591888882696890e-10, -1.359678281796602e-10, -1.201750366488106e-10
140, 1.570796326794897e+00, 3.141592653589793e+00, 0.000000000000000e+00, -7.497367421594745e-05, 6.329689105726889e-10, 3.969694756335803e-05, -1.101327113132145e-10
141, 1.963495408493621e+00, 3.141592653589793e+00, 0.000000000000000e+00, -7.507887819067302e-05, 5.379732702267955e-10, -1.232297339606362e-10, -1.001702890987799e-10
142, 2.356194490192345e+00, 3.141592653589793e+00, 0.000000000000000e+00, -7.497476743202234e-05, 3.980693332078164e-10, -3.969719550279160e-05, -9.179616305251768e-11
143, 2.748893571891069e+00, 3.141592653589793e+00, 0.000000000000000e+00, -7.507942653306969e-05, 2.298297020840930e-10, -1.161649731248179e-10, -8.600791674886759e-11
144, 3.141592653589793e+00, 3.141592653589793e+00, 0.000000000000000e+00, -7.497498572872430e-05, 4.660645267189446e-11, 3.969696163361513e-05, -8.340973793216697e-11
145, 3.534291735288517e+00, 3.141592653589793e+00, 0.000000000000000e+00, -7.507944662858536e-05, -1.394145115263301e-10, -1.152623374892389e-10, -8.425142299400684e-11
146, 3.926990816987241e+00, 3.141592653589793e+00, 0.000000000000000e+00, -7.497483838461056e-05, -3.162770618642121e-10, -3.969719369838988e-05, -8.843585384007873e-11
147, 4.319689898685965e+00, 3.141592653589793e+00, 0.000000000000000e+00, -7.507905880973625e-05, -4.715388507408379e-10, -1.205394925165860e-10, -9.551077439916192e-11
148, 4.712388980384690e+00, 3.141592653589793e+00, 0.000000000000000e+00, -7.497403937858216e-05, -5.909032414852882e-10, 3.969695105721433e-05, -1.046333064209318e-10
149, 5.105088062083414e+00, 3.141592653589793e+00, 0.000000000000000e+00, -7.507761374790857e-05, -6.553372000230549e-10, -1.319222329314545e-10, -1.144645403229935e-10
150, 5.497787143782138e+00, 3.141592653589793e+00, 0.000000000000000e+00, -7.497175532669358e-05, -6.359414122555862e-10, -3.969721582561759e-05, -1.229473729981480e-10
151, 5.890486225480862e+00, 3.141592653589793e+00, 0.000000000000000e+00, -7.507458707054882e-05, -4.878416288969172e-10, -1.462977201334778e-10, -1.272298352120969e-10
152, 6.283185307179586e+00, 3.141592653589793e+00, 0.000000000000000e+00, -7.496879975424664e-05, -1.265301105911582e-10, 3.969692558848057e-05, -1.128747264041728e-10
153, 0.000000000000000e+00, 3.534291735288517e+00, 0.000000000000000e+00, -2.577487380235626e-04, -1.206037471128225e-10, 4.671536949240763e-05, -1.068505636156427e-10
154, 3.926990816987241e-01, 3.534291735288517e+00, 0.000000000000000e+00, -2.801254703309985e-05, -4.931730105634793e-05, -9.048857121002583e-06, -1.236044519076164e-10
155, 7.853981633974483e-01, 3.534291735288517e+00, 0.000000000000000e+00, 1.980663445505104e-04, 5.538630547865261e-10, -6.324536818522594e-05, -1.211718752109762e-10
156, 1.178097245096172e+00, 3.534291735288517e+00, 0.000000000000000e+00, -2.801550384461988e-05, 4.931825715327229e-05, -9.048964191866233e-06, -1.136635779608618e-10
157, 1.570796326794897e+00, 3.534291735288517e+00, 0.000000000000000e+00, -2.577533174207965e-04, 6.075175378887420e-10, 4.671518821000205e-05, -1.040633536005407e-10
158, 1.963495408493621e+00, 3.534291735288517e+00, 0.000000000000000e+00, -2.801724969724136e-05, -4.931710850862235e-05, -9.049076001286239e-06, -9.452988175235816e-11
159, 2.356194490192345e+00, 3.534291735288517e+00, 0.000000000000000e+00, 1.980627787468104e-04, 3.831148761418837e-10, -6.324558019668950e-05, -8.651040512314252e-11
160, 2.748893571891069e+00, 3.534291735288517e+00, 0.000000000000000e+00, -2.801775350029253e-05, 4.931784701995209e-05, -9.049142095422906e-06, -8.096607869425918e-11
161, 3.141592653589793e+00, 3.534291735288517e+00, 0.000000000000000e+00, -2.577545290786500e-04, 4.483827144233358e-11, 4.671505878310893e-05, -7.847782022502668e-11
162, 3.534291735288517e+00, 3.534291735288517e+00, 0.000000000000000e+00, -2.801776919788879e-05, -4.931776009966774e-05, -9.049150010931793e-06, -7.928539443131209e-11
163, 3.926990816987241e+00, 3.534291735288517e+00, 0.000000000000000e+00, 1.980627179425358e-04, -3.046551106577853e-10, -6.324559582132469e-05, -8.329667301246102e-11
164, 4.319689898685965e+00, 3.534291735288517e+00, 0.000000000000000e+00, -2.801741187982123e-05, 4.931717199001982e-05, -9.049098774658008e-06, -9.007695207522208e-11
165, 4.712388980384690e+00, 3.534291735288517e+00, 0.000000000000000e+00, -2.577536527683305e-04, -5.676370928600194e-10, 4.671515951942625e-05, -9.881302626650687e-11
166, 5.105088062083414e+00, 3.534291735288517e+00, 0.000000000000000e+00, -2.801606626730144e-05, -4.931825400118152e-05, -9.048996302807192e-06, -1.082183707490714e-10
167, 5.497787143782138e+00, 3.534291735288517e+00, 0.000000000000000e+00, 1.980655939070696e-04, -6.085320335408461e-10, -6.324539897830510e-05, -1.163306777242531e-10
168, 5.890486225480862e+00, 3.534291735288517e+00, 0.000000000000000e+00, -2.801322677870515e-05, 4.931715974042330e-05, -9.048878444984805e-06, -1.204389904609332e-10
169, 6.283185307179586e+00, 3.534291735288517e+00, 0.000000000000000e+00, -2.577487380235626e-04, -1.206037471128225e-10, 4.671536949240763e-05, -1.068505636156427e-10
170, 0.000000000000000e+00, 3.926990816987241e+00, 0.000000000000000e+00, -2.555212684915075e-04, -1.000765855235908e-10, -6.673095235923261e-05, -8.571375127337557e-11
171, 3.926990816987241e-01, 3.926990816987241e+00, 0.000000000000000e+00, 1.205172156833726e-04, 1.656609093623345e-04, -1.655739314221215e-05, -9.919225398642591e-11
172, 7.853981633974483e-01, 3.926990816987241e+00, 0.000000000000000e+00, 4.778190937231775e-04, 4.676813895928776e-10, 3.953945899903343e-05, -9.701584181750217e-11
173, 1.178097245096172e+00, 3.926990816987241e+00, 0.000000000000000e+00, 1.205147827700884e-04, -1.656600995086214e-04, -1.655760469743350e-05, -9.060900864003240e-11
174, 1.570796326794897e+00, 3.926990816987241e+00, 0.000000000000000e+00, -2.555250547711390e-04, 5.223728527369441e-10, -6.673131011547977e-05, -8.242588360396837e-11
175, 1.963495408493621e+00, 3.926990816987241e+00, 0.000000000000000e+00, 1.205132953209925e-04, 1.656610856777541e-04, -1.655782432842747e-05, -7.427188843025502e-11
176, 2.356194490192345e+00, 3.926990816987241e+00, 0.000000000000000e+00, 4.778160743052351e-04, 3.336239146895658e-10, 3.953904217152604e-05, -6.739167407107201e-11
177, 2.748893571891069e+00, 3.926990816987241e+00, 0.000000000000000e+00, 1.205128324500334e-04, -1.656604444155812e-04, -1.655795392828540e-05, -6.262765893797153e-11
178, 3.141592653589793e+00, 3.926990816987241e+00, 0.000000000000000e+00, -2.555261374911554e-04, 3.891452670137887e-11, -6.673156398434919e-05, -6.049158703626760e-11
179, 3.534291735288517e+00, 3.926990816987241e+00, 0.000000000000000e+00, 1.205128179708853e-04, 1.656605196150348e-04, -1.655796951857776e-05, -6.119413780013861e-11
180, 3.926990816987241e+00, 3.926990816987241e+00, 0.000000000000000e+00, 4.778160219113316e-04, -2.664098608535541e-10, 3.953901138722613e-05, -6.465617282631229e-11
181, 4.319689898685965e+00, 3.926990816987241e+00, 0.000000000000000e+00, 1.205131601105245e-04, -1.656610323070235e-04, -1.655786923331875e-05, -7.049429488451250e-11
182, 4.712388980384690e+00, 3.926990816987241e+00, 0.000000000000000e+00, -2.555253298578905e-04, -4.901572023518908e-10, -6.673136677181341e-05, -7.799239396415064e-11
183, 5.105088062083414e+00, 3.926990816987241e+00, 0.000000000000000e+00, 1.205143255286206e-04, 1.656600999633814e-04, -1.655766825347270e-05, -8.603740383890044e-11
184, 5.497787143782138e+00, 3.926990816987241e+00, 0.000000000000000e+00, 4.778184864979907e-04, -5.156814395339231e-10, 3.953939789798359e-05, -9.297791258746571e-11
185, 5.890486225480862e+00, 3.926990816987241e+00, 0.000000000000000e+00, 1.205166672617343e-04, -1.656610285186036e-04, -1.655743553027241e-05, -9.657027714672653e-11
186, 6.283185307179586e+00, 3.926990816987241e+00, 0.000000000000000e+00, -2.555212684915075e-04, -1.000765855235908e-10, -6.673095235923261e-05, -8.571375127337557e-11
187, 0.000000000000000e+00, 4.319689898685965e+00, 0.000000000000000e+00, 4.759954312033122e-04, -6.782961907440322e-11, -2.256976706930410e-03, -5.253456266801980e-11
188, 3.926990816987241e-01, 4.319689898685965e+00, 0.000000000000000e+00, 3.710492930194004e-04, 3.121164988491003e-03, -1.304156378101012e-05, -6.086582825877069e-11
189, 7.853981633974483e-01, 4.319689898685965e+00, 0.000000000000000e+00, 2.595632947726084e-04, 3.337516718639680e-10, 2.223641227958185e-03, -5.906837987092824e-11
190, 1.178097245096172e+00, 4.319689898685965e+00, 0.000000000000000e+00, 3.710476435496147e-04, -3.121164406385334e-03, -1.304184793737275e-05, -5.433870002199081e-11
191, 1.570796326794897e+00, 4.319689898685965e+00, 0.000000000000000e+00, 4.759928205032097e-04, 3.900915433236230e-10, -2.256977187891372e-03, -4.832582819839475e-11
192, 1.963495408493621e+00, 4.319689898685965e+00, 0.000000000000000e+00, 3.710465096197275e-04, 3.121165140548317e-03, -1.304214275525036e-05, -4.230007813256893e-11
193, 2.356194490192345e+00, 4.319689898685965e+00, 0.000000000000000e+00, 2.595610383357536e-04, 2.569032518857735e-10, 2.223640668827802e-03, -3.717714352771132e-11
194, 2.748893571891069e+00, 4.319689898685965e+00, 0.000000000000000e+00, 3.710460796688539e-04, -3.121164650351030e-03, -1.304231688452150e-05, -3.360775754855854e-11
195, 3.141592653589793e+00, 4.319689898685965e+00, 0.000000000000000e+00, 4.759918783039980e-04, 2.966306734714882e-11, -2.256977529221269e-03, -3.200872351490465e-11
196, 3.534291735288517e+00, 4.319689898685965e+00, 0.000000000000000e+00, 3.710460632789903e-04, 3.121164707300866e-03, -1.304233795902419e-05, -3.255641334413016e-11
197, 3.926990816987241e+00, 4.319689898685965e+00, 0.000000000000000e+00, 2.595609918360653e-04, -2.071653506004810e-10, 2.223640627315167e-03, -3.518041896079578e-11
198, 4.319689898685965e+00, 4.319689898685965e+00, 0.000000000000000e+00, 3.710464064998981e-04, -3.121165102950253e-03, -1.304220325202952e-05, -3.956541458725156e-11
199, 4.712388980384690e+00, 4.319689898685965e+00, 0.000000000000000e+00, 4.759926277587110e-04, -3.698686196982095e-10, -2.256977264212252e-03, -4.515398142648645e-11
200, 5.105088062083414e+00, 4.319689898685965e+00, 0.000000000000000e+00, 3.710473388554392e-04, 3.121164402578001e-03, -1.304193353890946e-05, -5.111691127740882e-11
201, 5.497787143782138e+00, 4.319689898685965e+00, 0.000000000000000e+00, 2.595629020564595e-04, -3.714665052451071e-10, 2.223641145569651e-03, -5.627301692242464e-11
202, 5.890486225480862e+00, 4.319689898685965e+00, 0.000000000000000e+00, 3.710489442843888e-04, -3.121165073094413e-03, -1.304162111084697e-05, -5.908610971534255e-11
203, 6.283185307179586e+00, 4.319689898685965e+00, 0.000000000000000e+00, 4.759954312033122e-04, -6.782961907440322e-11, -2.256976706930410e-03, -5.253456266801980e-11
204, 0.000000000000000e+00, 4.712388980384690e+00, 0.000000000000000e+00, 2.431991300087370e-03, -2.866230472555542e-11, -1.528282151273184e-02, -1.217278446501992e-11
205, 3.926990816987241e-01, 4.712388980384690e+00, 0.000000000000000e+00, 6.260804971799491e-04, 1.469867978930025e-02, 4.530945922299659e-05, -1.424745088494128e-11
206, 7.853981633974483e-01, 4.712388980384690e+00, 0.000000000000000e+00, -8.485465684546198e-04, 1.724489910768842e-10, 1.519401389926533e-02, -1.289969500707104e-11
207, 1.178097245096172e+00, 4.712388980384690e+00, 0.000000000000000e+00, 6.260797712303953e-04, -1.469867948183624e-02, 4.530914659821548e-05, -1.014156961079583e-11
208, 1.570796326794897e+00, 4.712388980384690e+00, 0.000000000000000e+00, 2.431990069340760e-03, 2.301760325259466e-10, -1.528282204449335e-02, -6.696795161296425e-12
209, 1.963495408493621e+00, 4.712388980384690e+00, 0.000000000000000e+00, 6.260790347527217e-04, 1.469867991202791e-02, 4.530881999915734e-05, -3.248358888918934e-12
210, 2.356194490192345e+00, 4.712388980384690e+00, 0.000000000000000e+00, -8.485479574886734e-04, 1.642527960627986e-10, 1.519401328262627e-02, -2.510692252724304e-13
211, 2.748893571891069e+00, 4.712388980384690e+00, 0.000000000000000e+00, 6.260786270745568e-04, -1.469867960459736e-02, 4.530862696947450e-05, 1.905054316379052e-12
212, 3.141592653589793e+00, 4.712388980384690e+00, 0.000000000000000e+00, 2.431989262280817e-03, 1.835291064623994e-11, -1.528282242427063e-02, 2.881432125787928e-12
213, 3.534291735288517e+00, 4.712388980384690e+00, 0.000000000000000e+00, 6.260786067975307e-04, 1.469867963934635e-02, 4.530860330812372e-05, 2.495439160189232e-12
214, 3.926990816987241e+00, 4.712388980384690e+00, 0.000000000000000e+00, -8.485480001339951e-04, -1.356177061999961e-10, 1.519401323634148e-02, 8.563648304434437e-13
215, 4.319689898685965e+00, 4.712388980384690e+00, 0.000000000000000e+00, 6.260789652819097e-04, -1.469867989340261e-02, 4.530875266331598e-05, -1.767855876801332e-12
216, 4.712388980384690e+00, 4.712388980384690e+00, 0.000000000000000e+00, 2.431989969569722e-03, -2.243410821039195e-10, -1.528282212938300e-02, -5.040982175163877e-12
217, 5.105088062083414e+00, 4.712388980384690e+00, 0.000000000000000e+00, 6.260796443955471e-04, 1.469867947284215e-02, 4.530905180601035e-05, -8.539437528702318e-12
218, 5.497787143782138e+00, 4.712388980384690e+00, 0.000000000000000e+00, -8.485467062960175e-04, -1.979976529403628e-10, 1.519401380813323e-02, -1.159583865088175e-11
219, 5.890486225480862e+00, 4.712388980384690e+00, 0.000000000000000e+00, 6.260803888074827e-04, -1.469867983208957e-02, 4.530939532231777e-05, -1.348194245256229e-11
220, 6.283185307179586e+00, 4.712388980384690e+00, 0.000000000000000e+00, 2.431991300087370e-03, -2.866230472555542e-11, -1.528282151273184e-02, -1.217278446501992e-11
221, 0.000000000000000e+00, 5.105088062083414e+00, 0.000000000000000e+00, 5.022123673309320e-03, 1.075765209740561e-11, -5.489246194269422e-02, 2.925584615718979e-11
222, 3.926990816987241e-01, 5.105088062083414e+00, 0.000000000000000e+00, 5.760818626581158e-04, 3.590626251387419e-02, 2.775465208176863e-04, 3.360841971652104e-11
223, 7.853981633974483e-01, 5.105088062083414e+00, 0.000000000000000e+00, -2.348651719538890e-03, 8.182856242976311e-12, 5.461661080671430e-02, 3.450386314743102e-11
224, 1.178097245096172e+00, 5.105088062083414e+00, 0.000000000000000e+00, 5.760820459471315e-04, -3.590626248490830e-02, 2.775462284742439e-04, 3.532074253602623e-11
225, 1.570796326794897e+00, 5.105088062083414e+00, 0.000000000000000e+00, 5.022123801650255e-03, 6.680274284354846e-11, -5.489246244245508e-02, 3.622170552602454e-11
226, 1.963495408493621e+00, 5.105088062083414e+00, 0.000000000000000e+00, 5.760816978118922e-04, 3.590626260455754e-02, 2.775459193750978e-04, 3.702254365844987e-11
227, 2.356194490192345e+00, 5.105088062083414e+00, 0.000000000000000e+00, -2.348652263451558e-03, 6.894417620231036e-11, 5.461661022638224e-02, 3.783466851232002e-11
228, 2.748893571891069e+00, 5.105088062083414e+00, 0.000000000000000e+00, 5.760813015344559e-04, -3.590626248497329e-02, 2.775457352968559e-04, 3.858862679406779e-11
229, 3.141592653589793e+00, 5.105088062083414e+00, 0.000000000000000e+00, 5.022123112152145e-03, 6.578955992094536e-12, -5.489246280612316e-02, 3.896897451427758e-11
230, 3.534291735288517e+00, 5.105088062083414e+00, 0.000000000000000e+00, 5.760812776295493e-04, 3.590626249668483e-02, 2.775457124054513e-04, 3.870868508008585e-11
231, 3.926990816987241e+00, 5.105088062083414e+00, 0.000000000000000e+00, -2.348652302303348e-03, -6.200581159324635e-11, 5.461661018197155e-02, 3.803655087245173e-11
232, 4.319689898685965e+00, 5.105088062083414e+00, 0.000000000000000e+00, 5.760816607751025e-04, -3.590626260514491e-02, 2.775458547992495e-04, 3.722764960733959e-11
233, 4.712388980384690e+00, 5.105088062083414e+00, 0.000000000000000e+00, 5.022123792867724e-03, -7.521506114862355e-11, -5.489246252356931e-02, 3.633926212058855e-11
234, 5.105088062083414e+00, 5.105088062083414e+00, 0.000000000000000e+00, 5.760820956004384e-04, 3.590626247083921e-02, 2.775461390945888e-04, 3.528656121885127e-11
235, 5.497787143782138e+00, 5.105088062083414e+00, 0.000000000000000e+00, -2.348651601194966e-03, -2.173616679502683e-11, 5.461661072136220e-02, 3.430398192391936e-11
236, 5.890486225480862e+00, 5.105088062083414e+00, 0.000000000000000e+00, 5.760819999510542e-04, -3.590626251399000e-02, 2.775464605083041e-04, 3.334752557773290e-11
237, 6.283185307179586e+00, 5.105088062083414e+00, 0.000000000000000e+00, 5.022123673309320e-03, 1.075765209740561e-11, -5.489246194269422e-02, 2.925584615718979e-11
238, 0.000000000000000e+00, 5.497787143782138e+00, 0.000000000000000e+00, 5.966907594017110e-03, 4.364110333310434e-11, -1.261699971264576e-01, 6.499069567903212e-11
239, 3.926990816987241e-01, 5.497787143782138e+00, 0.000000000000000e+00, -8.040852564918044e-05, 5.165061291909807e-02, 7.131381195367561e-04, 7.495467904080155e-11
240, 7.853981633974483e-01, 5.497787143782138e+00, 0.000000000000000e+00, -3.671262905780731e-03, -1.322723397897797e-10, 1.257595711239114e-01, 7.547581775102674e-11
241, 1.178097245096172e+00, 5.497787143782138e+00, 0.000000000000000e+00, -8.040761432350646e-05, -5.165061312703376e-02, 7.131378906880448e-04, 7.465625523755794e-11
242, 1.570796326794897e+00, 5.497787143782138e+00, 0.000000000000000e+00, 5.966908817769407e-03, -7.503319901083762e-11, -1.261699975111376e-01, 7.344482037220554e-11
243, 1.963495408493621e+00, 5.497787143782138e+00, 0.000000000000000e+00, -8.040763692333618e-05, 5.165061297597401e-02, 7.131376492694530e-04, 7.196613478339523e-11
244, 2.356194490192345e+00, 5.497787143782138e+00, 0.000000000000000e+00, -3.671262756061347e-03, -1.564619315140841e-11, 1.257595706665721e-01, 7.090766084664495e-11
245, 2.748893571891069e+00, 5.497787143782138e+00, 0.000000000000000e+00, -8.040802648201312e-05, -5.165061302178896e-02, 7.131374994787426e-04, 7.046234194930182e-11
246, 3.141592653589793e+00, 5.497787143782138e+00, 0.000000000000000e+00, 5.966908225868393e-03, -3.887988882126659e-12, -1.261699978042254e-01, 7.036141975738667e-11
247, 3.534291735288517e+00, 5.497787143782138e+00, 0.000000000000000e+00, -8.040805188756508e-05, 5.165061301291698e-02, 7.131374810080459e-04, 7.017759268363108e-11
248, 3.926990816987241e+00, 5.497787143782138e+00, 0.000000000000000e+00, -3.671262789212307e-03, 3.319451319310102e-12, 1.257595706305209e-01, 7.033011887235785e-11
249, 4.319689898685965e+00, 5.497787143782138e+00, 0.000000000000000e+00, -8.040764411164549e-05, -5.165061299310637e-02, 7.131375966225979e-04, 7.107562024883378e-11
250, 4.712388980384690e+00, 5.497787143782138e+00, 0.000000000000000e+00, 5.966908887404176e-03, 5.493495914190456e-11, -1.261699975763798e-01, 7.224683860120516e-11
251, 5.105088062083414e+00, 5.497787143782138e+00, 0.000000000000000e+00, -8.040741677868927e-05, 5.165061310940554e-02, 7.131378207241563e-04, 7.323472758056701e-11
252, 5.497787143782138e+00, 5.497787143782138e+00, 0.000000000000000e+00, -3.671262575364526e-03, 1.295680333510375e-10, 1.257595710581921e-01, 7.401341024841900e-11
253, 5.890486225480862e+00, 5.497787143782138e+00, 0.000000000000000e+00, -8.040818359326058e-05, -5.165061288256104e-02, 7.131380741036930e-04, 7.383667881069968e-11
254, 6.283185307179586e+00, 5.497787143782138e+00, 0.000000000000000e+00, 5.966907594017110e-03, 4.364110333310434e-11, -1.261699971264576e-01, 6.499069567903212e-11
255, 0.000000000000000e+00, 5.890486225480862e+00, 0.000000000000000e+00, 2.941526030534274e-03, 6.507335797499973e-11, -2.027075201962053e-01, 8.839608292202284e-11
256, 3.926990816987241e-01, 5.890486225480862e+00, 0.000000000000000e+00, -1.076452651409761e-03, 3.999015274821489e-02, 7.949843765562516e-04, 1.022198039592787e-10
257, 7.853981633974483e-01, 5.890486225480862e+00, 0.000000000000000e+00, -4.500263533344222e-03, -2.235103556238241e-10, 2.024602245121365e-01, 1.023878110600807e-10
258, 1.178097245096172e+00, 5.890486225480862e+00, 0.000000000000000e+00, -1.076451327168383e-03, -3.999015311285862e-02, 7.949842416269449e-04, 1.005484520013667e-10
259, 1.570796326794897e+00, 5.890486225480862e+00, 0.000000000000000e+00, 2.941527880238917e-03, -1.743891287838499e-10, -2.027075203989038e-01, 9.769563741727001e-11
260, 1.963495408493621e+00, 5.890486225480862e+00, 0.000000000000000e+00, -1.076451139160995e-03, 3.999015277277669e-02, 7.949841092405268e-04, 9.503418771755318e-11
261, 2.356194490192345e+00, 5.890486225480862e+00, 0.000000000000000e+00, -4.500262951604754e-03, -7.686177470962394e-11, 2.024602242450523e-01, 9.272705785602277e-11
262, 2.748893571891069e+00, 5.890486225480862e+00, 0.000000000000000e+00, -1.076451518004449e-03, -3.999015293682100e-02, 7.949840155849498e-04, 9.150578702218434e-11
263, 3.141592653589793e+00, 5.890486225480862e+00, 0.000000000000000e+00, 2.941527365145013e-03, -1.136539555959164e-11, -2.027075205730215e-01, 9.082569004977801e-11
264, 3.534291735288517e+00, 5.890486225480862e+00, 0.000000000000000e+00, -1.076451543180444e-03, 3.999015291310200e-02, 7.949840048943612e-04, 9.095260383909915e-11
265, 3.926990816987241e+00, 5.890486225480862e+00, 0.000000000000000e+00, -4.500262978112214e-03, 5.056965553517115e-11, 2.024602242230743e-01, 9.163193815991234e-11
266, 4.319689898685965e+00, 5.890486225480862e+00, 0.000000000000000e+00, -1.076451121301337e-03, -3.999015280163196e-02, 7.949840766596792e-04, 9.341745240141529e-11
267, 4.712388980384690e+00, 5.890486225480862e+00, 0.000000000000000e+00, 2.941528007631705e-03, 1.465358250266668e-10, -2.027075204378197e-01, 9.563906306217650e-11
268, 5.105088062083414e+00, 5.890486225480862e+00, 0.000000000000000e+00, -1.076451031923657e-03, 3.999015309444871e-02, 7.949842017613863e-04, 9.822578826638849e-11
269, 5.497787143782138e+00, 5.890486225480862e+00, 0.000000000000000e+00, -4.500263075681837e-03, 2.312222337828396e-10, 2.024602244758263e-01, 1.001314366654042e-10
270, 5.890486225480862e+00, 5.890486225480862e+00, 0.000000000000000e+00, -1.076452196947022e-03, -3.999015268734858e-02, 7.949843555488403e-04, 1.005915259258088e-10
271, 6.283185307179586e+00, 5.890486225480862e+00, 0.000000000000000e+00, 2.941526030534274e-03, 6.507335797499973e-11, -2.027075201962053e-01, 8.839608292202284e-11
272, 0.000000000000000e+00, 6.283185307179586e+00, 0.000000000000000e+00, -2.364237924265536e-03, 6.754673828500187e-11, -2.372254190013069e-01, 9.061161555082596e-11
273, 3.926990816987241e-01, 6.283185307179586e+00, 0.000000000000000e+00, -1.609468745150827e-03, -1.570923660437374e-10, 2.290017297405343e-10, 9.928537507728986e-11
274, 7.853981633974483e-01, 6.283185307179586e+00, 0.000000000000000e+00, -2.364236864400611e-03, -2.535660612653922e-10, 2.372254194231613e-01, 9.990887834634633e-11
275, 1.178097245096172e+00, 6.283185307179586e+00, 0.000000000000000e+00, -1.609467355400160e-03, -2.562980892806911e-10, 1.930021304243722e-10, 9.785165231746608e-11
276, 1.570796326794897e+00, 6.283185307179586e+00, 0.000000000000000e+00, -2.364236007757069e-03, -2.161675363072521e-10, -2.372254190181437e-01, 9.537167138932265e-11
277, 1.963495408493621e+00, 6.283185307179586e+00, 0.000000000000000e+00, -1.609467112367942e-03, -1.613780935555887e-10, 1.934805495937884e-10, 9.233095095458758e-11
278, 2.356194490192345e+00, 6.283185307179586e+00, 0.000000000000000e+00, -2.364236175829573e-03, -1.037769605098809e-10, 2.372254193927350e-01, 9.027125223356626e-11
279, 2.748893571891069e+00, 6.283185307179586e+00, 0.000000000000000e+00, -1.609467487892137e-03, -5.402133513788296e-11, 1.777982516256076e-10, 8.867827781318203e-11
280, 3.141592653589793e+00, 6.283185307179586e+00, 0.000000000000000e+00, -2.364236499108196e-03, -1.453473712010085e-11, -2.372254190372921e-01, 8.828203213510017e-11
281, 3.534291735288517e+00, 6.283185307179586e+00, 0.000000000000000e+00, -1.609467513859421e-03, 2.393930993614627e-11, 1.772427513421070e-10, 8.811059408665609e-11
282, 3.926990816987241e+00, 6.283185307179586e+00, 0.000000000000000e+00, -2.364236200576248e-03, 7.134015078956464e-11, 2.372254193901490e-01, 8.914361731338695e-11
283, 4.319689898685965e+00, 6.283185307179586e+00, 0.000000000000000e+00, -1.609467083447669e-03, 1.271841182120884e-10, 1.881818836571639e-10, 9.068096974394758e-11
284, 4.712388980384690e+00, 6.283185307179586e+00, 0.000000000000000e+00, -2.364235855718554e-03, 1.848903268113288e-10, -2.372254190224157e-01, 9.327461932435492e-11
285, 5.105088062083414e+00, 6.283185307179586e+00, 0.000000000000000e+00, -1.609467025745256e-03, 2.389586361579259e-10, 1.904101550105647e-10, 9.550538223112963e-11
286, 5.497787143782138e+00, 6.283185307179586e+00, 0.000000000000000e+00, -2.364236376394021e-03, 2.700424065080691e-10, 2.372254194189991e-01, 9.765146633090482e-11
287, 5.890486225480862e+00, 6.283185307179586e+00, 0.000000000000000e+00, -1.609468293030821e-03, 2.330100896801412e-10, 2.284878837640565e-10, 9.772422341599188e-11
288, 6.283185307179586e+00, 6.283185307179586e+00, 0.000000000000000e+00, -2.364237924265536e-03, 6.754673828500187e-11, -2.372254190013069e-01, 9.061161555082596e-11
289, 0.000000000000000e+00, 0.000000000000000e+00, 3.926990816987241e-01, -1.919845366564590e-03, 7.546445281078739e-11, -2.031020225708220e-01, -1.489688865939078e-04
290, 3.926990816987241e-01, 0.000000000000000e+00, 3.926990816987241e-01, -1.355892118435586e-03, -1.660072733206291e-10, 2.411733875551918e-10, -1.123856898308172e-04
291, 7.853981633974483e-01, 0.000000000000000e+00, 3.926990816987241e-01, -1.919844249957422e-03, -2.524650016138278e-10, 2.031020230115062e-01, -1.489688938203447e-04
292, 1.178097245096172e+00, 0.000000000000000e+00, 3.926990816987241e-01, -1.355890711190217e-03, -2.490769457174297e-10, 2.064059487168307e-10, -1.123856781675565e-04
293, 1.570796326794897e+00, 0.000000000000000e+00, 3.926990816987241e-01, -1.919843443205616e-03, -2.090485002898253e-10, -2.031020225844755e-01, -1.489688690922850e-04
294, 1.963495408493621e+00, 0.000000000000000e+00, 3.926990816987241e-01, -1.355890514075008e-03, -1.561581311003182e-10, 2.028783547563742e-10, -1.123856494761965e-04
295, 2.356194490192345e+00, 0.000000000000000e+00, 3.926990816987241e-01, -1.919843634496505e-03, -9.921565343581355e-11, 2.031020229795348e-01, -1.489688430945319e-04
296, 2.748893571891069e+00, 0.000000000000000e+00, 3.926990816987241e-01, -1.355890915784646e-03, -5.043650149712547e-11, 1.878368356530764e-10, -1.123856301457543e-04
297, 3.141592653589793e+00, 0.000000000000000e+00, 3.926990816987241e-01, -1.919843987107775e-03, -1.394228737931705e-11, -2.031020226046674e-01, -1.489688319536795e-04
298, 3.534291735288517e+00, 0.000000000000000e+00, 3.926990816987241e-01, -1.355890945615326e-03, 2.151445065350152e-11, 1.870399433441811e-10, -1.123856275628185e-04
299, 3.926990816987241e+00, 0.000000000000000e+00, 3.926990816987241e-01, -1.919843667246216e-03, 6.782229419820969e-11, 2.031020229767852e-01, -1.489688380537565e-04
300, 4.319689898685965e+00, 0.000000000000000e+00, 3.926990816987241e-01, -1.355890497084955e-03, 1.227485035786394e-10, 1.976301796101636e-10, -1.123856423643460e-04
301, 4.712388980384690e+00, 0.000000000000000e+00, 3.926990816987241e-01, -1.919843306035530e-03, 1.780153256236332e-10, -2.031020225890719e-01, -1.489688606969626e-04
302, 5.105088062083414e+00, 0.000000000000000e+00, 3.926990816987241e-01, -1.355890394765106e-03, 2.305751191540903e-10, 2.031130920928313e-10, -1.123856701640439e-04
303, 5.497787143782138e+00, 0.000000000000000e+00, 3.926990816987241e-01, -1.919843760576698e-03, 2.646380002029257e-10, 2.031020230069357e-01, -1.489688888573021e-04
304, 5.890486225480862e+00, 0.000000000000000e+00, 3.926990816987241e-01, -1.355891634810757e-03, 2.356951327641049e-10, 2.381250304704747e-10, -1.123856901756693e-04
305, 6.283185307179586e+00, 0.000000000000000e+00, 3.926990816987241e-01, -1.919845366564590e-03, 7.546445281078739e-11, -2.031020225708220e-01, -1.489688865939078e-04
306, 0.000000000000000e+00, 3.926990816987241e-01, 3.926990816987241e-01, -3.897129909861246e-03, 8.641552450763374e-11, -1.734894923283631e-01, -1.840090098327388e-04
307, 3.926990816987241e-01, 3.926990816987241e-01, 3.926990816987241e-01, -8.945146204802240e-04, -3.424671130451227e-02, -6.164511987046573e-04, -7.921414534047379e-05
308, 7.853981633974483e-01, 3.926990816987241e-01, 3.926990816987241e-01, 2.553902926977088e-03, -2.297415051335930e-10, 1.735993120074981e-01, 6.197660119909871e-05
309, 1.178097245096172e+00, 3.926990816987241e-01, 3.926990816987241e-01, -8.945133204914447e-04, 3.424671091457120e-02, -6.164511247931002e-04, -7.921413538060526e-05
310, 1.570796326794897e+00, 3.926990816987241e-01, 3.926990816987241e-01, -3.897128162618494e-03, -1.804794456119059e-10, -1.734894921754598e-01, -1.840089995575620e-04
311, 1.963495408493621e+00, 3.926990816987241e-01, 3.926990816987241e-01, -8.945132753543851e-04, -3.424671126725458e-02, -6.164509966077865e-04, -7.921410800521707e-05
312, 2.356194490192345e+00, 3.926990816987241e-01, 3.926990816987241e-01, 2.553903272710034e-03, -8.322672489484621e-11, 1.735993122276656e-01, 6.197664954384679e-05
313, 2.748893571891069e+00, 3.926990816987241e-01, 3.926990816987241e-01, -8.945137346790026e-04, 3.424671109332978e-02, -6.164509263214399e-04, -7.921408943873276e-05
314, 3.141592653589793e+00, 3.926990816987241e-01, 3.926990816987241e-01, -3.897128838281951e-03, -1.181142052971055e-11, -1.734894920324881e-01, -1.840089640429506e-04
315, 3.534291735288517e+00, 3.926990816987241e-01, 3.926990816987241e-01, -8.945137717634147e-04, -3.424671111824611e-02, -6.164509168231831e-04, -7.921408696256264e-05
316, 3.926990816987241e+00, 3.926990816987241e-01, 3.926990816987241e-01, 2.553903225239882e-03, 5.549626552489861e-11, 1.735993122453722e-01, 6.197665440369390e-05
317, 4.319689898685965e+00, 3.926990816987241e-01, 3.926990816987241e-01, -8.945132831102911e-04, 3.424671123709595e-02, -6.164509718633409e-04, -7.921410110658628e-05
318, 4.712388980384690e+00, 3.926990816987241e-01, 3.926990816987241e-01, -3.897128063820289e-03, 1.515063438683329e-10, -1.734894921439505e-01, -1.840089914100093e-04
319, 5.105088062083414e+00, 3.926990816987241e-01, 3.926990816987241e-01, -8.945130533764243e-04, -3.424671093322225e-02, -6.164510895933790e-04, -7.921412763972853e-05
320, 5.497787143782138e+00, 3.926990816987241e-01, 3.926990816987241e-01, 2.553903373376559e-03, 2.364579298295606e-10, 1.735993120368905e-01, 6.197660566269447e-05
321, 5.890486225480862e+00, 3.926990816987241e-01, 3.926990816987241e-01, -8.945141390616435e-04, 3.424671135777539e-02, -6.164511854561243e-04, -7.921414702565045e-05
322, 6.283185307179586e+00, 3.926990816987241e-01, 3.926990816987241e-01, -3.897129909861246e-03, 8.641552450763374e-11, -1.734894923283631e-01, -1.840090098327388e-04
323, 0.000000000000000e+00, 7.853981633974483e-01, 3.926990816987241e-01, -3.316818716270300e-03, 6.412877614173463e-11, -1.078180235315005e-01, -1.110283237713558e-04
324, 3.926990816987241e-01, 7.853981633974483e-01, 3.926990816987241e-01, -2.701540947373135e-05, -4.423652994437097e-02, -5.637263157140000e-04, -1.679212410105542e-05
325, 7.853981633974483e-01, 7.853981633974483e-01, 3.926990816987241e-01, 5.121947869202117e-03, -1.497607105010360e-10, 1.080393632229806e-01, 2.110105953215049e-04
326, 1.178097245096172e+00, 7.853981633974483e-01, 3.926990816987241e-01, -2.701456318129186e-05, 4.423652969400842e-02, -5.637261228014961e-04, -1.679211653434670e-05
327, 1.570796326794897e+00, 7.853981633974483e-01, 3.926990816987241e-01, -3.316817645534805e-03, -9.154482420732620e-11, -1.078180231891788e-01, -1.110283167979571e-04
328, 1.963495408493621e+00, 7.853981633974483e-01, 3.926990816987241e-01, -2.701480567194290e-05, -4.423652988033951e-02, -5.637258959625663e-04, -1.679209570549542e-05
329, 2.356194490192345e+00, 7.853981633974483e-01, 3.926990816987241e-01, 5.121947631742654e-03, -3.012630333664402e-11, 1.080393636472946e-01, 2.110106320882174e-04
330, 2.748893571891069e+00, 7.853981633974483e-01, 3.926990816987241e-01, -2.701534504609157e-05, 4.423652981083074e-02, -5.637257590810711e-04, -1.679208210492242e-05
331, 3.141592653589793e+00, 7.853981633974483e-01, 3.926990816987241e-01, -3.316818516086168e-03, -5.217952366942534e-12, -1.078180229239919e-01, -1.110282905710967e-04
332, 3.534291735288517e+00, 7.853981633974483e-01, 3.926990816987241e-01, -2.701539011820240e-05, -4.423652982285247e-02, -5.637257420742037e-04, -1.679208025279769e-05
333, 3.926990816987241e+00, 7.853981633974483e-01, 3.926990816987241e-01, 5.121947562439581e-03, 1.443422103160780e-11, 1.080393636807344e-01, 2.110106357623108e-04
334, 4.319689898685965e+00, 7.853981633974483e-01, 3.926990816987241e-01, -2.701485737165645e-05, 4.423652986059331e-02, -5.637258484617807e-04, -1.679209041836205e-05
335, 4.712388980384690e+00, 7.853981633974483e-01, 3.926990816987241e-01, -3.316817623385764e-03, 6.954993536049160e-11, -1.078180231304033e-01, -1.110283104621346e-04
336, 5.105088062083414e+00, 7.853981633974483e-01, 3.926990816987241e-01, -2.701441099948280e-05, -4.423652971193995e-02, -5.637260574523988e-04, -1.679211042132464e-05
337, 5.497787143782138e+00, 7.853981633974483e-01, 3.926990816987241e-01, 5.121948174424460e-03, 1.482128029535468e-10, 1.080393632838586e-01, 2.110105988584333e-04
338, 5.890486225480862e+00, 7.853981633974483e-01, 3.926990816987241e-01, -2.701505221187298e-05, 4.423652997851493e-02, -5.637262749650688e-04, -1.679212548615396e-05
339, 6.283185307179586e+00, 7.853981633974483e-01, 3.926990816987241e-01, -3.316818716270300e-03, 6.412877614173463e-11, -1.078180235315005e-01, -1.110283237713558e-04
340, 0.000000000000000e+00, 1.178097245096172e+00, 3.926990816987241e-01, -2.121836299642580e-03, 2.511467802795869e-11, -4.683091425033975e-02, -5.812936697500592e-05
341, 3.926990816987241e-01, 1.178097245096172e+00, 3.926990816987241e-01, 5.363507027253309e-04, -3.075528790444426e-02, -2.304347497637846e-04, 2.302755268907481e-05
342, 7.853981633974483e-01, 1.178097245096172e+00, 3.926990816987241e-01, 4.351484876179980e-03, -2.090968316294055e-11, 4.698506465644052e-02, 1.839855816966298e-04
343, 1.178097245096172e+00, 1.178097245096172e+00, 3.926990816987241e-01, 5.363508002426302e-04, 3.075528788117764e-02, -2.304344716694744e-04, 2.302755802476300e-05
344, 1.570796326794897e+00, 1.178097245096172e+00, 3.926990816987241e-01, -2.121836355363029e-03, 4.148840851072323e-11, -4.683091377573698e-02, -5.812936156066779e-05
345, 1.963495408493621e+00, 1.178097245096172e+00, 3.926990816987241e-01, 5.363502083009999e-04, -3.075528781525795e-02, -2.304341787270267e-04, 2.302756835710344e-05
346, 2.356194490192345e+00, 1.178097245096172e+00, 3.926990816987241e-01, 4.351483887615261e-03, 4.989443668988528e-11, 4.698506521567685e-02, 1.839856000904311e-04
347, 2.748893571891069e+00, 1.178097245096172e+00, 3.926990816987241e-01, 5.363496108663276e-04, 3.075528790195224e-02, -2.304340003779219e-04, 2.302757388459703e-05
348, 3.141592653589793e+00, 1.178097245096172e+00, 3.926990816987241e-01, -2.121837404497528e-03, 4.520820462310519e-12, -4.683091343144651e-02, -5.812935033447559e-05
349, 3.534291735288517e+00, 1.178097245096172e+00, 3.926990816987241e-01, 5.363495629901971e-04, -3.075528789477960e-02, -2.304339786821668e-04, 2.302757472522611e-05
350, 3.926990816987241e+00, 1.178097245096172e+00, 3.926990816987241e-01, 4.351483803366975e-03, -4.748232774276386e-11, 4.698506525867011e-02, 1.839856018190157e-04
351, 4.319689898685965e+00, 1.178097245096172e+00, 3.926990816987241e-01, 5.363501129993445e-04, 3.075528781128508e-02, -2.304341169034192e-04, 2.302757097932636e-05
352, 4.712388980384690e+00, 1.178097245096172e+00, 3.926990816987241e-01, -2.121836425091439e-03, -5.230472707380812e-11, -4.683091369901620e-02, -5.812935820656546e-05
353, 5.105088062083414e+00, 1.178097245096172e+00, 3.926990816987241e-01, 5.363507972403548e-04, -3.075528789616312e-02, -2.304343859897326e-04, 2.302756154298942e-05
354, 5.497787143782138e+00, 1.178097245096172e+00, 3.926990816987241e-01, 4.351484967585824e-03, 9.177574386030343e-12, 4.698506473901849e-02, 1.839855841153292e-04
355, 5.890486225480862e+00, 1.178097245096172e+00, 3.926990816987241e-01, 5.363508509797828e-04, 3.075528790820443e-02, -2.304346913417182e-04, 2.302755255828454e-05
356, 6.283185307179586e+00, 1.178097245096172e+00, 3.926990816987241e-01, -2.121836299642580e-03, 2.511467802795869e-11, -4.683091425033975e-02, -5.812936697500592e-05
357, 0.000000000000000e+00, 1.570796326794897e+00, 3.926990816987241e-01, -7.413426073302135e-04, -2.104157008500020e-11, -1.303172070288083e-02, -1.275244281746323e-05
358, 3.926990816987241e-01, 1.570796326794897e+00, 3.926990816987241e-01, 5.731126278719471e-04, -1.259077754978948e-02, -4.426090465538827e-05, 2.899208767228141e-05
359, 7.853981633974483e-01, 1.570796326794897e+00, 3.926990816987241e-01, 2.141762659400347e-03, 1.386918078460441e-10, 1.307770919387448e-02, 8.655174347188968e-05
360, 1.178097245096172e+00, 1.570796326794897e+00, 3.926990816987241e-01, 5.731118119703455e-04, 1.259077780313747e-02, -4.426059274619212e-05, 2.899209095254680e-05
361, 1.570796326794897e+00, 1.570796326794897e+00, 3.926990816987241e-01, -7.413440275354639e-04, 1.983918381665608e-10, -1.303172017372431e-02, -1.275243819744511e-05
362, 1.963495408493621e+00, 1.570796326794897e+00, 3.926990816987241e-01, 5.731108467764787e-04, -1.259077743674363e-02, -4.426027359522585e-05, 2.899208862302420e-05
363, 2.356194490192345e+00, 1.570796326794897e+00, 3.926990816987241e-01, 2.141760848679350e-03, 1.436510408031456e-10, 1.307770980320243e-02, 8.655173996830528e-05
364, 2.748893571891069e+00, 1.570796326794897e+00, 3.926990816987241e-01, 5.731102297805177e-04, 1.259077770596352e-02, -4.426008238168193e-05, 2.899208458616535e-05
365, 3.141592653589793e+00, 1.570796326794897e+00, 3.926990816987241e-01, -7.413452042644361e-04, 1.583726346913682e-11, -1.303171980173450e-02, -1.275244482932047e-05
366, 3.534291735288517e+00, 1.570796326794897e+00, 3.926990816987241e-01, 5.731101847972873e-04, -1.259077767638928e-02, -4.426005913751228e-05, 2.899208420872242e-05
367, 3.926990816987241e+00, 1.570796326794897e+00, 3.926990816987241e-01, 2.141760759165709e-03, -1.199527199634507e-10, 1.307770984913754e-02, 8.655173936151872e-05
368, 4.319689898685965e+00, 1.570796326794897e+00, 3.926990816987241e-01, 5.731107165586038e-04, 1.259077745142779e-02, -4.426020704595724e-05, 2.899208805332371e-05
369, 4.712388980384690e+00, 1.570796326794897e+00, 3.926990816987241e-01, -7.413441892869291e-04, -1.953934374631452e-10, -1.303172009041786e-02, -1.275243840624357e-05
370, 5.105088062083414e+00, 1.570796326794897e+00, 3.926990816987241e-01, 5.731116358876905e-04, -1.259077781317925e-02, -4.426049926766619e-05, 2.899209138460201e-05
371, 5.497787143782138e+00, 1.570796326794897e+00, 3.926990816987241e-01, 2.141762497522087e-03, -1.611921516071929e-10, 1.307770928485787e-02, 8.655174461720827e-05
372, 5.890486225480862e+00, 1.570796326794897e+00, 3.926990816987241e-01, 5.731125203905781e-04, 1.259077751657511e-02, -4.426083919787730e-05, 2.899208910264336e-05
373, 6.283185307179586e+00, 1.570796326794897e+00, 3.926990816987241e-01, -7.413426073302135e-04, -2.104157008500020e-11, -1.303172070288083e-02, -1.275244281746323e-05
374, 0.000000000000000e+00, 1.963495408493621e+00, 3.926990816987241e-01, 2.438625757401453e-04, -6.693063261772493e-11, -1.910339758405941e-03, 2.168754576549255e-05
375, 3.926990816987241e-01, 1.963495408493621e+00, 3.926990816987241e-01, 3.442977604587456e-04, -2.672770111598841e-03, 7.472884711547633e-06, 2.035423153379204e-05
376, 7.853981633974483e-01, 1.963495408493621e+00, 3.926990816987241e-01, 4.400418849992322e-04, 3.030866195213240e-10, 1.930991154796023e-03, 1.830232556722503e-05
377, 1.178097245096172e+00, 1.963495408493621e+00, 3.926990816987241e-01, 3.442960223889364e-04, 2.672770647116935e-03, 7.473178515372634e-06, 2.035423291950964e-05
378, 1.570796326794897e+00, 1.963495408493621e+00, 3.926990816987241e-01, 2.438597865518029e-04, 3.566462316531627e-10, -1.910339259383943e-03, 2.168754983066061e-05
379, 1.963495408493621e+00, 1.963495408493621e+00, 3.926990816987241e-01, 3.442947053345715e-04, -2.672769976985287e-03, 7.473477310214402e-06, 2.035421780379905e-05
380, 2.356194490192345e+00, 1.963495408493621e+00, 3.926990816987241e-01, 4.400392903577900e-04, 2.368393952229211e-10, 1.930991723582441e-03, 1.830230012187236e-05
381, 2.748893571891069e+00, 1.963495408493621e+00, 3.926990816987241e-01, 3.442941023699001e-04, 2.672770428292159e-03, 7.473653687096967e-06, 2.035420429308538e-05
382, 3.141592653589793e+00, 1.963495408493621e+00, 3.926990816987241e-01, 2.438585382650901e-04, 2.708624852168878e-11, -1.910338914052088e-03, 2.168752540337164e-05
383, 3.534291735288517e+00, 1.963495408493621e+00, 3.926990816987241e-01, 3.442940645593552e-04, -2.672770376441344e-03, 7.473675138286075e-06, 2.035420269301175e-05
384, 3.926990816987241e+00, 1.963495408493621e+00, 3.926990816987241e-01, 4.400392039220333e-04, -1.918708527913314e-10, 1.930991765891080e-03, 1.830229718292795e-05
385, 4.319689898685965e+00, 1.963495408493621e+00, 3.926990816987241e-01, 3.442945513585209e-04, 2.672770010540505e-03, 7.473538899541292e-06, 2.035421405338104e-05
386, 4.712388980384690e+00, 1.963495408493621e+00, 3.926990816987241e-01, 2.438595435556485e-04, -3.393213860214261e-10, -1.910339181752055e-03, 2.168754606669877e-05
387, 5.105088062083414e+00, 1.963495408493621e+00, 3.926990816987241e-01, 3.442956794862772e-04, -2.672770651430064e-03, 7.473265934832383e-06, 2.035423025337658e-05
388, 5.497787143782138e+00, 1.963495408493621e+00, 3.926990816987241e-01, 4.400414697895800e-04, -3.356819070516458e-10, 1.930991240109840e-03, 1.830232540098289e-05
389, 5.890486225480862e+00, 1.963495408493621e+00, 3.926990816987241e-01, 3.442973925475426e-04, 2.672770040653575e-03, 7.472946421431394e-06, 2.035423447509574e-05
390, 6.283185307179586e+00, 1.963495408493621e+00, 3.926990816987241e-01, 2.438625757401453e-04, -6.693063261772493e-11, -1.910339758405941e-03, 2.168754576549255e-05
391, 0.000000000000000e+00, 2.356194490192345e+00, 3.926990816987241e-01, 4.280597115966271e-04, -1.064135614457436e-10, -3.486087280422900e-05, 2.697955024020332e-05
392, 3.926990816987241e-01, 2.356194490192345e+00, 3.926990816987241e-01, 1.159117410348828e-04, -1.404850043202672e-04, 1.309403731459171e-05, 1.212792974640913e-05
393, 7.853981633974483e-01, 2.356194490192345e+00, 3.926990816987241e-01, -2.107925002853846e-04, 4.453798432606888e-10, 5.654445589875499e-05, -3.590711085360900e-06
394, 1.178097245096172e+00, 2.356194490192345e+00, 3.926990816987241e-01, 1.159092204443373e-04, 1.404857838179744e-04, 1.309426751630772e-05, 1.212792951970553e-05
395, 1.570796326794897e+00, 2.356194490192345e+00, 3.926990816987241e-01, 4.280557671277459e-04, 4.930412292595004e-10, -3.486048168582076e-05, 2.697955386080205e-05
396, 1.963495408493621e+00, 2.356194490192345e+00, 3.926990816987241e-01, 1.159076246551428e-04, -1.404848522665992e-04, 1.309450093972935e-05, 1.212790348348489e-05
397, 2.356194490192345e+00, 2.356194490192345e+00, 3.926990816987241e-01, -2.107957256690144e-04, 3.160470727167841e-10, 5.654489982036712e-05, -3.590755222960064e-06
398, 2.748893571891069e+00, 2.356194490192345e+00, 3.926990816987241e-01, 1.159070562960009e-04, 1.404854590874151e-04, 1.309463762085546e-05, 1.212788194733070e-05
399, 3.141592653589793e+00, 2.356194490192345e+00, 3.926990816987241e-01, 4.280544979264580e-04, 3.666377441233733e-11, -3.486021334025476e-05, 2.697951431529767e-05
400, 3.534291735288517e+00, 2.356194490192345e+00, 3.926990816987241e-01, 1.159070279115884e-04, -1.404853882780214e-04, 1.309465421086818e-05, 1.212787930970855e-05
401, 3.926990816987241e+00, 2.356194490192345e+00, 3.926990816987241e-01, -2.107958033765807e-04, -2.529096633162002e-10, 5.654493256875139e-05, -3.590760137695113e-06
402, 4.319689898685965e+00, 2.356194490192345e+00, 3.926990816987241e-01, 1.159074582426307e-04, 1.404849021386319e-04, 1.309454876421580e-05, 1.212789703466791e-05
403, 4.712388980384690e+00, 2.356194490192345e+00, 3.926990816987241e-01, 4.280554625527501e-04, -4.631395492247179e-10, -3.486042116477833e-05, 2.697954706924829e-05
404, 5.105088062083414e+00, 2.356194490192345e+00, 3.926990816987241e-01, 1.159087408460701e-04, -1.404857829104701e-04, 1.309433583693100e-05, 1.212792419811840e-05
405, 5.497787143782138e+00, 2.356194490192345e+00, 3.926990816987241e-01, -2.107931290792176e-04, -4.864501363755736e-10, 5.654452265237512e-05, -3.590712402842408e-06
406, 5.890486225480862e+00, 2.356194490192345e+00, 3.926990816987241e-01, 1.159111508460741e-04, 1.404849007312589e-04, 1.309408563386099e-05, 1.212793394448459e-05
407, 6.283185307179586e+00, 2.356194490192345e+00, 3.926990816987241e-01, 4.280597115966271e-04, -1.064135614457436e-10, -3.486087280422900e-05, 2.697955024020332e-05
408, 0.000000000000000e+00, 2.748893571891069e+00, 3.926990816987241e-01, 1.754574271579717e-04, -1.337441494114839e-10, 5.476923538149282e-05, 1.613630347124901e-05
409, 3.926990816987241e-01, 2.748893571891069e+00, 3.926990816987241e-01, -2.264390467589345e-05, 4.319324058853066e-05, 7.660412028789372e-06, 7.682066567704752e-06
410, 7.853981633974483e-01, 2.748893571891069e+00, 3.926990816987241e-01, -2.236420948013439e-04, 5.435723804171944e-10, -4.067113120170579e-05, -8.983897875720820e-07
411, 1.178097245096172e+00, 2.748893571891069e+00, 3.926990816987241e-01, -2.264694584760892e-05, -4.319229252095527e-05, 7.660543726920458e-06, 7.682065259814556e-06
412, 1.570796326794897e+00, 2.748893571891069e+00, 3.926990816987241e-01, 1.754527207823924e-04, 5.870106015201475e-10, 5.476945897584452e-05, 1.613630686203808e-05
413, 1.963495408493621e+00, 2.748893571891069e+00, 3.926990816987241e-01, -2.264870519338428e-05, 4.319340389351338e-05, 7.660676677859477e-06, 7.682031802784400e-06
414, 2.356194490192345e+00, 2.748893571891069e+00, 3.926990816987241e-01, -2.236457029635397e-04, 3.701389502791913e-10, -4.067087828469735e-05, -8.984466245962041e-07
415, 2.748893571891069e+00, 2.748893571891069e+00, 3.926990816987241e-01, -2.264922923433725e-05, -4.319269050426878e-05, 7.660754104124471e-06, 7.682004816814621e-06
416, 3.141592653589793e+00, 2.748893571891069e+00, 3.926990816987241e-01, 1.754514760058699e-04, 4.320587031074655e-11, 5.476961118672507e-05, 1.613625704751973e-05
417, 3.534291735288517e+00, 2.748893571891069e+00, 3.926990816987241e-01, -2.264924821695272e-05, 4.319277426537526e-05, 7.660763495590150e-06, 7.682001477048515e-06
418, 3.926990816987241e+00, 2.748893571891069e+00, 3.926990816987241e-01, -2.236457692901618e-04, -2.945304678130941e-10, -4.067085971101343e-05, -8.984528781425655e-07
419, 4.319689898685965e+00, 2.748893571891069e+00, 3.926990816987241e-01, -2.264887308467330e-05, -4.319334270072564e-05, 7.660703873605996e-06, 7.682023520454581e-06
420, 4.712388980384690e+00, 2.748893571891069e+00, 3.926990816987241e-01, 1.754523815995211e-04, -5.483146989673800e-10, 5.476949349055449e-05, 1.613629800561760e-05
421, 5.105088062083414e+00, 2.748893571891069e+00, 3.926990816987241e-01, -2.264751219317390e-05, 4.319229710687245e-05, 7.660582785029371e-06, 7.682058119904262e-06
422, 5.497787143782138e+00, 2.748893571891069e+00, 3.926990816987241e-01, -2.236428647161386e-04, -5.904576297528985e-10, -4.067109298123911e-05, -8.983918987107986e-07
423, 5.890486225480862e+00, 2.748893571891069e+00, 3.926990816987241e-01, -2.264464426749052e-05, -4.319336671551851e-05, 7.660439703294531e-06, 7.682071626566545e-06
424, 6.283185307179586e+00, 2.748893571891069e+00, 3.926990816987241e-01, 1.754574271579717e-04, -1.337441494114839e-10, 5.476923538149282e-05, 1.613630347124901e-05
425, 0.000000000000000e+00, 3.141592653589793e+00, 3.926990816987241e-01, -6.711560870248026e-05, -1.447980213741236e-10, 3.474741138359095e-05, 6.370558751356956e-06
426, 3.926990816987241e-01, 3.141592653589793e+00, 3.926990816987241e-01, -6.718849736610150e-05, 3.623450032441869e-10, -1.465072952876098e-10, 6.356698305072481e-06
427, 7.853981633974483e-01, 3.141592653589793e+00, 3.926990816987241e-01, -6.711788633638332e-05, 5.829252054078714e-10, -3.474770051556313e-05, 6.370587684937882e-06
428, 1.178097245096172e+00, 3.141592653589793e+00, 3.926990816987241e-01, -6.719171703011867e-05, 6.532338172864746e-10, -1.331951557382080e-10, 6.356696675139512e-06
429, 1.570796326794897e+00, 3.141592653589793e+00, 3.926990816987241e-01, -6.712056668437446e-05, 6.243377077956948e-10, 3.474743372313856e-05, 6.370562264969701e-06
430, 1.963495408493621e+00, 3.141592653589793e+00, 3.926990816987241e-01, -6.719350049810743e-05, 5.295958381567909e-10, -1.206173333109419e-10, 6.356660381443537e-06
431, 2.356194490192345e+00, 3.141592653589793e+00, 3.926990816987241e-01, -6.712157150914116e-05, 3.914258492885399e-10, -3.474767642597271e-05, 6.370526011598979e-06
432, 2.748893571891069e+00, 3.141592653589793e+00, 3.926990816987241e-01, -6.719397849323447e-05, 2.258447015990536e-10, -1.136780468212755e-10, 6.356631302001641e-06
433, 3.141592653589793e+00, 3.141592653589793e+00, 3.926990816987241e-01, -6.712174782621942e-05, 4.579200361161608e-11, 3.474744755856039e-05, 6.370508508991045e-06
434, 3.534291735288517e+00, 3.141592653589793e+00, 3.926990816987241e-01, -6.719399010912441e-05, -1.369543950833943e-10, -1.127919797372369e-10, 6.356627692225475e-06
435, 3.926990816987241e+00, 3.141592653589793e+00, 3.926990816987241e-01, -6.712162646833135e-05, -3.108458380729331e-10, -3.474767465326503e-05, 6.370519242135737e-06
436, 4.319689898685965e+00, 3.141592653589793e+00, 3.926990816987241e-01, -6.719365971033651e-05, -4.638386551318634e-10, -1.179708572422648e-10, 6.356651390361781e-06
437, 4.712388980384690e+00, 3.141592653589793e+00, 3.926990816987241e-01, -6.712090909941300e-05, -5.820461262443299e-10, 3.474743716784263e-05, 6.370552607727978e-06
438, 5.105088062083414e+00, 3.141592653589793e+00, 3.926990816987241e-01, -6.719230758292792e-05, -6.470912897857655e-10, -1.291866590548986e-10, 6.356688830251809e-06
439, 5.497787143782138e+00, 3.141592653589793e+00, 3.926990816987241e-01, -6.711870400800097e-05, -6.320880669558387e-10, -3.474769648785538e-05, 6.370585276071818e-06
440, 5.890486225480862e+00, 3.141592653589793e+00, 3.926990816987241e-01, -6.718929153885813e-05, -4.975262838077732e-10, -1.435294860466760e-10, 6.356703727165214e-06
441, 6.283185307179586e+00, 3.141592653589793e+00, 3.926990816987241e-01, -6.711560870248026e-05, -1.447980213741236e-10, 3.474741138359095e-05, 6.370558751356956e-06
442, 0.000000000000000e+00, 3.534291735288517e+00, 3.926990816987241e-01, -2.236402297014355e-04, -1.379552616119265e-10, 4.067093170812802e-05, -8.984054001633075e-07
443, 3.926990816987241e-01, 3.534291735288517e+00, 3.926990816987241e-01, -2.264418018418947e-05, -4.319255849045068e-05, -7.660686529758338e-06, 7.682078385403778e-06
444, 7.853981633974483e-01, 3.534291735288517e+00, 3.926990816987241e-01, 1.754550136564538e-04, 5.574857358413177e-10, -5.476957774832525e-05, 1.613634227748678e-05
445, 1.178097245096172e+00, 3.534291735288517e+00, 3.926990816987241e-01, -2.264720831205299e-05, 4.319353028795153e-05, -7.660793763515975e-06, 7.682077298152273e-06
446, 1.570796326794897e+00, 3.534291735288517e+00, 3.926990816987241e-01, -2.236448897735948e-04, 5.994166676033007e-10, 4.067074924146713e-05, -8.984013476741254e-07
447, 1.963495408493621e+00, 3.534291735288517e+00, 3.926990816987241e-01, -2.264887286032225e-05, -4.319239506117776e-05, -7.660903445453653e-06, 7.682043167566114e-06
448, 2.356194490192345e+00, 3.534291735288517e+00, 3.926990816987241e-01, 1.754515696863330e-04, 3.768413790307197e-10, -5.476978619814523e-05, 1.613628436671606e-05
449, 2.748893571891069e+00, 3.534291735288517e+00, 3.926990816987241e-01, -2.264930986823503e-05, 4.319312190975632e-05, -7.660967984227963e-06, 7.682015657916172e-06
450, 3.141592653589793e+00, 3.534291735288517e+00, 3.926990816987241e-01, -2.236459778332740e-04, 4.406940350181318e-11, 4.067062274536439e-05, -8.984521467232680e-07
451, 3.534291735288517e+00, 3.534291735288517e+00, 3.926990816987241e-01, -2.264931753050039e-05, -4.319303642664561e-05, -7.660975705213608e-06, 7.682012245456594e-06
452, 3.926990816987241e+00, 3.534291735288517e+00, 3.926990816987241e-01, 1.754515240168591e-04, -2.995186186865129e-10, -5.476980145145633e-05, 1.613627797495311e-05
453, 4.319689898685965e+00, 3.534291735288517e+00, 3.926990816987241e-01, -2.264901483387310e-05, 4.319245791583943e-05, -7.660925711316002e-06, 7.682034694618869e-06
454, 4.712388980384690e+00, 3.534291735288517e+00, 3.926990816987241e-01, -2.236452037339132e-04, -5.593054027295712e-10, 4.067072111671150e-05, -8.984104203386643e-07
455, 5.105088062083414e+00, 3.534291735288517e+00, 3.926990816987241e-01, -2.264775699606133e-05, -4.319352495123879e-05, -7.660825409400025e-06, 7.682069975014222e-06
456, 5.497787143782138e+00, 3.534291735288517e+00, 3.926990816987241e-01, 1.754542485107323e-04, -6.050171295723933e-10, -5.476960851527801e-05, 1.613634012313681e-05
457, 5.890486225480862e+00, 3.534291735288517e+00, 3.926990816987241e-01, -2.264492645049507e-05, 4.319242909275953e-05, -7.660708663616822e-06, 7.682083629320070e-06
458, 6.283185307179586e+00, 3.534291735288517e+00, 3.926990816987241e-01, -2.236402297014355e-04, -1.379552616119265e-10, 4.067093170812802e-05, -8.984054001633075e-07
459, 0.000000000000000e+00, 3.926990816987241e+00, 3.926990816987241e-01, -2.107912289495094e-04, -1.141980331927203e-10, -5.654454187188513e-05, -3.590711725126816e-06
460, 3.926990816987241e-01, 3.926990816987241e+00, 3.926990816987241e-01, 1.159112650132221e-04, 1.404855649698693e-04, -1.309425826547694e-05, 1.212795177994489e-05
461, 7.853981633974483e-01, 3.926990816987241e+00, 3.926990816987241e-01, 4.280574939333479e-04, 4.709770082009604e-10, 3.486052226370930e-05, 2.697959415735764e-05
462, 1.178097245096172e+00, 3.926990816987241e+00, 3.926990816987241e-01, 1.159087718309868e-04, -1.404847418590269e-04, -1.309447023131003e-05, 1.212795206121678e-05
463, 1.570796326794897e+00, 3.926990816987241e+00, 3.926990816987241e-01, -2.107950837026238e-04, 5.159685073773264e-10, -5.654490216821055e-05, -3.590706747109536e-06
464, 1.963495408493621e+00, 3.926990816987241e+00, 3.926990816987241e-01, 1.159073511963667e-04, 1.404857174975776e-04, -1.309468575352931e-05, 1.212792477930851e-05
465, 2.356194490192345e+00, 3.926990816987241e+00, 3.926990816987241e-01, 4.280545743091324e-04, 3.285300037313898e-10, 3.486011229382686e-05, 2.697954808602727e-05
466, 2.748893571891069e+00, 3.926990816987241e+00, 3.926990816987241e-01, 1.159069446714499e-04, -1.404850856585276e-04, -1.309481233205606e-05, 1.212790228779807e-05
467, 3.141592653589793e+00, 3.926990816987241e+00, 3.926990816987241e-01, -2.107960626669138e-04, 3.829263808905137e-11, -5.654515034873910e-05, -3.590748109178558e-06
468, 3.534291735288517e+00, 3.926990816987241e+00, 3.926990816987241e-01, 1.159069369184185e-04, 1.404851597026161e-04, -1.309482754508109e-05, 1.212789950960152e-05
469, 3.926990816987241e+00, 3.926990816987241e+00, 3.926990816987241e-01, 4.280545344949637e-04, -2.622106939812266e-10, 3.486008223023637e-05, 2.697954291019638e-05
470, 4.319689898685965e+00, 3.926990816987241e+00, 3.926990816987241e-01, 1.159072325889672e-04, -1.404856645873124e-04, -1.309472967046587e-05, 1.212791797917551e-05
471, 4.712388980384690e+00, 3.926990816987241e+00, 3.926990816987241e-01, -2.107953415320663e-04, -4.835037975516631e-10, -5.654495772015122e-05, -3.590713927659616e-06
472, 5.105088062083414e+00, 3.926990816987241e+00, 3.926990816987241e-01, 1.159083252014944e-04, 1.404847441368862e-04, -1.309453288097208e-05, 1.212794642119121e-05
473, 5.497787143782138e+00, 3.926990816987241e+00, 3.926990816987241e-01, 4.280568741138583e-04, -5.131975962707016e-10, 3.486046119884258e-05, 2.697959278226146e-05
474, 5.890486225480862e+00, 3.926990816987241e+00, 3.926990816987241e-01, 1.159106621009430e-04, -1.404856745910783e-04, -1.309430227408768e-05, 1.212795633446091e-05
475, 6.283185307179586e+00, 3.926990816987241e+00, 3.926990816987241e-01, -2.107912289495094e-04, -1.141980331927203e-10, -5.654454187188513e-05, -3.590711725126816e-06
476, 0.000000000000000e+00, 4.319689898685965e+00, 3.926990816987241e-01, 4.400425003275910e-04, -7.685271128593546e-11, -1.930991118092232e-03, 1.830233943023319e-05
477, 3.926990816987241e-01, 4.319689898685965e+00, 3.926990816987241e-01, 3.442972190532103e-04, 2.672770490054550e-03, -7.473022815886343e-06, 2.035426070316985e-05
478, 7.853981633974483e-01, 4.319689898685965e+00, 3.926990816987241e-01, 2.438608878708376e-04, 3.364720755201994e-10, 1.910339448659518e-03, 2.168758928680863e-05
479, 1.178097245096172e+00, 4.319689898685965e+00, 3.926990816987241e-01, 3.442955267193657e-04, -2.672769898535577e-03, -7.473307589571616e-06, 2.035426300091795e-05
480, 1.570796326794897e+00, 4.319689898685965e+00, 3.926990816987241e-01, 4.400398408244026e-04, 3.863435965526371e-10, -1.930991602554775e-03, 1.830234560505186e-05
481, 1.963495408493621e+00, 4.319689898685965e+00, 3.926990816987241e-01, 3.442944378295241e-04, 2.672770626567003e-03, -7.473596866173468e-06, 2.035424625935039e-05
482, 2.356194490192345e+00, 4.319689898685965e+00, 3.926990816987241e-01, 2.438586981292822e-04, 2.536110583084899e-10, 1.910338898640410e-03, 2.168756142443937e-05
483, 2.748893571891069e+00, 4.319689898685965e+00, 3.926990816987241e-01, 3.442940482539036e-04, -2.672770142298807e-03, -7.473766954247512e-06, 2.035423152465185e-05
484, 3.141592653589793e+00, 4.319689898685965e+00, 3.926990816987241e-01, 4.400389722069765e-04, 2.927126456126987e-11, -1.930991936194720e-03, 1.830231881742754e-05
485, 3.534291735288517e+00, 4.319689898685965e+00, 3.926990816987241e-01, 3.442940366114744e-04, 2.672770198525202e-03, -7.473787519037185e-06, 2.035422972667842e-05
486, 3.926990816987241e+00, 4.319689898685965e+00, 3.926990816987241e-01, 2.438586603275916e-04, -2.043971102299765e-10, 1.910338858090869e-03, 2.168755812821172e-05
487, 4.319689898685965e+00, 4.319689898685965e+00, 3.926990816987241e-01, 3.442943458006763e-04, -2.672770589159275e-03, -7.473656035676084e-06, 2.035424204824072e-05
488, 4.712388980384690e+00, 4.319689898685965e+00, 3.926990816987241e-01, 4.400396589980719e-04, -3.658375867229771e-10, -1.930991677377210e-03, 1.830234135733823e-05
489, 5.105088062083414e+00, 4.319689898685965e+00, 3.926990816987241e-01, 3.442952278388800e-04, 2.672769895974637e-03, -7.473391966440876e-06, 2.035425997191061e-05
490, 5.497787143782138e+00, 4.319689898685965e+00, 3.926990816987241e-01, 2.438604855684263e-04, -3.705241753193995e-10, 1.910339366311380e-03, 2.168758911565738e-05
491, 5.890486225480862e+00, 4.319689898685965e+00, 3.926990816987241e-01, 3.442968345471867e-04, -2.672770568846099e-03, -7.473082319994090e-06, 2.035426416665397e-05
492, 6.283185307179586e+00, 4.319689898685965e+00, 3.926990816987241e-01, 4.400425003275910e-04, -7.685271128593546e-11, -1.930991118092232e-03, 1.830233943023319e-05
493, 0.000000000000000e+00, 4.712388980384690e+00, 3.926990816987241e-01, 2.141762678947219e-03, -3.150212908252092e-11, -1.307770904017672e-02, 8.655176910779559e-05
494, 3.926990816987241e-01, 4.712388980384690e+00, 3.926990816987241e-01, 5.731121871255713e-04, 1.259077771299372e-02, 4.426087044673220e-05, 2.899211966357913e-05
495, 7.853981633974483e-01, 4.712388980384690e+00, 3.926990816987241e-01, -7.413434909196518e-04, 1.744103696551390e-10, 1.303172048207459e-02, -1.275240537101222e-05
496, 1.178097245096172e+00, 4.712388980384690e+00, 3.926990816987241e-01, 5.731114398903599e-04, -1.259077740087297e-02, 4.426055694934199e-05, 2.899212428251096e-05
497, 1.570796326794897e+00, 4.712388980384690e+00, 3.926990816987241e-01, 2.141761423985662e-03, 2.297024649690272e-10, -1.307770957590917e-02, 8.655177652397933e-05
498, 1.963495408493621e+00, 4.712388980384690e+00, 3.926990816987241e-01, 5.731107223426448e-04, 1.259077783023258e-02, 4.426023663603446e-05, 2.899212027934447e-05
499, 2.356194490192345e+00, 4.712388980384690e+00, 3.926990816987241e-01, -7.413448526854649e-04, 1.630986007805839e-10, 1.303171987528052e-02, -1.275241128579234e-05
500, 2.748893571891069e+00, 4.712388980384690e+00, 3.926990816987241e-01, 5.731103358347624e-04, -1.259077752449228e-02, 4.426004802192436e-05, 2.899211490611276e-05
501, 3.141592653589793e+00, 4.712388980384690e+00, 3.926990816987241e-01, 2.141760654173853e-03, 1.824610177702463e-11, -1.307770994693624e-02, 8.655176735364924e-05
502, 3.534291735288517e+00, 4.712388980384690e+00, 3.926990816987241e-01, 5.731103179190449e-04, 1.259077755904038e-02, 4.426002494058617e-05, 2.899211429881264e-05
503, 3.926990816987241e+00, 4.712388980384690e+00, 3.926990816987241e-01, -7.413448912994310e-04, -1.345463872451838e-10, 1.303171983004927e-02, -1.275241230614955e-05
504, 4.319689898685965e+00, 4.712388980384690e+00, 3.926990816987241e-01, 5.731106573267082e-04, -1.259077781146714e-02, 4.426017077482915e-05, 2.899211919849886e-05
505, 4.712388980384690e+00, 4.712388980384690e+00, 3.926990816987241e-01, 2.141761327461456e-03, -2.235416857807012e-10, -1.307770965908691e-02, 8.655177582543893e-05
506, 5.105088062083414e+00, 4.712388980384690e+00, 3.926990816987241e-01, 5.731113130463248e-04, 1.259077739242426e-02, 4.426046352374256e-05, 2.899212441852207e-05
507, 5.497787143782138e+00, 4.712388980384690e+00, 3.926990816987241e-01, -7.413436346939918e-04, -1.988727794098393e-10, 1.303172039094674e-02, -1.275240407369086e-05
508, 5.890486225480862e+00, 4.712388980384690e+00, 3.926990816987241e-01, 5.731120657565155e-04, -1.259077775451801e-02, 4.426080410423791e-05, 2.899212181150840e-05
509, 6.283185307179586e+00, 4.712388980384690e+00, 3.926990816987241e-01, 2.141762678947219e-03, -3.150212908252092e-11, -1.307770904017672e-02, 8.655176910779559e-05
510, 0.000000000000000e+00, 5.105088062083414e+00, 3.926990816987241e-01, 4.351484466529743e-03, 1.406982322189373e-11, -4.698506440492543e-02, 1.839856140513434e-04
511, 3.926990816987241e-01, 5.105088062083414e+00, 3.926990816987241e-01, 5.363505169745867e-04, 3.075528785416337e-02, 2.304348330951797e-04, 2.302758221987963e-05
512, 7.853981633974483e-01, 5.105088062083414e+00, 3.926990816987241e-01, -2.121836235079247e-03, 9.415896913880892e-12, 4.683091416178792e-02, -5.812934096302585e-05
513, 1.178097245096172e+00, 5.105088062083414e+00, 3.926990816987241e-01, 5.363507026472202e-04, -3.075528782570349e-02, 2.304345396391545e-04, 2.302758898805071e-05
514, 1.570796326794897e+00, 5.105088062083414e+00, 3.926990816987241e-01, 4.351484597396999e-03, 6.963959592250885e-11, -4.698506490879411e-02, 1.839856224135775e-04
515, 1.963495408493621e+00, 5.105088062083414e+00, 3.926990816987241e-01, 5.363503460889668e-04, 3.075528794999732e-02, 2.304342364857769e-04, 2.302759811337118e-05
516, 2.356194490192345e+00, 5.105088062083414e+00, 3.926990816987241e-01, -2.121836792199735e-03, 6.999352256695110e-11, 4.683091359038184e-02, -5.812932439427868e-05
517, 2.748893571891069e+00, 5.105088062083414e+00, 3.926990816987241e-01, 5.363499516300180e-04, -3.075528782775554e-02, 2.304340565758966e-04, 2.302760228047163e-05
518, 3.141592653589793e+00, 5.105088062083414e+00, 3.926990816987241e-01, 4.351483907993122e-03, 6.766964366163672e-12, -4.698506526382022e-02, 1.839856312835363e-04
519, 3.534291735288517e+00, 5.105088062083414e+00, 3.926990816987241e-01, 5.363499275701085e-04, 3.075528783980871e-02, 2.304340342462638e-04, 2.302760291006709e-05
520, 3.926990816987241e+00, 5.105088062083414e+00, 3.926990816987241e-01, -2.121836831860314e-03, -6.268124892631885e-11, 4.683091354694670e-02, -5.812932306761542e-05
521, 4.319689898685965e+00, 5.105088062083414e+00, 3.926990816987241e-01, 5.363503067215341e-04, -3.075528795011322e-02, 2.304341733287866e-04, 2.302760023826323e-05
522, 4.712388980384690e+00, 5.105088062083414e+00, 3.926990816987241e-01, 4.351484584003154e-03, -7.770509153567680e-11, -4.698506498821481e-02, 1.839856253432146e-04
523, 5.105088062083414e+00, 5.105088062083414e+00, 3.926990816987241e-01, 5.363507462751375e-04, 3.075528781147162e-02, 2.304344515281958e-04, 2.302759236628457e-05
524, 5.497787143782138e+00, 5.105088062083414e+00, 3.926990816987241e-01, -2.121836118904691e-03, -2.460331134631940e-11, 4.683091407634690e-02, -5.812933814736055e-05
525, 5.890486225480862e+00, 5.105088062083414e+00, 3.926990816987241e-01, 5.363506650903088e-04, -3.075528785780832e-02, 2.304347701066695e-04, 2.302758302910317e-05
526, 6.283185307179586e+00, 5.105088062083414e+00, 3.926990816987241e-01, 4.351484466529743e-03, 1.406982322189373e-11, -4.698506440492543e-02, 1.839856140513434e-04
527, 0.000000000000000e+00, 5.497787143782138e+00, 3.926990816987241e-01, 5.121947255336106e-03, 5.212468031921721e-11, -1.080393629041358e-01, 2.110106267383989e-04
528, 3.926990816987241e-01, 5.497787143782138e+00, 3.926990816987241e-01, -2.701526129269660e-05, 4.423652972081404e-02, 5.637265247342941e-04, -1.679210314638892e-05
529, 7.853981633974483e-01, 5.497787143782138e+00, 3.926990816987241e-01, -3.316817780642487e-03, -1.315158086201631e-10, 1.078180236104523e-01, -1.110283135900360e-04
530, 1.178097245096172e+00, 5.497787143782138e+00, 3.926990816987241e-01, -2.701432616854217e-05, -4.423652993405246e-02, 5.637262951704573e-04, -1.679209465516713e-05
531, 1.570796326794897e+00, 5.497787143782138e+00, 3.926990816987241e-01, 5.121948505311383e-03, -6.950275357579329e-11, -1.080393632926193e-01, 2.110106356509236e-04
532, 1.963495408493621e+00, 5.497787143782138e+00, 3.926990816987241e-01, -2.701438157813418e-05, 4.423652979256241e-02, 5.637260574734932e-04, -1.679207413872892e-05
533, 2.356194490192345e+00, 5.497787143782138e+00, 3.926990816987241e-01, -3.316817679701288e-03, -1.259331077920505e-11, 1.078180231598475e-01, -1.110282775625698e-04
534, 2.748893571891069e+00, 5.497787143782138e+00, 3.926990816987241e-01, -2.701478566068304e-05, -4.423652983200832e-02, 5.637259112543893e-04, -1.679206173594425e-05
535, 3.141592653589793e+00, 5.497787143782138e+00, 3.926990816987241e-01, 5.121947881537448e-03, -3.450650567560468e-12, -1.080393635788800e-01, 2.110106601394257e-04
536, 3.534291735288517e+00, 5.497787143782138e+00, 3.926990816987241e-01, -2.701481349396908e-05, 4.423652982396747e-02, 5.637258931820653e-04, -1.679206001718561e-05
537, 3.926990816987241e+00, 5.497787143782138e+00, 3.926990816987241e-01, -3.316817717950590e-03, 1.054248417723941e-12, 1.078180231245485e-01, -1.110282741821396e-04
538, 4.319689898685965e+00, 5.497787143782138e+00, 3.926990816987241e-01, -2.701439695142053e-05, -4.423652980897511e-02, 5.637260059957939e-04, -1.679206923775074e-05
539, 4.712388980384690e+00, 5.497787143782138e+00, 3.926990816987241e-01, 5.121948563617822e-03, 4.973780724304148e-11, -1.080393633565447e-01, 2.110106416998640e-04
540, 5.105088062083414e+00, 5.497787143782138e+00, 3.926990816987241e-01, -2.701413984994582e-05, 4.423652991570333e-02, 5.637262260558504e-04, -1.679208849741647e-05
541, 5.497787143782138e+00, 5.497787143782138e+00, 3.926990816987241e-01, -3.316817449279870e-03, 1.247459509662081e-10, 1.078180235445911e-01, -1.110283094623410e-04
542, 5.890486225480862e+00, 5.497787143782138e+00, 3.926990816987241e-01, -2.701488758849045e-05, -4.423652969215647e-02, 5.637264761956337e-04, -1.679210349240180e-05
543, 6.283185307179586e+00, 5.497787143782138e+00, 3.926990816987241e-01, 5.121947255336106e-03, 5.212468031921721e-11, -1.080393629041358e-01, 2.110106267383989e-04
544, 0.000000000000000e+00, 5.890486225480862e+00, 3.926990816987241e-01, 2.553902255902385e-03, 7.706935092225905e-11, -1.735993116363508e-01, 6.197662237861227e-05
545, 3.926990816987241e-01, 5.890486225480862e+00, 3.926990816987241e-01, -8.945142547987870e-04, 3.424671098083620e-02, 6.164515355219279e-04, -7.921413832103787e-05
546, 7.853981633974483e-01, 5.890486225480862e+00, 3.926990816987241e-01, -3.897128510839835e-03, -2.227980376857626e-10, 1.734894925925915e-01, -1.840090160924594e-04
547, 1.178097245096172e+00, 5.890486225480862e+00, 3.926990816987241e-01, -8.945128978391951e-04, -3.424671135353906e-02, 6.164514021560658e-04, -7.921412809530618e-05
548, 1.570796326794897e+00, 5.890486225480862e+00, 3.926990816987241e-01, 2.553904139947630e-03, -1.672017517333247e-10, -1.735993118390498e-01, 6.197663254649557e-05
549, 1.963495408493621e+00, 5.890486225480862e+00, 3.926990816987241e-01, -8.945127574272489e-04, 3.424671102629220e-02, 6.164512691963925e-04, -7.921410026677790e-05
550, 2.356194490192345e+00, 5.890486225480862e+00, 3.926990816987241e-01, -3.897128000974525e-03, -7.241427768973898e-11, 1.734894923287786e-01, -1.840089672985588e-04
551, 2.748893571891069e+00, 5.890486225480862e+00, 3.926990816987241e-01, -8.945131611997342e-04, -3.424671118157718e-02, 6.164511780418904e-04, -7.921408229739793e-05
552, 3.141592653589793e+00, 5.890486225480862e+00, 3.926990816987241e-01, 2.553903572876746e-03, -1.077044462877897e-11, -1.735993120105303e-01, 6.197666742760676e-05
553, 3.534291735288517e+00, 5.890486225480862e+00, 3.926990816987241e-01, -8.945131902424704e-04, 3.424671115901992e-02, 6.164511674175623e-04, -7.921407985281607e-05
554, 3.926990816987241e+00, 5.890486225480862e+00, 3.926990816987241e-01, -3.897128035323066e-03, 4.718442296856683e-11, 1.734894923071922e-01, -1.840089625427797e-04
555, 4.319689898685965e+00, 5.890486225480862e+00, 3.926990816987241e-01, -8.945127514078113e-04, -3.424671105430720e-02, 6.164512372763624e-04, -7.921409351822205e-05
556, 4.712388980384690e+00, 5.890486225480862e+00, 3.926990816987241e-01, 2.553904252013809e-03, 1.396605394254337e-10, -1.735993118775406e-01, 6.197664062072054e-05
557, 5.105088062083414e+00, 5.890486225480862e+00, 3.926990816987241e-01, -8.945126168324141e-04, 3.424671133410889e-02, 6.164513623233991e-04, -7.921412017869438e-05
558, 5.497787143782138e+00, 5.890486225480862e+00, 3.926990816987241e-01, -3.897128051029518e-03, 2.251563488972097e-10, 1.734894925561496e-01, -1.840090110951939e-04
559, 5.890486225480862e+00, 5.890486225480862e+00, 3.926990816987241e-01, -8.945137581358692e-04, -3.424671093088206e-02, 6.164515121497309e-04, -7.921413922859861e-05
560, 6.283185307179586e+00, 5.890486225480862e+00, 3.926990816987241e-01, 2.553902255902385e-03, 7.706935092225905e-11, -1.735993116363508e-01, 6.197662237861227e-05
561, 0.000000000000000e+00, 6.283185307179586e+00, 3.926990816987241e-01, -1.919845366564590e-03, 7.546445281078739e-11, -2.031020225708220e-01, -1.489688865939078e-04
562, 3.926990816987241e-01, 6.283185307179586e+00, 3.926990816987241e-01, -1.355892118435586e-03, -1.660072733206291e-10, 2.411733875551918e-10, -1.123856898308172e-04
563, 7.853981633974483e-01, 6.283185307179586e+00, 3.926990816987241e-01, -1.919844249957422e-03, -2.524650016138278e-10, 2.031020230115062e-01, -1.489688938203447e-04
564, 1.178097245096172e+00, 6.283185307179586e+00, 3.926990816987241e-01, -1.355890711190217e-03, -2.490769457174297e-10, 2.064059487168307e-10, -1.123856781675565e-04
565, 1.570796326794897e+00, 6.283185307179586e+00, 3.926990816987241e-01, -1.919843443205616e-03, -2.090485002898253e-10, -2.031020225844755e-01, -1.489688690922850e-04
566, 1.963495408493621e+00, 6.283185307179586e+00, 3.926990816987241e-01, -1.355890514075008e-03, -1.561581311003182e-10, 2.028783547563742e-10, -1.123856494761965e-04
567, 2.356194490192345e+00, 6.283185307179586e+00, 3.926990816987241e-01, -1.919843634496505e-03, -9.921565343581355e-11, 2.031020229795348e-01, -1.489688430945319e-04
568, 2.748893571891069e+00, 6.283185307179586e+00, 3.926990816987241e-01, -1.355890915784646e-03, -5.043650149712547e-11, 1.878368356530764e-10, -1.123856301457543e-04
569, 3.141592653589793e+00, 6.283185307179586e+00, 3.926990816987241e-01, -1.919843987107775e-03, -1.394228737931705e-11, -2.031020226046674e-01, -1.489688319536795e-04
570, 3.534291735288517e+00, 6.283185307179586e+00, 3.926990816987241e-01, -1.355890945615326e-03, 2.151445065350152e-11, 1.870399433441811e-10, -1.123856275628185e-04
571, 3.926990816987241e+00, 6.283185307179586e+00, 3.926990816987241e-01, -1.919843667246216e-03, 6.782229419820969e-11, 2.031020229767852e-01, -1.489688380537565e-04
572, 4.319689898685965e+00, 6.283185307179586e+00, 3.926990816987241e-01, -1.355890497084955e-03, 1.227485035786394e-10, 1.976301796101636e-10, -1.123856423643460e-04
573, 4.712388980384690e+00, 6.283185307179586e+00, 3.926990816987241e-01, -1.919843306035530e-03, 1.780153256236332e-10, -2.031020225890719e-01, -1.489688606969626e-04
574, 5.105088062083414e+00, 6.283185307179586e+00, 3.926990816987241e-01, -1.355890394765106e-03, 2.305751191540903e-10, 2.031130920928313e-10, -1.123856701640439e-04
575, 5.497787143782138e+00, 6.283185307179586e+00, 3.926990816987241e-01, -1.919843760576698e-03, 2.646380002029257e-10, 2.031020230069357e-01, -1.489688888573021e-04
576, 5.890486225480862e+00, 6.283185307179586e+00, 3.926990816987241e-01, -1.355891634810757e-03, 2.356951327641049e-10, 2.381250304704747e-10, -1.123856901756693e-04
577, 6.283185307179586e+00, 6.283185307179586e+00, 3.926990816987241e-01, -1.919845366564590e-03, 7.546445281078739e-11, -2.031020225708220e-01, -1.489688865939078e-04
578, 0.000000000000000e+00, 0.000000000000000e+00, 7.853981633974483e-01, -1.040572728969942e-03, 7.226370146488148e-11, -1.258760260148562e-01, -1.823297858529656e-04
579, 3.926990816987241e-01, 0.000000000000000e+00, 7.853981633974483e-01, -8.098591277993222e-04, -1.630425233570581e-10, 2.259922838041219e-10, -1.491025753552849e-04
580, 7.853981633974483e-01, 0.000000000000000e+00, 7.853981633974483e-01, -1.040571610215930e-03, -2.399869148153199e-10, 1.258760264372670e-01, -1.823297682557723e-04
581, 1.178097245096172e+00, 0.000000000000000e+00, 7.853981633974483e-01, -8.098577693935237e-04, -2.308773171987704e-10, 2.004141951438555e-10, -1.491025396002112e-04
582, 1.570796326794897e+00, 0.000000000000000e+00, 7.853981633974483e-01, -1.040570868306165e-03, -1.884721407089766e-10, -1.258760260279235e-01, -1.823297237357361e-04
583, 1.963495408493621e+00, 0.000000000000000e+00, 7.853981633974483e-01, -8.098576580819483e-04, -1.371864176356295e-10, 1.915563508268494e-10, -1.491024897511711e-04
584, 2.356194490192345e+00, 0.000000000000000e+00, 7.853981633974483e-01, -1.040571145696390e-03, -8.600884570823343e-11, 1.258760264068528e-01, -1.823296766846070e-04
585, 2.748893571891069e+00, 0.000000000000000e+00, 7.853981633974483e-01, -8.098580985283425e-04, -4.372667281754122e-11, 1.790276632933610e-10, -1.491024572262631e-04
586, 3.141592653589793e+00, 0.000000000000000e+00, 7.853981633974483e-01, -1.040571496778782e-03, -1.217619329622091e-11, -1.258760260477006e-01, -1.823296609564592e-04
587, 3.534291735288517e+00, 0.000000000000000e+00, 7.853981633974483e-01, -8.098581350387145e-04, 1.826328785032669e-11, 1.779988057911938e-10, -1.491024528632340e-04
588, 3.926990816987241e+00, 0.000000000000000e+00, 7.853981633974483e-01, -1.040571192785926e-03, 5.779251470574526e-11, 1.258760264042111e-01, -1.823296681691180e-04
589, 4.319689898685965e+00, 0.000000000000000e+00, 7.853981633974483e-01, -8.098576643815840e-04, 1.063101110431118e-10, 1.869826040676576e-10, -1.491024776100526e-04
590, 4.712388980384690e+00, 0.000000000000000e+00, 7.853981633974483e-01, -1.040570763306455e-03, 1.585505857596213e-10, -1.258760260325910e-01, -1.823297090727908e-04
591, 5.105088062083414e+00, 0.000000000000000e+00, 7.853981633974483e-01, -8.098574885649318e-04, 2.110931098313029e-10, 1.964283868079175e-10, -1.491025244652553e-04
592, 5.497787143782138e+00, 0.000000000000000e+00, 7.853981633974483e-01, -1.040571150308860e-03, 2.484611205121346e-10, 1.258760264326469e-01, -1.823297552060181e-04
593, 5.890486225480862e+00, 0.000000000000000e+00, 7.853981633974483e-01, -8.098586593855655e-04, 2.287831407027922e-10, 2.227994930303523e-10, -1.491025669752574e-04
594, 6.283185307179586e+00, 0.000000000000000e+00, 7.853981633974483e-01, -1.040572728969942e-03, 7.226370146488148e-11, -1.258760260148562e-01, -1.823297858529656e-04
595, 0.000000000000000e+00, 3.926990816987241e-01, 7.853981633974483e-01, -2.507554871521270e-03, 8.166371041844556e-11, -1.077389339778320e-01, -2.551313019049425e-04
596, 3.926990816987241e-01, 3.926990816987241e-01, 7.853981633974483e-01, -5.122366595429628e-04, -2.124403040095474e-02, -2.966155257787284e-04, -1.056467256629313e-04
597, 7.853981633974483e-01, 3.926990816987241e-01, 7.853981633974483e-01, 1.669153734034974e-03, -2.190132437669150e-10, 1.076560079986376e-01, 7.776487556069020e-05
598, 1.178097245096172e+00, 3.926990816987241e-01, 7.853981633974483e-01, -5.122354021376075e-04, 2.124403003116090e-02, -2.966154466131272e-04, -1.056466916689255e-04
599, 1.570796326794897e+00, 3.926990816987241e-01, 7.853981633974483e-01, -2.507553172453818e-03, -1.614056828871824e-10, -1.077389338310129e-01, -2.551312422482821e-04
600, 1.963495408493621e+00, 3.926990816987241e-01, 7.853981633974483e-01, -5.122354286698144e-04, -2.124403034931395e-02, -2.966153281931340e-04, -1.056466456356604e-04
601, 2.356194490192345e+00, 3.926990816987241e-01, 7.853981633974483e-01, 1.669153950338863e-03, -7.070210198209930e-11, 1.076560082094701e-01, 7.776496079985355e-05
602, 2.748893571891069e+00, 3.926990816987241e-01, 7.853981633974483e-01, -5.122359207351333e-04, 2.124403019934794e-02, -2.966152605798623e-04, -1.056466154147431e-04
603, 3.141592653589793e+00, 3.926990816987241e-01, 7.853981633974483e-01, -2.507553918299257e-03, -1.019520361522139e-11, -1.077389336962634e-01, -2.551311842882122e-04
604, 3.534291735288517e+00, 3.926990816987241e-01, 7.853981633974483e-01, -5.122359635352938e-04, -2.124403022102914e-02, -2.966152518254355e-04, -1.056466113703561e-04
605, 3.926990816987241e+00, 3.926990816987241e-01, 7.853981633974483e-01, 1.669153889978517e-03, 4.598904399678415e-11, 1.076560082262339e-01, 7.776496876609821e-05
606, 4.319689898685965e+00, 3.926990816987241e-01, 7.853981633974483e-01, -5.122354577400256e-04, 2.124403032157477e-02, -2.966153044667974e-04, -1.056466342789006e-04
607, 4.712388980384690e+00, 3.926990816987241e-01, 7.853981633974483e-01, -2.507553102927178e-03, 1.335652359161020e-10, -1.077389338010946e-01, -2.551312285915436e-04
608, 5.105088062083414e+00, 3.926990816987241e-01, 7.853981633974483e-01, -5.122351671640960e-04, -2.124403005116969e-02, -2.966154133633703e-04, -1.056466775756320e-04
609, 5.497787143782138e+00, 3.926990816987241e-01, 7.853981633974483e-01, 1.669154154969085e-03, 2.216656728333043e-10, 1.076560080270940e-01, 7.776488767894178e-05
610, 5.890486225480862e+00, 3.926990816987241e-01, 7.853981633974483e-01, -5.122361887687349e-04, 2.124403045121762e-02, -2.966155118475641e-04, -1.056467178021772e-04
611, 6.283185307179586e+00, 3.926990816987241e-01, 7.853981633974483e-01, -2.507554871521270e-03, 8.166371041844556e-11, -1.077389339778320e-01, -2.551313019049425e-04
612, 0.000000000000000e+00, 7.853981633974483e-01, 7.853981633974483e-01, -2.346426321464304e-03, 5.993010015409878e-11, -6.704118839894199e-02, -1.813634019525125e-04
613, 3.926990816987241e-01, 7.853981633974483e-01, 7.853981633974483e-01, 5.779890354142989e-05, -2.744816395243861e-02, -2.926037817069915e-04, -2.237575371312816e-05
614, 7.853981633974483e-01, 7.853981633974483e-01, 7.853981633974483e-01, 3.250689351725360e-03, -1.410670474355603e-10, 6.697625410115403e-02, 2.612394371361301e-04
615, 1.178097245096172e+00, 7.853981633974483e-01, 7.853981633974483e-01, 5.779972184931566e-05, 2.744816371785459e-02, -2.926035900210266e-04, -2.237572589581767e-05
616, 1.570796326794897e+00, 7.853981633974483e-01, 7.853981633974483e-01, -2.346425272926896e-03, -7.715623175861626e-11, -6.704118806448883e-02, -1.813633538529105e-04
617, 1.963495408493621e+00, 7.853981633974483e-01, 7.853981633974483e-01, 5.779944140215409e-05, -2.744816387762133e-02, -2.926033757759013e-04, -2.237569059047099e-05
618, 2.356194490192345e+00, 7.853981633974483e-01, 7.853981633974483e-01, 3.250689047073292e-03, -2.073335879556468e-11, 6.697625450467488e-02, 2.612395026752077e-04
619, 2.748893571891069e+00, 7.853981633974483e-01, 7.853981633974483e-01, 5.779889374845439e-05, 2.744816382584029e-02, -2.926032469751009e-04, -2.237566821630476e-05
620, 3.141592653589793e+00, 7.853981633974483e-01, 7.853981633974483e-01, -2.346426168753754e-03, -4.032266921519392e-12, -6.704118781442706e-02, -1.813633105018148e-04
621, 3.534291735288517e+00, 7.853981633974483e-01, 7.853981633974483e-01, 5.779884590906531e-05, -2.744816383542096e-02, -2.926032311066017e-04, -2.237566518603828e-05
622, 3.926990816987241e+00, 7.853981633974483e-01, 7.853981633974483e-01, 3.250688970905307e-03, 7.412647348488315e-12, 6.697625453596610e-02, 2.612395086869405e-04
623, 4.319689898685965e+00, 7.853981633974483e-01, 7.853981633974483e-01, 5.779937661352451e-05, 2.744816385982984e-02, -2.926033309395084e-04, -2.237568187202157e-05
624, 4.712388980384690e+00, 7.853981633974483e-01, 7.853981633974483e-01, -2.346425270529088e-03, 5.619581336422623e-11, -6.704118800872336e-02, -1.813633431839566e-04
625, 5.105088062083414e+00, 7.853981633974483e-01, 7.853981633974483e-01, 5.779985124305046e-05, -2.744816373670094e-02, -2.926035278009359e-04, -2.237571471845255e-05
626, 5.497787143782138e+00, 7.853981633974483e-01, 7.853981633974483e-01, 3.250689638274258e-03, 1.362797457730548e-10, 6.697625416008433e-02, 2.612394469206415e-04
627, 5.890486225480862e+00, 7.853981633974483e-01, 7.853981633974483e-01, 5.779925260716069e-05, 2.744816398419864e-02, -2.926037408518584e-04, -2.237574720481332e-05
628, 6.283185307179586e+00, 7.853981633974483e-01, 7.853981633974483e-01, -2.346426321464304e-03, 5.993010015409878e-11, -6.704118839894199e-02, -1.813634019525125e-04
629, 0.000000000000000e+00, 1.178097245096172e+00, 7.853981633974483e-01, -1.493424411681769e-03, 2.232709259727673e-11, -2.913843726145065e-02, -9.735366832316683e-05
630, 3.926990816987241e-01, 1.178097245096172e+00, 7.853981633974483e-01, 4.226729022110740e-04, -1.908849988674591e-02, -1.431276284228985e-04, 3.229160667066233e-05
631, 7.853981633974483e-01, 1.178097245096172e+00, 7.853981633974483e-01, 2.836630453915944e-03, -1.434976340253127e-11, 2.909535334212339e-02, 2.369368654610386e-04
632, 1.178097245096172e+00, 1.178097245096172e+00, 7.853981633974483e-01, 4.226729852209803e-04, 1.908849987410573e-02, -1.431273554602376e-04, 3.229162559523517e-05
633, 1.570796326794897e+00, 1.178097245096172e+00, 7.853981633974483e-01, -1.493424469655143e-03, 4.889659684487454e-11, -2.913843679643801e-02, -9.735363669699228e-05
634, 1.963495408493621e+00, 1.178097245096172e+00, 7.853981633974483e-01, 4.226724023689914e-04, -1.908849979370443e-02, -1.431270772378950e-04, 3.229164512546320e-05
635, 2.356194490192345e+00, 1.178097245096172e+00, 7.853981633974483e-01, 2.836629482090813e-03, 5.418239073952109e-11, 2.909535387402282e-02, 2.369369021708277e-04
636, 2.748893571891069e+00, 1.178097245096172e+00, 7.853981633974483e-01, 4.226718333621920e-04, 1.908849988844401e-02, -1.431269102791028e-04, 3.229165556377071e-05
637, 3.141592653589793e+00, 1.178097245096172e+00, 7.853981633974483e-01, -1.493425476117995e-03, 5.070028329653335e-12, -2.913843647229490e-02, -9.735361553440528e-05
638, 3.534291735288517e+00, 1.178097245096172e+00, 7.853981633974483e-01, 4.226717869928519e-04, -1.908849988005631e-02, -1.431268899957711e-04, 3.229165707878936e-05
639, 3.926990816987241e+00, 1.178097245096172e+00, 7.853981633974483e-01, 2.836629399634735e-03, -5.045069736584833e-11, 2.909535391418252e-02, 2.369369052629966e-04
640, 4.319689898685965e+00, 1.178097245096172e+00, 7.853981633974483e-01, 4.226723065746157e-04, 1.908849979093194e-02, -1.431270191477434e-04, 3.229164983437066e-05
641, 4.712388980384690e+00, 1.178097245096172e+00, 7.853981633974483e-01, -1.493424544410694e-03, -5.882906580430800e-11, -2.913843672376990e-02, -9.735363057435373e-05
642, 5.105088062083414e+00, 1.178097245096172e+00, 7.853981633974483e-01, 4.226729725664313e-04, -1.908849988910851e-02, -1.431272736503624e-04, 3.229163248189808e-05
643, 5.497787143782138e+00, 1.178097245096172e+00, 7.853981633974483e-01, 2.836630533612123e-03, 1.193285326509313e-12, 2.909535342219728e-02, 2.369368720241177e-04
644, 5.890486225480862e+00, 1.178097245096172e+00, 7.853981633974483e-01, 4.226730412516730e-04, 1.908849988892547e-02, -1.431275703472623e-04, 3.229161144732908e-05
645, 6.283185307179586e+00, 1.178097245096172e+00, 7.853981633974483e-01, -1.493424411681769e-03, 2.232709259727673e-11, -2.913843726145065e-02, -9.735366832316683e-05
646, 0.000000000000000e+00, 1.570796326794897e+00, 7.853981633974483e-01, -4.696157934022643e-04, -2.270133517427766e-11, -8.121059807038779e-03, -1.842198491784059e-05
647, 3.926990816987241e-01, 1.570796326794897e+00, 7.853981633974483e-01, 4.421555879830773e-04, -7.815913705943409e-03, -4.333430640426718e-05, 4.276997129558049e-05
648, 7.853981633974483e-01, 1.570796326794897e+00, 7.853981633974483e-01, 1.466353370342858e-03, 1.424530978153869e-10, 8.089745833337393e-03, 1.191319937805836e-04
649, 1.178097245096172e+00, 1.570796326794897e+00, 7.853981633974483e-01, 4.421547682244363e-04, 7.815913964566171e-03, -4.333400068754709e-05, 4.276998003800839e-05
650, 1.570796326794897e+00, 1.570796326794897e+00, 7.853981633974483e-01, -4.696172014249161e-04, 1.977516824805505e-10, -8.121059288931991e-03, -1.842197210415399e-05
651, 1.963495408493621e+00, 1.570796326794897e+00, 7.853981633974483e-01, 4.421538679145235e-04, -7.815913598140030e-03, -4.333369740163639e-05, 4.276998095127665e-05
652, 2.356194490192345e+00, 1.570796326794897e+00, 7.853981633974483e-01, 1.466351672032975e-03, 1.418024705013086e-10, 8.089746413707884e-03, 1.191319967564811e-04
653, 2.748893571891069e+00, 1.570796326794897e+00, 7.853981633974483e-01, 4.421533196598749e-04, 7.815913864168415e-03, -4.333351831365063e-05, 4.276997751463437e-05
654, 3.141592653589793e+00, 1.570796326794897e+00, 7.853981633974483e-01, -4.696182588356108e-04, 1.564280820680971e-11, -8.121058939024230e-03, -1.842197688773195e-05
655, 3.534291735288517e+00, 1.570796326794897e+00, 7.853981633974483e-01, 4.421532812110169e-04, -7.815913834843086e-03, -4.333349659956185e-05, 4.276997724791650e-05
656, 3.926990816987241e+00, 1.570796326794897e+00, 7.853981633974483e-01, 1.466351594243763e-03, -1.180642263608621e-10, 8.089746456642927e-03, 1.191319964339156e-04
657, 4.319689898685965e+00, 1.570796326794897e+00, 7.853981633974483e-01, 4.421537515386706e-04, 7.815913613184410e-03, -4.333363490153767e-05, 4.276998096711763e-05
658, 4.712388980384690e+00, 1.570796326794897e+00, 7.853981633974483e-01, -4.696173514387709e-04, -1.939924742572327e-10, -8.121059210087305e-03, -1.842197130936821e-05
659, 5.105088062083414e+00, 1.570796326794897e+00, 7.853981633974483e-01, 4.421545974326843e-04, -7.815913973602115e-03, -4.333391132786021e-05, 4.276998189732378e-05
660, 5.497787143782138e+00, 1.570796326794897e+00, 7.853981633974483e-01, 1.466353204522383e-03, -1.643178721461361e-10, 8.089745921636447e-03, 1.191319965569363e-04
661, 5.890486225480862e+00, 1.570796326794897e+00, 7.853981633974483e-01, 4.421554704296278e-04, 7.815913672040596e-03, -4.333424166071024e-05, 4.276997394026522e-05
662, 6.283185307179586e+00, 1.570796326794897e+00, 7.853981633974483e-01, -4.696157934022643e-04, -2.270133517427766e-11, -8.121059807038779e-03, -1.842198491784059e-05
663, 0.000000000000000e+00, 1.963495408493621e+00, 7.853981633974483e-01, 2.059515156267460e-04, -6.784958721769820e-11, -1.199446444241126e-03, 3.409054134802718e-05
664, 3.926990816987241e-01, 1.963495408493621e+00, 7.853981633974483e-01, 2.790075344652552e-04, -1.657641296872861e-03, -5.263274689767360e-06, 3.252884485467637e-05
665, 7.853981633974483e-01, 1.963495408493621e+00, 7.853981633974483e-01, 3.504400803605252e-04, 3.037198111646806e-10, 1.191621693703095e-03, 3.030884174317848e-05
666, 1.178097245096172e+00, 1.963495408493621e+00, 7.853981633974483e-01, 2.790058015340420e-04, 1.657641832417860e-03, -5.262986582468855e-06, 3.252884343809536e-05
667, 1.570796326794897e+00, 1.963495408493621e+00, 7.853981633974483e-01, 2.059487505881970e-04, 3.479561772611859e-10, -1.199445955974938e-03, 3.409053542904548e-05
668, 1.963495408493621e+00, 1.963495408493621e+00, 7.853981633974483e-01, 2.790046057883488e-04, -1.657641176785525e-03, -5.262702671722380e-06, 3.252882561226291e-05
669, 2.356194490192345e+00, 1.963495408493621e+00, 7.853981633974483e-01, 3.504376928514868e-04, 2.289519735497152e-10, 1.191622236102278e-03, 3.030881094574294e-05
670, 2.748893571891069e+00, 1.963495408493621e+00, 7.853981633974483e-01, 2.790041093538946e-04, 1.657641613789607e-03, -5.262537278632306e-06, 3.252880852046484e-05
671, 3.141592653589793e+00, 1.963495408493621e+00, 7.853981633974483e-01, 2.059476949370410e-04, 2.614474068624715e-11, -1.199445631191211e-03, 3.409050495725924e-05
672, 3.534291735288517e+00, 1.963495408493621e+00, 7.853981633974483e-01, 2.790040830537787e-04, -1.657641563649695e-03, -5.262517249244507e-06, 3.252880647669462e-05
673, 3.926990816987241e+00, 1.963495408493621e+00, 7.853981633974483e-01, 3.504376278041975e-04, -1.852145874047494e-10, 1.191622275687685e-03, 3.030880723290925e-05
674, 4.319689898685965e+00, 1.963495408493621e+00, 7.853981633974483e-01, 2.790044794031801e-04, 1.657641209882403e-03, -5.262644796304306e-06, 3.252882098050248e-05
675, 4.712388980384690e+00, 1.963495408493621e+00, 7.853981633974483e-01, 2.059485354557115e-04, -3.299722082401459e-10, -1.199445882510161e-03, 3.409053093582775e-05
676, 5.105088062083414e+00, 1.963495408493621e+00, 7.853981633974483e-01, 2.790054786743946e-04, -1.657641834769045e-03, -5.262902985486211e-06, 3.252884025588588e-05
677, 5.497787143782138e+00, 1.963495408493621e+00, 7.853981633974483e-01, 3.504396694780527e-04, -3.338169739572643e-10, 1.191621776516949e-03, 3.030884062990905e-05
678, 5.890486225480862e+00, 1.963495408493621e+00, 7.853981633974483e-01, 2.790071570162333e-04, 1.657641226132254e-03, -5.263213790846136e-06, 3.252884516926414e-05
679, 6.283185307179586e+00, 1.963495408493621e+00, 7.853981633974483e-01, 2.059515156267460e-04, -6.784958721769820e-11, -1.199446444241126e-03, 3.409054134802718e-05
680, 0.000000000000000e+00, 2.356194490192345e+00, 7.853981633974483e-01, 3.111635646514060e-04, -1.067204529622445e-10, -2.518504366698772e-05, 4.150620924200845e-05
681, 3.926990816987241e-01, 2.356194490192345e+00, 7.853981633974483e-01, 1.054346642374250e-04, -8.437864592634237e-05, 4.582413096496428e-06, 2.113133822218758e-05
682, 7.853981633974483e-01, 2.356194490192345e+00, 7.853981633974483e-01, -1.069744322232498e-04, 4.433354534431099e-10, 3.242003921147064e-05, -1.103890162521833e-07
683, 1.178097245096172e+00, 2.356194490192345e+00, 7.853981633974483e-01, 1.054321564296577e-04, 8.437942096322843e-05, 4.582638899631684e-06, 2.113132807819486e-05
684, 1.570796326794897e+00, 2.356194490192345e+00, 7.853981633974483e-01, 3.111596542581157e-04, 4.773968284586032e-10, -2.518466100565281e-05, 4.150618726812514e-05
685, 1.963495408493621e+00, 2.356194490192345e+00, 7.853981633974483e-01, 1.054307293166701e-04, -8.437851633735633e-05, 4.582860783433491e-06, 2.113129424839795e-05
686, 2.356194490192345e+00, 2.356194490192345e+00, 7.853981633974483e-01, -1.069773711422020e-04, 3.031269468631535e-10, 3.242046284121553e-05, -1.104486221430553e-07
687, 2.748893571891069e+00, 2.356194490192345e+00, 7.853981633974483e-01, 1.054302985572350e-04, 8.437909945466254e-05, 4.582989043277929e-06, 2.113126562309920e-05
688, 3.141592653589793e+00, 2.356194490192345e+00, 7.853981633974483e-01, 3.111586382231454e-04, 3.508181577733136e-11, -2.518440853673411e-05, 4.150613504146995e-05
689, 3.534291735288517e+00, 2.356194490192345e+00, 7.853981633974483e-01, 1.054302857784082e-04, -8.437903159630236e-05, 4.583004539785811e-06, 2.113126207492388e-05
690, 3.926990816987241e+00, 2.356194490192345e+00, 7.853981633974483e-01, -1.069774195079831e-04, -2.422848430510703e-10, 3.242049350593834e-05, -1.104552029136892e-07
691, 4.319689898685965e+00, 2.356194490192345e+00, 7.853981633974483e-01, 1.054306018252014e-04, 8.437856505731104e-05, 4.582905752250579e-06, 2.113128568227630e-05
692, 4.712388980384690e+00, 2.356194490192345e+00, 7.853981633974483e-01, 3.111593909458900e-04, -4.469394365173337e-10, -2.518460371774153e-05, 4.150617828082802e-05
693, 5.105088062083414e+00, 2.356194490192345e+00, 7.853981633974483e-01, 1.054317093536119e-04, -8.437941732412870e-05, 4.582704245037229e-06, 2.113132057328530e-05
694, 5.497787143782138e+00, 2.356194490192345e+00, 7.853981633974483e-01, -1.069750493797789e-04, -4.803857826446627e-10, 3.242010400781011e-05, -1.103935185655126e-07
695, 5.890486225480862e+00, 2.356194490192345e+00, 7.853981633974483e-01, 1.054340655137932e-04, 8.437854333362761e-05, 4.582460755313245e-06, 2.113133645549931e-05
696, 6.283185307179586e+00, 2.356194490192345e+00, 7.853981633974483e-01, 3.111635646514060e-04, -1.067204529622445e-10, -2.518504366698772e-05, 4.150620924200845e-05
697, 0.000000000000000e+00, 2.748893571891069e+00, 7.853981633974483e-01, 1.249239364356599e-04, -1.336005090869770e-10, 3.459670014625303e-05, 2.598061850449331e-05
698, 3.926990816987241e-01, 2.748893571891069e+00, 7.853981633974483e-01, -7.157881897745446e-06, 2.873060613725360e-05, 4.007548762906585e-06, 1.431231350031785e-05
699, 7.853981633974483e-01, 2.748893571891069e+00, 7.853981633974483e-01, -1.406469131460726e-04, 5.397496901594825e-10, -2.714651731248337e-05, 2.510387322145095e-06
700, 1.178097245096172e+00, 2.748893571891069e+00, 7.853981633974483e-01, -7.160905351752660e-06, -2.872966564413977e-05, 4.007678025468544e-06, 1.431229739502773e-05
701, 1.570796326794897e+00, 2.748893571891069e+00, 7.853981633974483e-01, 1.249192700022577e-04, 5.666002575698275e-10, 3.459691905970775e-05, 2.598058558760092e-05
702, 1.963495408493621e+00, 2.748893571891069e+00, 7.853981633974483e-01, -7.162465133328498e-06, 2.873074171624297e-05, 4.007804530602727e-06, 1.431225269382516e-05
703, 2.356194490192345e+00, 2.748893571891069e+00, 7.853981633974483e-01, -1.406501829112459e-04, 3.538328646685382e-10, -2.714627573323118e-05, 2.510308135819468e-06
704, 2.748893571891069e+00, 2.748893571891069e+00, 7.853981633974483e-01, -7.162831196371138e-06, -2.873005844998990e-05, 4.007877246188484e-06, 1.431221625191581e-05
705, 3.141592653589793e+00, 2.748893571891069e+00, 7.853981633974483e-01, 1.249183179371965e-04, 4.118843013126920e-11, 3.459706239471906e-05, 2.598051861295222e-05
706, 3.534291735288517e+00, 2.748893571891069e+00, 7.853981633974483e-01, -7.162831941871510e-06, 2.873013842616358e-05, 4.007886028422009e-06, 1.431221168755924e-05
707, 3.926990816987241e+00, 2.748893571891069e+00, 7.853981633974483e-01, -1.406502147358907e-04, -2.812382969747235e-10, -2.714625832341677e-05, 2.510299614409795e-06
708, 4.319689898685965e+00, 2.748893571891069e+00, 7.853981633974483e-01, -7.162586683215975e-06, -2.873068216876307e-05, 4.007830125949461e-06, 1.431224145807944e-05
709, 4.712388980384690e+00, 2.748893571891069e+00, 7.853981633974483e-01, 1.249189809348803e-04, -5.274338674029410e-10, 3.459695175513717e-05, 2.598057353843821e-05
710, 5.105088062083414e+00, 2.748893571891069e+00, 7.853981633974483e-01, -7.161430859486805e-06, 2.872967349535417e-05, 4.007715403100577e-06, 1.431228692916810e-05
711, 5.497787143782138e+00, 2.748893571891069e+00, 7.853981633974483e-01, -1.406476665170488e-04, -5.815764741011947e-10, -2.714648019883668e-05, 2.510380484094729e-06
712, 5.890486225480862e+00, 2.748893571891069e+00, 7.853981633974483e-01, -7.158629371405138e-06, -2.873073073104680e-05, 4.007576070573978e-06, 1.431231029582800e-05
713, 6.283185307179586e+00, 2.748893571891069e+00, 7.853981633974483e-01, 1.249239364356599e-04, -1.336005090869770e-10, 3.459670014625303e-05, 2.598061850449331e-05
714, 0.000000000000000e+00, 3.141592653589793e+00, 7.853981633974483e-01, -4.479148209056206e-05, -1.444795945385128e-10, 2.308015851337460e-05, 1.216966784140019e-05
715, 3.926990816987241e-01, 3.141592653589793e+00, 7.853981633974483e-01, -4.481243191729851e-05, 3.701343985363338e-10, -1.387258014437631e-10, 1.215652009075229e-05
716, 7.853981633974483e-01, 3.141592653589793e+00, 7.853981633974483e-01, -4.479386695230079e-05, 5.784652284104848e-10, -2.308043215586222e-05, 1.216966873121732e-05
717, 1.178097245096172e+00, 3.141592653589793e+00, 7.853981633974483e-01, -4.481563314701582e-05, 6.367468450825105e-10, -1.254537959543846e-10, 1.215650175054186e-05
718, 1.570796326794897e+00, 3.141592653589793e+00, 7.853981633974483e-01, -4.479640023076659e-05, 6.021024749306202e-10, 2.308018074829115e-05, 1.216963082167731e-05
719, 1.963495408493621e+00, 3.141592653589793e+00, 7.853981633974483e-01, -4.481720702747125e-05, 5.075954305143279e-10, -1.132887831063241e-10, 1.215645290431147e-05
720, 2.356194490192345e+00, 3.141592653589793e+00, 7.853981633974483e-01, -4.479719704320501e-05, 3.738247737859326e-10, -2.308040876493023e-05, 1.216958208497725e-05
721, 2.748893571891069e+00, 3.141592653589793e+00, 7.853981633974483e-01, -4.481752042264968e-05, 2.152607043148317e-10, -1.066711286285666e-10, 1.215641347209589e-05
722, 3.141592653589793e+00, 3.141592653589793e+00, 7.853981633974483e-01, -4.479727582545563e-05, 4.360733205848850e-11, 2.308019398241020e-05, 1.216955820935793e-05
723, 3.534291735288517e+00, 3.141592653589793e+00, 7.853981633974483e-01, -4.481751295560728e-05, -1.304753394357222e-10, -1.058288378039297e-10, 1.215640851845935e-05
724, 3.926990816987241e+00, 3.141592653589793e+00, 7.853981633974483e-01, -4.479721581125570e-05, -2.965361733487627e-10, -2.308040707649325e-05, 1.216957281840237e-05
725, 4.319689898685965e+00, 3.141592653589793e+00, 7.853981633974483e-01, -4.481731741759025e-05, -4.436782333030054e-10, -1.107603687298516e-10, 1.215644063994639e-05
726, 4.712388980384690e+00, 3.141592653589793e+00, 7.853981633974483e-01, -4.479668951894423e-05, -5.593774121054222e-10, 2.308018405604653e-05, 1.216961758763994e-05
727, 5.105088062083414e+00, 3.141592653589793e+00, 7.853981633974483e-01, -4.481618002061686e-05, -6.271297095668237e-10, -1.215715616092101e-10, 1.215649013428105e-05
728, 5.497787143782138e+00, 3.141592653589793e+00, 7.853981633974483e-01, -4.479466647813575e-05, -6.221586519238230e-10, -2.308042820358770e-05, 1.216966098425555e-05
729, 5.890486225480862e+00, 3.141592653589793e+00, 7.853981633974483e-01, -4.481323391484686e-05, -5.035795140095850e-10, -1.357593874205255e-10, 1.215651632743316e-05
730, 6.283185307179586e+00, 3.141592653589793e+00, 7.853981633974483e-01, -4.479148209056206e-05, -1.444795945385128e-10, 2.308015851337460e-05, 1.216966784140019e-05
731, 0.000000000000000e+00, 3.534291735288517e+00, 7.853981633974483e-01, -1.406449687844636e-04, -1.377731514999886e-10, 2.714633268021675e-05, 2.510404343804872e-06
732, 3.926990816987241e-01, 3.534291735288517e+00, 7.853981633974483e-01, -7.158179920912661e-06, -2.872990894697760e-05, -4.007808728143863e-06, 1.431233205486517e-05
733, 7.853981633974483e-01, 3.534291735288517e+00, 7.853981633974483e-01, 1.249213988885673e-04, 5.536502883906708e-10, -3.459702842357841e-05, 2.598063840190110e-05
734, 1.178097245096172e+00, 3.534291735288517e+00, 7.853981633974483e-01, -7.161193795224357e-06, 2.873087312984024e-05, -4.007913540156351e-06, 1.431231560672255e-05
735, 1.570796326794897e+00, 3.534291735288517e+00, 7.853981633974483e-01, -1.406495957837444e-04, 5.785693696237404e-10, 2.714615477429556e-05, 2.510370762647697e-06
736, 1.963495408493621e+00, 3.534291735288517e+00, 7.853981633974483e-01, -7.162660976437568e-06, -2.872977390679312e-05, -4.008017539841979e-06, 1.431226995257700e-05
737, 2.356194490192345e+00, 3.534291735288517e+00, 7.853981633974483e-01, 1.249182887142058e-04, 3.602222485666189e-10, -3.459722678132364e-05, 2.598055755099887e-05
738, 2.748893571891069e+00, 3.534291735288517e+00, 7.853981633974483e-01, -7.162941643097091e-06, 2.873047002130688e-05, -4.008077953161754e-06, 1.431223279150531e-05
739, 3.141592653589793e+00, 3.534291735288517e+00, 7.853981633974483e-01, -1.406503941139697e-04, 4.200723341282534e-11, 2.714603603836618e-05, 2.510302434242521e-06
740, 3.534291735288517e+00, 3.534291735288517e+00, 7.853981633974483e-01, -7.162931247857332e-06, -2.873038840625268e-05, -4.008085150149851e-06, 1.431222812558187e-05
741, 3.926990816987241e+00, 3.534291735288517e+00, 7.853981633974483e-01, 1.249182772363702e-04, -2.859856150317128e-10, -3.459724102922005e-05, 2.598054883618692e-05
742, 4.319689898685965e+00, 3.534291735288517e+00, 7.853981633974483e-01, -7.162756951828142e-06, 2.872983506029702e-05, -4.008038422066177e-06, 1.431225844836982e-05
743, 4.712388980384690e+00, 3.534291735288517e+00, 7.853981633974483e-01, -1.406498599241320e-04, -5.379983886077388e-10, 2.714612822192154e-05, 2.510358400259638e-06
744, 5.105088062083414e+00, 3.534291735288517e+00, 7.853981633974483e-01, -7.161701920931954e-06, -2.873086445884571e-05, -4.007943726324191e-06, 1.431230483415167e-05
745, 5.497787143782138e+00, 3.534291735288517e+00, 7.853981633974483e-01, 1.249206498847894e-04, -5.959948643094481e-10, -3.459705821162145e-05, 2.598063132136007e-05
746, 5.890486225480862e+00, 3.534291735288517e+00, 7.853981633974483e-01, -7.158934552494866e-06, 2.872978111562526e-05, -4.007830515796335e-06, 1.431232869721821e-05
747, 6.283185307179586e+00, 3.534291735288517e+00, 7.853981633974483e-01, -1.406449687844636e-04, -1.377731514999886e-10, 2.714633268021675e-05, 2.510404343804872e-06
748, 0.000000000000000e+00, 3.926990816987241e+00, 7.853981633974483e-01, -1.069731179944454e-04, -1.144531960923998e-10, -3.242011295108470e-05, -1.103575320985936e-07
749, 3.926990816987241e-01, 3.926990816987241e+00, 7.853981633974483e-01, 1.054341453151334e-04, 8.437922025294324e-05, -4.582622511383562e-06, 2.113137286466770e-05
750, 7.853981633974483e-01, 3.926990816987241e+00, 7.853981633974483e-01, 3.111612184702057e-04, 4.689549278351437e-10, 2.518470389894507e-05, 4.150624672410341e-05
751, 1.178097245096172e+00, 3.926990816987241e+00, 7.853981633974483e-01, 1.054316574427572e-04, -8.437840158900842e-05, -4.582829903789474e-06, 2.113136222022167e-05
752, 1.570796326794897e+00, 3.926990816987241e+00, 7.853981633974483e-01, -1.069769526540984e-04, 4.995259406439380e-10, -3.242046461954907e-05, -1.103805529050918e-07
753, 1.963495408493621e+00, 3.926990816987241e+00, 7.853981633974483e-01, 1.054304016375967e-04, 8.437934903650647e-05, -4.583034473808572e-06, 2.113132663678750e-05
754, 2.356194490192345e+00, 3.926990816987241e+00, 7.853981633974483e-01, 3.111585763035140e-04, 3.150334291115675e-10, 2.518431337694425e-05, 4.150618412774484e-05
755, 2.748893571891069e+00, 3.926990816987241e+00, 7.853981633974483e-01, 1.054301293142958e-04, -8.437874203161547e-05, -4.583153052416993e-06, 2.113129669764896e-05
756, 3.141592653589793e+00, 3.926990816987241e+00, 7.853981633974483e-01, -1.069776841626515e-04, 3.662389359980401e-11, -3.242069777801600e-05, -1.104352813408156e-07
757, 3.534291735288517e+00, 3.926990816987241e+00, 7.853981633974483e-01, 1.054301368942450e-04, 8.437881296657904e-05, -4.583167250291683e-06, 2.113129295232825e-05
758, 3.926990816987241e+00, 3.926990816987241e+00, 7.853981633974483e-01, 3.111585652880446e-04, -2.511395061080476e-10, 2.518428526414836e-05, 4.150617718118152e-05
759, 4.319689898685965e+00, 3.926990816987241e+00, 7.853981633974483e-01, 1.054303212810399e-04, -8.437929737015888e-05, -4.583075700235528e-06, 2.113131757590377e-05
760, 4.712388980384690e+00, 3.926990816987241e+00, 7.853981633974483e-01, -1.069771698609603e-04, -4.665091335802798e-10, -3.242051710730154e-05, -1.103901028134526e-07
761, 5.105088062083414e+00, 3.926990816987241e+00, 7.853981633974483e-01, 1.054312426661815e-04, 8.437840673388079e-05, -4.582889703907974e-06, 2.113135417960978e-05
762, 5.497787143782138e+00, 3.926990816987241e+00, 7.853981633974483e-01, 3.111606094185515e-04, -5.069321862149840e-10, 2.518464473914817e-05, 4.150624180259523e-05
763, 5.890486225480862e+00, 3.926990816987241e+00, 7.853981633974483e-01, 1.054335329976928e-04, -8.437932883300169e-05, -4.582665864891862e-06, 2.113137082036497e-05
764, 6.283185307179586e+00, 3.926990816987241e+00, 7.853981633974483e-01, -1.069731179944454e-04, -1.144531960923998e-10, -3.242011295108470e-05, -1.103575320985936e-07
765, 0.000000000000000e+00, 4.319689898685965e+00, 7.853981633974483e-01, 3.504406985645875e-04, -7.783554212005707e-11, -1.191621649260410e-03, 3.030888222398572e-05
766, 3.926990816987241e-01, 4.319689898685965e+00, 7.853981633974483e-01, 2.790069346029764e-04, 1.657641686817036e-03, 5.263143401697261e-06, 3.252889083668722e-05
767, 7.853981633974483e-01, 4.319689898685965e+00, 7.853981633974483e-01, 2.059497074343749e-04, 3.371359572065901e-10, 1.199446140202473e-03, 3.409059249778052e-05
768, 1.178097245096172e+00, 4.319689898685965e+00, 7.853981633974483e-01, 2.790052346595644e-04, -1.657641094834308e-03, 5.262864641834890e-06, 3.252888911177919e-05
769, 1.570796326794897e+00, 4.319689898685965e+00, 7.853981633974483e-01, 3.504380412884927e-04, 3.767476734281467e-10, -1.191622122127477e-03, 3.030887542223431e-05
770, 1.963495408493621e+00, 4.319689898685965e+00, 7.853981633974483e-01, 2.790042627165792e-04, 1.657641806597288e-03, 5.262590083485795e-06, 3.252886902272316e-05
771, 2.356194490192345e+00, 4.319689898685965e+00, 7.853981633974483e-01, 2.059477118492528e-04, 2.449009911336623e-10, 1.199445616089244e-03, 3.409055800540960e-05
772, 2.748893571891069e+00, 4.319689898685965e+00, 7.853981633974483e-01, 2.790039742409552e-04, -1.657641337995340e-03, 5.262430692626889e-06, 3.252885023605593e-05
773, 3.141592653589793e+00, 4.319689898685965e+00, 7.853981633974483e-01, 3.504373573505541e-04, 2.821513970477637e-11, -1.191622435549402e-03, 3.030884167164817e-05
774, 3.534291735288517e+00, 4.319689898685965e+00, 7.853981633974483e-01, 2.790039739164795e-04, 1.657641392278028e-03, 5.262411496704474e-06, 3.252884791336819e-05
775, 3.926990816987241e+00, 4.319689898685965e+00, 7.853981633974483e-01, 2.059476948331201e-04, -1.970979229866820e-10, 1.199445578151082e-03, 3.409055379191449e-05
776, 4.319689898685965e+00, 4.319689898685965e+00, 7.853981633974483e-01, 2.790041973521247e-04, -1.657641769701803e-03, 5.262534523785780e-06, 3.252886374027303e-05
777, 4.712388980384690e+00, 4.319689898685965e+00, 7.853981633974483e-01, 3.504378862679640e-04, -3.555344871297347e-10, -1.191622192814858e-03, 3.030887022711476e-05
778, 5.105088062083414e+00, 4.319689898685965e+00, 7.853981633974483e-01, 2.790049544959300e-04, 1.657641094393086e-03, 5.262784107494001e-06, 3.252888531264539e-05
779, 5.497787143782138e+00, 4.319689898685965e+00, 7.853981633974483e-01, 2.059493077896116e-04, -3.684144703958511e-10, 1.199446060420464e-03, 3.409059094009173e-05
780, 5.890486225480862e+00, 4.319689898685965e+00, 7.853981633974483e-01, 2.790065392157235e-04, -1.657641765365878e-03, 5.263084795013345e-06, 3.252889084056905e-05
781, 6.283185307179586e+00, 4.319689898685965e+00, 7.853981633974483e-01, 3.504406985645875e-04, -7.783554212005707e-11, -1.191621649260410e-03, 3.030888222398572e-05
782, 0.000000000000000e+00, 4.712388980384690e+00, 7.853981633974483e-01, 1.466353355967178e-03, -3.335608051075550e-11, -8.089745678171016e-03, 1.191320363122568e-04
783, 3.926990816987241e-01, 4.712388980384690e+00, 7.853981633974483e-01, 4.421550816622599e-04, 7.815913878030850e-03, 4.333427280820374e-05, 4.277002197382112e-05
784, 7.853981633974483e-01, 4.712388980384690e+00, 7.853981633974483e-01, -4.696167762591347e-04, 1.782488724806982e-10, 8.121059585316389e-03, -1.842192626448494e-05
785, 1.178097245096172e+00, 4.712388980384690e+00, 7.853981633974483e-01, 4.421543118037961e-04, -7.815913559594236e-03, 4.333396575611706e-05, 4.277003097941493e-05
786, 1.570796326794897e+00, 4.712388980384690e+00, 7.853981633974483e-01, 1.466352082852915e-03, 2.285012142752464e-10, -8.089746200642210e-03, 1.191320490355442e-04
787, 1.963495408493621e+00, 4.712388980384690e+00, 7.853981633974483e-01, 4.421536543780429e-04, 7.815913987102909e-03, 4.333366202175109e-05, 4.277002961611286e-05
788, 2.356194490192345e+00, 4.712388980384690e+00, 7.853981633974483e-01, -4.696180426878477e-04, 1.600809284851549e-10, 8.121059006821238e-03, -1.842192682135690e-05
789, 2.748893571891069e+00, 4.712388980384690e+00, 7.853981633974483e-01, 4.421533298068824e-04, -7.815913685982501e-03, 4.333348509907674e-05, 4.277002428149190e-05
790, 3.141592653589793e+00, 4.712388980384690e+00, 7.853981633974483e-01, 1.466351423501597e-03, 1.794592679880454e-11, -8.089746548950267e-03, 1.191320406070718e-04
791, 3.534291735288517e+00, 4.712388980384690e+00, 7.853981633974483e-01, 4.421533184148192e-04, 7.815913720002267e-03, 4.333346356886870e-05, 4.277002368943724e-05
792, 3.926990816987241e+00, 4.712388980384690e+00, 7.853981633974483e-01, -4.696180700662730e-04, -1.317327971874013e-10, 8.121058964469043e-03, -1.842192772043739e-05
793, 4.319689898685965e+00, 4.712388980384690e+00, 7.853981633974483e-01, 4.421536022741232e-04, -7.815913967979581e-03, 4.333360015950413e-05, 4.277002890017416e-05
794, 4.712388980384690e+00, 4.712388980384690e+00, 7.853981633974483e-01, 1.466351996711778e-03, -2.214426494434918e-10, -8.089746279172328e-03, 1.191320490991176e-04
795, 5.105088062083414e+00, 4.712388980384690e+00, 7.853981633974483e-01, 4.421541879091149e-04, 7.815913552392780e-03, 4.333387659677410e-05, 4.277003232050880e-05
796, 5.497787143782138e+00, 4.712388980384690e+00, 7.853981633974483e-01, -4.696169273805825e-04, -2.016566305388194e-10, 8.121059497016537e-03, -1.842192370133462e-05
797, 5.890486225480862e+00, 4.712388980384690e+00, 7.853981633974483e-01, 4.421549471445734e-04, -7.815913920294276e-03, 4.333420756781858e-05, 4.277002453553538e-05
798, 6.283185307179586e+00, 4.712388980384690e+00, 7.853981633974483e-01, 1.466353355967178e-03, -3.335608051075550e-11, -8.089745678171016e-03, 1.191320363122568e-04
799, 0.000000000000000e+00, 5.105088062083414e+00, 7.853981633974483e-01, 2.836629983953520e-03, 1.167610183267787e-11, -2.909535309676891e-02, 2.369369026148696e-04
800, 3.926990816987241e-01, 5.105088062083414e+00, 7.853981633974483e-01, 4.226726557743476e-04, 1.908849984253597e-02, 1.431277043077798e-04, 3.229165432852528e-05
801, 7.853981633974483e-01, 5.105088062083414e+00, 7.853981633974483e-01, -1.493424412543760e-03, 1.677460776266610e-11, 2.913843716454240e-02, -9.735360992896960e-05
802, 1.178097245096172e+00, 5.105088062083414e+00, 7.853981633974483e-01, 4.226728051697063e-04, -1.908849980192049e-02, 1.431274173939289e-04, 3.229167416307903e-05
803, 1.570796326794897e+00, 5.105088062083414e+00, 7.853981633974483e-01, 2.836630078079654e-03, 7.703337389325557e-11, -2.909535358734967e-02, 2.369369351052132e-04
804, 1.963495408493621e+00, 5.105088062083414e+00, 7.853981633974483e-01, 4.226724495683993e-04, 1.908849993922062e-02, 1.431271299617026e-04, 3.229169209784863e-05
805, 2.356194490192345e+00, 5.105088062083414e+00, 7.853981633974483e-01, -1.493424975588524e-03, 7.274834304710685e-11, 2.913843661934027e-02, -9.735357566388081e-05
806, 2.748893571891069e+00, 5.105088062083414e+00, 7.853981633974483e-01, 4.226720784329627e-04, -1.908849981033331e-02, 1.431269609805816e-04, 3.229170047981929e-05
807, 3.141592653589793e+00, 5.105088062083414e+00, 7.853981633974483e-01, 2.836629424787108e-03, 7.258145000756624e-12, -2.909535392044271e-02, 2.369369525956234e-04
808, 3.534291735288517e+00, 5.105088062083414e+00, 7.853981633974483e-01, 4.226720558360853e-04, 1.908849982332762e-02, 1.431269401566451e-04, 3.229170169188731e-05
809, 3.926990816987241e+00, 5.105088062083414e+00, 7.853981633974483e-01, -1.493425013892716e-03, -6.441488785067762e-11, 2.913843657861074e-02, -9.735357313310237e-05
810, 4.319689898685965e+00, 5.105088062083414e+00, 7.853981633974483e-01, 4.226724092504611e-04, -1.908849993812555e-02, 1.431270706163513e-04, 3.229169606336335e-05
811, 4.712388980384690e+00, 5.105088062083414e+00, 7.853981633974483e-01, 2.836630058619438e-03, -8.405164720472795e-11, -2.909535366230271e-02, 2.369369405334958e-04
812, 5.105088062083414e+00, 5.105088062083414e+00, 7.853981633974483e-01, 4.226728357089286e-04, 1.908849978809127e-02, 1.431273332315631e-04, 3.229168075836873e-05
813, 5.497787143782138e+00, 5.105088062083414e+00, 7.853981633974483e-01, -1.493424314438440e-03, -3.247326559760864e-11, 2.913843708170817e-02, -9.735360308682152e-05
814, 5.890486225480862e+00, 5.105088062083414e+00, 7.853981633974483e-01, 4.226727871412866e-04, -1.908849984793209e-02, 1.431276426173020e-04, 3.229165967006570e-05
815, 6.283185307179586e+00, 5.105088062083414e+00, 7.853981633974483e-01, 2.836629983953520e-03, 1.167610183267787e-11, -2.909535309676891e-02, 2.369369026148696e-04
816, 0.000000000000000e+00, 5.497787143782138e+00, 7.853981633974483e-01, 3.250688665819209e-03, 4.964966197627185e-11, -6.697625379476786e-02, 2.612394625912481e-04
817, 3.926990816987241e-01, 5.497787143782138e+00, 7.853981633974483e-01, 5.779900811494467e-05, 2.744816373218526e-02, 2.926039736819258e-04, -2.237571629449042e-05
818, 7.853981633974483e-01, 5.497787143782138e+00, 7.853981633974483e-01, -2.346425407734146e-03, -1.207470640661760e-10, 6.704118846399847e-02, -1.813633518409897e-04
819, 1.178097245096172e+00, 5.497787143782138e+00, 7.853981633974483e-01, 5.779989778972858e-05, -2.744816392853070e-02, 2.926037521159333e-04, -2.237568741359430e-05
820, 1.570796326794897e+00, 5.497787143782138e+00, 7.853981633974483e-01, 3.250689866411718e-03, -5.493324579510172e-11, -6.697625417228829e-02, 2.612395117443884e-04
821, 1.963495408493621e+00, 5.497787143782138e+00, 7.853981633974483e-01, 5.779979121674308e-05, 2.744816381315643e-02, 2.926035251497773e-04, -2.237565267447829e-05
822, 2.356194490192345e+00, 5.497787143782138e+00, 7.853981633974483e-01, -2.346425399730483e-03, -4.730765853315396e-12, 6.704118803358718e-02, -1.813632874172411e-04
823, 2.748893571891069e+00, 5.497787143782138e+00, 7.853981633974483e-01, 5.779937840398538e-05, -2.744816383627724e-02, 2.926033879353964e-04, -2.237563234909048e-05
824, 3.141592653589793e+00, 5.497787143782138e+00, 7.853981633974483e-01, 3.250689215406486e-03, -2.273699733323917e-12, -6.697625444140745e-02, 2.612395518640152e-04
825, 3.534291735288517e+00, 5.497787143782138e+00, 7.853981633974483e-01, 5.779934744919301e-05, 2.744816383049094e-02, 2.926033709914189e-04, -2.237562953380594e-05
826, 3.926990816987241e+00, 5.497787143782138e+00, 7.853981633974483e-01, -2.346425445346946e-03, -4.705169619883276e-12, 6.704118800040930e-02, -1.813632818582779e-04
827, 4.319689898685965e+00, 5.497787143782138e+00, 7.853981633974483e-01, 5.779976301151762e-05, -2.744816382769323e-02, 2.926034767669320e-04, -2.237564461537255e-05
828, 4.712388980384690e+00, 5.497787143782138e+00, 7.853981633974483e-01, 3.250689904734578e-03, 3.626731243118019e-11, -6.697625423276964e-02, 2.612395218220921e-04
829, 5.105088062083414e+00, 5.497787143782138e+00, 7.853981633974483e-01, 5.780005754608991e-05, 2.744816390990424e-02, 2.926036857811528e-04, -2.237567631557911e-05
830, 5.497787143782138e+00, 5.497787143782138e+00, 7.853981633974483e-01, -2.346425103545091e-03, 1.122533181171648e-10, 6.704118840012394e-02, -1.813633413521913e-04
831, 5.890486225480862e+00, 5.497787143782138e+00, 7.853981633974483e-01, 5.779936141406866e-05, -2.744816370616479e-02, 2.926039266406419e-04, -2.237570852117706e-05
832, 6.283185307179586e+00, 5.497787143782138e+00, 7.853981633974483e-01, 3.250688665819209e-03, 4.964966197627185e-11, -6.697625379476786e-02, 2.612394625912481e-04
833, 0.000000000000000e+00, 5.890486225480862e+00, 7.853981633974483e-01, 1.669152992894254e-03, 7.432808247576625e-11, -1.076560076469705e-01, 7.776488474627778e-05
834, 3.926990816987241e-01, 5.890486225480862e+00, 7.853981633974483e-01, -5.122363164024308e-04, 2.124403007930020e-02, 2.966158388425203e-04, -1.056467037018174e-04
835, 7.853981633974483e-01, 5.890486225480862e+00, 7.853981633974483e-01, -2.507553457372668e-03, -2.100137112043120e-10, 1.077389342302541e-01, -2.551312662936874e-04
836, 1.178097245096172e+00, 5.890486225480862e+00, 7.853981633974483e-01, -5.122350094528662e-04, -2.124403043183794e-02, 2.966157156641811e-04, -1.056466692087815e-04
837, 1.570796326794897e+00, 5.890486225480862e+00, 7.853981633974483e-01, 1.669154819687051e-03, -1.480767992671466e-10, -1.076560078435095e-01, 7.776494461133664e-05
838, 1.963495408493621e+00, 5.890486225480862e+00, 7.853981633974483e-01, -5.122349519255032e-04, 2.124403013937711e-02, 2.966155847376176e-04, -1.056466232564819e-04
839, 2.356194490192345e+00, 5.890486225480862e+00, 7.853981633974483e-01, -2.507553093201190e-03, -6.084390637844617e-11, 1.077389339774308e-01, -2.551311817483269e-04
840, 2.748893571891069e+00, 5.890486225480862e+00, 7.853981633974483e-01, -5.122353862412243e-04, -2.124403027171933e-02, 2.966154998455296e-04, -1.056465944671852e-04
841, 3.141592653589793e+00, 5.890486225480862e+00, 7.853981633974483e-01, 1.669154182402129e-03, -9.145003815435770e-12, -1.076560080063159e-01, 7.776500062855079e-05
842, 3.534291735288517e+00, 5.890486225480862e+00, 7.853981633974483e-01, -5.122354213830222e-04, 2.124403025231786e-02, 2.966154896578526e-04, -1.056465905399905e-04
843, 3.926990816987241e+00, 5.890486225480862e+00, 7.853981633974483e-01, -2.507553140610162e-03, 3.848536961291842e-11, 1.077389339570606e-01, -2.551311740799590e-04
844, 4.319689898685965e+00, 5.890486225480862e+00, 7.853981633974483e-01, -5.122349667121762e-04, -2.124403016508986e-02, 2.966155547457141e-04, -1.056466123277067e-04
845, 4.712388980384690e+00, 5.890486225480862e+00, 7.853981633974483e-01, 1.669154902525657e-03, 1.216339590080052e-10, -1.076560078803209e-01, 7.776495791862117e-05
846, 5.105088062083414e+00, 5.890486225480862e+00, 7.853981633974483e-01, -5.122347630594046e-04, 2.124403041158814e-02, 2.966156767892385e-04, -1.056466551322640e-04
847, 5.497787143782138e+00, 5.890486225480862e+00, 7.853981633974483e-01, -2.507553029036319e-03, 2.095904778448801e-10, 1.077389341948110e-01, -2.551312536256214e-04
848, 5.890486225480862e+00, 5.890486225480862e+00, 7.853981633974483e-01, -5.122358402628996e-04, -2.124403003245143e-02, 2.966158168845525e-04, -1.056466947357006e-04
849, 6.283185307179586e+00, 5.890486225480862e+00, 7.853981633974483e-01, 1.669152992894254e-03, 7.432808247576625e-11, -1.076560076469705e-01, 7.776488474627778e-05
850, 0.000000000000000e+00, 6.283185307179586e+00, 7.853981633974483e-01, -1.040572728969942e-03, 7.226370146488148e-11, -1.258760260148562e-01, -1.823297858529656e-04
851, 3.926990816987241e-01, 6.283185307179586e+00, 7.853981633974483e-01, -8.098591277993222e-04, -1.630425233570581e-10, 2.259922838041219e-10, -1.491025753552849e-04
852, 7.853981633974483e-01, 6.283185307179586e+00, 7.853981633974483e-01, -1.040571610215930e-03, -2.399869148153199e-10, 1.258760264372670e-01, -1.823297682557723e-04
853, 1.178097245096172e+00, 6.283185307179586e+00, 7.853981633974483e-01, -8.098577693935237e-04, -2.308773171987704e-10, 2.004141951438555e-10, -1.491025396002112e-04
854, 1.570796326794897e+00, 6.283185307179586e+00, 7.853981633974483e-01, -1.040570868306165e-03, -1.884721407089766e-10, -1.258760260279235e-01, -1.823297237357361e-04
855, 1.963495408493621e+00, 6.283185307179586e+00, 7.853981633974483e-01, -8.098576580819483e-04, -1.371864176356295e-10, 1.915563508268494e-10, -1.491024897511711e-04
856, 2.356194490192345e+00, 6.283185307179586e+00, 7.853981633974483e-01, -1.040571145696390e-03, -8.600884570823343e-11, 1.258760264068528e-01, -1.823296766846070e-04
857, 2.748893571891069e+00, 6.283185307179586e+00, 7.853981633974483e-01, -8.098580985283425e-04, -4.372667281754122e-11, 1.790276632933610e-10, -1.491024572262631e-04
858, 3.141592653589793e+00, 6.283185307179586e+00, 7.853981633974483e-01, -1.040571496778782e-03, -1.217619329622091e-11, -1.258760260477006e-01, -1.823296609564592e-04
859, 3.534291735288517e+00, 6.283185307179586e+00, 7.853981633974483e-01, -8.098581350387145e-04, 1.826328785032669e-11, 1.779988057911938e-10, -1.491024528632340e-04
860, 3.926990816987241e+00, 6.283185307179586e+00, 7.853981633974483e-01, -1.040571192785926e-03, 5.779251470574526e-11, 1.258760264042111e-01, -1.823296681691180e-04
861, 4.319689898685965e+00, 6.283185307179586e+00, 7.853981633974483e-01, -8.098576643815840e-04, 1.063101110431118e-10, 1.869826040676576e-10, -1.491024776100526e-04
862, 4.712388980384690e+00, 6.283185307179586e+00, 7.853981633974483e-01, -1.040570763306455e-03, 1.585505857596213e-10, -1.258760260325910e-01, -1.823297090727908e-04
863, 5.105088062083414e+00, 6.283185307179586e+00, 7.853981633974483e-01, -8.098574885649318e-04, 2.110931098313029e-10, 1.964283868079175e-10, -1.491025244652553e-04
864, 5.497787143782138e+00, 6.283185307179586e+00, 7.853981633974483e-01, -1.040571150308860e-03, 2.484611205121346e-10, 1.258760264326469e-01, -1.823297552060181e-04
865, 5.890486225480862e+00, 6.283185307179586e+00, 7.853981633974483e-01, -8.098586593855655e-04, 2.287831407027922e-10, 2.227994930303523e-10, -1.491025669752574e-04
866, 6.283185307179586e+00, 6.283185307179586e+00, 7.853981633974483e-01, -1.040572728969942e-03, 7.226370146488148e-11, -1.258760260148562e-01, -1.823297858529656e-04
867, 0.000000000000000e+00, 0.000000000000000e+00, 1.178097245096172e+00, -3.794106837725293e-04, 6.464563856763214e-11, -5.415502676789644e-02, -1.300294435180822e-04
868, 3.926990816987241e-01, 0.000000000000000e+00, 1.178097245096172e+00, -3.333011190025671e-04, -1.478929181607743e-10, 2.042144954923148e-10, -1.183996246770351e-04
869, 7.853981633974483e-01, 0.000000000000000e+00, 1.178097245096172e+00, -3.794096753105145e-04, -2.148823598469567e-10, 5.415502715676173e-02, -1.300294091223527e-04
870, 1.178097245096172e+00, 0.000000000000000e+00, 1.178097245096172e+00, -3.332999077018293e-04, -2.027154232500660e-10, 1.871059117040538e-10, -1.183995677858264e-04
871, 1.570796326794897e+00, 0.000000000000000e+00, 1.178097245096172e+00, -3.794090397988054e-04, -1.596523678685663e-10, -5.415502677942255e-02, -1.300293466390296e-04
872, 1.963495408493621e+00, 0.000000000000000e+00, 1.178097245096172e+00, -3.332998868163669e-04, -1.113691964444767e-10, 1.744461233148852e-10, -1.183995058789340e-04
873, 2.356194490192345e+00, 0.000000000000000e+00, 1.178097245096172e+00, -3.794093923791787e-04, -6.812229899298928e-11, 5.415502712830196e-02, -1.300292921860884e-04
874, 2.748893571891069e+00, 0.000000000000000e+00, 1.178097245096172e+00, -3.333003494247258e-04, -3.464894807557402e-11, 1.642309872653853e-10, -1.183994677398432e-04
875, 3.141592653589793e+00, 0.000000000000000e+00, 1.178097245096172e+00, -3.794097281222725e-04, -9.787348697486195e-12, -5.415502679795030e-02, -1.300292723879126e-04
876, 3.534291735288517e+00, 0.000000000000000e+00, 1.178097245096172e+00, -3.333003907394076e-04, 1.387453159397901e-11, 1.630856898791555e-10, -1.183994626542783e-04
877, 3.926990816987241e+00, 0.000000000000000e+00, 1.178097245096172e+00, -3.794094508718262e-04, 4.426215650354804e-11, 5.415502712584360e-02, -1.300292822106651e-04
878, 4.319689898685965e+00, 0.000000000000000e+00, 1.178097245096172e+00, -3.332999142557543e-04, 8.414114103094651e-11, 1.705611209445701e-10, -1.183994914850697e-04
879, 4.712388980384690e+00, 0.000000000000000e+00, 1.178097245096172e+00, -3.794089689896576e-04, 1.320013331729967e-10, -5.415502678395386e-02, -1.300293287512539e-04
880, 5.105088062083414e+00, 0.000000000000000e+00, 1.178097245096172e+00, -3.332996746077055e-04, 1.831216789868443e-10, 1.825703948739869e-10, -1.183995480601201e-04
881, 5.497787143782138e+00, 0.000000000000000e+00, 1.178097245096172e+00, -3.794092734085932e-04, 2.207541228506810e-10, 5.415502715209850e-02, -1.300293901198990e-04
882, 5.890486225480862e+00, 0.000000000000000e+00, 1.178097245096172e+00, -3.333007030461248e-04, 2.062504087061015e-10, 2.008598091962164e-10, -1.183996110058644e-04
883, 6.283185307179586e+00, 0.000000000000000e+00, 1.178097245096172e+00, -3.794106837725293e-04, 6.464563856763214e-11, -5.415502676789644e-02, -1.300294435180822e-04
884, 0.000000000000000e+00, 3.926990816987241e-01, 1.178097245096172e+00, -1.156613093241060e-03, 7.212681800311848e-11, -4.644564342567056e-02, -2.061780020022273e-04
885, 3.926990816987241e-01, 3.926990816987241e-01, 1.178097245096172e+00, -1.925135731263081e-04, -9.156500913282333e-03, -1.022594840742515e-04, -8.630980229422273e-05
886, 7.853981633974483e-01, 3.926990816987241e-01, 1.178097245096172e+00, 8.109590150960397e-04, -1.958033537272507e-10, 4.633437432861478e-02, 4.606317576079798e-05
887, 1.178097245096172e+00, 3.926990816987241e-01, 1.178097245096172e+00, -1.925124584710909e-04, 9.156500586466861e-03, -1.022594018063982e-04, -8.630974759031473e-05
888, 1.570796326794897e+00, 3.926990816987241e-01, 1.178097245096172e+00, -1.156611606951519e-03, -1.349059885721432e-10, -4.644564328546723e-02, -2.061779074636304e-04
889, 1.963495408493621e+00, 3.926990816987241e-01, 1.178097245096172e+00, -1.925125564039401e-04, -9.156500854653875e-03, -1.022592948758751e-04, -8.630969037523212e-05
890, 2.356194490192345e+00, 3.926990816987241e-01, 1.178097245096172e+00, 8.109590798923584e-04, -5.393123835118264e-11, 4.633437452489282e-02, 4.606328460224131e-05
891, 2.748893571891069e+00, 3.926990816987241e-01, 1.178097245096172e+00, -1.925130621199395e-04, 9.156500736935759e-03, -1.022592319841300e-04, -8.630965508166107e-05
892, 3.141592653589793e+00, 3.926990816987241e-01, 1.178097245096172e+00, -1.156612393310869e-03, -8.013951333806135e-12, -4.644564316177800e-02, -2.061778389612452e-04
893, 3.534291735288517e+00, 3.926990816987241e-01, 1.178097245096172e+00, -1.925131084485590e-04, -9.156500754262961e-03, -1.022592241369769e-04, -8.630965038181252e-05
894, 3.926990816987241e+00, 3.926990816987241e-01, 1.178097245096172e+00, 8.109590102774033e-04, 3.331620673876232e-11, 4.633437454022963e-02, 4.606329387458036e-05
895, 4.319689898685965e+00, 3.926990816987241e-01, 1.178097245096172e+00, -1.925126035015774e-04, 9.156500830330127e-03, -1.022592728507700e-04, -8.630967698280662e-05
896, 4.712388980384690e+00, 3.926990816987241e-01, 1.178097245096172e+00, -1.156611567072104e-03, 1.092459874568108e-10, -4.644564325785031e-02, -2.061778908410703e-04
897, 5.105088062083414e+00, 3.926990816987241e-01, 1.178097245096172e+00, -1.925122657515975e-04, -9.156500606311018e-03, -1.022593713653228e-04, -8.630972921244245e-05
898, 5.497787143782138e+00, 3.926990816987241e-01, 1.178097245096172e+00, 8.109593829935284e-04, 1.959174793626081e-10, 4.633437435535751e-02, 4.606319364349844e-05
899, 5.890486225480862e+00, 3.926990816987241e-01, 1.178097245096172e+00, -1.925131529392002e-04, 9.156500957679505e-03, -1.022594698825588e-04, -8.630978899504854e-05
900, 6.283185307179586e+00, 3.926990816987241e-01, 1.178097245096172e+00, -1.156613093241060e-03, 7.212681800311848e-11, -4.644564342567056e-02, -2.061780020022273e-04
901, 0.000000000000000e+00, 7.853981633974483e-01, 1.178097245096172e+00, -1.181739161279710e-03, 5.170828072864512e-11, -2.895031280833198e-02, -1.704440756532025e-04
902, 3.926990816987241e-01, 7.853981633974483e-01, 1.178097245096172e+00, 8.900782327772545e-05, -1.183535205973445e-02, -1.202434141028534e-04, -2.213825972461195e-05
903, 7.853981633974483e-01, 7.853981633974483e-01, 1.178097245096172e+00, 1.527220835971457e-03, -1.216231277684723e-10, 2.880657408266262e-02, 1.721684081543986e-04
904, 1.178097245096172e+00, 7.853981633974483e-01, 1.178097245096172e+00, 8.900852648421243e-05, 1.183535186060574e-02, -1.202432287656036e-04, -2.213821376654146e-05
905, 1.570796326794897e+00, 7.853981633974483e-01, 1.178097245096172e+00, -1.181738279074093e-03, -5.682207153169378e-11, -2.895031249001690e-02, -1.704439969787479e-04
906, 1.963495408493621e+00, 7.853981633974483e-01, 1.178097245096172e+00, 8.900821089085732e-05, -1.183535198133037e-02, -1.202430302100533e-04, -2.213816889420955e-05
907, 2.356194490192345e+00, 7.853981633974483e-01, 1.178097245096172e+00, 1.527220449136183e-03, -8.050688113379099e-12, 2.880657445835979e-02, 1.721684940420399e-04
908, 2.748893571891069e+00, 7.853981633974483e-01, 1.178097245096172e+00, 8.900767304217146e-05, 1.183535195378554e-02, -1.202429118387697e-04, -2.213814218521301e-05
909, 3.141592653589793e+00, 7.853981633974483e-01, 1.178097245096172e+00, -1.181739171408532e-03, -2.406979118960252e-12, -2.895031225920947e-02, -1.704439446521145e-04
910, 3.534291735288517e+00, 7.853981633974483e-01, 1.178097245096172e+00, 8.900762455194256e-05, -1.183535196005433e-02, -1.202428973808147e-04, -2.213813860377068e-05
911, 3.926990816987241e+00, 7.853981633974483e-01, 1.178097245096172e+00, 1.527220369671390e-03, -2.041460041538117e-12, 2.880657448692302e-02, 1.721685011568050e-04
912, 4.319689898685965e+00, 7.853981633974483e-01, 1.178097245096172e+00, 8.900813650767169e-05, 1.183535196631109e-02, -1.202429888812107e-04, -2.213815846818720e-05
913, 4.712388980384690e+00, 7.853981633974483e-01, 1.178097245096172e+00, -1.181738295917035e-03, 3.778359311092797e-11, -2.895031243826374e-02, -1.704439838248021e-04
914, 5.105088062083414e+00, 7.853981633974483e-01, 1.178097245096172e+00, 8.900862531427665e-05, -1.183535187901848e-02, -1.202431709126042e-04, -2.213819896581081e-05
915, 5.497787143782138e+00, 7.853981633974483e-01, 1.178097245096172e+00, 1.527221080935998e-03, 1.150079866488367e-10, 2.880657413809227e-02, 1.721684228842210e-04
916, 5.890486225480862e+00, 7.853981633974483e-01, 1.178097245096172e+00, 8.900813030011521e-05, 1.183535208672898e-02, -1.202433748427393e-04, -2.213824848674254e-05
917, 6.283185307179586e+00, 7.853981633974483e-01, 1.178097245096172e+00, -1.181739161279710e-03, 5.170828072864512e-11, -2.895031280833198e-02, -1.704440756532025e-04
918, 0.000000000000000e+00, 1.178097245096172e+00, 1.178097245096172e+00, -7.274226678391702e-04, 1.686484184378887e-11, -1.260818607639328e-02, -9.223368972293128e-05
919, 3.926990816987241e-01, 1.178097245096172e+00, 1.178097245096172e+00, 2.795237369325214e-04, -8.234378773182753e-03, -8.206826926484774e-05, 2.414563857225027e-05
920, 7.853981633974483e-01, 1.178097245096172e+00, 1.178097245096172e+00, 1.394484676768035e-03, -3.924643429814357e-13, 1.249068816394583e-02, 1.687679751480962e-04
921, 1.178097245096172e+00, 1.178097245096172e+00, 1.178097245096172e+00, 2.795237470168692e-04, 8.234378784441819e-03, -8.206800882825867e-05, 2.414567041890748e-05
922, 1.570796326794897e+00, 1.178097245096172e+00, 1.178097245096172e+00, -7.274228220480643e-04, 6.052748784838465e-11, -1.260818563386370e-02, -9.223363642306716e-05
923, 1.963495408493621e+00, 1.178097245096172e+00, 1.178097245096172e+00, 2.795231733438900e-04, -8.234378680853189e-03, -8.206774914737169e-05, 2.414569772249659e-05
924, 2.356194490192345e+00, 1.178097245096172e+00, 1.178097245096172e+00, 1.394483708642918e-03, 6.059883248125331e-11, 1.249068866033611e-02, 1.687680279792832e-04
925, 2.748893571891069e+00, 1.178097245096172e+00, 1.178097245096172e+00, 2.795226446949242e-04, 8.234378788019154e-03, -8.206759596105660e-05, 2.414571194462012e-05
926, 3.141592653589793e+00, 1.178097245096172e+00, 1.178097245096172e+00, -7.274237673955229e-04, 5.905208084818274e-12, -1.260818533451114e-02, -9.223360756434620e-05
927, 3.534291735288517e+00, 1.178097245096172e+00, 1.178097245096172e+00, 2.795226012028814e-04, -8.234378777846186e-03, -8.206757740647960e-05, 2.414571392038149e-05
928, 3.926990816987241e+00, 1.178097245096172e+00, 1.178097245096172e+00, 1.394483630215020e-03, -5.496030013660186e-11, 1.249068869705925e-02, 1.687680319980886e-04
929, 4.319689898685965e+00, 1.178097245096172e+00, 1.178097245096172e+00, 2.795230790173869e-04, 8.234378679896617e-03, -8.206769567159189e-05, 2.414570385239222e-05
930, 4.712388980384690e+00, 1.178097245096172e+00, 1.178097245096172e+00, -7.274229021477159e-04, -6.890706040618952e-11, -1.260818556638483e-02, -9.223362829889284e-05
931, 5.105088062083414e+00, 1.178097245096172e+00, 1.178097245096172e+00, 2.795237188189969e-04, -8.234378798579961e-03, -8.206793236754505e-05, 2.414568005378263e-05
932, 5.497787143782138e+00, 1.178097245096172e+00, 1.178097245096172e+00, 1.394484729486818e-03, -1.339277480139943e-11, 1.249068823940448e-02, 1.687679852094988e-04
933, 5.890486225480862e+00, 1.178097245096172e+00, 1.178097245096172e+00, 2.795238454163039e-04, 8.234378772154766e-03, -8.206821396859279e-05, 2.414564651979857e-05
934, 6.283185307179586e+00, 1.178097245096172e+00, 1.178097245096172e+00, -7.274226678391702e-04, 1.686484184378887e-11, -1.260818607639328e-02, -9.223368972293128e-05
935, 0.000000000000000e+00, 1.570796326794897e+00, 1.178097245096172e+00, -1.688911550903406e-04, -2.530013320300952e-11, -3.533645989793024e-03, -1.308332051794573e-05
936, 3.926990816987241e-01, 1.570796326794897e+00, 1.178097245096172e+00, 2.977489624696359e-04, -3.372805903031186e-03, -4.209292130378124e-05, 3.811351665065498e-05
937, 7.853981633974483e-01, 1.570796326794897e+00, 1.178097245096172e+00, 7.898378275321614e-04, 1.493905236349720e-10, 3.460636891927315e-03, 9.529721250571781e-05
938, 1.178097245096172e+00, 1.570796326794897e+00, 1.178097245096172e+00, 2.977481175485520e-04, 3.372806172135958e-03, -4.209263000162221e-05, 3.811353150749787e-05
939, 1.570796326794897e+00, 1.570796326794897e+00, 1.178097245096172e+00, -1.688925809442019e-04, 1.994614659287135e-10, -3.533645497066194e-03, -1.308329746029640e-05
940, 1.963495408493621e+00, 1.570796326794897e+00, 1.178097245096172e+00, 2.977472758864615e-04, -3.372805801127027e-03, -4.209234660439266e-05, 3.811353844852263e-05
941, 2.356194490192345e+00, 1.570796326794897e+00, 1.178097245096172e+00, 7.898362266827996e-04, 1.408911396492517e-10, 3.460637434676892e-03, 9.529722699108768e-05
942, 2.748893571891069e+00, 1.570796326794897e+00, 1.178097245096172e+00, 2.977467987870163e-04, 3.372806066063695e-03, -4.209218198496785e-05, 3.811353843609073e-05
943, 3.141592653589793e+00, 1.570796326794897e+00, 1.178097245096172e+00, -1.688935171152808e-04, 1.557214170488561e-11, -3.533645173858273e-03, -1.308329548416981e-05
944, 3.534291735288517e+00, 1.570796326794897e+00, 1.178097245096172e+00, 2.977467669971628e-04, -3.372806036727276e-03, -4.209216211779188e-05, 3.811353857023246e-05
945, 3.926990816987241e+00, 1.570796326794897e+00, 1.178097245096172e+00, 7.898361605870453e-04, -1.168010499968318e-10, 3.460637474011854e-03, 9.529722747192161e-05
946, 4.319689898685965e+00, 1.570796326794897e+00, 1.178097245096172e+00, 2.977471725879320e-04, 3.372805816913828e-03, -4.209228902488054e-05, 3.811353966019152e-05
947, 4.712388980384690e+00, 1.570796326794897e+00, 1.178097245096172e+00, -1.688927214699393e-04, -1.945576932938933e-10, -3.533645423837418e-03, -1.308329512322164e-05
948, 5.105088062083414e+00, 1.570796326794897e+00, 1.178097245096172e+00, 2.977479477317667e-04, -3.372806179912825e-03, -4.209254633658084e-05, 3.811353513230206e-05
949, 5.497787143782138e+00, 1.570796326794897e+00, 1.178097245096172e+00, 7.898376516392877e-04, -1.706964912866940e-10, 3.460636975217396e-03, 9.529721701133725e-05
950, 5.890486225480862e+00, 1.570796326794897e+00, 1.178097245096172e+00, 2.977488289676459e-04, 3.372805867760824e-03, -4.209285993399440e-05, 3.811352053937712e-05
951, 6.283185307179586e+00, 1.570796326794897e+00, 1.178097245096172e+00, -1.688911550903406e-04, -2.530013320300952e-11, -3.533645989793024e-03, -1.308332051794573e-05
952, 0.000000000000000e+00, 1.963495408493621e+00, 1.178097245096172e+00, 1.661545012828371e-04, -6.788618548041392e-11, -5.352407700304324e-04, 3.424379927279285e-05
953, 3.926990816987241e-01, 1.963495408493621e+00, 1.178097245096172e+00, 2.077661742944578e-04, -7.142090130345712e-04, -1.699590795515028e-05, 3.354789430290135e-05
954, 7.853981633974483e-01, 1.963495408493621e+00, 1.178097245096172e+00, 2.491700014979130e-04, 3.032381196027074e-10, 5.019038829714905e-04, 3.262289912699426e-05
955, 1.178097245096172e+00, 1.963495408493621e+00, 1.178097245096172e+00, 2.077644630711401e-04, 7.142095456283570e-04, -1.699563322607487e-05, 3.354789199060572e-05
956, 1.570796326794897e+00, 1.963495408493621e+00, 1.178097245096172e+00, 1.661517948880312e-04, 3.397632228306983e-10, -5.352403058172014e-04, 3.424379192298017e-05
957, 1.963495408493621e+00, 1.963495408493621e+00, 1.178097245096172e+00, 2.077633748852174e-04, -7.142089040389755e-04, -1.699536789310075e-05, 3.354787859166980e-05
958, 2.356194490192345e+00, 1.963495408493621e+00, 1.178097245096172e+00, 2.491678026203455e-04, 2.208856583037068e-10, 5.019043909181327e-04, 3.262287537198605e-05
959, 2.748893571891069e+00, 1.963495408493621e+00, 1.178097245096172e+00, 2.077629768218137e-04, 7.142093266685983e-04, -1.699521558018187e-05, 3.354786468297127e-05
960, 3.141592653589793e+00, 1.963495408493621e+00, 1.178097245096172e+00, 1.661509153046025e-04, 2.517381985613579e-11, -5.352400056813430e-04, 3.424376750833909e-05
961, 3.534291735288517e+00, 1.963495408493621e+00, 1.178097245096172e+00, 2.077629607353419e-04, -7.142092782711218e-04, -1.699519725337277e-05, 3.354786300455623e-05
962, 3.926990816987241e+00, 1.963495408493621e+00, 1.178097245096172e+00, 2.491677563416617e-04, -1.783256717833495e-10, 5.019044272390886e-04, 3.262287237948508e-05
963, 4.319689898685965e+00, 1.963495408493621e+00, 1.178097245096172e+00, 2.077632721923003e-04, 7.142089368253386e-04, -1.699531451380831e-05, 3.354787497558837e-05
964, 4.712388980384690e+00, 1.963495408493621e+00, 1.178097245096172e+00, 1.661516030393895e-04, -3.210478307416570e-10, -5.352402375625086e-04, 3.424378854884935e-05
965, 5.105088062083414e+00, 1.963495408493621e+00, 1.178097245096172e+00, 2.077641572848137e-04, -7.142095464286891e-04, -1.699555491534460e-05, 3.354788960589771e-05
966, 5.497787143782138e+00, 1.963495408493621e+00, 1.178097245096172e+00, 2.491695980133402e-04, -3.318321338650811e-10, 5.019039611032673e-04, 3.262289797090300e-05
967, 5.890486225480862e+00, 1.963495408493621e+00, 1.178097245096172e+00, 2.077657971144931e-04, 7.142089428059243e-04, -1.699585035020814e-05, 3.354789395472877e-05
968, 6.283185307179586e+00, 1.963495408493621e+00, 1.178097245096172e+00, 1.661545012828371e-04, -6.788618548041392e-11, -5.352407700304324e-04, 3.424379927279285e-05
969, 0.000000000000000e+00, 2.356194490192345e+00, 1.178097245096172e+00, 1.955621167192894e-04, -1.045662625758613e-10, -1.782942138201616e-05, 4.062914124168430e-05
970, 3.926990816987241e-01, 2.356194490192345e+00, 1.178097245096172e+00, 9.697479284932863e-05, -3.412747448361708e-05, -4.756011604889817e-06, 2.489776782941216e-05
971, 7.853981633974483e-01, 2.356194490192345e+00, 1.178097245096172e+00, -3.213737638013813e-06, 4.364899813648868e-10, 7.913203814753952e-06, 8.795500645352772e-06
972, 1.178097245096172e+00, 2.356194490192345e+00, 1.178097245096172e+00, 9.697234662900521e-05, 3.412823502638083e-05, -4.755796171782033e-06, 2.489775077300369e-05
973, 1.570796326794897e+00, 2.356194490192345e+00, 1.178097245096172e+00, 1.955583295785391e-04, 4.606802979920806e-10, -1.782905749289464e-05, 4.062910784062872e-05
974, 1.963495408493621e+00, 2.356194490192345e+00, 1.178097245096172e+00, 9.697106754866266e-05, -3.412736031200442e-05, -4.755588680687383e-06, 2.489772003656780e-05
975, 2.356194490192345e+00, 2.356194490192345e+00, 1.178097245096172e+00, -3.216412413013636e-06, 2.890987281277411e-10, 7.913600896811532e-06, 8.795444308843890e-06
976, 2.748893571891069e+00, 2.356194490192345e+00, 1.178097245096172e+00, 9.697075664039868e-05, 3.412791782827952e-05, -4.755470430950167e-06, 2.489769444260323e-05
977, 3.141592653589793e+00, 2.356194490192345e+00, 1.178097245096172e+00, 1.955575333496252e-04, 3.334468638713232e-11, -1.782882400585513e-05, 4.062906116647139e-05
978, 3.534291735288517e+00, 2.356194490192345e+00, 1.178097245096172e+00, 9.697075687711010e-05, -3.412785319054287e-05, -4.755456239902972e-06, 2.489769123887402e-05
979, 3.926990816987241e+00, 2.356194490192345e+00, 1.178097245096172e+00, -3.216436412958311e-06, -2.307147812355743e-10, 7.913629065814403e-06, 8.795438392375188e-06
980, 4.319689898685965e+00, 2.356194490192345e+00, 1.178097245096172e+00, 9.697097220756352e-05, 3.412740781790491e-05, -4.755547164172751e-06, 2.489771234857955e-05
981, 4.712388980384690e+00, 2.356194490192345e+00, 1.178097245096172e+00, 1.955581007607096e-04, -4.298722924049417e-10, -1.782900423819021e-05, 4.062909962364002e-05
982, 5.105088062083414e+00, 2.356194490192345e+00, 1.178097245096172e+00, 9.697193013453262e-05, -3.412822963750157e-05, -4.755734939083311e-06, 2.489774324492658e-05
983, 5.497787143782138e+00, 2.356194490192345e+00, 1.178097245096172e+00, -3.214332241148563e-06, -4.713079205114590e-10, 7.913264950312521e-06, 8.795494591376324e-06
984, 5.890486225480862e+00, 2.356194490192345e+00, 1.178097245096172e+00, 9.697420881949057e-05, 3.412737403995770e-05, -4.755966542719289e-06, 2.489776378393488e-05
985, 6.283185307179586e+00, 2.356194490192345e+00, 1.178097245096172e+00, 1.955621167192894e-04, -1.045662625758613e-10, -1.782942138201616e-05, 4.062914124168430e-05
986, 0.000000000000000e+00, 2.748893571891069e+00, 1.178097245096172e+00, 8.217229768577737e-05, -1.299103221865127e-10, 1.373818463479752e-05, 2.777784833867544e-05
987, 3.926990816987241e-01, 2.748893571891069e+00, 1.178097245096172e+00, 1.719813959015849e-05, 1.399546911303784e-05, -5.318909694921481e-07, 1.861599282410447e-05
988, 7.853981633974483e-01, 2.748893571891069e+00, 1.178097245096172e+00, -4.814353337452519e-05, 5.285966928212536e-10, -1.493437479780801e-05, 9.390242549181272e-06
989, 1.178097245096172e+00, 2.748893571891069e+00, 1.178097245096172e+00, 1.719520439819199e-05, -1.399455102892721e-05, -5.317675312748953e-07, 1.861596568275499e-05
990, 1.570796326794897e+00, 2.748893571891069e+00, 1.178097245096172e+00, 8.216779724694870e-05, 5.440568996134208e-10, 1.373839301357645e-05, 2.777779714389345e-05
991, 1.963495408493621e+00, 2.748893571891069e+00, 1.178097245096172e+00, 1.719381841139086e-05, 1.399558643035772e-05, -5.316490671595185e-07, 1.861592316883425e-05
992, 2.356194490192345e+00, 2.748893571891069e+00, 1.178097245096172e+00, -4.814649047267060e-05, 3.357963593713587e-10, -1.493414806300492e-05, 9.390164066624225e-06
993, 2.748893571891069e+00, 2.748893571891069e+00, 1.178097245096172e+00, 1.719358563691423e-05, -1.399493637863814e-05, -5.315819356532963e-07, 1.861588968165037e-05
994, 3.141592653589793e+00, 2.748893571891069e+00, 1.178097245096172e+00, 8.216709237259907e-05, 3.893236558420008e-11, 1.373852575938395e-05, 2.777773541793594e-05
995, 3.534291735288517e+00, 2.748893571891069e+00, 1.178097245096172e+00, 1.719359960269063e-05, 1.399501213788465e-05, -5.315738792959304e-07, 1.861588545065571e-05
996, 3.926990816987241e+00, 2.748893571891069e+00, 1.178097245096172e+00, -4.814649448082439e-05, -2.665252340354803e-10, -1.493413204449459e-05, 9.390156176854708e-06
997, 4.319689898685965e+00, 2.748893571891069e+00, 1.178097245096172e+00, 1.719373433735583e-05, -1.399552872499255e-05, -5.316254033419066e-07, 1.861591272381777e-05
998, 4.712388980384690e+00, 2.748893571891069e+00, 1.178097245096172e+00, 8.216754989321788e-05, -5.048190917629691e-10, 1.373842344181144e-05, 2.777778563198573e-05
999, 5.105088062083414e+00, 2.748893571891069e+00, 1.178097245096172e+00, 1.719471837487998e-05, 1.399456075415926e-05, -5.317324773683548e-07, 1.861595463485002e-05
1000, 5.497787143782138e+00, 2.748893571891069e+00, 1.178097245096172e+00, -4.814425400430721e-05, -5.676983358702205e-10, -1.493433976041175e-05, 9.390233126729313e-06
1001, 5.890486225480862e+00, 2.748893571891069e+00, 1.178097245096172e+00, 1.719741658932231e-05, -1.399559043237675e-05, -5.318651332735980e-07, 1.861598623279099e-05
1002, 6.283185307179586e+00, 2.748893571891069e+00, 1.178097245096172e+00, 8.217229768577737e-05, -1.299103221865127e-10, 1.373818463479752e-05, 2.777784833867544e-05
1003, 0.000000000000000e+00, 3.141592653589793e+00, 1.178097245096172e+00, -1.099562310696329e-05, -1.401788898937314e-10, 1.122872092625272e-05, 1.644182315993943e-05
1004, 3.926990816987241e-01, 3.141592653589793e+00, 1.178097245096172e+00, -1.099583685066952e-05, 3.651680063551996e-10, -1.287119658739749e-10, 1.643694912692775e-05
1005, 7.853981633974483e-01, 3.141592653589793e+00, 1.178097245096172e+00, -1.099798149441890e-05, 5.656726079257240e-10, -1.122897464685977e-05, 1.644180675319639e-05
1006, 1.178097245096172e+00, 3.141592653589793e+00, 1.178097245096172e+00, -1.099894097261368e-05, 6.162713759785923e-10, -1.157986299741380e-10, 1.643691809970525e-05
1007, 1.570796326794897e+00, 3.141592653589793e+00, 1.178097245096172e+00, -1.100036156904662e-05, 5.773332098693444e-10, 1.122874250950876e-05, 1.644176511999415e-05
1008, 1.963495408493621e+00, 3.141592653589793e+00, 1.178097245096172e+00, -1.100033365959574e-05, 4.833042051838487e-10, -1.041448209229959e-10, 1.643687109316932e-05
1009, 2.356194490192345e+00, 3.141592653589793e+00, 1.178097245096172e+00, -1.100098470305531e-05, 3.542619908404756e-10, -1.122895219776778e-05, 1.644171981162165e-05
1010, 2.748893571891069e+00, 3.141592653589793e+00, 1.178097245096172e+00, -1.100051031743500e-05, 2.034294955406882e-10, -9.789078338912796e-11, 1.643683460302956e-05
1011, 3.141592653589793e+00, 3.141592653589793e+00, 1.178097245096172e+00, -1.100098275118099e-05, 4.115284427689687e-11, 1.122875505585127e-05, 1.644169766532916e-05
1012, 3.534291735288517e+00, 3.141592653589793e+00, 1.178097245096172e+00, -1.100048772122247e-05, -1.232417707601501e-10, -9.709882664314016e-11, 1.643682998028410e-05
1013, 3.926990816987241e+00, 3.141592653589793e+00, 1.178097245096172e+00, -1.100097475153673e-05, -2.806299642736654e-10, -1.122895060657807e-05, 1.644171116745773e-05
1014, 4.319689898685965e+00, 3.141592653589793e+00, 1.178097245096172e+00, -1.100040507102556e-05, -4.214770704666163e-10, -1.017544453915132e-10, 1.643685958973719e-05
1015, 4.712388980384690e+00, 3.141592653589793e+00, 1.178097245096172e+00, -1.100060694714784e-05, -5.346524700798097e-10, 1.122874564933228e-05, 1.644175233531183e-05
1016, 5.105088062083414e+00, 3.141592653589793e+00, 1.178097245096172e+00, -1.099944545422393e-05, -6.047377239116217e-10, -1.120967239411270e-10, 1.643690568151722e-05
1017, 5.497787143782138e+00, 3.141592653589793e+00, 1.178097245096172e+00, -1.099874473188675e-05, -6.064537036979128e-10, -1.122897086464697e-05, 1.644179600904439e-05
1018, 5.890486225480862e+00, 3.141592653589793e+00, 1.178097245096172e+00, -1.099661080384785e-05, -4.949025815908232e-10, -1.258725891747771e-10, 1.643694153116050e-05
1019, 6.283185307179586e+00, 3.141592653589793e+00, 1.178097245096172e+00, -1.099562310696329e-05, -1.401788898937314e-10, 1.122872092625272e-05, 1.644182315993943e-05
1020, 0.000000000000000e+00, 3.534291735288517e+00, 1.178097245096172e+00, -4.814161558908468e-05, -1.338835719539548e-10, 1.493420598117650e-05, 9.390277147955800e-06
1021, 3.926990816987241e-01, 3.534291735288517e+00, 1.178097245096172e+00, 1.719783635463802e-05, -1.399478019428181e-05, 5.316497359253889e-07, 1.861601318133068e-05
1022, 7.853981633974483e-01, 3.534291735288517e+00, 1.178097245096172e+00, 8.216977601422019e-05, 5.421529330115724e-10, -1.373849144405372e-05, 2.777785420160056e-05
1023, 1.178097245096172e+00, 3.534291735288517e+00, 1.178097245096172e+00, 1.719490875625248e-05, 1.399572129026820e-05, 5.315501481713467e-07, 1.861598509309205e-05
1024, 1.570796326794897e+00, 3.534291735288517e+00, 1.178097245096172e+00, -4.814608097966515e-05, 5.555074044943432e-10, 1.493403748481097e-05, 9.390224291941965e-06
1025, 1.963495408493621e+00, 3.534291735288517e+00, 1.178097245096172e+00, 1.719361078066954e-05, -1.399466365995970e-05, 5.314532498092082e-07, 1.861594154429649e-05
1026, 2.356194490192345e+00, 3.534291735288517e+00, 1.178097245096172e+00, 8.216697023366453e-05, 3.418318126504223e-10, -1.373867664572609e-05, 2.777777376218423e-05
1027, 2.748893571891069e+00, 3.534291735288517e+00, 1.178097245096172e+00, 1.719345965946142e-05, 1.399532587105030e-05, 5.313977562417305e-07, 1.861590736903407e-05
1028, 3.141592653589793e+00, 3.534291735288517e+00, 1.178097245096172e+00, -4.814663895592422e-05, 3.969992351931416e-11, 1.493392806305327e-05, 9.390161246646477e-06
1029, 3.534291735288517e+00, 3.534291735288517e+00, 1.178097245096172e+00, 1.719348430560904e-05, -1.399524856897005e-05, 5.313911870292829e-07, 1.861590303978555e-05
1030, 3.926990816987241e+00, 3.534291735288517e+00, 1.178097245096172e+00, 8.216698573461816e-05, -2.710027272065200e-10, -1.373868968575571e-05, 2.777776568368981e-05
1031, 4.319689898685965e+00, 3.534291735288517e+00, 1.178097245096172e+00, 1.719355124565341e-05, 1.399472290229599e-05, 5.314340454479693e-07, 1.861593083136038e-05
1032, 4.712388980384690e+00, 3.534291735288517e+00, 1.178097245096172e+00, -4.814630439729482e-05, -5.149046834494791e-10, 1.493401289730834e-05, 9.390212447522454e-06
1033, 5.105088062083414e+00, 3.534291735288517e+00, 1.178097245096172e+00, 1.719443943244664e-05, -1.399571074657205e-05, 5.315219673631524e-07, 1.861597366792457e-05
1034, 5.497787143782138e+00, 3.534291735288517e+00, 1.178097245096172e+00, 8.216905963108606e-05, -5.817406378247195e-10, -1.373851945856668e-05, 2.777784438834417e-05
1035, 5.890486225480862e+00, 3.534291735288517e+00, 1.178097245096172e+00, 1.719710664841077e-05, 1.399465574964062e-05, 5.316291826037477e-07, 1.861600627092318e-05
1036, 6.283185307179586e+00, 3.534291735288517e+00, 1.178097245096172e+00, -4.814161558908468e-05, -1.338835719539548e-10, 1.493420598117650e-05, 9.390277147955800e-06
1037, 0.000000000000000e+00, 3.926990816987241e+00, 1.178097245096172e+00, -3.212441389261421e-06, -1.119462728294390e-10, -7.913267898758375e-06, 8.795547070532428e-06
1038, 3.926990816987241e-01, 3.926990816987241e+00, 1.178097245096172e+00, 9.697426257207004e-05, 3.412804526340708e-05, 4.755817142082388e-06, 2.489780592910056e-05
1039, 7.853981633974483e-01, 3.926990816987241e+00, 1.178097245096172e+00, 1.955597649995986e-04, 4.615237863223176e-10, 1.782910175565499e-05, 4.062917057991847e-05
1040, 1.178097245096172e+00, 3.926990816987241e+00, 1.178097245096172e+00, 9.697183147280073e-05, -3.412724222796102e-05, 4.755619857780951e-06, 2.489778723818731e-05
1041, 1.570796326794897e+00, 3.926990816987241e+00, 1.178097245096172e+00, -3.216162315290579e-06, 4.818643875426968e-10, -7.913601371176813e-06, 8.795510758478663e-06
1042, 1.963495408493621e+00, 3.926990816987241e+00, 1.178097245096172e+00, 9.697071533773263e-05, 3.412815808025340e-05, 4.755428978450595e-06, 2.489775460810574e-05
1043, 2.356194490192345e+00, 3.926990816987241e+00, 1.178097245096172e+00, 1.955573710137268e-04, 3.003511285075395e-10, 1.782873662707032e-05, 4.062911071235070e-05
1044, 2.748893571891069e+00, 3.926990816987241e+00, 1.178097245096172e+00, 9.697055555480186e-05, -3.412757794016266e-05, 4.755319917819351e-06, 2.489772774604068e-05
1045, 3.141592653589793e+00, 3.926990816987241e+00, 1.178097245096172e+00, -3.216686905594234e-06, 3.478697454627359e-11, -7.913816532584545e-06, 8.795461638532622e-06
1046, 3.534291735288517e+00, 3.926990816987241e+00, 1.178097245096172e+00, 9.697057536063556e-05, 3.412764546970155e-05, 4.755306935219893e-06, 2.489772435140681e-05
1047, 3.926990816987241e+00, 3.926990816987241e+00, 1.178097245096172e+00, 1.955573828462300e-04, -2.390668419153253e-10, 1.782871085507772e-05, 4.062910443773562e-05
1048, 4.319689898685965e+00, 3.926990816987241e+00, 1.178097245096172e+00, 9.697066517356418e-05, -3.412810773700456e-05, 4.755391009502934e-06, 2.489774642461638e-05
1049, 4.712388980384690e+00, 3.926990816987241e+00, 1.178097245096172e+00, -3.216346976087076e-06, -4.485508112718346e-10, -7.913650033845981e-06, 8.795501941844017e-06
1050, 5.105088062083414e+00, 3.926990816987241e+00, 1.178097245096172e+00, 9.697144583276502e-05, 3.412724912164509e-05, 4.755563977747781e-06, 2.489777904252190e-05
1051, 5.497787143782138e+00, 3.926990816987241e+00, 1.178097245096172e+00, 1.955591781434593e-04, -4.972300754547604e-10, 1.782904607586960e-05, 4.062916383088859e-05
1052, 5.890486225480862e+00, 3.926990816987241e+00, 1.178097245096172e+00, 9.697366584214652e-05, -3.412815149992966e-05, 4.755776210807898e-06, 2.489780129915375e-05
1053, 6.283185307179586e+00, 3.926990816987241e+00, 1.178097245096172e+00, -3.212441389261421e-06, -1.119462728294390e-10, -7.913267898758375e-06, 8.795547070532428e-06
1054, 0.000000000000000e+00, 4.319689898685965e+00, 1.178097245096172e+00, 2.491706166116176e-04, -7.753979362388902e-11, -5.019038364314580e-04, 3.262294952073192e-05
1055, 3.926990816987241e-01, 4.319689898685965e+00, 1.178097245096172e+00, 2.077655559108003e-04, 7.142094065384224e-04, 1.699578572637872e-05, 3.354794516376906e-05
1056, 7.853981633974483e-01, 4.319689898685965e+00, 1.178097245096172e+00, 1.661526572183675e-04, 3.359122718394927e-10, 5.352404818393417e-04, 3.424385011580631e-05
1057, 1.178097245096172e+00, 4.319689898685965e+00, 1.178097245096172e+00, 2.077638681314061e-04, -7.142088186254262e-04, 1.699552047507660e-05, 3.354794101963043e-05
1058, 1.570796326794897e+00, 4.319689898685965e+00, 1.178097245096172e+00, 2.491680014474388e-04, 3.674552328227629e-10, -5.019042847852253e-04, 3.262293879181077e-05
1059, 1.963495408493621e+00, 4.319689898685965e+00, 1.178097245096172e+00, 2.077629931991482e-04, 7.142095141525536e-04, 1.699526429279532e-05, 3.354792519840306e-05
1060, 2.356194490192345e+00, 4.319689898685965e+00, 1.178097245096172e+00, 1.661508277309611e-04, 2.359082578590474e-10, 5.352399916355260e-04, 3.424382195790947e-05
1061, 2.748893571891069e+00, 4.319689898685965e+00, 1.178097245096172e+00, 2.077627925996818e-04, -7.142090615401927e-04, 1.699511763065656e-05, 3.354790961857948e-05
1062, 3.141592653589793e+00, 4.319689898685965e+00, 1.178097245096172e+00, 2.491674762157288e-04, 2.710959658347118e-11, -5.019045740336060e-04, 3.262291113645520e-05
1063, 3.534291735288517e+00, 4.319689898685965e+00, 1.178097245096172e+00, 2.077628016246193e-04, 7.142091138174337e-04, 1.699510007375902e-05, 3.354790766931092e-05
1064, 3.926990816987241e+00, 4.319689898685965e+00, 1.178097245096172e+00, 1.661508276160110e-04, -1.894891206317251e-10, 5.352399568359180e-04, 3.424381847200074e-05
1065, 4.319689898685965e+00, 4.319689898685965e+00, 1.178097245096172e+00, 2.077629489212142e-04, -7.142094776613184e-04, 1.699521310230935e-05, 3.354792092475376e-05
1066, 4.712388980384690e+00, 4.319689898685965e+00, 1.178097245096172e+00, 2.491678669101731e-04, -3.455194306542816e-10, -5.019043503234299e-04, 3.262293466072814e-05
1067, 5.105088062083414e+00, 4.319689898685965e+00, 1.178097245096172e+00, 2.077636026132456e-04, 7.142088197492201e-04, 1.699544522573977e-05, 3.354793783951393e-05
1068, 5.497787143782138e+00, 4.319689898685965e+00, 1.178097245096172e+00, 1.661522638736550e-04, -3.656669941170364e-10, 5.352404067654113e-04, 3.424384814856375e-05
1069, 5.890486225480862e+00, 4.319689898685965e+00, 1.178097245096172e+00, 2.077651617461208e-04, -7.142094843636877e-04, 1.699573042478242e-05, 3.354794410157230e-05
1070, 6.283185307179586e+00, 4.319689898685965e+00, 1.178097245096172e+00, 2.491706166116176e-04, -7.753979362388902e-11, -5.019038364314580e-04, 3.262294952073192e-05
1071, 0.000000000000000e+00, 4.712388980384690e+00, 1.178097245096172e+00, 7.898378284348353e-04, -3.576356761771856e-11, -3.460636742804992e-03, 9.529725854352476e-05
1072, 3.926990816987241e-01, 4.712388980384690e+00, 1.178097245096172e+00, 2.977484302614639e-04, 3.372806087089994e-03, 4.209288935421440e-05, 3.811357346352241e-05
1073, 7.853981633974483e-01, 4.712388980384690e+00, 1.178097245096172e+00, -1.688922089286552e-04, 1.844796173481930e-10, 3.533645776846776e-03, -1.308325326024399e-05
1074, 1.178097245096172e+00, 4.712388980384690e+00, 1.178097245096172e+00, 2.977476191263683e-04, -3.372805758741513e-03, 4.209259710322052e-05, 3.811358688417187e-05
1075, 1.570796326794897e+00, 4.712388980384690e+00, 1.178097245096172e+00, 7.898365119746911e-04, 2.294259360195526e-10, -3.460637237679030e-03, 9.529727870590061e-05
1076, 1.963495408493621e+00, 4.712388980384690e+00, 1.178097245096172e+00, 2.977470084566374e-04, 3.372806188542782e-03, 4.209231397576135e-05, 3.811359136635125e-05
1077, 2.356194490192345e+00, 4.712388980384690e+00, 1.178097245096172e+00, -1.688934062708714e-04, 1.578832378447281e-10, 3.533645235587332e-03, -1.308324311602477e-05
1078, 2.748893571891069e+00, 4.712388980384690e+00, 1.178097245096172e+00, 2.977467430057585e-04, -3.372805890272846e-03, 4.209215102564123e-05, 3.811358942001566e-05
1079, 3.141592653589793e+00, 4.712388980384690e+00, 1.178097245096172e+00, 7.898359551404612e-04, 1.774119705198994e-11, -3.460637558923669e-03, 9.529727698648441e-05
1080, 3.534291735288517e+00, 4.712388980384690e+00, 1.178097245096172e+00, 2.977467375551890e-04, 3.372805923986518e-03, 4.209213135174995e-05, 3.811358923310260e-05
1081, 3.926990816987241e+00, 4.712388980384690e+00, 1.178097245096172e+00, -1.688934237742543e-04, -1.294573518302470e-10, 3.533645196714945e-03, -1.308324321255053e-05
1082, 4.319689898685965e+00, 4.712388980384690e+00, 1.178097245096172e+00, 2.977469667495614e-04, -3.372806168724077e-03, 4.209225695985717e-05, 3.811359182485049e-05
1083, 4.712388980384690e+00, 4.712388980384690e+00, 1.178097245096172e+00, 7.898364321124455e-04, -2.211273182217035e-10, -3.460637310453090e-03, 9.529728023455245e-05
1084, 5.105088062083414e+00, 4.712388980384690e+00, 1.178097245096172e+00, 2.977474925172965e-04, 3.372805752915460e-03, 4.209251380812825e-05, 3.811358977956266e-05
1085, 5.497787143782138e+00, 4.712388980384690e+00, 1.178097245096172e+00, -1.688923732690975e-04, -2.071866240562965e-10, 3.533645693780369e-03, -1.308324938810497e-05
1086, 5.890486225480862e+00, 4.712388980384690e+00, 1.178097245096172e+00, 2.977482789197846e-04, -3.372806130608779e-03, 4.209282793443295e-05, 3.811357680102557e-05
1087, 6.283185307179586e+00, 4.712388980384690e+00, 1.178097245096172e+00, 7.898378284348353e-04, -3.576356761771856e-11, -3.460636742804992e-03, 9.529725854352476e-05
1088, 0.000000000000000e+00, 5.105088062083414e+00, 1.178097245096172e+00, 1.394484238261031e-03, 6.786252245160801e-12, -1.249068793202688e-02, 1.687680094265146e-04
1089, 3.926990816987241e-01, 5.105088062083414e+00, 1.178097245096172e+00, 2.795234568742775e-04, 8.234378749128801e-03, 8.206833807081117e-05, 2.414569364959778e-05
1090, 7.853981633974483e-01, 5.105088062083414e+00, 1.178097245096172e+00, -7.274227742370043e-04, 3.086126487794780e-11, 1.260818597909824e-02, -9.223361378750987e-05
1091, 1.178097245096172e+00, 5.105088062083414e+00, 1.178097245096172e+00, 2.795235122495779e-04, -8.234378684419601e-03, 8.206806540282580e-05, 2.414572484376919e-05
1092, 1.570796326794897e+00, 5.105088062083414e+00, 1.178097245096172e+00, 1.394484204075120e-03, 8.845279707211177e-11, -1.249068839585147e-02, 1.687680609579679e-04
1093, 1.963495408493621e+00, 5.105088062083414e+00, 1.178097245096172e+00, 2.795231511331124e-04, 8.234378843070557e-03, 8.206779760155183e-05, 2.414575022439369e-05
1094, 2.356194490192345e+00, 5.105088062083414e+00, 1.178097245096172e+00, -7.274233673698577e-04, 7.747776756334682e-11, 1.260818546864801e-02, -9.223356435159475e-05
1095, 2.748893571891069e+00, 5.105088062083414e+00, 1.178097245096172e+00, 2.795228109477198e-04, -8.234378703573568e-03, 8.206764179247427e-05, 2.414576229016464e-05
1096, 3.141592653589793e+00, 5.105088062083414e+00, 1.178097245096172e+00, 1.394483597166972e-03, 7.999815106620240e-12, -1.249068870277871e-02, 1.687680859331088e-04
1097, 3.534291735288517e+00, 5.105088062083414e+00, 1.178097245096172e+00, 2.795227906179053e-04, 8.234378718031635e-03, 8.206762278278305e-05, 2.414576394936918e-05
1098, 3.926990816987241e+00, 5.105088062083414e+00, 1.178097245096172e+00, -7.274234031569527e-04, -6.757882059803331e-11, 1.260818543122944e-02, -9.223356092028228e-05
1099, 4.319689898685965e+00, 5.105088062083414e+00, 1.178097245096172e+00, 2.795231104193873e-04, -8.234378840197358e-03, 8.206774289826600e-05, 2.414575556383139e-05
1100, 4.712388980384690e+00, 5.105088062083414e+00, 1.178097245096172e+00, 1.394484176705437e-03, -9.375473215857751e-11, -1.249068846527419e-02, 1.687680682841002e-04
1101, 5.105088062083414e+00, 5.105088062083414e+00, 1.178097245096172e+00, 2.795235224483203e-04, 8.234378671812983e-03, 8.206798669817543e-05, 2.414573395075231e-05
1102, 5.497787143782138e+00, 5.105088062083414e+00, 1.178097245096172e+00, -7.274227098423911e-04, -4.647184899830841e-11, 1.260818590112797e-02, -9.223360390013564e-05
1103, 5.890486225480862e+00, 5.105088062083414e+00, 1.178097245096172e+00, 2.795235514558586e-04, -8.234378757817335e-03, 8.206828022453349e-05, 2.414570161389745e-05
1104, 6.283185307179586e+00, 5.105088062083414e+00, 1.178097245096172e+00, 1.394484238261031e-03, 6.786252245160801e-12, -1.249068793202688e-02, 1.687680094265146e-04
1105, 0.000000000000000e+00, 5.497787143782138e+00, 1.178097245096172e+00, 1.527220186039864e-03, 4.302428027981660e-11, -2.880657379431547e-02, 1.721684255075923e-04
1106, 3.926990816987241e-01, 5.497787143782138e+00, 1.178097245096172e+00, 8.900788380595854e-05, 1.183535186561761e-02, 1.202435886318527e-04, -2.213821386359847e-05
1107, 7.853981633974483e-01, 5.497787143782138e+00, 1.178097245096172e+00, -1.181738380366757e-03, -9.971243791875459e-11, 2.895031286303959e-02, -1.704440008342583e-04
1108, 1.178097245096172e+00, 5.497787143782138e+00, 1.178097245096172e+00, 8.900863902716919e-05, -1.183535202606573e-02, 1.202433801184670e-04, -2.213816790637015e-05
1109, 1.570796326794897e+00, 5.497787143782138e+00, 1.178097245096172e+00, 1.527221191380393e-03, -3.455756157438102e-11, -2.880657415090189e-02, 1.721685034560578e-04
1110, 1.963495408493621e+00, 5.497787143782138e+00, 1.178097245096172e+00, 8.900848044331111e-05, 1.183535194879779e-02, 1.202431675790616e-04, -2.213812419093688e-05
1111, 2.356194490192345e+00, 5.497787143782138e+00, 1.178097245096172e+00, -1.181738487556313e-03, 6.189554336949435e-12, 2.895031245975132e-02, -1.704439171966231e-04
1112, 2.748893571891069e+00, 5.497787143782138e+00, 1.178097245096172e+00, 8.900807458681208e-05, -1.183535194952987e-02, 1.202430413061332e-04, -2.213809968583613e-05
1113, 3.141592653589793e+00, 5.497787143782138e+00, 1.178097245096172e+00, 1.527220537571196e-03, -6.954567061031677e-13, -2.880657439883976e-02, 1.721685521292618e-04
1114, 3.534291735288517e+00, 5.497787143782138e+00, 1.178097245096172e+00, 8.900804239123264e-05, 1.183535194680132e-02, 1.202430257931043e-04, -2.213809636098210e-05
1115, 3.926990816987241e+00, 5.497787143782138e+00, 1.178097245096172e+00, -1.181738537447323e-03, -1.273251476559372e-11, 2.895031242923897e-02, -1.704439105983898e-04
1116, 4.319689898685965e+00, 5.497787143782138e+00, 1.178097245096172e+00, 8.900844225542603e-05, -1.183535196067407e-02, 1.202431230341967e-04, -2.213811450592050e-05
1117, 4.712388980384690e+00, 5.497787143782138e+00, 1.178097245096172e+00, 1.527221209507939e-03, 1.792097175971021e-11, -2.880657420695257e-02, 1.721685158849460e-04
1118, 5.105088062083414e+00, 5.497787143782138e+00, 1.178097245096172e+00, 8.900876359899047e-05, 1.183535200849353e-02, 1.202433178023066e-04, -2.213815343596702e-05
1119, 5.497787143782138e+00, 5.497787143782138e+00, 1.178097245096172e+00, -1.181738126918252e-03, 9.087667536884458e-11, 2.895031280276973e-02, -1.704439858494210e-04
1120, 5.890486225480862e+00, 5.497787143782138e+00, 1.178097245096172e+00, 8.900818312143475e-05, -1.183535184461004e-02, 1.202435447009182e-04, -2.213820196693725e-05
1121, 6.283185307179586e+00, 5.497787143782138e+00, 1.178097245096172e+00, 1.527220186039864e-03, 4.302428027981660e-11, -2.880657379431547e-02, 1.721684255075923e-04
1122, 0.000000000000000e+00, 5.890486225480862e+00, 1.178097245096172e+00, 8.109583050661203e-04, 6.658562845836496e-11, -4.633437400268556e-02, 4.606317216040069e-05
1123, 3.926990816987241e-01, 5.890486225480862e+00, 1.178097245096172e+00, -1.925132803018826e-04, 9.156500620424066e-03, 1.022597675469692e-04, -8.630977336616914e-05
1124, 7.853981633974483e-01, 5.890486225480862e+00, 1.178097245096172e+00, -1.156611817910861e-03, -1.850284689113381e-10, 4.644564365977279e-02, -2.061779402125165e-04
1125, 1.178097245096172e+00, 5.890486225480862e+00, 1.178097245096172e+00, -1.925121260889711e-04, -9.156500929838055e-03, 1.022596555874950e-04, -8.630971856528597e-05
1126, 1.570796326794897e+00, 5.890486225480862e+00, 1.178097245096172e+00, 8.109599035329242e-04, -1.216711399552433e-10, -4.633437418993194e-02, 4.606326650450336e-05
1127, 1.963495408493621e+00, 5.890486225480862e+00, 1.178097245096172e+00, -1.925121509448916e-04, 9.156500686999424e-03, 1.022595303253603e-04, -8.630966204051310e-05
1128, 2.356194490192345e+00, 5.890486225480862e+00, 1.178097245096172e+00, -1.156611622430888e-03, -4.527255046178946e-11, 4.644564342265627e-02, -2.061778329895251e-04
1129, 2.748893571891069e+00, 5.890486225480862e+00, 1.178097245096172e+00, -1.925125968689639e-04, -9.156500788487123e-03, 1.022594531306294e-04, -8.630962835407272e-05
1130, 3.141592653589793e+00, 5.890486225480862e+00, 1.178097245096172e+00, 8.109592259587688e-04, -6.987357320679319e-12, -4.633437434012914e-02, 4.606333253410831e-05
1131, 3.534291735288517e+00, 5.890486225480862e+00, 1.178097245096172e+00, -1.925126358233327e-04, 9.156500773290119e-03, 1.022594436767879e-04, -8.630962381808577e-05
1132, 3.926990816987241e+00, 5.890486225480862e+00, 1.178097245096172e+00, -1.156611679140123e-03, 2.679631517128266e-11, 4.644564340392633e-02, -2.061778240795019e-04
1133, 4.319689898685965e+00, 5.890486225480862e+00, 1.178097245096172e+00, -1.925121830692404e-04, -9.156500709429851e-03, 1.022595028780060e-04, -8.630964916547725e-05
1134, 4.712388980384690e+00, 5.890486225480862e+00, 1.178097245096172e+00, 8.109599570005269e-04, 9.741387831809537e-11, -4.633437422412653e-02, 4.606328263921228e-05
1135, 5.105088062083414e+00, 5.890486225480862e+00, 1.178097245096172e+00, -1.925119243417064e-04, 9.156500910281444e-03, 1.022596186078467e-04, -8.630970040425361e-05
1136, 5.497787143782138e+00, 5.890486225480862e+00, 1.178097245096172e+00, -1.156611448697470e-03, 1.834144726097769e-10, 4.644564362606019e-02, -2.061779220911931e-04
1137, 5.890486225480862e+00, 5.890486225480862e+00, 1.178097245096172e+00, -1.925128645555431e-04, -9.156500579548669e-03, 1.022597470186079e-04, -8.630975940959986e-05
1138, 6.283185307179586e+00, 5.890486225480862e+00, 1.178097245096172e+00, 8.109583050661203e-04, 6.658562845836496e-11, -4.633437400268556e-02, 4.606317216040069e-05
1139, 0.000000000000000e+00, 6.283185307179586e+00, 1.178097245096172e+00, -3.794106837725293e-04, 6.464563856763214e-11, -5.415502676789644e-02, -1.300294435180822e-04
1140, 3.926990816987241e-01, 6.283185307179586e+00, 1.178097245096172e+00, -3.333011190025671e-04, -1.478929181607743e-10, 2.042144954923148e-10, -1.183996246770351e-04
1141, 7.853981633974483e-01, 6.283185307179586e+00, 1.178097245096172e+00, -3.794096753105145e-04, -2.148823598469567e-10, 5.415502715676173e-02, -1.300294091223527e-04
1142, 1.178097245096172e+00, 6.283185307179586e+00, 1.178097245096172e+00, -3.332999077018293e-04, -2.027154232500660e-10, 1.871059117040538e-10, -1.183995677858264e-04
1143, 1.570796326794897e+00, 6.283185307179586e+00, 1.178097245096172e+00, -3.794090397988054e-04, -1.596523678685663e-10, -5.415502677942255e-02, -1.300293466390296e-04
1144, 1.963495408493621e+00, 6.283185307179586e+00, 1.178097245096172e+00, -3.332998868163669e-04, -1.113691964444767e-10, 1.744461233148852e-10, -1.183995058789340e-04
1145, 2.356194490192345e+00, 6.283185307179586e+00, 1.178097245096172e+00, -3.794093923791787e-04, -6.812229899298928e-11, 5.415502712830196e-02, -1.300292921860884e-04
1146, 2.748893571891069e+00, 6.283185307179586e+00, 1.178097245096172e+00, -3.333003494247258e-04, -3.464894807557402e-11, 1.642309872653853e-10, -1.183994677398432e-04
1147, 3.141592653589793e+00, 6.283185307179586e+00, 1.178097245096172e+00, -3.794097281222725e-04, -9.787348697486195e-12, -5.415502679795030e-02, -1.300292723879126e-04
1148, 3.534291735288517e+00, 6.283185307179586e+00, 1.178097245096172e+00, -3.333003907394076e-04, 1.387453159397901e-11, 1.630856898791555e-10, -1.183994626542783e-04
1149, 3.926990816987241e+00, 6.283185307179586e+00, 1.178097245096172e+00, -3.794094508718262e-04, 4.426215650354804e-11, 5.415502712584360e-02, -1.300292822106651e-04
1150, 4.319689898685965e+00, 6.283185307179586e+00, 1.178097245096172e+00, -3.332999142557543e-04, 8.414114103094651e-11, 1.705611209445701e-10, -1.183994914850697e-04
1151, 4.712388980384690e+00, 6.283185307179586e+00, 1.178097245096172e+00, -3.794089689896576e-04, 1.320013331729967e-10, -5.415502678395386e-02, -1.300293287512539e-04
1152, 5.105088062083414e+00, 6.283185307179586e+00, 1.178097245096172e+00, -3.332996746077055e-04, 1.831216789868443e-10, 1.825703948739869e-10, -1.183995480601201e-04
1153, 5.497787143782138e+00, 6.283185307179586e+00, 1.178097245096172e+00, -3.794092734085932e-04, 2.207541228506810e-10, 5.415502715209850e-02, -1.300293901198990e-04
1154, 5.890486225480862e+00, 6.283185307179586e+00, 1.178097245096172e+00, -3.333007030461248e-04, 2.062504087061015e-10, 2.008598091962164e-10, -1.183996110058644e-04
1155, 6.283185307179586e+00, 6.283185307179586e+00, 1.178097245096172e+00, -3.794106837725293e-04, 6.464563856763214e-11, -5.415502676789644e-02, -1.300294435180822e-04
1156, 0.000000000000000e+00, 0.000000000000000e+00, 1.570796326794897e+00, -7.773530781517457e-05, 5.490376275877715e-11, -1.481232554618899e-02, -7.247672429366293e-05
1157, 3.926990816987241e-01, 0.000000000000000e+00, 1.570796326794897e+00, -7.656826816844534e-05, -1.258626112481790e-10, 1.826517567150982e-10, -7.169932393189714e-05
1158, 7.853981633974483e-01, 0.000000000000000e+00, 1.570796326794897e+00, -7.773446766976526e-05, -1.811890526337778e-10, 1.481232589724471e-02, -7.247668392734892e-05
1159, 1.178097245096172e+00, 0.000000000000000e+00, 1.570796326794897e+00, -7.656727217957840e-05, -1.676392809658997e-10, 1.699508002060288e-10, -7.169925715559530e-05
1160, 1.570796326794897e+00, 0.000000000000000e+00, 1.570796326794897e+00, -7.773398024399482e-05, -1.270065646089197e-10, -1.481232555693883e-02, -7.247661258323220e-05
1161, 1.963495408493621e+00, 0.000000000000000e+00, 1.570796326794897e+00, -7.656733799570724e-05, -8.393666752566318e-11, 1.561883203462510e-10, -7.169919162007065e-05
1162, 2.356194490192345e+00, 0.000000000000000e+00, 1.570796326794897e+00, -7.773437659968374e-05, -4.890990253465868e-11, 1.481232587061894e-02, -7.247655858424547e-05
1163, 2.748893571891069e+00, 0.000000000000000e+00, 1.570796326794897e+00, -7.656780206793284e-05, -2.431176775261818e-11, 1.474822043046974e-10, -7.169915354027363e-05
1164, 3.141592653589793e+00, 0.000000000000000e+00, 1.570796326794897e+00, -7.773469464360580e-05, -7.243542038171586e-12, -1.481232557381146e-02, -7.247653760602196e-05
1165, 3.534291735288517e+00, 0.000000000000000e+00, 1.570796326794897e+00, -7.656784517189283e-05, 8.557404752583973e-12, 1.463688143207955e-10, -7.169914852136569e-05
1166, 3.926990816987241e+00, 0.000000000000000e+00, 1.570796326794897e+00, -7.773444117246175e-05, 2.982430564805612e-11, 1.481232586837708e-02, -7.247654865860870e-05
1167, 4.319689898685965e+00, 0.000000000000000e+00, 1.570796326794897e+00, -7.656738069023585e-05, 6.097690638179425e-11, 1.528152357302674e-10, -7.169917706974094e-05
1168, 4.712388980384690e+00, 0.000000000000000e+00, 1.570796326794897e+00, -7.773394048703880e-05, 1.026375425343053e-10, -1.481232556116356e-02, -7.247659401246171e-05
1169, 5.105088062083414e+00, 0.000000000000000e+00, 1.570796326794897e+00, -7.656709151480367e-05, 1.495053689594719e-10, 1.653048081220634e-10, -7.169923587263491e-05
1170, 5.497787143782138e+00, 0.000000000000000e+00, 1.570796326794897e+00, -7.773413838517582e-05, 1.848689874508053e-10, 1.481232589263049e-02, -7.247666271718332e-05
1171, 5.890486225480862e+00, 0.000000000000000e+00, 1.570796326794897e+00, -7.656792138566551e-05, 1.747830930798859e-10, 1.792802180696055e-10, -7.169930854120354e-05
1172, 6.283185307179586e+00, 0.000000000000000e+00, 1.570796326794897e+00, -7.773530781517457e-05, 5.490376275877715e-11, -1.481232554618899e-02, -7.247672429366293e-05
1173, 0.000000000000000e+00, 3.926990816987241e-01, 1.570796326794897e+00, -3.384628651961382e-04, 6.074229542551418e-11, -1.272625734790673e-02, -1.149954434411479e-04
1174, 3.926990816987241e-01, 3.926990816987241e-01, 1.570796326794897e+00, -2.758595536647555e-05, -2.511293601670889e-03, -3.331601396107643e-05, -5.591336251552280e-05
1175, 7.853981633974483e-01, 3.926990816987241e-01, 1.570796326794897e+00, 2.845452640640672e-04, -1.637311865960123e-10, 1.266781561683944e-02, 4.138022536872682e-06
1176, 1.178097245096172e+00, 3.926990816987241e-01, 1.570796326794897e+00, -2.758505118323220e-05, 2.511293331292674e-03, -3.331593356168376e-05, -5.591329814561066e-05
1177, 1.570796326794897e+00, 3.926990816987241e-01, 1.570796326794897e+00, -3.384616889639804e-04, -1.047201037859425e-10, -1.272625721561323e-02, -1.149953347539396e-04
1178, 1.963495408493621e+00, 3.926990816987241e-01, 1.570796326794897e+00, -2.758521809579867e-05, -2.511293541303423e-03, -3.331583708562659e-05, -5.591323712032561e-05
1179, 2.356194490192345e+00, 3.926990816987241e-01, 1.570796326794897e+00, 2.845451665773860e-04, -3.601365465516954e-11, 1.266781579653222e-02, 4.138139846178665e-06
1180, 2.748893571891069e+00, 3.926990816987241e-01, 1.570796326794897e+00, -2.758571716066634e-05, 2.511293458539901e-03, -3.331577981517863e-05, -5.591320179544694e-05
1181, 3.141592653589793e+00, 3.926990816987241e-01, 1.570796326794897e+00, -3.384624838078950e-04, -5.674206598212294e-12, -1.272625710341079e-02, -1.149952652108609e-04
1182, 3.534291735288517e+00, 3.926990816987241e-01, 1.570796326794897e+00, -2.758576416262901e-05, -2.511293471205245e-03, -3.331577281281968e-05, -5.591319713972533e-05
1183, 3.926990816987241e+00, 3.926990816987241e-01, 1.570796326794897e+00, 2.845450929582693e-04, 1.987409628288019e-11, 1.266781581033665e-02, 4.138149080805113e-06
1184, 4.319689898685965e+00, 3.926990816987241e-01, 1.570796326794897e+00, -2.758527731988655e-05, 2.511293520973937e-03, -3.331581704592295e-05, -5.591322355657525e-05
1185, 4.712388980384690e+00, 3.926990816987241e-01, 1.570796326794897e+00, -3.384616756072740e-04, 8.217866480303675e-11, -1.272625719050952e-02, -1.149953174158346e-04
1186, 5.105088062083414e+00, 3.926990816987241e-01, 1.570796326794897e+00, -2.758490532371721e-05, -2.511293349664453e-03, -3.331590601858148e-05, -5.591327818535915e-05
1187, 5.497787143782138e+00, 3.926990816987241e-01, 1.570796326794897e+00, 2.845455638404560e-04, 1.621258270490004e-10, 1.266781564139649e-02, 4.138042704831021e-06
1188, 5.890486225480862e+00, 3.926990816987241e-01, 1.570796326794897e+00, -2.758560490623957e-05, 2.511293638386680e-03, -3.331600022101231e-05, -5.591334729077142e-05
1189, 6.283185307179586e+00, 3.926990816987241e-01, 1.570796326794897e+00, -3.384628651961382e-04, 6.074229542551418e-11, -1.272625734790673e-02, -1.149954434411479e-04
1190, 0.000000000000000e+00, 7.853981633974483e-01, 1.570796326794897e+00, -3.562050349644927e-04, 4.193573012017938e-11, -7.954035184649631e-03, -1.022202689980625e-04
1191, 3.926990816987241e-01, 7.853981633974483e-01, 1.570796326794897e+00, 8.065476130954654e-05, -3.247708368532034e-03, -5.038714729295004e-05, -2.139411513380567e-05
1192, 7.853981633974483e-01, 7.853981633974483e-01, 1.570796326794897e+00, 5.226009266524575e-04, -9.438840365437185e-11, 7.860727277138975e-03, 6.311991387533194e-05
1193, 1.178097245096172e+00, 7.853981633974483e-01, 1.570796326794897e+00, 8.065528792550018e-05, 3.247708216959214e-03, -5.038697288275337e-05, -2.139406042861282e-05
1194, 1.570796326794897e+00, 7.853981633974483e-01, 1.570796326794897e+00, -3.562044100446559e-04, -3.306980398371269e-11, -7.954034887364224e-03, -1.022201771809333e-04
1195, 1.963495408493621e+00, 7.853981633974483e-01, 1.570796326794897e+00, 8.065493576630307e-05, -3.247708291281670e-03, -5.038679024008898e-05, -2.139401156949314e-05
1196, 2.356194490192345e+00, 7.853981633974483e-01, 1.570796326794897e+00, 5.226004406560521e-04, 5.699539637320097e-12, 7.860727623229279e-03, 6.312000843710879e-05
1197, 2.748893571891069e+00, 7.853981633974483e-01, 1.570796326794897e+00, 8.065442195741213e-05, 3.247708290590054e-03, -5.038668241216311e-05, -2.139398423608030e-05
1198, 3.141592653589793e+00, 7.853981633974483e-01, 1.570796326794897e+00, -3.562052765550997e-04, -6.220815385827223e-13, -7.954034676227678e-03, -1.022201229194630e-04
1199, 3.534291735288517e+00, 7.853981633974483e-01, 1.570796326794897e+00, 8.065437492890496e-05, -3.247708293254139e-03, -5.038666933523161e-05, -2.139398062019506e-05
1200, 3.926990816987241e+00, 7.853981633974483e-01, 1.570796326794897e+00, 5.226003617000343e-04, -1.223590247427578e-11, 7.860727649090642e-03, 6.312001565627382e-05
1201, 4.319689898685965e+00, 7.853981633974483e-01, 1.570796326794897e+00, 8.065485613928970e-05, 3.247708279532272e-03, -5.038675255509903e-05, -2.139400084175760e-05
1202, 4.712388980384690e+00, 7.853981633974483e-01, 1.570796326794897e+00, -3.562044440455799e-04, 1.674593519987298e-11, -7.954034839916298e-03, -1.022201632666948e-04
1203, 5.105088062083414e+00, 7.853981633974483e-01, 1.570796326794897e+00, 8.065535161068267e-05, -3.247708233815991e-03, -5.038691977098039e-05, -2.139404412338727e-05
1204, 5.497787143782138e+00, 7.853981633974483e-01, 1.570796326794897e+00, 5.226011162377351e-04, 8.672743399695362e-11, 7.860727328294235e-03, 6.311993072405168e-05
1205, 5.890486225480862e+00, 7.853981633974483e-01, 1.570796326794897e+00, 8.065500892333007e-05, 3.247708389160108e-03, -5.038711068762934e-05, -2.139410210689723e-05
1206, 6.283185307179586e+00, 7.853981633974483e-01, 1.570796326794897e+00, -3.562050349644927e-04, 4.193573012017938e-11, -7.954035184649631e-03, -1.022202689980625e-04
1207, 0.000000000000000e+00, 1.178097245096172e+00, 1.570796326794897e+00, -1.789088744267811e-04, 1.011871384920082e-11, -3.485573047333317e-03, -5.369059671055755e-05
1208, 3.926990816987241e-01, 1.178097245096172e+00, 1.570796326794897e+00, 1.693442581120639e-04, -2.261064794072171e-03, -4.889757594387185e-05, 8.890755056177510e-06
1209, 7.853981633974483e-01, 1.178097245096172e+00, 1.570796326794897e+00, 5.206021095467108e-04, 1.902640541907908e-11, 3.390559173474200e-03, 7.395390735908961e-05
1210, 1.178097245096172e+00, 1.178097245096172e+00, 1.570796326794897e+00, 1.693441497773942e-04, 2.261064838220396e-03, -4.889733277946217e-05, 8.890793654845575e-06
1211, 1.570796326794897e+00, 1.178097245096172e+00, 1.570796326794897e+00, -1.789091939215919e-04, 7.530526327225100e-11, -3.485572634606423e-03, -5.369053279895121e-05
1212, 1.963495408493621e+00, 1.178097245096172e+00, 1.570796326794897e+00, 1.693435762161137e-04, -2.261064705150492e-03, -4.889709240853589e-05, 8.890825260490339e-06
1213, 2.356194490192345e+00, 1.178097245096172e+00, 1.570796326794897e+00, 5.206011181966052e-04, 6.826038384811197e-11, 3.390559632467856e-03, 7.395396903945046e-05
1214, 2.748893571891069e+00, 1.178097245096172e+00, 1.570796326794897e+00, 1.693430901442554e-04, 2.261064827609229e-03, -4.889695246908197e-05, 8.890841282480130e-06
1215, 3.141592653589793e+00, 1.178097245096172e+00, 1.570796326794897e+00, -1.789100760666774e-04, 6.913031631749712e-12, -3.485572359835338e-03, -5.369050015799221e-05
1216, 3.534291735288517e+00, 1.178097245096172e+00, 1.570796326794897e+00, 1.693430502239925e-04, -2.261064815336564e-03, -4.889693560071206e-05, 8.890843434794305e-06
1217, 3.926990816987241e+00, 1.178097245096172e+00, 1.570796326794897e+00, 5.206010448892561e-04, -6.039965098488614e-11, 3.390559665871404e-03, 7.395397342228153e-05
1218, 4.319689898685965e+00, 1.178097245096172e+00, 1.570796326794897e+00, 1.693434842643646e-04, 2.261064706428273e-03, -4.889704351794596e-05, 8.890831979771421e-06
1219, 4.712388980384690e+00, 1.178097245096172e+00, 1.570796326794897e+00, -1.789092801483155e-04, -8.157996744701692e-11, -3.485572572543326e-03, -5.369052375407684e-05
1220, 5.105088062083414e+00, 1.178097245096172e+00, 1.570796326794897e+00, 1.693441011333897e-04, -2.261064850840855e-03, -4.889726222062567e-05, 8.890804656477462e-06
1221, 5.497787143782138e+00, 1.178097245096172e+00, 1.570796326794897e+00, 5.206021250386238e-04, -3.310179018700915e-11, 3.390559243265965e-03, 7.395391908645473e-05
1222, 5.890486225480862e+00, 1.178097245096172e+00, 1.570796326794897e+00, 1.693443244044958e-04, 2.261064788665411e-03, -4.889752467358504e-05, 8.890764310185652e-06
1223, 6.283185307179586e+00, 1.178097245096172e+00, 1.570796326794897e+00, -1.789088744267811e-04, 1.011871384920082e-11, -3.485573047333317e-03, -5.369059671055755e-05
1224, 0.000000000000000e+00, 1.570796326794897e+00, 1.570796326794897e+00, 3.124322910338458e-05, -2.860083044127390e-11, -9.965375051210965e-04, -2.724257333543370e-06
1225, 3.926990816987241e-01, 1.570796326794897e+00, 1.570796326794897e+00, 1.920913354694642e-04, -9.267775733614579e-04, -3.663182361159143e-05, 2.401244659404569e-05
1226, 7.853981633974483e-01, 1.570796326794897e+00, 1.570796326794897e+00, 3.535087978451097e-04, 1.589629127956387e-10, 9.236562312321292e-04, 5.137507552002800e-05
1227, 1.178097245096172e+00, 1.570796326794897e+00, 1.570796326794897e+00, 1.920904426876100e-04, 9.267778577034381e-04, -3.663155177354144e-05, 2.401246540340240e-05
1228, 1.570796326794897e+00, 1.570796326794897e+00, 1.570796326794897e+00, 3.124174820472994e-05, 2.040422161154097e-10, -9.965370456613146e-04, -2.724227316100464e-06
1229, 1.963495408493621e+00, 1.570796326794897e+00, 1.570796326794897e+00, 1.920896393206543e-04, -9.267774768710970e-04, -3.663128897795762e-05, 2.401247718768197e-05
1230, 2.356194490192345e+00, 1.570796326794897e+00, 1.570796326794897e+00, 3.535072541245928e-04, 1.416163184851866e-10, 9.236567342720570e-04, 5.137509913595012e-05
1231, 2.748893571891069e+00, 1.570796326794897e+00, 1.570796326794897e+00, 1.920892204818534e-04, 9.267777440522448e-04, -3.663113811316886e-05, 2.401248051249576e-05
1232, 3.141592653589793e+00, 1.570796326794897e+00, 1.570796326794897e+00, 3.124090897951448e-05, 1.570360007495600e-11, -9.965367484208640e-04, -2.724219061812088e-06
1233, 3.534291735288517e+00, 1.570796326794897e+00, 1.570796326794897e+00, 1.920891940818161e-04, -9.267777143258817e-04, -3.663112001591562e-05, 2.401248102027113e-05
1234, 3.926990816987241e+00, 1.570796326794897e+00, 1.570796326794897e+00, 3.535071971654752e-04, -1.168294460076360e-10, 9.236567701634087e-04, 5.137510033391295e-05
1235, 4.319689898685965e+00, 1.570796326794897e+00, 1.570796326794897e+00, 1.920895453946347e-04, 9.267774937181556e-04, -3.663123621156129e-05, 2.401247938855691e-05
1236, 4.712388980384690e+00, 1.570796326794897e+00, 1.570796326794897e+00, 3.124161246978293e-05, -1.977755358289469e-10, -9.965369781994471e-04, -2.724223816950106e-06
1237, 5.105088062083414e+00, 1.570796326794897e+00, 1.570796326794897e+00, 1.920902682973702e-04, -9.267778641780033e-04, -3.663147441162494e-05, 2.401247024002923e-05
1238, 5.497787143782138e+00, 1.570796326794897e+00, 1.570796326794897e+00, 3.535086059759812e-04, -1.798954583295024e-10, 9.236563083509548e-04, 5.137508111755848e-05
1239, 5.890486225480862e+00, 1.570796326794897e+00, 1.570796326794897e+00, 1.920911811704179e-04, 9.267775361077144e-04, -3.663176683465672e-05, 2.401245121283233e-05
1240, 6.283185307179586e+00, 1.570796326794897e+00, 1.570796326794897e+00, 3.124322910338458e-05, -2.860083044127390e-11, -9.965375051210965e-04, -2.724257333543370e-06
1241, 0.000000000000000e+00, 1.963495408493621e+00, 1.570796326794897e+00, 1.397455781952458e-04, -6.786045654892794e-11, -1.659455601423382e-04, 2.634708936842159e-05
1242, 3.926990816987241e-01, 1.963495408493621e+00, 1.570796326794897e+00, 1.565283361649963e-04, -1.959250779219748e-04, -2.234417858337850e-05, 2.654367630250766e-05
1243, 7.853981633974483e-01, 1.963495408493621e+00, 1.570796326794897e+00, 1.732783337071124e-04, 3.026240171962292e-10, 1.212468968768964e-04, 2.673062095987453e-05
1244, 1.178097245096172e+00, 1.963495408493621e+00, 1.570796326794897e+00, 1.565266478390615e-04, 1.959256079313997e-04, -2.234392199888948e-05, 2.654367498011120e-05
1245, 1.570796326794897e+00, 1.963495408493621e+00, 1.570796326794897e+00, 1.397429263567169e-04, 3.342181996128814e-10, -1.659451271415116e-04, 2.634708511129401e-05
1246, 1.963495408493621e+00, 1.963495408493621e+00, 1.570796326794897e+00, 1.565256341683833e-04, -1.959249760970390e-04, -2.234367577276917e-05, 2.654366709386275e-05
1247, 2.356194490192345e+00, 1.963495408493621e+00, 1.570796326794897e+00, 1.732762682741425e-04, 2.148906160756085e-10, 1.212473683405044e-04, 2.673060673349255e-05
1248, 2.748893571891069e+00, 1.963495408493621e+00, 1.570796326794897e+00, 1.565253062159350e-04, 1.959253882451804e-04, -2.234353586307985e-05, 2.654365812029715e-05
1249, 3.141592653589793e+00, 1.963495408493621e+00, 1.570796326794897e+00, 1.397421712675048e-04, 2.444773238313638e-11, -1.659448507447276e-04, 2.634706961456542e-05
1250, 3.534291735288517e+00, 1.963495408493621e+00, 1.570796326794897e+00, 1.565252969402780e-04, -1.959253411256341e-04, -2.234351914755825e-05, 2.654365703323994e-05
1251, 3.926990816987241e+00, 1.963495408493621e+00, 1.570796326794897e+00, 1.732762343120488e-04, -1.731227293637692e-10, 1.212474015509870e-04, 2.673060484138746e-05
1252, 4.319689898685965e+00, 1.963495408493621e+00, 1.570796326794897e+00, 1.565255466378581e-04, 1.959250087793934e-04, -2.234362676936101e-05, 2.654366489459479e-05
1253, 4.712388980384690e+00, 1.963495408493621e+00, 1.570796326794897e+00, 1.397427490092345e-04, -3.149160949888363e-10, -1.659450641965950e-04, 2.634708315977393e-05
1254, 5.105088062083414e+00, 1.963495408493621e+00, 1.570796326794897e+00, 1.565263527223616e-04, -1.959256077490732e-04, -2.234384952874413e-05, 2.654367366869899e-05
1255, 5.497787143782138e+00, 1.963495408493621e+00, 1.570796326794897e+00, 1.732779357313029e-04, -3.303376869957437e-10, 1.212469692491755e-04, 2.673062035444638e-05
1256, 5.890486225480862e+00, 1.963495408493621e+00, 1.570796326794897e+00, 1.565279605077038e-04, 1.959250081505000e-04, -2.234412533808306e-05, 2.654367618314935e-05
1257, 6.283185307179586e+00, 1.963495408493621e+00, 1.570796326794897e+00, 1.397455781952458e-04, -6.786045654892794e-11, -1.659455601423382e-04, 2.634708936842159e-05
1258, 0.000000000000000e+00, 2.356194490192345e+00, 1.570796326794897e+00, 1.293140459700715e-04, -1.016853413223585e-10, -1.503126639444344e-05, 3.086214401776907e-05
1259, 3.926990816987241e-01, 2.356194490192345e+00, 1.570796326794897e+00, 9.762353405547668e-05, -8.499643853595086e-06, -1.123902603258707e-05, 2.331579741956231e-05
1260, 7.853981633974483e-01, 2.356194490192345e+00, 1.570796326794897e+00, 6.589797301286190e-05, 4.271326708621501e-10, -7.449250368881883e-06, 1.572164836237214e-05
1261, 1.178097245096172e+00, 2.356194490192345e+00, 1.570796326794897e+00, 9.762117080520304e-05, 8.500386509610862e-06, -1.123882468163518e-05, 2.331577880520638e-05
1262, 1.570796326794897e+00, 2.356194490192345e+00, 1.570796326794897e+00, 1.293104058663787e-04, 4.464748169783225e-10, -1.503092677634928e-05, 3.086211039310774e-05
1263, 1.963495408493621e+00, 2.356194490192345e+00, 1.570796326794897e+00, 9.761999551555531e-05, -8.499538197268394e-06, -1.123863196700520e-05, 2.331575419302333e-05
1264, 2.356194490192345e+00, 2.356194490192345e+00, 1.570796326794897e+00, 6.589549388802501e-05, 2.775069676408823e-10, -7.448881425626101e-06, 1.572160194907717e-05
1265, 2.748893571891069e+00, 2.356194490192345e+00, 1.570796326794897e+00, 9.761976284215570e-05, 8.500074521942446e-06, -1.123852318249353e-05, 2.331573493016274e-05
1266, 3.141592653589793e+00, 2.356194490192345e+00, 1.570796326794897e+00, 1.293097541518226e-04, 3.189680384963445e-11, -1.503071149494815e-05, 3.086207495095611e-05
1267, 3.534291735288517e+00, 2.356194490192345e+00, 1.570796326794897e+00, 9.761977082147740e-05, -8.500012559077262e-06, -1.123851022040386e-05, 2.331573251158725e-05
1268, 3.926990816987241e+00, 2.356194490192345e+00, 1.570796326794897e+00, 6.589548439341872e-05, -2.211637895525782e-10, -7.448855628528629e-06, 1.572159747199800e-05
1269, 4.319689898685965e+00, 2.356194490192345e+00, 1.570796326794897e+00, 9.761991958768886e-05, 8.499584596973424e-06, -1.123859380271927e-05, 2.331574829749010e-05
1270, 4.712388980384690e+00, 2.356194490192345e+00, 1.570796326794897e+00, 1.293101991782855e-04, -4.157754494158873e-10, -1.503087761996674e-05, 3.086210383009637e-05
1271, 5.105088062083414e+00, 2.356194490192345e+00, 1.570796326794897e+00, 9.762077761767817e-05, -8.500380455297547e-06, -1.123876798331926e-05, 2.331577224655736e-05
1272, 5.497787143782138e+00, 2.356194490192345e+00, 1.570796326794897e+00, 6.589740227000800e-05, -4.606851706728027e-10, -7.449193723009957e-06, 1.572164242583235e-05
1273, 5.890486225480862e+00, 2.356194490192345e+00, 1.570796326794897e+00, 9.762297085572818e-05, 8.499545974864510e-06, -1.123898437977013e-05, 2.331579321492529e-05
1274, 6.283185307179586e+00, 2.356194490192345e+00, 1.570796326794897e+00, 1.293140459700715e-04, -1.016853413223585e-10, -1.503126639444344e-05, 3.086214401776907e-05
1275, 0.000000000000000e+00, 2.748893571891069e+00, 1.570796326794897e+00, 7.073093565565915e-05, -1.250523592840657e-10, 1.136098107036287e-08, 2.416818740878977e-05
1276, 3.926990816987241e-01, 2.748893571891069e+00, 1.570796326794897e+00, 4.885443049064609e-05, 4.509445589161983e-06, -4.325621926176581e-06, 1.960569765664014e-05
1277, 7.853981633974483e-01, 2.748893571891069e+00, 1.570796326794897e+00, 2.697109287385292e-05, 5.132818761706120e-10, -8.660960446811062e-06, 1.503223868017101e-05
1278, 1.178097245096172e+00, 2.748893571891069e+00, 1.570796326794897e+00, 4.885161844803518e-05, -4.508555861950361e-06, -4.325506424731804e-06, 1.960566721319014e-05
1279, 1.570796326794897e+00, 2.748893571891069e+00, 1.570796326794897e+00, 7.072664364369958e-05, 5.239489805867772e-10, 1.155569695735046e-08, 2.416813372073411e-05
1280, 1.963495408493621e+00, 2.748893571891069e+00, 1.570796326794897e+00, 4.885035434045386e-05, 4.509553556768519e-06, -4.325396222859144e-06, 1.960563123896753e-05
1281, 2.356194490192345e+00, 2.748893571891069e+00, 1.570796326794897e+00, 2.696837062077208e-05, 3.204466825943136e-10, -8.660749459036410e-06, 1.503217039332791e-05
1282, 2.748893571891069e+00, 2.748893571891069e+00, 1.570796326794897e+00, 4.885020394186807e-05, -4.508931929207622e-06, -4.325334352386968e-06, 1.960560505294990e-05
1283, 3.141592653589793e+00, 2.748893571891069e+00, 1.570796326794897e+00, 7.072609425577515e-05, 3.699844634127528e-11, 1.167831175356415e-08, 2.416808482923938e-05
1284, 3.534291735288517e+00, 2.748893571891069e+00, 1.570796326794897e+00, 4.885022606151584e-05, 4.509004073935960e-06, -4.325326977501719e-06, 1.960560174112278e-05
1285, 3.926990816987241e+00, 2.748893571891069e+00, 1.570796326794897e+00, 2.696838221406404e-05, -2.540605323868148e-10, -8.660734759375042e-06, 1.503216417757872e-05
1286, 4.319689898685965e+00, 2.748893571891069e+00, 1.570796326794897e+00, 4.885029208482685e-05, -4.509497649380855e-06, -4.325374430771181e-06, 1.960562284677504e-05
1287, 4.712388980384690e+00, 2.748893571891069e+00, 1.570796326794897e+00, 7.072642313009342e-05, -4.853132980877226e-10, 1.158382433292875e-08, 2.416812402538946e-05
1288, 5.105088062083414e+00, 2.748893571891069e+00, 1.570796326794897e+00, 4.885116396082448e-05, 4.508566018819537e-06, -4.325473931012106e-06, 1.960565707024456e-05
1289, 5.497787143782138e+00, 2.748893571891069e+00, 1.570796326794897e+00, 2.697040838414845e-05, -5.508619132648160e-10, -8.660927954835240e-06, 1.503222908805153e-05
1290, 5.890486225480862e+00, 2.748893571891069e+00, 1.570796326794897e+00, 4.885374137125962e-05, -4.509562895350322e-06, -4.325598024617281e-06, 1.960569064793351e-05
1291, 6.283185307179586e+00, 2.748893571891069e+00, 1.570796326794897e+00, 7.073093565565915e-05, -1.250523592840657e-10, 1.136098107036287e-08, 2.416818740878977e-05
1292, 0.000000000000000e+00, 3.141592653589793e+00, 1.570796326794897e+00, 3.046562928670498e-05, -1.345347917513437e-10, 3.623651838591114e-06, 1.811226365542374e-05
1293, 3.926990816987241e-01, 3.141592653589793e+00, 1.570796326794897e+00, 3.046462818695506e-05, 3.537618738104422e-10, -1.185649780769519e-10, 1.811202030175536e-05
1294, 7.853981633974483e-01, 3.141592653589793e+00, 1.570796326794897e+00, 3.046336363724684e-05, 5.480506378886709e-10, -3.623885429199113e-06, 1.811224221996721e-05
1295, 1.178097245096172e+00, 3.141592653589793e+00, 1.570796326794897e+00, 3.046166121716042e-05, 5.952638446613385e-10, -1.062449511910959e-10, 1.811198525699443e-05
1296, 1.570796326794897e+00, 3.141592653589793e+00, 1.570796326794897e+00, 3.046112008192586e-05, 5.549700074786133e-10, 3.623672421856994e-06, 1.811220218369018e-05
1297, 1.963495408493621e+00, 3.141592653589793e+00, 1.570796326794897e+00, 3.046039476257474e-05, 4.622831505795440e-10, -9.512787065769629e-11, 1.811194493751378e-05
1298, 2.356194490192345e+00, 3.141592653589793e+00, 1.570796326794897e+00, 3.046060568450063e-05, 3.374891166920835e-10, -3.623864022368987e-06, 1.811216555083164e-05
1299, 2.748893571891069e+00, 3.141592653589793e+00, 1.570796326794897e+00, 3.046030021210307e-05, 1.932800972425418e-10, -8.919858311703996e-11, 1.811191613202459e-05
1300, 3.141592653589793e+00, 3.141592653589793e+00, 1.570796326794897e+00, 3.046065507523681e-05, 3.903404096919888e-11, 3.623684335300993e-06, 1.811214819143469e-05
1301, 3.534291735288517e+00, 3.141592653589793e+00, 1.570796326794897e+00, 3.046033087106232e-05, -1.170648202189702e-10, -8.845201367648306e-11, 1.811191248110251e-05
1302, 3.926990816987241e+00, 3.141592653589793e+00, 1.570796326794897e+00, 3.046063120010201e-05, -2.670662894372219e-10, -3.623862520071638e-06, 1.811215867305203e-05
1303, 4.319689898685965e+00, 3.141592653589793e+00, 1.570796326794897e+00, 3.046034549548322e-05, -4.025254970846695e-10, -9.286774661609446e-11, 1.811193558948169e-05
1304, 4.712388980384690e+00, 3.141592653589793e+00, 1.570796326794897e+00, 3.046090271183961e-05, -5.130926587153296e-10, 3.623675392292360e-06, 1.811219127948266e-05
1305, 5.105088062083414e+00, 3.141592653589793e+00, 1.570796326794897e+00, 3.046119086118094e-05, -5.834022030161294e-10, -1.027464658037342e-10, 1.811197371758167e-05
1306, 5.497787143782138e+00, 3.141592653589793e+00, 1.570796326794897e+00, 3.046264085762621e-05, -5.872197625790013e-10, -3.623881866009620e-06, 1.811223119117850e-05
1307, 5.890486225480862e+00, 3.141592653589793e+00, 1.570796326794897e+00, 3.046389294896097e-05, -4.789169086412801e-10, -1.159024597833325e-10, 1.811201218458908e-05
1308, 6.283185307179586e+00, 3.141592653589793e+00, 1.570796326794897e+00, 3.046562928670498e-05, -1.345347917513437e-10, 3.623651838591114e-06, 1.811226365542374e-05
1309, 0.000000000000000e+00, 3.534291735288517e+00, 1.570796326794897e+00, 2.697294273283035e-05, -1.287617395544945e-10, 8.660805907040150e-06, 1.503227647931171e-05
1310, 3.926990816987241e-01, 3.534291735288517e+00, 1.570796326794897e+00, 4.885414117096305e-05, -4.508776669684803e-06, 4.325399724539093e-06, 1.960571673751520e-05
1311, 7.853981633974483e-01, 3.534291735288517e+00, 1.570796326794897e+00, 7.072850959894094e-05, 5.262302246769073e-10, -1.164429345520878e-08, 2.416818741882365e-05
1312, 1.178097245096172e+00, 3.534291735288517e+00, 1.570796326794897e+00, 4.885133614489182e-05, 4.509688338388166e-06, 4.325307023289866e-06, 1.960568502221628e-05
1313, 1.570796326794897e+00, 3.534291735288517e+00, 1.570796326794897e+00, 2.696868336711929e-05, 5.348723007084864e-10, 8.660649286864589e-06, 1.503222068360014e-05
1314, 1.963495408493621e+00, 3.534291735288517e+00, 1.570796326794897e+00, 4.885015438577350e-05, -4.508669433393844e-06, 4.325217405026604e-06, 1.960564801630165e-05
1315, 2.356194490192345e+00, 3.534291735288517e+00, 1.570796326794897e+00, 7.072592894294189e-05, 3.261671888410550e-10, -1.181563335073650e-08, 2.416811710035420e-05
1316, 2.748893571891069e+00, 3.534291735288517e+00, 1.570796326794897e+00, 4.885008066544646e-05, 4.509302600562337e-06, 4.325166572708219e-06, 1.960562125541618e-05
1317, 3.141592653589793e+00, 3.534291735288517e+00, 1.570796326794897e+00, 2.696827185502318e-05, 3.772028796053926e-11, 8.660548820627914e-06, 1.503217065039246e-05
1318, 3.534291735288517e+00, 3.534291735288517e+00, 1.570796326794897e+00, 4.885011283168649e-05, -4.509229000655388e-06, 4.325160596605526e-06, 1.960561786176159e-05
1319, 3.926990816987241e+00, 3.534291735288517e+00, 1.570796326794897e+00, 7.072595888184694e-05, -2.583036081705710e-10, -1.182752305679162e-08, 2.416811072383395e-05
1320, 4.319689898685965e+00, 3.534291735288517e+00, 1.570796326794897e+00, 4.885011520768621e-05, 4.508726802442982e-06, 4.325199831703122e-06, 1.960563938594301e-05
1321, 4.712388980384690e+00, 3.534291735288517e+00, 1.570796326794897e+00, 2.696848538866565e-05, -4.949426775624006e-10, 8.660626693592154e-06, 1.503221067101438e-05
1322, 5.105088062083414e+00, 3.534291735288517e+00, 1.570796326794897e+00, 4.885089746512205e-05, -4.509677421848003e-06, 4.325281038925869e-06, 1.960567448511296e-05
1323, 5.497787143782138e+00, 3.534291735288517e+00, 1.570796326794897e+00, 7.072782936574504e-05, -5.643019148033189e-10, -1.167015756433092e-08, 2.416817738871797e-05
1324, 5.890486225480862e+00, 3.534291735288517e+00, 1.570796326794897e+00, 4.885344612505473e-05, 4.508656400117852e-06, 4.325380778756214e-06, 1.960570936958072e-05
1325, 6.283185307179586e+00, 3.534291735288517e+00, 1.570796326794897e+00, 2.697294273283035e-05, -1.287617395544945e-10, 8.660805907040150e-06, 1.503227647931171e-05
1326, 0.000000000000000e+00, 3.926990816987241e+00, 1.570796326794897e+00, 6.589924208711873e-05, -1.085871389461446e-10, 7.449193007124773e-06, 1.572169553709878e-05
1327, 3.926990816987241e-01, 3.926990816987241e+00, 1.570796326794897e+00, 9.762302725983547e-05, 8.500202673825556e-06, 1.123884695040736e-05, 2.331583327547411e-05
1328, 7.853981633974483e-01, 3.926990816987241e+00, 1.570796326794897e+00, 1.293117678821862e-04, 4.510838919395721e-10, 1.503097061746146e-05, 3.086216792517670e-05
1329, 1.178097245096172e+00, 3.926990816987241e+00, 1.570796326794897e+00, 9.762067721128944e-05, -8.499419424666821e-06, 1.123866309045201e-05, 2.331581238041356e-05
1330, 1.570796326794897e+00, 3.926990816987241e+00, 1.570796326794897e+00, 6.589566265794558e-05, 4.666983519916267e-10, 7.448882648008390e-06, 1.572165811442339e-05
1331, 1.963495408493621e+00, 3.926990816987241e+00, 1.570796326794897e+00, 9.761965435970600e-05, 8.500307021416306e-06, 1.123848626487102e-05, 2.331578588033377e-05
1332, 2.356194490192345e+00, 3.926990816987241e+00, 1.570796326794897e+00, 1.293095509596675e-04, 2.881712689327540e-10, 1.503063229555034e-05, 3.086211781106721e-05
1333, 2.748893571891069e+00, 3.926990816987241e+00, 1.570796326794897e+00, 9.761956335726439e-05, -8.499749224543095e-06, 1.123838620068809e-05, 2.331576554241856e-05
1334, 3.141592653589793e+00, 3.926990816987241e+00, 1.570796326794897e+00, 6.589526568823636e-05, 3.324988342903711e-11, 7.448684764946742e-06, 1.572162054121766e-05
1335, 3.534291735288517e+00, 3.926990816987241e+00, 1.570796326794897e+00, 9.761958977992271e-05, 8.499813910955417e-06, 1.123837436599022e-05, 2.331576296485860e-05
1336, 3.926990816987241e+00, 3.926990816987241e+00, 1.570796326794897e+00, 1.293095751755308e-04, -2.290740603878960e-10, 1.503060875109500e-05, 3.086211302736384e-05
1337, 4.319689898685965e+00, 3.926990816987241e+00, 1.570796326794897e+00, 9.761962087763361e-05, -8.500257910574682e-06, 1.123845145886957e-05, 2.331577954075616e-05
1338, 4.712388980384690e+00, 3.926990816987241e+00, 1.570796326794897e+00, 6.589549743922621e-05, -4.336079682628935e-10, 7.448837864839842e-06, 1.572165097259958e-05
1339, 5.105088062083414e+00, 3.926990816987241e+00, 1.570796326794897e+00, 9.762031307346479e-05, 8.499426880738739e-06, 1.123861150611925e-05, 2.331580511201931e-05
1340, 5.497787143782138e+00, 3.926990816987241e+00, 1.570796326794897e+00, 1.293112047837387e-04, -4.855488194489048e-10, 1.503091916672583e-05, 3.086216119786914e-05
1341, 5.890486225480862e+00, 3.926990816987241e+00, 1.570796326794897e+00, 9.762245281925965e-05, -8.500306059482083e-06, 1.123880918914632e-05, 2.331582841280705e-05
1342, 6.283185307179586e+00, 3.926990816987241e+00, 1.570796326794897e+00, 6.589924208711873e-05, -1.085871389461446e-10, 7.449193007124773e-06, 1.572169553709878e-05
1343, 0.000000000000000e+00, 4.319689898685965e+00, 1.570796326794897e+00, 1.732789700816985e-04, -7.696653178492420e-11, -1.212468518879730e-04, 2.673066956667926e-05
1344, 3.926990816987241e-01, 4.319689898685965e+00, 1.570796326794897e+00, 1.565277428143822e-04, 1.959254715706945e-04, 2.234406612991977e-05, 2.654372458937212e-05
1345, 7.853981633974483e-01, 4.319689898685965e+00, 1.570796326794897e+00, 1.397437615707971e-04, 3.339294443215545e-10, 1.659452929272687e-04, 2.634713657323784e-05
1346, 1.178097245096172e+00, 4.319689898685965e+00, 1.570796326794897e+00, 1.565260730564124e-04, -1.959248884970439e-04, 2.234381889018898e-05, 2.654372046855268e-05
1347, 1.570796326794897e+00, 4.319689898685965e+00, 1.570796326794897e+00, 1.732763991912224e-04, 3.607396378859769e-10, -1.212472691496240e-04, 2.673066059522686e-05
1348, 1.963495408493621e+00, 4.319689898685965e+00, 1.570796326794897e+00, 1.565252588737902e-04, 1.959255718963460e-04, 2.234358154474826e-05, 2.654371015502940e-05
1349, 2.356194490192345e+00, 4.319689898685965e+00, 1.570796326794897e+00, 1.397420397404982e-04, 2.290862075821289e-10, 1.659448385873770e-04, 2.634711763017845e-05
1350, 2.748893571891069e+00, 4.319689898685965e+00, 1.570796326794897e+00, 1.565251155091653e-04, -1.959251312919685e-04, 2.234344693294527e-05, 2.654369972401579e-05
1351, 3.141592653589793e+00, 4.319689898685965e+00, 1.570796326794897e+00, 1.732759760506373e-04, 2.625977872242271e-11, -1.212475352101738e-04, 2.673064223024782e-05
1352, 3.534291735288517e+00, 4.319689898685965e+00, 1.570796326794897e+00, 1.565251300004000e-04, 1.959251820539091e-04, 2.234343092569977e-05, 2.654369841061415e-05
1353, 3.926990816987241e+00, 4.319689898685965e+00, 1.570796326794897e+00, 1.397420492787919e-04, -1.836561933066143e-10, 1.659448067821299e-04, 2.634711531154871e-05
1354, 4.319689898685965e+00, 4.319689898685965e+00, 1.570796326794897e+00, 1.565252261828247e-04, -1.959255356441534e-04, 2.234353460067687e-05, 2.654370735802240e-05
1355, 4.712388980384690e+00, 4.319689898685965e+00, 1.570796326794897e+00, 1.732762754543648e-04, -3.383173038587838e-10, -1.212473294729701e-04, 2.673065789603947e-05
1356, 5.105088062083414e+00, 4.319689898685965e+00, 1.570796326794897e+00, 1.565258154192258e-04, 1.959248904965615e-04, 2.234374942640484e-05, 2.654371827422751e-05
1357, 5.497787143782138e+00, 4.319689898685965e+00, 1.570796326794897e+00, 1.397433730897931e-04, -3.628541626140878e-10, 1.659452235724062e-04, 2.634713499461773e-05
1358, 5.890486225480862e+00, 4.319689898685965e+00, 1.570796326794897e+00, 1.565273518750890e-04, -1.959255486076492e-04, 2.234401513849308e-05, 2.654372364305195e-05
1359, 6.283185307179586e+00, 4.319689898685965e+00, 1.570796326794897e+00, 1.732789700816985e-04, -7.696653178492420e-11, -1.212468518879730e-04, 2.673066956667926e-05
1360, 0.000000000000000e+00, 4.712388980384690e+00, 1.570796326794897e+00, 3.535088661858478e-04, -3.859864899155104e-11, -9.236560915243905e-04, 5.137511775863118e-05
1361, 3.926990816987241e-01, 4.712388980384690e+00, 1.570796326794897e+00, 1.920908191335977e-04, 9.267777719057592e-04, 3.663179455730186e-05, 2.401250143248390e-05
1362, 7.853981633974483e-01, 4.712388980384690e+00, 1.570796326794897e+00, 3.124213661678955e-05, 1.926769462415594e-10, 9.965373071485471e-04, -2.724190589170203e-06
1363, 1.178097245096172e+00, 4.712388980384690e+00, 1.570796326794897e+00, 1.920899506226228e-04, -9.267774303193788e-04, 3.663152210843210e-05, 2.401251754300552e-05
1364, 1.570796326794897e+00, 4.712388980384690e+00, 1.570796326794897e+00, 3.535074780251733e-04, 2.329691127336184e-10, -9.236565517907708e-04, 5.137514310899465e-05
1365, 1.963495408493621e+00, 4.712388980384690e+00, 1.570796326794897e+00, 1.920893627859380e-04, 9.267778674413840e-04, 3.663125998642154e-05, 2.401252676797354e-05
1366, 2.356194490192345e+00, 4.712388980384690e+00, 1.570796326794897e+00, 3.124096547787003e-05, 1.575107396111543e-10, 9.965368054507230e-04, -2.724171892841848e-06
1367, 2.748893571891069e+00, 4.712388980384690e+00, 1.570796326794897e+00, 1.920891415257943e-04, -9.267775686596209e-04, 3.663111038731967e-05, 2.401252835487928e-05
1368, 3.141592653589793e+00, 4.712388980384690e+00, 1.570796326794897e+00, 3.535069942678037e-04, 1.773657416490528e-11, -9.236568470981194e-04, 5.137514801704031e-05
1369, 3.534291735288517e+00, 4.712388980384690e+00, 1.570796326794897e+00, 1.920891402041331e-04, 9.267776024742584e-04, 3.663109246907295e-05, 2.401252858829082e-05
1370, 3.926990816987241e+00, 4.712388980384690e+00, 1.570796326794897e+00, 3.124095445991448e-05, -1.286361992835706e-10, 9.965367699249620e-04, -2.724171205011483e-06
1371, 4.319689898685965e+00, 4.712388980384690e+00, 1.570796326794897e+00, 1.920893267735716e-04, -9.267778466711503e-04, 3.663120770195175e-05, 2.401252827204631e-05
1372, 4.712388980384690e+00, 4.712388980384690e+00, 1.570796326794897e+00, 3.535073988653044e-04, -2.233298760244138e-10, -9.236566187501114e-04, 5.137514578566413e-05
1373, 5.105088062083414e+00, 4.712388980384690e+00, 1.570796326794897e+00, 1.920898156453436e-04, 9.267774257670791e-04, 3.663144523028533e-05, 2.401252148990257e-05
1374, 5.497787143782138e+00, 4.712388980384690e+00, 1.570796326794897e+00, 3.124195416886480e-05, -2.149970960127443e-10, 9.965372304370369e-04, -2.724185911075804e-06
1375, 5.890486225480862e+00, 4.712388980384690e+00, 1.570796326794897e+00, 1.920906475468226e-04, -9.267778171419462e-04, 3.663173801731391e-05, 2.401250527064370e-05
1376, 6.283185307179586e+00, 4.712388980384690e+00, 1.570796326794897e+00, 3.535088661858478e-04, -3.859864899155104e-11, -9.236560915243905e-04, 5.137511775863118e-05
1377, 0.000000000000000e+00, 5.105088062083414e+00, 1.570796326794897e+00, 5.206017707383082e-04, 5.938034383533029e-13, -3.390558957280136e-03, 7.395393666716954e-05
1378, 3.926990816987241e-01, 5.105088062083414e+00, 1.570796326794897e+00, 1.693439723437834e-04, 2.261064798637765e-03, 4.889763981274438e-05, 8.890809638584499e-06
1379, 7.853981633974483e-01, 5.105088062083414e+00, 1.570796326794897e+00, -1.789090969616610e-04, 4.949692122833916e-11, 3.485572956039794e-03, -5.369051728362619e-05
1380, 1.178097245096172e+00, 5.105088062083414e+00, 1.570796326794897e+00, 1.693438955857532e-04, -2.261064702347711e-03, 4.889738566094459e-05, 8.890846181291399e-06
1381, 1.570796326794897e+00, 5.105088062083414e+00, 1.570796326794897e+00, 5.206015492806930e-04, 1.025462062582528e-10, -3.390559388314040e-03, 7.395399682090588e-05
1382, 1.963495408493621e+00, 5.105088062083414e+00, 1.570796326794897e+00, 1.693435183037397e-04, 2.261064888283676e-03, 4.889713793124061e-05, 8.890875491925326e-06
1383, 2.356194490192345e+00, 5.105088062083414e+00, 1.570796326794897e+00, -1.789097464202641e-04, 8.375832078784501e-11, 3.485572482835742e-03, -5.369045999255340e-05
1384, 2.748893571891069e+00, 5.105088062083414e+00, 1.570796326794897e+00, 1.693432093456997e-04, -2.261064735336790e-03, 4.889699492157381e-05, 8.890889567651847e-06
1385, 3.141592653589793e+00, 5.105088062083414e+00, 1.570796326794897e+00, 5.206009860948390e-04, 8.887014965907162e-12, -3.390559670047108e-03, 7.395402586994798e-05
1386, 3.534291735288517e+00, 5.105088062083414e+00, 1.570796326794897e+00, 1.693431915874039e-04, 2.261064751588604e-03, 4.889697764165021e-05, 8.890891431466034e-06
1387, 3.926990816987241e+00, 5.105088062083414e+00, 1.570796326794897e+00, -1.789097791987612e-04, -7.193386656261763e-11, 3.485572448656811e-03, -5.369045615217272e-05
1388, 4.319689898685965e+00, 5.105088062083414e+00, 1.570796326794897e+00, 1.693434771983560e-04, -2.261064883269984e-03, 4.889708780454064e-05, 8.890881468841232e-06
1389, 4.712388980384690e+00, 5.105088062083414e+00, 1.570796326794897e+00, 5.206015124245134e-04, -1.056865136321893e-10, -3.390559452135996e-03, 7.395400503784944e-05
1390, 5.105088062083414e+00, 5.105088062083414e+00, 1.570796326794897e+00, 1.693438809581184e-04, 2.261064691417097e-03, 4.889731298381393e-05, 8.890856412812829e-06
1391, 5.497787143782138e+00, 5.105088062083414e+00, 1.570796326794897e+00, -1.789090743045187e-04, -6.505596586741533e-11, 3.485572883987450e-03, -5.369050620817170e-05
1392, 5.890486225480862e+00, 5.105088062083414e+00, 1.570796326794897e+00, 1.693440219205388e-04, -2.261064811597279e-03, 4.889758666054739e-05, 8.890818408654509e-06
1393, 6.283185307179586e+00, 5.105088062083414e+00, 1.570796326794897e+00, 5.206017707383082e-04, 5.938034383533029e-13, -3.390558957280136e-03, 7.395393666716954e-05
1394, 0.000000000000000e+00, 5.497787143782138e+00, 1.570796326794897e+00, 5.226003850993613e-04, 3.418923594749496e-11, -7.860727008770132e-03, 6.311992544865329e-05
1395, 3.926990816987241e-01, 5.497787143782138e+00, 1.570796326794897e+00, 8.065478478633880e-05, 3.247708214001797e-03, 5.038730740421757e-05, -2.139406828679888e-05
1396, 7.853981633974483e-01, 5.497787143782138e+00, 1.570796326794897e+00, -3.562044421027656e-04, -7.221157356068222e-11, 7.954035233199357e-03, -1.022201870612643e-04
1397, 1.178097245096172e+00, 5.497787143782138e+00, 1.570796326794897e+00, 8.065534948968161e-05, -3.247708327517495e-03, 5.038711357648731e-05, -2.139401475846902e-05
1398, 1.570796326794897e+00, 5.497787143782138e+00, 1.570796326794897e+00, 5.226011110562250e-04, -1.126596654990853e-11, -7.860727340333681e-03, 6.312001494447738e-05
1399, 1.963495408493621e+00, 5.497787143782138e+00, 1.570796326794897e+00, 8.065513975174850e-05, 3.247708295080314e-03, 5.038691670979540e-05, -2.139396772262366e-05
1400, 2.356194490192345e+00, 5.497787143782138e+00, 1.570796326794897e+00, -3.562046765649707e-04, 1.849283387150434e-11, 7.954034859362488e-03, -1.022200960040011e-04
1401, 2.748893571891069e+00, 5.497787143782138e+00, 1.570796326794897e+00, 8.065475285125768e-05, -3.247708270809877e-03, 5.038680116067327e-05, -2.139394234840726e-05
1402, 3.141592653589793e+00, 5.497787143782138e+00, 1.570796326794897e+00, 5.226004730789931e-04, 9.977427140298719e-13, -7.860727567351332e-03, 6.312006575164967e-05
1403, 3.534291735288517e+00, 5.497787143782138e+00, 1.570796326794897e+00, 8.065472148087501e-05, 3.247708271417770e-03, 5.038678707596598e-05, -2.139393899156867e-05
1404, 3.926990816987241e+00, 5.497787143782138e+00, 1.570796326794897e+00, -3.562047270965296e-04, -2.177753785367862e-11, 7.954034831536836e-03, -1.022200892883115e-04
1405, 4.319689898685965e+00, 5.497787143782138e+00, 1.570796326794897e+00, 8.065509525814549e-05, -3.247708303809168e-03, 5.038687600225134e-05, -2.139395769934251e-05
1406, 4.712388980384690e+00, 5.497787143782138e+00, 1.570796326794897e+00, 5.226011104640659e-04, -2.594299743067559e-12, -7.860727391784887e-03, 6.312002810023869e-05
1407, 5.105088062083414e+00, 5.497787143782138e+00, 1.570796326794897e+00, 8.065543522365741e-05, 3.247708311856997e-03, 5.038705590197018e-05, -2.139399905771489e-05
1408, 5.497787143782138e+00, 5.497787143782138e+00, 1.570796326794897e+00, -3.562042498643431e-04, 6.311738065029932e-11, 7.954035177323656e-03, -1.022201705584743e-04
1409, 5.890486225480862e+00, 5.497787143782138e+00, 1.570796326794897e+00, 8.065501841260872e-05, -3.247708199399648e-03, 5.038726698200175e-05, -2.139405536872286e-05
1410, 6.283185307179586e+00, 5.497787143782138e+00, 1.570796326794897e+00, 5.226003850993613e-04, 3.418923594749496e-11, -7.860727008770132e-03, 6.311992544865329e-05
1411, 0.000000000000000e+00, 5.890486225480862e+00, 1.570796326794897e+00, 2.845446579932333e-04, 5.615793562975495e-11, -1.266781531714982e-02, 4.138011981135157e-06
1412, 3.926990816987241e-01, 5.890486225480862e+00, 1.570796326794897e+00, -2.758571952931482e-05, 2.511293353701878e-03, 3.331627066400442e-05, -5.591333248636735e-05
1413, 7.853981633974483e-01, 5.890486225480862e+00, 1.570796326794897e+00, -3.384618091896042e-04, -1.523062700463684e-10, 1.272625756127351e-02, -1.149953731919997e-04
1414, 1.178097245096172e+00, 5.890486225480862e+00, 1.570796326794897e+00, -2.758478407264981e-05, -2.511293606746275e-03, 3.331616784903113e-05, -5.591326859285390e-05
1415, 1.570796326794897e+00, 5.890486225480862e+00, 1.570796326794897e+00, 2.845459304630424e-04, -9.188604670820699e-11, -1.266781549277085e-02, 4.138119952380740e-06
1416, 1.963495408493621e+00, 5.890486225480862e+00, 1.570796326794897e+00, -2.758488525569891e-05, 2.511293421106580e-03, 3.331605091341231e-05, -5.591320881891734e-05
1417, 2.356194490192345e+00, 5.890486225480862e+00, 1.570796326794897e+00, -3.384617884886365e-04, -2.837906031894721e-11, 1.272625734166472e-02, -1.149952583196320e-04
1418, 2.748893571891069e+00, 5.890486225480862e+00, 1.570796326794897e+00, -2.758532405902296e-05, -2.511293489017592e-03, 3.331598100681870e-05, -5.591317492568366e-05
1419, 3.141592653589793e+00, 5.890486225480862e+00, 1.570796326794897e+00, 2.845452434425594e-04, -4.707182243290033e-12, -1.266781562966989e-02, 4.138187041901918e-06
1420, 3.534291735288517e+00, 5.890486225480862e+00, 1.570796326794897e+00, -2.758536382777051e-05, 2.511293478305616e-03, 3.331597240815134e-05, -5.591317044675397e-05
1421, 3.926990816987241e+00, 5.890486225480862e+00, 1.570796326794897e+00, -3.384618492222181e-04, 1.417385012400476e-11, 1.272625732465501e-02, -1.149952494406237e-04
1422, 4.319689898685965e+00, 5.890486225480862e+00, 1.570796326794897e+00, -2.758492909869565e-05, -2.511293439656729e-03, 3.331602601827434e-05, -5.591319575375264e-05
1423, 4.712388980384690e+00, 5.890486225480862e+00, 1.570796326794897e+00, 2.845459575463311e-04, 7.075990742080595e-11, -1.266781552405948e-02, 4.138136763055956e-06
1424, 5.105088062083414e+00, 5.890486225480862e+00, 1.570796326794897e+00, -2.758463069701277e-05, 2.511293588976996e-03, 3.331613343319596e-05, -5.591324903888891e-05
1425, 5.497787143782138e+00, 5.890486225480862e+00, 1.570796326794897e+00, -3.384615116709938e-04, 1.497105070127661e-10, 1.272625752973972e-02, -1.149953532090342e-04
1426, 5.890486225480862e+00, 5.890486225480862e+00, 1.570796326794897e+00, -2.758537864781755e-05, -2.511293320511920e-03, 3.331625144332776e-05, -5.591331722322565e-05
1427, 6.283185307179586e+00, 5.890486225480862e+00, 1.570796326794897e+00, 2.845446579932333e-04, 5.615793562975495e-11, -1.266781531714982e-02, 4.138011981135157e-06
1428, 0.000000000000000e+00, 6.283185307179586e+00, 1.570796326794897e+00, -7.773530781517457e-05, 5.490376275877715e-11, -1.481232554618899e-02, -7.247672429366293e-05
1429, 3.926990816987241e-01, 6.283185307179586e+00, 1.570796326794897e+00, -7.656826816844534e-05, -1.258626112481790e-10, 1.826517567150982e-10, -7.169932393189714e-05
1430, 7.853981633974483e-01, 6.283185307179586e+00, 1.570796326794897e+00, -7.773446766976526e-05, -1.811890526337778e-10, 1.481232589724471e-02, -7.247668392734892e-05
1431, 1.178097245096172e+00, 6.283185307179586e+00, 1.570796326794897e+00, -7.656727217957840e-05, -1.676392809658997e-10, 1.699508002060288e-10, -7.169925715559530e-05
1432, 1.570796326794897e+00, 6.283185307179586e+00, 1.570796326794897e+00, -7.773398024399482e-05, -1.270065646089197e-10, -1.481232555693883e-02, -7.247661258323220e-05
1433, 1.963495408493621e+00, 6.283185307179586e+00, 1.570796326794897e+00, -7.656733799570724e-05, -8.393666752566318e-11, 1.561883203462510e-10, -7.169919162007065e-05
1434, 2.356194490192345e+00, 6.283185307179586e+00, 1.570796326794897e+00, -7.773437659968374e-05, -4.890990253465868e-11, 1.481232587061894e-02, -7.247655858424547e-05
1435, 2.748893571891069e+00, 6.283185307179586e+00, 1.570796326794897e+00, -7.656780206793284e-05, -2.431176775261818e-11, 1.474822043046974e-10, -7.169915354027363e-05
1436, 3.141592653589793e+00, 6.283185307179586e+00, 1.570796326794897e+00, -7.773469464360580e-05, -7.243542038171586e-12, -1.481232557381146e-02, -7.247653760602196e-05
1437, 3.534291735288517e+00, 6.283185307179586e+00, 1.570796326794897e+00, -7.656784517189283e-05, 8.557404752583973e-12, 1.463688143207955e-10, -7.169914852136569e-05
1438, 3.926990816987241e+00, 6.283185307179586e+00, 1.570796326794897e+00, -7.773444117246175e-05, 2.982430564805612e-11, 1.481232586837708e-02, -7.247654865860870e-05
1439, 4.319689898685965e+00, 6.283185307179586e+00, 1.570796326794897e+00, -7.656738069023585e-05, 6.097690638179425e-11, 1.528152357302674e-10, -7.169917706974094e-05
1440, 4.712388980384690e+00, 6.283185307179586e+00, 1.570796326794897e+00, -7.773394048703880e-05, 1.026375425343053e-10, -1.481232556116356e-02, -7.247659401246171e-05
1441, 5.105088062083414e+00, 6.283185307179586e+00, 1.570796326794897e+00, -7.656709151480367e-05, 1.495053689594719e-10, 1.653048081220634e-10, -7.169923587263491e-05
1442, 5.497787143782138e+00, 6.283185307179586e+00, 1.570796326794897e+00, -7.773413838517582e-05, 1.848689874508053e-10, 1.481232589263049e-02, -7.247666271718332e-05
1443, 5.890486225480862e+00, 6.283185307179586e+00, 1.570796326794897e+00, -7.656792138566551e-05, 1.747830930798859e-10, 1.792802180696055e-10, -7.169930854120354e-05
1444, 6.283185307179586e+00, 6.283185307179586e+00, 1.570796326794897e+00, -7.773530781517457e-05, 5.490376275877715e-11, -1.481232554618899e-02, -7.247672429366293e-05
1445, 0.000000000000000e+00, 0.000000000000000e+00, 1.963495408493621e+00, 1.096122794727312e-05, 4.506699498482696e-11, -2.155272748282334e-03, -3.728027269050789e-05
1446, 3.926990816987241e-01, 0.000000000000000e+00, 1.963495408493621e+00, 9.464437563234277e-06, -1.026503170022401e-10, 1.637093753364270e-10, -3.782060893298450e-05
1447, 7.853981633974483e-01, 0.000000000000000e+00, 1.963495408493621e+00, 1.096189290864905e-05, -1.455812851691991e-10, 2.155273064073141e-03, -3.728023462417753e-05
1448, 1.178097245096172e+00, 0.000000000000000e+00, 1.963495408493621e+00, 9.465203228700954e-06, -1.312127609757338e-10, 1.526155722715918e-10, -3.782054515115506e-05
1449, 1.570796326794897e+00, 0.000000000000000e+00, 1.963495408493621e+00, 1.096221961930110e-05, -9.483639438110397e-11, -2.155272759066470e-03, -3.728016675185476e-05
1450, 1.963495408493621e+00, 0.000000000000000e+00, 1.963495408493621e+00, 9.465059371658989e-06, -5.823069986271137e-11, 1.393900910540614e-10, -3.782048484637096e-05
1451, 2.356194490192345e+00, 0.000000000000000e+00, 1.963495408493621e+00, 1.096180312444156e-05, -3.092769220961673e-11, 2.155273039322435e-03, -3.728011892281124e-05
1452, 2.748893571891069e+00, 0.000000000000000e+00, 1.963495408493621e+00, 9.464607372583725e-06, -1.430868978456818e-11, 1.316603355787401e-10, -3.782045133090914e-05
1453, 3.141592653589793e+00, 0.000000000000000e+00, 1.963495408493621e+00, 1.096150266425323e-05, -4.891485155051859e-12, -2.155272774328567e-03, -3.728010008286598e-05
1454, 3.534291735288517e+00, 0.000000000000000e+00, 1.963495408493621e+00, 9.464564801551004e-06, 3.234097733980005e-12, 1.306441291858671e-10, -3.782044696935710e-05
1455, 3.926990816987241e+00, 0.000000000000000e+00, 1.963495408493621e+00, 1.096173677278736e-05, 1.642391902491786e-11, 2.155273037296287e-03, -3.728011021884316e-05
1456, 4.319689898685965e+00, 0.000000000000000e+00, 1.963495408493621e+00, 9.465006845471567e-06, 3.959845758550067e-11, 1.363777558656610e-10, -3.782047189731158e-05
1457, 4.712388980384690e+00, 0.000000000000000e+00, 1.963495408493621e+00, 1.096223339429443e-05, 7.412403974474133e-11, -2.155272762937127e-03, -3.728014991807698e-05
1458, 5.105088062083414e+00, 0.000000000000000e+00, 1.963495408493621e+00, 9.465334296634130e-06, 1.150290764839433e-10, 1.481935939759801e-10, -3.782052551878507e-05
1459, 5.497787143782138e+00, 0.000000000000000e+00, 1.963495408493621e+00, 1.096215006387811e-05, 1.472308247978025e-10, 2.155273059681308e-03, -3.728021490110496e-05
1460, 5.890486225480862e+00, 0.000000000000000e+00, 1.963495408493621e+00, 9.464715141077480e-06, 1.418910282444685e-10, 1.604948677209778e-10, -3.782059466787052e-05
1461, 6.283185307179586e+00, 0.000000000000000e+00, 1.963495408493621e+00, 1.096122794727312e-05, 4.506699498482696e-11, -2.155272748282334e-03, -3.728027269050789e-05
1462, 0.000000000000000e+00, 3.926990816987241e-01, 1.963495408493621e+00, -2.430112922347921e-05, 4.954318758925407e-11, -1.858940877187394e-03, -4.787565587512638e-05
1463, 3.926990816987241e-01, 3.926990816987241e-01, 1.963495408493621e+00, 2.436641037027550e-05, -3.640058129350788e-04, -1.182622667321967e-05, -3.230360950124733e-05
1464, 7.853981633974483e-01, 3.926990816987241e-01, 1.963495408493621e+00, 7.139087324313196e-05, -1.294213253641995e-10, 1.836274770408985e-03, -1.740697927088249e-05
1465, 1.178097245096172e+00, 3.926990816987241e-01, 1.963495408493621e+00, 2.436708901339200e-05, 3.640056012870102e-04, -1.182615100261486e-05, -3.230354793412644e-05
1466, 1.570796326794897e+00, 3.926990816987241e-01, 1.963495408493621e+00, -2.430028025905490e-05, -7.474396569219709e-11, -1.858940753403554e-03, -4.787555290259314e-05
1467, 1.963495408493621e+00, 3.926990816987241e-01, 1.963495408493621e+00, 2.436685823923344e-05, -3.640057531192376e-04, -1.182606328966662e-05, -3.230349143258886e-05
1468, 2.356194490192345e+00, 3.926990816987241e-01, 1.963495408493621e+00, 7.139061945349283e-05, -1.927769140259507e-11, 1.836274934596650e-03, -1.740687045422877e-05
1469, 2.748893571891069e+00, 3.926990816987241e-01, 1.963495408493621e+00, 2.436637778019978e-05, 3.640057035293827e-04, -1.182601132697426e-05, -3.230346024911432e-05
1470, 3.141592653589793e+00, 3.926990816987241e-01, 1.963495408493621e+00, -2.430106382587654e-05, -3.494410528862654e-12, -1.858940651549802e-03, -4.787549078675366e-05
1471, 3.534291735288517e+00, 3.926990816987241e-01, 1.963495408493621e+00, 2.436633213816629e-05, -3.640057118389086e-04, -1.182600503574773e-05, -3.230345618827103e-05
1472, 3.926990816987241e+00, 3.926990816987241e-01, 1.963495408493621e+00, 7.139054572766478e-05, 7.428113823772052e-12, 1.836274947036575e-03, -1.740686233734861e-05
1473, 4.319689898685965e+00, 3.926990816987241e-01, 1.963495408493621e+00, 2.436679182717195e-05, 3.640057368539390e-04, -1.182604514888154e-05, -3.230347932993008e-05
1474, 4.712388980384690e+00, 3.926990816987241e-01, 1.963495408493621e+00, -2.430028905630672e-05, 5.568153569431570e-11, -1.858940730648403e-03, -4.787553712129608e-05
1475, 5.105088062083414e+00, 3.926990816987241e-01, 1.963495408493621e+00, 2.436718992064528e-05, -3.640056176574206e-04, -1.182612603895788e-05, -3.230352941851524e-05
1476, 5.497787143782138e+00, 3.926990816987241e-01, 1.963495408493621e+00, 7.139110409495131e-05, 1.264658187610221e-10, 1.836274792866917e-03, -1.740696037453656e-05
1477, 5.890486225480862e+00, 3.926990816987241e-01, 1.963495408493621e+00, 2.436668923612437e-05, 3.640058416507022e-04, -1.182621370173351e-05, -3.230359523564562e-05
1478, 6.283185307179586e+00, 3.926990816987241e-01, 1.963495408493621e+00, -2.430112922347921e-05, 4.954318758925407e-11, -1.858940877187394e-03, -4.787565587512638e-05
1479, 0.000000000000000e+00, 7.853981633974483e-01, 1.963495408493621e+00, -8.813668098376442e-06, 3.230053953021874e-11, -1.172728494256382e-03, -4.091229810714200e-05
1480, 3.926990816987241e-01, 7.853981633974483e-01, 1.963495408493621e+00, 6.408914662117786e-05, -4.708617277260199e-04, -2.264857744399943e-05, -1.810620820810222e-05
1481, 7.853981633974483e-01, 7.853981633974483e-01, 1.963495408493621e+00, 1.304672046279850e-04, -6.506986107931649e-11, 1.127769915016691e-03, 2.385630604001317e-06
1482, 1.178097245096172e+00, 7.853981633974483e-01, 1.963495408493621e+00, 6.408948098619894e-05, 4.708616261855474e-04, -2.264841546625491e-05, -1.810615558069357e-05
1483, 1.570796326794897e+00, 7.853981633974483e-01, 1.963495408493621e+00, -8.813321083250237e-06, -9.007113750294868e-12, -1.172728218697249e-03, -4.091221045096692e-05
1484, 1.963495408493621e+00, 7.853981633974483e-01, 1.963495408493621e+00, 6.408909172586231e-05, -4.708616533603855e-04, -2.264824735481987e-05, -1.810610970138362e-05
1485, 2.356194490192345e+00, 7.853981633974483e-01, 1.963495408493621e+00, 1.304666148268532e-04, 1.873974716070864e-11, 1.127770233597576e-03, 2.385719530158572e-06
1486, 2.748893571891069e+00, 7.853981633974483e-01, 1.963495408493621e+00, 6.408860788363472e-05, 4.708616786580036e-04, -2.264814878845648e-05, -1.810608515036162e-05
1487, 3.141592653589793e+00, 7.853981633974483e-01, 1.963495408493621e+00, -8.814152194052934e-06, 1.075327400339105e-12, -1.172728025224054e-03, -4.091216118407035e-05
1488, 3.534291735288517e+00, 7.853981633974483e-01, 1.963495408493621e+00, 6.408856358425105e-05, -4.708616779007973e-04, -2.264813691011756e-05, -1.810608194835232e-05
1489, 3.926990816987241e+00, 7.853981633974483e-01, 1.963495408493621e+00, 1.304665387849955e-04, -2.183602419389728e-11, 1.127770257107830e-03, 2.385725968437554e-06
1490, 4.319689898685965e+00, 7.853981633974483e-01, 1.963495408493621e+00, 6.408900998956330e-05, 4.708616449643017e-04, -2.264821297435195e-05, -1.810610000850627e-05
1491, 4.712388980384690e+00, 7.853981633974483e-01, 1.963495408493621e+00, -8.813369596469435e-06, -4.298131117286563e-12, -1.172728175280883e-03, -4.091219764692106e-05
1492, 5.105088062083414e+00, 7.853981633974483e-01, 1.963495408493621e+00, 6.408951001546644e-05, -4.708616410556768e-04, -2.264836681264628e-05, -1.810614030145902e-05
1493, 5.497787143782138e+00, 7.853981633974483e-01, 1.963495408493621e+00, 1.304673369556518e-04, 5.667997838308101e-11, 1.127769961959831e-03, 2.385646538095560e-06
1494, 5.890486225480862e+00, 7.853981633974483e-01, 1.963495408493621e+00, 6.408933227732518e-05, 4.708617416316040e-04, -2.264854375669426e-05, -1.810619590315415e-05
1495, 6.283185307179586e+00, 7.853981633974483e-01, 1.963495408493621e+00, -8.813668098376442e-06, 3.230053953021874e-11, -1.172728494256382e-03, -4.091229810714200e-05
1496, 0.000000000000000e+00, 1.178097245096172e+00, 1.963495408493621e+00, 5.003080796514162e-05, 3.283447603268445e-12, -5.286442602208136e-04, -1.938095929836167e-05
1497, 3.926990816987241e-01, 1.178097245096172e+00, 1.963495408493621e+00, 1.092163782906408e-04, -3.278717579707607e-04, -2.874585384536457e-05, -1.541993690267342e-06
1498, 7.853981633974483e-01, 1.178097245096172e+00, 1.963495408493621e+00, 1.636567169966495e-04, 4.001099825906365e-11, 4.707228955540223e-04, 1.485582876775115e-05
1499, 1.178097245096172e+00, 1.178097245096172e+00, 1.963495408493621e+00, 1.092161372385974e-04, 3.278718374220311e-04, -2.874562876124234e-05, -1.541956082261353e-06
1500, 1.570796326794897e+00, 1.178097245096172e+00, 1.963495408493621e+00, 5.003030143229849e-05, 9.106507175262069e-11, -5.286438781795864e-04, -1.938089723096359e-05
1501, 1.963495408493621e+00, 1.178097245096172e+00, 1.963495408493621e+00, 1.092155559008744e-04, -3.278716731031484e-04, -2.874540638282781e-05, -1.541925349767500e-06
1502, 2.356194490192345e+00, 1.178097245096172e+00, 1.963495408493621e+00, 1.636556848144066e-04, 7.607271823869380e-11, 4.707233197566094e-04, 1.485588874423852e-05
1503, 2.748893571891069e+00, 1.178097245096172e+00, 1.963495408493621e+00, 1.092151087762232e-04, 3.278718114731301e-04, -2.874527777031427e-05, -1.541910053758606e-06
1504, 3.141592653589793e+00, 1.178097245096172e+00, 1.963495408493621e+00, 5.002947576255207e-05, 7.938532290931520e-12, -5.286436250874986e-04, -1.938086594641101e-05
1505, 3.534291735288517e+00, 1.178097245096172e+00, 1.963495408493621e+00, 1.092150725323744e-04, -3.278717970887541e-04, -2.874526235649299e-05, -1.541908047641521e-06
1506, 3.926990816987241e+00, 1.178097245096172e+00, 1.963495408493621e+00, 1.636556167923296e-04, -6.597138457648435e-11, 4.707233503061654e-04, 1.485589284341088e-05
1507, 4.319689898685965e+00, 1.178097245096172e+00, 1.963495408493621e+00, 1.092154665344150e-04, 3.278716767247060e-04, -2.874536155177587e-05, -1.541919028433227e-06
1508, 4.712388980384690e+00, 1.178097245096172e+00, 1.963495408493621e+00, 5.003020892702849e-05, -9.504637049688614e-11, -5.286438211247752e-04, -1.938088864339687e-05
1509, 5.105088062083414e+00, 1.178097245096172e+00, 1.963495408493621e+00, 1.092160669331108e-04, -3.278718483346023e-04, -2.874556384990602e-05, -1.541945545478117e-06
1510, 5.497787143782138e+00, 1.178097245096172e+00, 1.963495408493621e+00, 1.636566930846712e-04, -5.431167938227482e-11, 4.707229597066348e-04, 1.485584001402005e-05
1511, 5.890486225480862e+00, 1.178097245096172e+00, 1.963495408493621e+00, 1.092164005124229e-04, 3.278717478581099e-04, -2.874580678545231e-05, -1.541984880048792e-06
1512, 6.283185307179586e+00, 1.178097245096172e+00, 1.963495408493621e+00, 5.003080796514162e-05, 3.283447603268445e-12, -5.286442602208136e-04, -1.938095929836167e-05
1513, 0.000000000000000e+00, 1.570796326794897e+00, 1.963495408493621e+00, 1.075606094831894e-04, -3.209574437767515e-11, -1.671792098888006e-04, 3.267581942429856e-06
1514, 3.926990816987241e-01, 1.570796326794897e+00, 1.963495408493621e+00, 1.350927591690588e-04, -1.344819673031696e-04, -2.775339263877852e-05, 1.102025123141998e-05
1515, 7.853981633974483e-01, 1.570796326794897e+00, 1.963495408493621e+00, 1.612242259697249e-04, 1.695363706904967e-10, 1.113386491017771e-04, 1.845655589329047e-05
1516, 1.178097245096172e+00, 1.570796326794897e+00, 1.963495408493621e+00, 1.350918079318374e-04, 1.344822689242746e-04, -2.775314103905021e-05, 1.102027024063502e-05
1517, 1.570796326794897e+00, 1.570796326794897e+00, 1.963495408493621e+00, 1.075590537595179e-04, 2.103530740495657e-10, -1.671787844916472e-04, 3.267612678419581e-06
1518, 1.963495408493621e+00, 1.570796326794897e+00, 1.963495408493621e+00, 1.350910257454393e-04, -1.344818752352687e-04, -2.775289736601220e-05, 1.102028360681620e-05
1519, 2.356194490192345e+00, 1.570796326794897e+00, 1.963495408493621e+00, 1.612227069920704e-04, 1.435831794736961e-10, 1.113391150839850e-04, 1.845658233104841e-05
1520, 2.748893571891069e+00, 1.570796326794897e+00, 1.963495408493621e+00, 1.350906505544753e-04, 1.344821470581948e-04, -2.775275817263155e-05, 1.102028861352655e-05
1521, 3.141592653589793e+00, 1.570796326794897e+00, 1.963495408493621e+00, 1.075582854671400e-04, 1.598137986066851e-11, -1.671785098317341e-04, 3.267623850553366e-06
1522, 3.534291735288517e+00, 1.570796326794897e+00, 1.963495408493621e+00, 1.350906281845865e-04, -1.344821166823928e-04, -2.775274157708058e-05, 1.102028929457786e-05
1523, 3.926990816987241e+00, 1.570796326794897e+00, 1.963495408493621e+00, 1.612226566098915e-04, -1.179057068586761e-10, 1.113391480377037e-04, 1.845658383270405e-05
1524, 4.319689898685965e+00, 1.570796326794897e+00, 1.963495408493621e+00, 1.350909378988879e-04, 1.344818932655719e-04, -2.775284881712172e-05, 1.102028615819610e-05
1525, 4.712388980384690e+00, 1.570796326794897e+00, 1.963495408493621e+00, 1.075589193597562e-04, -2.027058809610563e-10, -1.671787223113781e-04, 3.267616479745160e-06
1526, 5.105088062083414e+00, 1.570796326794897e+00, 1.963495408493621e+00, 1.350916258285120e-04, -1.344822741968484e-04, -2.775306972518973e-05, 1.102027525542770e-05
1527, 5.497787143782138e+00, 1.570796326794897e+00, 1.963495408493621e+00, 1.612240157302970e-04, -1.902785739891130e-10, 1.113387200679970e-04, 1.845656151082663e-05
1528, 5.890486225480862e+00, 1.570796326794897e+00, 1.963495408493621e+00, 1.350925827859632e-04, 1.344819277898192e-04, -2.775334053631253e-05, 1.102025575864308e-05
1529, 6.283185307179586e+00, 1.570796326794897e+00, 1.963495408493621e+00, 1.075606094831894e-04, -3.209574437767515e-11, -1.671792098888006e-04, 3.267581942429856e-06
1530, 0.000000000000000e+00, 1.963495408493621e+00, 1.963495408493621e+00, 1.285207518375264e-04, -6.802889962705729e-11, -4.229851965688325e-05, 1.671113395583597e-05
1531, 3.926990816987241e-01, 1.963495408493621e+00, 1.963495408493621e+00, 1.317079363268562e-04, -2.859255523941480e-05, -2.153173827047531e-05, 1.709388928910847e-05
1532, 7.853981633974483e-01, 1.963495408493621e+00, 1.963495408493621e+00, 1.348519172246428e-04, 3.025124344289241e-10, -8.234128636347414e-07, 1.748938444579107e-05
1533, 1.178097245096172e+00, 1.963495408493621e+00, 1.963495408493621e+00, 1.317062647372302e-04, 2.859308424659649e-05, -2.153150062077178e-05, 1.709388930788172e-05
1534, 1.570796326794897e+00, 1.963495408493621e+00, 1.963495408493621e+00, 1.285181377640595e-04, 3.311854852685446e-10, -4.229811849812824e-05, 1.671113290106891e-05
1535, 1.963495408493621e+00, 1.963495408493621e+00, 1.963495408493621e+00, 1.317052985771997e-04, -2.859245781907641e-05, -2.153127202901009e-05, 1.709388549562004e-05
1536, 2.356194490192345e+00, 1.963495408493621e+00, 1.963495408493621e+00, 1.348499376526809e-04, 2.112307292005899e-10, -8.229755039548807e-07, 1.748937758658561e-05
1537, 2.748893571891069e+00, 1.963495408493621e+00, 1.963495408493621e+00, 1.317050154690991e-04, 2.859286369140275e-05, -2.153114261225986e-05, 1.709388059697688e-05
1538, 3.141592653589793e+00, 1.963495408493621e+00, 1.963495408493621e+00, 1.285174620815091e-04, 2.400482559137592e-11, -4.229786257632880e-05, 1.671112459290478e-05
1539, 3.534291735288517e+00, 1.963495408493621e+00, 1.963495408493621e+00, 1.317050101151062e-04, -2.859281733265503e-05, -2.153112724691495e-05, 1.709388000818684e-05
1540, 3.926990816987241e+00, 1.963495408493621e+00, 1.963495408493621e+00, 1.348499106646483e-04, -1.698850501156402e-10, -8.229449335756459e-07, 1.748937659053689e-05
1541, 4.319689898685965e+00, 1.963495408493621e+00, 1.963495408493621e+00, 1.317052194289876e-04, 2.859249052511991e-05, -2.153122684295912e-05, 1.709388439489667e-05
1542, 4.712388980384690e+00, 1.963495408493621e+00, 1.963495408493621e+00, 1.285179682032666e-04, -3.114646352217643e-10, -4.229806038917200e-05, 1.671113200830071e-05
1543, 5.105088062083414e+00, 1.963495408493621e+00, 1.963495408493621e+00, 1.317059751425861e-04, -2.859308345657985e-05, -2.153143374148825e-05, 1.709388882537984e-05
1544, 5.497787143782138e+00, 1.963495408493621e+00, 1.963495408493621e+00, 1.348515218138229e-04, -3.296946428859100e-10, -8.233462164623005e-07, 1.748938439355666e-05
1545, 5.890486225480862e+00, 1.963495408493621e+00, 1.963495408493621e+00, 1.317075608312686e-04, 2.859248569092731e-05, -2.153168939619191e-05, 1.709388948574512e-05
1546, 6.283185307179586e+00, 1.963495408493621e+00, 1.963495408493621e+00, 1.285207518375264e-04, -6.802889962705729e-11, -4.229851965688325e-05, 1.671113395583597e-05
1547, 0.000000000000000e+00, 2.356194490192345e+00, 1.963495408493621e+00, 1.139803516068540e-04, -9.900481427725835e-11, -1.423895333044063e-05, 2.011098273997970e-05
1548, 3.926990816987241e-01, 2.356194490192345e+00, 1.963495408493621e+00, 1.087051775970643e-04, -1.394854552106128e-06, -1.366055482761902e-05, 1.818155017083608e-05
1549, 7.853981633974483e-01, 2.356194490192345e+00, 1.963495408493621e+00, 1.035334408165565e-04, 4.178383390055251e-10, -1.306304338080284e-05, 1.627330388832007e-05
1550, 1.178097245096172e+00, 2.356194490192345e+00, 1.963495408493621e+00, 1.087028948418131e-04, 1.395580521699547e-06, -1.366036818537559e-05, 1.818153386640671e-05
1551, 1.570796326794897e+00, 2.356194490192345e+00, 1.963495408493621e+00, 1.139768441771046e-04, 4.354928801211160e-10, -1.423863843588992e-05, 2.011095442942727e-05
1552, 1.963495408493621e+00, 2.356194490192345e+00, 1.963495408493621e+00, 1.087017878136653e-04, -1.394753133250050e-06, -1.366018908492725e-05, 1.818151547184630e-05
1553, 2.356194490192345e+00, 2.356194490192345e+00, 1.963495408493621e+00, 1.035310966400224e-04, 2.691686860929166e-10, -1.306270074467311e-05, 1.627326874195067e-05
1554, 2.748893571891069e+00, 2.356194490192345e+00, 1.963495408493621e+00, 1.087015990941494e-04, 1.395274040370475e-06, -1.366008828125730e-05, 1.818150232321758e-05
1555, 3.141592653589793e+00, 2.356194490192345e+00, 1.963495408493621e+00, 1.139762757381285e-04, 3.085407867479415e-11, -1.423843879466915e-05, 2.011092982147678e-05
1556, 3.534291735288517e+00, 2.356194490192345e+00, 1.963495408493621e+00, 1.087016106194358e-04, -1.395214012491071e-06, -1.366007634282647e-05, 1.818150068203531e-05
1557, 3.926990816987241e+00, 2.356194490192345e+00, 1.963495408493621e+00, 1.035310939350019e-04, -2.143501200171944e-10, -1.306267695382138e-05, 1.627326566817653e-05
1558, 4.319689898685965e+00, 2.356194490192345e+00, 1.963495408493621e+00, 1.087017215632913e-04, 1.394798559458426e-06, -1.366015383755958e-05, 1.818151131335138e-05
1559, 4.712388980384690e+00, 2.356194490192345e+00, 1.963495408493621e+00, 1.139766501299260e-04, -4.052257790606968e-10, -1.423859300185252e-05, 2.011094957278213e-05
1560, 5.105088062083414e+00, 2.356194490192345e+00, 1.963495408493621e+00, 1.087025180125810e-04, -1.395574402190901e-06, -1.366031581600915e-05, 1.818152870416937e-05
1561, 5.497787143782138e+00, 2.356194490192345e+00, 1.963495408493621e+00, 1.035328902893734e-04, -4.505894712197704e-10, -1.306299118207085e-05, 1.627329898676325e-05
1562, 5.890486225480862e+00, 2.356194490192345e+00, 1.963495408493621e+00, 1.087046334867670e-04, 1.394759029477818e-06, -1.366051657353575e-05, 1.818154666085761e-05
1563, 6.283185307179586e+00, 2.356194490192345e+00, 1.963495408493621e+00, 1.139803516068540e-04, -9.900481427725835e-11, -1.423895333044063e-05, 2.011098273997970e-05
1564, 0.000000000000000e+00, 2.748893571891069e+00, 1.963495408493621e+00, 8.844926820795489e-05, -1.204143326541888e-10, -5.822499422670320e-06, 1.853299299852237e-05
1565, 3.926990816987241e-01, 2.748893571891069e+00, 1.963495408493621e+00, 8.459961590530119e-05, 5.847233337549317e-07, -6.392084888418128e-06, 1.726461132729142e-05
1566, 7.853981633974483e-01, 2.748893571891069e+00, 1.963495408493621e+00, 8.078121715104164e-05, 4.977110131560966e-10, -6.950866473616309e-06, 1.599985171858874e-05
1567, 1.178097245096172e+00, 2.748893571891069e+00, 1.963495408493621e+00, 8.459692692159959e-05, -5.838610176445276e-07, -6.391977687662531e-06, 1.726458385405307e-05
1568, 1.570796326794897e+00, 2.748893571891069e+00, 1.963495408493621e+00, 8.844517180847967e-05, 5.075614328776121e-10, -5.822318641249456e-06, 1.853294606244842e-05
1569, 1.963495408493621e+00, 2.748893571891069e+00, 1.963495408493621e+00, 8.459574353298922e-05, 5.848272477065400e-07, -6.391875104758876e-06, 1.726455555439560e-05
1570, 2.356194490192345e+00, 2.748893571891069e+00, 1.963495408493621e+00, 8.077866026866806e-05, 3.089737098580302e-10, -6.950670217229885e-06, 1.599979735307904e-05
1571, 2.748893571891069e+00, 2.748893571891069e+00, 1.963495408493621e+00, 8.459563512052022e-05, -5.842271902244766e-07, -6.391817654499010e-06, 1.726453687395572e-05
1572, 3.141592653589793e+00, 2.748893571891069e+00, 1.963495408493621e+00, 8.844470580741845e-05, 3.555423658264913e-11, -5.822204710266467e-06, 1.853291048956633e-05
1573, 3.534291735288517e+00, 2.748893571891069e+00, 1.963495408493621e+00, 8.459566032630873e-05, 5.842966126344729e-07, -6.391810845495875e-06, 1.726453452958694e-05
1574, 3.926990816987241e+00, 2.748893571891069e+00, 1.963495408493621e+00, 8.077867815567100e-05, -2.448577550428465e-10, -6.950656630144418e-06, 1.599979288625503e-05
1575, 4.319689898685965e+00, 2.748893571891069e+00, 1.963495408493621e+00, 8.459569136604307e-05, -5.847730000544589e-07, -6.391854938286630e-06, 1.726454933484983e-05
1576, 4.712388980384690e+00, 2.748893571891069e+00, 1.963495408493621e+00, 8.844496675851120e-05, -4.699540249803645e-10, -5.822292600864372e-06, 1.853293851758704e-05
1577, 5.105088062083414e+00, 2.748893571891069e+00, 1.963495408493621e+00, 8.459649576395677e-05, 5.838708544559534e-07, -6.391947634685441e-06, 1.726457550161532e-05
1578, 5.497787143782138e+00, 2.748893571891069e+00, 1.963495408493621e+00, 8.078056461451359e-05, -5.343116505053060e-10, -6.950836498688144e-06, 1.599984350135505e-05
1579, 5.890486225480862e+00, 2.748893571891069e+00, 1.963495408493621e+00, 8.459895861559381e-05, -5.848368225098783e-07, -6.392062913707450e-06, 1.726460528069109e-05
1580, 6.283185307179586e+00, 2.748893571891069e+00, 1.963495408493621e+00, 8.844926820795489e-05, -1.204143326541888e-10, -5.822499422670320e-06, 1.853299299852237e-05
1581, 0.000000000000000e+00, 3.141592653589793e+00, 1.963495408493621e+00, 7.468268657406606e-05, -1.291197434188375e-10, 4.797467175040079e-07, 1.668062723562626e-05
1582, 3.926990816987241e-01, 3.141592653589793e+00, 1.963495408493621e+00, 7.468025873451001e-05, 3.413666818233104e-10, -1.095733319417433e-10, 1.668094361684387e-05
1583, 7.853981633974483e-01, 3.141592653589793e+00, 1.963495408493621e+00, 7.468052440829383e-05, 5.300311548842583e-10, -4.799625141325016e-07, 1.668060736777824e-05
1584, 1.178097245096172e+00, 3.141592653589793e+00, 1.963495408493621e+00, 7.467742984005597e-05, 5.760701318605574e-10, -9.792214297281766e-11, 1.668091177973588e-05
1585, 1.570796326794897e+00, 3.141592653589793e+00, 1.963495408493621e+00, 7.467839463287826e-05, 5.365130614918192e-10, 4.797662063456465e-07, 1.668057304234265e-05
1586, 1.963495408493621e+00, 3.141592653589793e+00, 1.963495408493621e+00, 7.467624654404722e-05, 4.459691975110781e-10, -8.731804776972847e-11, 1.668087968066798e-05
1587, 2.356194490192345e+00, 3.141592653589793e+00, 1.963495408493621e+00, 7.467793926924798e-05, 3.248348665584746e-10, -4.799421240823607e-07, 1.668054561536408e-05
1588, 2.748893571891069e+00, 3.141592653589793e+00, 1.963495408493621e+00, 7.467619149804971e-05, 1.856961492127591e-10, -8.165029057262942e-11, 1.668085891541230e-05
1589, 3.141592653589793e+00, 3.141592653589793e+00, 1.963495408493621e+00, 7.467800981450863e-05, 3.743787827698044e-11, 4.797775893075085e-07, 1.668053331897281e-05
1590, 3.534291735288517e+00, 3.141592653589793e+00, 1.963495408493621e+00, 7.467622483904037e-05, -1.125020273035226e-10, -8.094013074139210e-11, 1.668085630508596e-05
1591, 3.926990816987241e+00, 3.141592653589793e+00, 1.963495408493621e+00, 7.467797046372238e-05, -2.569683584319604e-10, -4.799406949254096e-07, 1.668054061953612e-05
1592, 4.319689898685965e+00, 3.141592653589793e+00, 1.963495408493621e+00, 7.467620696190976e-05, -3.881404921895778e-10, -8.516983133693472e-11, 1.668087267305811e-05
1593, 4.712388980384690e+00, 3.141592653589793e+00, 1.963495408493621e+00, 7.467819319942578e-05, -4.959049281567006e-10, 4.797690224597674e-07, 1.668056446027364e-05
1594, 5.105088062083414e+00, 3.141592653589793e+00, 1.963495408493621e+00, 7.467698493842226e-05, -5.646912964988261e-10, -9.462014834214393e-11, 1.668090218461401e-05
1595, 5.497787143782138e+00, 3.141592653589793e+00, 1.963495408493621e+00, 7.467983769945593e-05, -5.681612111654611e-10, -4.799591701542179e-07, 1.668059784843482e-05
1596, 5.890486225480862e+00, 3.141592653589793e+00, 1.963495408493621e+00, 7.467956004804843e-05, -4.621323115982764e-10, -1.070884904676023e-10, 1.668093656831857e-05
1597, 6.283185307179586e+00, 3.141592653589793e+00, 1.963495408493621e+00, 7.468268657406606e-05, -1.291197434188375e-10, 4.797467175040079e-07, 1.668062723562626e-05
1598, 0.000000000000000e+00, 3.534291735288517e+00, 1.963495408493621e+00, 8.078300090620818e-05, -1.238624897191025e-10, 6.950723770523797e-06, 1.599988492545488e-05
1599, 3.926990816987241e-01, 3.534291735288517e+00, 1.963495408493621e+00, 8.459935197331693e-05, -5.840761930007629e-07, 6.391879621505820e-06, 1.726462724574454e-05
1600, 7.853981633974483e-01, 3.534291735288517e+00, 1.963495408493621e+00, 8.844695908112127e-05, 5.099564810558566e-10, 5.822237800710150e-06, 1.853299126579797e-05
1601, 1.178097245096172e+00, 3.534291735288517e+00, 1.963495408493621e+00, 8.459667015532501e-05, 5.849592671003159e-07, 6.391794007812619e-06, 1.726459849565363e-05
1602, 1.570796326794897e+00, 3.534291735288517e+00, 1.963495408493621e+00, 8.077893581676168e-05, 5.179879743240655e-10, 6.950579093710651e-06, 1.599983591414957e-05
1603, 1.963495408493621e+00, 3.534291735288517e+00, 1.963495408493621e+00, 8.459556359323451e-05, -5.839728213718906e-07, 6.391711068389136e-06, 1.726456925822498e-05
1604, 2.356194490192345e+00, 3.534291735288517e+00, 1.963495408493621e+00, 8.844453449598717e-05, 3.144425157291602e-10, 5.822079333334101e-06, 1.853293503244602e-05
1605, 2.748893571891069e+00, 3.534291735288517e+00, 1.963495408493621e+00, 8.459552675552841e-05, 5.845839063576668e-07, 6.391664166018369e-06, 1.726455013126522e-05
1606, 3.141592653589793e+00, 3.534291735288517e+00, 1.963495408493621e+00, 8.077859849170341e-05, 3.624001464642544e-11, 6.950486319985615e-06, 1.599979941897335e-05
1607, 3.534291735288517e+00, 3.534291735288517e+00, 1.963495408493621e+00, 8.459556134413789e-05, -5.845131000615940e-07, 6.391658684999725e-06, 1.726454772443696e-05
1608, 3.926990816987241e+00, 3.534291735288517e+00, 1.963495408493621e+00, 8.844456950867687e-05, -2.489207391175831e-10, 5.822068416706672e-06, 1.853293043889191e-05
1609, 4.319689898685965e+00, 3.534291735288517e+00, 1.963495408493621e+00, 8.459553296654806e-05, 5.840284535947077e-07, 6.391694911878697e-06, 1.726456284181740e-05
1610, 4.712388980384690e+00, 3.534291735288517e+00, 1.963495408493621e+00, 8.077875182991663e-05, -4.791713957357023e-10, 6.950558304685603e-06, 1.599982809306999e-05
1611, 5.105088062083414e+00, 3.534291735288517e+00, 1.963495408493621e+00, 8.459625388006937e-05, -5.849487471684378e-07, 6.391770107526248e-06, 1.726458978656619e-05
1612, 5.497787143782138e+00, 3.534291735288517e+00, 1.963495408493621e+00, 8.844631081069614e-05, -5.470601617611638e-10, 5.822214054393770e-06, 1.853298264792864e-05
1613, 5.890486225480862e+00, 3.534291735288517e+00, 1.963495408493621e+00, 8.459868952315222e-05, 5.839599086640545e-07, 6.391862275181894e-06, 1.726462087397643e-05
1614, 6.283185307179586e+00, 3.534291735288517e+00, 1.963495408493621e+00, 8.078300090620818e-05, -1.238624897191025e-10, 6.950723770523797e-06, 1.599988492545488e-05
1615, 0.000000000000000e+00, 3.926990816987241e+00, 1.963495408493621e+00, 1.035346968264830e-04, -1.054269780636924e-10, 1.306299066629196e-05, 1.627334423358007e-05
1616, 3.926990816987241e-01, 3.926990816987241e+00, 1.963495408493621e+00, 1.087047150463721e-04, 1.395400201208864e-06, 1.366038966545795e-05, 1.818158022874984e-05
1617, 7.853981633974483e-01, 3.926990816987241e+00, 1.963495408493621e+00, 1.139781750276438e-04, 4.405128715037922e-10, 1.423868050632466e-05, 2.011100184988388e-05
1618, 1.178097245096172e+00, 3.926990816987241e+00, 1.963495408493621e+00, 1.087024453211726e-04, -1.394635788509897e-06, 1.366021965804106e-05, 1.818156158895825e-05
1619, 1.570796326794897e+00, 3.926990816987241e+00, 1.963495408493621e+00, 1.035312469926009e-04, 4.548066911472915e-10, 1.306270360778026e-05, 1.627331212044438e-05
1620, 1.963495408493621e+00, 3.926990816987241e+00, 1.963495408493621e+00, 1.087014804022698e-04, 1.395500638828229e-06, 1.366005574563686e-05, 1.818154146819280e-05
1621, 2.356194490192345e+00, 3.926990816987241e+00, 1.963495408493621e+00, 1.139760754339499e-04, 2.793563356352019e-10, 1.423836711766452e-05, 2.011096326397171e-05
1622, 2.748893571891069e+00, 3.926990816987241e+00, 1.963495408493621e+00, 1.087014238120001e-04, -1.394959221119388e-06, 1.365996325577858e-05, 1.818152747198904e-05
1623, 3.141592653589793e+00, 3.926990816987241e+00, 1.963495408493621e+00, 1.035309161667697e-04, 3.213668931503474e-11, 1.306252055817052e-05, 1.627328577557853e-05
1624, 3.534291735288517e+00, 3.926990816987241e+00, 1.963495408493621e+00, 1.087014525822934e-04, 1.395021835309195e-06, 1.365995237979902e-05, 1.818152570939406e-05
1625, 3.926990816987241e+00, 3.926990816987241e+00, 1.963495408493621e+00, 1.139761042098350e-04, -2.219157355781729e-10, 1.423834545783064e-05, 2.011095994719895e-05
1626, 4.319689898685965e+00, 3.926990816987241e+00, 1.963495408493621e+00, 1.087014537484724e-04, -1.395452636606784e-06, 1.366002368680296e-05, 1.818153693900662e-05
1627, 4.712388980384690e+00, 3.926990816987241e+00, 1.963495408493621e+00, 1.035310916384233e-04, -4.222946554791959e-10, 1.306266233386740e-05, 1.627330675239503e-05
1628, 5.105088062083414e+00, 3.926990816987241e+00, 1.963495408493621e+00, 1.087020957367088e-04, 1.394643173544392e-06, 1.366017214827420e-05, 1.818155577297107e-05
1629, 5.497787143782138e+00, 3.926990816987241e+00, 1.963495408493621e+00, 1.139776320830751e-04, -4.742032325103700e-10, 1.423863321909571e-05, 2.011099621457742e-05
1630, 5.890486225480862e+00, 3.926990816987241e+00, 1.963495408493621e+00, 1.087041611059608e-04, -1.395500929089943e-06, 1.366035506026303e-05, 1.818157611995782e-05
1631, 6.283185307179586e+00, 3.926990816987241e+00, 1.963495408493621e+00, 1.035346968264830e-04, -1.054269780636924e-10, 1.306299066629196e-05, 1.627334423358007e-05
1632, 0.000000000000000e+00, 4.319689898685965e+00, 1.963495408493621e+00, 1.348525983494740e-04, -7.653465179677112e-11, 8.234550670756742e-07, 1.748942518222028e-05
1633, 3.926990816987241e-01, 4.319689898685965e+00, 1.963495408493621e+00, 1.317073936140092e-04, 2.859294867852338e-05, 2.153163512682061e-05, 1.709393013866547e-05
1634, 7.853981633974483e-01, 4.319689898685965e+00, 1.963495408493621e+00, 1.285189912781608e-04, 3.321884648092795e-10, 4.229827373810669e-05, 1.671117408279816e-05
1635, 1.178097245096172e+00, 4.319689898685965e+00, 1.963495408493621e+00, 1.317057391718276e-04, -2.859236931570748e-05, 2.153140648173710e-05, 1.709392717094652e-05
1636, 1.570796326794897e+00, 4.319689898685965e+00, 1.963495408493621e+00, 1.348500596271898e-04, 3.565487597607583e-10, 8.230690942581010e-07, 1.748941923929369e-05
1637, 1.963495408493621e+00, 4.319689898685965e+00, 1.963495408493621e+00, 1.317049587874428e-04, 2.859304494897428e-05, 2.153118642727487e-05, 1.709392110587841e-05
1638, 2.356194490192345e+00, 4.319689898685965e+00, 1.963495408493621e+00, 1.285173313476474e-04, 2.247558798158352e-10, 4.229785278901308e-05, 1.671116273815019e-05
1639, 2.748893571891069e+00, 4.319689898685965e+00, 1.963495408493621e+00, 1.317048476723766e-04, -2.859261192693307e-05, 2.153106198734412e-05, 1.709391502981821e-05
1640, 3.141592653589793e+00, 4.319689898685965e+00, 1.963495408493621e+00, 1.348496934324936e-04, 2.571678375509958e-11, 8.228229504493432e-07, 1.748940855568892e-05
1641, 3.534291735288517e+00, 4.319689898685965e+00, 1.963495408493621e+00, 1.317048646013025e-04, 2.859266173398843e-05, 2.153104727715988e-05, 1.709391426745474e-05
1642, 3.926990816987241e+00, 4.319689898685965e+00, 1.963495408493621e+00, 1.285173450404346e-04, -1.799254684657590e-10, 4.229782352543547e-05, 1.671116140099442e-05
1643, 4.319689898685965e+00, 4.319689898685965e+00, 1.963495408493621e+00, 1.317049307919374e-04, -2.859300883456335e-05, 2.153114317874250e-05, 1.709391949880895e-05
1644, 4.712388980384690e+00, 4.319689898685965e+00, 1.963495408493621e+00, 1.348499399681811e-04, -3.338698917937678e-10, 8.230134868861405e-07, 1.748941766901752e-05
1645, 5.105088062083414e+00, 4.319689898685965e+00, 1.963495408493621e+00, 1.317054844695099e-04, 2.859237176516303e-05, 2.153134249871682e-05, 1.709392584250875e-05
1646, 5.497787143782138e+00, 4.319689898685965e+00, 1.963495408493621e+00, 1.285186050063599e-04, -3.606231782480560e-10, 4.229821000127870e-05, 1.671117308852962e-05
1647, 5.890486225480862e+00, 4.319689898685965e+00, 1.963495408493621e+00, 1.317070045653569e-04, -2.859302512208110e-05, 2.153158840966421e-05, 1.709392956108264e-05
1648, 6.283185307179586e+00, 4.319689898685965e+00, 1.963495408493621e+00, 1.348525983494740e-04, -7.653465179677112e-11, 8.234550670756742e-07, 1.748942518222028e-05
1649, 0.000000000000000e+00, 4.712388980384690e+00, 1.963495408493621e+00, 1.612243893149129e-04, -4.149310628663759e-11, -1.113385188737863e-04, 1.845659061109908e-05
1650, 3.926990816987241e-01, 4.712388980384690e+00, 1.963495408493621e+00, 1.350922828992947e-04, 1.344821809986999e-04, 2.775336716168271e-05, 1.102029828130946e-05
1651, 7.853981633974483e-01, 4.712388980384690e+00, 1.963495408493621e+00, 1.075595008085569e-04, 2.015654190431999e-10, 1.671790285322528e-04, 3.267640478702114e-06
1652, 1.178097245096172e+00, 4.712388980384690e+00, 1.963495408493621e+00, 1.350913522322740e-04, -1.344818248716749e-04, 2.775311516503541e-05, 1.102031418822724e-05
1653, 1.570796326794897e+00, 4.712388980384690e+00, 1.963495408493621e+00, 1.612229174905669e-04, 2.380880384140893e-10, -1.113389445481037e-04, 1.845661620282986e-05
1654, 1.963495408493621e+00, 4.712388980384690e+00, 1.963495408493621e+00, 1.350907704161058e-04, 1.344822723015756e-04, 2.775287224444549e-05, 1.102032508310985e-05
1655, 2.356194490192345e+00, 4.712388980384690e+00, 1.963495408493621e+00, 1.075583270769716e-04, 1.586243912541968e-10, 1.671785637727868e-04, 3.267662019975169e-06
1656, 2.748893571891069e+00, 4.712388980384690e+00, 1.963495408493621e+00, 1.350905794543307e-04, -1.344819704167699e-04, 2.775273402752955e-05, 1.102032865660193e-05
1657, 3.141592653589793e+00, 4.712388980384690e+00, 1.963495408493621e+00, 1.612224809682262e-04, 1.789514826822503e-11, -1.113392175438484e-04, 1.845662455346041e-05
1658, 3.534291735288517e+00, 4.712388980384690e+00, 1.963495408493621e+00, 1.350905807089135e-04, 1.344820046429033e-04, 2.775271758197666e-05, 1.102032912326002e-05
1659, 3.926990816987241e+00, 4.712388980384690e+00, 1.963495408493621e+00, 1.075583198070573e-04, -1.290719201254182e-10, 1.671785311107695e-04, 3.267663106922209e-06
1660, 4.319689898685965e+00, 4.712388980384690e+00, 1.963495408493621e+00, 1.350907367038352e-04, -1.344822505061523e-04, 2.775282410082572e-05, 1.102032703629412e-05
1661, 4.712388980384690e+00, 4.712388980384690e+00, 1.963495408493621e+00, 1.612228356916387e-04, -2.271953735505782e-10, -1.113390062491343e-04, 1.845661923716810e-05
1662, 5.105088062083414e+00, 4.712388980384690e+00, 1.963495408493621e+00, 1.350912064110179e-04, 1.344818214020981e-04, 2.775304436329062e-05, 1.102031828723414e-05
1663, 5.497787143782138e+00, 4.712388980384690e+00, 1.963495408493621e+00, 1.075592989681020e-04, -2.237147233995069e-10, 1.671789580481665e-04, 3.267645102647721e-06
1664, 5.890486225480862e+00, 4.712388980384690e+00, 1.963495408493621e+00, 1.350920905867958e-04, -1.344822281382775e-04, 2.775331539831701e-05, 1.102030199133414e-05
1665, 6.283185307179586e+00, 4.712388980384690e+00, 1.963495408493621e+00, 1.612243893149129e-04, -4.149310628663759e-11, -1.113385188737863e-04, 1.845659061109908e-05
1666, 0.000000000000000e+00, 5.105088062083414e+00, 1.963495408493621e+00, 1.636565042060476e-04, -5.669563074079009e-12, -4.707226941238087e-04, 1.485585206302987e-05
1667, 3.926990816987241e-01, 5.105088062083414e+00, 1.963495408493621e+00, 1.092161038862051e-04, 3.278717928915067e-04, 2.874591460103947e-05, -1.541946039603263e-06
1668, 7.853981633974483e-01, 5.105088062083414e+00, 1.963495408493621e+00, 5.003047980744758e-05, 6.914527503091975e-11, 5.286441775942076e-04, -1.938088798913719e-05
1669, 1.178097245096172e+00, 5.105088062083414e+00, 1.963495408493621e+00, 1.092158881751425e-04, -3.278716635598691e-04, 2.874567937508000e-05, -1.541911086235688e-06
1670, 1.570796326794897e+00, 5.105088062083414e+00, 1.963495408493621e+00, 1.636560838533027e-04, 1.172393536560073e-10, -4.707230927718746e-04, 1.485590961275400e-05
1671, 1.963495408493621e+00, 5.105088062083414e+00, 1.963495408493621e+00, 1.092154888288247e-04, 3.278718783413920e-04, 2.874545000272141e-05, -1.541882765186707e-06
1672, 2.356194490192345e+00, 5.105088062083414e+00, 1.963495408493621e+00, 5.002976310127498e-05, 9.055959964367458e-11, 5.286437393952874e-04, -1.938083272307437e-05
1673, 2.748893571891069e+00, 5.105088062083414e+00, 1.963495408493621e+00, 1.092152078760237e-04, -3.278717111549420e-04, 2.874531808777131e-05, -1.541869069419299e-06
1674, 3.141592653589793e+00, 5.105088062083414e+00, 1.963495408493621e+00, 1.636555575181833e-04, 9.789549138522354e-12, -4.707233527267334e-04, 1.485593783721282e-05
1675, 3.534291735288517e+00, 5.105088062083414e+00, 1.963495408493621e+00, 1.092151926607739e-04, 3.278717292591371e-04, 2.874530226899909e-05, -1.541867299049376e-06
1676, 3.926990816987241e+00, 5.105088062083414e+00, 1.963495408493621e+00, 5.002973338692793e-05, -7.673192052026297e-11, 5.286437080302574e-04, -1.938082907672135e-05
1677, 4.319689898685965e+00, 5.105088062083414e+00, 1.963495408493621e+00, 1.092154473634807e-04, -3.278718711288476e-04, 2.874540391906934e-05, -1.541877084019460e-06
1678, 4.712388980384690e+00, 5.105088062083414e+00, 1.963495408493621e+00, 1.636560374580481e-04, -1.181554397590039e-10, -4.707231515147864e-04, 1.485591741585765e-05
1679, 5.105088062083414e+00, 5.105088062083414e+00, 1.963495408493621e+00, 1.092158487875575e-04, 3.278716543184361e-04, 2.874561244477593e-05, -1.541901426817995e-06
1680, 5.497787143782138e+00, 5.105088062083414e+00, 1.963495408493621e+00, 5.003046118546467e-05, -8.483441052785499e-11, 5.286441113543885e-04, -1.938087764327624e-05
1681, 5.890486225480862e+00, 5.105088062083414e+00, 1.963495408493621e+00, 1.092161095074337e-04, -3.278718102831022e-04, 2.874586594871865e-05, -1.541937953818855e-06
1682, 6.283185307179586e+00, 5.105088062083414e+00, 1.963495408493621e+00, 1.636565042060476e-04, -5.669563074079009e-12, -4.707226941238087e-04, 1.485585206302987e-05
1683, 0.000000000000000e+00, 5.497787143782138e+00, 1.963495408493621e+00, 1.304667953199268e-04, 2.513219446042533e-11, -1.127769665419296e-03, 2.385638174010399e-06
1684, 3.926990816987241e-01, 5.497787143782138e+00, 1.963495408493621e+00, 6.408914184202161e-05, 4.708616155732557e-04, 2.264872625557822e-05, -1.810616669807286e-05
1685, 7.853981633974483e-01, 5.497787143782138e+00, 1.963495408493621e+00, -8.813265887832805e-06, -4.356808773825954e-11, 1.172728539481658e-03, -4.091222320287557e-05
1686, 1.178097245096172e+00, 5.497787143782138e+00, 1.963495408493621e+00, 6.408950689622332e-05, -4.708616804724037e-04, 2.264854658123646e-05, -1.810611584430205e-05
1687, 1.570796326794897e+00, 5.497787143782138e+00, 1.963495408493621e+00, 1.304672298575024e-04, 1.188698075534522e-11, -1.127769972511722e-03, 2.385722763791649e-06
1688, 1.963495408493621e+00, 5.497787143782138e+00, 1.963495408493621e+00, 6.408924976579803e-05, 4.708616931813446e-04, 2.264836451601627e-05, -1.810607209048429e-05
1689, 2.356194490192345e+00, 5.497787143782138e+00, 1.963495408493621e+00, -8.813623391855952e-06, 3.050142075238988e-11, 1.172728193608994e-03, -4.091213831810055e-05
1690, 2.748893571891069e+00, 5.497787143782138e+00, 1.963495408493621e+00, 6.408888704132866e-05, -4.708616445676349e-04, 2.264825834819555e-05, -1.810604911952612e-05
1691, 3.141592653589793e+00, 5.497787143782138e+00, 1.963495408493621e+00, 1.304666164109325e-04, 2.584623806607892e-12, -1.127770181213041e-03, 2.385769076134203e-06
1692, 3.534291735288517e+00, 5.497787143782138e+00, 1.963495408493621e+00, 6.408885779195791e-05, 4.708616483544777e-04, 2.264824550383751e-05, -1.810604614196945e-05
1693, 3.926990816987241e+00, 5.497787143782138e+00, 1.963495408493621e+00, -8.813672148635465e-06, -3.057745487745273e-11, 1.172728168166075e-03, -4.091213231165395e-05
1694, 4.319689898685965e+00, 5.497787143782138e+00, 1.963495408493621e+00, 6.408920179287619e-05, -4.708616986931394e-04, 2.264832722566772e-05, -1.810606300301274e-05
1695, 4.712388980384690e+00, 5.497787143782138e+00, 1.963495408493621e+00, 1.304672131316296e-04, -2.276043397021268e-11, -1.127770019747706e-03, 2.385734850883081e-06
1696, 5.105088062083414e+00, 5.497787143782138e+00, 1.963495408493621e+00, 6.408955587552748e-05, 4.708616668874944e-04, 2.264849345877258e-05, -1.810610131618602e-05
1697, 5.497787143782138e+00, 5.497787143782138e+00, 1.963495408493621e+00, -8.813132947402661e-06, 3.399735878462952e-11, 1.172728487984830e-03, -4.091220798236837e-05
1698, 5.890486225480862e+00, 5.497787143782138e+00, 1.963495408493621e+00, 6.408931237322112e-05, -4.708616075171280e-04, 2.264868912881962e-05, -1.810615493459411e-05
1699, 6.283185307179586e+00, 5.497787143782138e+00, 1.963495408493621e+00, 1.304667953199268e-04, 2.513219446042533e-11, -1.127769665419296e-03, 2.385638174010399e-06
1700, 0.000000000000000e+00, 5.890486225480862e+00, 1.963495408493621e+00, 7.139039488505523e-05, 4.541352139924078e-11, -1.836274494353399e-03, -1.740699158861073e-05
1701, 3.926990816987241e-01, 5.890486225480862e+00, 1.963495408493621e+00, 2.436659355944581e-05, 3.640056133711603e-04, 1.182646131254432e-05, -3.230358273278351e-05
1702, 7.853981633974483e-01, 5.890486225480862e+00, 1.963495408493621e+00, -2.430030361969202e-05, -1.181855240570811e-10, 1.858941070957966e-03, -4.787559071181655e-05
1703, 1.178097245096172e+00, 5.890486225480862e+00, 1.963495408493621e+00, 2.436729825914391e-05, -3.640058080250726e-04, 1.182636570589182e-05, -3.230352197470356e-05
1704, 1.570796326794897e+00, 5.890486225480862e+00, 1.963495408493621e+00, 7.139132708616398e-05, -6.258359198395521e-11, -1.836274658365713e-03, -1.740688967352558e-05
1705, 1.963495408493621e+00, 5.890486225480862e+00, 1.963495408493621e+00, 2.436712973702530e-05, 3.640056791928549e-04, 1.182625768955887e-05, -3.230346696768908e-05
1706, 2.356194490192345e+00, 5.890486225480862e+00, 1.963495408493621e+00, -2.430044567507336e-05, -1.238729975821080e-11, 1.858940868268396e-03, -4.787548466380020e-05
1707, 2.748893571891069e+00, 5.890486225480862e+00, 1.963495408493621e+00, 2.436670889843319e-05, -3.640057151358949e-04, 1.182619400370459e-05, -3.230343693429172e-05
1708, 3.141592653589793e+00, 5.890486225480862e+00, 1.963495408493621e+00, 7.139064965853008e-05, -2.604008043257210e-12, -1.836274783416711e-03, -1.740682969090494e-05
1709, 3.534291735288517e+00, 5.890486225480862e+00, 1.963495408493621e+00, 2.436667043333914e-05, 3.640057086113079e-04, 1.182618620436497e-05, -3.230343303203637e-05
1710, 3.926990816987241e+00, 5.890486225480862e+00, 1.963495408493621e+00, -2.430050654364405e-05, 2.309044360987176e-12, 1.858940852817164e-03, -4.787547685346932e-05
1711, 4.319689898685965e+00, 5.890486225480862e+00, 1.963495408493621e+00, 2.436707883323689e-05, -3.640056937808570e-04, 1.182623504904207e-05, -3.230345529339290e-05
1712, 4.712388980384690e+00, 5.890486225480862e+00, 1.963495408493621e+00, 7.139133207971381e-05, 4.491417066759012e-11, -1.836274686953065e-03, -1.740687439128764e-05
1713, 5.105088062083414e+00, 5.890486225480862e+00, 1.963495408493621e+00, 2.436740627149940e-05, 3.640057923569645e-04, 1.182633401225409e-05, -3.230350396450307e-05
1714, 5.497787143782138e+00, 5.890486225480862e+00, 1.963495408493621e+00, -2.430007584895851e-05, 1.144894531641438e-10, 1.858941041725450e-03, -4.787557226871921e-05
1715, 5.890486225480862e+00, 5.890486225480862e+00, 1.963495408493621e+00, 2.436686193662100e-05, -3.640055880602072e-04, 1.182644327357312e-05, -3.230356878649655e-05
1716, 6.283185307179586e+00, 5.890486225480862e+00, 1.963495408493621e+00, 7.139039488505523e-05, 4.541352139924078e-11, -1.836274494353399e-03, -1.740699158861073e-05
1717, 0.000000000000000e+00, 6.283185307179586e+00, 1.963495408493621e+00, 1.096122794727312e-05, 4.506699498482696e-11, -2.155272748282334e-03, -3.728027269050789e-05
1718, 3.926990816987241e-01, 6.283185307179586e+00, 1.963495408493621e+00, 9.464437563234277e-06, -1.026503170022401e-10, 1.637093753364270e-10, -3.782060893298450e-05
1719, 7.853981633974483e-01, 6.283185307179586e+00, 1.963495408493621e+00, 1.096189290864905e-05, -1.455812851691991e-10, 2.155273064073141e-03, -3.728023462417753e-05
1720, 1.178097245096172e+00, 6.283185307179586e+00, 1.963495408493621e+00, 9.465203228700954e-06, -1.312127609757338e-10, 1.526155722715918e-10, -3.782054515115506e-05
1721, 1.570796326794897e+00, 6.283185307179586e+00, 1.963495408493621e+00, 1.096221961930110e-05, -9.483639438110397e-11, -2.155272759066470e-03, -3.728016675185476e-05
1722, 1.963495408493621e+00, 6.283185307179586e+00, 1.963495408493621e+00, 9.465059371658989e-06, -5.823069986271137e-11, 1.393900910540614e-10, -3.782048484637096e-05
1723, 2.356194490192345e+00, 6.283185307179586e+00, 1.963495408493621e+00, 1.096180312444156e-05, -3.092769220961673e-11, 2.155273039322435e-03, -3.728011892281124e-05
1724, 2.748893571891069e+00, 6.283185307179586e+00, 1.963495408493621e+00, 9.464607372583725e-06, -1.430868978456818e-11, 1.316603355787401e-10, -3.782045133090914e-05
1725, 3.141592653589793e+00, 6.283185307179586e+00, 1.963495408493621e+00, 1.096150266425323e-05, -4.891485155051859e-12, -2.155272774328567e-03, -3.728010008286598e-05
1726, 3.534291735288517e+00, 6.283185307179586e+00, 1.963495408493621e+00, 9.464564801551004e-06, 3.234097733980005e-12, 1.306441291858671e-10, -3.782044696935710e-05
1727, 3.926990816987241e+00, 6.283185307179586e+00, 1.963495408493621e+00, 1.096173677278736e-05, 1.642391902491786e-11, 2.155273037296287e-03, -3.728011021884316e-05
1728, 4.319689898685965e+00, 6.283185307179586e+00, 1.963495408493621e+00, 9.465006845471567e-06, 3.959845758550067e-11, 1.363777558656610e-10, -3.782047189731158e-05
1729, 4.712388980384690e+00, 6.283185307179586e+00, 1.963495408493621e+00, 1.096223339429443e-05, 7.412403974474133e-11, -2.155272762937127e-03, -3.728014991807698e-05
1730, 5.105088062083414e+00, 6.283185307179586e+00, 1.963495408493621e+00, 9.465334296634130e-06, 1.150290764839433e-10, 1.481935939759801e-10, -3.782052551878507e-05
1731, 5.497787143782138e+00, 6.283185307179586e+00, 1.963495408493621e+00, 1.096215006387811e-05, 1.472308247978025e-10, 2.155273059681308e-03, -3.728021490110496e-05
1732, 5.890486225480862e+00, 6.283185307179586e+00, 1.963495408493621e+00, 9.464715141077480e-06, 1.418910282444685e-10, 1.604948677209778e-10, -3.782059466787052e-05
1733, 6.283185307179586e+00, 6.283185307179586e+00, 1.963495408493621e+00, 1.096122794727312e-05, 4.506699498482696e-11, -2.155272748282334e-03, -3.728027269050789e-05
1734, 0.000000000000000e+00, 0.000000000000000e+00, 2.356194490192345e+00, 1.646224888631181e-05, 3.672102017277743e-11, -1.134834955752340e-04, -1.829771684018674e-05
1735, 3.926990816987241e-01, 0.000000000000000e+00, 2.356194490192345e+00, 1.616227831734137e-05, -8.260333952102663e-11, 1.484896526198015e-10, -1.843486955099806e-05
1736, 7.853981633974483e-01, 0.000000000000000e+00, 2.356194490192345e+00, 1.646276571342256e-05, -1.145775017382955e-10, 1.134837825606958e-04, -1.829768722473334e-05
1737, 1.178097245096172e+00, 0.000000000000000e+00, 2.356194490192345e+00, 1.616284675030583e-05, -9.958261223516918e-11, 1.380910672240416e-10, -1.843481967509290e-05
1738, 1.570796326794897e+00, 0.000000000000000e+00, 2.356194490192345e+00, 1.646295448253405e-05, -6.752406319760535e-11, -1.134835065971674e-04, -1.829763418387328e-05
1739, 1.963495408493621e+00, 0.000000000000000e+00, 2.356194490192345e+00, 1.616264203631218e-05, -3.701946059724504e-11, 1.257990752503860e-10, -1.843477311400228e-05
1740, 2.356194490192345e+00, 0.000000000000000e+00, 2.356194490192345e+00, 1.646253150082702e-05, -1.624126624362214e-11, 1.134837595983177e-04, -1.829759790912997e-05
1741, 2.748893571891069e+00, 0.000000000000000e+00, 2.356194490192345e+00, 1.616220772244188e-05, -6.085497585709148e-12, 1.187650375972151e-10, -1.843474798210069e-05
1742, 3.141592653589793e+00, 0.000000000000000e+00, 2.356194490192345e+00, 1.646224817671287e-05, -2.990741407952609e-12, -1.134835205384402e-04, -1.829758381105816e-05
1743, 3.534291735288517e+00, 0.000000000000000e+00, 2.356194490192345e+00, 1.616216691019693e-05, -1.174563014082309e-12, 1.178424745647558e-10, -1.843474473734227e-05
1744, 3.926990816987241e+00, 0.000000000000000e+00, 2.356194490192345e+00, 1.646246602028654e-05, 5.567885953251586e-12, 1.134837577532767e-04, -1.829759138442222e-05
1745, 4.319689898685965e+00, 0.000000000000000e+00, 2.356194490192345e+00, 1.616258412872583e-05, 2.213468176500054e-11, 1.230510889397541e-10, -1.843476330201606e-05
1746, 4.712388980384690e+00, 0.000000000000000e+00, 2.356194490192345e+00, 1.646294909491947e-05, 5.009021181505054e-11, -1.134835101544101e-04, -1.829762129206954e-05
1747, 5.105088062083414e+00, 0.000000000000000e+00, 2.356194490192345e+00, 1.616293796790402e-05, 8.519887224247772e-11, 1.339854444094597e-10, -1.843480453541490e-05
1748, 5.497787143782138e+00, 0.000000000000000e+00, 2.356194490192345e+00, 1.646296330519433e-05, 1.145004182754342e-10, 1.134837784735273e-04, -1.829767199619677e-05
1749, 5.890486225480862e+00, 0.000000000000000e+00, 2.356194490192345e+00, 1.616249837815346e-05, 1.135523210757724e-10, 1.455044137692431e-10, -1.843485856250381e-05
1750, 6.283185307179586e+00, 0.000000000000000e+00, 2.356194490192345e+00, 1.646224888631181e-05, 3.672102017277743e-11, -1.134834955752340e-04, -1.829771684018674e-05
1751, 0.000000000000000e+00, 3.926990816987241e-01, 2.356194490192345e+00, 3.303733383958974e-05, 4.009207153461489e-11, -1.016115246156952e-04, -1.679696897802634e-05
1752, 3.926990816987241e-01, 3.926990816987241e-01, 2.356194490192345e+00, 2.402903059532775e-05, -1.559805649191062e-05, -4.823536054050594e-06, -1.698256938367177e-05
1753, 7.853981633974483e-01, 3.926990816987241e-01, 2.356194490192345e+00, 1.456135300261516e-05, -9.942540683212434e-11, 9.213336747500254e-05, -1.738533469439501e-05
1754, 1.178097245096172e+00, 3.926990816987241e-01, 2.356194490192345e+00, 2.402951578867349e-05, 1.559789569790371e-05, -4.823465159917747e-06, -1.698252119894243e-05
1755, 1.570796326794897e+00, 3.926990816987241e-01, 2.356194490192345e+00, 3.303790432316286e-05, -4.916059507488385e-11, -1.016114083176563e-04, -1.679688860598816e-05
1756, 1.963495408493621e+00, 3.926990816987241e-01, 2.356194490192345e+00, 2.402923447728414e-05, -1.559799785084652e-05, -4.823384331917282e-06, -1.698247743106361e-05
1757, 2.356194490192345e+00, 3.926990816987241e-01, 2.356194490192345e+00, 1.456097288493067e-05, -5.607002052881036e-12, 9.213351902693668e-05, -1.738525046065978e-05
1758, 2.748893571891069e+00, 3.926990816987241e-01, 2.356194490192345e+00, 2.402877636692195e-05, 1.559797568800262e-05, -4.823336607356300e-06, -1.698245400608586e-05
1759, 3.141592653589793e+00, 3.926990816987241e-01, 2.356194490192345e+00, 3.303714128309211e-05, -1.725203020757530e-12, -1.016113146950288e-04, -1.679684156250334e-05
1760, 3.534291735288517e+00, 3.926990816987241e-01, 2.356194490192345e+00, 2.402873304434423e-05, -1.559798044014493e-05, -4.823330865899742e-06, -1.698245097961617e-05
1761, 3.926990816987241e+00, 3.926990816987241e-01, 2.356194490192345e+00, 1.456090122685850e-05, -2.655094539703212e-12, 9.213353038836267e-05, -1.738524436716395e-05
1762, 4.319689898685965e+00, 3.926990816987241e-01, 2.356194490192345e+00, 2.402916466009758e-05, 1.559798511607687e-05, -4.823367739046764e-06, -1.698246824597766e-05
1763, 4.712388980384690e+00, 3.926990816987241e-01, 2.356194490192345e+00, 3.303787923973030e-05, 3.323144126785521e-11, -1.016113874778294e-04, -1.679687649212974e-05
1764, 5.105088062083414e+00, 3.926990816987241e-01, 2.356194490192345e+00, 2.402958024330983e-05, -1.559791019943895e-05, -4.823442255534595e-06, -1.698250687278353e-05
1765, 5.497787143782138e+00, 3.926990816987241e-01, 2.356194490192345e+00, 1.456152626309357e-05, 9.538344929611514e-11, 9.213338822569533e-05, -1.738532004067243e-05
1766, 5.890486225480862e+00, 3.926990816987241e-01, 2.356194490192345e+00, 2.402924909431444e-05, 1.559807828856624e-05, -4.823523783683770e-06, -1.698255833741190e-05
1767, 6.283185307179586e+00, 3.926990816987241e-01, 2.356194490192345e+00, 3.303733383958974e-05, 4.009207153461489e-11, -1.016115246156952e-04, -1.679696897802634e-05
1768, 0.000000000000000e+00, 7.853981633974483e-01, 2.356194490192345e+00, 5.948242894687619e-05, 2.414161171181926e-11, -7.027571027129114e-05, -1.228572449812484e-05
1769, 3.926990816987241e-01, 7.853981633974483e-01, 2.356194490192345e+00, 4.753063304412235e-05, -1.982839707060048e-05, -1.097907999245163e-05, -1.217765493732145e-05
1770, 7.853981633974483e-01, 7.853981633974483e-01, 2.356194490192345e+00, 3.393560401026142e-05, -3.936592955095793e-11, 4.836595191936225e-05, -1.278687608096073e-05
1771, 1.178097245096172e+00, 7.853981633974483e-01, 2.356194490192345e+00, 4.753080152609972e-05, 1.982833906660246e-05, -1.097892895899367e-05, -1.217761367764357e-05
1772, 1.570796326794897e+00, 7.853981633974483e-01, 2.356194490192345e+00, 5.948253742612088e-05, 1.176535522159170e-11, -7.027545335232004e-05, -1.228565591140203e-05
1773, 1.963495408493621e+00, 7.853981633974483e-01, 2.356194490192345e+00, 4.753038186688436e-05, -1.982832560139200e-05, -1.097877270561284e-05, -1.217757790866366e-05
1774, 2.356194490192345e+00, 7.853981633974483e-01, 2.356194490192345e+00, 3.393492752297290e-05, 2.951591904383889e-11, 4.836624807107887e-05, -1.278680682652284e-05
1775, 2.748893571891069e+00, 7.853981633974483e-01, 2.356194490192345e+00, 4.752992714773922e-05, 1.982837266585688e-05, -1.097868135584887e-05, -1.217755929756803e-05
1776, 3.141592653589793e+00, 7.853981633974483e-01, 2.356194490192345e+00, 5.948174245882351e-05, 2.471116519536008e-12, -7.027527390025523e-05, -1.228561828181168e-05
1777, 3.534291735288517e+00, 7.853981633974483e-01, 2.356194490192345e+00, 4.752988594890012e-05, -1.982836908446835e-05, -1.097867040909435e-05, -1.217755689243221e-05
1778, 3.926990816987241e+00, 7.853981633974483e-01, 2.356194490192345e+00, 3.393485539673715e-05, -2.971556911348406e-11, 4.836626975115222e-05, -1.278680195776655e-05
1779, 4.319689898685965e+00, 7.853981633974483e-01, 2.356194490192345e+00, 4.753030016522345e-05, 1.982832013210190e-05, -1.097874096912730e-05, -1.217757050596291e-05
1780, 4.712388980384690e+00, 7.853981633974483e-01, 2.356194490192345e+00, 5.948247825598918e-05, -2.235328627879330e-11, -7.027541323543415e-05, -1.228564602948945e-05
1781, 5.105088062083414e+00, 7.853981633974483e-01, 2.356194490192345e+00, 4.753080207045384e-05, -1.982835211091394e-05, -1.097888397757128e-05, -1.217760179839122e-05
1782, 5.497787143782138e+00, 7.853981633974483e-01, 2.356194490192345e+00, 3.393568797140707e-05, 3.040052092205780e-11, 4.836599534909286e-05, -1.278686367151134e-05
1783, 5.890486225480862e+00, 7.853981633974483e-01, 2.356194490192345e+00, 4.753076604392260e-05, 1.982840511515561e-05, -1.097904883171084e-05, -1.217764537543907e-05
1784, 6.283185307179586e+00, 7.853981633974483e-01, 2.356194490192345e+00, 5.948242894687619e-05, 2.414161171181926e-11, -7.027571027129114e-05, -1.228572449812484e-05
1785, 0.000000000000000e+00, 1.178097245096172e+00, 2.356194490192345e+00, 9.057930084998331e-05, -2.574381178817291e-12, -4.142600193650829e-05, -4.692357906027378e-06
1786, 3.926990816987241e-01, 1.178097245096172e+00, 2.356194490192345e+00, 8.087259511562715e-05, -1.336584204299326e-05, -1.679446685598329e-05, -4.488035462342130e-06
1787, 7.853981633974483e-01, 1.178097245096172e+00, 2.356194490192345e+00, 6.992166701867358e-05, 5.849056951655981e-11, 7.742061039175477e-06, -4.770158228066560e-06
1788, 1.178097245096172e+00, 1.178097245096172e+00, 2.356194490192345e+00, 8.087223825830820e-05, 1.336595253993928e-05, -1.679425732730283e-05, -4.488005857446746e-06
1789, 1.570796326794897e+00, 1.178097245096172e+00, 2.356194490192345e+00, 9.057863093708097e-05, 1.050262346185821e-10, -4.142564615197407e-05, -4.692309062349881e-06
1790, 1.963495408493621e+00, 1.178097245096172e+00, 2.356194490192345e+00, 8.087164831284886e-05, -1.336576067493020e-05, -1.679404976386832e-05, -4.487981561665066e-06
1791, 2.356194490192345e+00, 1.178097245096172e+00, 2.356194490192345e+00, 6.992059579501136e-05, 8.282146427687529e-11, 7.742456719342512e-06, -4.770110890978779e-06
1792, 2.748893571891069e+00, 1.178097245096172e+00, 2.356194490192345e+00, 8.087123364559925e-05, 1.336591293035572e-05, -1.679392988104593e-05, -4.487969630614003e-06
1793, 3.141592653589793e+00, 1.178097245096172e+00, 2.356194490192345e+00, 9.057785206670942e-05, 8.816548545029053e-12, -4.142541013223270e-05, -4.692284570336967e-06
1794, 3.534291735288517e+00, 1.178097245096172e+00, 2.356194490192345e+00, 8.087120074234243e-05, -1.336589674039647e-05, -1.679391558921310e-05, -4.487968085598348e-06
1795, 3.926990816987241e+00, 1.178097245096172e+00, 2.356194490192345e+00, 6.992053265016797e-05, -7.078822597893412e-11, 7.742485058682552e-06, -4.770107720989332e-06
1796, 4.319689898685965e+00, 1.178097245096172e+00, 2.356194490192345e+00, 8.087156163846311e-05, 1.336576636103164e-05, -1.679400815042904e-05, -4.487976645970587e-06
1797, 4.712388980384690e+00, 1.178097245096172e+00, 2.356194490192345e+00, 9.057853350655940e-05, -1.069647868840276e-10, -4.142559318223079e-05, -4.692302347182546e-06
1798, 5.105088062083414e+00, 1.178097245096172e+00, 2.356194490192345e+00, 8.087214963462637e-05, -1.336596194623468e-05, -1.679419711404323e-05, -4.487997593824826e-06
1799, 5.497787143782138e+00, 1.178097245096172e+00, 2.356194490192345e+00, 6.992160947617741e-05, -7.301035868400335e-11, 7.742120437440570e-06, -4.770149421133681e-06
1800, 5.890486225480862e+00, 1.178097245096172e+00, 2.356194490192345e+00, 8.087257980167638e-05, 1.336582778317658e-05, -1.679442340133486e-05, -4.488028594156661e-06
1801, 6.283185307179586e+00, 1.178097245096172e+00, 2.356194490192345e+00, 9.057930084998331e-05, -2.574381178817291e-12, -4.142600193650829e-05, -4.692357906027378e-06
1802, 0.000000000000000e+00, 1.570796326794897e+00, 2.356194490192345e+00, 1.156019775385651e-04, -3.516132961694500e-11, -2.532635884734968e-05, 3.302397312575491e-06
1803, 3.926990816987241e-01, 1.570796326794897e+00, 2.356194490192345e+00, 1.105213001456110e-04, -5.303182034968229e-06, -1.942588747074376e-05, 3.487794278281394e-06
1804, 7.853981633974483e-01, 1.570796326794897e+00, 2.356194490192345e+00, 1.050434415437617e-04, 1.790129126629893e-10, -1.360058737074640e-05, 3.546355193664490e-06
1805, 1.178097245096172e+00, 1.570796326794897e+00, 2.356194490192345e+00, 1.105202963122158e-04, 5.303499314398959e-06, -1.942565328066529e-05, 3.487809415440683e-06
1806, 1.570796326794897e+00, 1.570796326794897e+00, 2.356194490192345e+00, 1.156003524656074e-04, 2.165439805498987e-10, -2.532596256755952e-05, 3.302421915175262e-06
1807, 1.963495408493621e+00, 1.570796326794897e+00, 2.356194490192345e+00, 1.105195264184615e-04, -5.303093219078803e-06, -1.942542532957568e-05, 3.487820540707591e-06
1808, 2.356194490192345e+00, 1.570796326794897e+00, 2.356194490192345e+00, 1.050419327712540e-04, 1.458744270183936e-10, -1.360015185421946e-05, 3.546377097191352e-06
1809, 2.748893571891069e+00, 1.570796326794897e+00, 2.356194490192345e+00, 1.105191828354865e-04, 5.303370157785487e-06, -1.942529509102460e-05, 3.487825077663471e-06
1810, 3.141592653589793e+00, 1.570796326794897e+00, 2.356194490192345e+00, 1.155996349171091e-04, 1.628874682231643e-11, -2.532570556506530e-05, 3.302431756753894e-06
1811, 3.534291735288517e+00, 1.570796326794897e+00, 2.356194490192345e+00, 1.105191634164468e-04, -5.303339102066272e-06, -1.942527964066292e-05, 3.487825676763219e-06
1812, 3.926990816987241e+00, 1.570796326794897e+00, 2.356194490192345e+00, 1.050418871104600e-04, -1.193444108893102e-10, -1.360012116389750e-05, 3.546378390912938e-06
1813, 4.319689898685965e+00, 1.570796326794897e+00, 2.356194490192345e+00, 1.105194426777741e-04, 5.303112313093951e-06, -1.942538010683288e-05, 3.487822683056717e-06
1814, 4.712388980384690e+00, 1.570796326794897e+00, 2.356194490192345e+00, 1.156002181671589e-04, -2.077131672719084e-10, -2.532590467989949e-05, 3.302425034810571e-06
1815, 5.105088062083414e+00, 1.570796326794897e+00, 2.356194490192345e+00, 1.105201067935454e-04, -5.303503608516458e-06, -1.942558700480846e-05, 3.487813459732991e-06
1816, 5.497787143782138e+00, 1.570796326794897e+00, 2.356194490192345e+00, 1.050432151072251e-04, -1.996849683368951e-10, -1.360052159887101e-05, 3.546359665488856e-06
1817, 5.890486225480862e+00, 1.570796326794897e+00, 2.356194490192345e+00, 1.105211047550772e-04, 5.303140459565196e-06, -1.942583933172316e-05, 3.487797844913532e-06
1818, 6.283185307179586e+00, 1.570796326794897e+00, 2.356194490192345e+00, 1.156019775385651e-04, -3.516132961694500e-11, -2.532635884734968e-05, 3.302397312575491e-06
1819, 0.000000000000000e+00, 1.963495408493621e+00, 2.356194490192345e+00, 1.265655209656382e-04, -6.829179003440696e-11, -1.823817578271098e-05, 8.998549849592016e-06
1820, 3.926990816987241e-01, 1.963495408493621e+00, 2.356194490192345e+00, 1.253799520259175e-04, -1.340272813817319e-06, -1.787036540588547e-05, 9.140021543641883e-06
1821, 7.853981633974483e-01, 1.963495408493621e+00, 2.356194490192345e+00, 1.241756390073619e-04, 3.027619237571015e-10, -1.751848792367630e-05, 9.283169172652668e-06
1822, 1.178097245096172e+00, 1.963495408493621e+00, 2.356194490192345e+00, 1.253782921423093e-04, 1.340801836527318e-06, -1.787014408325950e-05, 9.140021881604263e-06
1823, 1.570796326794897e+00, 1.963495408493621e+00, 2.356194490192345e+00, 1.265629323391090e-04, 3.297063693222441e-10, -1.823780183060313e-05, 8.998549811903253e-06
1824, 1.963495408493621e+00, 1.963495408493621e+00, 2.356194490192345e+00, 1.253773567595995e-04, -1.340178024603147e-06, -1.786992995147224e-05, 9.140019985239062e-06
1825, 2.356194490192345e+00, 1.963495408493621e+00, 2.356194490192345e+00, 1.241737150541010e-04, 2.092515637509379e-10, -1.751807861916123e-05, 9.283165824191439e-06
1826, 2.748893571891069e+00, 1.963495408493621e+00, 2.356194490192345e+00, 1.253771016099483e-04, 1.340580554466243e-06, -1.786980856173206e-05, 9.140017428427801e-06
1827, 3.141592653589793e+00, 1.963495408493621e+00, 2.356194490192345e+00, 1.265623064365215e-04, 2.376809173956047e-11, -1.823756184290396e-05, 8.998545499920612e-06
1828, 3.534291735288517e+00, 1.963495408493621e+00, 2.356194490192345e+00, 1.253770984048320e-04, -1.340534593161608e-06, -1.786979421691831e-05, 9.140017127268986e-06
1829, 3.926990816987241e+00, 1.963495408493621e+00, 2.356194490192345e+00, 1.241736918598353e-04, -1.681017751053079e-10, -1.751805007394098e-05, 9.283165322446280e-06
1830, 4.319689898685965e+00, 1.963495408493621e+00, 2.356194490192345e+00, 1.253772821391789e-04, 1.340210790554961e-06, -1.786988776713618e-05, 9.140019447203912e-06
1831, 4.712388980384690e+00, 1.963495408493621e+00, 2.356194490192345e+00, 1.265627669476179e-04, -3.097067452175904e-10, -1.823774764080654e-05, 8.998549407448151e-06
1832, 5.105088062083414e+00, 1.963495408493621e+00, 2.356194490192345e+00, 1.253780053950275e-04, -1.340800663308914e-06, -1.787008185237510e-05, 9.140021728166211e-06
1833, 5.497787143782138e+00, 1.963495408493621e+00, 2.356194490192345e+00, 1.241752446005390e-04, -3.296201990679141e-10, -1.751842609693370e-05, 9.283169286754137e-06
1834, 5.890486225480862e+00, 1.963495408493621e+00, 2.356194490192345e+00, 1.253795760104362e-04, 1.340203313824250e-06, -1.787032021089213e-05, 9.140021785790386e-06
1835, 6.283185307179586e+00, 1.963495408493621e+00, 2.356194490192345e+00, 1.265655209656382e-04, -6.829179003440696e-11, -1.823817578271098e-05, 8.998549849592016e-06
1836, 0.000000000000000e+00, 2.356194490192345e+00, 2.356194490192345e+00, 1.247098271644649e-04, -9.687535575878202e-11, -1.310448872452466e-05, 1.174913708784763e-05
1837, 3.926990816987241e-01, 2.356194490192345e+00, 2.356194490192345e+00, 1.251860489331189e-04, -4.737512245132840e-07, -1.315746468182813e-05, 1.180841460559040e-05
1838, 7.853981633974483e-01, 2.356194490192345e+00, 2.356194490192345e+00, 1.256932900811980e-04, 4.101480868307532e-10, -1.320660891210419e-05, 1.187793543272911e-05
1839, 1.178097245096172e+00, 2.356194490192345e+00, 2.356194490192345e+00, 1.251838323885905e-04, 4.744637869985253e-07, -1.315729073198541e-05, 1.180840221252689e-05
1840, 1.570796326794897e+00, 2.356194490192345e+00, 2.356194490192345e+00, 1.247064250739194e-04, 4.275050844583215e-10, -1.310419495152505e-05, 1.174911590860960e-05
1841, 1.963495408493621e+00, 2.356194490192345e+00, 2.356194490192345e+00, 1.251827704266165e-04, -4.736517719827809e-07, -1.315712278423864e-05, 1.180838926835627e-05
1842, 2.356194490192345e+00, 2.356194490192345e+00, 2.356194490192345e+00, 1.256910376332079e-04, 2.636474813076046e-10, -1.320628791398818e-05, 1.187791063821688e-05
1843, 2.748893571891069e+00, 2.356194490192345e+00, 2.356194490192345e+00, 1.251826049850869e-04, 4.741622792051296e-07, -1.315702806831542e-05, 1.180838081980216e-05
1844, 3.141592653589793e+00, 2.356194490192345e+00, 2.356194490192345e+00, 1.247059028267140e-04, 3.016820072519749e-11, -1.310400744864792e-05, 1.174909977806005e-05
1845, 3.534291735288517e+00, 2.356194490192345e+00, 2.356194490192345e+00, 1.251826177355263e-04, -4.741035416078198e-07, -1.315701689982493e-05, 1.180837977616064e-05
1846, 3.926990816987241e+00, 2.356194490192345e+00, 2.356194490192345e+00, 1.256910374905560e-04, -2.099055984389736e-10, -1.320626565727228e-05, 1.187790864805330e-05
1847, 4.319689898685965e+00, 2.356194490192345e+00, 2.356194490192345e+00, 1.251827085069054e-04, 4.736963953350788e-07, -1.315708982587774e-05, 1.180838649030487e-05
1848, 4.712388980384690e+00, 2.356194490192345e+00, 2.356194490192345e+00, 1.247062381147813e-04, -3.977546325630162e-10, -1.310415252835725e-05, 1.174911253164713e-05
1849, 5.105088062083414e+00, 2.356194490192345e+00, 2.356194490192345e+00, 1.251834667238902e-04, -4.744578165408103e-07, -1.315724195382863e-05, 1.180839849153922e-05
1850, 5.497787143782138e+00, 2.356194490192345e+00, 2.356194490192345e+00, 1.256927549327127e-04, -4.423675100630290e-10, -1.320656044669578e-05, 1.187793182996301e-05
1851, 5.890486225480862e+00, 2.356194490192345e+00, 2.356194490192345e+00, 1.251855198877451e-04, 4.736575570339041e-07, -1.315742927771776e-05, 1.180841201246529e-05
1852, 6.283185307179586e+00, 2.356194490192345e+00, 2.356194490192345e+00, 1.247098271644649e-04, -9.687535575878202e-11, -1.310448872452466e-05, 1.174913708784763e-05
1853, 0.000000000000000e+00, 2.748893571891069e+00, 2.356194490192345e+00, 1.179898542321680e-04, -1.166480668706312e-10, -7.007131866893036e-06, 1.250325948026440e-05
1854, 3.926990816987241e-01, 2.748893571891069e+00, 2.356194490192345e+00, 1.184895479808488e-04, -2.634641141984425e-07, -6.846505959799209e-06, 1.250277824766332e-05
1855, 7.853981633974483e-01, 2.748893571891069e+00, 2.356194490192345e+00, 1.189995466153142e-04, 4.845859320333662e-10, -6.682996031560915e-06, 1.250472907863242e-05
1856, 1.178097245096172e+00, 2.748893571891069e+00, 2.356194490192345e+00, 1.184869615375262e-04, 2.643038443337175e-07, -6.846405927766144e-06, 1.250275713945338e-05
1857, 1.570796326794897e+00, 2.748893571891069e+00, 2.356194490192345e+00, 1.179859160875592e-04, 4.951518741995123e-10, -7.006962999945372e-06, 1.250322384636083e-05
1858, 1.963495408493621e+00, 2.748893571891069e+00, 2.356194490192345e+00, 1.184858315910321e-04, -2.633616552981334e-07, -6.846309590628009e-06, 1.250273669039876e-05
1859, 2.356194490192345e+00, 2.748893571891069e+00, 2.356194490192345e+00, 1.189971035602489e-04, 3.010846106975940e-10, -6.682811898316882e-06, 1.250468971234310e-05
1860, 2.748893571891069e+00, 2.748893571891069e+00, 2.356194490192345e+00, 1.184857421396843e-04, 2.639465743670606e-07, -6.846255503412385e-06, 1.250272429972302e-05
1861, 3.141592653589793e+00, 2.748893571891069e+00, 2.356194490192345e+00, 1.179854917669467e-04, 3.456912748436866e-11, -7.006855798357610e-06, 1.250319977626081e-05
1862, 3.534291735288517e+00, 2.748893571891069e+00, 2.356194490192345e+00, 1.184857677772414e-04, -2.638790392931394e-07, -6.846249118916290e-06, 1.250272276138130e-05
1863, 3.926990816987241e+00, 2.748893571891069e+00, 2.356194490192345e+00, 1.189971228680658e-04, -2.386409962370783e-10, -6.682799160294630e-06, 1.250468672629349e-05
1864, 4.319689898685965e+00, 2.748893571891069e+00, 2.356194490192345e+00, 1.184857832286227e-04, 2.634145074034825e-07, -6.846290698196501e-06, 1.250273240438426e-05
1865, 4.712388980384690e+00, 2.748893571891069e+00, 2.356194490192345e+00, 1.179857196990980e-04, -4.586145664202374e-10, -7.006938645847745e-06, 1.250321845562073e-05
1866, 5.105088062083414e+00, 2.748893571891069e+00, 2.356194490192345e+00, 1.184865468359913e-04, -2.642945302049427e-07, -6.846377896632898e-06, 1.250275099009401e-05
1867, 5.497787143782138e+00, 2.748893571891069e+00, 2.356194490192345e+00, 1.189989189609960e-04, -5.205177635021395e-10, -6.682968165718698e-06, 1.250472293970509e-05
1868, 5.890486225480862e+00, 2.748893571891069e+00, 2.356194490192345e+00, 1.184889162054925e-04, 2.633537149018652e-07, -6.846485598279402e-06, 1.250277371831031e-05
1869, 6.283185307179586e+00, 2.748893571891069e+00, 2.356194490192345e+00, 1.179898542321680e-04, -1.166480668706312e-10, -7.007131866893036e-06, 1.250325948026440e-05
1870, 0.000000000000000e+00, 3.141592653589793e+00, 2.356194490192345e+00, 1.149178449917734e-04, -1.247048249358893e-10, -2.079404386919517e-07, 1.254658553887640e-05
1871, 3.926990816987241e-01, 3.141592653589793e+00, 2.356194490192345e+00, 1.149163213375643e-04, 3.308021635566342e-10, -1.025140070658468e-10, 1.254662008272662e-05
1872, 7.853981633974483e-01, 3.141592653589793e+00, 2.356194490192345e+00, 1.149157710582558e-04, 5.147777600017941e-10, 2.077385894872153e-07, 1.254657019744850e-05
1873, 1.178097245096172e+00, 3.141592653589793e+00, 2.356194490192345e+00, 1.149136078315818e-04, 5.604616324299211e-10, -9.146324772713464e-11, 1.254659556010606e-05
1874, 1.570796326794897e+00, 3.141592653589793e+00, 2.356194490192345e+00, 1.149137295602984e-04, 5.224066918628691e-10, -2.079219233025134e-07, 1.254654425693763e-05
1875, 1.963495408493621e+00, 3.141592653589793e+00, 2.356194490192345e+00, 1.149124793089889e-04, 4.342031640848886e-10, -8.129466893628421e-11, 1.254657222481349e-05
1876, 2.356194490192345e+00, 3.141592653589793e+00, 2.356194490192345e+00, 1.149133048015458e-04, 3.160563890445906e-10, 2.077581131830167e-07, 1.254652521680159e-05
1877, 2.748893571891069e+00, 3.141592653589793e+00, 2.356194490192345e+00, 1.149124401678381e-04, 1.805340770263156e-10, -7.582188738514867e-11, 1.254655835098393e-05
1878, 3.141592653589793e+00, 3.141592653589793e+00, 2.356194490192345e+00, 1.149133820731178e-04, 3.633993099580505e-11, -2.079109503476961e-07, 1.254651718235838e-05
1879, 3.534291735288517e+00, 3.141592653589793e+00, 2.356194490192345e+00, 1.149124734528439e-04, -1.094534358003245e-10, -7.513852208123751e-11, 1.254655662588512e-05
1880, 3.926990816987241e+00, 3.141592653589793e+00, 2.356194490192345e+00, 1.149133366336605e-04, -2.500909556229904e-10, 2.077594869287008e-07, 1.254652185287928e-05
1881, 4.319689898685965e+00, 3.141592653589793e+00, 2.356194490192345e+00, 1.149124428675559e-04, -3.780025224856616e-10, -7.923460156097474e-11, 1.254656736211226e-05
1882, 4.712388980384690e+00, 3.141592653589793e+00, 2.356194490192345e+00, 1.149135368830341e-04, -4.830911151692366e-10, -2.079192332364222e-07, 1.254653808891656e-05
1883, 5.105088062083414e+00, 3.141592653589793e+00, 2.356194490192345e+00, 1.149131809491933e-04, -5.497608495032101e-10, -8.832525590192848e-11, 1.254658846508006e-05
1884, 5.497787143782138e+00, 3.141592653589793e+00, 2.356194490192345e+00, 1.149151125431035e-04, -5.521933779339723e-10, 2.077417496783744e-07, 1.254656306359211e-05
1885, 5.890486225480862e+00, 3.141592653589793e+00, 2.356194490192345e+00, 1.149156520281087e-04, -4.479957666495748e-10, -1.001775462197946e-10, 1.254661478952420e-05
1886, 6.283185307179586e+00, 3.141592653589793e+00, 2.356194490192345e+00, 1.149178449917734e-04, -1.247048249358893e-10, -2.079404386919517e-07, 1.254658553887640e-05
1887, 0.000000000000000e+00, 3.534291735288517e+00, 2.356194490192345e+00, 1.190012799169553e-04, -1.198784744605391e-10, 6.682862278721467e-06, 1.250475401303344e-05
1888, 3.926990816987241e-01, 3.534291735288517e+00, 2.356194490192345e+00, 1.184893115574643e-04, 2.640927172616800e-07, 6.846314047756061e-06, 1.250278984943339e-05
1889, 7.853981633974483e-01, 3.534291735288517e+00, 2.356194490192345e+00, 1.179876506801760e-04, 4.961933542237512e-10, 7.006887690200513e-06, 1.250325745540533e-05
1890, 1.178097245096172e+00, 3.534291735288517e+00, 2.356194490192345e+00, 1.184867326154319e-04, -2.632332866100971e-07, 6.846234497590039e-06, 1.250276770949931e-05
1891, 1.570796326794897e+00, 3.534291735288517e+00, 2.356194490192345e+00, 1.189973722586173e-04, 5.051573358822846e-10, 6.682727723043735e-06, 1.250471670959729e-05
1892, 1.963495408493621e+00, 3.534291735288517e+00, 2.356194490192345e+00, 1.184856748945717e-04, 2.641948402236423e-07, 6.846157001001706e-06, 1.250274652321817e-05
1893, 2.356194490192345e+00, 3.534291735288517e+00, 2.356194490192345e+00, 1.179853322220815e-04, 3.063675429681724e-10, 7.006739746289450e-06, 1.250321662140553e-05
1894, 2.748893571891069e+00, 3.534291735288517e+00, 2.356194490192345e+00, 1.184856526582996e-04, -2.635992854545260e-07, 6.846113091274217e-06, 1.250273381592569e-05
1895, 3.141592653589793e+00, 3.534291735288517e+00, 2.356194490192345e+00, 1.189970687787874e-04, 3.522882822214209e-11, 6.682640906461721e-06, 1.250469196540830e-05
1896, 3.534291735288517e+00, 3.534291735288517e+00, 2.356194490192345e+00, 1.184856871017119e-04, 2.636681509577634e-07, 6.846107982675781e-06, 1.250273223408490e-05
1897, 3.926990816987241e+00, 3.534291735288517e+00, 2.356194490192345e+00, 1.179853675950096e-04, -2.425766714076474e-10, 7.006729572474988e-06, 1.250321354446121e-05
1898, 4.319689898685965e+00, 3.534291735288517e+00, 2.356194490192345e+00, 1.184856467338429e-04, -2.641406719936016e-07, 6.846141952385639e-06, 1.250274209091994e-05
1899, 4.712388980384690e+00, 3.534291735288517e+00, 2.356194490192345e+00, 1.189971956471737e-04, -4.674885061822544e-10, 6.682708386193254e-06, 1.250471110800497e-05
1900, 5.105088062083414e+00, 3.534291735288517e+00, 2.356194490192345e+00, 1.184863319750925e-04, 2.632432156487002e-07, 6.846212316975061e-06, 1.250276128518447e-05
1901, 5.497787143782138e+00, 3.534291735288517e+00, 2.356194490192345e+00, 1.179870272578928e-04, -5.326364084389745e-10, 7.006865714550603e-06, 1.250325100889154e-05
1902, 5.890486225480862e+00, 3.534291735288517e+00, 2.356194490192345e+00, 1.184886752281456e-04, -2.642057694914497e-07, 6.846298040252961e-06, 1.250278507215519e-05
1903, 6.283185307179586e+00, 3.534291735288517e+00, 2.356194490192345e+00, 1.190012799169553e-04, -1.198784744605391e-10, 6.682862278721467e-06, 1.250475401303344e-05
1904, 0.000000000000000e+00, 3.926990816987241e+00, 2.356194490192345e+00, 1.256945455804363e-04, -1.028937454332920e-10, 1.320655935048926e-05, 1.187796532028330e-05
1905, 3.926990816987241e-01, 3.926990816987241e+00, 2.356194490192345e+00, 1.251856345867919e-04, 4.742857413053906e-07, 1.315731067751565e-05, 1.180843660341072e-05
1906, 7.853981633974483e-01, 3.926990816987241e+00, 2.356194490192345e+00, 1.247077476472249e-04, 4.316486234088334e-10, 1.310423483030645e-05, 1.174915065349571e-05
1907, 1.178097245096172e+00, 3.926990816987241e+00, 2.356194490192345e+00, 1.251834315519414e-04, -4.735366835776809e-07, 1.315715253224594e-05, 1.180842230134095e-05
1908, 1.570796326794897e+00, 3.926990816987241e+00, 2.356194490192345e+00, 1.256911993540708e-04, 4.460418831447739e-10, 1.320629205863822e-05, 1.187794104964982e-05
1909, 1.963495408493621e+00, 3.926990816987241e+00, 2.356194490192345e+00, 1.251825030872295e-04, 4.743845868957456e-07, 1.315699915660775e-05, 1.180840798984129e-05
1910, 2.356194490192345e+00, 3.926990816987241e+00, 2.356194490192345e+00, 1.247057253293195e-04, 2.734787262986969e-10, 1.310394184829098e-05, 1.174912313173699e-05
1911, 2.748893571891069e+00, 3.926990816987241e+00, 2.356194490192345e+00, 1.251824616978545e-04, -4.738543117088901e-07, 1.315691243353318e-05, 1.180839893419670e-05
1912, 3.141592653589793e+00, 3.926990816987241e+00, 2.356194490192345e+00, 1.256909001924013e-04, 3.139981838496310e-11, 1.320612049995898e-05, 1.187792364011114e-05
1913, 3.534291735288517e+00, 3.926990816987241e+00, 2.356194490192345e+00, 1.251824906433260e-04, 4.739155324078887e-07, 1.315690227960858e-05, 1.180839780595280e-05
1914, 3.926990816987241e+00, 3.926990816987241e+00, 2.356194490192345e+00, 1.247057547274730e-04, -2.172242522960101e-10, 1.310392162857198e-05, 1.174912096660836e-05
1915, 4.319689898685965e+00, 3.926990816987241e+00, 2.356194490192345e+00, 1.251824782972109e-04, -4.743375113630966e-07, 1.315696924752142e-05, 1.180840493407787e-05
1916, 4.712388980384690e+00, 3.926990816987241e+00, 2.356194490192345e+00, 1.256910486939503e-04, -4.141852602273749e-10, 1.320625360981971e-05, 1.187793727735994e-05
1917, 5.105088062083414e+00, 3.926990816987241e+00, 2.356194490192345e+00, 1.251830915779044e-04, 4.735437965160738e-07, 1.315710838258545e-05, 1.180841806875495e-05
1918, 5.497787143782138e+00, 3.926990816987241e+00, 2.356194490192345e+00, 1.247072199886632e-04, -4.648236290123371e-10, 1.310419102000636e-05, 1.174914647983978e-05
1919, 5.890486225480862e+00, 3.926990816987241e+00, 2.356194490192345e+00, 1.251850968332578e-04, -4.743843530198031e-07, 1.315727871178907e-05, 1.180843354964558e-05
1920, 6.283185307179586e+00, 3.926990816987241e+00, 2.356194490192345e+00, 1.256945455804363e-04, -1.028937454332920e-10, 1.320655935048926e-05, 1.187796532028330e-05
1921, 0.000000000000000e+00, 4.319689898685965e+00, 2.356194490192345e+00, 1.241763713267702e-04, -7.626888912031806e-11, 1.751852746030893e-05, 9.283199084461980e-06
1922, 3.926990816987241e-01, 4.319689898685965e+00, 2.356194490192345e+00, 1.253794651982460e-04, 1.340666269536006e-06, 1.787027002401247e-05, 9.140051647935524e-06
1923, 7.853981633974483e-01, 4.319689898685965e+00, 2.356194490192345e+00, 1.265638210211798e-04, 3.309172058542621e-10, 1.823794794461393e-05, 8.998579441969301e-06
1924, 1.178097245096172e+00, 4.319689898685965e+00, 2.356194490192345e+00, 1.253778227107460e-04, -1.340089417929204e-06, 1.787005729424515e-05, 9.140049491772311e-06
1925, 1.570796326794897e+00, 4.319689898685965e+00, 2.356194490192345e+00, 1.241738552781548e-04, 3.540518528968064e-10, 1.751816800252609e-05, 9.283194995964643e-06
1926, 1.963495408493621e+00, 4.319689898685965e+00, 2.356194490192345e+00, 1.253770616866310e-04, 1.340760366107721e-06, 1.786985134269448e-05, 9.140045783667165e-06
1927, 2.356194490192345e+00, 4.319689898685965e+00, 2.356194490192345e+00, 1.265621974424408e-04, 2.222720337715737e-10, 1.823755433364192e-05, 8.998572475865142e-06
1928, 2.748893571891069e+00, 4.319689898685965e+00, 2.356194490192345e+00, 1.253769680425769e-04, -1.340331713110545e-06, 1.786973466707233e-05, 9.140042371580927e-06
1929, 3.141592653589793e+00, 4.319689898685965e+00, 2.356194490192345e+00, 1.241735199674279e-04, 2.540666173168928e-11, 1.751793730657234e-05, 9.283188914750853e-06
1930, 3.534291735288517e+00, 4.319689898685965e+00, 2.356194490192345e+00, 1.253769857981712e-04, 1.340380976281275e-06, 1.786972093649850e-05, 9.140041949160493e-06
1931, 3.926990816987241e+00, 4.319689898685965e+00, 2.356194490192345e+00, 1.265622124661287e-04, -1.777856588061432e-10, 1.823752701824157e-05, 8.998571727186658e-06
1932, 4.319689898685965e+00, 4.319689898685965e+00, 2.356194490192345e+00, 1.253770350512898e-04, -1.340724349147794e-06, 1.786981099216803e-05, 9.140044862198414e-06
1933, 4.712388980384690e+00, 4.319689898685965e+00, 2.356194490192345e+00, 1.241737366636751e-04, -3.312644263883953e-10, 1.751811619338188e-05, 9.283194057197887e-06
1934, 5.105088062083414e+00, 4.319689898685965e+00, 2.356194490192345e+00, 1.253775687679202e-04, 1.340092098778480e-06, 1.786999782654331e-05, 9.140048656695549e-06
1935, 5.497787143782138e+00, 4.319689898685965e+00, 2.356194490192345e+00, 1.265634355639815e-04, -3.590497578640680e-10, 1.823788888931377e-05, 8.998578799755899e-06
1936, 5.890486225480862e+00, 4.319689898685965e+00, 2.356194490192345e+00, 1.253790770874501e-04, -1.340742328567603e-06, 1.787022687109229e-05, 9.140051279455582e-06
1937, 6.283185307179586e+00, 4.319689898685965e+00, 2.356194490192345e+00, 1.241763713267702e-04, -7.626888912031806e-11, 1.751852746030893e-05, 9.283199084461980e-06
1938, 0.000000000000000e+00, 4.712388980384690e+00, 2.356194490192345e+00, 1.050436984344955e-04, -4.398312755240133e-11, 1.360070976093586e-05, 3.546380497749908e-06
1939, 3.926990816987241e-01, 4.712388980384690e+00, 2.356194490192345e+00, 1.105208699845739e-04, 5.303408960251283e-06, 1.942586538615446e-05, 3.487829268674853e-06
1940, 7.853981633974483e-01, 4.712388980384690e+00, 2.356194490192345e+00, 1.156008672647794e-04, 2.094317671077458e-10, 2.532619214633027e-05, 3.302441241461156e-06
1941, 1.178097245096172e+00, 4.712388980384690e+00, 2.356194490192345e+00, 1.105198862217655e-04, -5.303039866203521e-06, 1.942563089563196e-05, 3.487841729222088e-06
1942, 1.570796326794897e+00, 4.712388980384690e+00, 2.356194490192345e+00, 1.050421533189197e-04, 2.431546968142557e-10, 1.360031332493439e-05, 3.546400714924253e-06
1943, 1.963495408493621e+00, 4.712388980384690e+00, 2.356194490192345e+00, 1.105193043323544e-04, 5.303497408436288e-06, 1.942540360720200e-05, 3.487850813333848e-06
1944, 2.356194490192345e+00, 4.712388980384690e+00, 2.356194490192345e+00, 1.155996826593852e-04, 1.602852605456902e-10, 2.532575766746157e-05, 3.302459088449699e-06
1945, 2.748893571891069e+00, 4.712388980384690e+00, 2.356194490192345e+00, 1.105191340411318e-04, -5.303191643251368e-06, 1.942527413943716e-05, 3.487854298753596e-06
1946, 3.141592653589793e+00, 4.712388980384690e+00, 2.356194490192345e+00, 1.050417477633099e-04, 1.811138833261811e-11, 1.360005767517523e-05, 3.546408431714054e-06
1947, 3.534291735288517e+00, 4.712388980384690e+00, 2.356194490192345e+00, 1.105191369235220e-04, 5.303226368893678e-06, 1.942525881001706e-05, 3.487854746711404e-06
1948, 3.926990816987241e+00, 4.712388980384690e+00, 2.356194490192345e+00, 1.155996776244596e-04, -1.300541922465590e-10, 2.532572721368880e-05, 3.302460079894271e-06
1949, 4.319689898685965e+00, 4.712388980384690e+00, 2.356194490192345e+00, 1.105192714896751e-04, -5.303474716977426e-06, 1.942535872531639e-05, 3.487852498975171e-06
1950, 4.712388980384690e+00, 4.712388980384690e+00, 2.356194490192345e+00, 1.050420683652068e-04, -2.312460986901106e-10, 1.360025586396228e-05, 3.546403216307596e-06
1951, 5.105088062083414e+00, 4.712388980384690e+00, 2.356194490192345e+00, 1.105197307256786e-04, 5.303037229003298e-06, 1.942556509921238e-05, 3.487845001676033e-06
1952, 5.497787143782138e+00, 4.712388980384690e+00, 2.356194490192345e+00, 1.156006489421480e-04, -2.315269337087865e-10, 2.532612684162775e-05, 3.302444865624871e-06
1953, 5.890486225480862e+00, 4.712388980384690e+00, 2.356194490192345e+00, 1.105206602109891e-04, -5.303457802398600e-06, 1.942581758152934e-05, 3.487832151542241e-06
1954, 6.283185307179586e+00, 4.712388980384690e+00, 2.356194490192345e+00, 1.050436984344955e-04, -4.398312755240133e-11, 1.360070976093586e-05, 3.546380497749908e-06
1955, 0.000000000000000e+00, 5.105088062083414e+00, 2.356194490192345e+00, 6.992157158196257e-05, -1.097337265654031e-11, -7.741871629597798e-06, -4.770141498426547e-06
1956, 3.926990816987241e-01, 5.105088062083414e+00, 2.356194490192345e+00, 8.087233929908947e-05, 1.336590329732067e-05, 1.679452566644181e-05, -4.487999696162796e-06
1957, 7.853981633974483e-01, 5.105088062083414e+00, 2.356194490192345e+00, 9.057889188463010e-05, 8.622752907555721e-11, 4.142592757117449e-05, -4.692303772073764e-06
1958, 1.178097245096172e+00, 5.105088062083414e+00, 2.356194490192345e+00, 8.087200601564986e-05, -1.336574531255425e-05, 1.679430662490654e-05, -4.487972481109853e-06
1959, 1.570796326794897e+00, 5.105088062083414e+00, 2.356194490192345e+00, 6.992098256067477e-05, 1.300836657623087e-10, -7.742243006264845e-06, -4.770096641447520e-06
1960, 1.963495408493621e+00, 5.105088062083414e+00, 2.356194490192345e+00, 8.087158723191153e-05, 1.336598538610161e-05, 1.679409219675805e-05, -4.487950252797208e-06
1961, 2.356194490192345e+00, 5.105088062083414e+00, 2.356194490192345e+00, 9.057811734038121e-05, 9.658961498609083e-11, 4.142551816797494e-05, -4.692260469101478e-06
1962, 2.748893571891069e+00, 5.105088062083414e+00, 2.356194490192345e+00, 8.087132971921962e-05, -1.336580567209070e-05, 1.679396890180578e-05, -4.487939493148192e-06
1963, 3.141592653589793e+00, 5.105088062083414e+00, 2.356194490192345e+00, 6.992048662099650e-05, 1.056676295880131e-11, -7.742485971257274e-06, -4.770074465315812e-06
1964, 3.534291735288517e+00, 5.105088062083414e+00, 2.356194490192345e+00, 8.087131680696145e-05, 1.336582538257724e-05, 1.679395419664818e-05, -4.487938117482874e-06
1965, 3.926990816987241e+00, 5.105088062083414e+00, 2.356194490192345e+00, 9.057809054338813e-05, -8.101557849323970e-11, 4.142548899282436e-05, -4.692257631985584e-06
1966, 4.319689898685965e+00, 5.105088062083414e+00, 2.356194490192345e+00, 8.087154589672669e-05, -1.336597626979797e-05, 1.679404931801248e-05, -4.487945826255065e-06
1967, 4.712388980384690e+00, 5.105088062083414e+00, 2.356194490192345e+00, 6.992092862546272e-05, -1.290971077585558e-10, -7.742297645164056e-06, -4.770090567403579e-06
1968, 5.105088062083414e+00, 5.105088062083414e+00, 2.356194490192345e+00, 8.087194644081830e-05, 1.336573746984951e-05, 1.679424444658248e-05, -4.487964996170727e-06
1969, 5.497787143782138e+00, 5.105088062083414e+00, 2.356194490192345e+00, 9.057883940133007e-05, -1.021246002288416e-10, 4.142586617547384e-05, -4.692295806977979e-06
1970, 5.890486225480862e+00, 5.105088062083414e+00, 2.356194490192345e+00, 8.087230879111125e-05, -1.336592449955820e-05, 1.679448071920650e-05, -4.487993504472688e-06
1971, 6.283185307179586e+00, 5.105088062083414e+00, 2.356194490192345e+00, 6.992157158196257e-05, -1.097337265654031e-11, -7.741871629597798e-06, -4.770141498426547e-06
1972, 0.000000000000000e+00, 5.497787143782138e+00, 2.356194490192345e+00, 3.393531480770855e-05, 1.744758144939318e-11, -4.836571771020017e-05, -1.278687123174863e-05
1973, 3.926990816987241e-01, 5.497787143782138e+00, 2.356194490192345e+00, 4.753060980105856e-05, 1.982832169352074e-05, 1.097922022229565e-05, -1.217762357233420e-05
1974, 7.853981633974483e-01, 5.497787143782138e+00, 2.356194490192345e+00, 5.948267420034658e-05, -1.879914118586350e-11, 7.027575367697398e-05, -1.228566718316481e-05
1975, 1.178097245096172e+00, 5.497787143782138e+00, 2.356194490192345e+00, 4.753080590520842e-05, -1.982834466793671e-05, 1.097905251286563e-05, -1.217758398980219e-05
1976, 1.570796326794897e+00, 5.497787143782138e+00, 2.356194490192345e+00, 3.393550361998448e-05, 3.164526466403318e-11, -4.836600423328473e-05, -1.278680545604041e-05
1977, 1.963495408493621e+00, 5.497787143782138e+00, 2.356194490192345e+00, 4.753051179116221e-05, 1.982839603471927e-05, 1.097888264137839e-05, -1.217755009901274e-05
1978, 2.356194490192345e+00, 5.497787143782138e+00, 2.356194490192345e+00, 5.948221815319966e-05, 4.056284543941419e-11, 7.027543096326635e-05, -1.228560147190476e-05
1979, 2.748893571891069e+00, 5.497787143782138e+00, 2.356194490192345e+00, 4.753017309024402e-05, -1.982832697677118e-05, 1.097878381725924e-05, -1.217753263309129e-05
1980, 3.141592653589793e+00, 5.497787143782138e+00, 2.356194490192345e+00, 3.393491699558299e-05, 3.883594711525504e-12, -4.836619857695255e-05, -1.278677005988526e-05
1981, 3.534291735288517e+00, 5.497787143782138e+00, 2.356194490192345e+00, 4.753014640246501e-05, 1.982833339612127e-05, 1.097877193074978e-05, -1.217753039291838e-05
1982, 3.926990816987241e+00, 5.497787143782138e+00, 2.356194490192345e+00, 5.948217230263625e-05, -3.791700079904257e-11, 7.027540739550862e-05, -1.228559692319789e-05
1983, 4.319689898685965e+00, 5.497787143782138e+00, 2.356194490192345e+00, 4.753046256549287e-05, -1.982839875890035e-05, 1.097884807314311e-05, -1.217754315644624e-05
1984, 4.712388980384690e+00, 5.497787143782138e+00, 2.356194490192345e+00, 3.393547495295803e-05, -3.990443796339464e-11, -4.836604805205658e-05, -1.278679616002081e-05
1985, 5.105088062083414e+00, 5.497787143782138e+00, 2.356194490192345e+00, 4.753082554337926e-05, 1.982833285177407e-05, 1.097900320583599e-05, -1.217757280119478e-05
1986, 5.497787143782138e+00, 5.497787143782138e+00, 2.356194490192345e+00, 5.948275893484927e-05, 8.703040469800568e-12, 7.027570587641473e-05, -1.228565550396062e-05
1987, 5.890486225480862e+00, 5.497787143782138e+00, 2.356194490192345e+00, 4.753072887453625e-05, -1.982831921689483e-05, 1.097918581274224e-05, -1.217761459124473e-05
1988, 6.283185307179586e+00, 5.497787143782138e+00, 2.356194490192345e+00, 3.393531480770855e-05, 1.744758144939318e-11, -4.836571771020017e-05, -1.278687123174863e-05
1989, 0.000000000000000e+00, 5.890486225480862e+00, 2.356194490192345e+00, 1.456098932570823e-05, 3.626943837619721e-11, -9.213311049427517e-05, -1.738534495259245e-05
1990, 3.926990816987241e-01, 5.890486225480862e+00, 2.356194490192345e+00, 2.402917226009811e-05, 1.559789901600841e-05, 4.823753454881433e-06, -1.698254909764755e-05
1991, 7.853981633974483e-01, 5.890486225480862e+00, 2.356194490192345e+00, 3.303796542168811e-05, -8.864453034916915e-11, 1.016117023875752e-04, -1.679691879152073e-05
1992, 1.178097245096172e+00, 5.890486225480862e+00, 2.356194490192345e+00, 2.402968075775933e-05, -1.559804329154808e-05, 4.823663595574012e-06, -1.698250171208478e-05
1993, 1.570796326794897e+00, 5.890486225480862e+00, 2.356194490192345e+00, 1.456163394567545e-05, -3.772736967918141e-11, -9.213326455340393e-05, -1.738526563170988e-05
1994, 1.963495408493621e+00, 5.890486225480862e+00, 2.356194490192345e+00, 2.402946052597824e-05, 1.559796276088940e-05, 4.823563250855723e-06, -1.698245926198823e-05
1995, 2.356194490192345e+00, 5.890486225480862e+00, 2.356194490192345e+00, 3.303769459904665e-05, 7.639944457104497e-13, 1.016115139008609e-04, -1.679683696593710e-05
1996, 2.748893571891069e+00, 5.890486225480862e+00, 2.356194490192345e+00, 2.402906110406597e-05, -1.559797223856806e-05, 4.823504409287681e-06, -1.698243666831281e-05
1997, 3.141592653589793e+00, 5.890486225480862e+00, 2.356194490192345e+00, 1.456097541379428e-05, -9.038048697639262e-13, -9.213338020061025e-05, -1.738522020213797e-05
1998, 3.534291735288517e+00, 5.890486225480862e+00, 2.356194490192345e+00, 2.402902491668039e-05, 1.559796913510627e-05, 4.823497244879375e-06, -1.698243376021654e-05
1999, 3.926990816987241e+00, 5.890486225480862e+00, 2.356194490192345e+00, 3.303763574016668e-05, -7.377824831331378e-12, 1.016114996901784e-04, -1.679683110051636e-05
2000, 4.319689898685965e+00, 5.890486225480862e+00, 2.356194490192345e+00, 2.402940620502594e-05, -1.559797391320070e-05, 4.823542403037300e-06, -1.698245040113225e-05
2001, 4.712388980384690e+00, 5.890486225480862e+00, 2.356194490192345e+00, 1.456162274254215e-05, 2.312950344875761e-11, -9.213329092601979e-05, -1.738525392259927e-05
2002, 5.105088062083414e+00, 5.890486225480862e+00, 2.356194490192345e+00, 2.402975260556125e-05, 1.559802947445570e-05, 4.823634263675552e-06, -1.698248784958755e-05
2003, 5.497787143782138e+00, 5.890486225480862e+00, 2.356194490192345e+00, 3.303813628093876e-05, 8.392185019994452e-11, 1.016116751814296e-04, -1.679690461379427e-05
2004, 5.890486225480862e+00, 5.890486225480862e+00, 2.356194490192345e+00, 2.402938124153686e-05, -1.559788043543781e-05, 4.823736415967342e-06, -1.698253842159253e-05
2005, 6.283185307179586e+00, 5.890486225480862e+00, 2.356194490192345e+00, 1.456098932570823e-05, 3.626943837619721e-11, -9.213311049427517e-05, -1.738534495259245e-05
2006, 0.000000000000000e+00, 6.283185307179586e+00, 2.356194490192345e+00, 1.646224888631181e-05, 3.672102017277743e-11, -1.134834955752340e-04, -1.829771684018674e-05
2007, 3.926990816987241e-01, 6.283185307179586e+00, 2.356194490192345e+00, 1.616227831734137e-05, -8.260333952102663e-11, 1.484896526198015e-10, -1.843486955099806e-05
2008, 7.853981633974483e-01, 6.283185307179586e+00, 2.356194490192345e+00, 1.646276571342256e-05, -1.145775017382955e-10, 1.134837825606958e-04, -1.829768722473334e-05
2009, 1.178097245096172e+00, 6.283185307179586e+00, 2.356194490192345e+00, 1.616284675030583e-05, -9.958261223516918e-11, 1.380910672240416e-10, -1.843481967509290e-05
2010, 1.570796326794897e+00, 6.283185307179586e+00, 2.356194490192345e+00, 1.646295448253405e-05, -6.752406319760535e-11, -1.134835065971674e-04, -1.829763418387328e-05
2011, 1.963495408493621e+00, 6.283185307179586e+00, 2.356194490192345e+00, 1.616264203631218e-05, -3.701946059724504e-11, 1.257990752503860e-10, -1.843477311400228e-05
2012, 2.356194490192345e+00, 6.283185307179586e+00, 2.356194490192345e+00, 1.646253150082702e-05, -1.624126624362214e-11, 1.134837595983177e-04, -1.829759790912997e-05
2013, 2.748893571891069e+00, 6.283185307179586e+00, 2.356194490192345e+00, 1.616220772244188e-05, -6.085497585709148e-12, 1.187650375972151e-10, -1.843474798210069e-05
2014, 3.141592653589793e+00, 6.283185307179586e+00, 2.356194490192345e+00, 1.646224817671287e-05, -2.990741407952609e-12, -1.134835205384402e-04, -1.829758381105816e-05
2015, 3.534291735288517e+00, 6.283185307179586e+00, 2.356194490192345e+00, 1.616216691019693e-05, -1.174563014082309e-12, 1.178424745647558e-10, -1.843474473734227e-05
2016, 3.926990816987241e+00, 6.283185307179586e+00, 2.356194490192345e+00, 1.646246602028654e-05, 5.567885953251586e-12, 1.134837577532767e-04, -1.829759138442222e-05
2017, 4.319689898685965e+00, 6.283185307179586e+00, 2.356194490192345e+00, 1.616258412872583e-05, 2.213468176500054e-11, 1.230510889397541e-10, -1.843476330201606e-05
2018, 4.712388980384690e+00, 6.283185307179586e+00, 2.356194490192345e+00, 1.646294909491947e-05, 5.009021181505054e-11, -1.134835101544101e-04, -1.829762129206954e-05
2019, 5.105088062083414e+00, 6.283185307179586e+00, 2.356194490192345e+00, 1.616293796790402e-05, 8.519887224247772e-11, 1.339854444094597e-10, -1.843480453541490e-05
2020, 5.497787143782138e+00, 6.283185307179586e+00, 2.356194490192345e+00, 1.646296330519433e-05, 1.145004182754342e-10, 1.134837784735273e-04, -1.829767199619677e-05
2021, 5.890486225480862e+00, 6.283185307179586e+00, 2.356194490192345e+00, 1.616249837815346e-05, 1.135523210757724e-10, 1.455044137692431e-10, -1.843485856250381e-05
2022, 6.283185307179586e+00, 6.283185307179586e+00, 2.356194490192345e+00, 1.646224888631181e-05, 3.672102017277743e-11, -1.134834955752340e-04, -1.829771684018674e-05
2023, 0.000000000000000e+00, 0.000000000000000e+00, 2.748893571891069e+00, 2.996181505290554e-06, 3.103644162596023e-11, -2.211996748941548e-06, -7.479501369704564e-06
2024, 3.926990816987241e-01, 0.000000000000000e+00, 2.748893571891069e+00, 3.006452659828301e-06, -6.885624456554244e-11, 1.382207560580182e-10, -7.481765215470558e-06
2025, 7.853981633974483e-01, 0.000000000000000e+00, 2.748893571891069e+00, 2.996600083003071e-06, -9.325907526776463e-11, 2.212264267957636e-06, -7.479484570833747e-06
2026, 1.178097245096172e+00, 0.000000000000000e+00, 2.748893571891069e+00, 3.006891405099582e-06, -7.786592716798550e-11, 1.282601820509831e-10, -7.481736957140537e-06
2027, 1.570796326794897e+00, 0.000000000000000e+00, 2.748893571891069e+00, 2.996700749241552e-06, -4.895527689928026e-11, -2.212007911020386e-06, -7.479454623522560e-06
2028, 1.963495408493621e+00, 0.000000000000000e+00, 2.748893571891069e+00, 3.006652600725081e-06, -2.281507393208051e-11, 1.166956633262115e-10, -7.481710866679388e-06
2029, 2.356194490192345e+00, 0.000000000000000e+00, 2.748893571891069e+00, 2.996281217409618e-06, -6.525082554749604e-12, 2.212242628046485e-06, -7.479434523670172e-06
2030, 2.748893571891069e+00, 0.000000000000000e+00, 2.748893571891069e+00, 3.006236568853657e-06, -6.736387710217549e-13, 1.101152273977655e-10, -7.481697104366654e-06
2031, 3.141592653589793e+00, 0.000000000000000e+00, 2.748893571891069e+00, 2.996013067712507e-06, -1.735972297520629e-12, -2.212020964513292e-06, -7.479426860968156e-06
2032, 3.534291735288517e+00, 0.000000000000000e+00, 2.748893571891069e+00, 3.006197886741182e-06, -4.050390851449627e-12, 1.092564285994897e-10, -7.481695315059584e-06
2033, 3.926990816987241e+00, 0.000000000000000e+00, 2.748893571891069e+00, 2.996218061873396e-06, -1.554986137553454e-12, 2.212240905852963e-06, -7.479430904972184e-06
2034, 4.319689898685965e+00, 0.000000000000000e+00, 2.748893571891069e+00, 3.006593299416952e-06, 1.051936598994722e-11, 1.141242038211678e-10, -7.481705383834332e-06
2035, 4.712388980384690e+00, 0.000000000000000e+00, 2.748893571891069e+00, 2.996684793240765e-06, 3.381555731114785e-11, -2.212011246635763e-06, -7.479447370669624e-06
2036, 5.105088062083414e+00, 0.000000000000000e+00, 2.748893571891069e+00, 3.006957871255118e-06, 6.474677396473179e-11, 1.244055786776346e-10, -7.481728403461207e-06
2037, 5.497787143782138e+00, 0.000000000000000e+00, 2.748893571891069e+00, 2.996759162908196e-06, 9.200312546333184e-11, 2.212260433179208e-06, -7.479475952085761e-06
2038, 5.890486225480862e+00, 0.000000000000000e+00, 2.748893571891069e+00, 3.006634886277149e-06, 9.414248095730316e-11, 1.354257538524681e-10, -7.481758992293651e-06
2039, 6.283185307179586e+00, 0.000000000000000e+00, 2.748893571891069e+00, 2.996181505290554e-06, 3.103644162596023e-11, -2.211996748941548e-06, -7.479501369704564e-06
2040, 0.000000000000000e+00, 3.926990816987241e-01, 2.748893571891069e+00, 1.978372288810041e-05, 3.365262835032102e-11, -4.448866280613775e-06, -5.460237392394853e-06
2041, 3.926990816987241e-01, 3.926990816987241e-01, 2.748893571891069e+00, 1.113941359065664e-05, 1.741946642493275e-06, -2.768865552104706e-06, -7.184599773471274e-06
2042, 7.853981633974483e-01, 3.926990816987241e-01, 2.748893571891069e+00, 2.479999510037950e-06, -7.878587790204198e-11, -1.094658768593173e-06, -8.924496012906092e-06
2043, 1.178097245096172e+00, 3.926990816987241e-01, 2.748893571891069e+00, 1.113977151401677e-05, -1.742072541918073e-06, -2.768798045010258e-06, -7.184572494013793e-06
2044, 1.570796326794897e+00, 3.926990816987241e-01, 2.748893571891069e+00, 1.978411198047340e-05, -3.173499870709564e-11, -4.448755189434515e-06, -5.460191967949467e-06
2045, 1.963495408493621e+00, 3.926990816987241e-01, 2.748893571891069e+00, 1.113946250643714e-05, 1.742004207577824e-06, -2.768721822676776e-06, -7.184547979697077e-06
2046, 2.356194490192345e+00, 3.926990816987241e-01, 2.748893571891069e+00, 2.479545978311725e-06, 3.435990550107522e-12, -1.094515713004013e-06, -8.924448837895117e-06
2047, 2.748893571891069e+00, 3.926990816987241e-01, 2.748893571891069e+00, 1.113902543876226e-05, -1.742008077539675e-06, -2.768676889772800e-06, -7.184535171947226e-06
2048, 3.141592653589793e+00, 3.926990816987241e-01, 2.748893571891069e+00, 1.978337349676682e-05, -5.563740559507595e-13, -4.448667019090233e-06, -5.460166071938531e-06
2049, 3.534291735288517e+00, 3.926990816987241e-01, 2.748893571891069e+00, 1.113898457147845e-05, 1.742005690965707e-06, -2.768671509760804e-06, -7.184533505652221e-06
2050, 3.926990816987241e+00, 3.926990816987241e-01, 2.748893571891069e+00, 2.479477362724766e-06, -9.269146479224366e-12, -1.094505065537495e-06, -8.924445463143152e-06
2051, 4.319689898685965e+00, 3.926990816987241e-01, 2.748893571891069e+00, 1.113939251944375e-05, -1.742014499450255e-06, -2.768706267483838e-06, -7.184542852793177e-06
2052, 4.712388980384690e+00, 3.926990816987241e-01, 2.748893571891069e+00, 1.978407812950803e-05, 1.800573998174063e-11, -4.448735640608652e-06, -5.460185156383732e-06
2053, 5.105088062083414e+00, 3.926990816987241e-01, 2.748893571891069e+00, 1.113981331343165e-05, 1.742059361531669e-06, -2.768776522487329e-06, -7.184564398516641e-06
2054, 5.497787143782138e+00, 3.926990816987241e-01, 2.748893571891069e+00, 2.480135339662839e-06, 7.401082429911028e-11, -1.094639163142834e-06, -8.924487713330952e-06
2055, 5.890486225480862e+00, 3.926990816987241e-01, 2.748893571891069e+00, 1.113959210607276e-05, -1.741929590451018e-06, -2.768853759902332e-06, -7.184593511692738e-06
2056, 6.283185307179586e+00, 3.926990816987241e-01, 2.748893571891069e+00, 1.978372288810041e-05, 3.365262835032102e-11, -4.448866280613775e-06, -5.460237392394853e-06
2057, 0.000000000000000e+00, 7.853981633974483e-01, 2.748893571891069e+00, 4.690976615462617e-05, 1.858241851089223e-11, -7.060467871105933e-06, -3.444099400450046e-06
2058, 3.926990816987241e-01, 7.853981633974483e-01, 2.748893571891069e+00, 3.437023776272771e-05, 2.520793770972550e-06, -6.566551139213594e-06, -5.840331393811394e-06
2059, 7.853981633974483e-01, 7.853981633974483e-01, 2.748893571891069e+00, 2.181271567725461e-05, -2.170293817939121e-11, -6.073311143926687e-06, -8.278769994623425e-06
2060, 1.178097245096172e+00, 7.853981633974483e-01, 2.748893571891069e+00, 3.437029745377927e-05, -2.520821921749095e-06, -6.566407715182879e-06, -5.840308165006226e-06
2061, 1.570796326794897e+00, 7.853981633974483e-01, 2.748893571891069e+00, 4.690971969448053e-05, 2.594153809562553e-11, -7.060223841285620e-06, -3.444060850356217e-06
2062, 1.963495408493621e+00, 7.853981633974483e-01, 2.748893571891069e+00, 3.436986261483516e-05, 2.520863090136404e-06, -6.566259500744417e-06, -5.840288240319169e-06
2063, 2.356194490192345e+00, 7.853981633974483e-01, 2.748893571891069e+00, 2.181199055675442e-05, 3.666266297822722e-11, -6.073030199458532e-06, -8.278731418268863e-06
2064, 2.748893571891069e+00, 7.853981633974483e-01, 2.748893571891069e+00, 3.436943224446225e-05, -2.520801467022753e-06, -6.566172881477360e-06, -5.840278128846335e-06
2065, 3.141592653589793e+00, 7.853981633974483e-01, 2.748893571891069e+00, 4.690895766082761e-05, 3.395632173280150e-12, -7.060053678579982e-06, -3.444040260093678e-06
2066, 3.534291735288517e+00, 7.853981633974483e-01, 2.748893571891069e+00, 3.436939385193830e-05, 2.520806930021189e-06, -6.566162546283721e-06, -5.840276812940296e-06
2067, 3.926990816987241e+00, 7.853981633974483e-01, 2.748893571891069e+00, 2.181192240206878e-05, -3.489978186945531e-11, -6.073009728801555e-06, -8.278728738086235e-06
2068, 4.319689898685965e+00, 7.853981633974483e-01, 2.748893571891069e+00, 3.436978268019359e-05, -2.520866534779989e-06, -6.566229532394371e-06, -5.840284131640640e-06
2069, 4.712388980384690e+00, 7.853981633974483e-01, 2.748893571891069e+00, 4.690965518326443e-05, -3.462493712243996e-11, -7.060185958518687e-06, -3.444055322266992e-06
2070, 5.105088062083414e+00, 7.853981633974483e-01, 2.748893571891069e+00, 3.437028040983009e-05, 2.520810160548357e-06, -6.566365235597716e-06, -5.840301482749098e-06
2071, 5.497787143782138e+00, 7.853981633974483e-01, 2.748893571891069e+00, 2.181276821260970e-05, 1.234992384175200e-11, -6.073270122249223e-06, -8.278762994767766e-06
2072, 5.890486225480862e+00, 7.853981633974483e-01, 2.748893571891069e+00, 3.437033588364791e-05, -2.520789751439236e-06, -6.566521721060554e-06, -5.840325994227030e-06
2073, 6.283185307179586e+00, 7.853981633974483e-01, 2.748893571891069e+00, 4.690976615462617e-05, 1.858241851089223e-11, -7.060467871105933e-06, -3.444099400450046e-06
2074, 0.000000000000000e+00, 1.178097245096172e+00, 2.748893571891069e+00, 7.825081496098889e-05, -6.559460021939041e-12, -1.043651619271828e-05, -1.151065740403122e-06
2075, 3.926990816987241e-01, 1.178097245096172e+00, 2.748893571891069e+00, 6.765749146577120e-05, 2.099558203599134e-06, -1.092288187564753e-05, -3.018197862802033e-06
2076, 7.853981633974483e-01, 1.178097245096172e+00, 2.748893571891069e+00, 5.704486097986059e-05, 7.113704346240255e-11, -1.140541991319709e-05, -4.920706391558264e-06
2077, 1.178097245096172e+00, 1.178097245096172e+00, 2.748893571891069e+00, 6.765705959006976e-05, -2.099426476148643e-06, -1.092268312574440e-05, -3.018181450543053e-06
2078, 1.570796326794897e+00, 1.178097245096172e+00, 2.748893571891069e+00, 7.825004033860815e-05, 1.145725480252952e-10, -1.043617855944137e-05, -1.151038712085609e-06
2079, 1.963495408493621e+00, 1.178097245096172e+00, 2.748893571891069e+00, 6.765646782962666e-05, 2.099637145661814e-06, -1.092248565141027e-05, -3.018168149431560e-06
2080, 2.356194490192345e+00, 1.178097245096172e+00, 2.748893571891069e+00, 5.704377082094164e-05, 8.734238667828624e-11, -1.140504362540530e-05, -4.920680462068705e-06
2081, 2.748893571891069e+00, 1.178097245096172e+00, 2.748893571891069e+00, 6.765607791542157e-05, -2.099475526747389e-06, -1.092237147676228e-05, -3.018161785698384e-06
2082, 3.141592653589793e+00, 1.178097245096172e+00, 2.748893571891069e+00, 7.824929847385860e-05, 9.403280926983499e-12, -1.043595383658678e-05, -1.151025548910718e-06
2083, 3.534291735288517e+00, 1.178097245096172e+00, 2.748893571891069e+00, 6.765604771366438e-05, 2.099492928171001e-06, -1.092235791861475e-05, -3.018160954989503e-06
2084, 3.926990816987241e+00, 1.178097245096172e+00, 2.748893571891069e+00, 5.704371181646453e-05, -7.399748558417137e-11, -1.140501674223295e-05, -4.920678746508281e-06
2085, 4.319689898685965e+00, 1.178097245096172e+00, 2.748893571891069e+00, 6.765638413341215e-05, -2.099630037479212e-06, -1.092244618695122e-05, -3.018165465736861e-06
2086, 4.712388980384690e+00, 1.178097245096172e+00, 2.748893571891069e+00, 7.824994090014637e-05, -1.150936840325166e-10, -1.043612835948680e-05, -1.151035014253075e-06
2087, 5.105088062083414e+00, 1.178097245096172e+00, 2.748893571891069e+00, 6.765695987905626e-05, 2.099418111420382e-06, -1.092262612996859e-05, -3.018176870276131e-06
2088, 5.497787143782138e+00, 1.178097245096172e+00, 2.748893571891069e+00, 5.704478181055889e-05, -8.581160489373124e-11, -1.140536378792504e-05, -4.920701491163458e-06
2089, 5.890486225480862e+00, 1.178097245096172e+00, 2.748893571891069e+00, 6.765745150438530e-05, -2.099575307446948e-06, -1.092284090916828e-05, -3.018194033399471e-06
2090, 6.283185307179586e+00, 1.178097245096172e+00, 2.748893571891069e+00, 7.825081496098889e-05, -6.559460021939041e-12, -1.043651619271828e-05, -1.151065740403122e-06
2091, 0.000000000000000e+00, 1.570796326794897e+00, 2.748893571891069e+00, 1.071240415117677e-04, -3.722878228396469e-11, -1.334503081849258e-05, 1.412614367669289e-06
2092, 3.926990816987241e-01, 1.570796326794897e+00, 2.748893571891069e+00, 1.014957082402873e-04, 1.047042547001943e-06, -1.409552826044910e-05, 6.000105748738314e-07
2093, 7.853981633974483e-01, 1.570796326794897e+00, 2.748893571891069e+00, 9.585712235649892e-05, 1.854082099941414e-10, -1.484382271865382e-05, -2.256553640042600e-07
2094, 1.178097245096172e+00, 1.570796326794897e+00, 2.748893571891069e+00, 1.014946722086276e-04, -1.046714677260174e-06, -1.409530614590976e-05, 6.000185202331967e-07
2095, 1.570796326794897e+00, 1.570796326794897e+00, 2.748893571891069e+00, 1.071223749102515e-04, 2.207942768072695e-10, -1.334465468253012e-05, 1.412627233534566e-06
2096, 1.963495408493621e+00, 1.570796326794897e+00, 2.748893571891069e+00, 1.014939131009502e-04, 1.047129267041676e-06, -1.409508891121910e-05, 6.000241918062302e-07
2097, 2.356194490192345e+00, 1.570796326794897e+00, 2.748893571891069e+00, 9.585562522082949e-05, 1.474985123512458e-10, -1.484340794628263e-05, -2.256441540723392e-07
2098, 2.748893571891069e+00, 1.570796326794897e+00, 2.748893571891069e+00, 1.014935916109050e-04, -1.046848737943219e-06, -1.409496451939407e-05, 6.000264024015408e-07
2099, 3.141592653589793e+00, 1.570796326794897e+00, 2.748893571891069e+00, 1.071216934830596e-04, 1.650490635395930e-11, -1.334440934624444e-05, 1.412632097936324e-06
2100, 3.534291735288517e+00, 1.570796326794897e+00, 2.748893571891069e+00, 1.014935743102108e-04, 1.046880267044096e-06, -1.409494981430053e-05, 6.000266996961575e-07
2101, 3.926990816987241e+00, 1.570796326794897e+00, 2.748893571891069e+00, 9.585558302630503e-05, -1.203850818447042e-10, -1.484337874324757e-05, -2.256435046349873e-07
2102, 4.319689898685965e+00, 1.570796326794897e+00, 2.748893571891069e+00, 1.014938326113687e-04, -1.047109453433381e-06, -1.409504590784778e-05, 6.000252834145231e-07
2103, 4.712388980384690e+00, 1.570796326794897e+00, 2.748893571891069e+00, 1.071222413844184e-04, -2.111684172016655e-10, -1.334459970562550e-05, 1.412628847509735e-06
2104, 5.105088062083414e+00, 1.570796326794897e+00, 2.748893571891069e+00, 1.014944785693682e-04, 1.046711034819337e-06, -1.409524332409463e-05, 6.000206409471408e-07
2105, 5.497787143782138e+00, 1.570796326794897e+00, 2.748893571891069e+00, 9.585688592100666e-05, -2.060454140581255e-10, -1.484376052328875e-05, -2.256529944661460e-07
2106, 5.890486225480862e+00, 1.570796326794897e+00, 2.748893571891069e+00, 1.014955007433684e-04, -1.047085525480671e-06, -1.409548285108248e-05, 6.000124782241592e-07
2107, 6.283185307179586e+00, 1.570796326794897e+00, 2.748893571891069e+00, 1.071240415117677e-04, -3.722878228396469e-11, -1.334503081849258e-05, 1.412614367669289e-06
2108, 0.000000000000000e+00, 1.963495408493621e+00, 2.748893571891069e+00, 1.278759274010842e-04, -6.843330332514683e-11, -1.405295127778978e-05, 3.759858445294626e-06
2109, 3.926990816987241e-01, 1.963495408493621e+00, 2.748893571891069e+00, 1.265373763252550e-04, 1.468745797910359e-07, -1.451373893779662e-05, 3.740635443713435e-06
2110, 7.853981633974483e-01, 1.963495408493621e+00, 2.748893571891069e+00, 1.251972161754814e-04, 3.027469340067884e-10, -1.497437888656753e-05, 3.720733975288770e-06
2111, 1.178097245096172e+00, 1.963495408493621e+00, 2.748893571891069e+00, 1.265357279003307e-04, -1.463457993086025e-07, -1.451352895487728e-05, 3.740634718961941e-06
2112, 1.570796326794897e+00, 1.963495408493621e+00, 2.748893571891069e+00, 1.278733610959460e-04, 3.287266903129677e-10, -1.405259616180853e-05, 3.759856897073244e-06
2113, 1.963495408493621e+00, 1.963495408493621e+00, 2.748893571891069e+00, 1.265348142656535e-04, 1.469678705180945e-07, -1.451332467791891e-05, 3.740632834177812e-06
2114, 2.356194490192345e+00, 1.963495408493621e+00, 2.748893571891069e+00, 1.251953318938372e-04, 2.081060407765805e-10, -1.497398869755034e-05, 3.720730546862755e-06
2115, 2.748893571891069e+00, 1.963495408493621e+00, 2.748893571891069e+00, 1.265345767205777e-04, -1.465673115548711e-07, -1.451320852186884e-05, 3.740631058332609e-06
2116, 3.141592653589793e+00, 1.963495408493621e+00, 2.748893571891069e+00, 1.278727671954846e-04, 2.363266245713474e-11, -1.405236668697953e-05, 3.759853736153441e-06
2117, 3.534291735288517e+00, 1.963495408493621e+00, 2.748893571891069e+00, 1.265345747676636e-04, 1.466130421154613e-07, -1.451319483857060e-05, 3.740630848347213e-06
2118, 3.926990816987241e+00, 1.963495408493621e+00, 2.748893571891069e+00, 1.251953109675092e-04, -1.670805952705292e-10, -1.497396148030094e-05, 3.720730175993956e-06
2119, 4.319689898685965e+00, 1.963495408493621e+00, 2.748893571891069e+00, 1.265347425032082e-04, -1.469350912254083e-07, -1.451328449462939e-05, 3.740632385605244e-06
2120, 4.712388980384690e+00, 1.963495408493621e+00, 2.748893571891069e+00, 1.278731986145284e-04, -3.085863439342552e-10, -1.405254462786403e-05, 3.759856466151440e-06
2121, 5.105088062083414e+00, 1.963495408493621e+00, 2.748893571891069e+00, 1.265354435544666e-04, 1.463471910746777e-07, -1.451346990854115e-05, 3.740634390993562e-06
2122, 5.497787143782138e+00, 1.963495408493621e+00, 2.748893571891069e+00, 1.251968232000556e-04, -3.293997021199648e-10, -1.497432037418404e-05, 3.720733800906544e-06
2123, 5.890486225480862e+00, 1.963495408493621e+00, 2.748893571891069e+00, 1.265370006593418e-04, -1.469440262982169e-07, -1.451369627019066e-05, 3.740635408529516e-06
2124, 6.283185307179586e+00, 1.963495408493621e+00, 2.748893571891069e+00, 1.278759274010842e-04, -6.843330332514683e-11, -1.405295127778978e-05, 3.759858445294626e-06
2125, 0.000000000000000e+00, 2.356194490192345e+00, 2.748893571891069e+00, 1.387264872992335e-04, -9.537596686046115e-11, -1.168503128325787e-05, 5.429197839501483e-06
2126, 3.926990816987241e-01, 2.356194490192345e+00, 2.748893571891069e+00, 1.392997588117452e-04, -2.256538015655943e-07, -1.176892808353394e-05, 5.661247728918635e-06
2127, 7.853981633974483e-01, 2.356194490192345e+00, 2.748893571891069e+00, 1.398736132909307e-04, 4.046118816611822e-10, -1.185296932872827e-05, 5.894610597809614e-06
2128, 1.178097245096172e+00, 2.356194490192345e+00, 2.748893571891069e+00, 1.392975907315958e-04, 2.263568205646240e-07, -1.176876295530356e-05, 5.661239538509577e-06
2129, 1.570796326794897e+00, 2.356194490192345e+00, 2.748893571891069e+00, 1.387231613477148e-04, 4.220886632004198e-10, -1.168475214138200e-05, 5.429183911160863e-06
2130, 1.963495408493621e+00, 2.356194490192345e+00, 2.748893571891069e+00, 1.392965588581970e-04, -2.255552411038133e-07, -1.176860260831322e-05, 5.661231237144078e-06
2131, 2.356194490192345e+00, 2.356194490192345e+00, 2.748893571891069e+00, 1.398714226400482e-04, 2.602080887723867e-10, -1.185266307689937e-05, 5.894594726089165e-06
2132, 2.748893571891069e+00, 2.356194490192345e+00, 2.748893571891069e+00, 1.392964061551703e-04, 2.260591431414565e-07, -1.176851185628408e-05, 5.661226150129464e-06
2133, 3.141592653589793e+00, 2.356194490192345e+00, 2.748893571891069e+00, 1.387226657493744e-04, 2.974365811808052e-11, -1.168457263917516e-05, 5.429174046161210e-06
2134, 3.534291735288517e+00, 2.356194490192345e+00, 2.748893571891069e+00, 1.392964192561796e-04, -2.260012185479084e-07, -1.176850118565611e-05, 5.661225522057223e-06
2135, 3.926990816987241e+00, 2.356194490192345e+00, 2.748893571891069e+00, 1.398714234446227e-04, -2.071853593058788e-10, -1.185264182466022e-05, 5.894593509488849e-06
2136, 4.319689898685965e+00, 2.356194490192345e+00, 2.748893571891069e+00, 1.392964990835316e-04, 2.255992708713460e-07, -1.176857117463394e-05, 5.661229500965458e-06
2137, 4.712388980384690e+00, 2.356194490192345e+00, 2.748893571891069e+00, 1.387229787417468e-04, -3.927707073607023e-10, -1.168471175696629e-05, 5.429181754878233e-06
2138, 5.105088062083414e+00, 2.356194490192345e+00, 2.748893571891069e+00, 1.392972327110290e-04, -2.263510155457014e-07, -1.176871663452331e-05, 5.661237129871074e-06
2139, 5.497787143782138e+00, 2.356194490192345e+00, 2.748893571891069e+00, 1.398730890776320e-04, -4.364842090337508e-10, -1.185292342591551e-05, 5.894608255156319e-06
2140, 5.890486225480862e+00, 2.356194490192345e+00, 2.748893571891069e+00, 1.392992405720203e-04, 2.255614319337773e-07, -1.176889463336017e-05, 5.661246041913400e-06
2141, 6.283185307179586e+00, 2.356194490192345e+00, 2.748893571891069e+00, 1.387264872992335e-04, -9.537596686046115e-11, -1.168503128325787e-05, 5.429197839501483e-06
2142, 0.000000000000000e+00, 2.748893571891069e+00, 2.748893571891069e+00, 1.423912924994001e-04, -1.140279584565480e-10, -6.646833109798289e-06, 6.322798181129626e-06
2143, 3.926990816987241e-01, 2.748893571891069e+00, 2.748893571891069e+00, 1.430293635332428e-04, -1.887155760323299e-07, -6.535062056484898e-06, 6.474518557086548e-06
2144, 7.853981633974483e-01, 2.748893571891069e+00, 2.748893571891069e+00, 1.436672934061275e-04, 4.752672765016223e-10, -6.423290714285799e-06, 6.626710265235103e-06
2145, 1.178097245096172e+00, 2.748893571891069e+00, 2.748893571891069e+00, 1.430268501876382e-04, 1.895393988389466e-07, -6.534967010982156e-06, 6.474505251873234e-06
2146, 1.570796326794897e+00, 2.748893571891069e+00, 2.748893571891069e+00, 1.423874660912947e-04, 4.867210524841932e-10, -6.646672503233735e-06, 6.322775781223259e-06
2147, 1.963495408493621e+00, 2.748893571891069e+00, 2.748893571891069e+00, 1.430257550846796e-04, -1.886135546426735e-07, -6.534874933505577e-06, 6.474492588533163e-06
2148, 2.356194490192345e+00, 2.748893571891069e+00, 2.748893571891069e+00, 1.436649255018276e-04, 2.961136581092425e-10, -6.423114848387935e-06, 6.626685932664167e-06
2149, 2.748893571891069e+00, 2.748893571891069e+00, 2.748893571891069e+00, 1.430256742932813e-04, 1.891887597147038e-07, -6.534823033802392e-06, 6.474485286119788e-06
2150, 3.141592653589793e+00, 2.748893571891069e+00, 2.748893571891069e+00, 1.423870633747209e-04, 3.395240246837289e-11, -6.646569735383901e-06, 6.322761411268644e-06
2151, 3.534291735288517e+00, 2.748893571891069e+00, 2.748893571891069e+00, 1.430256995561541e-04, -1.891224265317022e-07, -6.534816923494655e-06, 6.474484379541855e-06
2152, 3.926990816987241e+00, 2.748893571891069e+00, 2.748893571891069e+00, 1.436649446507566e-04, -2.347914899414800e-10, -6.423102665937889e-06, 6.626684150117791e-06
2153, 4.319689898685965e+00, 2.748893571891069e+00, 2.748893571891069e+00, 1.430257081113022e-04, 1.886653965743365e-07, -6.534856889472841e-06, 6.474489985279335e-06
2154, 4.712388980384690e+00, 2.748893571891069e+00, 2.748893571891069e+00, 1.423872747466013e-04, -4.510137664920502e-10, -6.646649290554037e-06, 6.322772455943161e-06
2155, 5.105088062083414e+00, 2.748893571891069e+00, 2.748893571891069e+00, 1.430264464276640e-04, -1.895305181508048e-07, -6.534940362203210e-06, 6.474501427435722e-06
2156, 5.497787143782138e+00, 2.748893571891069e+00, 2.748893571891069e+00, 1.436666829391601e-04, -5.107582990560534e-10, -6.423264294395644e-06, 6.626706444109501e-06
2157, 5.890486225480862e+00, 2.748893571891069e+00, 2.748893571891069e+00, 1.430287495535574e-04, 1.886073233068938e-07, -6.535042799665594e-06, 6.474515742897387e-06
2158, 6.283185307179586e+00, 2.748893571891069e+00, 2.748893571891069e+00, 1.423912924994001e-04, -1.140279584565480e-10, -6.646833109798289e-06, 6.322798181129626e-06
2159, 0.000000000000000e+00, 3.141592653589793e+00, 2.748893571891069e+00, 1.433849780317444e-04, -1.216409712243361e-10, -1.549454872591155e-07, 6.664149534192838e-06
2160, 3.926990816987241e-01, 3.141592653589793e+00, 2.748893571891069e+00, 1.433842833753365e-04, 3.233315071259904e-10, -9.785263147377287e-11, 6.664115889137924e-06
2161, 7.853981633974483e-01, 3.141592653589793e+00, 2.748893571891069e+00, 1.433829667221568e-04, 5.039743809812736e-10, 1.547528389345993e-07, 6.664139976351062e-06
2162, 1.178097245096172e+00, 3.141592653589793e+00, 2.748893571891069e+00, 1.433816516515080e-04, 5.495323694302264e-10, -8.722941462964674e-11, 6.664100575969502e-06
2163, 1.570796326794897e+00, 3.141592653589793e+00, 2.748893571891069e+00, 1.433809865677625e-04, 5.128164989797477e-10, -1.549276637785301e-07, 6.664123816940238e-06
2164, 1.963495408493621e+00, 3.141592653589793e+00, 2.748893571891069e+00, 1.433805585057912e-04, 4.265097832443088e-10, -7.736634752794810e-11, 6.664086231169414e-06
2165, 2.356194490192345e+00, 3.141592653589793e+00, 2.748893571891069e+00, 1.433805783852526e-04, 3.105108162655229e-10, 1.547717558884117e-07, 6.664112376650527e-06
2166, 2.748893571891069e+00, 3.141592653589793e+00, 2.748893571891069e+00, 1.433805255047117e-04, 1.773392637965009e-10, -7.202046338317282e-11, 6.664078094749760e-06
2167, 3.141592653589793e+00, 3.141592653589793e+00, 2.748893571891069e+00, 1.433806569617850e-04, 3.565081348920666e-11, -1.549169640085481e-07, 6.664107740034600e-06
2168, 3.534291735288517e+00, 3.141592653589793e+00, 2.748893571891069e+00, 1.433805580108650e-04, -1.076078233301291e-10, -7.135445540888835e-11, 6.664077082888094e-06
2169, 3.926990816987241e+00, 3.141592653589793e+00, 2.748893571891069e+00, 1.433806093957101e-04, -2.458215648125419e-10, 1.547730929637670e-07, 6.664110378969811e-06
2170, 4.319689898685965e+00, 3.141592653589793e+00, 2.748893571891069e+00, 1.433805228416674e-04, -3.714828134110984e-10, -7.536598884217792e-11, 6.664083295651486e-06
2171, 4.712388980384690e+00, 3.141592653589793e+00, 2.748893571891069e+00, 1.433807988408680e-04, -4.744901737715595e-10, -1.549250603581216e-07, 6.664120039736376e-06
2172, 5.105088062083414e+00, 3.141592653589793e+00, 2.748893571891069e+00, 1.433812366419110e-04, -5.393755443756261e-10, -8.420447321759203e-11, 6.664096199785810e-06
2173, 5.497787143782138e+00, 3.141592653589793e+00, 2.748893571891069e+00, 1.433823275487594e-04, -5.409176717755975e-10, 1.547558729920344e-07, 6.664135575231715e-06
2174, 5.890486225480862e+00, 3.141592653589793e+00, 2.748893571891069e+00, 1.433836344331569e-04, -4.380470117970411e-10, -9.561760506415864e-11, 6.664112630401041e-06
2175, 6.283185307179586e+00, 3.141592653589793e+00, 2.748893571891069e+00, 1.433849780317444e-04, -1.216409712243361e-10, -1.549454872591155e-07, 6.664149534192838e-06
2176, 0.000000000000000e+00, 3.534291735288517e+00, 2.748893571891069e+00, 1.436689931313731e-04, -1.171092529069721e-10, 6.423162752198641e-06, 6.626725234322419e-06
2177, 3.926990816987241e-01, 3.534291735288517e+00, 2.748893571891069e+00, 1.430291491707888e-04, 1.893310313873186e-07, 6.534878992074595e-06, 6.474525146002441e-06
2178, 7.853981633974483e-01, 3.534291735288517e+00, 2.748893571891069e+00, 1.423891666992252e-04, 4.864182536010117e-10, 6.646600611770164e-06, 6.322796213704955e-06
2179, 1.178097245096172e+00, 3.534291735288517e+00, 2.748893571891069e+00, 1.430266435178531e-04, -1.884882614382414e-07, 6.534803634678585e-06, 6.474511221971448e-06
2180, 1.570796326794897e+00, 3.534291735288517e+00, 2.748893571891069e+00, 1.436651965685232e-04, 4.964303369924811e-10, 6.423035172231433e-06, 6.626701833095497e-06
2181, 1.963495408493621e+00, 3.534291735288517e+00, 2.748893571891069e+00, 1.430256173925045e-04, 1.894328719006849e-07, 6.534729831008056e-06, 6.474498117696360e-06
2182, 2.356194490192345e+00, 3.534291735288517e+00, 2.748893571891069e+00, 1.423869179449911e-04, 3.012766054977538e-10, 6.646459806832636e-06, 6.322771005779760e-06
2183, 2.748893571891069e+00, 3.534291735288517e+00, 2.748893571891069e+00, 1.430256007408345e-04, -1.888472907213910e-07, 6.534687865863700e-06, 6.474490635101643e-06
2184, 3.141592653589793e+00, 3.534291735288517e+00, 2.748893571891069e+00, 1.436649091623890e-04, 3.459542947365283e-11, 6.422952271811173e-06, 6.626687073109168e-06
2185, 3.534291735288517e+00, 3.534291735288517e+00, 2.748893571891069e+00, 1.430256343945664e-04, 1.889149191819854e-07, 6.534682997735078e-06, 6.474489703561423e-06
2186, 3.926990816987241e+00, 3.534291735288517e+00, 2.748893571891069e+00, 1.423869523953149e-04, -2.386479001798672e-10, 6.646450118072005e-06, 6.322769170267204e-06
2187, 4.319689898685965e+00, 3.534291735288517e+00, 2.748893571891069e+00, 1.430255896534499e-04, -1.893797630069447e-07, 6.534715517442758e-06, 6.474495427955169e-06
2188, 4.712388980384690e+00, 3.534291735288517e+00, 2.748893571891069e+00, 1.436650240617968e-04, -4.596468255019272e-10, 6.423016814149015e-06, 6.626698382444762e-06
2189, 5.105088062083414e+00, 3.534291735288517e+00, 2.748893571891069e+00, 1.430262531961884e-04, 1.884977102115817e-07, 6.534782625639170e-06, 6.474507234682483e-06
2190, 5.497787143782138e+00, 3.534291735288517e+00, 2.748893571891069e+00, 1.423885603843993e-04, -5.224246129659639e-10, 6.646579847457776e-06, 6.322792211820664e-06
2191, 5.890486225480862e+00, 3.534291735288517e+00, 2.748893571891069e+00, 1.430285310142473e-04, -1.894418384458506e-07, 6.534863900454741e-06, 6.474522186910356e-06
2192, 6.283185307179586e+00, 3.534291735288517e+00, 2.748893571891069e+00, 1.436689931313731e-04, -1.171092529069721e-10, 6.423162752198641e-06, 6.626725234322419e-06
2193, 0.000000000000000e+00, 3.926990816987241e+00, 2.748893571891069e+00, 1.398748718947510e-04, -1.011158351388941e-10, 1.185292168813547e-05, 5.894628309372532e-06
2194, 3.926990816987241e-01, 3.926990816987241e+00, 2.748893571891069e+00, 1.392993832814487e-04, 2.261802952570865e-07, 1.176878155262668e-05, 5.661260247628399e-06
2195, 7.853981633974483e-01, 3.926990816987241e+00, 2.748893571891069e+00, 1.387244824041461e-04, 4.252658739469247e-10, 1.168479024095469e-05, 5.429204837959489e-06
2196, 1.178097245096172e+00, 3.926990816987241e+00, 2.748893571891069e+00, 1.392972290622936e-04, -2.254421794938061e-07, 1.176863161301195e-05, 5.661250905813899e-06
2197, 1.570796326794897e+00, 3.926990816987241e+00, 2.748893571891069e+00, 1.398716006060459e-04, 4.400753030249138e-10, 1.185266802752285e-05, 5.894612517348757e-06
2198, 1.963495408493621e+00, 3.926990816987241e+00, 2.748893571891069e+00, 1.392963246227743e-04, 2.262785334414505e-07, 1.176848539240876e-05, 5.661241782529558e-06
2199, 2.356194490192345e+00, 3.926990816987241e+00, 2.748893571891069e+00, 1.387225117335982e-04, 2.698077101821184e-10, 1.168451111284950e-05, 5.429187331511664e-06
2200, 2.748893571891069e+00, 3.926990816987241e+00, 2.748893571891069e+00, 1.392962902956407e-04, -2.257553582330920e-07, 1.176840241820560e-05, 5.661236349009776e-06
2201, 3.141592653589793e+00, 3.926990816987241e+00, 2.748893571891069e+00, 1.398713178639083e-04, 3.094270217252323e-11, 1.185250402765193e-05, 5.894601910081091e-06
2202, 3.534291735288517e+00, 3.926990816987241e+00, 2.748893571891069e+00, 1.392963188331746e-04, 2.258156979846462e-07, 1.176839273117950e-05, 5.661235672487256e-06
2203, 3.926990816987241e+00, 3.926990816987241e+00, 2.748893571891069e+00, 1.387225406802929e-04, -2.143491804317795e-10, 1.168449183479983e-05, 5.429186012926344e-06
2204, 4.319689898685965e+00, 3.926990816987241e+00, 2.748893571891069e+00, 1.392963001999793e-04, -2.262321421920279e-07, 1.176845691114845e-05, 5.661239881524127e-06
2205, 4.712388980384690e+00, 3.926990816987241e+00, 2.748893571891069e+00, 1.398714525655804e-04, -4.087522364234388e-10, 1.185263148371220e-05, 5.894610124256594e-06
2206, 5.105088062083414e+00, 3.926990816987241e+00, 2.748893571891069e+00, 1.392968955776866e-04, 2.254490413829486e-07, 1.176858975167413e-05, 5.661248191304115e-06
2207, 5.497787143782138e+00, 3.926990816987241e+00, 2.748893571891069e+00, 1.387239655340049e-04, -4.581011622980266e-10, 1.168474880694489e-05, 5.429202156728571e-06
2208, 5.890486225480862e+00, 3.926990816987241e+00, 2.748893571891069e+00, 1.392988570416400e-04, -2.262774260299958e-07, 1.176875139079752e-05, 5.661258289407414e-06
2209, 6.283185307179586e+00, 3.926990816987241e+00, 2.748893571891069e+00, 1.398748718947510e-04, -1.011158351388941e-10, 1.185292168813547e-05, 5.894628309372532e-06
2210, 0.000000000000000e+00, 4.319689898685965e+00, 2.748893571891069e+00, 1.251979882890843e-04, -7.603812160154613e-11, 1.497441650829384e-05, 3.720751621776805e-06
2211, 3.926990816987241e-01, 4.319689898685965e+00, 2.748893571891069e+00, 1.265369349917064e-04, -1.464814346418049e-07, 1.451364887021163e-05, 3.740652627549319e-06
2212, 7.853981633974483e-01, 4.319689898685965e+00, 2.748893571891069e+00, 1.278742787515710e-04, 3.297924819948136e-10, 1.405273589209566e-05, 3.759874735715421e-06
2213, 1.178097245096172e+00, 4.319689898685965e+00, 2.748893571891069e+00, 1.265353043899513e-04, 1.470562045720921e-07, 1.451344714416660e-05, 3.740650384541092e-06
2214, 1.570796326794897e+00, 4.319689898685965e+00, 2.748893571891069e+00, 1.251954929466046e-04, 3.523406115511497e-10, 1.497407532574148e-05, 3.720747610993431e-06
2215, 1.963495408493621e+00, 4.319689898685965e+00, 2.748893571891069e+00, 1.265345571263196e-04, -1.463884795622490e-07, 1.451325076693553e-05, 3.740647401294018e-06
2216, 2.356194490192345e+00, 4.319689898685965e+00, 2.748893571891069e+00, 1.278726815039313e-04, 2.207967994440540e-10, 1.405236083964910e-05, 3.759869120853565e-06
2217, 2.748893571891069e+00, 4.319689898685965e+00, 2.748893571891069e+00, 1.265344737575755e-04, 1.468144720118298e-07, 1.451313914639101e-05, 3.740645136116621e-06
2218, 3.141592653589793e+00, 4.319689898685965e+00, 2.748893571891069e+00, 1.251951763803653e-04, 2.522424156040389e-11, 1.497385480041414e-05, 3.720743419823465e-06
2219, 3.534291735288517e+00, 4.319689898685965e+00, 2.748893571891069e+00, 1.265344918016575e-04, -1.467655360408444e-07, 1.451312605061497e-05, 3.740644856918729e-06
2220, 3.926990816987241e+00, 4.319689898685965e+00, 2.748893571891069e+00, 1.278726970134210e-04, -1.765395600262172e-10, 1.405233480068554e-05, 3.759868606198219e-06
2221, 4.319689898685965e+00, 4.319689898685965e+00, 2.748893571891069e+00, 1.265345310725974e-04, 1.464243907603023e-07, 1.451321234390772e-05, 3.740646724242885e-06
2222, 4.712388980384690e+00, 4.319689898685965e+00, 2.748893571891069e+00, 1.251953750104563e-04, -3.295427856210828e-10, 1.497402607891558e-05, 3.720746856549423e-06
2223, 5.105088062083414e+00, 4.319689898685965e+00, 2.748893571891069e+00, 1.265350513613606e-04, -1.470534154089609e-07, 1.451339074973078e-05, 3.740649642386406e-06
2224, 5.497787143782138e+00, 4.319689898685965e+00, 2.748893571891069e+00, 1.278738945619371e-04, -3.577281152356358e-10, 1.405268003201734e-05, 3.759874104782312e-06
2225, 5.890486225480862e+00, 4.319689898685965e+00, 2.748893571891069e+00, 1.265365481978994e-04, 1.464056725847861e-07, 1.451360814931374e-05, 3.740652227332347e-06
2226, 6.283185307179586e+00, 4.319689898685965e+00, 2.748893571891069e+00, 1.251979882890843e-04, -7.603812160154613e-11, 1.497441650829384e-05, 3.720751621776805e-06
2227, 0.000000000000000e+00, 4.712388980384690e+00, 2.748893571891069e+00, 9.585744793897325e-05, -4.562999429849193e-11, 1.484393977979816e-05, -2.256404183227260e-07
2228, 3.926990816987241e-01, 4.712388980384690e+00, 2.748893571891069e+00, 1.014953169219658e-04, -1.046806793646142e-06, 1.409550862636104e-05, 6.000306112140348e-07
2229, 7.853981633974483e-01, 4.712388980384690e+00, 2.748893571891069e+00, 1.071229402640525e-04, 2.146326721691351e-10, 1.334487436392297e-05, 1.412639028207101e-06
2230, 1.178097245096172e+00, 4.712388980384690e+00, 2.748893571891069e+00, 1.014943012472749e-04, 1.047184478303967e-06, 1.409528623879258e-05, 6.000369070566674e-07
2231, 1.570796326794897e+00, 4.712388980384690e+00, 2.748893571891069e+00, 9.585585937432520e-05, 2.465750427119912e-10, 1.484356348345531e-05, -2.256302469507116e-07
2232, 1.963495408493621e+00, 4.712388980384690e+00, 2.748893571891069e+00, 1.014937216258016e-04, -1.046720112400581e-06, 1.409506955581752e-05, 6.000413274858642e-07
2233, 2.356194490192345e+00, 4.712388980384690e+00, 2.748893571891069e+00, 1.071217530595016e-04, 1.614992159985458e-10, 1.334446044425752e-05, 1.412647761434084e-06
2234, 2.748893571891069e+00, 4.712388980384690e+00, 2.748893571891069e+00, 1.014935658090049e-04, 1.047028631591454e-06, 1.409494580169301e-05, 6.000429371995163e-07
2235, 3.141592653589793e+00, 4.712388980384690e+00, 2.748893571891069e+00, 9.585547609803015e-05, 1.826856715371240e-11, 1.484331926963912e-05, -2.256266212544929e-07
2236, 3.534291735288517e+00, 4.712388980384690e+00, 2.748893571891069e+00, 1.014935698318401e-04, -1.046993551359479e-06, 1.409493119743054e-05, 6.000431485671503e-07
2237, 3.926990816987241e+00, 4.712388980384690e+00, 2.748893571891069e+00, 1.071217496766927e-04, -1.308074744341547e-10, 1.334443144163627e-05, 1.412648235478342e-06
2238, 4.319689898685965e+00, 4.712388980384690e+00, 2.748893571891069e+00, 1.014936897056106e-04, 1.046743391358751e-06, 1.409502684819869e-05, 6.000421467048577e-07
2239, 4.712388980384690e+00, 4.712388980384690e+00, 2.748893571891069e+00, 9.585577290572825e-05, -2.340117217774824e-10, 1.484350888558903e-05, -2.256290112800285e-07
2240, 5.105088062083414e+00, 4.712388980384690e+00, 2.748893571891069e+00, 1.014941401358595e-04, -1.047186581681489e-06, 1.409522384924619e-05, 6.000385488028821e-07
2241, 5.497787143782138e+00, 4.712388980384690e+00, 2.748893571891069e+00, 1.071227118836596e-04, -2.366994548727525e-10, 1.334481259108064e-05, 1.412640872331503e-06
2242, 5.890486225480862e+00, 4.712388980384690e+00, 2.748893571891069e+00, 1.014950962066425e-04, 1.046756824140245e-06, 1.409546351766854e-05, 6.000320957039587e-07
2243, 6.283185307179586e+00, 4.712388980384690e+00, 2.748893571891069e+00, 9.585744793897325e-05, -4.562999429849193e-11, 1.484393977979816e-05, -2.256404183227260e-07
2244, 0.000000000000000e+00, 5.105088062083414e+00, 2.748893571891069e+00, 5.704484936950216e-05, -1.454020876108027e-11, 1.140560117986167e-05, -4.920696424984986e-06
2245, 3.926990816987241e-01, 5.105088062083414e+00, 2.748893571891069e+00, 6.765725459430852e-05, -2.099479053672818e-06, 1.092293952552217e-05, -3.018177337199253e-06
2246, 7.853981633974483e-01, 5.105088062083414e+00, 2.748893571891069e+00, 7.825036000611643e-05, 9.780698617271411e-11, 1.043644774759266e-05, -1.151035083527060e-06
2247, 1.178097245096172e+00, 5.105088062083414e+00, 2.748893571891069e+00, 6.765684601050909e-05, 2.099656449192543e-06, 1.092273168712610e-05, -3.018162419512044e-06
2248, 1.570796326794897e+00, 5.105088062083414e+00, 2.748893571891069e+00, 5.704415320974709e-05, 1.387796292726081e-10, 1.140524859773148e-05, -4.920671875127915e-06
2249, 1.963495408493621e+00, 5.105088062083414e+00, 2.748893571891069e+00, 6.765641820572511e-05, -2.099399246164121e-06, 1.092252739632080e-05, -3.018150396716514e-06
2250, 2.356194490192345e+00, 5.105088062083414e+00, 2.748893571891069e+00, 7.824955434041903e-05, 1.006492577072091e-10, 1.043605791599960e-05, -1.151011637111064e-06
2251, 2.748893571891069e+00, 5.105088062083414e+00, 2.748893571891069e+00, 6.765617911082653e-05, 2.099587403660372e-06, 1.092240975304918e-05, -3.018144698225784e-06
2252, 3.141592653589793e+00, 5.105088062083414e+00, 2.748893571891069e+00, 5.704368274695749e-05, 1.108701769870032e-11, 1.140501685571840e-05, -4.920660057585880e-06
2253, 3.534291735288517e+00, 5.105088062083414e+00, 2.748893571891069e+00, 6.765616811785130e-05, -2.099566613225825e-06, 1.092239577363559e-05, -3.018143963446725e-06
2254, 3.926990816987241e+00, 5.105088062083414e+00, 2.748893571891069e+00, 7.824953022864807e-05, -8.389241435814061e-11, 1.043603018519733e-05, -1.151010113537264e-06
2255, 4.319689898685965e+00, 5.105088062083414e+00, 2.748893571891069e+00, 6.765637797840413e-05, 2.099409654875674e-06, 1.092248665955263e-05, -3.018148003481014e-06
2256, 4.712388980384690e+00, 5.105088062083414e+00, 2.748893571891069e+00, 5.704409545383017e-05, -1.365077498907823e-10, 1.140519673511598e-05, -4.920668571664977e-06
2257, 5.105088062083414e+00, 5.105088062083414e+00, 2.748893571891069e+00, 6.765677426537332e-05, -2.099663359232468e-06, 1.092267274930074e-05, -3.018158331967634e-06
2258, 5.497787143782138e+00, 5.105088062083414e+00, 2.748893571891069e+00, 7.825028613271827e-05, -1.138588355401352e-10, 1.043638966046161e-05, -1.151030720500818e-06
2259, 5.890486225480862e+00, 5.105088062083414e+00, 2.748893571891069e+00, 6.765720075800308e-05, 2.099455286526421e-06, 1.092289710073641e-05, -3.018173934529913e-06
2260, 6.283185307179586e+00, 5.105088062083414e+00, 2.748893571891069e+00, 5.704484936950216e-05, -1.454020876108027e-11, 1.140560117986167e-05, -4.920696424984986e-06
2261, 0.000000000000000e+00, 5.497787143782138e+00, 2.748893571891069e+00, 2.181251059222000e-05, 1.224611015588291e-11, 6.073534897223220e-06, -8.278766923943838e-06
2262, 3.926990816987241e-01, 5.497787143782138e+00, 2.748893571891069e+00, 3.437020652321645e-05, -2.520843999568557e-06, 6.566685672873489e-06, -5.840313385601114e-06
2263, 7.853981633974483e-01, 5.497787143782138e+00, 2.748893571891069e+00, 4.690991179547231e-05, -1.889152263003539e-12, 7.060510284476275e-06, -3.444066819469777e-06
2264, 1.178097245096172e+00, 5.497787143782138e+00, 2.748893571891069e+00, 3.437029263412720e-05, 2.520849613435097e-06, 6.566526265569173e-06, -5.840291224152480e-06
2265, 1.570796326794897e+00, 5.497787143782138e+00, 2.748893571891069e+00, 2.181254070523939e-05, 4.503810694489737e-11, 6.073262600230546e-06, -8.278730148054247e-06
2266, 1.963495408493621e+00, 5.497787143782138e+00, 2.748893571891069e+00, 3.436997927044080e-05, -2.520772032509630e-06, 6.566364688953313e-06, -5.840272460136018e-06
2267, 2.356194490192345e+00, 5.497787143782138e+00, 2.748893571891069e+00, 4.690939994810680e-05, 4.725638807614068e-11, 7.060203353729256e-06, -3.444030424156546e-06
2268, 2.748893571891069e+00, 5.497787143782138e+00, 2.748893571891069e+00, 3.436966118808427e-05, 2.520854756324240e-06, 6.566270693126841e-06, -5.840262993367216e-06
2269, 3.141592653589793e+00, 5.497787143782138e+00, 2.748893571891069e+00, 2.181198030773599e-05, 4.743088507425139e-12, 6.073077763882356e-06, -8.278710845879808e-06
2270, 3.534291735288517e+00, 5.497787143782138e+00, 2.748893571891069e+00, 3.436963688215793e-05, -2.520846582246946e-06, 6.566259433575910e-06, -5.840261770645655e-06
2271, 3.926990816987241e+00, 5.497787143782138e+00, 2.748893571891069e+00, 4.690935728099787e-05, -4.276702862442685e-11, 7.060181027355036e-06, -3.444027927287880e-06
2272, 4.319689898685965e+00, 5.497787143782138e+00, 2.748893571891069e+00, 3.436993081614075e-05, 2.520771220855203e-06, 6.566331943360853e-06, -5.840268622249463e-06
2273, 4.712388980384690e+00, 5.497787143782138e+00, 2.748893571891069e+00, 2.181250580748119e-05, -5.150031095934152e-11, 6.073221099471632e-06, -8.278724979075990e-06
2274, 5.105088062083414e+00, 5.497787143782138e+00, 2.748893571891069e+00, 3.437029436932685e-05, -2.520860230401684e-06, 6.566479574854075e-06, -5.840284982731425e-06
2275, 5.497787143782138e+00, 5.497787143782138e+00, 2.748893571891069e+00, 4.690996577027374e-05, -8.584136192771352e-12, 7.060465027825845e-06, -3.444060295186492e-06
2276, 5.890486225480862e+00, 5.497787143782138e+00, 2.748893571891069e+00, 3.437029209155112e-05, 2.520842699350179e-06, 6.566653124142000e-06, -5.840308360829563e-06
2277, 6.283185307179586e+00, 5.497787143782138e+00, 2.748893571891069e+00, 2.181251059222000e-05, 1.224611015588291e-11, 6.073534897223220e-06, -8.278766923943838e-06
2278, 0.000000000000000e+00, 5.890486225480862e+00, 2.748893571891069e+00, 2.479714388777700e-06, 3.005443513697866e-11, 1.094902847537214e-06, -8.924501683916809e-06
2279, 3.926990816987241e-01, 5.890486225480862e+00, 2.748893571891069e+00, 1.113952957947371e-05, -1.742075250814311e-06, 2.769071384070612e-06, -7.184588137902167e-06
2280, 7.853981633974483e-01, 5.890486225480862e+00, 2.748893571891069e+00, 1.978422741468708e-05, -6.839237794061513e-11, 4.449033296907197e-06, -5.460208841410127e-06
2281, 1.178097245096172e+00, 5.890486225480862e+00, 2.748893571891069e+00, 1.113990942866134e-05, 1.741965456360514e-06, 2.768985516728711e-06, -7.184561376428573e-06
2282, 1.570796326794897e+00, 5.890486225480862e+00, 2.748893571891069e+00, 2.480172028352145e-06, -2.085598369602839e-11, 1.094755737066949e-06, -8.924456954863195e-06
2283, 1.963495408493621e+00, 5.890486225480862e+00, 2.748893571891069e+00, 1.113966105436216e-05, -1.742013196764295e-06, 2.768890445069168e-06, -7.184537666146078e-06
2284, 2.356194490192345e+00, 5.890486225480862e+00, 2.748893571891069e+00, 1.978388214886179e-05, 9.477748578965372e-12, 4.448854550449988e-06, -5.460163131802399e-06
2285, 2.748893571891069e+00, 5.890486225480862e+00, 2.748893571891069e+00, 1.113928181513697e-05, 1.742021366069231e-06, 2.768834788613422e-06, -7.184525323135506e-06
2286, 3.141592653589793e+00, 5.890486225480862e+00, 2.748893571891069e+00, 2.479536672511653e-06, 2.182354042194852e-13, 1.094646326168983e-06, -8.924431981271869e-06
2287, 3.534291735288517e+00, 5.890486225480862e+00, 2.748893571891069e+00, 1.113924802303178e-05, -1.742022194587960e-06, 2.768828042832119e-06, -7.184523723592636e-06
2288, 3.926990816987241e+00, 5.890486225480862e+00, 2.748893571891069e+00, 1.978382622976556e-05, -1.374557729110493e-11, 4.448841164247881e-06, -5.460159886984250e-06
2289, 4.319689898685965e+00, 5.890486225480862e+00, 2.748893571891069e+00, 1.113960647408515e-05, 1.742004413090048e-06, 2.768870798190730e-06, -7.184532728133564e-06
2290, 4.712388980384690e+00, 5.890486225480862e+00, 2.748893571891069e+00, 2.480152109195224e-06, 8.392267898375676e-12, 1.094730870474480e-06, -8.924450388440027e-06
2291, 5.105088062083414e+00, 5.890486225480862e+00, 2.748893571891069e+00, 1.113995901083575e-05, -1.741977997485391e-06, 2.768957825294420e-06, -7.184553574590840e-06
2292, 5.497787143782138e+00, 5.890486225480862e+00, 2.748893571891069e+00, 1.978436171591596e-05, 6.295435734350190e-11, 4.449007516162630e-06, -5.460200851772775e-06
2293, 5.890486225480862e+00, 5.890486225480862e+00, 2.748893571891069e+00, 1.113969967420964e-05, 1.742089252970710e-06, 2.769055052563662e-06, -7.184582116180278e-06
2294, 6.283185307179586e+00, 5.890486225480862e+00, 2.748893571891069e+00, 2.479714388777700e-06, 3.005443513697866e-11, 1.094902847537214e-06, -8.924501683916809e-06
2295, 0.000000000000000e+00, 6.283185307179586e+00, 2.748893571891069e+00, 2.996181505290554e-06, 3.103644162596023e-11, -2.211996748941548e-06, -7.479501369704564e-06
2296, 3.926990816987241e-01, 6.283185307179586e+00, 2.748893571891069e+00, 3.006452659828301e-06, -6.885624456554244e-11, 1.382207560580182e-10, -7.481765215470558e-06
2297, 7.853981633974483e-01, 6.283185307179586e+00, 2.748893571891069e+00, 2.996600083003071e-06, -9.325907526776463e-11, 2.212264267957636e-06, -7.479484570833747e-06
2298, 1.178097245096172e+00, 6.283185307179586e+00, 2.748893571891069e+00, 3.006891405099582e-06, -7.786592716798550e-11, 1.282601820509831e-10, -7.481736957140537e-06
2299, 1.570796326794897e+00, 6.283185307179586e+00, 2.748893571891069e+00, 2.996700749241552e-06, -4.895527689928026e-11, -2.212007911020386e-06, -7.479454623522560e-06
2300, 1.963495408493621e+00, 6.283185307179586e+00, 2.748893571891069e+00, 3.006652600725081e-06, -2.281507393208051e-11, 1.166956633262115e-10, -7.481710866679388e-06
2301, 2.356194490192345e+00, 6.283185307179586e+00, 2.748893571891069e+00, 2.996281217409618e-06, -6.525082554749604e-12, 2.212242628046485e-06, -7.479434523670172e-06
2302, 2.748893571891069e+00, 6.283185307179586e+00, 2.748893571891069e+00, 3.006236568853657e-06, -6.736387710217549e-13, 1.101152273977655e-10, -7.481697104366654e-06
2303, 3.141592653589793e+00, 6.283185307179586e+00, 2.748893571891069e+00, 2.996013067712507e-06, -1.735972297520629e-12, -2.212020964513292e-06, -7.479426860968156e-06
2304, 3.534291735288517e+00, 6.283185307179586e+00, 2.748893571891069e+00, 3.006197886741182e-06, -4.050390851449627e-12, 1.092564285994897e-10, -7.481695315059584e-06
2305, 3.926990816987241e+00, 6.283185307179586e+00, 2.748893571891069e+00, 2.996218061873396e-06, -1.554986137553454e-12, 2.212240905852963e-06, -7.479430904972184e-06
2306, 4.319689898685965e+00, 6.283185307179586e+00, 2.748893571891069e+00, 3.006593299416952e-06, 1.051936598994722e-11, 1.141242038211678e-10, -7.481705383834332e-06
2307, 4.712388980384690e+00, 6.283185307179586e+00, 2.748893571891069e+00, 2.996684793240765e-06, 3.381555731114785e-11, -2.212011246635763e-06, -7.479447370669624e-06
2308, 5.105088062083414e+00, 6.283185307179586e+00, 2.748893571891069e+00, 3.006957871255118e-06, 6.474677396473179e-11, 1.244055786776346e-10, -7.481728403461207e-06
2309, 5.497787143782138e+00, 6.283185307179586e+00, 2.748893571891069e+00, 2.996759162908196e-06, 9.200312546333184e-11, 2.212260433179208e-06, -7.479475952085761e-06
2310, 5.890486225480862e+00, 6.283185307179586e+00, 2.748893571891069e+00, 3.006634886277149e-06, 9.414248095730316e-11, 1.354257538524681e-10, -7.481758992293651e-06
2311, 6.283185307179586e+00, 6.283185307179586e+00, 2.748893571891069e+00, 2.996181505290554e-06, 3.103644162596023e-11, -2.211996748941548e-06, -7.479501369704564e-06
2312, 0.000000000000000e+00, 0.000000000000000e+00, 3.141592653589793e+00, -3.695118835782643e-06, 2.875291231575997e-11, -7.225450694304532e-07, -3.619480824630333e-11
2313, 3.926990816987241e-01, 0.000000000000000e+00, 3.141592653589793e+00, -3.668558222677361e-06, -6.338667139558382e-11, 1.339149791665844e-10, -3.578946101242737e-11
2314, 7.853981633974483e-01, 0.000000000000000e+00, 3.141592653589793e+00, -3.694734771597596e-06, -8.484077314298533e-11, 7.228044157125823e-07, -3.458295731312588e-11
2315, 1.178097245096172e+00, 0.000000000000000e+00, 3.141592653589793e+00, -3.668161623229543e-06, -6.938808532775742e-11, 1.241459292024003e-10, -3.324312208062466e-11
2316, 1.570796326794897e+00, 0.000000000000000e+00, 3.141592653589793e+00, -3.694656975541168e-06, -4.182202022051388e-11, -7.225562667424041e-07, -3.214839381067353e-11
2317, 1.963495408493621e+00, 0.000000000000000e+00, 3.141592653589793e+00, -3.668401183977568e-06, -1.746127523956636e-11, 1.128873420988046e-10, -3.139802098798920e-11
2318, 2.356194490192345e+00, 0.000000000000000e+00, 3.141592653589793e+00, -3.695063554067734e-06, -2.925856492963110e-12, 7.227833325832238e-07, -3.094263170188163e-11
2319, 2.748893571891069e+00, 0.000000000000000e+00, 3.141592653589793e+00, -3.668801041949271e-06, 1.315082375909535e-12, 1.064868390720232e-10, -3.069056667085345e-11
2320, 3.141592653589793e+00, 0.000000000000000e+00, 3.141592653589793e+00, -3.695320410932272e-06, -1.254625324762125e-12, -7.225689641059973e-07, -3.056785837956913e-11
2321, 3.534291735288517e+00, 0.000000000000000e+00, 3.141592653589793e+00, -3.668837760852039e-06, -5.059541943126013e-12, 1.056543456010550e-10, -3.054310494900056e-11
2322, 3.926990816987241e+00, 0.000000000000000e+00, 3.141592653589793e+00, -3.695123658348646e-06, -4.135254471717848e-12, 7.227816616805400e-07, -3.063441700389513e-11
2323, 4.319689898685965e+00, 0.000000000000000e+00, 3.141592653589793e+00, -3.668458120268824e-06, 6.202966611181579e-12, 1.103903916174351e-10, -3.090915760091781e-11
2324, 4.712388980384690e+00, 0.000000000000000e+00, 3.141592653589793e+00, -3.694673757287920e-06, 2.761782042148035e-11, -7.225595068762199e-07, -3.146827603389126e-11
2325, 5.105088062083414e+00, 0.000000000000000e+00, 3.141592653589793e+00, -3.668101615149471e-06, 5.680075029953561e-11, 1.204026333669390e-10, -3.240026679377570e-11
2326, 5.497787143782138e+00, 0.000000000000000e+00, 3.141592653589793e+00, -3.694588171531957e-06, 8.313895929125515e-11, 7.228006944651350e-07, -3.369379581172237e-11
2327, 5.890486225480862e+00, 0.000000000000000e+00, 3.141592653589793e+00, -3.668389373864189e-06, 8.641992000473990e-11, 1.312049984856532e-10, -3.512117559385420e-11
2328, 6.283185307179586e+00, 0.000000000000000e+00, 3.141592653589793e+00, -3.695118835782643e-06, 2.875291231575997e-11, -7.225450694304532e-07, -3.619480824630333e-11
2329, 0.000000000000000e+00, 3.926990816987241e-01, 3.141592653589793e+00, 1.019774763272229e-05, 3.106765313278611e-11, -2.884597116015876e-06, -3.388592779098944e-11
2330, 3.926990816987241e-01, 3.926990816987241e-01, 3.141592653589793e+00, 5.011000714565043e-06, 9.365168424049819e-07, -2.354134608212546e-06, -3.343066270999119e-11
2331, 7.853981633974483e-01, 3.926990816987241e-01, 3.141592653589793e+00, -1.344778056611121e-07, -7.066386090270644e-11, -1.839683765373589e-06, -3.228484885859842e-11
2332, 1.178097245096172e+00, 3.926990816987241e-01, 3.141592653589793e+00, 5.011317533314390e-06, -9.366290587421248e-07, -2.354068577258196e-06, -3.106492423345780e-11
2333, 1.570796326794897e+00, 3.926990816987241e-01, 3.141592653589793e+00, 1.019808136566436e-05, -2.507605601022083e-11, -2.884488296748132e-06, -3.009873003521673e-11
2334, 1.963495408493621e+00, 3.926990816987241e-01, 3.141592653589793e+00, 5.011010088089169e-06, 9.365736805499435e-07, -2.353994286562778e-06, -2.945867868721661e-11
2335, 2.356194490192345e+00, 3.926990816987241e-01, 3.141592653589793e+00, -1.349371509012879e-07, 6.759218241206974e-12, -1.839544281406941e-06, -2.908656946764794e-11
2336, 2.748893571891069e+00, 3.926990816987241e-01, 3.141592653589793e+00, 5.010590056481896e-06, -9.365707520761214e-07, -2.353950502783710e-06, -2.888877799290555e-11
2337, 3.141592653589793e+00, 3.926990816987241e-01, 3.141592653589793e+00, 1.019736907327776e-05, -1.110978096433234e-13, -2.884402383280089e-06, -2.879102143145980e-11
2338, 3.534291735288517e+00, 3.926990816987241e-01, 3.141592653589793e+00, 5.010551254023070e-06, 9.365692733168203e-07, -2.353945275237101e-06, -2.876169022835002e-11
2339, 3.926990816987241e+00, 3.926990816987241e-01, 3.141592653589793e+00, -1.350024788156487e-07, -1.164291194883462e-11, -1.839533935831967e-06, -2.881856653816695e-11
2340, 4.319689898685965e+00, 3.926990816987241e-01, 3.141592653589793e+00, 5.010942894221547e-06, -9.365829967294397e-07, -2.353979172108711e-06, -2.902830403846603e-11
2341, 4.712388980384690e+00, 3.926990816987241e-01, 3.141592653589793e+00, 1.019804734948465e-05, 1.224283413904986e-11, -2.884469298409017e-06, -2.949149579499692e-11
2342, 5.105088062083414e+00, 3.926990816987241e-01, 3.141592653589793e+00, 5.011353668708971e-06, 9.366164332802751e-07, -2.354047645857661e-06, -3.029991457220245e-11
2343, 5.497787143782138e+00, 3.926990816987241e-01, 3.141592653589793e+00, -1.343540338882719e-07, 6.562532985125177e-11, -1.839664654743059e-06, -3.145703695402446e-11
2344, 5.890486225480862e+00, 3.926990816987241e-01, 3.141592653589793e+00, 5.011165027189147e-06, -9.365016667651626e-07, -2.354123033016235e-06, -3.277470634253224e-11
2345, 6.283185307179586e+00, 3.926990816987241e-01, 3.141592653589793e+00, 1.019774763272229e-05, 3.106765313278611e-11, -2.884597116015876e-06, -3.388592779098944e-11
2346, 0.000000000000000e+00, 7.853981633974483e-01, 3.141592653589793e+00, 3.697803421361145e-05, 1.638231261755861e-11, -5.550356350316556e-06, -2.611724250867705e-11
2347, 3.926990816987241e-01, 7.853981633974483e-01, 3.141592653589793e+00, 2.925792050293549e-05, 1.373653399932086e-06, -5.477251196984554e-06, -2.574923476577332e-11
2348, 7.853981633974483e-01, 7.853981633974483e-01, 3.141592653589793e+00, 2.168656841747069e-05, -1.487755444504576e-11, -5.408929559210273e-06, -2.491668173838969e-11
2349, 1.178097245096172e+00, 7.853981633974483e-01, 3.141592653589793e+00, 2.925794654005435e-05, -1.373670058272915e-06, -5.477111080901269e-06, -2.410771610442853e-11
2350, 1.570796326794897e+00, 7.853981633974483e-01, 3.141592653589793e+00, 3.697794280899569e-05, 3.122590309818621e-11, -5.550117905946077e-06, -2.354417809011811e-11
2351, 1.963495408493621e+00, 7.853981633974483e-01, 3.141592653589793e+00, 2.925751735362358e-05, 1.373721589893448e-06, -5.476966286323053e-06, -2.324189401347682e-11
2352, 2.356194490192345e+00, 7.853981633974483e-01, 3.141592653589793e+00, 2.168584583480588e-05, 3.920204769407885e-11, -5.408655091061837e-06, -2.312193303826397e-11
2353, 2.748893571891069e+00, 7.853981633974483e-01, 3.141592653589793e+00, 2.925710439776602e-05, -1.373654721401719e-06, -5.476881634649838e-06, -2.308701108293857e-11
2354, 3.141592653589793e+00, 7.853981633974483e-01, 3.141592653589793e+00, 3.697720864844107e-05, 3.737376932867383e-12, -5.549951631808909e-06, -2.306402910586371e-11
2355, 3.534291735288517e+00, 7.853981633974483e-01, 3.141592653589793e+00, 2.925706808272836e-05, 1.373660886298834e-06, -5.476871559959385e-06, -2.302190617209499e-11
2356, 3.926990816987241e+00, 7.853981633974483e-01, 3.141592653589793e+00, 2.168578110894011e-05, -3.669009572767144e-11, -5.408635137343523e-06, -2.297677340537918e-11
2357, 4.319689898685965e+00, 7.853981633974483e-01, 3.141592653589793e+00, 2.925744070219263e-05, -1.373724240557100e-06, -5.476937077670122e-06, -2.299155071150437e-11
2358, 4.712388980384690e+00, 7.853981633974483e-01, 3.141592653589793e+00, 3.697787923045103e-05, -3.914358076399665e-11, -5.550080987988111e-06, -2.316448408308037e-11
2359, 5.105088062083414e+00, 7.853981633974483e-01, 3.141592653589793e+00, 2.925792567005173e-05, 1.373658831066034e-06, -5.477069685926663e-06, -2.359617449704117e-11
2360, 5.497787143782138e+00, 7.853981633974483e-01, 3.141592653589793e+00, 2.168661124672767e-05, 5.405179703121595e-12, -5.408889585104015e-06, -2.432841547855295e-11
2361, 5.890486225480862e+00, 7.853981633974483e-01, 3.141592653589793e+00, 2.925800653341177e-05, -1.373650943515746e-06, -5.477222538834766e-06, -2.525869225905350e-11
2362, 6.283185307179586e+00, 7.853981633974483e-01, 3.141592653589793e+00, 3.697803421361145e-05, 1.638231261755861e-11, -5.550356350316556e-06, -2.611724250867705e-11
2363, 0.000000000000000e+00, 1.178097245096172e+00, 3.141592653589793e+00, 7.027436673799448e-05, -8.075191368161935e-12, -8.904244630486989e-06, -1.459977326938553e-11
2364, 3.926990816987241e-01, 1.178097245096172e+00, 3.141592653589793e+00, 6.356253782244358e-05, 1.174608329241537e-06, -9.219963280800336e-06, -1.443529665327651e-11
2365, 7.853981633974483e-01, 1.178097245096172e+00, 3.141592653589793e+00, 5.696773475706253e-05, 7.578000822942950e-11, -9.526171371650128e-06, -1.415546176845793e-11
2366, 1.178097245096172e+00, 1.178097245096172e+00, 3.141592653589793e+00, 6.356208592211903e-05, -1.174468849945944e-06, -9.219769215224924e-06, -1.400410419273346e-11
2367, 1.570796326794897e+00, 1.178097245096172e+00, 3.141592653589793e+00, 7.027356708440544e-05, 1.178778037942636e-10, -8.903914868234207e-06, -1.405378362488595e-11
2368, 1.963495408493621e+00, 1.178097245096172e+00, 3.141592653589793e+00, 6.356150392569319e-05, 1.174686075581164e-06, -9.219576070908926e-06, -1.425380537970428e-11
2369, 2.356194490192345e+00, 1.178097245096172e+00, 3.141592653589793e+00, 5.696665691210116e-05, 8.878753273050637e-11, -9.525803407143125e-06, -1.450469506501624e-11
2370, 2.748893571891069e+00, 1.178097245096172e+00, 3.141592653589793e+00, 6.356113025731554e-05, -1.174521391621809e-06, -9.219464290870538e-06, -1.470809835326011e-11
2371, 3.141592653589793e+00, 1.178097245096172e+00, 3.141592653589793e+00, 7.027285238166360e-05, 9.600795524804345e-12, -8.903694915775611e-06, -1.479419003566131e-11
2372, 3.534291735288517e+00, 1.178097245096172e+00, 3.141592653589793e+00, 6.356110189812049e-05, 1.174539207505973e-06, -9.219451047670047e-06, -1.473315845555340e-11
2373, 3.926990816987241e+00, 1.178097245096172e+00, 3.141592653589793e+00, 5.696660105644808e-05, -7.497590365258405e-11, -9.525777151545470e-06, -1.453865460260695e-11
2374, 4.319689898685965e+00, 1.178097245096172e+00, 3.141592653589793e+00, 6.356142357037063e-05, -1.174678438085281e-06, -9.219537537580476e-06, -1.426739347613370e-11
2375, 4.712388980384690e+00, 1.178097245096172e+00, 3.141592653589793e+00, 7.027346950923788e-05, -1.178490557712577e-10, -8.903865873934286e-06, -1.401178085792442e-11
2376, 5.105088062083414e+00, 1.178097245096172e+00, 3.141592653589793e+00, 6.356198471599635e-05, 1.174460911231640e-06, -9.219713623077161e-06, -1.387909800125335e-11
2377, 5.497787143782138e+00, 1.178097245096172e+00, 3.141592653589793e+00, 5.696764973784108e-05, -9.047295258538751e-11, -9.526116674000510e-06, -1.395243731851972e-11
2378, 5.890486225480862e+00, 1.178097245096172e+00, 3.141592653589793e+00, 6.356248996935561e-05, -1.174626480336259e-06, -9.219923397932761e-06, -1.423170498071166e-11
2379, 6.283185307179586e+00, 1.178097245096172e+00, 3.141592653589793e+00, 7.027436673799448e-05, -8.075191368161935e-12, -8.904244630486989e-06, -1.459977326938553e-11
2380, 0.000000000000000e+00, 1.570796326794897e+00, 3.141592653589793e+00, 1.029875456230190e-04, -3.791022498963647e-11, -1.191229001506718e-05, -1.297823651276680e-12
2381, 3.926990816987241e-01, 1.570796326794897e+00, 3.141592653589793e+00, 9.926523314187554e-05, 6.236295303073154e-07, -1.232268865704971e-05, -1.400075118770438e-12
2382, 7.853981633974483e-01, 1.570796326794897e+00, 3.141592653589793e+00, 9.558252901279908e-05, 1.873309534729965e-10, -1.272490109047286e-05, -1.818927635365542e-12
2383, 1.178097245096172e+00, 1.570796326794897e+00, 3.141592653589793e+00, 9.926419440767116e-05, -6.232985301957896e-07, -1.232247179697016e-05, -2.475614443179727e-12
2384, 1.570796326794897e+00, 1.570796326794897e+00, 3.141592653589793e+00, 1.029858791615008e-04, 2.218198415351720e-10, -1.191192263154448e-05, -3.259698961559947e-12
2385, 1.963495408493621e+00, 1.570796326794897e+00, 3.141592653589793e+00, 9.926344876795340e-05, 6.237152388562967e-07, -1.232225918625155e-05, -4.049705973350101e-12
2386, 2.356194490192345e+00, 1.570796326794897e+00, 3.141592653589793e+00, 9.558105415366180e-05, 1.477282193940987e-10, -1.272449526548365e-05, -4.730860078048183e-12
2387, 2.748893571891069e+00, 1.570796326794897e+00, 3.141592653589793e+00, 9.926314098444518e-05, -6.234340850638163e-07, -1.232213726264299e-05, -5.209015434359613e-12
2388, 3.141592653589793e+00, 1.570796326794897e+00, 3.141592653589793e+00, 1.029852219533345e-04, 1.654318537183957e-11, -1.191168225209988e-05, -5.420403305007276e-12
2389, 3.534291735288517e+00, 1.570796326794897e+00, 3.141592653589793e+00, 9.926312506822948e-05, 6.234657099310626e-07, -1.232212287933643e-05, -5.337380435391205e-12
2390, 3.926990816987241e+00, 1.570796326794897e+00, 3.141592653589793e+00, 9.558101443437667e-05, -1.204662118723890e-10, -1.272446670734786e-05, -4.970681612157619e-12
2391, 4.319689898685965e+00, 1.570796326794897e+00, 3.141592653589793e+00, 9.926337123409822e-05, -6.236952061396090e-07, -1.232221715010842e-05, -4.368585111698109e-12
2392, 4.712388980384690e+00, 1.570796326794897e+00, 3.141592653589793e+00, 1.029857481472992e-04, -2.119193073671378e-10, -1.191186892775459e-05, -3.612741645129848e-12
2393, 5.105088062083414e+00, 1.570796326794897e+00, 3.141592653589793e+00, 9.926400175208549e-05, 6.232951433974100e-07, -1.232241048690324e-05, -2.810411084155324e-12
2394, 5.497787143782138e+00, 1.570796326794897e+00, 3.141592653589793e+00, 9.558229130928788e-05, -2.079009950824938e-10, -1.272484045780081e-05, -2.082756678007209e-12
2395, 5.890486225480862e+00, 1.570796326794897e+00, 3.141592653589793e+00, 9.926502289719523e-05, -6.236729256527190e-07, -1.232264443758582e-05, -1.547997766151251e-12
2396, 6.283185307179586e+00, 1.570796326794897e+00, 3.141592653589793e+00, 1.029875456230190e-04, -3.791022498963647e-11, -1.191229001506718e-05, -1.297823651276680e-12
2397, 0.000000000000000e+00, 1.963495408493621e+00, 3.141592653589793e+00, 1.287357553157490e-04, -6.827592932972556e-11, -1.296162251008467e-05, 1.182045639645454e-11
2398, 3.926990816987241e-01, 1.963495408493621e+00, 3.141592653589793e+00, 1.277363492006611e-04, 1.279761024045277e-07, -1.322335020598207e-05, 1.144239231883357e-11
2399, 7.853981633974483e-01, 1.963495408493621e+00, 3.141592653589793e+00, 1.267390599728508e-04, 3.018767102610409e-10, -1.348301023150509e-05, 1.030154191042854e-11
2400, 1.178097245096172e+00, 1.963495408493621e+00, 3.141592653589793e+00, 1.277347157640482e-04, -1.274489051836007e-07, -1.322314516570915e-05, 8.814988494811841e-12
2401, 1.570796326794897e+00, 1.963495408493621e+00, 3.141592653589793e+00, 1.287332146566665e-04, 3.274914254501160e-10, -1.296127559479737e-05, 7.284836319556566e-12
2402, 1.963495408493621e+00, 1.963495408493621e+00, 3.141592653589793e+00, 1.277338186982182e-04, 1.280686732816444e-07, -1.322294515466765e-05, 5.902788277776055e-12
2403, 2.356194490192345e+00, 1.963495408493621e+00, 3.141592653589793e+00, 1.267372070160037e-04, 2.071678460080732e-10, -1.348262831281662e-05, 4.794329477786404e-12
2404, 2.748893571891069e+00, 1.963495408493621e+00, 3.141592653589793e+00, 1.277335916415061e-04, -1.276698521913088e-07, -1.322283121739329e-05, 4.045178879767243e-12
2405, 3.141592653589793e+00, 1.963495408493621e+00, 3.141592653589793e+00, 1.287326408285265e-04, 2.351913510647288e-11, -1.296105060491188e-05, 3.710672272682046e-12
2406, 3.534291735288517e+00, 1.963495408493621e+00, 3.141592653589793e+00, 1.277335905026440e-04, 1.277153729641299e-07, -1.322281782092457e-05, 3.815381086453365e-12
2407, 3.926990816987241e+00, 1.963495408493621e+00, 3.141592653589793e+00, 1.267371876833905e-04, -1.663044494916683e-10, -1.348260167378870e-05, 4.351691719749649e-12
2408, 4.319689898685965e+00, 1.963495408493621e+00, 3.141592653589793e+00, 1.277337492420363e-04, -1.280359873915914e-07, -1.322290584671886e-05, 5.281356556435830e-12
2409, 4.712388980384690e+00, 1.963495408493621e+00, 3.141592653589793e+00, 1.287330550787424e-04, -3.073650619168353e-10, -1.296122522574480e-05, 6.537132749885194e-12
2410, 5.105088062083414e+00, 1.963495408493621e+00, 3.141592653589793e+00, 1.277344347002997e-04, 1.274503647813695e-07, -1.322308751561800e-05, 8.016958382998490e-12
2411, 5.497787143782138e+00, 1.963495408493621e+00, 3.141592653589793e+00, 1.267386702275357e-04, -3.283837253872868e-10, -1.348295316874631e-05, 9.564713893878087e-12
2412, 5.890486225480862e+00, 1.963495408493621e+00, 3.141592653589793e+00, 1.277359758939965e-04, -1.280453279133342e-07, -1.322330864103352e-05, 1.093816612552113e-11
2413, 6.283185307179586e+00, 1.963495408493621e+00, 3.141592653589793e+00, 1.287357553157490e-04, -6.827592932972556e-11, -1.296162251008467e-05, 1.182045639645454e-11
2414, 0.000000000000000e+00, 2.356194490192345e+00, 3.141592653589793e+00, 1.444610473112460e-04, -9.450344851525340e-11, -1.104755914537566e-05, 2.293622110333694e-11
2415, 3.926990816987241e-01, 2.356194490192345e+00, 3.141592653589793e+00, 1.447770976016055e-04, -1.015818094939974e-07, -1.111175923778737e-05, 2.231948197028845e-11
2416, 7.853981633974483e-01, 2.356194490192345e+00, 3.141592653589793e+00, 1.450893950557553e-04, 4.013325040002160e-10, -1.117628779255752e-05, 2.055279411649701e-11
2417, 1.178097245096172e+00, 2.356194490192345e+00, 3.141592653589793e+00, 1.447749595045496e-04, 1.022791910815575e-07, -1.111159796042575e-05, 1.834728987428467e-11
2418, 1.570796326794897e+00, 2.356194490192345e+00, 3.141592653589793e+00, 1.444577685036885e-04, 4.189305683407258e-10, -1.104728638379079e-05, 1.617338526009929e-11
2419, 1.963495408493621e+00, 2.356194490192345e+00, 3.141592653589793e+00, 1.447739464388670e-04, -1.014836805325723e-07, -1.111144091035193e-05, 1.428393036604947e-11
2420, 2.356194490192345e+00, 2.356194490192345e+00, 3.141592653589793e+00, 1.450872427317203e-04, 2.582993139256215e-10, -1.117598793373327e-05, 1.281196801435817e-11
2421, 2.748893571891069e+00, 2.356194490192345e+00, 3.141592653589793e+00, 1.447738010746054e-04, 1.019838694794755e-07, -1.111135184334079e-05, 1.183367024318103e-11
2422, 3.141592653589793e+00, 2.356194490192345e+00, 3.141592653589793e+00, 1.444572887181891e-04, 2.950485301105625e-11, -1.104711030366809e-05, 1.139539339123627e-11
2423, 3.534291735288517e+00, 2.356194490192345e+00, 3.141592653589793e+00, 1.447738144360899e-04, -1.019264082437101e-07, -1.111134138926197e-05, 1.151829785759304e-11
2424, 3.926990816987241e+00, 2.356194490192345e+00, 3.141592653589793e+00, 1.450872442547597e-04, -2.057004293337143e-10, -1.117596712015644e-05, 1.219771720552839e-11
2425, 4.319689898685965e+00, 2.356194490192345e+00, 3.141592653589793e+00, 1.447738882591421e-04, 1.015273481402657e-07, -1.111141014528303e-05, 1.340535180699291e-11
2426, 4.712388980384690e+00, 2.356194490192345e+00, 3.141592653589793e+00, 1.444575889740827e-04, -3.898790184728070e-10, -1.104724689515459e-05, 1.508859807266971e-11
2427, 5.105088062083414e+00, 2.356194490192345e+00, 3.141592653589793e+00, 1.447746065863334e-04, -1.022734840803678e-07, -1.111155271819242e-05, 1.715208397014497e-11
2428, 5.497787143782138e+00, 2.356194490192345e+00, 3.141592653589793e+00, 1.450888777988271e-04, -4.329932746220856e-10, -1.117624301127660e-05, 1.940977601314475e-11
2429, 5.890486225480862e+00, 2.356194490192345e+00, 3.141592653589793e+00, 1.447765860026174e-04, 1.014902061301351e-07, -1.111172664053441e-05, 2.150943192129949e-11
2430, 6.283185307179586e+00, 2.356194490192345e+00, 3.141592653589793e+00, 1.444610473112460e-04, -9.450344851525340e-11, -1.104755914537566e-05, 2.293622110333694e-11
2431, 0.000000000000000e+00, 2.748893571891069e+00, 3.141592653589793e+00, 1.515823347947048e-04, -1.126668006030021e-10, -6.370730050950849e-06, 3.054693716774581e-11
2432, 3.926990816987241e-01, 2.748893571891069e+00, 3.141592653589793e+00, 1.520063992284427e-04, -1.017188351451182e-07, -6.316628438518867e-06, 2.976573495831002e-11
2433, 7.853981633974483e-01, 2.748893571891069e+00, 3.141592653589793e+00, 1.524285133004943e-04, 4.703352578114132e-10, -6.262852635307193e-06, 2.756782610652391e-11
2434, 1.178097245096172e+00, 2.748893571891069e+00, 3.141592653589793e+00, 1.520039258125077e-04, 1.025342428813821e-07, -6.316535572855172e-06, 2.486715961149470e-11
2435, 1.570796326794897e+00, 2.748893571891069e+00, 3.141592653589793e+00, 1.515785696855579e-04, 4.822542306136479e-10, -6.370573051945748e-06, 2.225092589013927e-11
2436, 1.963495408493621e+00, 2.748893571891069e+00, 3.141592653589793e+00, 1.520028506244573e-04, -1.016170315050120e-07, -6.316445346381617e-06, 2.001439642987549e-11
2437, 2.356194490192345e+00, 2.748893571891069e+00, 3.141592653589793e+00, 1.524261877185025e-04, 2.935553885531151e-10, -6.262680359942126e-06, 1.829519440938036e-11
2438, 2.748893571891069e+00, 2.748893571891069e+00, 3.141592653589793e+00, 1.520027746942817e-04, 1.021871955312251e-07, -6.316394378444702e-06, 1.716181029350135e-11
2439, 3.141592653589793e+00, 2.748893571891069e+00, 3.141592653589793e+00, 1.515781792674966e-04, 3.363007284770300e-11, -6.370472184388856e-06, 1.665343658013898e-11
2440, 3.534291735288517e+00, 2.748893571891069e+00, 3.141592653589793e+00, 1.520027997906655e-04, -1.021214955484007e-07, -6.316388387782784e-06, 1.678842026497006e-11
2441, 3.926990816987241e+00, 2.748893571891069e+00, 3.141592653589793e+00, 1.524262068963348e-04, -2.328344916087628e-10, -6.262668420844285e-06, 1.756432104415199e-11
2442, 4.319689898685965e+00, 2.748893571891069e+00, 3.141592653589793e+00, 1.520028046376913e-04, 1.016683267369539e-07, -6.316427675326670e-06, 1.896050395385544e-11
2443, 4.712388980384690e+00, 2.748893571891069e+00, 3.141592653589793e+00, 1.515783813986072e-04, -4.469881765158521e-10, -6.370550341682492e-06, 2.093559552034537e-11
2444, 5.105088062083414e+00, 2.748893571891069e+00, 3.141592653589793e+00, 1.520035282644011e-04, -1.025255756647526e-07, -6.316509531472831e-06, 2.339970305219511e-11
2445, 5.497787143782138e+00, 2.748893571891069e+00, 3.141592653589793e+00, 1.524279122211959e-04, -5.055708423677245e-10, -6.262826848663199e-06, 2.614609474588393e-11
2446, 5.890486225480862e+00, 2.748893571891069e+00, 3.141592653589793e+00, 1.520057947422356e-04, 1.016117207796907e-07, -6.316609664144052e-06, 2.874578530480941e-11
2447, 6.283185307179586e+00, 2.748893571891069e+00, 3.141592653589793e+00, 1.515823347947048e-04, -1.126668006030021e-10, -6.370730050950849e-06, 3.054693716774581e-11
2448, 0.000000000000000e+00, 3.141592653589793e+00, 3.141592653589793e+00, 1.536974898611295e-04, -1.200861888891437e-10, -8.679529538366829e-08, 3.363412536849227e-11
2449, 3.926990816987241e-01, 3.141592653589793e+00, 3.141592653589793e+00, 1.536970166288599e-04, 3.195056784518307e-10, -9.585043509155922e-11, 3.278745718284364e-11
2450, 7.853981633974483e-01, 3.141592653589793e+00, 3.141592653589793e+00, 1.536955112625663e-04, 4.983922344245177e-10, 8.660659720790458e-08, 3.041872748673469e-11
2451, 1.178097245096172e+00, 3.141592653589793e+00, 3.141592653589793e+00, 1.536944282684274e-04, 5.438527209598311e-10, -8.541733209386163e-11, 2.752299134762732e-11
2452, 1.570796326794897e+00, 3.141592653589793e+00, 3.141592653589793e+00, 1.536935644243124e-04, 5.078448416137874e-10, -8.677777967720404e-08, 2.473387883257327e-11
2453, 1.963495408493621e+00, 3.141592653589793e+00, 3.141592653589793e+00, 1.536933548464572e-04, 4.225655178931928e-10, -7.569056562099073e-11, 2.236305732084763e-11
2454, 2.356194490192345e+00, 3.141592653589793e+00, 3.141592653589793e+00, 1.536931656544961e-04, 3.077082555560103e-10, 8.662524410682420e-08, 2.054917983323426e-11
2455, 2.748893571891069e+00, 3.141592653589793e+00, 3.141592653589793e+00, 1.536933253080168e-04, 1.757395057191174e-10, -7.040008289438062e-11, 1.935685168303417e-11
2456, 3.141592653589793e+00, 3.141592653589793e+00, 3.141592653589793e+00, 1.536932449266173e-04, 3.529685405894429e-11, -8.676720019897168e-08, 1.882179699966129e-11
2457, 3.534291735288517e+00, 3.141592653589793e+00, 3.141592653589793e+00, 1.536933574226110e-04, -1.067059417417406e-10, -6.974205576687310e-11, 1.896097429721192e-11
2458, 3.926990816987241e+00, 3.141592653589793e+00, 3.141592653589793e+00, 1.536931963129940e-04, -2.436888220757336e-10, 8.662656428897234e-08, 1.977295895349912e-11
2459, 4.319689898685965e+00, 3.141592653589793e+00, 3.141592653589793e+00, 1.536933197777516e-04, -3.681578230820894e-10, -7.371764493811080e-11, 2.124068392835590e-11
2460, 4.712388980384690e+00, 3.141592653589793e+00, 3.141592653589793e+00, 1.536933795704859e-04, -4.700297083292373e-10, -8.677521571547695e-08, 2.332804247589617e-11
2461, 5.105088062083414e+00, 3.141592653589793e+00, 3.141592653589793e+00, 1.536940197281811e-04, -5.339567825100881e-10, -8.244320733448994e-11, 2.594815589985551e-11
2462, 5.497787143782138e+00, 3.141592653589793e+00, 3.141592653589793e+00, 1.536948822828293e-04, -5.350648904360460e-10, 8.660957526035118e-08, 2.888663056043637e-11
2463, 5.890486225480862e+00, 3.141592653589793e+00, 3.141592653589793e+00, 1.536963782136533e-04, -4.329372299900984e-10, -9.366008030177450e-11, 3.168411761316493e-11
2464, 6.283185307179586e+00, 3.141592653589793e+00, 3.141592653589793e+00, 1.536974898611295e-04, -1.200861888891437e-10, -8.679529538366829e-08, 3.363412536849227e-11
2465, 0.000000000000000e+00, 3.534291735288517e+00, 3.141592653589793e+00, 1.524301949617510e-04, -1.156825830975463e-10, 6.262727139971175e-06, 3.179272330721150e-11
2466, 3.926990816987241e-01, 3.534291735288517e+00, 3.141592653589793e+00, 1.520061966334986e-04, 1.023274208522594e-07, 6.316449175131839e-06, 3.098929088681639e-11
2467, 7.853981633974483e-01, 3.534291735288517e+00, 3.141592653589793e+00, 1.515802505447228e-04, 4.812830603481284e-10, 6.370502587267995e-06, 2.873571258224576e-11
2468, 1.178097245096172e+00, 3.534291735288517e+00, 3.141592653589793e+00, 1.520037307770227e-04, -1.014934011894230e-07, 6.316375643578740e-06, 2.597464541534772e-11
2469, 1.570796326794897e+00, 3.534291735288517e+00, 3.141592653589793e+00, 1.524264590503706e-04, 4.918311138190636e-10, 6.262602594605950e-06, 2.330856039557209e-11
2470, 1.963495408493621e+00, 3.534291735288517e+00, 3.141592653589793e+00, 1.520027228980816e-04, 1.024291121364417e-07, 6.316303437409582e-06, 2.103656968127321e-11
2471, 2.356194490192345e+00, 3.534291735288517e+00, 3.141592653589793e+00, 1.515780412625208e-04, 2.986662658934246e-10, 6.370364869439290e-06, 1.929452535731483e-11
2472, 2.748893571891069e+00, 3.534291735288517e+00, 3.141592653589793e+00, 1.520027095997468e-04, -1.018486859385959e-07, 6.316262298159530e-06, 1.814777142955976e-11
2473, 3.141592653589793e+00, 3.534291735288517e+00, 3.141592653589793e+00, 1.524261812097005e-04, 3.426547177436369e-11, 6.262521366713394e-06, 1.763312925061350e-11
2474, 3.534291735288517e+00, 3.534291735288517e+00, 3.141592653589793e+00, 1.520027428756695e-04, 1.019156650223241e-07, 6.316257534272893e-06, 1.776798942536453e-11
2475, 3.926990816987241e+00, 3.534291735288517e+00, 3.141592653589793e+00, 1.515780753510945e-04, -2.366576501049792e-10, 6.370355391647267e-06, 1.855048746407495e-11
2476, 4.319689898685965e+00, 3.534291735288517e+00, 3.141592653589793e+00, 1.520026956446818e-04, -1.023765723288828e-07, 6.316289444679236e-06, 1.996218211195582e-11
2477, 4.712388980384690e+00, 3.534291735288517e+00, 3.141592653589793e+00, 1.524262890991299e-04, -4.555132237178697e-10, 6.262584664527443e-06, 2.196518459815602e-11
2478, 5.105088062083414e+00, 3.534291735288517e+00, 3.141592653589793e+00, 1.520033462991376e-04, 1.015026167272127e-07, 6.316355146592356e-06, 2.447274043382908e-11
2479, 5.497787143782138e+00, 3.534291735288517e+00, 3.141592653589793e+00, 1.515796534962556e-04, -5.170345780228884e-10, 6.370482351391604e-06, 2.727743940611785e-11
2480, 5.890486225480862e+00, 3.534291735288517e+00, 3.141592653589793e+00, 1.520055880784365e-04, -1.024370454081158e-07, 6.316434482402390e-06, 2.994098595373298e-11
2481, 6.283185307179586e+00, 3.534291735288517e+00, 3.141592653589793e+00, 1.524301949617510e-04, -1.156825830975463e-10, 6.262727139971175e-06, 3.179272330721150e-11
2482, 0.000000000000000e+00, 3.926990816987241e+00, 3.141592653589793e+00, 1.450906530765346e-04, -1.001205226781431e-10, 1.117624094113090e-05, 2.528397929139979e-11
2483, 3.926990816987241e-01, 3.926990816987241e+00, 3.141592653589793e+00, 1.447767430394578e-04, 1.021036667765471e-07, 1.111161591697670e-05, 2.462600483485229e-11
2484, 7.853981633974483e-01, 3.926990816987241e+00, 3.141592653589793e+00, 1.444590848476647e-04, 4.216086554171959e-10, 1.104732365519235e-05, 2.275606156653892e-11
2485, 1.178097245096172e+00, 3.926990816987241e+00, 3.141592653589793e+00, 1.447746185675015e-04, -1.013718121683924e-07, 1.111146955083086e-05, 2.043871378556257e-11
2486, 1.570796326794897e+00, 3.926990816987241e+00, 3.141592653589793e+00, 1.450874277423710e-04, 4.366706844187418e-10, 1.117599321106931e-05, 1.817252324683146e-11
2487, 1.963495408493621e+00, 3.926990816987241e+00, 3.141592653589793e+00, 1.447737298261182e-04, 1.022015997062236e-07, 1.111132642624559e-05, 1.621723140173537e-11
2488, 2.356194490192345e+00, 3.926990816987241e+00, 3.141592653589793e+00, 1.444571472039990e-04, 2.677987379236855e-10, 1.104705051924748e-05, 1.470257762472022e-11
2489, 2.748893571891069e+00, 3.926990816987241e+00, 3.141592653589793e+00, 1.447737000498989e-04, -1.016823543907537e-07, 1.111124504429250e-05, 1.369907989786388e-11
2490, 3.141592653589793e+00, 3.926990816987241e+00, 3.141592653589793e+00, 1.450871557512243e-04, 3.068911298098726e-11, 1.117583243994651e-05, 1.324892786134728e-11
2491, 3.534291735288517e+00, 3.926990816987241e+00, 3.141592653589793e+00, 1.447737284596207e-04, 1.017421996711864e-07, 1.111123555998043e-05, 1.337161820882312e-11
2492, 3.926990816987241e+00, 3.926990816987241e+00, 3.141592653589793e+00, 1.444571761508346e-04, -2.127996403423533e-10, 1.104703165141266e-05, 1.406346432635617e-11
2493, 4.319689898685965e+00, 3.926990816987241e+00, 3.141592653589793e+00, 1.447737060757922e-04, -1.021556123367903e-07, 1.111129856908431e-05, 1.530002125596260e-11
2494, 4.712388980384690e+00, 3.926990816987241e+00, 3.141592653589793e+00, 1.450872818519936e-04, -4.056591563816085e-10, 1.117595750110617e-05, 1.703497817802098e-11
2495, 5.105088062083414e+00, 3.926990816987241e+00, 3.141592653589793e+00, 1.447742895066905e-04, 1.013785395728225e-07, 1.111142868998948e-05, 1.917881816810941e-11
2496, 5.497787143782138e+00, 3.926990816987241e+00, 3.141592653589793e+00, 1.444585747138745e-04, -4.542332132360601e-10, 1.104728325763594e-05, 2.154451949096380e-11
2497, 5.890486225480862e+00, 3.926990816987241e+00, 3.141592653589793e+00, 1.447762236469380e-04, -1.021999486301098e-07, 1.111158654046168e-05, 2.376283967223214e-11
2498, 6.283185307179586e+00, 3.926990816987241e+00, 3.141592653589793e+00, 1.450906530765346e-04, -1.001205226781431e-10, 1.117624094113090e-05, 2.528397929139979e-11
2499, 0.000000000000000e+00, 4.319689898685965e+00, 3.141592653589793e+00, 1.267398483375930e-04, -7.571554610827068e-11, 1.348304697929563e-05, 1.499531531367208e-11
2500, 3.926990816987241e-01, 4.319689898685965e+00, 3.141592653589793e+00, 1.277359331865747e-04, -1.275842356795349e-07, 1.322326241248996e-05, 1.456327290102317e-11
2501, 7.853981633974483e-01, 4.319689898685965e+00, 3.141592653589793e+00, 1.287341409396661e-04, 3.284248887219834e-10, 1.296141250332790e-05, 1.328724496432333e-11
2502, 1.178097245096172e+00, 4.319689898685965e+00, 3.141592653589793e+00, 1.277343172750985e-04, 1.281565989878689e-07, 1.322306547405387e-05, 1.165444426147506e-11
2503, 1.570796326794897e+00, 4.319689898685965e+00, 3.141592653589793e+00, 1.267373770956554e-04, 3.507765041952545e-10, 1.348271374034337e-05, 1.000328738658457e-11
2504, 1.963495408493621e+00, 4.319689898685965e+00, 3.141592653589793e+00, 1.277335824869877e-04, -1.274918408701100e-07, 1.322287323514349e-05, 8.534237539368272e-12
2505, 2.356194490192345e+00, 4.319689898685965e+00, 3.141592653589793e+00, 1.287325680602043e-04, 2.197170917824030e-10, 1.296104546922588e-05, 7.368638292187283e-12
2506, 2.748893571891069e+00, 4.319689898685965e+00, 3.141592653589793e+00, 1.277335059860850e-04, 1.279157947207584e-07, 1.322276375882892e-05, 6.585259085268194e-12
2507, 3.141592653589793e+00, 4.319689898685965e+00, 3.141592653589793e+00, 1.267370740090143e-04, 2.508966357296075e-11, 1.348249755386865e-05, 6.234495579978566e-12
2508, 3.534291735288517e+00, 4.319689898685965e+00, 3.141592653589793e+00, 1.277335243450977e-04, -1.278671122782637e-07, 1.322275093846371e-05, 6.338993779108701e-12
2509, 3.926990816987241e+00, 4.319689898685965e+00, 3.141592653589793e+00, 1.287325842391382e-04, -1.756705246471795e-10, 1.296101998600049e-05, 6.892221471796932e-12
2510, 4.319689898685965e+00, 4.319689898685965e+00, 3.141592653589793e+00, 1.277335575504380e-04, 1.275276030402142e-07, 1.322283565427461e-05, 7.860500491614916e-12
2511, 4.712388980384690e+00, 4.319689898685965e+00, 3.141592653589793e+00, 1.267372608680938e-04, -3.280522039735415e-10, 1.348266561462249e-05, 9.184400759587762e-12
2512, 5.105088062083414e+00, 4.319689898685965e+00, 3.141592653589793e+00, 1.277340666587760e-04, -1.281537899312843e-07, 1.322301042251132e-05, 1.076939653760408e-11
2513, 5.497787143782138e+00, 4.319689898685965e+00, 3.141592653589793e+00, 1.287337597153222e-04, -3.562151442973210e-10, 1.296135803571034e-05, 1.245847214744500e-11
2514, 5.890486225480862e+00, 4.319689898685965e+00, 3.141592653589793e+00, 1.277355490469875e-04, 1.275088060984696e-07, 1.322322274932471e-05, 1.398792355785421e-11
2515, 6.283185307179586e+00, 4.319689898685965e+00, 3.141592653589793e+00, 1.267398483375930e-04, -7.571554610827068e-11, 1.348304697929563e-05, 1.499531531367208e-11
2516, 0.000000000000000e+00, 4.712388980384690e+00, 3.141592653589793e+00, 9.558288358959602e-05, -4.612317990051881e-11, 1.272501579273382e-05, 2.319596801978077e-12
2517, 3.926990816987241e-01, 4.712388980384690e+00, 3.141592653589793e+00, 9.926486510704620e-05, -6.233910807075257e-07, 1.232267004701924e-05, 2.159744507369909e-12
2518, 7.853981633974483e-01, 4.712388980384690e+00, 3.141592653589793e+00, 1.029864618077388e-04, 2.160172046746061e-10, 1.191213797217864e-05, 1.596142435289425e-12
2519, 1.178097245096172e+00, 4.712388980384690e+00, 3.141592653589793e+00, 9.926384636437632e-05, 6.237709969839282e-07, 1.232245292056335e-05, 7.819553276029585e-13
2520, 1.570796326794897e+00, 4.712388980384690e+00, 3.141592653589793e+00, 9.558129345066190e-05, 2.472269851204099e-10, 1.272464824034429e-05, -1.341327361566891e-13
2521, 1.963495408493621e+00, 4.712388980384690e+00, 3.141592653589793e+00, 9.926327582158496e-05, -6.233052609276818e-07, 1.232224081248634e-05, -1.020673386933930e-12
2522, 2.356194490192345e+00, 4.712388980384690e+00, 3.141592653589793e+00, 1.029852894211565e-04, 1.615553887577064e-10, 1.191173291903356e-05, -1.766482331852218e-12
2523, 2.748893571891069e+00, 4.712388980384690e+00, 3.141592653589793e+00, 9.926312988851134e-05, 6.236140437985462e-07, 1.232211947546297e-05, -2.284148487646271e-12
2524, 3.141592653589793e+00, 4.712388980384690e+00, 3.141592653589793e+00, 9.558092741166856e-05, 1.828087252493848e-11, 1.272440889246401e-05, -2.514481156176480e-12
2525, 3.534291735288517e+00, 4.712388980384690e+00, 3.141592653589793e+00, 9.926313477710923e-05, -6.235789208529448e-07, 1.232210518504911e-05, -2.431519279963942e-12
2526, 3.926990816987241e+00, 4.712388980384690e+00, 3.141592653589793e+00, 1.029852875518731e-04, -1.307717679782101e-10, 1.191170454689839e-05, -2.045137390678920e-12
2527, 4.319689898685965e+00, 4.712388980384690e+00, 3.141592653589793e+00, 9.926324561811056e-05, 6.233286963019094e-07, 1.232219905331712e-05, -1.399372605302727e-12
2528, 4.712388980384690e+00, 4.712388980384690e+00, 3.141592653589793e+00, 9.558120825276421e-05, -2.344552271879583e-10, 1.272459489387784e-05, -5.681597059804696e-13
2529, 5.105088062083414e+00, 4.712388980384690e+00, 3.141592653589793e+00, 9.926368535459308e-05, -6.237728978929796e-07, 1.232239201873783e-05, 3.486137314914703e-13
2530, 5.497787143782138e+00, 4.712388980384690e+00, 3.141592653589793e+00, 1.029862319424024e-04, -2.380159675849483e-10, 1.191207773766786e-05, 1.228594239131998e-12
2531, 5.890486225480862e+00, 4.712388980384690e+00, 3.141592653589793e+00, 9.926464202752952e-05, 6.233408228420765e-07, 1.232262610999821e-05, 1.931864222878977e-12
2532, 6.283185307179586e+00, 4.712388980384690e+00, 3.141592653589793e+00, 9.558288358959602e-05, -4.612317990051881e-11, 1.272501579273382e-05, 2.319596801978077e-12
2533, 0.000000000000000e+00, 5.105088062083414e+00, 3.141592653589793e+00, 5.696775824058670e-05, -1.586749771955948e-11, 9.526349055152803e-06, -1.101156837497098e-11
2534, 3.926990816987241e-01, 5.105088062083414e+00, 3.141592653589793e+00, 6.356231577657223e-05, -1.174522540706391e-06, 9.220020383387188e-06, -1.089569032632002e-11
2535, 7.853981633974483e-01, 5.105088062083414e+00, 3.141592653589793e+00, 7.027390619118703e-05, 1.019655176647276e-10, 8.904178717434289e-06, -1.074298351824921e-11
2536, 1.178097245096172e+00, 5.105088062083414e+00, 3.141592653589793e+00, 6.356188662670968e-05, 1.174706866249819e-06, 9.219817415087135e-06, -1.073490253149861e-11
2537, 1.570796326794897e+00, 5.105088062083414e+00, 3.141592653589793e+00, 5.696703520653412e-05, 1.417039830821582e-10, 9.526004626137432e-06, -1.090906496053778e-11
2538, 1.963495408493621e+00, 5.105088062083414e+00, 3.141592653589793e+00, 6.356146477196627e-05, -1.174443854146911e-06, 9.219617483102564e-06, -1.120285543607047e-11
2539, 2.356194490192345e+00, 5.105088062083414e+00, 3.141592653589793e+00, 7.027310629296759e-05, 1.019030146049990e-10, 8.903797303561683e-06, -1.151807358735345e-11
2540, 2.748893571891069e+00, 5.105088062083414e+00, 3.141592653589793e+00, 6.356123861908056e-05, 1.174634685870875e-06, 9.219502219154645e-06, -1.176161231314096e-11
2541, 3.141592653589793e+00, 5.105088062083414e+00, 3.141592653589793e+00, 5.696658587242668e-05, 1.125581308245964e-11, 9.525777636908681e-06, -1.186712388403328e-11
2542, 3.534291735288517e+00, 5.105088062083414e+00, 3.141592653589793e+00, 6.356122903193411e-05, -1.174613538548230e-06, 9.219488552400218e-06, -1.180592525422781e-11
2543, 3.926990816987241e+00, 5.105088062083414e+00, 3.141592653589793e+00, 7.027308451931281e-05, -8.473819983988422e-11, 8.903770197682854e-06, -1.159116626699187e-11
2544, 4.319689898685965e+00, 5.105088062083414e+00, 3.141592653589793e+00, 6.356142684213416e-05, 1.174454729958434e-06, 9.219577677473673e-06, -1.127630058985749e-11
2545, 4.712388980384690e+00, 5.105088062083414e+00, 3.141592653589793e+00, 5.696697828455103e-05, -1.389468271273458e-10, 9.525953974301856e-06, -1.094750283100364e-11
2546, 5.105088062083414e+00, 5.105088062083414e+00, 3.141592653589793e+00, 6.356181270456941e-05, -1.174713401879254e-06, 9.219759891654361e-06, -1.070712272884461e-11
2547, 5.497787143782138e+00, 5.105088062083414e+00, 3.141592653589793e+00, 7.027382641217560e-05, -1.180328493280835e-10, 8.904122072527364e-06, -1.064168100924217e-11
2548, 5.890486225480862e+00, 5.105088062083414e+00, 3.141592653589793e+00, 6.356225452412694e-05, 1.174497858289289e-06, 9.219979055758084e-06, -1.077009190023173e-11
2549, 6.283185307179586e+00, 5.105088062083414e+00, 3.141592653589793e+00, 5.696775824058670e-05, -1.586749771955948e-11, 9.526349055152803e-06, -1.101156837497098e-11
2550, 0.000000000000000e+00, 5.497787143782138e+00, 3.141592653589793e+00, 2.168639743375560e-05, 1.020706312636941e-11, 5.409148744725193e-06, -2.310278350809668e-11
2551, 3.926990816987241e-01, 5.497787143782138e+00, 3.141592653589793e+00, 2.925789175433209e-05, -1.373693827914966e-06, 5.477383242931972e-06, -2.275578571798114e-11
2552, 7.853981633974483e-01, 5.497787143782138e+00, 3.141592653589793e+00, 3.697815083935014e-05, 4.590758607859516e-12, 5.550398340800736e-06, -2.200670723638087e-11
2553, 1.178097245096172e+00, 5.497787143782138e+00, 3.141592653589793e+00, 2.925794339041949e-05, 1.373710357483252e-06, 5.477227453727515e-06, -2.130525195082789e-11
2554, 1.570796326794897e+00, 5.497787143782138e+00, 3.141592653589793e+00, 2.168638039339061e-05, 4.997706522975925e-11, 5.408882622716105e-06, -2.084202672282643e-11
2555, 1.963495408493621e+00, 5.497787143782138e+00, 3.141592653589793e+00, 2.925763328826191e-05, -1.373623068202135e-06, 5.477069424270589e-06, -2.061827203672306e-11
2556, 2.356194490192345e+00, 5.497787143782138e+00, 3.141592653589793e+00, 3.697763728869550e-05, 4.961162930898184e-11, 5.550098168398651e-06, -2.055339797237077e-11
2557, 2.748893571891069e+00, 5.497787143782138e+00, 3.141592653589793e+00, 2.925733046838365e-05, 1.373710665668905e-06, 5.476977444739572e-06, -2.055335506139660e-11
2558, 3.141592653589793e+00, 5.497787143782138e+00, 3.141592653589793e+00, 2.168584397942786e-05, 5.057270593103279e-12, 5.408701781116110e-06, -2.054735632243118e-11
2559, 3.534291735288517e+00, 5.497787143782138e+00, 3.141592653589793e+00, 2.925730796893279e-05, -1.373701844063761e-06, 5.476966453322905e-06, -2.050496543461985e-11
2560, 3.926990816987241e+00, 5.497787143782138e+00, 3.141592653589793e+00, 3.697759754803432e-05, -4.442635733679100e-11, 5.550076375422387e-06, -2.044200494841402e-11
2561, 4.319689898685965e+00, 5.497787143782138e+00, 3.141592653589793e+00, 2.925758747821131e-05, 1.373622996919251e-06, 5.477037466076235e-06, -2.041912982696030e-11
2562, 4.712388980384690e+00, 5.497787143782138e+00, 3.141592653589793e+00, 2.168634583036134e-05, -5.572747855227490e-11, 5.408842128470911e-06, -2.053047455660825e-11
2563, 5.105088062083414e+00, 5.497787143782138e+00, 3.141592653589793e+00, 2.925794098903811e-05, -1.373720482355110e-06, 5.477181903994618e-06, -2.087527738740290e-11
2564, 5.497787143782138e+00, 5.497787143782138e+00, 3.141592653589793e+00, 3.697819527983253e-05, -1.517758080246292e-11, 5.550354196847790e-06, -2.150300078945018e-11
2565, 5.890486225480862e+00, 5.497787143782138e+00, 3.141592653589793e+00, 2.925796576144427e-05, 1.373691082194031e-06, 5.477351508527192e-06, -2.232952432083465e-11
2566, 6.283185307179586e+00, 5.497787143782138e+00, 3.141592653589793e+00, 2.168639743375560e-05, 1.020706312636941e-11, 5.409148744725193e-06, -2.310278350809668e-11
2567, 0.000000000000000e+00, 5.890486225480862e+00, 3.141592653589793e+00, -1.347332300463976e-07, 2.756954375621045e-11, 1.839922287708665e-06, -3.205685697236615e-11
2568, 3.926990816987241e-01, 5.890486225480862e+00, 3.141592653589793e+00, 5.011109637110049e-06, -9.366339987725842e-07, 2.354335498757363e-06, -3.157696637400742e-11
2569, 7.853981633974483e-01, 5.890486225480862e+00, 3.141592653589793e+00, 1.019820940318138e-05, -6.044838116107357e-11, 2.884759601713827e-06, -3.046207390369698e-11
2570, 1.178097245096172e+00, 5.890486225480862e+00, 3.141592653589793e+00, 5.011447615737562e-06, 9.365376878044007e-07, 2.354251387734642e-06, -2.930149217717499e-11
2571, 1.570796326794897e+00, 5.890486225480862e+00, 3.141592653589793e+00, -1.343336194406151e-07, -1.443544368293795e-11, 1.839778215521837e-06, -2.839573032550896e-11
2572, 1.963495408493621e+00, 5.890486225480862e+00, 3.141592653589793e+00, 5.011200150357432e-06, -9.365729138057404e-07, 2.354158549813410e-06, -2.780452113117934e-11
2573, 2.356194490192345e+00, 5.890486225480862e+00, 3.141592653589793e+00, 1.019785705130396e-05, 1.266962220978550e-11, 2.884584992068428e-06, -2.746720978377147e-11
2574, 2.748893571891069e+00, 5.890486225480862e+00, 3.141592653589793e+00, 5.010837184680165e-06, 9.365876180811538e-07, 2.354104206420854e-06, -2.729157993712300e-11
2575, 3.141592653589793e+00, 5.890486225480862e+00, 3.141592653589793e+00, -1.349440967191758e-07, 6.440091041097680e-13, 1.839671392489770e-06, -2.720464562701353e-11
2576, 3.534291735288517e+00, 5.890486225480862e+00, 3.141592653589793e+00, 5.010805373638109e-06, -9.365875768773618e-07, 2.354097637740772e-06, -2.717517495481119e-11
2577, 3.926990816987241e+00, 5.890486225480862e+00, 3.141592653589793e+00, 1.019780426801319e-05, -1.602414231963353e-11, 2.884571956451053e-06, -2.722064896982790e-11
2578, 4.319689898685965e+00, 5.890486225480862e+00, 3.141592653589793e+00, 5.011148184789212e-06, 9.365650710701221e-07, 2.354139416673787e-06, -2.740634510278848e-11
2579, 4.712388980384690e+00, 5.890486225480862e+00, 3.141592653589793e+00, -1.343538251160376e-07, 2.834774860037270e-12, 1.839753997827511e-06, -2.783083689187881e-11
2580, 5.105088062083414e+00, 5.890486225480862e+00, 3.141592653589793e+00, 5.011491585481025e-06, -9.365496975823291e-07, 2.354224409580883e-06, -2.858650008095137e-11
2581, 5.497787143782138e+00, 5.890486225480862e+00, 3.141592653589793e+00, 1.019833194796134e-05, 5.475453463782677e-11, 2.884734448815578e-06, -2.968541979983670e-11
2582, 5.890486225480862e+00, 5.890486225480862e+00, 3.141592653589793e+00, 5.011265962511017e-06, 9.366462020690482e-07, 2.354319490174483e-06, -3.095938878703246e-11
2583, 6.283185307179586e+00, 5.890486225480862e+00, 3.141592653589793e+00, -1.347332300463976e-07, 2.756954375621045e-11, 1.839922287708665e-06, -3.205685697236615e-11
2584, 0.000000000000000e+00, 6.283185307179586e+00, 3.141592653589793e+00, -3.695118835782643e-06, 2.875291231575997e-11, -7.225450694304532e-07, -3.619480824630333e-11
2585, 3.926990816987241e-01, 6.283185307179586e+00, 3.141592653589793e+00, -3.668558222677361e-06, -6.338667139558382e-11, 1.339149791665844e-10, -3.578946101242737e-11
2586, 7.853981633974483e-01, 6.283185307179586e+00, 3.141592653589793e+00, -3.694734771597596e-06, -8.484077314298533e-11, 7.228044157125823e-07, -3.458295731312588e-11
2587, 1.178097245096172e+00, 6.283185307179586e+00, 3.141592653589793e+00, -3.668161623229543e-06, -6.938808532775742e-11, 1.241459292024003e-10, -3.324312208062466e-11
2588, 1.570796326794897e+00, 6.283185307179586e+00, 3.141592653589793e+00, -3.694656975541168e-06, -4.182202022051388e-11, -7.225562667424041e-07, -3.214839381067353e-11
2589, 1.963495408493621e+00, 6.283185307179586e+00, 3.141592653589793e+00, -3.668401183977568e-06, -1.746127523956636e-11, 1.128873420988046e-10, -3.139802098798920e-11
2590, 2.356194490192345e+00, 6.283185307179586e+00, 3.141592653589793e+00, -3.695063554067734e-06, -2.925856492963110e-12, 7.227833325832238e-07, -3.094263170188163e-11
2591, 2.748893571891069e+00, 6.283185307179586e+00, 3.141592653589793e+00, -3.668801041949271e-06, 1.315082375909535e-12, 1.064868390720232e-10, -3.069056667085345e-11
2592, 3.141592653589793e+00, 6.283185307179586e+00, 3.141592653589793e+00, -3.695320410932272e-06, -1.254625324762125e-12, -7.225689641059973e-07, -3.056785837956913e-11
2593, 3.534291735288517e+00, 6.283185307179586e+00, 3.141592653589793e+00, -3.668837760852039e-06, -5.059541943126013e-12, 1.056543456010550e-10, -3.054310494900056e-11
2594, 3.926990816987241e+00, 6.283185307179586e+00, 3.141592653589793e+00, -3.695123658348646e-06, -4.135254471717848e-12, 7.227816616805400e-07, -3.063441700389513e-11
2595, 4.319689898685965e+00, 6.283185307179586e+00, 3.141592653589793e+00, -3.668458120268824e-06, 6.202966611181579e-12, 1.103903916174351e-10, -3.090915760091781e-11
2596, 4.712388980384690e+00, 6.283185307179586e+00, 3.141592653589793e+00, -3.694673757287920e-06, 2.761782042148035e-11, -7.225595068762199e-07, -3.146827603389126e-11
2597, 5.105088062083414e+00, 6.283185307179586e+00, 3.141592653589793e+00, -3.668101615149471e-06, 5.680075029953561e-11, 1.204026333669390e-10, -3.240026679377570e-11
2598, 5.497787143782138e+00, 6.283185307179586e+00, 3.141592653589793e+00, -3.694588171531957e-06, 8.313895929125515e-11, 7.228006944651350e-07, -3.369379581172237e-11
2599, 5.890486225480862e+00, 6.283185307179586e+00, 3.141592653589793e+00, -3.668389373864189e-06, 8.641992000473990e-11, 1.312049984856532e-10, -3.512117559385420e-11
2600, 6.283185307179586e+00, 6.283185307179586e+00, 3.141592653589793e+00, -3.695118835782643e-06, 2.875291231575997e-11, -7.225450694304532e-07, -3.619480824630333e-11
2601, 0.000000000000000e+00, 0.000000000000000e+00, 3.534291735288517e+00, 2.996059402735654e-06, 3.014644385348986e-11, -2.211998827843757e-06, 7.479431051507982e-06
2602, 3.926990816987241e-01, 0.000000000000000e+00, 3.534291735288517e+00, 3.006328984456070e-06, -6.694447000894817e-11, 1.359831745919359e-10, 7.481695655503332e-06
2603, 7.853981633974483e-01, 0.000000000000000e+00, 3.534291735288517e+00, 2.996477225930895e-06, -9.052439720514731e-11, 2.212262060756894e-06, 7.479417277917407e-06
2604, 1.178097245096172e+00, 0.000000000000000e+00, 3.534291735288517e+00, 3.006776952147137e-06, -7.539330041736285e-11, 1.261183793499331e-10, 7.481672172081824e-06
2605, 1.570796326794897e+00, 0.000000000000000e+00, 3.534291735288517e+00, 2.996601295703149e-06, -4.714774569429700e-11, -2.212009983983027e-06, 7.479391890510978e-06
2606, 1.963495408493621e+00, 0.000000000000000e+00, 3.534291735288517e+00, 3.006570900551925e-06, -2.166187588258269e-11, 1.146812298289169e-10, 7.481649560353775e-06
2607, 2.356194490192345e+00, 0.000000000000000e+00, 3.534291735288517e+00, 2.996215898889809e-06, -5.856901502328865e-12, 2.212240656425725e-06, 7.479374109952726e-06
2608, 2.748893571891069e+00, 0.000000000000000e+00, 3.534291735288517e+00, 3.006183084841387e-06, -3.194953232226726e-13, 1.081699362616638e-10, 7.481637202720632e-06
2609, 3.141592653589793e+00, 0.000000000000000e+00, 3.534291735288517e+00, 2.995964929809494e-06, -1.592460511254462e-12, -2.212022897257814e-06, 7.479367210659514e-06
2610, 3.534291735288517e+00, 0.000000000000000e+00, 3.534291735288517e+00, 3.006147812464784e-06, -4.103323228956238e-12, 1.073242931746764e-10, 7.481635705467970e-06
2611, 3.926990816987241e+00, 0.000000000000000e+00, 3.534291735288517e+00, 2.996159017679568e-06, -1.885251852368790e-12, 2.212238960456812e-06, 7.479371098898355e-06
2612, 4.319689898685965e+00, 0.000000000000000e+00, 3.534291735288517e+00, 3.006519609301181e-06, 9.743210567747994e-12, 1.121487463208444e-10, 7.481645035356499e-06
2613, 4.712388980384690e+00, 0.000000000000000e+00, 3.534291735288517e+00, 2.996593385126126e-06, 3.238466469389287e-11, -2.212013269063628e-06, 7.479385961718142e-06
2614, 5.105088062083414e+00, 0.000000000000000e+00, 3.534291735288517e+00, 3.006849476585876e-06, 6.253437385364409e-11, 1.223224590807622e-10, 7.481665250072598e-06
2615, 5.497787143782138e+00, 0.000000000000000e+00, 3.534291735288517e+00, 2.996638789243316e-06, 8.917448361617635e-11, 2.212258284979663e-06, 7.479410372963418e-06
2616, 5.890486225480862e+00, 0.000000000000000e+00, 3.534291735288517e+00, 3.006510436306263e-06, 9.141871716884165e-11, 1.332317932634289e-10, 7.481690716454194e-06
2617, 6.283185307179586e+00, 0.000000000000000e+00, 3.534291735288517e+00, 2.996059402735654e-06, 3.014644385348986e-11, -2.211998827843757e-06, 7.479431051507982e-06
2618, 0.000000000000000e+00, 3.926990816987241e-01, 3.534291735288517e+00, 1.978359061457621e-05, 3.265540620518793e-11, -4.448855660069519e-06, 5.460171565648981e-06
2619, 3.926990816987241e-01, 3.926990816987241e-01, 3.534291735288517e+00, 1.113927974324801e-05, 1.741948607121993e-06, -2.768854876592342e-06, 7.184534800934553e-06
2620, 7.853981633974483e-01, 3.926990816987241e-01, 3.534291735288517e+00, 2.479866676598478e-06, -7.623554123762993e-11, -1.094648437109124e-06, 8.924433193179700e-06
2621, 1.178097245096172e+00, 3.926990816987241e-01, 3.534291735288517e+00, 1.113964760743474e-05, -1.742070330869486e-06, -2.768788246631680e-06, 7.184511953513326e-06
2622, 1.570796326794897e+00, 3.926990816987241e-01, 3.534291735288517e+00, 1.978400344933496e-05, -3.017113321414449e-11, -4.448745939579397e-06, 5.460133232374728e-06
2623, 1.963495408493621e+00, 3.926990816987241e-01, 3.534291735288517e+00, 1.113937184726626e-05, 1.742005166387776e-06, -2.768713040446009e-06, 7.184490457024555e-06
2624, 2.356194490192345e+00, 3.926990816987241e-01, 3.534291735288517e+00, 2.479471654366896e-06, 3.966755880290452e-12, -1.094507283988510e-06, 8.924392044422128e-06
2625, 2.748893571891069e+00, 3.926990816987241e-01, 3.534291735288517e+00, 1.113896285902620e-05, -1.742007802428042e-06, -2.768668692230760e-06, 7.184478782359232e-06
2626, 3.141592653589793e+00, 3.926990816987241e-01, 3.534291735288517e+00, 1.978331621623383e-05, -4.332111536289111e-13, -4.448658928627062e-06, 5.460109883619884e-06
2627, 3.534291735288517e+00, 3.926990816987241e-01, 3.534291735288517e+00, 1.113892538869969e-05, 1.742005676820695e-06, -2.768663399999803e-06, 7.184477367992330e-06
2628, 3.926990816987241e+00, 3.926990816987241e-01, 3.534291735288517e+00, 2.479409312157296e-06, -9.500503004122239e-12, -1.094496810035408e-06, 8.924389198246041e-06
2629, 4.319689898685965e+00, 3.926990816987241e-01, 3.534291735288517e+00, 1.113930992777676e-05, -1.742015115348639e-06, -2.768697738315321e-06, 7.184486173245153e-06
2630, 4.712388980384690e+00, 3.926990816987241e-01, 3.534291735288517e+00, 1.978397781344586e-05, 1.679522036197119e-11, -4.448726707866648e-06, 5.460127602297975e-06
2631, 5.105088062083414e+00, 3.926990816987241e-01, 3.534291735288517e+00, 1.113969575596240e-05, 1.742057416703813e-06, -2.768767070052316e-06, 7.184505337733583e-06
2632, 5.497787143782138e+00, 3.926990816987241e-01, 3.534291735288517e+00, 2.480005246498551e-06, 7.144691644920547e-11, -1.094629136538510e-06, 8.924426487586686e-06
2633, 5.890486225480862e+00, 3.926990816987241e-01, 3.534291735288517e+00, 1.113945734957515e-05, -1.741932189209100e-06, -2.768843246910468e-06, 7.184529798254661e-06
2634, 6.283185307179586e+00, 3.926990816987241e-01, 3.534291735288517e+00, 1.978359061457621e-05, 3.265540620518793e-11, -4.448855660069519e-06, 5.460171565648981e-06
2635, 0.000000000000000e+00, 7.853981633974483e-01, 3.534291735288517e+00, 4.690961693319977e-05, 1.782596747895841e-11, -7.060447925050185e-06, 3.444048708073271e-06
2636, 3.926990816987241e-01, 7.853981633974483e-01, 3.534291735288517e+00, 3.437008746814251e-05, 2.520795274413242e-06, -6.566531473542148e-06, 5.840281391965192e-06
2637, 7.853981633974483e-01, 7.853981633974483e-01, 3.534291735288517e+00, 2.181256826956546e-05, -1.992216092707188e-11, -6.073292347121483e-06, 8.278721551424547e-06
2638, 1.178097245096172e+00, 7.853981633974483e-01, 3.534291735288517e+00, 3.437016026853841e-05, -2.520820544747834e-06, -6.566389995697929e-06, 5.840261220125436e-06
2639, 1.570796326794897e+00, 7.853981633974483e-01, 3.534291735288517e+00, 4.690959808222119e-05, 2.675955536515409e-11, -7.060207154655325e-06, 3.444014939975441e-06
2640, 1.963495408493621e+00, 7.853981633974483e-01, 3.534291735288517e+00, 3.436975821366618e-05, 2.520863459568396e-06, -6.566243676253621e-06, 5.840242888203362e-06
2641, 2.356194490192345e+00, 7.853981633974483e-01, 3.534291735288517e+00, 2.181190148409481e-05, 3.677962172346489e-11, -6.073015020373843e-06, 8.278686299150086e-06
2642, 2.748893571891069e+00, 7.853981633974483e-01, 3.534291735288517e+00, 3.436935403999115e-05, -2.520801428972325e-06, -6.566158121449751e-06, 5.840233089506174e-06
2643, 3.141592653589793e+00, 7.853981633974483e-01, 3.534291735288517e+00, 4.690888433050657e-05, 3.456951191131459e-12, -7.060039111170640e-06, 3.443995272809729e-06
2644, 3.534291735288517e+00, 7.853981633974483e-01, 3.534291735288517e+00, 3.436931878265074e-05, 2.520807030149597e-06, -6.566147944654538e-06, 5.840231903124826e-06
2645, 3.926990816987241e+00, 7.853981633974483e-01, 3.534291735288517e+00, 2.181183917500016e-05, -3.483619464179631e-11, -6.072994863568179e-06, 8.278683905523961e-06
2646, 4.319689898685965e+00, 7.853981633974483e-01, 3.534291735288517e+00, 3.436968593995396e-05, -2.520866668747373e-06, -6.566214168033244e-06, 5.840239269192489e-06
2647, 4.712388980384690e+00, 7.853981633974483e-01, 3.534291735288517e+00, 4.690954165055317e-05, -3.516870786145280e-11, -7.060169855276755e-06, 3.444010148474750e-06
2648, 5.105088062083414e+00, 7.853981633974483e-01, 3.534291735288517e+00, 3.437014993651992e-05, 2.520809029409278e-06, -6.566348173281368e-06, 5.840255524055077e-06
2649, 5.497787143782138e+00, 7.853981633974483e-01, 3.534291735288517e+00, 2.181262445159674e-05, 1.062990183051155e-11, -6.073251964643764e-06, 8.278715680912285e-06
2650, 5.890486225480862e+00, 7.853981633974483e-01, 3.534291735288517e+00, 3.437018576464082e-05, -2.520791694055230e-06, -6.566502521269163e-06, 5.840276931738182e-06
2651, 6.283185307179586e+00, 7.853981633974483e-01, 3.534291735288517e+00, 4.690961693319977e-05, 1.782596747895841e-11, -7.060447925050185e-06, 3.444048708073271e-06
2652, 0.000000000000000e+00, 1.178097245096172e+00, 3.534291735288517e+00, 7.825065080364184e-05, -6.903293996525790e-12, -1.043649071616248e-05, 1.151037515912521e-06
2653, 3.926990816987241e-01, 1.178097245096172e+00, 3.534291735288517e+00, 6.765732797539431e-05, 2.099558809185392e-06, -1.092285688105173e-05, 3.018169943915320e-06
2654, 7.853981633974483e-01, 1.178097245096172e+00, 3.534291735288517e+00, 5.704470399626600e-05, 7.163062772023585e-11, -1.140539619041717e-05, 4.920678980461195e-06
2655, 1.178097245096172e+00, 1.178097245096172e+00, 3.534291735288517e+00, 6.765691496404404e-05, -2.099426392715192e-06, -1.092266088683626e-05, 3.018154287048791e-06
2656, 1.570796326794897e+00, 1.178097245096172e+00, 3.534291735288517e+00, 7.824991138373004e-05, 1.142744239205861e-10, -1.043615768770481e-05, 1.151011410386376e-06
2657, 1.963495408493621e+00, 1.178097245096172e+00, 3.534291735288517e+00, 6.765635478149776e-05, 2.099636646331566e-06, -1.092246589525428e-05, 3.018140433300214e-06
2658, 2.356194490192345e+00, 1.178097245096172e+00, 3.534291735288517e+00, 5.704367131004266e-05, 8.685289476934063e-11, -1.140502469449621e-05, 4.920652249068686e-06
2659, 2.748893571891069e+00, 1.178097245096172e+00, 3.534291735288517e+00, 6.765598776341005e-05, -2.099475835335843e-06, -1.092235307822297e-05, 3.018133177188992e-06
2660, 3.141592653589793e+00, 1.178097245096172e+00, 3.534291735288517e+00, 7.824921245887564e-05, 9.374642378328695e-12, -1.043593568172627e-05, 1.150996774112099e-06
2661, 3.534291735288517e+00, 1.178097245096172e+00, 3.534291735288517e+00, 6.765596020252019e-05, 2.099493196027251e-06, -1.092233971992213e-05, 3.018132297607194e-06
2662, 3.926990816987241e+00, 1.178097245096172e+00, 3.534291735288517e+00, 5.704361731421560e-05, -7.350182390913943e-11, -1.140499820836328e-05, 4.920650466606492e-06
2663, 4.319689898685965e+00, 1.178097245096172e+00, 3.534291735288517e+00, 6.765627787023068e-05, -2.099629463833820e-06, -1.092242701642476e-05, 3.018137720538575e-06
2664, 4.712388980384690e+00, 1.178097245096172e+00, 3.534291735288517e+00, 7.824981954025668e-05, -1.146505912648183e-10, -1.043610823954234e-05, 1.151007788635044e-06
2665, 5.105088062083414e+00, 1.178097245096172e+00, 3.534291735288517e+00, 6.765682232965094e-05, 2.099418210915194e-06, -1.092260475765631e-05, 3.018149940726261e-06
2666, 5.497787143782138e+00, 1.178097245096172e+00, 3.534291735288517e+00, 5.704462991849167e-05, -8.617917901351277e-11, -1.140534093772949e-05, 4.920674463223858e-06
2667, 5.890486225480862e+00, 1.178097245096172e+00, 3.534291735288517e+00, 6.765729015770192e-05, -2.099576034191039e-06, -1.092281657012828e-05, 3.018166500310393e-06
2668, 6.283185307179586e+00, 1.178097245096172e+00, 3.534291735288517e+00, 7.825065080364184e-05, -6.903293996525790e-12, -1.043649071616248e-05, 1.151037515912521e-06
2669, 0.000000000000000e+00, 1.570796326794897e+00, 3.534291735288517e+00, 1.071238676626783e-04, -3.706968859261414e-11, -1.334500376591084e-05, -1.412616592689492e-06
2670, 3.926990816987241e-01, 1.570796326794897e+00, 3.534291735288517e+00, 1.014955374475776e-04, 1.047042002111572e-06, -1.409550175900450e-05, -6.000130000462388e-07
2671, 7.853981633974483e-01, 1.570796326794897e+00, 3.534291735288517e+00, 9.585696274790715e-05, 1.842957172911638e-10, -1.484379766095504e-05, 2.256521165991015e-07
2672, 1.178097245096172e+00, 1.570796326794897e+00, 3.534291735288517e+00, 1.014945276545328e-04, -1.046716161988620e-06, -1.409528274905824e-05, -6.000230577695064e-07
2673, 1.570796326794897e+00, 1.570796326794897e+00, 3.534291735288517e+00, 1.071222461077050e-04, 2.191751790118356e-10, -1.334463278875971e-05, -1.412633313599500e-06
2674, 1.963495408493621e+00, 1.570796326794897e+00, 3.534291735288517e+00, 1.014937985375392e-04, 1.047127755611309e-06, -1.409506822427362e-05, -6.000318287108363e-07
2675, 2.356194490192345e+00, 1.570796326794897e+00, 3.534291735288517e+00, 9.585552194906632e-05, 1.463083554250352e-10, -1.484338814177750e-05, 2.256351727883168e-07
2676, 2.748893571891069e+00, 1.570796326794897e+00, 3.534291735288517e+00, 1.014934958205716e-04, -1.046849445525593e-06, -1.409494528027546e-05, -6.000363284056107e-07
2677, 3.141592653589793e+00, 1.570796326794897e+00, 3.534291735288517e+00, 1.071216009066873e-04, 1.637323061549862e-11, -1.334439036486591e-05, -1.412642441794966e-06
2678, 3.534291735288517e+00, 1.570796326794897e+00, 3.534291735288517e+00, 1.014934805158839e-04, 1.046880728449578e-06, -1.409493078623164e-05, -6.000368794180756e-07
2679, 3.926990816987241e+00, 1.570796326794897e+00, 3.534291735288517e+00, 9.585548365852317e-05, -1.193909765973728e-10, -1.484335935943147e-05, 2.256340494403083e-07
2680, 4.319689898685965e+00, 1.570796326794897e+00, 3.534291735288517e+00, 1.014937236441538e-04, -1.047108059284913e-06, -1.409502584538003e-05, -6.000335502797785e-07
2681, 4.712388980384690e+00, 1.570796326794897e+00, 3.534291735288517e+00, 1.071221194498508e-04, -2.095669992217274e-10, -1.334457862154911e-05, -1.412635624860673e-06
2682, 5.105088062083414e+00, 1.570796326794897e+00, 3.534291735288517e+00, 1.014943414259225e-04, 1.046712609932456e-06, -1.409522087225240e-05, -6.000258396694317e-07
2683, 5.497787143782138e+00, 1.570796326794897e+00, 3.534291735288517e+00, 9.585673311754796e-05, -2.047424142515365e-10, -1.484373642703069e-05, 2.256492259627903e-07
2684, 5.890486225480862e+00, 1.570796326794897e+00, 3.534291735288517e+00, 1.014953344867574e-04, -1.047084712601668e-06, -1.409545707309532e-05, -6.000151956630770e-07
2685, 6.283185307179586e+00, 1.570796326794897e+00, 3.534291735288517e+00, 1.071238676626783e-04, -3.706968859261414e-11, -1.334500376591084e-05, -1.412616592689492e-06
2686, 0.000000000000000e+00, 1.963495408493621e+00, 3.534291735288517e+00, 1.278757491618991e-04, -6.776538150890120e-11, -1.405292647494601e-05, -3.759834972345644e-06
2687, 3.926990816987241e-01, 1.963495408493621e+00, 3.534291735288517e+00, 1.265372036163828e-04, 1.468728466805505e-07, -1.451371465468145e-05, -3.740612694284103e-06
2688, 7.853981633974483e-01, 1.963495408493621e+00, 3.534291735288517e+00, 1.251970594666928e-04, 2.999783075604341e-10, -1.497435597035540e-05, -3.720713423028873e-06
2689, 1.178097245096172e+00, 1.963495408493621e+00, 3.534291735288517e+00, 1.265355890122981e-04, -1.463488868578894e-07, -1.451350760889316e-05, -3.740617036413141e-06
2690, 1.570796326794897e+00, 1.963495408493621e+00, 3.534291735288517e+00, 1.278732380159669e-04, 3.257741372934423e-10, -1.405257622785267e-05, -3.759842183849490e-06
2691, 1.963495408493621e+00, 1.963495408493621e+00, 3.534291735288517e+00, 1.265347036823407e-04, 1.469653493431967e-07, -1.451330586733818e-05, -3.740620824800941e-06
2692, 2.356194490192345e+00, 1.963495408493621e+00, 3.534291735288517e+00, 1.251952302755188e-04, 2.062228505386604e-10, -1.497397070121290e-05, -3.720720724692412e-06
2693, 2.748893571891069e+00, 1.963495408493621e+00, 3.534291735288517e+00, 1.265344806433846e-04, -1.465684117368544e-07, -1.451319104385406e-05, -3.740622723781986e-06
2694, 3.141592653589793e+00, 1.963495408493621e+00, 3.534291735288517e+00, 1.278726733735624e-04, 2.339986499864054e-11, -1.405234944444152e-05, -3.759846067272900e-06
2695, 3.534291735288517e+00, 1.963495408493621e+00, 3.534291735288517e+00, 1.265344800012337e-04, 1.466136938537443e-07, -1.451317755333479e-05, -3.740622969104574e-06
2696, 3.926990816987241e+00, 1.963495408493621e+00, 3.534291735288517e+00, 1.251952120727921e-04, -1.655946350853034e-10, -1.497394386947505e-05, -3.720721229527822e-06
2697, 4.319689898685965e+00, 1.963495408493621e+00, 3.534291735288517e+00, 1.265346362289525e-04, -1.469328816267198e-07, -1.451326625930731e-05, -3.740621602659616e-06
2698, 4.712388980384690e+00, 1.963495408493621e+00, 3.534291735288517e+00, 1.278730815767524e-04, -3.058209557309338e-10, -1.405252544454636e-05, -3.759843223762518e-06
2699, 5.105088062083414e+00, 1.963495408493621e+00, 3.534291735288517e+00, 1.265353123386412e-04, 1.463502687629678e-07, -1.451344944352426e-05, -3.740618272237290e-06
2700, 5.497787143782138e+00, 1.963495408493621e+00, 3.534291735288517e+00, 1.251966749773387e-04, -3.263778827158356e-10, -1.497429835649289e-05, -3.720714686557276e-06
2701, 5.890486225480862e+00, 1.963495408493621e+00, 3.534291735288517e+00, 1.265368348718405e-04, -1.469416290705125e-07, -1.451367266242405e-05, -3.740613639124209e-06
2702, 6.283185307179586e+00, 1.963495408493621e+00, 3.534291735288517e+00, 1.278757491618991e-04, -6.776538150890120e-11, -1.405292647494601e-05, -3.759834972345644e-06
2703, 0.000000000000000e+00, 2.356194490192345e+00, 3.534291735288517e+00, 1.387263089111649e-04, -9.427149724918236e-11, -1.168501211341751e-05, -5.429152547879995e-06
2704, 3.926990816987241e-01, 2.356194490192345e+00, 3.534291735288517e+00, 1.392995880744371e-04, -2.256565630815366e-07, -1.176890932004293e-05, -5.661203613658528e-06
2705, 7.853981633974483e-01, 2.356194490192345e+00, 3.534291735288517e+00, 1.398734626559046e-04, 4.004075692012783e-10, -1.185295163554089e-05, -5.894569871481857e-06
2706, 1.178097245096172e+00, 2.356194490192345e+00, 3.534291735288517e+00, 1.392974602376356e-04, 2.263523462641564e-07, -1.176874649217030e-05, -5.661203050362016e-06
2707, 1.570796326794897e+00, 2.356194490192345e+00, 3.534291735288517e+00, 1.387230466360179e-04, 4.179889796674084e-10, -1.168473678190015e-05, -5.429151623673254e-06
2708, 1.963495408493621e+00, 2.356194490192345e+00, 3.534291735288517e+00, 1.392964550679274e-04, -2.255586243706019e-07, -1.176858812256942e-05, -5.661202637120490e-06
2709, 2.356194490192345e+00, 2.356194490192345e+00, 3.534291735288517e+00, 1.398713257485917e-04, 2.577372934422402e-10, -1.185264922060685e-05, -5.894569031139646e-06
2710, 2.748893571891069e+00, 2.356194490192345e+00, 3.534291735288517e+00, 1.392963130898493e-04, 2.260577116007608e-07, -1.176849839857052e-05, -5.661202402719743e-06
2711, 3.141592653589793e+00, 2.356194490192345e+00, 3.534291735288517e+00, 1.387225740901543e-04, 2.942559256171526e-11, -1.168455936205929e-05, -5.429151173739768e-06
2712, 3.534291735288517e+00, 2.356194490192345e+00, 3.534291735288517e+00, 1.392963268858695e-04, -2.260004065223811e-07, -1.176848787606564e-05, -5.661202400355311e-06
2713, 3.926990816987241e+00, 2.356194490192345e+00, 3.534291735288517e+00, 1.398713282110099e-04, -2.052834155722419e-10, -1.185262826535129e-05, -5.894569030799624e-06
2714, 4.319689898685965e+00, 2.356194490192345e+00, 3.534291735288517e+00, 1.392963984260101e-04, 2.256021748065580e-07, -1.176855713369453e-05, -5.661202635044439e-06
2715, 4.712388980384690e+00, 2.356194490192345e+00, 3.534291735288517e+00, 1.387228692829334e-04, -3.890061468080101e-10, -1.168469698006340e-05, -5.429151599679037e-06
2716, 5.105088062083414e+00, 2.356194490192345e+00, 3.534291735288517e+00, 1.392971100355593e-04, -2.263466392756198e-07, -1.176870085683268e-05, -5.661202980158477e-06
2717, 5.497787143782138e+00, 2.356194490192345e+00, 3.534291735288517e+00, 1.398729483047436e-04, -4.319730822818984e-10, -1.185290643232843e-05, -5.894569754745199e-06
2718, 5.890486225480862e+00, 2.356194490192345e+00, 3.534291735288517e+00, 1.392990787584196e-04, 2.255651984233132e-07, -1.176887639548376e-05, -5.661203497484884e-06
2719, 6.283185307179586e+00, 2.356194490192345e+00, 3.534291735288517e+00, 1.387263089111649e-04, -9.427149724918236e-11, -1.168501211341751e-05, -5.429152547879995e-06
2720, 0.000000000000000e+00, 2.748893571891069e+00, 3.534291735288517e+00, 1.423911170299041e-04, -1.126237509512018e-10, -6.646822157970673e-06, -6.322737930095232e-06
2721, 3.926990816987241e-01, 2.748893571891069e+00, 3.534291735288517e+00, 1.430291971483033e-04, -1.887190458940825e-07, -6.535051336171943e-06, -6.474459794320481e-06
2722, 7.853981633974483e-01, 2.748893571891069e+00, 3.534291735288517e+00, 1.436671498422900e-04, 4.700738393418030e-10, -6.423280602894317e-06, -6.626655712344786e-06
2723, 1.178097245096172e+00, 2.748893571891069e+00, 3.534291735288517e+00, 1.430267282227258e-04, 1.895339702524767e-07, -6.534957598351498e-06, -6.474455879476671e-06
2724, 1.570796326794897e+00, 2.748893571891069e+00, 3.534291735288517e+00, 1.423873597444130e-04, 4.818347369096708e-10, -6.646663715611709e-06, -6.322731455501779e-06
2725, 1.963495408493621e+00, 2.748893571891069e+00, 3.534291735288517e+00, 1.430256584406030e-04, -1.886175259141600e-07, -6.534866638226514e-06, -6.474452623254772e-06
2726, 2.356194490192345e+00, 2.748893571891069e+00, 3.534291735288517e+00, 1.436648342261344e-04, 2.932443085965521e-10, -6.423106905718039e-06, -6.626649361104028e-06
2727, 2.748893571891069e+00, 2.748893571891069e+00, 3.534291735288517e+00, 1.430255855895291e-04, 1.891871042633105e-07, -6.534815313336306e-06, -6.474450973805965e-06
2728, 3.141592653589793e+00, 2.748893571891069e+00, 3.534291735288517e+00, 1.423869754572789e-04, 3.357655834444206e-11, -6.646562115520040e-06, -6.322728115575046e-06
2729, 3.534291735288517e+00, 2.748893571891069e+00, 3.534291735288517e+00, 1.430256110930885e-04, -1.891215068064661e-07, -6.534809286109748e-06, -6.474450808615441e-06
2730, 3.926990816987241e+00, 2.748893571891069e+00, 3.534291735288517e+00, 1.436648542406156e-04, -2.326083406711101e-10, -6.423094890221488e-06, -6.626649026515216e-06
2731, 4.319689898685965e+00, 2.748893571891069e+00, 3.534291735288517e+00, 1.430256137084142e-04, 1.886687729218591e-07, -6.534848845021905e-06, -6.474452100546828e-06
2732, 4.712388980384690e+00, 2.748893571891069e+00, 3.534291735288517e+00, 1.423871730124371e-04, -4.465650958813663e-10, -6.646640832462835e-06, -6.322730715260288e-06
2733, 5.105088062083414e+00, 2.748893571891069e+00, 3.534291735288517e+00, 1.430263322812345e-04, -1.895252489170519e-07, -6.534931338202689e-06, -6.474454924835705e-06
2734, 5.497787143782138e+00, 2.748893571891069e+00, 3.534291735288517e+00, 1.436665500944823e-04, -5.052215402116896e-10, -6.423254580266366e-06, -6.626654658187174e-06
2735, 5.890486225480862e+00, 2.748893571891069e+00, 3.534291735288517e+00, 1.430285934111075e-04, 1.886120321134387e-07, -6.535032378135833e-06, -6.474458956706761e-06
2736, 6.283185307179586e+00, 2.748893571891069e+00, 3.534291735288517e+00, 1.423911170299041e-04, -1.126237509512018e-10, -6.646822157970673e-06, -6.322737930095232e-06
2737, 0.000000000000000e+00, 3.141592653589793e+00, 3.534291735288517e+00, 1.433848074972574e-04, -1.201173938385269e-10, -1.549442179591839e-07, -6.664083211765760e-06
2738, 3.926990816987241e-01, 3.141592653589793e+00, 3.534291735288517e+00, 1.433841224566776e-04, 3.195803246469627e-10, -9.660561651399835e-11, -6.664051179004014e-06
2739, 7.853981633974483e-01, 3.141592653589793e+00, 3.534291735288517e+00, 1.433828295351339e-04, 4.983901249481463e-10, 1.547540299870114e-07, -6.664079800951874e-06
2740, 1.178097245096172e+00, 3.141592653589793e+00, 3.534291735288517e+00, 1.433815364034899e-04, 5.437293874772989e-10, -8.609908429735943e-11, -6.664045951827471e-06
2741, 1.570796326794897e+00, 3.141592653589793e+00, 3.534291735288517e+00, 1.433808866148835e-04, 5.076244602730369e-10, -1.549265837099746e-07, -6.664074569700506e-06
2742, 1.963495408493621e+00, 3.141592653589793e+00, 3.534291735288517e+00, 1.433804675333143e-04, 4.223124107082845e-10, -7.632229850376398e-11, -6.664041604540409e-06
2743, 2.356194490192345e+00, 3.141592653589793e+00, 3.534291735288517e+00, 1.433804919802413e-04, 3.074896276344014e-10, 1.547727764778180e-07, -6.664071330891584e-06
2744, 2.748893571891069e+00, 3.141592653589793e+00, 3.534291735288517e+00, 1.433804410420043e-04, 1.755988518370543e-10, -7.101374625769139e-11, -6.664039426878955e-06
2745, 3.141592653589793e+00, 3.141592653589793e+00, 3.534291735288517e+00, 1.433805729781308e-04, 3.525260203666793e-11, -1.549159638014331e-07, -6.664070142792634e-06
2746, 3.534291735288517e+00, 3.141592653589793e+00, 3.534291735288517e+00, 1.433804735604189e-04, -1.066482780646315e-10, -7.035429444857038e-11, -6.664039201275762e-06
2747, 3.926990816987241e+00, 3.141592653589793e+00, 3.534291735288517e+00, 1.433805234493904e-04, -2.435325668364988e-10, 1.547741000743368e-07, -6.664070871311583e-06
2748, 4.319689898685965e+00, 3.141592653589793e+00, 3.534291735288517e+00, 1.433804336279511e-04, -3.679261911753589e-10, -7.434287316239933e-11, -6.664040884938780e-06
2749, 4.712388980384690e+00, 3.141592653589793e+00, 3.534291735288517e+00, 1.433807030950822e-04, -4.697769271780095e-10, -1.549240088602352e-07, -6.664073555299239e-06
2750, 5.105088062083414e+00, 3.141592653589793e+00, 3.534291735288517e+00, 1.433811290567541e-04, -5.337570569665571e-10, -8.310915285111348e-11, -6.664044655023892e-06
2751, 5.497787143782138e+00, 3.141592653589793e+00, 3.534291735288517e+00, 1.433822012862235e-04, -5.349764760646073e-10, 1.547570269804092e-07, -6.664078381046182e-06
2752, 5.890486225480862e+00, 3.141592653589793e+00, 3.534291735288517e+00, 1.433834841965824e-04, -4.329644704096386e-10, -9.439930617640755e-11, -6.664050058033047e-06
2753, 6.283185307179586e+00, 3.141592653589793e+00, 3.534291735288517e+00, 1.433848074972574e-04, -1.201173938385269e-10, -1.549442179591839e-07, -6.664083211765760e-06
2754, 0.000000000000000e+00, 3.534291735288517e+00, 3.534291735288517e+00, 1.436688285730072e-04, -1.156637184373704e-10, 6.423154192641375e-06, -6.626662536298027e-06
2755, 3.926990816987241e-01, 3.534291735288517e+00, 3.534291735288517e+00, 1.430289937788039e-04, 1.893274676070649e-07, 6.534870622629200e-06, -6.474463978055266e-06
2756, 7.853981633974483e-01, 3.534291735288517e+00, 3.534291735288517e+00, 1.423890340013262e-04, 4.811004362743466e-10, 6.646592747304203e-06, -6.322739360592585e-06
2757, 1.178097245096172e+00, 3.534291735288517e+00, 3.534291735288517e+00, 1.430265319168092e-04, -1.884938016168456e-07, 6.534796356463970e-06, -6.474459662857897e-06
2758, 1.570796326794897e+00, 3.534291735288517e+00, 3.534291735288517e+00, 1.436650998094537e-04, 4.914602765093012e-10, 6.423028426017499e-06, -6.626655414599243e-06
2759, 1.963495408493621e+00, 3.534291735288517e+00, 3.534291735288517e+00, 1.430255294749211e-04, 1.894288442395337e-07, 6.534723510335233e-06, -6.474456127556985e-06
2760, 2.356194490192345e+00, 3.534291735288517e+00, 3.534291735288517e+00, 1.423868346254175e-04, 2.983722859205986e-10, 6.646453794980273e-06, -6.322732454403338e-06
2761, 2.748893571891069e+00, 3.534291735288517e+00, 3.534291735288517e+00, 1.430255194402394e-04, -1.888489652584619e-07, 6.534682050108001e-06, -6.474454370151972e-06
2762, 3.141592653589793e+00, 3.534291735288517e+00, 3.534291735288517e+00, 1.436648283869162e-04, 3.421329035541786e-11, 6.422946544342110e-06, -6.626651837629296e-06
2763, 3.534291735288517e+00, 3.534291735288517e+00, 3.534291735288517e+00, 1.430255531356764e-04, 1.889158450063292e-07, 6.534677252664088e-06, -6.474454192766434e-06
2764, 3.926990816987241e+00, 3.534291735288517e+00, 3.534291735288517e+00, 1.423868695697872e-04, -2.364437913865916e-10, 6.646444247724838e-06, -6.322732093006165e-06
2765, 4.319689898685965e+00, 3.534291735288517e+00, 3.534291735288517e+00, 1.430255034881023e-04, -1.893763453212293e-07, 6.534709408155459e-06, -6.474455558794850e-06
2766, 4.712388980384690e+00, 3.534291735288517e+00, 3.534291735288517e+00, 1.436649313936116e-04, -4.551291412696011e-10, 6.423010343745691e-06, -6.626654603899542e-06
2767, 5.105088062083414e+00, 3.534291735288517e+00, 3.534291735288517e+00, 1.430261489653384e-04, 1.885030806082712e-07, 6.534775670346109e-06, -6.474458612358132e-06
2768, 5.497787143782138e+00, 3.534291735288517e+00, 3.534291735288517e+00, 1.423884381319908e-04, -5.167612285570526e-10, 6.646572310786428e-06, -6.322738196349922e-06
2769, 5.890486225480862e+00, 3.534291735288517e+00, 3.534291735288517e+00, 1.430283858000219e-04, -1.894370058327837e-07, 6.534855776021720e-06, -6.474463050151653e-06
2770, 6.283185307179586e+00, 3.534291735288517e+00, 3.534291735288517e+00, 1.436688285730072e-04, -1.156637184373704e-10, 6.423154192641375e-06, -6.626662536298027e-06
2771, 0.000000000000000e+00, 3.926990816987241e+00, 3.534291735288517e+00, 1.398747134711021e-04, -9.993403051278585e-11, 1.185290448549881e-05, -5.894578409352333e-06
2772, 3.926990816987241e-01, 3.926990816987241e+00, 3.534291735288517e+00, 1.392992326619053e-04, 2.261773593579283e-07, 1.176876472419787e-05, -5.661211601536780e-06
2773, 7.853981633974483e-01, 3.926990816987241e+00, 3.534291735288517e+00, 1.387243516512919e-04, 4.208310893720973e-10, 1.168477440230797e-05, -5.429159775404807e-06
2774, 1.178097245096172e+00, 3.926990816987241e+00, 3.534291735288517e+00, 1.392971175136959e-04, -2.254468602436770e-07, 1.176861691790784e-05, -5.661210291479455e-06
2775, 1.570796326794897e+00, 3.926990816987241e+00, 3.534291735288517e+00, 1.398715033914994e-04, 4.358205088154846e-10, 1.185265436452879e-05, -5.894576277447852e-06
2776, 1.963495408493621e+00, 3.926990816987241e+00, 3.534291735288517e+00, 1.392962367233210e-04, 2.262750451804551e-07, 1.176847255106079e-05, -5.661209356102122e-06
2777, 2.356194490192345e+00, 3.926990816987241e+00, 3.534291735288517e+00, 1.387224292970764e-04, 2.672712471940471e-10, 1.168449886589432e-05, -5.429157894301598e-06
2778, 2.748893571891069e+00, 3.926990816987241e+00, 3.534291735288517e+00, 1.392962106550714e-04, -2.257568258880681e-07, 1.176839054829422e-05, -5.661208910518492e-06
2779, 3.141592653589793e+00, 3.926990816987241e+00, 3.534291735288517e+00, 1.398712391433847e-04, 3.061272627380188e-11, 1.185249232801116e-05, -5.894575370885845e-06
2780, 3.534291735288517e+00, 3.926990816987241e+00, 3.534291735288517e+00, 1.392962395185544e-04, 2.258165215933506e-07, 1.176838099906216e-05, -5.661208883830148e-06
2781, 3.926990816987241e+00, 3.926990816987241e+00, 3.534291735288517e+00, 1.387224592125441e-04, -2.124079296748214e-10, 1.168447986373528e-05, -5.429157841334169e-06
2782, 4.319689898685965e+00, 3.926990816987241e+00, 3.534291735288517e+00, 1.392962145263188e-04, -2.262291614558578e-07, 1.176844448214719e-05, -5.661209265335229e-06
2783, 4.712388980384690e+00, 3.926990816987241e+00, 3.534291735288517e+00, 1.398713596360055e-04, -4.048600508222335e-10, 1.185261835941767e-05, -5.894576119821021e-06
2784, 5.105088062083414e+00, 3.926990816987241e+00, 3.534291735288517e+00, 1.392967910164485e-04, 2.254536047414521e-07, 1.176857568868655e-05, -5.661210041046471e-06
2785, 5.497787143782138e+00, 3.926990816987241e+00, 3.534291735288517e+00, 1.387238441368931e-04, -4.533551868114237e-10, 1.168473361180713e-05, -5.429159452453076e-06
2786, 5.890486225480862e+00, 3.926990816987241e+00, 3.534291735288517e+00, 1.392987152276385e-04, -2.262734291069547e-07, 1.176873504472818e-05, -5.661211316337832e-06
2787, 6.283185307179586e+00, 3.926990816987241e+00, 3.534291735288517e+00, 1.398747134711021e-04, -9.993403051278585e-11, 1.185290448549881e-05, -5.894578409352333e-06
2788, 0.000000000000000e+00, 4.319689898685965e+00, 3.534291735288517e+00, 1.251978355787401e-04, -7.526686236299313e-11, 1.497439300635212e-05, -3.720721923926201e-06
2789, 3.926990816987241e-01, 4.319689898685965e+00, 3.534291735288517e+00, 1.265367880143715e-04, -1.464833965010842e-07, 1.451362587061926e-05, -3.740623754799792e-06
2790, 7.853981633974483e-01, 4.319689898685965e+00, 3.534291735288517e+00, 1.278741474582061e-04, 3.267224651320907e-10, 1.405271421649540e-05, -3.759848314754613e-06
2791, 1.178097245096172e+00, 4.319689898685965e+00, 3.534291735288517e+00, 1.265351896686795e-04, 1.470528470888000e-07, 1.451342699275336e-05, -3.740627107644071e-06
2792, 1.570796326794897e+00, 4.319689898685965e+00, 3.534291735288517e+00, 1.251953921088570e-04, 3.491841505556171e-10, 1.497405654680719e-05, -3.720727530974316e-06
2793, 1.963495408493621e+00, 4.319689898685965e+00, 3.534291735288517e+00, 1.265344666546106e-04, -1.463911403292292e-07, 1.451323308062946e-05, -3.740630191454083e-06
2794, 2.356194490192345e+00, 4.319689898685965e+00, 3.534291735288517e+00, 1.278725980950845e-04, 2.188249643266486e-10, 1.405234394520854e-05, -3.759854210730369e-06
2795, 2.748893571891069e+00, 4.319689898685965e+00, 3.534291735288517e+00, 1.265343945266962e-04, 1.468133224547942e-07, 1.451312275548334e-05, -3.740631783004452e-06
2796, 3.141592653589793e+00, 4.319689898685965e+00, 3.534291735288517e+00, 1.251950987630365e-04, 2.497520980768088e-11, 1.497383863765594e-05, -3.720730765578124e-06
2797, 3.534291735288517e+00, 4.319689898685965e+00, 3.534291735288517e+00, 1.265344133971078e-04, -1.467648682690133e-07, 1.451310984537336e-05, -3.740631991929894e-06
2798, 3.926990816987241e+00, 4.319689898685965e+00, 3.534291735288517e+00, 1.278726154236918e-04, -1.750005333613301e-10, 1.405231827741965e-05, -3.759854638740202e-06
2799, 4.319689898685965e+00, 4.319689898685965e+00, 3.534291735288517e+00, 1.265344437194892e-04, 1.464267021964572e-07, 1.451319521119517e-05, -3.740630843751681e-06
2800, 4.712388980384690e+00, 4.319689898685965e+00, 3.534291735288517e+00, 1.251952789448043e-04, -3.266100443257180e-10, 1.497400802188193e-05, -3.720728386310119e-06
2801, 5.105088062083414e+00, 4.319689898685965e+00, 3.534291735288517e+00, 1.265349432230077e-04, -1.470500932993422e-07, 1.451337144494606e-05, -3.740628097930014e-06
2802, 5.497787143782138e+00, 4.319689898685965e+00, 3.534291735288517e+00, 1.278737710939299e-04, -3.543986150159777e-10, 1.405265921932133e-05, -3.759849298959436e-06
2803, 5.890486225480862e+00, 4.319689898685965e+00, 3.534291735288517e+00, 1.265364079923169e-04, 1.464083738076278e-07, 1.451358579791795e-05, -3.740624471192294e-06
2804, 6.283185307179586e+00, 4.319689898685965e+00, 3.534291735288517e+00, 1.251978355787401e-04, -7.526686236299313e-11, 1.497439300635212e-05, -3.720721923926201e-06
2805, 0.000000000000000e+00, 4.712388980384690e+00, 3.534291735288517e+00, 9.585730055590597e-05, -4.535515138307447e-11, 1.484391316942931e-05, 2.256452747656784e-07
2806, 3.926990816987241e-01, 4.712388980384690e+00, 3.534291735288517e+00, 1.014951728057130e-04, -1.046807584082153e-06, 1.409548257002079e-05, -6.000260633188043e-07
2807, 7.853981633974483e-01, 4.712388980384690e+00, 3.534291735288517e+00, 1.071228069537593e-04, 2.131969772291703e-10, 1.334484975847853e-05, -1.412635574904408e-06
2808, 1.178097245096172e+00, 4.712388980384690e+00, 3.534291735288517e+00, 1.014941815907366e-04, 1.047182701628976e-06, 1.409526329777476e-05, -6.000350389573641e-07
2809, 1.570796326794897e+00, 4.712388980384690e+00, 3.534291735288517e+00, 9.585575333720280e-05, 2.447317754474521e-10, 1.484354204267001e-05, 2.256303246569516e-07
2810, 1.963495408493621e+00, 4.712388980384690e+00, 3.534291735288517e+00, 1.014936274762752e-04, -1.046721780399019e-06, 1.409504931513606e-05, -6.000429908282094e-07
2811, 2.356194490192345e+00, 4.712388980384690e+00, 3.534291735288517e+00, 1.071216681062689e-04, 1.602075491641421e-10, 1.334444107849813e-05, -1.412650896195609e-06
2812, 2.748893571891069e+00, 4.712388980384690e+00, 3.534291735288517e+00, 1.014934868394347e-04, 1.047027866590532e-06, 1.409492699497605e-05, -6.000470966158847e-07
2813, 3.141592653589793e+00, 4.712388980384690e+00, 3.534291735288517e+00, 9.585539964030755e-05, 1.811813714832780e-11, 1.484330071727566e-05, 2.256220053749880e-07
2814, 3.534291735288517e+00, 4.712388980384690e+00, 3.534291735288517e+00, 1.014934923326668e-04, -1.046993070889531e-06, 1.409491259879905e-05, -6.000475994953530e-07
2815, 3.926990816987241e+00, 4.712388980384690e+00, 3.534291735288517e+00, 1.071216676461676e-04, -1.297523621062679e-10, 1.334441249087885e-05, -1.412651920976994e-06
2816, 4.319689898685965e+00, 4.712388980384690e+00, 3.534291735288517e+00, 1.014935998611295e-04, 1.046744899599874e-06, 1.409500722401377e-05, -6.000445574597689e-07
2817, 4.712388980384690e+00, 4.712388980384690e+00, 3.534291735288517e+00, 9.585567236039477e-05, -2.322268241349920e-10, 1.484348824478869e-05, 2.256282340179191e-07
2818, 5.105088062083414e+00, 4.712388980384690e+00, 3.534291735288517e+00, 1.014940267131818e-04, -1.047184742589863e-06, 1.409520184261561e-05, -6.000375323445438e-07
2819, 5.497787143782138e+00, 4.712388980384690e+00, 3.534291735288517e+00, 1.071225846714503e-04, -2.350653811483313e-10, 1.334478893694706e-05, -1.412638139495268e-06
2820, 5.890486225480862e+00, 4.712388980384690e+00, 3.534291735288517e+00, 1.014949564761724e-04, 1.046757967583393e-06, 1.409543817765258e-05, -6.000279932690110e-07
2821, 6.283185307179586e+00, 4.712388980384690e+00, 3.534291735288517e+00, 9.585730055590597e-05, -4.535515138307447e-11, 1.484391316942931e-05, 2.256452747656784e-07
2822, 0.000000000000000e+00, 5.105088062083414e+00, 3.534291735288517e+00, 5.704470768967973e-05, -1.477177253149268e-11, 1.140557513473756e-05, 4.920675210751569e-06
2823, 3.926990816987241e-01, 5.105088062083414e+00, 3.534291735288517e+00, 6.765711371265151e-05, -2.099478661735360e-06, 1.092291399697158e-05, 3.018156337359881e-06
2824, 7.853981633974483e-01, 5.105088062083414e+00, 3.534291735288517e+00, 7.825022517979860e-05, 9.801233155403100e-11, 1.043642355522469e-05, 1.151014352831327e-06
2825, 1.178097245096172e+00, 5.105088062083414e+00, 3.534291735288517e+00, 6.765672217133086e-05, 2.099656262229232e-06, 1.092270903024673e-05, 3.018141668359985e-06
2826, 1.570796326794897e+00, 5.105088062083414e+00, 3.534291735288517e+00, 5.704404302100772e-05, 1.382665278549547e-10, 1.140522733944789e-05, 4.920650752276447e-06
2827, 1.963495408493621e+00, 5.105088062083414e+00, 3.534291735288517e+00, 6.765632170748631e-05, -2.099399899625125e-06, 1.092250727104698e-05, 3.018128680981420e-06
2828, 2.356194490192345e+00, 5.105088062083414e+00, 3.534291735288517e+00, 7.824946940767091e-05, 1.000574623007604e-10, 1.043603862501871e-05, 1.150989298578639e-06
2829, 2.748893571891069e+00, 5.105088062083414e+00, 3.534291735288517e+00, 6.765610213347975e-05, 2.099587036065699e-06, 1.092239099835966e-05, 3.018121883139517e-06
2830, 3.141592653589793e+00, 5.105088062083414e+00, 3.534291735288517e+00, 5.704360925341693e-05, 1.103935883600809e-11, 1.140499834620301e-05, 4.920637036646910e-06
2831, 3.534291735288517e+00, 5.105088062083414e+00, 3.534291735288517e+00, 6.765609329834209e-05, -2.099566325044172e-06, 1.092237722083434e-05, 3.018121061305305e-06
2832, 3.926990816987241e+00, 5.105088062083414e+00, 3.534291735288517e+00, 7.824944940313270e-05, -8.333473556925446e-11, 1.043601129584598e-05, 1.150987630878399e-06
2833, 4.319689898685965e+00, 5.105088062083414e+00, 3.534291735288517e+00, 6.765628708025398e-05, 2.099410341089239e-06, 1.092246712786986e-05, 3.018126141454197e-06
2834, 4.712388980384690e+00, 5.105088062083414e+00, 3.534291735288517e+00, 5.704399160046224e-05, -1.358888507325257e-10, 1.140517624070394e-05, 4.920647368711396e-06
2835, 5.105088062083414e+00, 5.105088062083414e+00, 3.534291735288517e+00, 6.765665643272838e-05, -2.099663015584378e-06, 1.092265097521870e-05, 3.018137627425972e-06
2836, 5.497787143782138e+00, 5.105088062083414e+00, 3.534291735288517e+00, 7.825015576730794e-05, -1.139292436803931e-10, 1.043636635914802e-05, 1.151010178000783e-06
2837, 5.890486225480862e+00, 5.105088062083414e+00, 3.534291735288517e+00, 6.765706190330021e-05, 2.099454857117396e-06, 1.092287224295019e-05, 3.018153171382242e-06
2838, 6.283185307179586e+00, 5.105088062083414e+00, 3.534291735288517e+00, 5.704470768967973e-05, -1.477177253149268e-11, 1.140557513473756e-05, 4.920675210751569e-06
2839, 0.000000000000000e+00, 5.497787143782138e+00, 3.534291735288517e+00, 2.181237593854552e-05, 1.158146328239368e-11, 6.073513231708087e-06, 8.278722107258020e-06
2840, 3.926990816987241e-01, 5.497787143782138e+00, 3.534291735288517e+00, 3.437007066120171e-05, -2.520842620900399e-06, 6.566664383130597e-06, 5.840269220703723e-06
2841, 7.853981633974483e-01, 5.497787143782138e+00, 3.534291735288517e+00, 4.690977827926073e-05, -3.119950984064701e-13, 7.060489969010066e-06, 3.444024057301111e-06
2842, 1.178097245096172e+00, 5.497787143782138e+00, 3.534291735288517e+00, 3.437016821114214e-05, 2.520850778294564e-06, 6.566507110363615e-06, 5.840249759551793e-06
2843, 1.570796326794897e+00, 5.497787143782138e+00, 3.534291735288517e+00, 2.181243028323731e-05, 4.567827646090626e-11, 6.073244538349598e-06, 8.278689529936926e-06
2844, 1.963495408493621e+00, 5.497787143782138e+00, 3.534291735288517e+00, 3.436988434301765e-05, -2.520771793930855e-06, 6.566347532342039e-06, 5.840232251153176e-06
2845, 2.356194490192345e+00, 5.497787143782138e+00, 3.534291735288517e+00, 4.690931881977082e-05, 4.728491218006582e-11, 7.060186871253552e-06, 3.443990340745737e-06
2846, 2.748893571891069e+00, 5.497787143782138e+00, 3.534291735288517e+00, 3.436958984388625e-05, 2.520854742628887e-06, 6.566254646275040e-06, 5.840222919549714e-06
2847, 3.141592653589793e+00, 5.497787143782138e+00, 3.534291735288517e+00, 2.181191333847554e-05, 4.787874119248138e-12, 6.073061917231047e-06, 8.278670789604710e-06
2848, 3.534291735288517e+00, 5.497787143782138e+00, 3.534291735288517e+00, 3.436956831185658e-05, -2.520846463783938e-06, 6.566243553235256e-06, 5.840221793313817e-06
2849, 3.926990816987241e+00, 5.497787143782138e+00, 3.534291735288517e+00, 4.690928132491812e-05, -4.264923162317802e-11, 7.060164875512019e-06, 3.443988064002575e-06
2850, 4.319689898685965e+00, 5.497787143782138e+00, 3.534291735288517e+00, 3.436984266718679e-05, 2.520771183189648e-06, 6.566315273224455e-06, 5.840228802942562e-06
2851, 4.712388980384690e+00, 5.497787143782138e+00, 3.534291735288517e+00, 2.181240253275407e-05, -5.189800954928806e-11, 6.073203657457521e-06, 8.278684965601941e-06
2852, 5.105088062083414e+00, 5.497787143782138e+00, 3.534291735288517e+00, 3.437017587732267e-05, -2.520861169782410e-06, 6.566461122258833e-06, 5.840244347577329e-06
2853, 5.497787143782138e+00, 5.497787143782138e+00, 3.534291735288517e+00, 4.690983545860930e-05, -1.009153899959636e-11, 7.060445400524219e-06, 3.444018500674175e-06
2854, 5.890486225480862e+00, 5.497787143782138e+00, 3.534291735288517e+00, 3.437015634840180e-05, 2.520840951567975e-06, 6.566632338901904e-06, 5.840265012567438e-06
2855, 6.283185307179586e+00, 5.497787143782138e+00, 3.534291735288517e+00, 2.181237593854552e-05, 1.158146328239368e-11, 6.073513231708087e-06, 8.278722107258020e-06
2856, 0.000000000000000e+00, 5.890486225480862e+00, 3.534291735288517e+00, 2.479587654303416e-06, 2.911146406413418e-11, 1.094889227494717e-06, 8.924439413724978e-06
2857, 3.926990816987241e-01, 5.890486225480862e+00, 3.534291735288517e+00, 1.113940066596190e-05, -1.742073284907356e-06, 2.769057859736657e-06, 7.184526769620883e-06
2858, 7.853981633974483e-01, 5.890486225480862e+00, 3.534291735288517e+00, 1.978409901657085e-05, -6.594292545259681e-11, 4.449020195561177e-06, 5.460149568789212e-06
2859, 1.178097245096172e+00, 5.890486225480862e+00, 3.534291735288517e+00, 1.113978931562115e-05, 1.741967541727994e-06, 2.768973046407356e-06, 7.184504272675315e-06
2860, 1.570796326794897e+00, 5.890486225480862e+00, 3.534291735288517e+00, 2.480066454588291e-06, -1.940203404801380e-11, 1.094743907489880e-06, 8.924401543007608e-06
2861, 1.963495408493621e+00, 5.890486225480862e+00, 3.534291735288517e+00, 1.113957243343811e-05, -1.742012320168752e-06, 2.768879158731436e-06, 7.184483374317611e-06
2862, 2.356194490192345e+00, 5.890486225480862e+00, 3.534291735288517e+00, 1.978380903693707e-05, 9.952438475816881e-12, 4.448843671311889e-06, 5.460109501313492e-06
2863, 2.748893571891069e+00, 5.890486225480862e+00, 3.534291735288517e+00, 1.113921986198242e-05, 1.742021608205489e-06, 2.768824173111168e-06, 7.184472052357951e-06
2864, 3.141592653589793e+00, 5.890486225480862e+00, 3.534291735288517e+00, 2.479479752746772e-06, 3.308213011364040e-13, 1.094635832699023e-06, 8.924378890082032e-06
2865, 3.534291735288517e+00, 5.890486225480862e+00, 3.534291735288517e+00, 1.113918928281181e-05, -1.742022196996369e-06, 2.768817530967008e-06, 7.184470683714723e-06
2866, 3.926990816987241e+00, 5.890486225480862e+00, 3.534291735288517e+00, 1.978375904953486e-05, -1.394223147323647e-11, 4.448830490661102e-06, 5.460106743040919e-06
2867, 4.319689898685965e+00, 5.890486225480862e+00, 3.534291735288517e+00, 1.113952547630706e-05, 1.742003858393115e-06, 2.768859813600441e-06, 7.184479216727646e-06
2868, 4.712388980384690e+00, 5.890486225480862e+00, 3.534291735288517e+00, 2.480054288080337e-06, 7.273015661803830e-12, 1.094719423008183e-06, 8.924396076263373e-06
2869, 5.105088062083414e+00, 5.890486225480862e+00, 3.534291735288517e+00, 1.113984487178552e-05, -1.741979827745180e-06, 2.768945778993103e-06, 7.184497854608236e-06
2870, 5.497787143782138e+00, 5.890486225480862e+00, 3.534291735288517e+00, 1.978423586498900e-05, 6.049822532620757e-11, 4.448994801070755e-06, 5.460143075445455e-06
2871, 5.890486225480862e+00, 5.890486225480862e+00, 3.534291735288517e+00, 1.113956985395081e-05, 1.742086695844046e-06, 2.769041753109641e-06, 7.184521933762834e-06
2872, 6.283185307179586e+00, 5.890486225480862e+00, 3.534291735288517e+00, 2.479587654303416e-06, 2.911146406413418e-11, 1.094889227494717e-06, 8.924439413724978e-06
2873, 0.000000000000000e+00, 6.283185307179586e+00, 3.534291735288517e+00, 2.996059402735654e-06, 3.014644385348986e-11, -2.211998827843757e-06, 7.479431051507982e-06
2874, 3.926990816987241e-01, 6.283185307179586e+00, 3.534291735288517e+00, 3.006328984456070e-06, -6.694447000894817e-11, 1.359831745919359e-10, 7.481695655503332e-06
2875, 7.853981633974483e-01, 6.283185307179586e+00, 3.534291735288517e+00, 2.996477225930895e-06, -9.052439720514731e-11, 2.212262060756894e-06, 7.479417277917407e-06
2876, 1.178097245096172e+00, 6.283185307179586e+00, 3.534291735288517e+00, 3.006776952147137e-06, -7.539330041736285e-11, 1.261183793499331e-10, 7.481672172081824e-06
2877, 1.570796326794897e+00, 6.283185307179586e+00, 3.534291735288517e+00, 2.996601295703149e-06, -4.714774569429700e-11, -2.212009983983027e-06, 7.479391890510978e-06
2878, 1.963495408493621e+00, 6.283185307179586e+00, 3.534291735288517e+00, 3.006570900551925e-06, -2.166187588258269e-11, 1.146812298289169e-10, 7.481649560353775e-06
2879, 2.356194490192345e+00, 6.283185307179586e+00, 3.534291735288517e+00, 2.996215898889809e-06, -5.856901502328865e-12, 2.212240656425725e-06, 7.479374109952726e-06
2880, 2.748893571891069e+00, 6.283185307179586e+00, 3.534291735288517e+00, 3.006183084841387e-06, -3.194953232226726e-13, 1.081699362616638e-10, 7.481637202720632e-06
2881, 3.141592653589793e+00, 6.283185307179586e+00, 3.534291735288517e+00, 2.995964929809494e-06, -1.592460511254462e-12, -2.212022897257814e-06, 7.479367210659514e-06
2882, 3.534291735288517e+00, 6.283185307179586e+00, 3.534291735288517e+00, 3.006147812464784e-06, -4.103323228956238e-12, 1.073242931746764e-10, 7.481635705467970e-06
2883, 3.926990816987241e+00, 6.283185307179586e+00, 3.534291735288517e+00, 2.996159017679568e-06, -1.885251852368790e-12, 2.212238960456812e-06, 7.479371098898355e-06
2884, 4.319689898685965e+00, 6.283185307179586e+00, 3.534291735288517e+00, 3.006519609301181e-06, 9.743210567747994e-12, 1.121487463208444e-10, 7.481645035356499e-06
2885, 4.712388980384690e+00, 6.283185307179586e+00, 3.534291735288517e+00, 2.996593385126126e-06, 3.238466469389287e-11, -2.212013269063628e-06, 7.479385961718142e-06
2886, 5.105088062083414e+00, 6.283185307179586e+00, 3.534291735288517e+00, 3.006849476585876e-06, 6.253437385364409e-11, 1.223224590807622e-10, 7.481665250072598e-06
2887, 5.497787143782138e+00, 6.283185307179586e+00, 3.534291735288517e+00, 2.996638789243316e-06, 8.917448361617635e-11, 2.212258284979663e-06, 7.479410372963418e-06
2888, 5.890486225480862e+00, 6.283185307179586e+00, 3.534291735288517e+00, 3.006510436306263e-06, 9.141871716884165e-11, 1.332317932634289e-10, 7.481690716454194e-06
2889, 6.283185307179586e+00, 6.283185307179586e+00, 3.534291735288517e+00, 2.996059402735654e-06, 3.014644385348986e-11, -2.211998827843757e-06, 7.479431051507982e-06
2890, 0.000000000000000e+00, 0.000000000000000e+00, 3.926990816987241e+00, 1.646205007582920e-05, 3.501569114383955e-11, -1.134834996068203e-04, 1.829765300096855e-05
2891, 3.926990816987241e-01, 0.000000000000000e+00, 3.926990816987241e+00, 1.616207646689903e-05, -7.902282711970649e-11, 1.441578343437498e-10, 1.843480630864900e-05
2892, 7.853981633974483e-01, 0.000000000000000e+00, 3.926990816987241e+00, 1.646256511727865e-05, -1.094695834088291e-10, 1.134837782874045e-04, 1.829762578859498e-05
2893, 1.178097245096172e+00, 0.000000000000000e+00, 3.926990816987241e+00, 1.616266172521990e-05, -9.496591945618140e-11, 1.339359122407777e-10, 1.843476021687561e-05
2894, 1.570796326794897e+00, 0.000000000000000e+00, 3.926990816987241e+00, 1.646279739263698e-05, -6.411299594966918e-11, -1.134835106266017e-04, 1.829757637951521e-05
2895, 1.963495408493621e+00, 0.000000000000000e+00, 3.926990816987241e+00, 1.616251794912887e-05, -3.478514056275371e-11, 1.218838303748491e-10, 1.843471654305990e-05
2896, 2.356194490192345e+00, 0.000000000000000e+00, 3.926990816987241e+00, 1.646243779462420e-05, -1.489766397169424e-11, 1.134837557692034e-04, 1.829754219583159e-05
2897, 2.748893571891069e+00, 0.000000000000000e+00, 3.926990816987241e+00, 1.616213592527550e-05, -5.354651489550780e-12, 1.149857155333729e-10, 1.843469281007710e-05
2898, 3.141592653589793e+00, 0.000000000000000e+00, 3.926990816987241e+00, 1.646218624989509e-05, -2.706285178997069e-12, -1.134835242952608e-04, 1.829752890713420e-05
2899, 3.534291735288517e+00, 0.000000000000000e+00, 3.926990816987241e+00, 1.616210135458370e-05, -1.311263217514892e-12, 1.140888833991922e-10, 1.843468984754987e-05
2900, 3.926990816987241e+00, 0.000000000000000e+00, 3.926990816987241e+00, 1.646238378957173e-05, 4.883209942699890e-12, 1.134837539752912e-04, 1.829753625043559e-05
2901, 4.319689898685965e+00, 0.000000000000000e+00, 3.926990816987241e+00, 1.616247466092122e-05, 2.062613877836650e-11, 1.192115273854227e-10, 1.843470762722509e-05
2902, 4.712388980384690e+00, 0.000000000000000e+00, 3.926990816987241e+00, 1.646280661425263e-05, 4.739536379851243e-11, -1.134835140863212e-04, 1.829756470161601e-05
2903, 5.105088062083414e+00, 0.000000000000000e+00, 3.926990816987241e+00, 1.616276378936248e-05, 8.106856320780212e-11, 1.299426361789345e-10, 1.843474654559956e-05
2904, 5.497787143782138e+00, 0.000000000000000e+00, 3.926990816987241e+00, 1.646276687311084e-05, 1.091982882900314e-10, 1.134837743125279e-04, 1.829761207940775e-05
2905, 5.890486225480862e+00, 0.000000000000000e+00, 3.926990816987241e+00, 1.616229471726942e-05, 1.084065306903018e-10, 1.412554805106891e-10, 1.843479644631305e-05
2906, 6.283185307179586e+00, 0.000000000000000e+00, 3.926990816987241e+00, 1.646205007582920e-05, 3.501569114383955e-11, -1.134834996068203e-04, 1.829765300096855e-05
2907, 0.000000000000000e+00, 3.926990816987241e-01, 3.926990816987241e+00, 3.303711406178370e-05, 3.818404138794523e-11, -1.016115039938998e-04, 1.679690922542337e-05
2908, 3.926990816987241e-01, 3.926990816987241e-01, 3.926990816987241e+00, 2.402880776336435e-05, -1.559805280776183e-05, -4.823515319887838e-06, 1.698251031393986e-05
2909, 7.853981633974483e-01, 3.926990816987241e-01, 3.926990816987241e+00, 1.456113178602137e-05, -9.466589977279060e-11, 9.213338756449351e-05, 1.738527733989379e-05
2910, 1.178097245096172e+00, 3.926990816987241e-01, 3.926990816987241e+00, 2.402931115261066e-05, 1.559789981557905e-05, -4.823446084246987e-06, 1.698246562880861e-05
2911, 1.570796326794897e+00, 3.926990816987241e-01, 3.926990816987241e+00, 3.303772838238712e-05, -4.621978642208541e-11, -1.016113902946308e-04, 1.679683447242136e-05
2912, 1.963495408493621e+00, 3.926990816987241e-01, 3.926990816987241e+00, 2.402909183069302e-05, -1.559799599678236e-05, -4.823367212705012e-06, 1.698242433566121e-05
2913, 2.356194490192345e+00, 3.926990816987241e-01, 3.926990816987241e+00, 1.456086060164422e-05, -4.535115500555070e-12, 9.213353545458426e-05, 1.738519806780537e-05
2914, 2.748893571891069e+00, 3.926990816987241e-01, 3.926990816987241e+00, 2.402868587652632e-05, 1.559797626184156e-05, -4.823320641826693e-06, 1.698240204876290e-05
2915, 3.141592653589793e+00, 3.926990816987241e-01, 3.926990816987241e+00, 3.303706060074632e-05, -1.480781996702182e-12, -1.016112989450076e-04, 1.679678982402191e-05
2916, 3.534291735288517e+00, 3.926990816987241e-01, 3.926990816987241e+00, 2.402864878978790e-05, -1.559798049885990e-05, -4.823315073085140e-06, 1.698239926647068e-05
2917, 3.926990816987241e+00, 3.926990816987241e-01, 3.926990816987241e+00, 1.456080045162445e-05, -3.143277858712899e-12, 9.213354647528095e-05, 1.738519247906390e-05
2918, 4.319689898685965e+00, 3.926990816987241e-01, 3.926990816987241e+00, 2.402903678732486e-05, 1.559798392157846e-05, -4.823351115245986e-06, 1.698241593939196e-05
2919, 4.712388980384690e+00, 3.926990816987241e-01, 3.926990816987241e+00, 3.303771828053398e-05, 3.096211234264211e-11, -1.016113700734423e-04, 1.679682344014669e-05
2920, 5.105088062083414e+00, 3.926990816987241e-01, 3.926990816987241e+00, 2.402938705379339e-05, -1.559791381867489e-05, -4.823423852639005e-06, 1.698245263081729e-05
2921, 5.497787143782138e+00, 3.926990816987241e-01, 3.926990816987241e+00, 1.456130973407478e-05, 9.058469990590682e-11, 9.213340772357423e-05, 1.738526409447278e-05
2922, 5.890486225480862e+00, 3.926990816987241e-01, 3.926990816987241e+00, 2.402902420925020e-05, 1.559807338091234e-05, -4.823503365016743e-06, 1.698250036740117e-05
2923, 6.283185307179586e+00, 3.926990816987241e-01, 3.926990816987241e+00, 3.303711406178370e-05, 3.818404138794523e-11, -1.016115039938998e-04, 1.679690922542337e-05
2924, 0.000000000000000e+00, 7.853981633974483e-01, 3.926990816987241e+00, 5.948217139537155e-05, 2.269660520243575e-11, -7.027567147683101e-05, 1.228567857362871e-05
2925, 3.926990816987241e-01, 7.853981633974483e-01, 3.926990816987241e+00, 4.753037337302450e-05, -1.982839425599721e-05, -1.097904172320778e-05, 1.217760956640565e-05
2926, 7.853981633974483e-01, 7.853981633974483e-01, 3.926990816987241e+00, 3.393534952764627e-05, -3.606222934008387e-11, 4.836598854651025e-05, 1.278683193426977e-05
2927, 1.178097245096172e+00, 7.853981633974483e-01, 3.926990816987241e+00, 4.753056613943062e-05, 1.982834159738582e-05, -1.097889437680938e-05, 1.217757066059335e-05
2928, 1.570796326794897e+00, 7.853981633974483e-01, 3.926990816987241e+00, 5.948233123135197e-05, 1.327073004402458e-11, -7.027542074627434e-05, 1.228561366353576e-05
2929, 1.963495408493621e+00, 7.853981633974483e-01, 3.926990816987241e+00, 4.753020789485072e-05, -1.982832489904656e-05, -1.097874176865529e-05, 1.217753610413431e-05
2930, 2.356194490192345e+00, 7.853981633974483e-01, 3.926990816987241e+00, 3.393478220095963e-05, 2.976773536219855e-11, 4.836627773980548e-05, 1.278676525173535e-05
2931, 2.748893571891069e+00, 7.853981633974483e-01, 3.926990816987241e+00, 4.752980211125600e-05, 1.982837276625719e-05, -1.097865252244346e-05, 1.217751783931494e-05
2932, 3.141592653589793e+00, 7.853981633974483e-01, 3.926990816987241e+00, 5.948162649875097e-05, 2.593530050732448e-12, -7.027524545248076e-05, 1.228557689479831e-05
2933, 3.534291735288517e+00, 7.853981633974483e-01, 3.926990816987241e+00, 4.752976670665368e-05, -1.982836891140247e-05, -1.097864188809400e-05, 1.217751556145211e-05
2934, 3.926990816987241e+00, 7.853981633974483e-01, 3.926990816987241e+00, 3.393472087300713e-05, -2.961603995181375e-11, 4.836629880232035e-05, 1.278676065818767e-05
2935, 4.319689898685965e+00, 7.853981633974483e-01, 3.926990816987241e+00, 4.753014032897488e-05, 1.982831988142728e-05, -1.097871093431415e-05, 1.217752915850876e-05
2936, 4.712388980384690e+00, 7.853981633974483e-01, 3.926990816987241e+00, 5.948228693037875e-05, -2.333788327932899e-11, -7.027538176827136e-05, 1.228560445086686e-05
2937, 5.105088062083414e+00, 7.853981633974483e-01, 3.926990816987241e+00, 4.753057895294573e-05, -1.982835417887752e-05, -1.097885067257137e-05, 1.217755965803341e-05
2938, 5.497787143782138e+00, 7.853981633974483e-01, 3.926990816987241e+00, 3.393543999977677e-05, 2.720503710793649e-11, 4.836603073931905e-05, 1.278682051325661e-05
2939, 5.890486225480862e+00, 7.853981633974483e-01, 3.926990816987241e+00, 4.753050643568251e-05, 1.982840145616556e-05, -1.097901146035926e-05, 1.217760081860144e-05
2940, 6.283185307179586e+00, 7.853981633974483e-01, 3.926990816987241e+00, 5.948217139537155e-05, 2.269660520243575e-11, -7.027567147683101e-05, 1.228567857362871e-05
2941, 0.000000000000000e+00, 1.178097245096172e+00, 3.926990816987241e+00, 9.057900632515524e-05, -3.226881985956950e-12, -4.142595228260178e-05, 4.692332619604769e-06
2942, 3.926990816987241e-01, 1.178097245096172e+00, 3.926990816987241e+00, 8.087230178597291e-05, -1.336584092828643e-05, -1.679441811200816e-05, 4.488010411512294e-06
2943, 7.853981633974483e-01, 1.178097245096172e+00, 3.926990816987241e+00, 6.992138581544185e-05, 5.935552730910572e-11, 7.742107372924784e-06, 4.770133523027244e-06
2944, 1.178097245096172e+00, 1.178097245096172e+00, 3.926990816987241e+00, 8.087198030117955e-05, 1.336595260987517e-05, -1.679421381013380e-05, 4.487981231926528e-06
2945, 1.570796326794897e+00, 1.178097245096172e+00, 3.926990816987241e+00, 9.057840253355617e-05, 1.043848675047248e-10, -4.142560524845506e-05, 4.692284192906217e-06
2946, 1.963495408493621e+00, 1.178097245096172e+00, 3.926990816987241e+00, 8.087144991516902e-05, -1.336576167044089e-05, -1.679401102171596e-05, 4.487956252941146e-06
2947, 2.356194490192345e+00, 1.178097245096172e+00, 3.926990816987241e+00, 6.992042292863087e-05, 8.186935123699173e-11, 7.742493836546076e-06, 4.770085114611682e-06
2948, 2.748893571891069e+00, 1.178097245096172e+00, 3.926990816987241e+00, 8.087107842486754e-05, 1.336591233619541e-05, -1.679389382636351e-05, 4.487943499429934e-06
2949, 3.141592653589793e+00, 1.178097245096172e+00, 3.926990816987241e+00, 9.057770463332333e-05, 8.761088340903977e-12, -4.142537456562881e-05, 4.692258292311938e-06
2950, 3.534291735288517e+00, 1.178097245096172e+00, 3.926990816987241e+00, 8.087105045896373e-05, -1.336589622559547e-05, -1.679387992964434e-05, 4.487941910185097e-06
2951, 3.926990816987241e+00, 1.178097245096172e+00, 3.926990816987241e+00, 6.992036914366612e-05, -6.982605224563493e-11, 7.742521392965960e-06, 4.770081882633192e-06
2952, 4.319689898685965e+00, 1.178097245096172e+00, 3.926990816987241e+00, 8.087137590941797e-05, 1.336576749649189e-05, -1.679397055840792e-05, 4.487951305317420e-06
2953, 4.712388980384690e+00, 1.178097245096172e+00, 3.926990816987241e+00, 9.057831926294265e-05, -1.060485752623591e-10, -4.142555374785455e-05, 4.692277533507283e-06
2954, 5.105088062083414e+00, 1.178097245096172e+00, 3.926990816987241e+00, 8.087190483305490e-05, -1.336596166805475e-05, -1.679415528146991e-05, 4.487973157489209e-06
2955, 5.497787143782138e+00, 1.178097245096172e+00, 3.926990816987241e+00, 6.992133767832660e-05, -7.363380275557728e-11, 7.742165083365001e-06, 4.770125033211820e-06
2956, 5.890486225480862e+00, 1.178097245096172e+00, 3.926990816987241e+00, 8.087229036011912e-05, 1.336582644131994e-05, -1.679437592006128e-05, 4.488003866292076e-06
2957, 6.283185307179586e+00, 1.178097245096172e+00, 3.926990816987241e+00, 9.057900632515524e-05, -3.226881985956950e-12, -4.142595228260178e-05, 4.692332619604769e-06
2958, 0.000000000000000e+00, 1.570796326794897e+00, 3.926990816987241e+00, 1.156016541088099e-04, -3.484760461889185e-11, -2.532630599536820e-05, -3.302398537118607e-06
2959, 3.926990816987241e-01, 1.570796326794897e+00, 3.926990816987241e+00, 1.105209824745767e-04, -5.303183101737176e-06, -1.942583566085514e-05, -3.487795688648583e-06
2960, 7.853981633974483e-01, 1.570796326794897e+00, 3.926990816987241e+00, 1.050431449761140e-04, 1.768326921879338e-10, -1.360053829916437e-05, -3.546357374312974e-06
2961, 1.178097245096172e+00, 1.570796326794897e+00, 3.926990816987241e+00, 1.105200282318043e-04, 5.303496401036009e-06, -1.942560736189416e-05, -3.487812808837514e-06
2962, 1.570796326794897e+00, 1.570796326794897e+00, 3.926990816987241e+00, 1.156001142957324e-04, 2.133617810022625e-10, -2.532591952217512e-05, -3.302426765425556e-06
2963, 1.963495408493621e+00, 1.570796326794897e+00, 3.926990816987241e+00, 1.105193153878770e-04, -5.303096194474311e-06, -1.942538462421474e-05, -3.487826868707092e-06
2964, 2.356194490192345e+00, 1.570796326794897e+00, 3.926990816987241e+00, 1.050417433347544e-04, 1.435284256259963e-10, -1.360011288975127e-05, -3.546384706949013e-06
2965, 2.748893571891069e+00, 1.570796326794897e+00, 3.926990816987241e+00, 1.105190077411282e-04, 5.303368761887627e-06, -1.942525725722533e-05, -3.487833591174365e-06
2966, 3.141592653589793e+00, 1.570796326794897e+00, 3.926990816987241e+00, 1.155994659860663e-04, 1.602902885381337e-11, -2.532566824857137e-05, -3.302440670604745e-06
2967, 3.534291735288517e+00, 1.570796326794897e+00, 3.926990816987241e+00, 1.105189921312465e-04, -5.303338191604692e-06, -1.942524222517952e-05, -3.487834432996215e-06
2968, 3.926990816987241e+00, 1.570796326794897e+00, 3.926990816987241e+00, 1.050417051137650e-04, -1.173847233681048e-10, -1.360008303084936e-05, -3.546386453725624e-06
2969, 4.319689898685965e+00, 1.570796326794897e+00, 3.926990816987241e+00, 1.105192422892789e-04, 5.303115057668873e-06, -1.942534063011790e-05, -3.487829612740730e-06
2970, 4.712388980384690e+00, 1.570796326794897e+00, 3.926990816987241e+00, 1.155999930246463e-04, -2.045655277278760e-10, -2.532586321887412e-05, -3.302430550503828e-06
2971, 5.105088062083414e+00, 1.570796326794897e+00, 3.926990816987241e+00, 1.105198527319393e-04, -5.303500517024764e-06, -1.942554292464488e-05, -3.487817483873875e-06
2972, 5.497787143782138e+00, 1.570796326794897e+00, 3.926990816987241e+00, 1.050429313792679e-04, -1.971295132253616e-10, -1.360047438814375e-05, -3.546362343347207e-06
2973, 5.890486225480862e+00, 1.570796326794897e+00, 3.926990816987241e+00, 1.105207956225680e-04, 5.303142054406505e-06, -1.942578891617834e-05, -3.487799534328810e-06
2974, 6.283185307179586e+00, 1.570796326794897e+00, 3.926990816987241e+00, 1.156016541088099e-04, -3.484760461889185e-11, -2.532630599536820e-05, -3.302398537118607e-06
2975, 0.000000000000000e+00, 1.963495408493621e+00, 3.926990816987241e+00, 1.265651783029843e-04, -6.699973362557172e-11, -1.823812721825866e-05, -8.998527108474760e-06
2976, 3.926990816987241e-01, 1.963495408493621e+00, 3.926990816987241e+00, 1.253796198493317e-04, -1.340276134543628e-06, -1.787031782408028e-05, -9.139999424648677e-06
2977, 7.853981633974483e-01, 1.963495408493621e+00, 3.926990816987241e+00, 1.241753371805846e-04, 2.974409698405574e-10, -1.751844293448267e-05, -9.283148978217386e-06
2978, 1.178097245096172e+00, 1.963495408493621e+00, 3.926990816987241e+00, 1.253780241778393e-04, 1.340795873732454e-06, -1.787010207511205e-05, -9.140004227812247e-06
2979, 1.570796326794897e+00, 1.963495408493621e+00, 3.926990816987241e+00, 1.265626945962808e-04, 3.239583522295787e-10, -1.823776252239510e-05, -8.998534848280400e-06
2980, 1.963495408493621e+00, 1.963495408493621e+00, 3.926990816987241e+00, 1.253771431464091e-04, -1.340182977719431e-06, -1.786989282306607e-05, -9.140007544876527e-06
2981, 2.356194490192345e+00, 1.963495408493621e+00, 3.926990816987241e+00, 1.241735189420403e-04, 2.055240164947291e-10, -1.751804309934491e-05, -9.283155479545529e-06
2982, 2.748893571891069e+00, 1.963495408493621e+00, 3.926990816987241e+00, 1.253769164146386e-04, 1.340578367772949e-06, -1.786977408078333e-05, -9.140008534111669e-06
2983, 3.141592653589793e+00, 1.963495408493621e+00, 3.926990816987241e+00, 1.265621257117247e-04, 2.330742039087813e-11, -1.823752783570881e-05, -8.998537257649011e-06
2984, 3.534291735288517e+00, 1.963495408493621e+00, 3.926990816987241e+00, 1.253769158145262e-04, -1.340533292573600e-06, -1.786976011890786e-05, -9.140008672482648e-06
2985, 3.926990816987241e+00, 1.963495408493621e+00, 3.926990816987241e+00, 1.241735011250574e-04, -1.651554523576989e-10, -1.751801531749622e-05, -9.283155819521142e-06
2986, 4.319689898685965e+00, 1.963495408493621e+00, 3.926990816987241e+00, 1.253770769565543e-04, 1.340215136591816e-06, -1.786985177235419e-05, -9.140008177279704e-06
2987, 4.712388980384690e+00, 1.963495408493621e+00, 3.926990816987241e+00, 1.265625409146620e-04, -3.043158807646752e-10, -1.823770980327521e-05, -8.998535833843089e-06
2988, 5.105088062083414e+00, 1.963495408493621e+00, 3.926990816987241e+00, 1.253777521788453e-04, -1.340794707013966e-06, -1.787004156002753e-05, -9.140005534760522e-06
2989, 5.497787143782138e+00, 1.963495408493621e+00, 3.926990816987241e+00, 1.241749589909286e-04, -3.237934336506458e-10, -1.751838284845206e-05, -9.283150417643612e-06
2990, 5.890486225480862e+00, 1.963495408493621e+00, 3.926990816987241e+00, 1.253792570142068e-04, 1.340207931955109e-06, -1.787027393190892e-05, -9.140000558266133e-06
2991, 6.283185307179586e+00, 1.963495408493621e+00, 3.926990816987241e+00, 1.265651783029843e-04, -6.699973362557172e-11, -1.823812721825866e-05, -8.998527108474760e-06
2992, 0.000000000000000e+00, 2.356194490192345e+00, 3.926990816987241e+00, 1.247094746471829e-04, -9.474326129400940e-11, -1.310445112766294e-05, -1.174909387486043e-05
2993, 3.926990816987241e-01, 2.356194490192345e+00, 3.926990816987241e+00, 1.251857109541362e-04, -4.737564958860675e-07, -1.315742785296329e-05, -1.180837239170034e-05
2994, 7.853981633974483e-01, 2.356194490192345e+00, 3.926990816987241e+00, 1.256929903298097e-04, 4.021045602421987e-10, -1.320657411294259e-05, -1.187789614337509e-05
2995, 1.178097245096172e+00, 2.356194490192345e+00, 3.926990816987241e+00, 1.251835710101294e-04, 4.744551856408809e-07, -1.315725826789382e-05, -1.180836661425099e-05
2996, 1.570796326794897e+00, 2.356194490192345e+00, 3.926990816987241e+00, 1.247061940410720e-04, 4.195489934805133e-10, -1.310416459795828e-05, -1.174908406564145e-05
2997, 1.963495408493621e+00, 2.356194490192345e+00, 3.926990816987241e+00, 1.251825607856051e-04, -4.736584151393207e-07, -1.315709412685128e-05, -1.180836084704221e-05
2998, 2.356194490192345e+00, 2.356194490192345e+00, 3.926990816987241e+00, 1.256908418446812e-04, 2.587466662888039e-10, -1.320626050136248e-05, -1.187788500856875e-05
2999, 2.748893571891069e+00, 2.356194490192345e+00, 3.926990816987241e+00, 1.251824170752166e-04, 4.741594236294245e-07, -1.315700145581334e-05, -1.180835710610838e-05
3000, 3.141592653589793e+00, 2.356194490192345e+00, 3.926990816987241e+00, 1.247057178827515e-04, 2.953775202517499e-11, -1.310398120015901e-05, -1.174907693037214e-05
3001, 3.534291735288517e+00, 2.356194490192345e+00, 3.926990816987241e+00, 1.251824313445098e-04, -4.741019115892894e-07, -1.315699058201545e-05, -1.180835666929761e-05
3002, 3.926990816987241e+00, 2.356194490192345e+00, 3.926990816987241e+00, 1.256908452087437e-04, -2.061232908757209e-10, -1.320623883352810e-05, -1.187788419122392e-05
3003, 4.319689898685965e+00, 2.356194490192345e+00, 3.926990816987241e+00, 1.251825052621260e-04, 4.737021063126024e-07, -1.315706204604394e-05, -1.180835972557894e-05
3004, 4.712388980384690e+00, 2.356194490192345e+00, 3.926990816987241e+00, 1.247060175082298e-04, -3.904375091862012e-10, -1.310412331729581e-05, -1.174908270047841e-05
3005, 5.105088062083414e+00, 2.356194490192345e+00, 3.926990816987241e+00, 1.251832205725570e-04, -4.744493842780228e-07, -1.315721082586329e-05, -1.180836506789462e-05
3006, 5.497787143782138e+00, 2.356194490192345e+00, 3.926990816987241e+00, 1.256924741732644e-04, -4.337062795319346e-10, -1.320652700396548e-05, -1.187789457981378e-05
3007, 5.890486225480862e+00, 2.356194490192345e+00, 3.926990816987241e+00, 1.251851989907416e-04, 4.736647883722150e-07, -1.315739346360698e-05, -1.180837121767124e-05
3008, 6.283185307179586e+00, 2.356194490192345e+00, 3.926990816987241e+00, 1.247094746471829e-04, -9.474326129400940e-11, -1.310445112766294e-05, -1.174909387486043e-05
3009, 0.000000000000000e+00, 2.748893571891069e+00, 3.926990816987241e+00, 1.179895005802856e-04, -1.139388830411666e-10, -7.007110367946408e-06, -1.250320217732584e-05
3010, 3.926990816987241e-01, 2.748893571891069e+00, 3.926990816987241e+00, 1.184892116077041e-04, -2.634707288213799e-07, -6.846484898167492e-06, -1.250272220306744e-05
3011, 7.853981633974483e-01, 2.748893571891069e+00, 3.926990816987241e+00, 1.189992536929651e-04, 4.746670947529098e-10, -6.682976124149493e-06, -1.250467664675802e-05
3012, 1.178097245096172e+00, 2.748893571891069e+00, 3.926990816987241e+00, 1.184867098269912e-04, 2.642934275399394e-07, -6.846387346239365e-06, -1.250270919028621e-05
3013, 1.570796326794897e+00, 2.748893571891069e+00, 3.926990816987241e+00, 1.179856945265968e-04, 4.856815448571628e-10, -7.006945613188792e-06, -1.250318038415730e-05
3014, 1.963495408493621e+00, 2.748893571891069e+00, 3.926990816987241e+00, 1.184856292772632e-04, -2.633694517275051e-07, -6.846293159587782e-06, -1.250269726494749e-05
3015, 2.356194490192345e+00, 2.748893571891069e+00, 3.926990816987241e+00, 1.189969123762490e-04, 2.953871341997506e-10, -6.682796164931710e-06, -1.250465355333291e-05
3016, 2.748893571891069e+00, 2.748893571891069e+00, 3.926990816987241e+00, 1.184855565985200e-04, 2.639432660821964e-07, -6.846240216614935e-06, -1.250269037345289e-05
3017, 3.141592653589793e+00, 2.748893571891069e+00, 3.926990816987241e+00, 1.179853080870060e-04, 3.382348875178292e-11, -7.006840714625625e-06, -1.250316686143021e-05
3018, 3.534291735288517e+00, 2.748893571891069e+00, 3.926990816987241e+00, 1.184855829485844e-04, -2.638771874126548e-07, -6.846233997562875e-06, -1.250268955592049e-05
3019, 3.926990816987241e+00, 2.748893571891069e+00, 3.926990816987241e+00, 1.189969337902180e-04, -2.342928171753786e-10, -6.682783758216605e-06, -1.250465196606552e-05
3020, 4.319689898685965e+00, 2.748893571891069e+00, 3.926990816987241e+00, 1.184855857533937e-04, 2.634211475315220e-07, -6.846274762320918e-06, -1.250269496813907e-05
3021, 4.712388980384690e+00, 2.748893571891069e+00, 3.926990816987241e+00, 1.179855074951007e-04, -4.499785846095421e-10, -7.006921905660510e-06, -1.250317743174677e-05
3022, 5.105088062083414e+00, 2.748893571891069e+00, 3.926990816987241e+00, 1.184863104896246e-04, -2.642843956948558e-07, -6.846360072986500e-06, -1.250270570646804e-05
3023, 5.497787143782138e+00, 2.748893571891069e+00, 3.926990816987241e+00, 1.189986467688982e-04, -5.099049185760985e-10, -6.682949028854372e-06, -1.250467303813585e-05
3024, 5.890486225480862e+00, 2.748893571891069e+00, 3.926990816987241e+00, 1.184885994873395e-04, 2.633627445730201e-07, -6.846465113693961e-06, -1.250271945584157e-05
3025, 6.283185307179586e+00, 2.748893571891069e+00, 3.926990816987241e+00, 1.179895005802856e-04, -1.139388830411666e-10, -7.007110367946408e-06, -1.250320217732584e-05
3026, 0.000000000000000e+00, 3.141592653589793e+00, 3.926990816987241e+00, 1.149174980205418e-04, -1.217658351807101e-10, -2.079379495016676e-07, -1.254652250979790e-05
3027, 3.926990816987241e-01, 3.141592653589793e+00, 3.926990816987241e+00, 1.149159926610621e-04, 3.236545760726659e-10, -1.000665614783650e-10, -1.254655841469791e-05
3028, 7.853981633974483e-01, 3.141592653589793e+00, 3.926990816987241e+00, 1.149154875842992e-04, 5.041188259866004e-10, 2.077409318897153e-07, -1.254651241341210e-05
3029, 1.178097245096172e+00, 3.141592653589793e+00, 3.926990816987241e+00, 1.149133662404836e-04, 5.493335343954746e-10, -8.923463240694331e-11, -1.254654256880949e-05
3030, 1.570796326794897e+00, 3.141592653589793e+00, 3.926990816987241e+00, 1.149135175468978e-04, 5.123485032429358e-10, -2.079197894387925e-07, -1.254649603692976e-05
3031, 1.963495408493621e+00, 3.141592653589793e+00, 3.926990816987241e+00, 1.149122852315708e-04, 4.259633790560553e-10, -7.922999664659393e-11, -1.254652827878911e-05
3032, 2.356194490192345e+00, 3.141592653589793e+00, 3.926990816987241e+00, 1.149131203983849e-04, 3.100550856787803e-10, 2.077601314572133e-07, -1.254648471926661e-05
3033, 2.748893571891069e+00, 3.141592653589793e+00, 3.926990816987241e+00, 1.149122602636360e-04, 1.770536763931584e-10, -7.383182269357821e-11, -1.254652020729161e-05
3034, 3.141592653589793e+00, 3.141592653589793e+00, 3.926990816987241e+00, 1.149132034725898e-04, 3.554966430941065e-11, -2.079089736036569e-07, -1.254648010584415e-05
3035, 3.534291735288517e+00, 3.141592653589793e+00, 3.926990816987241e+00, 1.149122938484467e-04, -1.075191598644027e-10, -7.316153342796154e-11, -1.254651924730217e-05
3036, 3.926990816987241e+00, 3.141592653589793e+00, 3.926990816987241e+00, 1.149131536028546e-04, -2.455294106319366e-10, 2.077614784516713e-07, -1.254648284216639e-05
3037, 4.319689898685965e+00, 3.141592653589793e+00, 3.926990816987241e+00, 1.149122527630479e-04, -3.710078836386522e-10, -7.721119459758505e-11, -1.254652553536621e-05
3038, 4.712388980384690e+00, 3.141592653589793e+00, 3.926990816987241e+00, 1.149133335108559e-04, -4.739457017201748e-10, -2.079171552875689e-07, -1.254649247475689e-05
3039, 5.105088062083414e+00, 3.141592653589793e+00, 3.926990816987241e+00, 1.149129544777935e-04, -5.389615158275487e-10, -8.616470531519992e-11, -1.254653833295723e-05
3040, 5.497787143782138e+00, 3.141592653589793e+00, 3.926990816987241e+00, 1.149148502306527e-04, -5.408118330036639e-10, 2.077440204185076e-07, -1.254650800430741e-05
3041, 5.890486225480862e+00, 3.141592653589793e+00, 3.926990816987241e+00, 1.149153438671028e-04, -4.382533721900678e-10, -9.778538411439363e-11, -1.254655504781649e-05
3042, 6.283185307179586e+00, 3.141592653589793e+00, 3.926990816987241e+00, 1.149174980205418e-04, -1.217658351807101e-10, -2.079379495016676e-07, -1.254652250979790e-05
3043, 0.000000000000000e+00, 3.534291735288517e+00, 3.926990816987241e+00, 1.190009460198359e-04, -1.170899912533941e-10, 6.682845468099747e-06, -1.250469441160548e-05
3044, 3.926990816987241e-01, 3.534291735288517e+00, 3.926990816987241e+00, 1.184889950968334e-04, 2.640859260618795e-07, 6.846297596888556e-06, -1.250273154005507e-05
3045, 7.853981633974483e-01, 3.534291735288517e+00, 3.926990816987241e+00, 1.179873774328416e-04, 4.860413812427208e-10, 7.006872198541005e-06, -1.250320284352027e-05
3046, 1.178097245096172e+00, 3.534291735288517e+00, 3.926990816987241e+00, 1.184864996276748e-04, -2.632439126820713e-07, 6.846220121136448e-06, -1.250271767114093e-05
3047, 1.570796326794897e+00, 3.534291735288517e+00, 3.926990816987241e+00, 1.189971679487823e-04, 4.955279852125398e-10, 6.682714366159193e-06, -1.250467123535144e-05
3048, 1.963495408493621e+00, 3.534291735288517e+00, 3.926990816987241e+00, 1.184854882001155e-04, 2.641869338286035e-07, 6.846144471576035e-06, -1.250270514575162e-05
3049, 2.356194490192345e+00, 3.534291735288517e+00, 3.926990816987241e+00, 1.179851551978956e-04, 3.005996048119100e-10, 7.006727827953659e-06, -1.250317855428237e-05
3050, 2.748893571891069e+00, 3.534291735288517e+00, 3.926990816987241e+00, 1.184854802289444e-04, -2.636026330211806e-07, 6.846101566494639e-06, -1.250269801022097e-05
3051, 3.141592653589793e+00, 3.534291735288517e+00, 3.926990816987241e+00, 1.189968977163723e-04, 3.447060672896765e-11, 6.682629559585702e-06, -1.250465718487996e-05
3052, 3.534291735288517e+00, 3.534291735288517e+00, 3.926990816987241e+00, 1.184855150106725e-04, 2.636700163027123e-07, 6.846096598635301e-06, -1.250269716183637e-05
3053, 3.926990816987241e+00, 3.534291735288517e+00, 3.926990816987241e+00, 1.179851919781564e-04, -2.381855131476979e-10, 7.006717934983309e-06, -1.250317690164914e-05
3054, 4.319689898685965e+00, 3.534291735288517e+00, 3.926990816987241e+00, 1.184854639578708e-04, -2.641339509644702e-07, 6.846129840451461e-06, -1.250270274130119e-05
3055, 4.712388980384690e+00, 3.534291735288517e+00, 3.926990816987241e+00, 1.189969997121864e-04, -4.587215223045515e-10, 6.682695570867497e-06, -1.250466812337538e-05
3056, 5.105088062083414e+00, 3.534291735288517e+00, 3.926990816987241e+00, 1.184861135081851e-04, 2.632535400170055e-07, 6.846198570814540e-06, -1.250271397360189e-05
3057, 5.497787143782138e+00, 3.534291735288517e+00, 3.926990816987241e+00, 1.179867742274061e-04, -5.217853707856274e-10, 7.006850859283097e-06, -1.250319899074632e-05
3058, 5.890486225480862e+00, 3.534291735288517e+00, 3.926990816987241e+00, 1.184883783035058e-04, -2.641965052934771e-07, 6.846282063014574e-06, -1.250272859322672e-05
3059, 6.283185307179586e+00, 3.534291735288517e+00, 3.926990816987241e+00, 1.190009460198359e-04, -1.170899912533941e-10, 6.682845468099747e-06, -1.250469441160548e-05
3060, 0.000000000000000e+00, 3.926990816987241e+00, 3.926990816987241e+00, 1.256942291859990e-04, -1.006133692040505e-10, 1.320652560018104e-05, -1.187791778721394e-05
3061, 3.926990816987241e-01, 3.926990816987241e+00, 3.926990816987241e+00, 1.251853330261165e-04, 4.742801421501468e-07, 1.315727763494369e-05, -1.180839013198817e-05
3062, 7.853981633974483e-01, 3.926990816987241e+00, 3.926990816987241e+00, 1.247074838731457e-04, 4.231733538209024e-10, 1.310420366658780e-05, -1.174910726351333e-05
3063, 1.178097245096172e+00, 3.926990816987241e+00, 3.926990816987241e+00, 1.251832043736958e-04, -4.735456718064039e-07, 1.315712354205113e-05, -1.180838277003040e-05
3064, 1.570796326794897e+00, 3.926990816987241e+00, 3.926990816987241e+00, 1.256909997753049e-04, 4.377914496972807e-10, 1.320626504460757e-05, -1.187790541596868e-05
3065, 1.963495408493621e+00, 3.926990816987241e+00, 3.926990816987241e+00, 1.251823218573998e-04, 4.743777390762245e-07, 1.315697373892501e-05, -1.180837588902238e-05
3066, 2.356194490192345e+00, 3.926990816987241e+00, 3.926990816987241e+00, 1.247055552319307e-04, 2.684456976315925e-10, 1.310391760617351e-05, -1.174909390448403e-05
3067, 2.748893571891069e+00, 3.926990816987241e+00, 3.926990816987241e+00, 1.251822975267066e-04, -4.738572414980120e-07, 1.315688894797881e-05, -1.180837167671513e-05
3068, 3.141592653589793e+00, 3.926990816987241e+00, 3.926990816987241e+00, 1.256907380673179e-04, 3.074558077102230e-11, 1.320609735744211e-05, -1.187789727450255e-05
3069, 3.534291735288517e+00, 3.926990816987241e+00, 3.926990816987241e+00, 1.251823272970753e-04, 4.739171879108623e-07, 1.315687906821953e-05, -1.180837117914632e-05
3070, 3.926990816987241e+00, 3.926990816987241e+00, 3.926990816987241e+00, 1.247055868407236e-04, -2.133613850546533e-10, 1.310389793363125e-05, -1.174909296022505e-05
3071, 4.319689898685965e+00, 3.926990816987241e+00, 3.926990816987241e+00, 1.251823017570320e-04, -4.743316500809410e-07, 1.315694464368656e-05, -1.180837456239648e-05
3072, 4.712388980384690e+00, 3.926990816987241e+00, 3.926990816987241e+00, 1.256908577196896e-04, -4.066259721349838e-10, 1.320622765285878e-05, -1.187790375150513e-05
3073, 5.105088062083414e+00, 3.926990816987241e+00, 3.926990816987241e+00, 1.251828780629900e-04, 4.735525796661650e-07, 1.315708062543079e-05, -1.180838082647187e-05
3074, 5.497787143782138e+00, 3.926990816987241e+00, 3.926990816987241e+00, 1.247069742562256e-04, -4.557209017502385e-10, 1.310416110487093e-05, -1.174910524741586e-05
3075, 5.890486225480862e+00, 3.926990816987241e+00, 3.926990816987241e+00, 1.251848121372334e-04, -4.743766853896364e-07, 1.315724660109132e-05, -1.180838858744932e-05
3076, 6.283185307179586e+00, 3.926990816987241e+00, 3.926990816987241e+00, 1.256942291859990e-04, -1.006133692040505e-10, 1.320652560018104e-05, -1.187791778721394e-05
3077, 0.000000000000000e+00, 4.319689898685965e+00, 3.926990816987241e+00, 1.241760747927083e-04, -7.477896824957797e-11, 1.751848142569969e-05, -9.283170527597042e-06
3078, 3.926990816987241e-01, 4.319689898685965e+00, 3.926990816987241e+00, 1.253791795409147e-04, 1.340662518979326e-06, 1.787022493939034e-05, -9.140023795253739e-06
3079, 7.853981633974483e-01, 4.319689898685965e+00, 3.926990816987241e+00, 1.265635651208564e-04, 3.250322136262728e-10, 1.823790537259030e-05, -8.998553718601280e-06
3080, 1.178097245096172e+00, 4.319689898685965e+00, 3.926990816987241e+00, 1.253775983027656e-04, -1.340095885868358e-06, 1.787001761800186e-05, -9.140026526819770e-06
3081, 1.570796326794897e+00, 4.319689898685965e+00, 3.926990816987241e+00, 1.241736574420771e-04, 3.479173504316251e-10, 1.751813095257510e-05, -9.283174906578101e-06
3082, 1.963495408493621e+00, 4.319689898685965e+00, 3.926990816987241e+00, 1.253768839448890e-04, 1.340755141106185e-06, 1.786981641397359e-05, -9.140028363962257e-06
3083, 2.356194490192345e+00, 4.319689898685965e+00, 3.926990816987241e+00, 1.265620335994938e-04, 2.183662603600453e-10, 1.823752096958059e-05, -8.998557261159476e-06
3084, 2.748893571891069e+00, 4.319689898685965e+00, 3.926990816987241e+00, 1.253768125330954e-04, -1.340334000987647e-06, 1.786970231224530e-05, -9.140028679697754e-06
3085, 3.141592653589793e+00, 4.319689898685965e+00, 3.926990816987241e+00, 1.241733677139528e-04, 2.491361033385199e-11, 1.751790541079135e-05, -9.283175909912605e-06
3086, 3.534291735288517e+00, 4.319689898685965e+00, 3.926990816987241e+00, 1.253768319830088e-04, 1.340382311911139e-06, 1.786968895057268e-05, -9.140028729104547e-06
3087, 3.926990816987241e+00, 4.319689898685965e+00, 3.926990816987241e+00, 1.265620522995472e-04, -1.747307175214084e-10, 1.823749438939389e-05, -8.998557419118787e-06
3088, 4.319689898685965e+00, 4.319689898685965e+00, 3.926990816987241e+00, 1.253768635002938e-04, -1.340719803841591e-06, 1.786977715485748e-05, -9.140028710544014e-06
3089, 4.712388980384690e+00, 4.319689898685965e+00, 3.926990816987241e+00, 1.241735481466640e-04, -3.255562323665768e-10, 1.751808055865342e-05, -9.283175486409008e-06
3090, 5.105088062083414e+00, 4.319689898685965e+00, 3.926990816987241e+00, 1.253773570578576e-04, 1.340098512987779e-06, 1.786995980043033e-05, -9.140027304649961e-06
3091, 5.497787143782138e+00, 4.319689898685965e+00, 3.926990816987241e+00, 1.265631946397618e-04, -3.526451516720352e-10, 1.823784799030085e-05, -8.998554559072384e-06
3092, 5.890486225480862e+00, 4.319689898685965e+00, 3.926990816987241e+00, 1.253788043346906e-04, -1.340737135332194e-06, 1.787018303780076e-05, -9.140024437960331e-06
3093, 6.283185307179586e+00, 4.319689898685965e+00, 3.926990816987241e+00, 1.241760747927083e-04, -7.477896824957797e-11, 1.751848142569969e-05, -9.283170527597042e-06
3094, 0.000000000000000e+00, 4.712388980384690e+00, 3.926990816987241e+00, 1.050434226982503e-04, -4.344821625230753e-11, 1.360065774814095e-05, -3.546375137842140e-06
3095, 3.926990816987241e-01, 4.712388980384690e+00, 3.926990816987241e+00, 1.105206004133980e-04, 5.303407432303094e-06, 1.942581442097650e-05, -3.487824182466956e-06
3096, 7.853981633974483e-01, 4.712388980384690e+00, 3.926990816987241e+00, 1.156006180854286e-04, 2.066475885402245e-10, 2.532614393366884e-05, -3.302437143731770e-06
3097, 1.178097245096172e+00, 4.712388980384690e+00, 3.926990816987241e+00, 1.105196628684399e-04, -5.303043324819494e-06, 1.942558584363154e-05, -3.487839076595090e-06
3098, 1.570796326794897e+00, 4.712388980384690e+00, 3.926990816987241e+00, 1.050419558312937e-04, 2.395483322645201e-10, 1.360027114189761e-05, -3.546399719513241e-06
3099, 1.963495408493621e+00, 4.712388980384690e+00, 3.926990816987241e+00, 1.105191295310587e-04, 5.303494128498325e-06, 1.942536375204966e-05, -3.487851457184397e-06
3100, 2.356194490192345e+00, 4.712388980384690e+00, 3.926990816987241e+00, 1.155995254855919e-04, 1.577356114805446e-10, 2.532571953883113e-05, -3.302461137040134e-06
3101, 2.748893571891069e+00, 4.712388980384690e+00, 3.926990816987241e+00, 1.105189883721481e-04, -5.303193156366390e-06, 1.942523712921188e-05, -3.487857333796425e-06
3102, 3.141592653589793e+00, 4.712388980384690e+00, 3.926990816987241e+00, 1.050416069291701e-04, 1.781434550748931e-11, 1.360002117567183e-05, -3.546411907248693e-06
3103, 3.534291735288517e+00, 4.712388980384690e+00, 3.926990816987241e+00, 1.105189940760391e-04, 5.303227320630906e-06, 1.942522221241327e-05, -3.487858061433911e-06
3104, 3.926990816987241e+00, 4.712388980384690e+00, 3.926990816987241e+00, 1.155995260459371e-04, -1.279699505992614e-10, 2.532568990558040e-05, -3.302462655581766e-06
3105, 4.319689898685965e+00, 4.712388980384690e+00, 3.926990816987241e+00, 1.105191049019461e-04, -5.303471749306981e-06, 1.942532008368126e-05, -3.487853855228123e-06
3106, 4.712388980384690e+00, 4.712388980384690e+00, 3.926990816987241e+00, 1.050418813144128e-04, -2.277508967422436e-10, 1.360021524722885e-05, -3.546403031167984e-06
3107, 5.105088062083414e+00, 4.712388980384690e+00, 3.926990816987241e+00, 1.105195191746339e-04, 5.303040814313647e-06, 1.942552186647820e-05, -3.487843150423187e-06
3108, 5.497787143782138e+00, 4.712388980384690e+00, 3.926990816987241e+00, 1.156004112719077e-04, -2.283505619822370e-10, 2.532608047166519e-05, -3.302441440279691e-06
3109, 5.890486225480862e+00, 4.712388980384690e+00, 3.926990816987241e+00, 1.105203988997724e-04, -5.303455582872544e-06, 1.942576799794806e-05, -3.487827477357372e-06
3110, 6.283185307179586e+00, 4.712388980384690e+00, 3.926990816987241e+00, 1.050434226982503e-04, -4.344821625230753e-11, 1.360065774814095e-05, -3.546375137842140e-06
3111, 0.000000000000000e+00, 5.105088062083414e+00, 3.926990816987241e+00, 6.992131733950385e-05, -1.141181520276209e-11, -7.741922423437144e-06, 4.770122690579033e-06
3112, 3.926990816987241e-01, 5.105088062083414e+00, 3.926990816987241e+00, 8.087208650679909e-05, 1.336590401161530e-05, 1.679447584869307e-05, 4.487981049865101e-06
3113, 7.853981633974483e-01, 5.105088062083414e+00, 3.926990816987241e+00, 9.057865036435441e-05, 8.655512723066633e-11, 4.142588028628610e-05, 4.692285281740559e-06
3114, 1.178097245096172e+00, 5.105088062083414e+00, 3.926990816987241e+00, 8.087178513455891e-05, -1.336574574679197e-05, 1.679426225328031e-05, 4.487953861427904e-06
3115, 1.570796326794897e+00, 5.105088062083414e+00, 3.926990816987241e+00, 6.992078739793565e-05, 1.290363337040927e-10, -7.742284705283678e-06, 4.770077590805079e-06
3116, 1.963495408493621e+00, 5.105088062083414e+00, 3.926990816987241e+00, 8.087141787862230e-05, 1.336598409178182e-05, 1.679405269400048e-05, 4.487930607366087e-06
3117, 2.356194490192345e+00, 5.105088062083414e+00, 3.926990816987241e+00, 9.057796978803895e-05, 9.543288725878510e-11, 4.142548030949564e-05, 4.692240234877143e-06
3118, 2.748893571891069e+00, 5.105088062083414e+00, 3.926990816987241e+00, 8.087119715657013e-05, -1.336580638655612e-05, 1.679393211355218e-05, 4.487918821192415e-06
3119, 3.141592653589793e+00, 5.105088062083414e+00, 3.926990816987241e+00, 6.992036061115907e-05, 1.047356375648319e-11, -7.742522268884559e-06, 4.770053605957426e-06
3120, 3.534291735288517e+00, 5.105088062083414e+00, 3.926990816987241e+00, 8.087118827477712e-05, 1.336582594128936e-05, 1.679391780780678e-05, 4.487917364298852e-06
3121, 3.926990816987241e+00, 5.105088062083414e+00, 3.926990816987241e+00, 9.057795065797293e-05, -7.992730052521915e-11, 4.142545192675304e-05, 4.692237261923102e-06
3122, 4.319689898685965e+00, 5.105088062083414e+00, 3.926990816987241e+00, 8.087138698515486e-05, -1.336597491497908e-05, 1.679401098157661e-05, 4.487926039193259e-06
3123, 4.712388980384690e+00, 5.105088062083414e+00, 3.926990816987241e+00, 6.992074525230303e-05, -1.278482634610394e-10, -7.742337850735147e-06, 4.770071430293564e-06
3124, 5.105088062083414e+00, 5.105088062083414e+00, 3.926990816987241e+00, 8.087173669846762e-05, 1.336573820436977e-05, 1.679420179191371e-05, 4.487946399659370e-06
3125, 5.497787143782138e+00, 5.105088062083414e+00, 3.926990816987241e+00, 9.057860609663742e-05, -1.021918246532965e-10, 4.142582061505904e-05, 4.692277464628778e-06
3126, 5.890486225480862e+00, 5.105088062083414e+00, 3.926990816987241e+00, 8.087205966862851e-05, -1.336592528077406e-05, 1.679443219409639e-05, 4.487975053287174e-06
3127, 6.283185307179586e+00, 5.105088062083414e+00, 3.926990816987241e+00, 6.992131733950385e-05, -1.141181520276209e-11, -7.741922423437144e-06, 4.770122690579033e-06
3128, 0.000000000000000e+00, 5.497787143782138e+00, 3.926990816987241e+00, 3.393508303825000e-05, 1.617729359886579e-11, -4.836575988202043e-05, 1.278683069855615e-05
3129, 3.926990816987241e-01, 5.497787143782138e+00, 3.926990816987241e+00, 4.753037565624092e-05, 1.982832427633011e-05, 1.097917875919815e-05, 1.217758356225109e-05
3130, 7.853981633974483e-01, 5.497787143782138e+00, 3.926990816987241e+00, 5.948244421361694e-05, -1.587352969736587e-11, 7.027571405747131e-05, 1.228562827545279e-05
3131, 1.178097245096172e+00, 5.497787143782138e+00, 3.926990816987241e+00, 4.753059286283274e-05, -1.982834253246799e-05, 1.097901509064313e-05, 1.217754605726744e-05
3132, 1.570796326794897e+00, 5.497787143782138e+00, 3.926990816987241e+00, 3.393531678426789e-05, 3.281535720446509e-11, -4.836603956857985e-05, 1.278676814325811e-05
3133, 1.963495408493621e+00, 5.497787143782138e+00, 3.926990816987241e+00, 4.753035392912001e-05, 1.982839648457716e-05, 1.097884906067520e-05, 1.217751310053848e-05
3134, 2.356194490192345e+00, 5.497787143782138e+00, 3.926990816987241e+00, 5.948208605093470e-05, 4.063845673507927e-11, 7.027539871041944e-05, 1.228556460077906e-05
3135, 2.748893571891069e+00, 5.497787143782138e+00, 3.926990816987241e+00, 4.753005922588120e-05, -1.982832698188003e-05, 1.097875243107028e-05, 1.217749580754371e-05
3136, 3.141592653589793e+00, 5.497787143782138e+00, 3.926990816987241e+00, 3.393481126613076e-05, 3.973331268663281e-12, -4.836622956440524e-05, 1.278673327066176e-05
3137, 3.534291735288517e+00, 5.497787143782138e+00, 3.926990816987241e+00, 4.753003765510503e-05, 1.982833360891690e-05, 1.097874087324277e-05, 1.217749366299944e-05
3138, 3.926990816987241e+00, 5.497787143782138e+00, 3.926990816987241e+00, 5.948204973619704e-05, -3.770782115313697e-11, 7.027537579363704e-05, 1.228556026436879e-05
3139, 4.319689898685965e+00, 5.497787143782138e+00, 3.926990816987241e+00, 4.753031718337200e-05, -1.982839882295926e-05, 1.097881544658735e-05, 1.217750652224399e-05
3140, 4.712388980384690e+00, 5.497787143782138e+00, 3.926990816987241e+00, 3.393530123419296e-05, -4.061295718562522e-11, -4.836608217715026e-05, 1.278675939732931e-05
3141, 5.105088062083414e+00, 5.497787143782138e+00, 3.926990816987241e+00, 4.753062329855713e-05, 1.982833114231396e-05, 1.097896714879210e-05, 1.217753560785369e-05
3142, 5.497787143782138e+00, 5.497787143782138e+00, 3.926990816987241e+00, 5.948253462320631e-05, 5.904275860500652e-12, 7.027566758801976e-05, 1.228561744608506e-05
3143, 5.890486225480862e+00, 5.497787143782138e+00, 3.926990816987241e+00, 4.753049468529896e-05, -1.982832251046761e-05, 1.097914532161317e-05, 1.217757529122865e-05
3144, 6.283185307179586e+00, 5.497787143782138e+00, 3.926990816987241e+00, 3.393508303825000e-05, 1.617729359886579e-11, -4.836575988202043e-05, 1.278683069855615e-05
3145, 0.000000000000000e+00, 5.890486225480862e+00, 3.926990816987241e+00, 1.456077900804719e-05, 3.446456862699377e-11, -9.213313696219971e-05, 1.738528843850358e-05
3146, 3.926990816987241e-01, 5.890486225480862e+00, 3.926990816987241e+00, 2.402895773080034e-05, 1.559790270629180e-05, 4.823727165675123e-06, 1.698249330839007e-05
3147, 7.853981633974483e-01, 5.890486225480862e+00, 3.926990816987241e+00, 3.303775155470790e-05, -8.407131688784507e-11, 1.016116768957387e-04, 1.679686467506826e-05
3148, 1.178097245096172e+00, 5.890486225480862e+00, 3.926990816987241e+00, 2.402948224536208e-05, -1.559803940808363e-05, 4.823639293621070e-06, 1.698244929621774e-05
3149, 1.570796326794897e+00, 5.890486225480862e+00, 3.926990816987241e+00, 1.456146253935896e-05, -3.499360978114164e-11, -9.213328763585562e-05, 1.738521456310666e-05
3150, 1.963495408493621e+00, 5.890486225480862e+00, 3.926990816987241e+00, 2.402932067647080e-05, 1.559796445683765e-05, 4.823541221685261e-06, 1.698240915145267e-05
3151, 2.356194490192345e+00, 5.890486225480862e+00, 3.926990816987241e+00, 3.303758355558049e-05, 1.724621025019005e-12, 1.016114926742387e-04, 1.679678749375856e-05
3152, 2.748893571891069e+00, 5.890486225480862e+00, 3.926990816987241e+00, 2.402897075051168e-05, -1.559797173173984e-05, 4.823483704604096e-06, 1.698238758778356e-05
3153, 3.141592653589793e+00, 5.890486225480862e+00, 3.926990816987241e+00, 1.456089436813860e-05, -6.801926782257472e-13, -9.213340066436394e-05, 1.738517131898715e-05
3154, 3.534291735288517e+00, 5.890486225480862e+00, 3.926990816987241e+00, 2.402894045510570e-05, 1.559796910174624e-05, 4.823476744254923e-06, 1.698238490399821e-05
3155, 3.926990816987241e+00, 5.890486225480862e+00, 3.926990816987241e+00, 3.303753556625851e-05, -7.796218158427550e-12, 1.016114788673022e-04, 1.679678209374900e-05
3156, 4.319689898685965e+00, 5.890486225480862e+00, 3.926990816987241e+00, 2.402928029842613e-05, -1.559797498958951e-05, 4.823520964448563e-06, 1.698240102174706e-05
3157, 4.712388980384690e+00, 5.890486225480862e+00, 3.926990816987241e+00, 1.456146545157957e-05, 2.103255305445522e-11, -9.213331326384854e-05, 1.738520386223897e-05
3158, 5.105088062083414e+00, 5.890486225480862e+00, 3.926990816987241e+00, 2.402956483479778e-05, 1.559802606951404e-05, 4.823610784309338e-06, 1.698243667829829e-05
3159, 5.497787143782138e+00, 5.890486225480862e+00, 3.926990816987241e+00, 3.303792673702507e-05, 7.932337701808543e-11, 1.016116504362456e-04, 1.679685182251543e-05
3160, 5.890486225480862e+00, 5.890486225480862e+00, 3.926990816987241e+00, 2.402916466353348e-05, -1.559788526756412e-05, 4.823710560890965e-06, 1.698248367041841e-05
3161, 6.283185307179586e+00, 5.890486225480862e+00, 3.926990816987241e+00, 1.456077900804719e-05, 3.446456862699377e-11, -9.213313696219971e-05, 1.738528843850358e-05
3162, 0.000000000000000e+00, 6.283185307179586e+00, 3.926990816987241e+00, 1.646205007582920e-05, 3.501569114383955e-11, -1.134834996068203e-04, 1.829765300096855e-05
3163, 3.926990816987241e-01, 6.283185307179586e+00, 3.926990816987241e+00, 1.616207646689903e-05, -7.902282711970649e-11, 1.441578343437498e-10, 1.843480630864900e-05
3164, 7.853981633974483e-01, 6.283185307179586e+00, 3.926990816987241e+00, 1.646256511727865e-05, -1.094695834088291e-10, 1.134837782874045e-04, 1.829762578859498e-05
3165, 1.178097245096172e+00, 6.283185307179586e+00, 3.926990816987241e+00, 1.616266172521990e-05, -9.496591945618140e-11, 1.339359122407777e-10, 1.843476021687561e-05
3166, 1.570796326794897e+00, 6.283185307179586e+00, 3.926990816987241e+00, 1.646279739263698e-05, -6.411299594966918e-11, -1.134835106266017e-04, 1.829757637951521e-05
3167, 1.963495408493621e+00, 6.283185307179586e+00, 3.926990816987241e+00, 1.616251794912887e-05, -3.478514056275371e-11, 1.218838303748491e-10, 1.843471654305990e-05
3168, 2.356194490192345e+00, 6.283185307179586e+00, 3.926990816987241e+00, 1.646243779462420e-05, -1.489766397169424e-11, 1.134837557692034e-04, 1.829754219583159e-05
3169, 2.748893571891069e+00, 6.283185307179586e+00, 3.926990816987241e+00, 1.616213592527550e-05, -5.354651489550780e-12, 1.149857155333729e-10, 1.843469281007710e-05
3170, 3.141592653589793e+00, 6.283185307179586e+00, 3.926990816987241e+00, 1.646218624989509e-05, -2.706285178997069e-12, -1.134835242952608e-04, 1.829752890713420e-05
3171, 3.534291735288517e+00, 6.283185307179586e+00, 3.926990816987241e+00, 1.616210135458370e-05, -1.311263217514892e-12, 1.140888833991922e-10, 1.843468984754987e-05
3172, 3.926990816987241e+00, 6.283185307179586e+00, 3.926990816987241e+00, 1.646238378957173e-05, 4.883209942699890e-12, 1.134837539752912e-04, 1.829753625043559e-05
3173, 4.319689898685965e+00, 6.283185307179586e+00, 3.926990816987241e+00, 1.616247466092122e-05, 2.062613877836650e-11, 1.192115273854227e-10, 1.843470762722509e-05
3174, 4.712388980384690e+00, 6.283185307179586e+00, 3.926990816987241e+00, 1.646280661425263e-05, 4.739536379851243e-11, -1.134835140863212e-04, 1.829756470161601e-05
3175, 5.105088062083414e+00, 6.283185307179586e+00, 3.926990816987241e+00, 1.616276378936248e-05, 8.106856320780212e-11, 1.299426361789345e-10, 1.843474654559956e-05
3176, 5.497787143782138e+00, 6.283185307179586e+00, 3.926990816987241e+00, 1.646276687311084e-05, 1.091982882900314e-10, 1.134837743125279e-04, 1.829761207940775e-05
3177, 5.890486225480862e+00, 6.283185307179586e+00, 3.926990816987241e+00, 1.616229471726942e-05, 1.084065306903018e-10, 1.412554805106891e-10, 1.843479644631305e-05
3178, 6.283185307179586e+00, 6.283185307179586e+00, 3.926990816987241e+00, 1.646205007582920e-05, 3.501569114383955e-11, -1.134834996068203e-04, 1.829765300096855e-05
3179, 0.000000000000000e+00, 0.000000000000000e+00, 4.319689898685965e+00, 1.096103737914165e-05, 4.269702487447125e-11, -2.155272754003810e-03, 3.728022068992282e-05
3180, 3.926990816987241e-01, 0.000000000000000e+00, 4.319689898685965e+00, 9.464242895261206e-06, -9.792581107027217e-11, 1.575824115485302e-10, 3.782055723903417e-05
3181, 7.853981633974483e-01, 0.000000000000000e+00, 4.319689898685965e+00, 1.096169977204373e-05, -1.388633968995184e-10, 2.155273058032750e-03, 3.728018387877961e-05
3182, 1.178097245096172e+00, 0.000000000000000e+00, 4.319689898685965e+00, 9.465030823819481e-06, -1.250979012968005e-10, 1.467206036563888e-10, 3.782049547467078e-05
3183, 1.570796326794897e+00, 0.000000000000000e+00, 4.319689898685965e+00, 1.096208410045980e-05, -9.017851269677919e-11, -2.155272764805773e-03, 3.728011813017606e-05
3184, 1.963495408493621e+00, 0.000000000000000e+00, 4.319689898685965e+00, 9.464967026999549e-06, -5.501541221359758e-11, 1.338172152751265e-10, 3.782043722619693e-05
3185, 2.356194490192345e+00, 0.000000000000000e+00, 4.319689898685965e+00, 1.096175033443561e-05, -2.888099401719771e-11, 2.155273033883389e-03, 3.728007214415414e-05
3186, 2.748893571891069e+00, 0.000000000000000e+00, 4.319689898685965e+00, 9.464583041474763e-06, -1.316087454840798e-11, 1.262874242634600e-10, 3.782040513977264e-05
3187, 3.141592653589793e+00, 0.000000000000000e+00, 4.319689898685965e+00, 1.096149111484858e-05, -4.473019838887147e-12, -2.155272779675972e-03, 3.728005417442719e-05
3188, 3.534291735288517e+00, 0.000000000000000e+00, 4.319689898685965e+00, 9.464548414796263e-06, 2.953756474661464e-12, 1.253079921744654e-10, 3.782040103811347e-05
3189, 3.926990816987241e+00, 0.000000000000000e+00, 4.319689898685965e+00, 1.096169856001368e-05, 1.532169096484434e-11, 2.155273031930297e-03, 3.728006396204139e-05
3190, 4.319689898685965e+00, 0.000000000000000e+00, 4.319689898685965e+00, 9.464932984998654e-06, 3.740106121727777e-11, 1.309129961581793e-10, 3.782042505870095e-05
3191, 4.712388980384690e+00, 0.000000000000000e+00, 4.319689898685965e+00, 1.096211614410462e-05, 7.044889063909122e-11, -2.155272768538918e-03, 3.728010231600463e-05
3192, 5.105088062083414e+00, 0.000000000000000e+00, 4.319689898685965e+00, 9.465175045354859e-06, 1.095598893482882e-10, 1.424539513637210e-10, 3.782047702995112e-05
3193, 5.497787143782138e+00, 0.000000000000000e+00, 4.319689898685965e+00, 1.096196122420904e-05, 1.402071136651855e-10, 2.155273053794417e-03, 3.728016534460068e-05
3194, 5.890486225480862e+00, 0.000000000000000e+00, 4.319689898685965e+00, 9.464517149642414e-06, 1.349669333059554e-10, 1.544804602312916e-10, 3.782054383286949e-05
3195, 6.283185307179586e+00, 0.000000000000000e+00, 4.319689898685965e+00, 1.096103737914165e-05, 4.269702487447125e-11, -2.155272754003810e-03, 3.728022068992282e-05
3196, 0.000000000000000e+00, 3.926990816987241e-01, 4.319689898685965e+00, -2.430135249200865e-05, 4.689806512556904e-11, -1.858940847961638e-03, 4.787560718183087e-05
3197, 3.926990816987241e-01, 3.926990816987241e-01, 4.319689898685965e+00, 2.436618291518920e-05, -3.640058080577121e-04, -1.182619726464804e-05, 3.230356119139138e-05
3198, 7.853981633974483e-01, 3.926990816987241e-01, 4.319689898685965e+00, 7.139064776749468e-05, -1.231737598537940e-10, 1.836274798975465e-03, 1.740693185767950e-05
3199, 1.178097245096172e+00, 3.926990816987241e-01, 4.319689898685965e+00, 2.436688568584494e-05, 3.640056067161710e-04, -1.182612382707732e-05, 3.230350146154936e-05
3200, 1.570796326794897e+00, 3.926990816987241e-01, 4.319689898685965e+00, -2.430044553337796e-05, -7.075027118387400e-11, -1.858940727704701e-03, 4.787550732186711e-05
3201, 1.963495408493621e+00, 3.926990816987241e-01, 4.319689898685965e+00, 2.436673674170779e-05, -3.640057504564918e-04, -1.182603886563715e-05, 3.230344667997527e-05
3202, 2.356194490192345e+00, 3.926990816987241e-01, 4.319689898685965e+00, 7.139053769275083e-05, -1.762927756108980e-11, 1.836274958027325e-03, 1.740682639653244e-05
3203, 2.748893571891069e+00, 3.926990816987241e-01, 4.319689898685965e+00, 2.436632445940960e-05, 3.640057044491358e-04, -1.182598858999448e-05, 3.230341668687713e-05
3204, 3.141592653589793e+00, 3.926990816987241e-01, 4.319689898685965e+00, -2.430110439077262e-05, -3.134068915181202e-12, -1.858940629142882e-03, 4.787544746810467e-05
3205, 3.534291735288517e+00, 3.926990816987241e-01, 4.319689898685965e+00, 2.436628680269514e-05, -3.640057120054565e-04, -1.182598254950723e-05, 3.230341285225456e-05
3206, 3.926990816987241e+00, 3.926990816987241e-01, 4.319689898685965e+00, 7.139047867871408e-05, 6.616381127213236e-12, 1.836274969974404e-03, 1.740681873641466e-05
3207, 4.319689898685965e+00, 3.926990816987241e-01, 4.319689898685965e+00, 2.436668914373422e-05, 3.640057351152362e-04, -1.182602143758703e-05, 3.230343526650297e-05
3208, 4.712388980384690e+00, 3.926990816987241e-01, 4.319689898685965e+00, -2.430043542034613e-05, 5.260815434100110e-11, -1.858940705834792e-03, 4.787549244775847e-05
3209, 5.105088062083414e+00, 3.926990816987241e-01, 4.319689898685965e+00, 2.436700069567236e-05, -3.640056224231655e-04, -1.182609982181544e-05, 3.230348401547589e-05
3210, 5.497787143782138e+00, 3.926990816987241e-01, 4.319689898685965e+00, 7.139088373327034e-05, 1.201289617199180e-10, 1.836274820593784e-03, 1.740691405518999e-05
3211, 5.890486225480862e+00, 3.926990816987241e-01, 4.319689898685965e+00, 2.436645817127509e-05, 3.640058350508974e-04, -1.182618474059534e-05, 3.230354775537360e-05
3212, 6.283185307179586e+00, 3.926990816987241e-01, 4.319689898685965e+00, -2.430135249200865e-05, 4.689806512556904e-11, -1.858940847961638e-03, 4.787560718183087e-05
3213, 0.000000000000000e+00, 7.853981633974483e-01, 4.319689898685965e+00, -8.813956842401227e-06, 3.030235372065609e-11, -1.172728439074953e-03, 4.091226069306186e-05
3214, 3.926990816987241e-01, 7.853981633974483e-01, 4.319689898685965e+00, 6.408885489764699e-05, -4.708617240119296e-04, -2.264852295106099e-05, 1.810617111110699e-05
3215, 7.853981633974483e-01, 7.853981633974483e-01, 4.319689898685965e+00, 1.304669197303085e-04, -6.078835209795282e-11, 1.127769967301597e-03, -2.385667101632461e-06
3216, 1.178097245096172e+00, 7.853981633974483e-01, 4.319689898685965e+00, 6.408922180174645e-05, 4.708616294371553e-04, -2.264836596606645e-05, 1.810611958303385e-05
3217, 1.570796326794897e+00, 7.853981633974483e-01, 4.319689898685965e+00, -8.813541176662008e-06, -7.030878270105414e-12, -1.172728171948941e-03, 4.091217484104427e-05
3218, 1.963495408493621e+00, 7.853981633974483e-01, 4.319689898685965e+00, 6.408891448095335e-05, -4.708616523591497e-04, -2.264820297137200e-05, 1.810607442093974e-05
3219, 2.356194490192345e+00, 7.853981633974483e-01, 4.319689898685965e+00, 1.304664755359206e-04, 1.917946212971361e-11, 1.127770276134422e-03, -2.385754543541852e-06
3220, 2.748893571891069e+00, 7.853981633974483e-01, 4.319689898685965e+00, 6.408849541810313e-05, 4.708616788722119e-04, -2.264810749385939e-05, 1.810605032555835e-05
3221, 3.141592653589793e+00, 7.853981633974483e-01, 4.319689898685965e+00, -8.814252693274443e-06, 1.257848394900197e-12, -1.172727984512789e-03, 4.091212646040870e-05
3222, 3.534291735288517e+00, 7.853981633974483e-01, 4.319689898685965e+00, 6.408845864695379e-05, -4.708616777126778e-04, -2.264809607082332e-05, 1.810604724543375e-05
3223, 3.926990816987241e+00, 7.853981633974483e-01, 4.319689898685965e+00, 1.304664135079591e-04, -2.177280115323599e-11, 1.127770298747951e-03, -2.385760727620637e-06
3224, 4.319689898685965e+00, 7.853981633974483e-01, 4.319689898685965e+00, 6.408885104458672e-05, 4.708616445934710e-04, -2.264816989332758e-05, 1.810606512981894e-05
3225, 4.712388980384690e+00, 7.853981633974483e-01, 4.319689898685965e+00, -8.813570543030789e-06, -5.561400154637386e-12, -1.172728130165311e-03, 4.091216259492554e-05
3226, 5.105088062083414e+00, 7.853981633974483e-01, 4.319689898685965e+00, 6.408926642123044e-05, -4.708616436852623e-04, -2.264831913024965e-05, 1.810610500009573e-05
3227, 5.497787143782138e+00, 7.853981633974483e-01, 4.319689898685965e+00, 1.304670599446371e-04, 5.252613928805066e-11, 1.127770012497471e-03, -2.385682280796748e-06
3228, 5.890486225480862e+00, 7.853981633974483e-01, 4.319689898685965e+00, 6.408903999082335e-05, 4.708617367351991e-04, -2.264849052259787e-05, 1.810615941064775e-05
3229, 6.283185307179586e+00, 7.853981633974483e-01, 4.319689898685965e+00, -8.813956842401227e-06, 3.030235372065609e-11, -1.172728439074953e-03, 4.091226069306186e-05
3230, 0.000000000000000e+00, 1.178097245096172e+00, 4.319689898685965e+00, 5.003044684699985e-05, 2.390880330089406e-12, -5.286441892717893e-04, 1.938093901721970e-05
3231, 3.926990816987241e-01, 1.178097245096172e+00, 4.319689898685965e+00, 1.092160187212082e-04, -3.278717565522527e-04, -2.874578411603010e-05, 1.541973523351499e-06
3232, 7.853981633974483e-01, 1.178097245096172e+00, 4.319689898685965e+00, 1.636563737717314e-04, 4.099215817462270e-11, 4.707229620270949e-04, -1.485584888954288e-05
3233, 1.178097245096172e+00, 1.178097245096172e+00, 4.319689898685965e+00, 1.092158255855409e-04, 3.278718372995087e-04, -2.874556612352747e-05, 1.541935761622572e-06
3234, 1.570796326794897e+00, 1.178097245096172e+00, 4.319689898685965e+00, 5.003002987643763e-05, 9.002528710123137e-11, -5.286438191705415e-04, 1.938087653910201e-05
3235, 1.963495408493621e+00, 1.178097245096172e+00, 4.319689898685965e+00, 1.092153249597156e-04, -3.278716745553477e-04, -2.874535044963140e-05, 1.541904239490290e-06
3236, 2.356194490192345e+00, 1.178097245096172e+00, 4.319689898685965e+00, 1.636554884004548e-04, 7.473016836146481e-11, 4.707233733132906e-04, -1.485591023174962e-05
3237, 2.748893571891069e+00, 1.178097245096172e+00, 4.319689898685965e+00, 1.092149362267379e-04, 3.278718106454120e-04, -2.874522580042810e-05, 1.541888296273055e-06
3238, 3.141592653589793e+00, 1.178097245096172e+00, 4.319689898685965e+00, 5.002931372141302e-05, 7.860676394290412e-12, -5.286435738515938e-04, 1.938084407803519e-05
3239, 3.534291735288517e+00, 1.178097245096172e+00, 4.319689898685965e+00, 1.092149065600937e-04, -3.278717963731131e-04, -2.874521096519487e-05, 1.541886256404586e-06
3240, 3.926990816987241e+00, 1.178097245096172e+00, 4.319689898685965e+00, 1.636554328352540e-04, -6.461760663644638e-11, 4.707234027209160e-04, -1.485591437908974e-05
3241, 4.319689898685965e+00, 1.178097245096172e+00, 4.319689898685965e+00, 1.092152524252294e-04, 3.278716783667455e-04, -2.874530728536256e-05, 1.541897890027259e-06
3242, 4.712388980384690e+00, 1.178097245096172e+00, 4.319689898685965e+00, 5.002995613218496e-05, -9.363122101407800e-11, -5.286437642276354e-04, 1.938086798422658e-05
3243, 5.105088062083414e+00, 1.178097245096172e+00, 4.319689898685965e+00, 1.092157726224569e-04, -3.278718477348625e-04, -2.874550361258365e-05, 1.541925350513846e-06
3244, 5.497787143782138e+00, 1.178097245096172e+00, 4.319689898685965e+00, 1.636563621223576e-04, -5.495905366623152e-11, 4.707230237955122e-04, -1.485585991992820e-05
3245, 5.890486225480862e+00, 1.178097245096172e+00, 4.319689898685965e+00, 1.092160458479424e-04, 3.278717461341343e-04, -2.874573882604553e-05, 1.541964935856531e-06
3246, 6.283185307179586e+00, 1.178097245096172e+00, 4.319689898685965e+00, 5.003044684699985e-05, 2.390880330089406e-12, -5.286441892717893e-04, 1.938093901721970e-05
3247, 0.000000000000000e+00, 1.570796326794897e+00, 4.319689898685965e+00, 1.075601817908501e-04, -3.163933839470336e-11, -1.671791340210706e-04, -3.267581846154519e-06
3248, 3.926990816987241e-01, 1.570796326794897e+00, 4.319689898685965e+00, 1.350923392759317e-04, -1.344819688381657e-04, -2.775331817313789e-05, -1.102025129259268e-05
3249, 7.853981633974483e-01, 1.570796326794897e+00, 4.319689898685965e+00, 1.612238347570368e-04, 1.663932635741984e-10, 1.113387198635918e-04, -1.845655661737717e-05
3250, 1.178097245096172e+00, 1.570796326794897e+00, 4.319689898685965e+00, 1.350914556755689e-04, 1.344822647136341e-04, -2.775307456917644e-05, -1.102027202022942e-05
3251, 1.570796326794897e+00, 1.570796326794897e+00, 4.319689898685965e+00, 1.075587426957179e-04, 2.057405548313506e-10, -1.671787220091184e-04, -3.267615739261755e-06
3252, 1.963495408493621e+00, 1.570796326794897e+00, 4.319689898685965e+00, 1.350907523195458e-04, -1.344818795590403e-04, -2.775283822372427e-05, -1.102028797718628e-05
3253, 2.356194490192345e+00, 1.570796326794897e+00, 4.319689898685965e+00, 1.612224637011070e-04, 1.401676181599059e-10, 1.113391716697470e-04, -1.845658784511252e-05
3254, 2.748893571891069e+00, 1.570796326794897e+00, 4.319689898685965e+00, 1.350904273708436e-04, 1.344821450236839e-04, -2.775270328203657e-05, -1.102029493918980e-05
3255, 3.141592653589793e+00, 1.570796326794897e+00, 4.319689898685965e+00, 1.075580709316917e-04, 1.560305660859488e-11, -1.671784557196619e-04, -3.267630536818713e-06
3256, 3.534291735288517e+00, 1.570796326794897e+00, 4.319689898685965e+00, 1.350904102996571e-04, -1.344821153546843e-04, -2.775268730192793e-05, -1.102029583748209e-05
3257, 3.926990816987241e+00, 1.570796326794897e+00, 4.319689898685965e+00, 1.612224236406443e-04, -1.150519001155919e-10, 1.113392034056827e-04, -1.845658975175124e-05
3258, 4.319689898685965e+00, 1.570796326794897e+00, 4.319689898685965e+00, 1.350906791777636e-04, 1.344818972544287e-04, -2.775279146177478e-05, -1.102029106541933e-05
3259, 4.712388980384690e+00, 1.570796326794897e+00, 4.319689898685965e+00, 1.075586262079276e-04, -1.981428456527903e-10, -1.671786621127007e-04, -3.267620133272779e-06
3260, 5.105088062083414e+00, 1.570796326794897e+00, 4.319689898685965e+00, 1.350912927454940e-04, -1.344822697269650e-04, -2.775300588031017e-05, -1.102027759618656e-05
3261, 5.497787143782138e+00, 1.570796326794897e+00, 4.319689898685965e+00, 1.612236419864135e-04, -1.865900412617397e-10, 1.113387881971082e-04, -1.845656267715268e-05
3262, 5.890486225480862e+00, 1.570796326794897e+00, 4.319689898685965e+00, 1.350921744535784e-04, 1.344819300927345e-04, -2.775326802842341e-05, -1.102025606797870e-05
3263, 6.283185307179586e+00, 1.570796326794897e+00, 4.319689898685965e+00, 1.075601817908501e-04, -3.163933839470336e-11, -1.671791340210706e-04, -3.267581846154519e-06
3264, 0.000000000000000e+00, 1.963495408493621e+00, 4.319689898685965e+00, 1.285202696232285e-04, -6.620462187160523e-11, -4.229844968449584e-05, -1.671111324242062e-05
3265, 3.926990816987241e-01, 1.963495408493621e+00, 4.319689898685965e+00, 1.317074683794515e-04, -2.859255982535981e-05, -2.153166962045694e-05, -1.709386901149543e-05
3266, 7.853981633974483e-01, 1.963495408493621e+00, 4.319689898685965e+00, 1.348514906607461e-04, 2.951151307059480e-10, -8.233477210050571e-07, -1.748936556163201e-05
3267, 1.178097245096172e+00, 1.963495408493621e+00, 4.319689898685965e+00, 1.317058847016879e-04, 2.859307585561087e-05, -2.153143953515457e-05, -1.709387235936028e-05
3268, 1.570796326794897e+00, 1.963495408493621e+00, 4.319689898685965e+00, 1.285177999631224e-04, 3.229613579799328e-10, -4.229806115998960e-05, -1.671111816259587e-05
3269, 1.963495408493621e+00, 1.963495408493621e+00, 4.319689898685965e+00, 1.317049952451275e-04, -2.859246501765891e-05, -2.153121780803379e-05, -1.709387297063808e-05
3270, 2.356194490192345e+00, 1.963495408493621e+00, 4.319689898685965e+00, 1.348496598514447e-04, 2.057527388698301e-10, -8.229236525261178e-07, -1.748936698035848e-05
3271, 2.748893571891069e+00, 1.963495408493621e+00, 4.319689898685965e+00, 1.317047538535301e-04, 2.859286046043377e-05, -2.153109232263624e-05, -1.709387134853285e-05
3272, 3.141592653589793e+00, 1.963495408493621e+00, 4.319689898685965e+00, 1.285172071638878e-04, 2.332962724257149e-11, -4.229781300144511e-05, -1.671111595673507e-05
3273, 3.534291735288517e+00, 1.963495408493621e+00, 4.319689898685965e+00, 1.317047524199296e-04, -2.859281539754389e-05, -2.153107752272604e-05, -1.709387116150265e-05
3274, 3.926990816987241e+00, 1.963495408493621e+00, 4.319689898685965e+00, 1.348496408625188e-04, -1.655412236563395e-10, -8.228942038511543e-07, -1.748936674855092e-05
3275, 4.319689898685965e+00, 1.963495408493621e+00, 4.319689898685965e+00, 1.317049284314141e-04, 2.859249685547978e-05, -2.153117427516227e-05, -1.709387292039888e-05
3276, 4.712388980384690e+00, 1.963495408493621e+00, 4.319689898685965e+00, 1.285176472250434e-04, -3.037334724600117e-10, -4.229800517567217e-05, -1.671111849685921e-05
3277, 5.105088062083414e+00, 1.963495408493621e+00, 4.319689898685965e+00, 1.317056159447528e-04, -2.859307504448313e-05, -2.153137511007254e-05, -1.709387313876523e-05
3278, 5.497787143782138e+00, 1.963495408493621e+00, 4.319689898685965e+00, 1.348511178672755e-04, -3.215439910092863e-10, -8.232835408539504e-07, -1.748936662625905e-05
3279, 5.890486225480862e+00, 1.963495408493621e+00, 4.319689898685965e+00, 1.317071111071123e-04, 2.859249213995582e-05, -2.153162257872774e-05, -1.709386993958379e-05
3280, 6.283185307179586e+00, 1.963495408493621e+00, 4.319689898685965e+00, 1.285202696232285e-04, -6.620462187160523e-11, -4.229844968449584e-05, -1.671111324242062e-05
3281, 0.000000000000000e+00, 2.356194490192345e+00, 4.319689898685965e+00, 1.139798311336059e-04, -9.600438688947603e-11, -1.423889902790669e-05, -2.011094423912266e-05
3282, 3.926990816987241e-01, 2.356194490192345e+00, 4.319689898685965e+00, 1.087046769321385e-04, -1.394861777996244e-06, -1.366050155803196e-05, -1.818151234470337e-05
3283, 7.853981633974483e-01, 2.356194490192345e+00, 4.319689898685965e+00, 1.035329923580425e-04, 4.067536402665886e-10, -1.306299285640809e-05, -1.627326808738305e-05
3284, 1.178097245096172e+00, 2.356194490192345e+00, 4.319689898685965e+00, 1.087024992705605e-04, 1.395568513389242e-06, -1.366032083838664e-05, -1.818150076386053e-05
3285, 1.570796326794897e+00, 2.356194490192345e+00, 4.319689898685965e+00, 1.139764915373249e-04, 4.241586624623673e-10, -1.423859401864283e-05, -2.011092434061477e-05
3286, 1.963495408493621e+00, 2.356194490192345e+00, 4.319689898685965e+00, 1.087014667037335e-04, -1.394762792521747e-06, -1.366014709502150e-05, -1.818148837587152e-05
3287, 2.356194490192345e+00, 2.356194490192345e+00, 4.319689898685965e+00, 1.035307969143000e-04, 2.619347426278250e-10, -1.306266059122309e-05, -1.627324423122061e-05
3288, 2.748893571891069e+00, 2.356194490192345e+00, 4.319689898685965e+00, 1.087013120475395e-04, 1.395269794360919e-06, -1.366004933337042e-05, -1.818147963936583e-05
3289, 3.141592653589793e+00, 2.356194490192345e+00, 4.319689898685965e+00, 1.139759936430528e-04, 2.992730092605973e-11, -1.423840039734767e-05, -2.011090796598276e-05
3290, 3.534291735288517e+00, 2.356194490192345e+00, 4.319689898685965e+00, 1.087013262382948e-04, -1.395211562718356e-06, -1.366003783106921e-05, -1.818147855814097e-05
3291, 3.926990816987241e+00, 2.356194490192345e+00, 4.319689898685965e+00, 1.035308000778288e-04, -2.087400995199772e-10, -1.306263766741648e-05, -1.627324223009647e-05
3292, 4.319689898685965e+00, 2.356194490192345e+00, 4.319689898685965e+00, 1.087014105677610e-04, 1.394806889183284e-06, -1.366011312954420e-05, -1.818148570980721e-05
3293, 4.712388980384690e+00, 2.356194490192345e+00, 4.319689898685965e+00, 1.139763131710911e-04, -3.947724345680379e-10, -1.423855023747640e-05, -2.011092125848395e-05
3294, 5.105088062083414e+00, 2.356194490192345e+00, 4.319689898685965e+00, 1.087021445112559e-04, -1.395562583092104e-06, -1.366027038261033e-05, -1.818149747008354e-05
3295, 5.497787143782138e+00, 2.356194490192345e+00, 4.319689898685965e+00, 1.035324687058275e-04, -4.385729334638149e-10, -1.306294258250367e-05, -1.627326488758502e-05
3296, 5.890486225480862e+00, 2.356194490192345e+00, 4.319689898685965e+00, 1.087041566596052e-04, 1.394769063026264e-06, -1.366046473309668e-05, -1.818150998516405e-05
3297, 6.283185307179586e+00, 2.356194490192345e+00, 4.319689898685965e+00, 1.139798311336059e-04, -9.600438688947603e-11, -1.423889902790669e-05, -2.011094423912266e-05
3298, 0.000000000000000e+00, 2.748893571891069e+00, 4.319689898685965e+00, 8.844872892327403e-05, -1.166052372631494e-10, -5.822468332813709e-06, -1.853294219123933e-05
3299, 3.926990816987241e-01, 2.748893571891069e+00, 4.319689898685965e+00, 8.459910017755562e-05, 5.847142906278816e-07, -6.392054386233403e-06, -1.726456135851460e-05
3300, 7.853981633974483e-01, 2.748893571891069e+00, 4.319689898685965e+00, 8.078076080763447e-05, 4.840874196922980e-10, -6.950837531292931e-06, -1.599980420888355e-05
3301, 1.178097245096172e+00, 2.748893571891069e+00, 4.319689898685965e+00, 8.459652747540569e-05, -5.838755140785284e-07, -6.391950548014798e-06, -1.726453956670356e-05
3302, 1.570796326794897e+00, 2.748893571891069e+00, 4.319689898685965e+00, 8.844481537965492e-05, 4.940943216826597e-10, -5.822293159001357e-06, -1.853290534038312e-05
3303, 1.963495408493621e+00, 2.748893571891069e+00, 4.319689898685965e+00, 8.459541624248441e-05, 5.848159080651093e-07, -6.391850990022571e-06, -1.726451835911907e-05
3304, 2.356194490192345e+00, 2.748893571891069e+00, 4.319689898685965e+00, 8.077835120552258e-05, 3.005455520223485e-10, -6.950647132599068e-06, -1.599976319902191e-05
3305, 2.748893571891069e+00, 2.748893571891069e+00, 4.319689898685965e+00, 8.459533611372165e-05, -5.842321247680296e-07, -6.391795243918739e-06, -1.726450486745081e-05
3306, 3.141592653589793e+00, 2.748893571891069e+00, 4.319689898685965e+00, 8.844441045051354e-05, 3.445645771568226e-11, -5.822182607439614e-06, -1.853287945911582e-05
3307, 3.534291735288517e+00, 2.748893571891069e+00, 4.319689898685965e+00, 8.459536303882055e-05, 5.842994101272221e-07, -6.391788680070228e-06, -1.726450319129221e-05
3308, 3.926990816987241e+00, 2.748893571891069e+00, 4.319689898685965e+00, 8.077837333629667e-05, -2.383889767490284e-10, -6.950634033827814e-06, -1.599976001614384e-05
3309, 4.319689898685965e+00, 2.748893571891069e+00, 4.319689898685965e+00, 8.459537244188817e-05, -5.847633082125587e-07, -6.391831547453373e-06, -1.726451393535734e-05
3310, 4.712388980384690e+00, 2.748893571891069e+00, 4.319689898685965e+00, 8.844462496615935e-05, -4.576369662676534e-10, -5.822268054617094e-06, -1.853289994664987e-05
3311, 5.105088062083414e+00, 2.748893571891069e+00, 4.319689898685965e+00, 8.459611896945018e-05, 5.838850149803188e-07, -6.391921581088475e-06, -1.726453350075872e-05
3312, 5.497787143782138e+00, 2.748893571891069e+00, 4.319689898685965e+00, 8.078013784105211e-05, -5.196342616760315e-10, -6.950808650394668e-06, -1.599979809695138e-05
3313, 5.890486225480862e+00, 2.748893571891069e+00, 4.319689898685965e+00, 8.459847043704500e-05, -5.848243223243437e-07, -6.392033224623089e-06, -1.726455675150372e-05
3314, 6.283185307179586e+00, 2.748893571891069e+00, 4.319689898685965e+00, 8.844872892327403e-05, -1.166052372631494e-10, -5.822468332813709e-06, -1.853294219123933e-05
3315, 0.000000000000000e+00, 3.141592653589793e+00, 4.319689898685965e+00, 7.468214946951627e-05, -1.249886830913359e-10, 4.797503106187246e-07, -1.668057142050792e-05
3316, 3.926990816987241e-01, 3.141592653589793e+00, 4.319689898685965e+00, 7.467974657755906e-05, 3.316037859083496e-10, -1.060354400010964e-10, -1.668088870449434e-05
3317, 7.853981633974483e-01, 3.141592653589793e+00, 4.319689898685965e+00, 7.468007404275843e-05, 5.154078285005469e-10, -4.799591154772259e-07, -1.668055508343925e-05
3318, 1.178097245096172e+00, 3.141592653589793e+00, 4.319689898685965e+00, 7.467703733250970e-05, 5.606011918449032e-10, -9.467449967954833e-11, -1.668086292018959e-05
3319, 1.570796326794897e+00, 3.141592653589793e+00, 4.319689898685965e+00, 7.467804448758243e-05, 5.222193229565979e-10, 4.797693256468160e-07, -1.668052796036535e-05
3320, 1.963495408493621e+00, 3.141592653589793e+00, 4.319689898685965e+00, 7.467592394112333e-05, 4.339835812102524e-10, -8.429642917106959e-11, -1.668083833087344e-05
3321, 2.356194490192345e+00, 3.141592653589793e+00, 4.319689898685965e+00, 7.467763310942417e-05, 3.159504083298152e-10, -4.799391712999623e-07, -1.668050748221761e-05
3322, 2.748893571891069e+00, 3.141592653589793e+00, 4.319689898685965e+00, 7.467589398748006e-05, 1.804990529570918e-10, -7.874097704962399e-11, -1.668082305322132e-05
3323, 3.141592653589793e+00, 3.141592653589793e+00, 4.319689898685965e+00, 7.467771526726075e-05, 3.627377438102566e-11, 4.797804780119265e-07, -1.668049848980812e-05
3324, 3.534291735288517e+00, 3.141592653589793e+00, 4.319689898685965e+00, 7.467592854230020e-05, -1.095745456271209e-10, -7.805024439672591e-11, -1.668082115328464e-05
3325, 3.926990816987241e+00, 3.141592653589793e+00, 4.319689898685965e+00, 7.467766765351034e-05, -2.501747820919852e-10, -4.799377815898071e-07, -1.668050385280477e-05
3326, 4.319689898685965e+00, 3.141592653589793e+00, 4.319689898685965e+00, 7.467589168537158e-05, -3.779288096616836e-10, -8.220842039944553e-11, -1.668083323777299e-05
3327, 4.712388980384690e+00, 3.141592653589793e+00, 4.319689898685965e+00, 7.467785686905727e-05, -4.828693224746501e-10, 4.797720611240004e-07, -1.668052167734488e-05
3328, 5.105088062083414e+00, 3.141592653589793e+00, 4.319689898685965e+00, 7.467661489666253e-05, -5.496187002478446e-10, -9.146958531796392e-11, -1.668085577638096e-05
3329, 5.497787143782138e+00, 3.141592653589793e+00, 4.319689898685965e+00, 7.467941761330027e-05, -5.524380548127783e-10, -4.799558727433881e-07, -1.668054782907551e-05
3330, 5.890486225480862e+00, 3.141592653589793e+00, 4.319689898685965e+00, 7.467907668976995e-05, -4.486558319459946e-10, -1.036281052608015e-10, -1.668088321030657e-05
3331, 6.283185307179586e+00, 3.141592653589793e+00, 4.319689898685965e+00, 7.468214946951627e-05, -1.249886830913359e-10, 4.797503106187246e-07, -1.668057142050792e-05
3332, 0.000000000000000e+00, 3.534291735288517e+00, 4.319689898685965e+00, 8.078248611884155e-05, -1.199428656578742e-10, 6.950699441300006e-06, -1.599983212330019e-05
3333, 3.926990816987241e-01, 3.534291735288517e+00, 4.319689898685965e+00, 8.459886096016515e-05, -5.840854710912265e-07, 6.391855777356439e-06, -1.726457530149548e-05
3334, 7.853981633974483e-01, 3.534291735288517e+00, 4.319689898685965e+00, 8.844652712269860e-05, 4.960243216254697e-10, 5.822215258167286e-06, -1.853294182743225e-05
3335, 1.178097245096172e+00, 3.534291735288517e+00, 4.319689898685965e+00, 8.459629378549359e-05, 5.849444913210393e-07, 6.391772988773674e-06, -1.726455233092154e-05
3336, 1.570796326794897e+00, 3.534291735288517e+00, 4.319689898685965e+00, 8.077860046002222e-05, 5.043014719257568e-10, 6.950559495071364e-06, -1.599979336642678e-05
3337, 1.963495408493621e+00, 3.534291735288517e+00, 4.319689898685965e+00, 8.459525516523149e-05, -5.839843206571349e-07, 6.391692656266872e-06, -1.726453028763969e-05
3338, 2.356194490192345e+00, 3.534291735288517e+00, 4.319689898685965e+00, 8.844424232157999e-05, 3.059069346802124e-10, 5.822061822954938e-06, -1.853289914663475e-05
3339, 2.748893571891069e+00, 3.534291735288517e+00, 4.319689898685965e+00, 8.459524321797886e-05, 5.845789104005119e-07, 6.391647248150866e-06, -1.726451642388453e-05
3340, 3.141592653589793e+00, 3.534291735288517e+00, 4.319689898685965e+00, 8.077831793557014e-05, 3.512347747694094e-11, 6.950469671058962e-06, -1.599976670234523e-05
3341, 3.534291735288517e+00, 3.534291735288517e+00, 4.319689898685965e+00, 8.459527902565314e-05, -5.845102793244874e-07, 6.391641975622034e-06, -1.726451469738830e-05
3342, 3.926990816987241e+00, 3.534291735288517e+00, 4.319689898685965e+00, 8.844428064355055e-05, -2.423843253819971e-10, 5.822051320326400e-06, -1.853289586095293e-05
3343, 4.319689898685965e+00, 3.534291735288517e+00, 4.319689898685965e+00, 8.459523167427411e-05, 5.840382640731051e-07, 6.391677110508723e-06, -1.726452570204099e-05
3344, 4.712388980384690e+00, 3.534291735288517e+00, 4.319689898685965e+00, 8.077842979633275e-05, -4.666734414171976e-10, 6.950539490881514e-06, -1.599978774115243e-05
3345, 5.105088062083414e+00, 3.534291735288517e+00, 4.319689898685965e+00, 8.459589903627640e-05, -5.849343329292677e-07, 6.391749992908018e-06, -1.726454595953802e-05
3346, 5.497787143782138e+00, 3.534291735288517e+00, 4.319689898685965e+00, 8.844590774205219e-05, -5.320652867544904e-10, 5.822192416672672e-06, -1.853293536595910e-05
3347, 5.890486225480862e+00, 3.534291735288517e+00, 4.319689898685965e+00, 8.459822590966101e-05, 5.839727261162105e-07, 6.391839099330882e-06, -1.726457040701290e-05
3348, 6.283185307179586e+00, 3.534291735288517e+00, 4.319689898685965e+00, 8.078248611884155e-05, -1.199428656578742e-10, 6.950699441300006e-06, -1.599983212330019e-05
3349, 0.000000000000000e+00, 3.926990816987241e+00, 4.319689898685965e+00, 1.035342210823526e-04, -1.022201106232973e-10, 1.306294189076930e-05, -1.627330199581852e-05
3350, 3.926990816987241e-01, 3.926990816987241e+00, 4.319689898685965e+00, 1.087042595164213e-04, 1.395392539452361e-06, 1.366034184313191e-05, -1.818153870166539e-05
3351, 7.853981633974483e-01, 3.926990816987241e+00, 4.319689898685965e+00, 1.139777710897288e-04, 4.288574376402918e-10, 1.423863523009192e-05, -2.011096243402881e-05
3352, 1.178097245096172e+00, 3.926990816987241e+00, 4.319689898685965e+00, 1.087020918269537e-04, -1.394648312478681e-06, 1.366017734643418e-05, -1.818152496509418e-05
3353, 1.570796326794897e+00, 3.926990816987241e+00, 4.319689898685965e+00, 1.035309326905562e-04, 4.430667661522957e-10, 1.306266404511640e-05, -1.627327860511327e-05
3354, 1.963495408493621e+00, 3.926990816987241e+00, 4.319689898685965e+00, 1.087011935111170e-04, 1.395490682583451e-06, 1.366001846968358e-05, -1.818151103892884e-05
3355, 2.356194490192345e+00, 3.926990816987241e+00, 4.319689898685965e+00, 1.139758062488082e-04, 2.719210831631964e-10, 1.423833157576825e-05, -2.011093550109706e-05
3356, 2.748893571891069e+00, 3.926990816987241e+00, 4.319689898685965e+00, 1.087011646610818e-04, -1.394963582857701e-06, 1.365992885299702e-05, -1.818150159356459e-05
3357, 3.141592653589793e+00, 3.926990816987241e+00, 4.319689898685965e+00, 1.035306607232665e-04, 3.117448519737127e-11, 1.306248667394415e-05, -1.627326075295504e-05
3358, 3.534291735288517e+00, 3.926990816987241e+00, 4.319689898685965e+00, 1.087011951694246e-04, 1.395024328853993e-06, 1.365991838280446e-05, -1.818150041371495e-05
3359, 3.926990816987241e+00, 3.926990816987241e+00, 4.319689898685965e+00, 1.139758391603883e-04, -2.161790649050000e-10, 1.423831072183226e-05, -2.011093330184311e-05
3360, 4.319689898685965e+00, 3.926990816987241e+00, 4.319689898685965e+00, 1.087011746890967e-04, -1.395444086414552e-06, 1.365998760041061e-05, -1.818150806762899e-05
3361, 4.712388980384690e+00, 3.926990816987241e+00, 4.319689898685965e+00, 1.035307905807670e-04, -4.115070623947602e-10, 1.306262430184366e-05, -1.627327509475366e-05
3362, 5.105088062083414e+00, 3.926990816987241e+00, 4.319689898685965e+00, 1.087017622243829e-04, 1.394655460955348e-06, 1.366013160453847e-05, -1.818152111261013e-05
3363, 5.497787143782138e+00, 3.926990816987241e+00, 4.319689898685965e+00, 1.139772537606360e-04, -4.615989926280906e-10, 1.423858971664546e-05, -2.011095859520490e-05
3364, 5.890486225480862e+00, 3.926990816987241e+00, 4.319689898685965e+00, 1.087037291409678e-04, -1.395490305922789e-06, 1.366030855170061e-05, -1.818153581328134e-05
3365, 6.283185307179586e+00, 3.926990816987241e+00, 4.319689898685965e+00, 1.035342210823526e-04, -1.022201106232973e-10, 1.306294189076930e-05, -1.627330199581852e-05
3366, 0.000000000000000e+00, 4.319689898685965e+00, 4.319689898685965e+00, 1.348521730802390e-04, -7.443562953930424e-11, 8.233886975189436e-07, -1.748939946732532e-05
3367, 3.926990816987241e-01, 4.319689898685965e+00, 4.319689898685965e+00, 1.317069831464379e-04, 2.859294352159560e-05, 2.153157003656368e-05, -1.709390490685424e-05
3368, 7.853981633974483e-01, 4.319689898685965e+00, 4.319689898685965e+00, 1.285186213629389e-04, 3.240471225358974e-10, 4.229821205103374e-05, -1.671115035534200e-05
3369, 1.178097245096172e+00, 4.319689898685965e+00, 4.319689898685965e+00, 1.317054125218748e-04, -2.859237837816254e-05, 2.153134874131719e-05, -1.709390549808696e-05
3370, 1.570796326794897e+00, 4.319689898685965e+00, 4.319689898685965e+00, 1.348497702423575e-04, 3.477929331695514e-10, 8.230150037261244e-07, -1.748939989826486e-05
3371, 1.963495408493621e+00, 4.319689898685965e+00, 4.319689898685965e+00, 1.317046984117525e-04, 2.859303735625622e-05, 2.153113537222291e-05, -1.709390410098827e-05
3372, 2.356194490192345e+00, 4.319689898685965e+00, 4.319689898685965e+00, 1.285170916325550e-04, 2.190071071441034e-10, 4.229780403910850e-05, -1.671114776010791e-05
3373, 2.748893571891069e+00, 4.319689898685965e+00, 4.319689898685965e+00, 1.317046206430912e-04, -2.859261531497697e-05, 2.153101475463347e-05, -1.709390148614984e-05
3374, 3.141592653589793e+00, 4.319689898685965e+00, 4.319689898685965e+00, 1.348494714584568e-04, 2.499347168233821e-11, 8.227764103750259e-07, -1.748939566077409e-05
3375, 3.534291735288517e+00, 4.319689898685965e+00, 4.319689898685965e+00, 1.317046402761236e-04, 2.859266372870511e-05, 2.153100058937227e-05, -1.709390115623167e-05
3376, 3.926990816987241e+00, 4.319689898685965e+00, 4.319689898685965e+00, 1.285171110513010e-04, -1.754112385800081e-10, 4.229777585638121e-05, -1.671114724742705e-05
3377, 4.319689898685965e+00, 4.319689898685965e+00, 4.319689898685965e+00, 1.317046797553832e-04, -2.859300221187897e-05, 2.153109371636481e-05, -1.709390363182668e-05
3378, 4.712388980384690e+00, 4.319689898685965e+00, 4.319689898685965e+00, 1.348496642077413e-04, -3.257011587190090e-10, 8.229614427814183e-07, -1.748939966534204e-05
3379, 5.105088062083414e+00, 4.319689898685965e+00, 4.319689898685965e+00, 1.317051759171602e-04, 2.859238078708041e-05, 2.153128712137795e-05, -1.709390555672379e-05
3380, 5.497787143782138e+00, 4.319689898685965e+00, 4.319689898685965e+00, 1.285182560605491e-04, -3.517049313719630e-10, 4.229815068839553e-05, -1.671115060214884e-05
3381, 5.890486225480862e+00, 4.319689898685965e+00, 4.319689898685965e+00, 1.317066119737993e-04, -2.859301789716214e-05, 2.153152508169745e-05, -1.709390515252103e-05
3382, 6.283185307179586e+00, 4.319689898685965e+00, 4.319689898685965e+00, 1.348521730802390e-04, -7.443562953930424e-11, 8.233886975189436e-07, -1.748939946732532e-05
3383, 0.000000000000000e+00, 4.712388980384690e+00, 4.319689898685965e+00, 1.612240201435852e-04, -4.073087918506286e-11, -1.113385935974527e-04, -1.845658489959897e-05
3384, 3.926990816987241e-01, 4.712388980384690e+00, 4.319689898685965e+00, 1.350919220865353e-04, 1.344821788523671e-04, 2.775329385006363e-05, -1.102029277913257e-05
3385, 7.853981633974483e-01, 4.712388980384690e+00, 4.319689898685965e+00, 1.075591676763393e-04, 1.976283787204439e-10, 1.671789589481446e-04, -3.267635755963650e-06
3386, 1.178097245096172e+00, 4.712388980384690e+00, 4.319689898685965e+00, 1.350910543794948e-04, -1.344818298043447e-04, 2.775304988447297e-05, -1.102031064250467e-05
3387, 1.570796326794897e+00, 4.712388980384690e+00, 4.319689898685965e+00, 1.612226553155108e-04, 2.328939011548741e-10, -1.113390058464505e-04, -1.845661406601910e-05
3388, 1.963495408493621e+00, 4.712388980384690e+00, 4.319689898685965e+00, 1.350905398607551e-04, 1.344822675374925e-04, 2.775281427304695e-05, -1.102032439133929e-05
3389, 2.356194490192345e+00, 4.712388980384690e+00, 4.319689898685965e+00, 1.075581213008110e-04, 1.549003227912061e-10, 1.671785083397761e-04, -3.267662593936700e-06
3390, 2.748893571891069e+00, 4.712388980384690e+00, 4.319689898685965e+00, 1.350903899392797e-04, -1.344819726325207e-04, 2.775268026997764e-05, -1.102033012739176e-05
3391, 3.141592653589793e+00, 4.712388980384690e+00, 4.319689898685965e+00, 1.612222983015560e-04, 1.746158401546475e-11, -1.113392705341980e-04, -1.845662642493068e-05
3392, 3.534291735288517e+00, 4.712388980384690e+00, 4.319689898685965e+00, 1.350903951747303e-04, 1.344820060402822e-04, 2.775266443197546e-05, -1.102033084601449e-05
3393, 3.926990816987241e+00, 4.712388980384690e+00, 4.319689898685965e+00, 1.075581218896449e-04, -1.260234006901719e-10, 1.671784768803820e-04, -3.267664153898662e-06
3394, 4.319689898685965e+00, 4.712388980384690e+00, 4.319689898685965e+00, 1.350905176076143e-04, -1.344822461906545e-04, 2.775276789559325e-05, -1.102032697960934e-05
3395, 4.712388980384690e+00, 4.712388980384690e+00, 4.319689898685965e+00, 1.612225879629605e-04, -2.221540126441268e-10, -1.113390652875550e-04, -1.845661781576939e-05
3396, 5.105088062083414e+00, 4.712388980384690e+00, 4.319689898685965e+00, 1.350909247646740e-04, 1.344818265279524e-04, 2.775298168334984e-05, -1.102031544008999e-05
3397, 5.497787143782138e+00, 4.712388980384690e+00, 4.319689898685965e+00, 1.075589815293734e-04, -2.192037235746365e-10, 1.671788910750223e-04, -3.267640956980854e-06
3398, 5.890486225480862e+00, 4.712388980384690e+00, 4.319689898685965e+00, 1.350917409782591e-04, -1.344822249950697e-04, 2.775324402969361e-05, -1.102029683653362e-05
3399, 6.283185307179586e+00, 4.712388980384690e+00, 4.319689898685965e+00, 1.612240201435852e-04, -4.073087918506286e-11, -1.113385935974527e-04, -1.845658489959897e-05
3400, 0.000000000000000e+00, 5.105088062083414e+00, 4.319689898685965e+00, 1.636561918908421e-04, -6.267386895156821e-12, -4.707227667835519e-04, -1.485586687854785e-05
3401, 3.926990816987241e-01, 5.105088062083414e+00, 4.319689898685965e+00, 1.092157934878692e-04, 3.278717937798915e-04, 2.874584325776457e-05, 1.541931291641431e-06
3402, 7.853981633974483e-01, 5.105088062083414e+00, 4.319689898685965e+00, 5.003018456516662e-05, 6.942446358608829e-11, 5.286441096803717e-04, 1.938087318652422e-05
3403, 1.178097245096172e+00, 5.105088062083414e+00, 4.319689898685965e+00, 1.092156208767727e-04, -3.278716643451300e-04, 2.874561542070291e-05, 1.541895983654782e-06
3404, 1.570796326794897e+00, 5.105088062083414e+00, 4.319689898685965e+00, 1.636558514004586e-04, 1.156454334676208e-10, -4.707231530224816e-04, -1.485592519928965e-05
3405, 1.963495408493621e+00, 5.105088062083414e+00, 4.319689898685965e+00, 1.092152913341074e-04, 3.278718764572488e-04, 2.874539288589069e-05, 1.541866629132341e-06
3406, 2.356194490192345e+00, 5.105088062083414e+00, 4.319689898685965e+00, 5.002959511677299e-05, 8.890822852121945e-11, 5.286436846905499e-04, 1.938081608819112e-05
3407, 2.748893571891069e+00, 5.105088062083414e+00, 4.319689898685965e+00, 1.092150601491981e-04, -3.278717121659629e-04, 2.874526497706324e-05, 1.541852082469759e-06
3408, 3.141592653589793e+00, 5.105088062083414e+00, 4.319689898685965e+00, 1.636554186171890e-04, 9.656178185954529e-12, -4.707234051046484e-04, -1.485595497243946e-05
3409, 3.534291735288517e+00, 5.105088062083414e+00, 4.319689898685965e+00, 1.092150503026602e-04, 3.278717300463138e-04, 2.874524974390272e-05, 1.541850244240898e-06
3410, 3.926990816987241e+00, 5.105088062083414e+00, 4.319689898685965e+00, 5.002957560225526e-05, -7.518204014086563e-11, 5.286436544822741e-04, 1.938081232677675e-05
3411, 4.319689898685965e+00, 5.105088062083414e+00, 4.319689898685965e+00, 1.092152637295001e-04, -3.278718691652559e-04, 2.874534849374148e-05, 1.541860823568238e-06
3412, 4.712388980384690e+00, 5.105088062083414e+00, 4.319689898685965e+00, 1.636558205978511e-04, -1.162839506566376e-10, -4.707232096167771e-04, -1.485593308856505e-05
3413, 5.105088062083414e+00, 5.105088062083414e+00, 4.319689898685965e+00, 1.092155961270017e-04, 3.278716555210609e-04, 2.874555093913906e-05, 1.541886319406821e-06
3414, 5.497787143782138e+00, 5.105088062083414e+00, 4.319689898685965e+00, 5.003017660473367e-05, -8.474808225123487e-11, 5.286440458794857e-04, 1.938086293122168e-05
3415, 5.890486225480862e+00, 5.105088062083414e+00, 4.319689898685965e+00, 1.092158037221210e-04, -3.278718112546809e-04, 2.874579642044767e-05, 1.541923337806163e-06
3416, 6.283185307179586e+00, 5.105088062083414e+00, 4.319689898685965e+00, 1.636561918908421e-04, -6.267386895156821e-12, -4.707227667835519e-04, -1.485586687854785e-05
3417, 0.000000000000000e+00, 5.497787143782138e+00, 4.319689898685965e+00, 1.304665368977185e-04, 2.337420843272811e-11, -1.127769725499437e-03, -2.385671097978403e-06
3418, 3.926990816987241e-01, 5.497787143782138e+00, 4.319689898685965e+00, 6.408888012576535e-05, 4.708616189854593e-04, 2.264866712610225e-05, 1.810613406991078e-05
3419, 7.853981633974483e-01, 5.497787143782138e+00, 4.319689898685965e+00, -8.813522192321695e-06, -3.977491320318107e-11, 1.172728482846165e-03, 4.091219111375686e-05
3420, 1.178097245096172e+00, 5.497787143782138e+00, 4.319689898685965e+00, 6.408927328122335e-05, -4.708616777389297e-04, 2.264849291986776e-05, 1.810608418707410e-05
3421, 1.570796326794897e+00, 5.497787143782138e+00, 4.319689898685965e+00, 1.304670312158213e-04, 1.340762621039613e-11, -1.127770023286572e-03, -2.385754118299464e-06
3422, 1.963495408493621e+00, 5.497787143782138e+00, 4.319689898685965e+00, 6.408908961318059e-05, 4.708616938208199e-04, 2.264831624029054e-05, 1.810604095756472e-05
3423, 2.356194490192345e+00, 5.497787143782138e+00, 4.319689898685965e+00, -8.813749449160444e-06, 3.067651806850407e-11, 1.172728147280882e-03, 4.091210734942882e-05
3424, 2.748893571891069e+00, 5.497787143782138e+00, 4.319689898685965e+00, 6.408878502200678e-05, -4.708616445146819e-04, 2.264821329948048e-05, 1.810601827128478e-05
3425, 3.141592653589793e+00, 5.497787143782138e+00, 4.319689898685965e+00, 1.304665250616163e-04, 2.719445271261408e-12, -1.127770225670106e-03, -2.385799853475438e-06
3426, 3.534291735288517e+00, 5.497787143782138e+00, 4.319689898685965e+00, 6.408876240036036e-05, 4.708616486081500e-04, 2.264820093479965e-05, 1.810601538720235e-05
3427, 3.926990816987241e+00, 5.497787143782138e+00, 4.319689898685965e+00, -8.813785870237633e-06, -3.034493964490664e-11, 1.172728122784190e-03, 4.091210154125943e-05
3428, 4.319689898685965e+00, 5.497787143782138e+00, 4.319689898685965e+00, 6.408905773872697e-05, -4.708616987934610e-04, 2.264828032863026e-05, 1.810603219147536e-05
3429, 4.712388980384690e+00, 5.497787143782138e+00, 4.319689898685965e+00, 1.304670313012587e-04, -2.364633801800505e-11, -1.127770068786899e-03, -2.385765745600945e-06
3430, 5.105088062083414e+00, 5.497787143782138e+00, 4.319689898685965e+00, 6.408933587605664e-05, 4.708616647314647e-04, 2.264844173963526e-05, 1.810607024980377e-05
3431, 5.497787143782138e+00, 5.497787143782138e+00, 4.319689898685965e+00, -8.813382501682924e-06, 3.036331225602347e-11, 1.172728433228832e-03, 4.091217654978642e-05
3432, 5.890486225480862e+00, 5.497787143782138e+00, 4.319689898685965e+00, 6.408904993519879e-05, -4.708616119279456e-04, 2.264863136274270e-05, 1.810612284175785e-05
3433, 6.283185307179586e+00, 5.497787143782138e+00, 4.319689898685965e+00, 1.304665368977185e-04, 2.337420843272811e-11, -1.127769725499437e-03, -2.385671097978403e-06
3434, 0.000000000000000e+00, 5.890486225480862e+00, 4.319689898685965e+00, 7.139018177568033e-05, 4.291042477864382e-11, -1.836274531955954e-03, 1.740694555274662e-05
3435, 3.926990816987241e-01, 5.890486225480862e+00, 4.319689898685965e+00, 2.436637469593812e-05, 3.640056182665929e-04, 1.182642394929449e-05, 3.230353711024300e-05
3436, 7.853981633974483e-01, 5.890486225480862e+00, 4.319689898685965e+00, -2.430052181076147e-05, -1.121749322570439e-10, 1.858941034672183e-03, 4.787554597279512e-05
3437, 1.178097245096172e+00, 5.890486225480862e+00, 4.319689898685965e+00, 2.436710047940264e-05, -3.640058029030780e-04, 1.182633101335179e-05, 3.230347813896232e-05
3438, 1.570796326794897e+00, 5.890486225480862e+00, 4.319689898685965e+00, 7.139116515361089e-05, -5.887048376274015e-11, -1.836274691391523e-03, 1.740684667742225e-05
3439, 1.963495408493621e+00, 5.890486225480862e+00, 4.319689898685965e+00, 2.436700926145092e-05, 3.640056816311521e-04, 1.182622617408027e-05, 3.230342473701915e-05
3440, 2.356194490192345e+00, 5.890486225480862e+00, 4.319689898685965e+00, -2.430052847526431e-05, -1.090485258985864e-11, 1.858940837937250e-03, 4.787544306753058e-05
3441, 2.748893571891069e+00, 5.890486225480862e+00, 4.319689898685965e+00, 2.436665303952287e-05, -3.640057143187074e-04, 1.182616443077714e-05, 3.230339578933270e-05
3442, 3.141592653589793e+00, 5.890486225480862e+00, 4.319689898685965e+00, 7.139060586391335e-05, -2.273790593877954e-12, -1.836274812647608e-03, 1.740678876870960e-05
3443, 3.534291735288517e+00, 5.890486225480862e+00, 4.319689898685965e+00, 2.436662210476934e-05, 3.640057084871163e-04, 1.182615692775014e-05, 3.230339209596948e-05
3444, 3.926990816987241e+00, 5.890486225480862e+00, 4.319689898685965e+00, -2.430057547560390e-05, 1.604087396447798e-12, 1.858940823070355e-03, 4.787543567972666e-05
3445, 4.319689898685965e+00, 5.890486225480862e+00, 4.319689898685965e+00, 2.436697607499450e-05, -3.640056953504357e-04, 1.182620438391451e-05, 3.230341370280864e-05
3446, 4.712388980384690e+00, 5.890486225480862e+00, 4.319689898685965e+00, 7.139118791094487e-05, 4.207574079797333e-11, -1.836274718914377e-03, 1.740683224292865e-05
3447, 5.105088062083414e+00, 5.890486225480862e+00, 4.319689898685965e+00, 2.436722165257398e-05, 3.640057878749534e-04, 1.182630048618505e-05, 3.230346113534881e-05
3448, 5.497787143782138e+00, 5.890486225480862e+00, 4.319689898685965e+00, -2.430028942434136e-05, 1.084127521621630e-10, 1.858941006491931e-03, 4.787552856618081e-05
3449, 5.890486225480862e+00, 5.890486225480862e+00, 4.319689898685965e+00, 2.436663945599880e-05, -3.640055945663410e-04, 1.182640652097108e-05, 3.230352395453447e-05
3450, 6.283185307179586e+00, 5.890486225480862e+00, 4.319689898685965e+00, 7.139018177568033e-05, 4.291042477864382e-11, -1.836274531955954e-03, 1.740694555274662e-05
3451, 0.000000000000000e+00, 6.283185307179586e+00, 4.319689898685965e+00, 1.096103737914165e-05, 4.269702487447125e-11, -2.155272754003810e-03, 3.728022068992282e-05
3452, 3.926990816987241e-01, 6.283185307179586e+00, 4.319689898685965e+00, 9.464242895261206e-06, -9.792581107027217e-11, 1.575824115485302e-10, 3.782055723903417e-05
3453, 7.853981633974483e-01, 6.283185307179586e+00, 4.319689898685965e+00, 1.096169977204373e-05, -1.388633968995184e-10, 2.155273058032750e-03, 3.728018387877961e-05
3454, 1.178097245096172e+00, 6.283185307179586e+00, 4.319689898685965e+00, 9.465030823819481e-06, -1.250979012968005e-10, 1.467206036563888e-10, 3.782049547467078e-05
3455, 1.570796326794897e+00, 6.283185307179586e+00, 4.319689898685965e+00, 1.096208410045980e-05, -9.017851269677919e-11, -2.155272764805773e-03, 3.728011813017606e-05
3456, 1.963495408493621e+00, 6.283185307179586e+00, 4.319689898685965e+00, 9.464967026999549e-06, -5.501541221359758e-11, 1.338172152751265e-10, 3.782043722619693e-05
3457, 2.356194490192345e+00, 6.283185307179586e+00, 4.319689898685965e+00, 1.096175033443561e-05, -2.888099401719771e-11, 2.155273033883389e-03, 3.728007214415414e-05
3458, 2.748893571891069e+00, 6.283185307179586e+00, 4.319689898685965e+00, 9.464583041474763e-06, -1.316087454840798e-11, 1.262874242634600e-10, 3.782040513977264e-05
3459, 3.141592653589793e+00, 6.283185307179586e+00, 4.319689898685965e+00, 1.096149111484858e-05, -4.473019838887147e-12, -2.155272779675972e-03, 3.728005417442719e-05
3460, 3.534291735288517e+00, 6.283185307179586e+00, 4.319689898685965e+00, 9.464548414796263e-06, 2.953756474661464e-12, 1.253079921744654e-10, 3.782040103811347e-05
3461, 3.926990816987241e+00, 6.283185307179586e+00, 4.319689898685965e+00, 1.096169856001368e-05, 1.532169096484434e-11, 2.155273031930297e-03, 3.728006396204139e-05
3462, 4.319689898685965e+00, 6.283185307179586e+00, 4.319689898685965e+00, 9.464932984998654e-06, 3.740106121727777e-11, 1.309129961581793e-10, 3.782042505870095e-05
3463, 4.712388980384690e+00, 6.283185307179586e+00, 4.319689898685965e+00, 1.096211614410462e-05, 7.044889063909122e-11, -2.155272768538918e-03, 3.728010231600463e-05
3464, 5.105088062083414e+00, 6.283185307179586e+00, 4.319689898685965e+00, 9.465175045354859e-06, 1.095598893482882e-10, 1.424539513637210e-10, 3.782047702995112e-05
3465, 5.497787143782138e+00, 6.283185307179586e+00, 4.319689898685965e+00, 1.096196122420904e-05, 1.402071136651855e-10, 2.155273053794417e-03, 3.728016534460068e-05
3466, 5.890486225480862e+00, 6.283185307179586e+00, 4.319689898685965e+00, 9.464517149642414e-06, 1.349669333059554e-10, 1.544804602312916e-10, 3.782054383286949e-05
3467, 6.283185307179586e+00, 6.283185307179586e+00, 4.319689898685965e+00, 1.096103737914165e-05, 4.269702487447125e-11, -2.155272754003810e-03, 3.728022068992282e-05
3468, 0.000000000000000e+00, 0.000000000000000e+00, 4.712388980384690e+00, -7.773538224822241e-05, 5.210021943632363e-11, -1.481232555316769e-02, 7.247669164249839e-05
3469, 3.926990816987241e-01, 0.000000000000000e+00, 4.712388980384690e+00, -7.656834635745020e-05, -1.209059727207152e-10, 1.752044100566230e-10, 7.169929105565345e-05
3470, 7.853981633974483e-01, 0.000000000000000e+00, 4.712388980384690e+00, -7.773454267358193e-05, -1.740739670784950e-10, 1.481232588992089e-02, 7.247665060911404e-05
3471, 1.178097245096172e+00, 0.000000000000000e+00, 4.712388980384690e+00, -7.656732343584369e-05, -1.609149968874445e-10, 1.627792809888966e-10, 7.169922369807376e-05
3472, 1.570796326794897e+00, 0.000000000000000e+00, 4.712388980384690e+00, -7.773399144877027e-05, -1.215113370849387e-10, -1.481232556396886e-02, 7.247657952041831e-05
3473, 1.963495408493621e+00, 0.000000000000000e+00, 4.712388980384690e+00, -7.656730356392541e-05, -7.982583082826177e-11, 1.493669094089006e-10, 7.169915936079616e-05
3474, 2.356194490192345e+00, 0.000000000000000e+00, 4.712388980384690e+00, -7.773430060324509e-05, -4.613024585298452e-11, 1.481232586398873e-02, 7.247652714551424e-05
3475, 2.748893571891069e+00, 0.000000000000000e+00, 4.712388980384690e+00, -7.656769616403362e-05, -2.272238504423635e-11, 1.409273097775223e-10, 7.169912269422363e-05
3476, 3.141592653589793e+00, 0.000000000000000e+00, 4.712388980384690e+00, -7.773457528289692e-05, -6.707857803978120e-12, -1.481232558034467e-02, 7.247650701637306e-05
3477, 3.534291735288517e+00, 0.000000000000000e+00, 4.712388980384690e+00, -7.656773120127436e-05, 8.068119123626890e-12, 1.398576772378915e-10, 7.169911788474711e-05
3478, 3.926990816987241e+00, 0.000000000000000e+00, 4.712388980384690e+00, -7.773435044109167e-05, 2.821412386864713e-11, 1.481232586183602e-02, 7.247651762692841e-05
3479, 4.319689898685965e+00, 0.000000000000000e+00, 4.712388980384690e+00, -7.656732776510744e-05, 5.808915165997601e-11, 1.461291978305101e-10, 7.169914538919639e-05
3480, 4.712388980384690e+00, 0.000000000000000e+00, 4.712388980384690e+00, -7.773393384279553e-05, 9.828443492808245e-11, -1.481232556802679e-02, 7.247656165489348e-05
3481, 5.105088062083414e+00, 0.000000000000000e+00, 4.712388980384690e+00, -7.656713076629975e-05, 1.434907717118739e-10, 1.583126194678203e-10, 7.169920317317123e-05
3482, 5.497787143782138e+00, 0.000000000000000e+00, 4.712388980384690e+00, -7.773421105075905e-05, 1.773258143859871e-10, 1.481232588548283e-02, 7.247663009818159e-05
3483, 5.890486225480862e+00, 0.000000000000000e+00, 4.712388980384690e+00, -7.656800497140734e-05, 1.671788033038582e-10, 1.719596447696179e-10, 7.169927613454220e-05
3484, 6.283185307179586e+00, 0.000000000000000e+00, 4.712388980384690e+00, -7.773538224822241e-05, 5.210021943632363e-11, -1.481232555316769e-02, 7.247669164249839e-05
3485, 0.000000000000000e+00, 3.926990816987241e-01, 4.712388980384690e+00, -3.384629840289056e-04, 5.762115214870534e-11, -1.272625731265404e-02, 1.149954126702106e-04
3486, 3.926990816987241e-01, 3.926990816987241e-01, 4.712388980384690e+00, -2.758607825649888e-05, -2.511293596514719e-03, -3.331597841599975e-05, 5.591333159700590e-05
3487, 7.853981633974483e-01, 3.926990816987241e-01, 4.712388980384690e+00, 2.845451447949096e-04, -1.571480980032289e-10, 1.266781565155286e-02, -4.138053914598606e-06
3488, 1.178097245096172e+00, 3.926990816987241e-01, 4.712388980384690e+00, -2.758514503512325e-05, 2.511293337230568e-03, -3.331590047651988e-05, 5.591326660313047e-05
3489, 1.570796326794897e+00, 3.926990816987241e-01, 4.712388980384690e+00, -3.384617411964264e-04, -1.000330871606836e-10, -1.272625718434654e-02, 1.149953035379262e-04
3490, 1.963495408493621e+00, 3.926990816987241e-01, 4.712388980384690e+00, -2.758522350969821e-05, -2.511293537903757e-03, -3.331580734007523e-05, 5.591320655572200e-05
3491, 2.356194490192345e+00, 3.926990816987241e-01, 4.712388980384690e+00, 2.845452033958594e-04, -3.373960595011148e-11, 1.266781582507835e-02, -4.138169727922859e-06
3492, 2.748893571891069e+00, 3.926990816987241e-01, 4.712388980384690e+00, -2.758565023426748e-05, 2.511293459857501e-03, -3.331575220722012e-05, 5.591317245955094e-05
3493, 3.141592653589793e+00, 3.926990816987241e-01, 4.712388980384690e+00, -3.384624034047431e-04, -5.211362473450449e-12, -1.272625707627679e-02, 1.149952361278179e-04
3494, 3.534291735288517e+00, 3.926990816987241e-01, 4.712388980384690e+00, -2.758568903039503e-05, -2.511293471564893e-03, -3.331574551970066e-05, 5.591316798902289e-05
3495, 3.926990816987241e+00, 3.926990816987241e-01, 4.712388980384690e+00, 2.845451448349964e-04, 1.863723161481502e-11, 1.266781583826848e-02, -4.138178600796159e-06
3496, 4.319689898685965e+00, 3.926990816987241e-01, 4.712388980384690e+00, -2.758526363914582e-05, 2.511293518683662e-03, -3.331578818056173e-05, 5.591319350802288e-05
3497, 4.712388980384690e+00, 3.926990816987241e-01, 4.712388980384690e+00, -3.384617090023571e-04, 7.856011524219601e-11, -1.272625716032958e-02, 1.149952868302909e-04
3498, 5.105088062083414e+00, 3.926990816987241e-01, 4.712388980384690e+00, -2.758498583184868e-05, -2.511293354870601e-03, -3.331587410583782e-05, 5.591324732392178e-05
3499, 5.497787143782138e+00, 3.926990816987241e-01, 4.712388980384690e+00, 2.845454480529648e-04, 1.553686593500047e-10, 1.266781567508998e-02, -4.138073447781219e-06
3500, 5.890486225480862e+00, 3.926990816987241e-01, 4.712388980384690e+00, -2.758573341155639e-05, 2.511293631149529e-03, -3.331596521436026e-05, 5.591331681109361e-05
3501, 6.283185307179586e+00, 3.926990816987241e-01, 4.712388980384690e+00, -3.384629840289056e-04, 5.762115214870534e-11, -1.272625731265404e-02, 1.149954126702106e-04
3502, 0.000000000000000e+00, 7.853981633974483e-01, 4.712388980384690e+00, -3.562052538001245e-04, 3.958392683377593e-11, -7.954035117512324e-03, 1.022202450346760e-04
3503, 3.926990816987241e-01, 7.853981633974483e-01, 4.712388980384690e+00, 8.065453954586982e-05, -3.247708364641492e-03, -5.038708083784394e-05, 2.139409105770975e-05
3504, 7.853981633974483e-01, 7.853981633974483e-01, 4.712388980384690e+00, 5.226007137554958e-04, -9.000234029926326e-11, 7.860727341249612e-03, -6.311993839754942e-05
3505, 1.178097245096172e+00, 7.853981633974483e-01, 4.712388980384690e+00, 8.065510480971633e-05, 3.247708220365589e-03, -5.038691201749038e-05, 2.139403558723624e-05
3506, 1.570796326794897e+00, 7.853981633974483e-01, 4.712388980384690e+00, -3.562045495024650e-04, -3.082867323764789e-11, -7.954034829828982e-03, 1.022201523707100e-04
3507, 1.963495408493621e+00, 7.853981633974483e-01, 4.712388980384690e+00, 8.065484320936811e-05, -3.247708289966467e-03, -5.038673556844661e-05, 2.139398706021827e-05
3508, 2.356194490192345e+00, 7.853981633974483e-01, 4.712388980384690e+00, 5.226003894103900e-04, 6.420492570791315e-12, 7.860727675626072e-03, -6.312003259209679e-05
3509, 2.748893571891069e+00, 7.853981633974483e-01, 4.712388980384690e+00, 8.065439991829145e-05, 3.247708290990134e-03, -5.038663170010667e-05, 2.139396035669929e-05
3510, 3.141592653589793e+00, 7.853981633974483e-01, 4.712388980384690e+00, -3.562052855790000e-04, -3.833014528207053e-13, -7.954034626326507e-03, 1.022200991664541e-04
3511, 3.534291735288517e+00, 7.853981633974483e-01, 4.712388980384690e+00, 8.065436085279863e-05, -3.247708293136212e-03, -5.038661919785005e-05, 2.139395684850814e-05
3512, 3.926990816987241e+00, 7.853981633974483e-01, 4.712388980384690e+00, 5.226003252392676e-04, -1.233220573842059e-11, 7.860727700360575e-03, -6.312003959734388e-05
3513, 4.319689898685965e+00, 7.853981633974483e-01, 4.712388980384690e+00, 8.065478278627462e-05, 3.247708278971480e-03, -5.038669950630456e-05, 2.139397664558546e-05
3514, 4.712388980384690e+00, 7.853981633974483e-01, 4.712388980384690e+00, -3.562045636225864e-04, 1.533178840558604e-11, -7.954034784396611e-03, 1.022201388506711e-04
3515, 5.105088062083414e+00, 7.853981633974483e-01, 4.712388980384690e+00, 8.065518427731200e-05, -3.247708236525605e-03, -5.038686112968403e-05, 2.139401972247143e-05
3516, 5.497787143782138e+00, 7.853981633974483e-01, 4.712388980384690e+00, 5.226009105814896e-04, 8.244421692973968e-11, 7.860727390290340e-03, -6.311995481894018e-05
3517, 5.890486225480862e+00, 7.853981633974483e-01, 4.712388980384690e+00, 8.065478536558469e-05, 3.247708383849637e-03, -5.038704573502937e-05, 2.139407833993817e-05
3518, 6.283185307179586e+00, 7.853981633974483e-01, 4.712388980384690e+00, -3.562052538001245e-04, 3.958392683377593e-11, -7.954035117512324e-03, 1.022202450346760e-04
3519, 0.000000000000000e+00, 1.178097245096172e+00, 4.712388980384690e+00, -1.789092174530457e-04, 9.083757282024194e-12, -3.485572960201041e-03, 5.369058394683899e-05
3520, 3.926990816987241e-01, 1.178097245096172e+00, 4.712388980384690e+00, 1.693439171387365e-04, -2.261064792717434e-03, -4.889749010717499e-05, -8.890767930451201e-06
3521, 7.853981633974483e-01, 1.178097245096172e+00, 4.712388980384690e+00, 5.206017879957295e-04, 1.972659258449058e-11, 3.390559255749445e-03, -7.395392068625448e-05
3522, 1.178097245096172e+00, 1.178097245096172e+00, 4.712388980384690e+00, 1.693438649981444e-04, 2.261064837712900e-03, -4.889725490484157e-05, -8.890807509040617e-06
3523, 1.570796326794897e+00, 1.178097245096172e+00, 4.712388980384690e+00, -1.789094326845971e-04, 7.387935024735175e-11, -3.485572561076162e-03, 5.369051853235649e-05
3524, 1.963495408493621e+00, 1.178097245096172e+00, 4.712388980384690e+00, 1.693433836406657e-04, -2.261064706938407e-03, -4.889702266887807e-05, -8.890839797989814e-06
3525, 2.356194490192345e+00, 1.178097245096172e+00, 4.712388980384690e+00, 5.206009648322637e-04, 6.666876488254148e-11, 3.390559699190148e-03, -7.395398376571275e-05
3526, 2.748893571891069e+00, 1.178097245096172e+00, 4.712388980384690e+00, 1.693429639437139e-04, 2.261064826643450e-03, -4.889688785802322e-05, -8.890856140296770e-06
3527, 3.141592653589793e+00, 1.178097245096172e+00, 4.712388980384690e+00, -1.789101903199439e-04, 6.821033229451669e-12, -3.485572296211904e-03, 5.369048524241069e-05
3528, 3.534291735288517e+00, 1.178097245096172e+00, 4.712388980384690e+00, 1.693429313321895e-04, -2.261064814503119e-03, -4.889687172591367e-05, -8.890858307100281e-06
3529, 3.926990816987241e+00, 1.178097245096172e+00, 4.712388980384690e+00, 5.206009053427904e-04, -5.879579928145355e-11, 3.390559731147140e-03, -7.395398816803006e-05
3530, 4.319689898685965e+00, 1.178097245096172e+00, 4.712388980384690e+00, 1.693433103007701e-04, 2.261064708435769e-03, -4.889697587198012e-05, -8.890846525837629e-06
3531, 4.712388980384690e+00, 1.178097245096172e+00, 4.712388980384690e+00, -1.789094982660242e-04, -7.971984854828805e-11, -3.485572501637080e-03, 5.369050950632564e-05
3532, 5.105088062083414e+00, 1.178097245096172e+00, 4.712388980384690e+00, 1.693438352863195e-04, -2.261064849781587e-03, -4.889718729315089e-05, -8.890818453777190e-06
3533, 5.497787143782138e+00, 1.178097245096172e+00, 4.712388980384690e+00, 5.206018166484158e-04, -3.341583726079686e-11, 3.390559322650806e-03, -7.395393232212426e-05
3534, 5.890486225480862e+00, 1.178097245096172e+00, 4.712388980384690e+00, 1.693439884237699e-04, 2.261064786961769e-03, -4.889744095536342e-05, -8.890777092608624e-06
3535, 6.283185307179586e+00, 1.178097245096172e+00, 4.712388980384690e+00, -1.789092174530457e-04, 9.083757282024194e-12, -3.485572960201041e-03, 5.369058394683899e-05
3536, 0.000000000000000e+00, 1.570796326794897e+00, 4.712388980384690e+00, 3.124275767946786e-05, -2.802756121794606e-11, -9.965374112443413e-04, 2.724258648273030e-06
3537, 3.926990816987241e-01, 1.570796326794897e+00, 4.712388980384690e+00, 1.920908729706530e-04, -9.267775752643430e-04, -3.663173124877672e-05, -2.401244538295770e-05
3538, 7.853981633974483e-01, 1.570796326794897e+00, 4.712388980384690e+00, 3.535083684493540e-04, 1.550576123242625e-10, 9.236563195099256e-04, -5.137507476965643e-05
3539, 1.178097245096172e+00, 1.570796326794897e+00, 4.712388980384690e+00, 1.920900588196767e-04, 9.267778524491781e-04, -3.663146838723606e-05, -2.401246541979452e-05
3540, 1.570796326794897e+00, 1.570796326794897e+00, 4.712388980384690e+00, 3.124141307200511e-05, 1.982586330785207e-10, -9.965369670311569e-04, 2.724226346573640e-06
3541, 1.963495408493621e+00, 1.570796326794897e+00, 4.712388980384690e+00, 1.920893492021544e-04, -9.267774823112018e-04, -3.663121450538042e-05, -2.401247914004018e-05
3542, 2.356194490192345e+00, 1.570796326794897e+00, 4.712388980384690e+00, 3.535070003935418e-04, 1.373125778271544e-10, 9.236568054502631e-04, -5.137510195438753e-05
3543, 2.748893571891069e+00, 1.570796326794897e+00, 4.712388980384690e+00, 1.920889912096708e-04, 9.267777414878778e-04, -3.663106917786034e-05, -2.401248395254604e-05
3544, 3.141592653589793e+00, 1.570796326794897e+00, 4.712388980384690e+00, 3.124069024607279e-05, 1.522684392330183e-11, -9.965366805200603e-04, 2.724215343943535e-06
3545, 3.534291735288517e+00, 1.570796326794897e+00, 4.712388980384690e+00, 1.920889711839309e-04, -9.267777126515342e-04, -3.663105186937401e-05, -2.401248462484490e-05
3546, 3.926990816987241e+00, 1.570796326794897e+00, 4.712388980384690e+00, 3.535069558000468e-04, -1.132316999587048e-10, 9.236568397890858e-04, -5.137510345842094e-05
3547, 4.319689898685965e+00, 1.570796326794897e+00, 4.712388980384690e+00, 1.920892727777892e-04, 9.267774987386110e-04, -3.663116399673151e-05, -2.401248174520450e-05
3548, 4.712388980384690e+00, 1.570796326794897e+00, 4.712388980384690e+00, 3.124129848300780e-05, -1.920525656551334e-10, -9.965369024208632e-04, 2.724222402804504e-06
3549, 5.105088062083414e+00, 1.570796326794897e+00, 4.712388980384690e+00, 1.920899068637981e-04, -9.267778585970042e-04, -3.663139425968385e-05, -2.401247067613870e-05
3550, 5.497787143782138e+00, 1.570796326794897e+00, 4.712388980384690e+00, 3.535081968362679e-04, -1.753047163491571e-10, 9.236563934275745e-04, -5.137508069723172e-05
3551, 5.890486225480862e+00, 1.570796326794897e+00, 4.712388980384690e+00, 1.920907319606725e-04, 9.267775389756502e-04, -3.663167682425980e-05, -2.401245018636093e-05
3552, 6.283185307179586e+00, 1.570796326794897e+00, 4.712388980384690e+00, 3.124275767946786e-05, -2.802756121794606e-11, -9.965374112443413e-04, 2.724258648273030e-06
3553, 0.000000000000000e+00, 1.963495408493621e+00, 4.712388980384690e+00, 1.397449898573492e-04, -6.565404155147390e-11, -1.659454731389509e-04, -2.634707338712132e-05
3554, 3.926990816987241e-01, 1.963495408493621e+00, 4.712388980384690e+00, 1.565277638158680e-04, -1.959250831880665e-04, -2.234409301565078e-05, -2.654366040824425e-05
3555, 7.853981633974483e-01, 1.963495408493621e+00, 4.712388980384690e+00, 1.732778085188645e-04, 2.939678673425136e-10, 1.212469785676859e-04, -2.673060552975320e-05
3556, 1.178097245096172e+00, 1.963495408493621e+00, 4.712388980384690e+00, 1.565261771632513e-04, 1.959255978227618e-04, -2.234384492197771e-05, -2.654366056300601e-05
3557, 1.570796326794897e+00, 1.963495408493621e+00, 4.712388980384690e+00, 1.397425071276169e-04, 3.240205817839367e-10, -1.659450545300791e-04, -2.634707220733121e-05
3558, 1.963495408493621e+00, 1.963495408493621e+00, 4.712388980384690e+00, 1.565252585680452e-04, -1.959249852095452e-04, -2.234360705777465e-05, -2.654365590366227e-05
3559, 2.356194490192345e+00, 1.963495408493621e+00, 4.712388980384690e+00, 1.732759259996166e-04, 2.078744004232994e-10, 1.212474339840212e-04, -2.673059710440392e-05
3560, 2.748893571891069e+00, 1.963495408493621e+00, 4.712388980384690e+00, 1.565249855318564e-04, 1.959253840881134e-04, -2.234347228668787e-05, -2.654364961584795e-05
3561, 3.141592653589793e+00, 1.963495408493621e+00, 4.712388980384690e+00, 1.397418596407441e-04, 2.358855750026285e-11, -1.659447881155270e-04, -2.634706161581366e-05
3562, 3.534291735288517e+00, 1.963495408493621e+00, 4.712388980384690e+00, 1.565249815927616e-04, -1.959253386130590e-04, -2.234345629919432e-05, -2.654364884750143e-05
3563, 3.926990816987241e+00, 1.963495408493621e+00, 4.712388980384690e+00, 1.732759027556771e-04, -1.675328286742961e-10, 1.212474657587833e-04, -2.673059581283581e-05
3564, 4.319689898685965e+00, 1.963495408493621e+00, 4.712388980384690e+00, 1.565251871762067e-04, 1.959250168211210e-04, -2.234356015023023e-05, -2.654365451571335e-05
3565, 4.712388980384690e+00, 1.963495408493621e+00, 4.712388980384690e+00, 1.397423511841452e-04, -3.052965120269780e-10, -1.659449942456718e-04, -2.634707117857801e-05
3566, 5.105088062083414e+00, 1.963495408493621e+00, 4.712388980384690e+00, 1.565259078346308e-04, -1.959255975624775e-04, -2.234377548321883e-05, -2.654366016564417e-05
3567, 5.497787143782138e+00, 1.963495408493621e+00, 4.712388980384690e+00, 1.732774378786952e-04, -3.207009440815891e-10, 1.212470479330303e-04, -2.673060569461922e-05
3568, 5.890486225480862e+00, 1.963495408493621e+00, 4.712388980384690e+00, 1.565274097996822e-04, 1.959250157257168e-04, -2.234404197863344e-05, -2.654366076465988e-05
3569, 6.283185307179586e+00, 1.963495408493621e+00, 4.712388980384690e+00, 1.397449898573492e-04, -6.565404155147390e-11, -1.659454731389509e-04, -2.634707338712132e-05
3570, 0.000000000000000e+00, 2.356194490192345e+00, 4.712388980384690e+00, 1.293133661940007e-04, -9.807224846856527e-11, -1.503119869586885e-05, -3.086211521432495e-05
3571, 3.926990816987241e-01, 2.356194490192345e+00, 4.712388980384690e+00, 9.762287631024546e-05, -8.499652030807731e-06, -1.123895945670632e-05, -2.331576868625064e-05
3572, 7.853981633974483e-01, 2.356194490192345e+00, 4.712388980384690e+00, 6.589737440002506e-05, 4.143587804769802e-10, -7.449186828591930e-06, -1.572162009591720e-05
3573, 1.178097245096172e+00, 2.356194490192345e+00, 4.712388980384690e+00, 9.762063426003743e-05, 8.500372201367520e-06, -1.123876475283909e-05, -2.331575176637702e-05
3574, 1.570796326794897e+00, 2.356194490192345e+00, 4.712388980384690e+00, 1.293099228697666e-04, 4.324728408037827e-10, -1.503087033742239e-05, -3.086208535365730e-05
3575, 1.963495408493621e+00, 2.356194490192345e+00, 4.712388980384690e+00, 9.761955468958622e-05, -8.499550460431170e-06, -1.123857856551641e-05, -2.331573149853267e-05
3576, 2.356194490192345e+00, 2.356194490192345e+00, 4.712388980384690e+00, 6.589508351847259e-05, 2.681749056647690e-10, -7.448830409451764e-06, -1.572158141586989e-05
3577, 2.748893571891069e+00, 2.356194490192345e+00, 4.712388980384690e+00, 9.761937143226533e-05, 8.500069010193110e-06, -1.123847376445537e-05, -2.331571595711597e-05
3578, 3.141592653589793e+00, 2.356194490192345e+00, 4.712388980384690e+00, 1.293093704461550e-04, 3.071238336505243e-11, -1.503066280741058e-05, -3.086205668179349e-05
3579, 3.534291735288517e+00, 2.356194490192345e+00, 4.712388980384690e+00, 9.761938377498869e-05, -8.500009334674818e-06, -1.123846136526863e-05, -2.331571399067028e-05
3580, 3.926990816987241e+00, 2.356194490192345e+00, 4.712388980384690e+00, 6.589508317083112e-05, -2.138755643776840e-10, -7.448805724419911e-06, -1.572157779421832e-05
3581, 4.319689898685965e+00, 2.356194490192345e+00, 4.712388980384690e+00, 9.761949351819132e-05, 8.499595225369576e-06, -1.123854202915198e-05, -2.331572676703843e-05
3582, 4.712388980384690e+00, 2.356194490192345e+00, 4.712388980384690e+00, 1.293097375734064e-04, -4.028048749078587e-10, -1.503082325380970e-05, -3.086208012872676e-05
3583, 5.105088062083414e+00, 2.356194490192345e+00, 4.712388980384690e+00, 9.762026952337140e-05, -8.500366290103802e-06, -1.123871042137091e-05, -2.331574655263455e-05
3584, 5.497787143782138e+00, 2.356194490192345e+00, 4.712388980384690e+00, 6.589683690050221e-05, -4.466772902169008e-10, -7.449132532114260e-06, -1.572161531488055e-05
3585, 5.890486225480862e+00, 2.356194490192345e+00, 4.712388980384690e+00, 9.762234181868801e-05, 8.499557622638910e-06, -1.123891952865186e-05, -2.331576521304713e-05
3586, 6.283185307179586e+00, 2.356194490192345e+00, 4.712388980384690e+00, 1.293133661940007e-04, -9.807224846856527e-11, -1.503119869586885e-05, -3.086211521432495e-05
3587, 0.000000000000000e+00, 2.748893571891069e+00, 4.712388980384690e+00, 7.073020133132979e-05, -1.204711018371576e-10, 1.139978443241526e-08, -2.416814968824873e-05
3588, 3.926990816987241e-01, 2.748893571891069e+00, 4.712388980384690e+00, 4.885372228682416e-05, 4.509435408148533e-06, -4.325583760900344e-06, -1.960565999428346e-05
3589, 7.853981633974483e-01, 2.748893571891069e+00, 4.712388980384690e+00, 2.697045173654975e-05, 4.976743523486621e-10, -8.660924004301397e-06, -1.503220148559112e-05
3590, 1.178097245096172e+00, 2.748893571891069e+00, 4.712388980384690e+00, 4.885104414886438e-05, -4.508573056831313e-06, -4.325472028431716e-06, -1.960563139210906e-05
3591, 1.570796326794897e+00, 2.748893571891069e+00, 4.712388980384690e+00, 7.072612386462419e-05, 5.073381835222174e-10, 1.158812111288297e-08, -2.416810023133602e-05
3592, 1.963495408493621e+00, 2.748893571891069e+00, 4.712388980384690e+00, 4.884987527868523e-05, 4.509539140079188e-06, -4.325365509590403e-06, -1.960560052680116e-05
3593, 2.356194490192345e+00, 2.748893571891069e+00, 4.712388980384690e+00, 2.696791966747879e-05, 3.095371197100807e-10, -8.660720084981660e-06, -1.503214225390113e-05
3594, 2.748893571891069e+00, 2.748893571891069e+00, 4.712388980384690e+00, 4.884976987486517e-05, -4.508938361534127e-06, -4.325305873499387e-06, -1.960557877235852e-05
3595, 3.141592653589793e+00, 2.748893571891069e+00, 4.712388980384690e+00, 7.072566683610067e-05, 3.559253438560651e-11, 1.170638152520976e-08, -2.416805938846657e-05
3596, 3.534291735288517e+00, 2.748893571891069e+00, 4.712388980384690e+00, 4.884979558895580e-05, 4.509007780386714e-06, -4.325298815401138e-06, -1.960557600426956e-05
3597, 3.926990816987241e+00, 2.748893571891069e+00, 4.712388980384690e+00, 2.696793913643737e-05, -2.456181403256468e-10, -8.660706012229317e-06, -1.503213706871303e-05
3598, 4.319689898685965e+00, 2.748893571891069e+00, 4.712388980384690e+00, 4.884982656554631e-05, -4.509485256783541e-06, -4.325344637461220e-06, -1.960559354129256e-05
3599, 4.712388980384690e+00, 2.748893571891069e+00, 4.712388980384690e+00, 7.072592442745846e-05, -4.700488781656145e-10, 1.161507408836779e-08, -2.416809216029382e-05
3600, 5.105088062083414e+00, 2.748893571891069e+00, 4.712388980384690e+00, 4.885061963188010e-05, 4.508582915958787e-06, -4.325440878631247e-06, -1.960562289164605e-05
3601, 5.497787143782138e+00, 2.748893571891069e+00, 4.712388980384690e+00, 2.696980428221625e-05, -5.338469939643568e-10, -8.660892848281472e-06, -1.503219331555140e-05
3602, 5.890486225480862e+00, 2.748893571891069e+00, 4.712388980384690e+00, 4.885306656354417e-05, -4.509548444490955e-06, -4.325560841019354e-06, -1.960565389411118e-05
3603, 6.283185307179586e+00, 2.748893571891069e+00, 4.712388980384690e+00, 7.073020133132979e-05, -1.204711018371576e-10, 1.139978443241526e-08, -2.416814968824873e-05
3604, 0.000000000000000e+00, 3.141592653589793e+00, 4.712388980384690e+00, 3.046488424411762e-05, -1.295682055575460e-10, 3.623656311731364e-06, -1.811222230528385e-05
3605, 3.926990816987241e-01, 3.141592653589793e+00, 4.712388980384690e+00, 3.046391077915936e-05, 3.427896501970251e-10, -1.141499780627048e-10, -1.811197900358155e-05
3606, 7.853981633974483e-01, 3.141592653589793e+00, 4.712388980384690e+00, 3.046271593261757e-05, 5.313318192768227e-10, -3.623881162239627e-06, -1.811220138478610e-05
3607, 1.178097245096172e+00, 3.141592653589793e+00, 4.712388980384690e+00, 3.046108150001005e-05, 5.769449535488335e-10, -1.021423358010656e-10, -1.811194584649403e-05
3608, 1.570796326794897e+00, 3.141592653589793e+00, 4.712388980384690e+00, 3.046059444537544e-05, 5.373500383236226e-10, 3.623676376634721e-06, -1.811216523029653e-05
3609, 1.963495408493621e+00, 3.141592653589793e+00, 4.712388980384690e+00, 3.045990848549232e-05, 4.470380330165990e-10, -9.129417912127807e-11, -1.811191092769680e-05
3610, 2.356194490192345e+00, 3.141592653589793e+00, 4.712388980384690e+00, 3.046014593697652e-05, 3.259752595544572e-10, -3.623860279506111e-06, -1.811213427308395e-05
3611, 2.748893571891069e+00, 3.141592653589793e+00, 4.712388980384690e+00, 3.045985607726920e-05, 1.864956264394081e-10, -8.551505071057015e-11, -1.811188682889579e-05
3612, 3.141592653589793e+00, 3.141592653589793e+00, 4.712388980384690e+00, 3.046021695874022e-05, 3.754211823708465e-11, 3.623687990807593e-06, -1.811211978083691e-05
3613, 3.534291735288517e+00, 3.141592653589793e+00, 4.712388980384690e+00, 3.045988986967987e-05, -1.131769320630553e-10, -8.479367840557731e-11, -1.811188375748864e-05
3614, 3.926990816987241e+00, 3.141592653589793e+00, 4.712388980384690e+00, 3.046017852528809e-05, -2.581855547186598e-10, -3.623858827908310e-06, -1.811212849432214e-05
3615, 4.319689898685965e+00, 3.141592653589793e+00, 4.712388980384690e+00, 3.045987186561726e-05, -3.894587164250675e-10, -8.911042195081567e-11, -1.811190308134092e-05
3616, 4.712388980384690e+00, 3.141592653589793e+00, 4.712388980384690e+00, 3.046039754167422e-05, -4.969455759321406e-10, 3.623679246337633e-06, -1.811215606270313e-05
3617, 5.105088062083414e+00, 3.141592653589793e+00, 4.712388980384690e+00, 3.046064122192142e-05, -5.654451438951031e-10, -9.876328805406151e-11, -1.811193606666705e-05
3618, 5.497787143782138e+00, 3.141592653589793e+00, 4.712388980384690e+00, 3.046203126620503e-05, -5.690275925421419e-10, -3.623877721900804e-06, -1.811219188327829e-05
3619, 5.890486225480862e+00, 3.141592653589793e+00, 4.712388980384690e+00, 3.046321053288540e-05, -4.633591372979326e-10, -1.115804124833052e-10, -1.811197186497453e-05
3620, 6.283185307179586e+00, 3.141592653589793e+00, 4.712388980384690e+00, 3.046488424411762e-05, -1.295682055575460e-10, 3.623656311731364e-06, -1.811222230528385e-05
3621, 0.000000000000000e+00, 3.534291735288517e+00, 4.712388980384690e+00, 2.697223182743770e-05, -1.240490695084800e-10, 8.660775509684678e-06, -1.503223733182739e-05
3622, 3.926990816987241e-01, 3.534291735288517e+00, 4.712388980384690e+00, 4.885345661144024e-05, -4.508787101555016e-06, 4.325369857142033e-06, -1.960567764179074e-05
3623, 7.853981633974483e-01, 3.534291735288517e+00, 4.712388980384690e+00, 7.072789166545836e-05, 5.102927070823152e-10, -1.167271236871925e-08, -2.416814877432105e-05
3624, 1.178097245096172e+00, 3.534291735288517e+00, 4.712388980384690e+00, 4.885078350678402e-05, 4.509670832593609e-06, 4.325280347804212e-06, -1.960564774878264e-05
3625, 1.570796326794897e+00, 3.534291735288517e+00, 4.712388980384690e+00, 2.696818296644934e-05, 5.179990016336357e-10, 8.660624311156225e-06, -1.503218576564455e-05
3626, 1.963495408493621e+00, 3.534291735288517e+00, 4.712388980384690e+00, 4.884969222849091e-05, -4.508684055875659e-06, 4.325193915654562e-06, -1.960561591705203e-05
3627, 2.356194490192345e+00, 3.534291735288517e+00, 4.712388980384690e+00, 7.072549269169578e-05, 3.151119514711036e-10, -1.183795295043256e-08, -2.416808761639276e-05
3628, 2.748893571891069e+00, 3.534291735288517e+00, 4.712388980384690e+00, 4.884965970723392e-05, 4.509296083511245e-06, 4.325145037482430e-06, -1.960559366120601e-05
3629, 3.141592653589793e+00, 3.534291735288517e+00, 4.712388980384690e+00, 2.696785679322979e-05, 3.628994156567114e-11, 8.660527642096031e-06, -1.503214391013826e-05
3630, 3.534291735288517e+00, 3.534291735288517e+00, 4.712388980384690e+00, 4.884969491699116e-05, -4.509225258697749e-06, 4.325139330664480e-06, -1.960559082169885e-05
3631, 3.926990816987241e+00, 3.534291735288517e+00, 4.712388980384690e+00, 7.072552947718032e-05, -2.497655167185607e-10, -1.184931111285945e-08, -2.416808229038226e-05
3632, 4.319689898685965e+00, 3.534291735288517e+00, 4.712388980384690e+00, 4.884966523849795e-05, 4.508739351074678e-06, 4.325177119045863e-06, -1.960560872122509e-05
3633, 4.712388980384690e+00, 3.534291735288517e+00, 4.712388980384690e+00, 2.696800462169857e-05, -4.794606510076379e-10, 8.660602703853864e-06, -1.503217741067917e-05
3634, 5.105088062083414e+00, 3.534291735288517e+00, 4.712388980384690e+00, 4.885037356730182e-05, -4.509660241732959e-06, 4.325255484403361e-06, -1.960563888951773e-05
3635, 5.497787143782138e+00, 3.534291735288517e+00, 4.712388980384690e+00, 7.072724773784597e-05, -5.469429720369366e-10, -1.169746967531790e-08, -2.416814019874747e-05
3636, 5.890486225480862e+00, 3.534291735288517e+00, 4.712388980384690e+00, 4.885279482140909e-05, 4.508671202541079e-06, 4.325351719563694e-06, -1.960567120443781e-05
3637, 6.283185307179586e+00, 3.534291735288517e+00, 4.712388980384690e+00, 2.697223182743770e-05, -1.240490695084800e-10, 8.660775509684678e-06, -1.503223733182739e-05
3638, 0.000000000000000e+00, 3.926990816987241e+00, 4.712388980384690e+00, 6.589860492323413e-05, -1.047289602006631e-10, 7.449132149753659e-06, -1.572166407524585e-05
3639, 3.926990816987241e-01, 3.926990816987241e+00, 4.712388980384690e+00, 9.762241254506387e-05, 8.500194032395228e-06, 1.123878713186780e-05, -2.331580187160484e-05
3640, 7.853981633974483e-01, 3.926990816987241e+00, 4.712388980384690e+00, 1.293112114734208e-04, 4.377010250636517e-10, 1.503091362449612e-05, -3.086213695614132e-05
3641, 1.178097245096172e+00, 3.926990816987241e+00, 4.712388980384690e+00, 9.762017998472567e-05, -8.499434305865202e-06, 1.123860948091288e-05, -2.331578263224054e-05
3642, 1.570796326794897e+00, 3.926990816987241e+00, 4.712388980384690e+00, 6.589521472256998e-05, 4.522113818547395e-10, 7.448832322101226e-06, -1.572163040843941e-05
3643, 1.963495408493621e+00, 3.926990816987241e+00, 4.712388980384690e+00, 9.761924398724774e-05, 8.500294375814022e-06, 1.123843880184919e-05, -2.331576059641858e-05
3644, 2.356194490192345e+00, 3.926990816987241e+00, 4.712388980384690e+00, 1.293091669393582e-04, 2.785666668169695e-10, 1.503058708291135e-05, -3.086209476767249e-05
3645, 2.748893571891069e+00, 3.926990816987241e+00, 4.712388980384690e+00, 9.761919532546889e-05, -8.499754895663742e-06, 1.123834249698950e-05, -2.331574411626986e-05
3646, 3.141592653589793e+00, 3.926990816987241e+00, 4.712388980384690e+00, 6.589490396228833e-05, 3.201937081525909e-11, 7.448641749194883e-06, -1.572159984501189e-05
3647, 3.534291735288517e+00, 3.926990816987241e+00, 4.712388980384690e+00, 9.761922509103418e-05, 8.499817202072850e-06, 1.123833118605123e-05, -2.331574201035039e-05
3648, 3.926990816987241e+00, 3.926990816987241e+00, 4.712388980384690e+00, 1.293091983946554e-04, -2.216068739304473e-10, 1.503056457247004e-05, -3.086209087662366e-05
3649, 4.319689898685965e+00, 3.926990816987241e+00, 4.712388980384690e+00, 9.761922274941538e-05, -8.500246992268961e-06, 1.123840550762097e-05, -2.331575547258391e-05
3650, 4.712388980384690e+00, 3.926990816987241e+00, 4.712388980384690e+00, 6.589506821813377e-05, -4.202353827615093e-10, 7.448789460493010e-06, -1.572162466621004e-05
3651, 5.105088062083414e+00, 3.926990816987241e+00, 4.712388980384690e+00, 9.761984201505911e-05, 8.499441567465870e-06, 1.123856008612816e-05, -2.331577677369222e-05
3652, 5.497787143782138e+00, 3.926990816987241e+00, 4.712388980384690e+00, 1.293106802665753e-04, -4.709056823925492e-10, 1.503086434178656e-05, -3.086213144388689e-05
3653, 5.890486225480862e+00, 3.926990816987241e+00, 4.712388980384690e+00, 9.762186655887493e-05, -8.500293759850051e-06, 1.123875095796851e-05, -2.331579778105410e-05
3654, 6.283185307179586e+00, 3.926990816987241e+00, 4.712388980384690e+00, 6.589860492323413e-05, -1.047289602006631e-10, 7.449132149753659e-06, -1.572166407524585e-05
3655, 0.000000000000000e+00, 4.319689898685965e+00, 4.712388980384690e+00, 1.732784356144526e-04, -7.443551904509341e-11, -1.212469344875436e-04, -2.673065006289356e-05
3656, 3.926990816987241e-01, 4.319689898685965e+00, 4.712388980384690e+00, 1.565272248769149e-04, 1.959254657002819e-04, 2.234398492534545e-05, -2.654370515603301e-05
3657, 7.853981633974483e-01, 4.319689898685965e+00, 4.712388980384690e+00, 1.397432896619550e-04, 3.244824032893059e-10, 1.659452154961871e-04, -2.634711755838172e-05
3658, 1.178097245096172e+00, 4.319689898685965e+00, 4.712388980384690e+00, 1.565256517972697e-04, -1.959248993501652e-04, 2.234374595562844e-05, -2.654370245230074e-05
3659, 1.570796326794897e+00, 4.319689898685965e+00, 4.712388980384690e+00, 1.732760237254664e-04, 3.499081075089944e-10, -1.212473377300365e-04, -2.673064414517714e-05
3660, 1.963495408493621e+00, 4.319689898685965e+00, 4.712388980384690e+00, 1.565249209352553e-04, 1.959255622781509e-04, 2.234351676318555e-05, -2.654369552055333e-05
3661, 2.356194490192345e+00, 4.319689898685965e+00, 4.712388980384690e+00, 1.397417296909056e-04, 2.217041664553723e-10, 1.659447767957043e-04, -2.634710466197216e-05
3662, 2.748893571891069e+00, 4.319689898685965e+00, 4.712388980384690e+00, 1.565248231165068e-04, -1.959251356654995e-04, 2.234338714707861e-05, -2.654368795530219e-05
3663, 3.141592653589793e+00, 4.319689898685965e+00, 4.712388980384690e+00, 1.732756908703651e-04, 2.533819913334866e-11, -1.212475940799191e-04, -2.673063100124803e-05
3664, 3.534291735288517e+00, 4.319689898685965e+00, 4.712388980384690e+00, 1.565248416081275e-04, 1.959251846577412e-04, 2.234337184180970e-05, -2.654368698671016e-05
3665, 3.926990816987241e+00, 4.319689898685965e+00, 4.712388980384690e+00, 1.397417474473133e-04, -1.778259867019359e-10, 1.659447463746665e-04, -2.634710299342556e-05
3666, 4.319689898685965e+00, 4.319689898685965e+00, 4.712388980384690e+00, 1.565249010871552e-04, -1.959255272192315e-04, 2.234347183987953e-05, -2.654369360319185e-05
3667, 4.712388980384690e+00, 4.319689898685965e+00, 4.712388980384690e+00, 1.732759178765938e-04, -3.281721152906189e-10, -1.212473954877878e-04, -2.673064244917635e-05
3668, 5.105088062083414e+00, 4.319689898685965e+00, 4.712388980384690e+00, 1.565254169480340e-04, 1.959249013615009e-04, 2.234367941517974e-05, -2.654370125575805e-05
3669, 5.497787143782138e+00, 4.319689898685965e+00, 4.712388980384690e+00, 1.397429267426519e-04, -3.523907703735897e-10, 1.659451490401333e-04, -2.634711682609569e-05
3670, 5.890486225480862e+00, 4.319689898685965e+00, 4.712388980384690e+00, 1.565268552558906e-04, -1.959255401794821e-04, 2.234393606106147e-05, -2.654370473760918e-05
3671, 6.283185307179586e+00, 4.319689898685965e+00, 4.712388980384690e+00, 1.732784356144526e-04, -7.443551904509341e-11, -1.212469344875436e-04, -2.673065006289356e-05
3672, 0.000000000000000e+00, 4.712388980384690e+00, 4.712388980384690e+00, 3.535084493477553e-04, -3.766674605691896e-11, -9.236561841065681e-04, -5.137511254729400e-05
3673, 3.926990816987241e-01, 4.712388980384690e+00, 4.712388980384690e+00, 1.920904117920457e-04, 9.267777693642072e-04, 3.663170352552863e-05, -2.401249630970459e-05
3674, 7.853981633974483e-01, 4.712388980384690e+00, 4.712388980384690e+00, 3.124176102598238e-05, 1.879336349834530e-10, 9.965372202552722e-04, 2.724195304240458e-06
3675, 1.178097245096172e+00, 4.712388980384690e+00, 4.712388980384690e+00, 1.920896161681035e-04, -9.267774363726493e-04, 3.663144010479056e-05, -2.401251356593813e-05
3676, 1.570796326794897e+00, 4.712388980384690e+00, 4.712388980384690e+00, 3.535071860110016e-04, 2.264962791112840e-10, -9.236566290570469e-04, -5.137514013350521e-05
3677, 1.963495408493621e+00, 4.712388980384690e+00, 4.712388980384690e+00, 1.920891090862388e-04, 9.267778614414069e-04, 3.663118688370280e-05, -2.401252489016209e-05
3678, 2.356194490192345e+00, 4.712388980384690e+00, 4.712388980384690e+00, 3.124074220546913e-05, 1.527908256631106e-10, 9.965367356367775e-04, 2.724172784078148e-06
3679, 2.748893571891069e+00, 4.712388980384690e+00, 4.712388980384690e+00, 1.920889383736339e-04, -9.267775714756492e-04, 3.663104277363112e-05, -2.401252816478545e-05
3680, 3.141592653589793e+00, 4.712388980384690e+00, 4.712388980384690e+00, 3.535067996187638e-04, 1.718865628911518e-11, -9.236569137076416e-04, -5.137514813875819e-05
3681, 3.534291735288517e+00, 4.712388980384690e+00, 4.712388980384690e+00, 1.920889419814601e-04, 9.267776042574829e-04, 3.663102563505430e-05, -2.401252859176568e-05
3682, 3.926990816987241e+00, 4.712388980384690e+00, 4.712388980384690e+00, 3.124074084854417e-05, -1.247644050174493e-10, 9.965367016452945e-04, 2.724171735047110e-06
3683, 4.319689898685965e+00, 4.712388980384690e+00, 4.712388980384690e+00, 1.920890870087115e-04, -9.267778412267610e-04, 3.663113683250498e-05, -2.401252687427037e-05
3684, 4.712388980384690e+00, 4.712388980384690e+00, 4.712388980384690e+00, 3.535071241877372e-04, -2.170347646235692e-10, -9.236566931909673e-04, -5.137514334258384e-05
3685, 5.105088062083414e+00, 4.712388980384690e+00, 4.712388980384690e+00, 1.920895003670384e-04, 9.267774320783856e-04, 3.663136643640439e-05, -2.401251802121088e-05
3686, 5.497787143782138e+00, 4.712388980384690e+00, 4.712388980384690e+00, 3.124159690358051e-05, -2.095249234020076e-10, 9.965371467254055e-04, 2.724190218489879e-06
3687, 5.890486225480862e+00, 4.712388980384690e+00, 4.712388980384690e+00, 1.920902531481270e-04, -9.267778133604153e-04, 3.663164932721334e-05, -2.401250038436179e-05
3688, 6.283185307179586e+00, 4.712388980384690e+00, 4.712388980384690e+00, 3.535084493477553e-04, -3.766674605691896e-11, -9.236561841065681e-04, -5.137511254729400e-05
3689, 0.000000000000000e+00, 5.105088062083414e+00, 4.712388980384690e+00, 5.206014718435026e-04, -9.556610923741602e-14, -3.390559046711986e-03, -7.395394570887752e-05
3690, 3.926990816987241e-01, 5.105088062083414e+00, 4.712388980384690e+00, 1.693436759431306e-04, 2.261064799449409e-03, 4.889755185359585e-05, -8.890818788771836e-06
3691, 7.853981633974483e-01, 5.105088062083414e+00, 4.712388980384690e+00, -1.789093754432109e-04, 4.946843045585455e-11, 3.485572871907875e-03, 5.369050772830086e-05
3692, 1.178097245096172e+00, 5.105088062083414e+00, 4.712388980384690e+00, 1.693436494386236e-04, -2.261064703585108e-03, 4.889730600355864e-05, -8.890856213766013e-06
3693, 1.570796326794897e+00, 5.105088062083414e+00, 4.712388980384690e+00, 5.206013430560562e-04, 1.004696781484518e-10, -3.390559463597662e-03, -7.395400729141657e-05
3694, 1.963495408493621e+00, 5.105088062083414e+00, 4.712388980384690e+00, 1.693433520477958e-04, 2.261064885953049e-03, 4.889706657652193e-05, -8.890886350834157e-06
3695, 2.356194490192345e+00, 5.105088062083414e+00, 4.712388980384690e+00, -1.789098789622739e-04, 8.175069848680381e-11, 3.485572414604619e-03, 5.369044881749652e-05
3696, 2.748893571891069e+00, 5.105088062083414e+00, 4.712388980384690e+00, 1.693430998408777e-04, -2.261064736559250e-03, 4.889692875399028e-05, -8.890900942097442e-06
3697, 3.141592653589793e+00, 5.105088062083414e+00, 4.712388980384690e+00, 5.206008865690778e-04, 8.724292672162524e-12, -3.390559735282255e-03, -7.395403732468928e-05
3698, 3.534291735288517e+00, 5.105088062083414e+00, 4.712388980384690e+00, 1.693430880683868e-04, 2.261064752536513e-03, 4.889691222079782e-05, -8.890902847906127e-06
3699, 3.926990816987241e+00, 5.105088062083414e+00, 4.712388980384690e+00, -1.789099003955884e-04, -7.005478439648071e-11, 3.485572381892079e-03, 5.369044490479014e-05
3700, 4.319689898685965e+00, 5.105088062083414e+00, 4.712388980384690e+00, 1.693433263003290e-04, -2.261064880851211e-03, 4.889701857664882e-05, -8.890892409433156e-06
3701, 4.712388980384690e+00, 5.105088062083414e+00, 4.712388980384690e+00, 5.206013233704932e-04, -1.032848768001900e-10, -3.390559524745978e-03, -7.395401557286599e-05
3702, 5.105088062083414e+00, 5.105088062083414e+00, 4.712388980384690e+00, 1.693436507610167e-04, 2.261064693147808e-03, 4.889723633644841e-05, -8.890866468274620e-06
3703, 5.497787143782138e+00, 5.105088062083414e+00, 4.712388980384690e+00, -1.789093414035170e-04, -6.459021734525099e-11, 3.485572802817754e-03, 5.369049668043220e-05
3704, 5.890486225480862e+00, 5.105088062083414e+00, 4.712388980384690e+00, 1.693437301852124e-04, -2.261064812494930e-03, 4.889750088383928e-05, -8.890827504729051e-06
3705, 6.283185307179586e+00, 5.105088062083414e+00, 4.712388980384690e+00, 5.206014718435026e-04, -9.556610923741602e-14, -3.390559046711986e-03, -7.395394570887752e-05
3706, 0.000000000000000e+00, 5.497787143782138e+00, 4.712388980384690e+00, 5.226001916200152e-04, 3.212361506640111e-11, -7.860727082166750e-03, -6.311994642516506e-05
3707, 3.926990816987241e-01, 5.497787143782138e+00, 4.712388980384690e+00, 8.065458816249208e-05, 3.247708217590206e-03, 5.038723510583491e-05, 2.139404719093224e-05
3708, 7.853981633974483e-01, 5.497787143782138e+00, 4.712388980384690e+00, -3.562046314991488e-04, -6.831477353594450e-11, 7.954035163713801e-03, 1.022201655586364e-04
3709, 1.178097245096172e+00, 5.497787143782138e+00, 4.712388980384690e+00, 8.065518605483211e-05, -3.247708324669651e-03, 5.038704741772656e-05, 2.139399299264530e-05
3710, 1.570796326794897e+00, 5.497787143782138e+00, 4.712388980384690e+00, 5.226009863646474e-04, -9.554887940993489e-12, -7.860727403142573e-03, -6.312003668386994e-05
3711, 1.963495408493621e+00, 5.497787143782138e+00, 4.712388980384690e+00, 8.065505726868349e-05, 3.247708295938919e-03, 5.038685705676227e-05, 2.139394618631690e-05
3712, 2.356194490192345e+00, 5.497787143782138e+00, 4.712388980384690e+00, -3.562047218408277e-04, 1.885885019778639e-11, 7.954034802242507e-03, 1.022200747105674e-04
3713, 2.748893571891069e+00, 5.497787143782138e+00, 4.712388980384690e+00, 8.065473352240279e-05, -3.247708270628550e-03, 5.038674565631909e-05, 2.139392127919836e-05
3714, 3.141592653589793e+00, 5.497787143782138e+00, 4.712388980384690e+00, 5.226004651622910e-04, 1.176557125163888e-12, -7.860727622149396e-03, -6.312008670674709e-05
3715, 3.534291735288517e+00, 5.497787143782138e+00, 4.712388980384690e+00, 8.065470913056738e-05, 3.247708271633700e-03, 5.038673217776336e-05, 2.139391800843313e-05
3716, 3.926990816987241e+00, 5.497787143782138e+00, 4.712388980384690e+00, -3.562047594184454e-04, -2.163778075178018e-11, 7.954034775606540e-03, 1.022200681661963e-04
3717, 4.319689898685965e+00, 5.497787143782138e+00, 4.712388980384690e+00, 8.065502958580782e-05, -3.247708304021956e-03, 5.038681807066837e-05, 2.139393641627379e-05
3718, 4.712388980384690e+00, 5.497787143782138e+00, 4.712388980384690e+00, 5.226010031088480e-04, -3.564786775189013e-12, -7.860727452447249e-03, -6.312004951268313e-05
3719, 5.105088062083414e+00, 5.497787143782138e+00, 4.712388980384690e+00, 8.065528538904354e-05, 3.247708309666571e-03, 5.038699211654075e-05, 2.139397767168393e-05
3720, 5.497787143782138e+00, 5.497787143782138e+00, 4.712388980384690e+00, -3.562044333192908e-04, 5.937801821721763e-11, 7.954035110111049e-03, 1.022201494412481e-04
3721, 5.890486225480862e+00, 5.497787143782138e+00, 4.712388980384690e+00, 8.065481975528887e-05, -3.247708204194295e-03, 5.038719631919230e-05, 2.139403456502915e-05
3722, 6.283185307179586e+00, 5.497787143782138e+00, 4.712388980384690e+00, 5.226001916200152e-04, 3.212361506640111e-11, -7.860727082166750e-03, -6.311994642516506e-05
3723, 0.000000000000000e+00, 5.890486225480862e+00, 4.712388980384690e+00, 2.845445454492480e-04, 5.321015952287125e-11, -1.266781536282365e-02, -4.138041040831402e-06
3724, 3.926990816987241e-01, 5.890486225480862e+00, 4.712388980384690e+00, -2.758583782055457e-05, 2.511293358901744e-03, 3.331622526835043e-05, 5.591330329539922e-05
3725, 7.853981633974483e-01, 5.890486225480862e+00, 4.712388980384690e+00, -3.384619253567876e-04, -1.459489865159890e-10, 1.272625751713208e-02, 1.149953435843612e-04
3726, 1.178097245096172e+00, 5.890486225480862e+00, 4.712388980384690e+00, -2.758487704263480e-05, -2.511293601138118e-03, 3.331612544213125e-05, 5.591323884090486e-05
3727, 1.570796326794897e+00, 5.890486225480862e+00, 4.712388980384690e+00, 2.845458764383387e-04, -8.752376862515549e-11, -1.266781553329900e-02, -4.138149391750244e-06
3728, 1.963495408493621e+00, 5.890486225480862e+00, 4.712388980384690e+00, -2.758489493307263e-05, 2.511293424226693e-03, 3.331601231088874e-05, 5.591317998973346e-05
3729, 2.356194490192345e+00, 5.890486225480862e+00, 4.712388980384690e+00, -3.384617580837369e-04, -2.632558710501666e-11, 1.272625730463935e-02, 1.149952301209377e-04
3730, 2.748893571891069e+00, 5.890486225480862e+00, 4.712388980384690e+00, -2.758526529358227e-05, -2.511293487839280e-03, 3.331594489234211e-05, 5.591314722755833e-05
3731, 3.141592653589793e+00, 5.890486225480862e+00, 4.712388980384690e+00, 2.845453148179378e-04, -4.281740023020517e-12, -1.266781566541441e-02, -4.138214507925731e-06
3732, 3.534291735288517e+00, 5.890486225480862e+00, 4.712388980384690e+00, -2.758529735109773e-05, 2.511293478010024e-03, 3.331593666400002e-05, 5.591314292142877e-05
3733, 3.926990816987241e+00, 5.890486225480862e+00, 4.712388980384690e+00, -3.384618046700504e-04, 1.308413851280848e-11, 1.272625728835839e-02, 1.149952215785219e-04
3734, 4.319689898685965e+00, 5.890486225480862e+00, 4.712388980384690e+00, -2.758492085690589e-05, -2.511293441733297e-03, 3.331598847157836e-05, 5.591316740518460e-05
3735, 4.712388980384690e+00, 5.890486225480862e+00, 4.712388980384690e+00, 2.845459211275915e-04, 6.741566431883673e-11, -1.266781556327921e-02, -4.138165611121149e-06
3736, 5.105088062083414e+00, 5.890486225480862e+00, 4.712388980384690e+00, -2.758471135677180e-05, 2.511293584081982e-03, 3.331609244085893e-05, 5.591321993363776e-05
3737, 5.497787143782138e+00, 5.890486225480862e+00, 4.712388980384690e+00, -3.384616249385807e-04, 1.432198590158305e-10, 1.272625748686425e-02, 1.149953242149333e-04
3738, 5.890486225480862e+00, 5.890486225480862e+00, 4.712388980384690e+00, -2.758550262246598e-05, -2.511293327663595e-03, 3.331620678289582e-05, 5.591328846714234e-05
3739, 6.283185307179586e+00, 5.890486225480862e+00, 4.712388980384690e+00, 2.845445454492480e-04, 5.321015952287125e-11, -1.266781536282365e-02, -4.138041040831402e-06
3740, 0.000000000000000e+00, 6.283185307179586e+00, 4.712388980384690e+00, -7.773538224822241e-05, 5.210021943632363e-11, -1.481232555316769e-02, 7.247669164249839e-05
3741, 3.926990816987241e-01, 6.283185307179586e+00, 4.712388980384690e+00, -7.656834635745020e-05, -1.209059727207152e-10, 1.752044100566230e-10, 7.169929105565345e-05
3742, 7.853981633974483e-01, 6.283185307179586e+00, 4.712388980384690e+00, -7.773454267358193e-05, -1.740739670784950e-10, 1.481232588992089e-02, 7.247665060911404e-05
3743, 1.178097245096172e+00, 6.283185307179586e+00, 4.712388980384690e+00, -7.656732343584369e-05, -1.609149968874445e-10, 1.627792809888966e-10, 7.169922369807376e-05
3744, 1.570796326794897e+00, 6.283185307179586e+00, 4.712388980384690e+00, -7.773399144877027e-05, -1.215113370849387e-10, -1.481232556396886e-02, 7.247657952041831e-05
3745, 1.963495408493621e+00, 6.283185307179586e+00, 4.712388980384690e+00, -7.656730356392541e-05, -7.982583082826177e-11, 1.493669094089006e-10, 7.169915936079616e-05
3746, 2.356194490192345e+00, 6.283185307179586e+00, 4.712388980384690e+00, -7.773430060324509e-05, -4.613024585298452e-11, 1.481232586398873e-02, 7.247652714551424e-05
3747, 2.748893571891069e+00, 6.283185307179586e+00, 4.712388980384690e+00, -7.656769616403362e-05, -2.272238504423635e-11, 1.409273097775223e-10, 7.169912269422363e-05
3748, 3.141592653589793e+00, 6.283185307179586e+00, 4.712388980384690e+00, -7.773457528289692e-05, -6.707857803978120e-12, -1.481232558034467e-02, 7.247650701637306e-05
3749, 3.534291735288517e+00, 6.283185307179586e+00, 4.712388980384690e+00, -7.656773120127436e-05, 8.068119123626890e-12, 1.398576772378915e-10, 7.169911788474711e-05
3750, 3.926990816987241e+00, 6.283185307179586e+00, 4.712388980384690e+00, -7.773435044109167e-05, 2.821412386864713e-11, 1.481232586183602e-02, 7.247651762692841e-05
3751, 4.319689898685965e+00, 6.283185307179586e+00, 4.712388980384690e+00, -7.656732776510744e-05, 5.808915165997601e-11, 1.461291978305101e-10, 7.169914538919639e-05
3752, 4.712388980384690e+00, 6.283185307179586e+00, 4.712388980384690e+00, -7.773393384279553e-05, 9.828443492808245e-11, -1.481232556802679e-02, 7.247656165489348e-05
3753, 5.105088062083414e+00, 6.283185307179586e+00, 4.712388980384690e+00, -7.656713076629975e-05, 1.434907717118739e-10, 1.583126194678203e-10, 7.169920317317123e-05
3754, 5.497787143782138e+00, 6.283185307179586e+00, 4.712388980384690e+00, -7.773421105075905e-05, 1.773258143859871e-10, 1.481232588548283e-02, 7.247663009818159e-05
3755, 5.890486225480862e+00, 6.283185307179586e+00, 4.712388980384690e+00, -7.656800497140734e-05, 1.671788033038582e-10, 1.719596447696179e-10, 7.169927613454220e-05
3756, 6.283185307179586e+00, 6.283185307179586e+00, 4.712388980384690e+00, -7.773538224822241e-05, 5.210021943632363e-11, -1.481232555316769e-02, 7.247669164249839e-05
3757, 0.000000000000000e+00, 0.000000000000000e+00, 5.105088062083414e+00, -3.794105490910177e-04, 6.173158441983367e-11, -5.415502677538198e-02, 1.300294419534131e-04
3758, 3.926990816987241e-01, 0.000000000000000e+00, 5.105088062083414e+00, -3.333009831850798e-04, -1.441957534337278e-10, 1.961752821465454e-10, 1.183996216572851e-04
3759, 7.853981633974483e-01, 0.000000000000000e+00, 5.105088062083414e+00, -3.794095303762671e-04, -2.089270726938085e-10, 5.415502714885627e-02, 1.300294038133518e-04
3760, 1.178097245096172e+00, 0.000000000000000e+00, 5.105088062083414e+00, -3.332997384069895e-04, -1.962933374661071e-10, 1.793917856244223e-10, 1.183995612212865e-04
3761, 1.570796326794897e+00, 0.000000000000000e+00, 5.105088062083414e+00, -3.794088348442216e-04, -1.537078243941796e-10, -5.415502678703554e-02, 1.300293399026653e-04
3762, 1.963495408493621e+00, 0.000000000000000e+00, 5.105088062083414e+00, -3.332996434937723e-04, -1.065083389474090e-10, 1.670195394049292e-10, 1.183994996628706e-04
3763, 2.356194490192345e+00, 0.000000000000000e+00, 5.105088062083414e+00, -3.794091140777775e-04, -6.469417103510444e-11, 5.415502712111327e-02, 1.300292865649964e-04
3764, 2.748893571891069e+00, 0.000000000000000e+00, 5.105088062083414e+00, -3.333000457016414e-04, -3.268858106173283e-11, 1.571528706796261e-10, 1.183994625402814e-04
3765, 3.141592653589793e+00, 0.000000000000000e+00, 5.105088062083414e+00, -3.794094127416821e-04, -9.173764606003143e-12, -5.415502680497780e-02, 1.300292673239954e-04
3766, 3.534291735288517e+00, 0.000000000000000e+00, 5.105088062083414e+00, -3.333000805889057e-04, 1.316165463474538e-11, 1.560495865046417e-10, 1.183994575507552e-04
3767, 3.926990816987241e+00, 0.000000000000000e+00, 5.105088062083414e+00, -3.794091609604509e-04, 4.212517244956561e-11, 5.415502711874957e-02, 1.300292767596278e-04
3768, 4.319689898685965e+00, 0.000000000000000e+00, 5.105088062083414e+00, -3.332996567242543e-04, 8.058252289262067e-11, 1.632910791320628e-10, 1.183994854709153e-04
3769, 4.712388980384690e+00, 0.000000000000000e+00, 5.105088062083414e+00, -3.794087511164136e-04, 1.272187216950507e-10, -5.415502679138672e-02, 1.300293221925490e-04
3770, 5.105088062083414e+00, 0.000000000000000e+00, 5.105088062083414e+00, -3.332994981824009e-04, 1.773604900835983e-10, 1.750303264585787e-10, 1.183995415902223e-04
3771, 5.497787143782138e+00, 0.000000000000000e+00, 5.105088062083414e+00, -3.794091301651980e-04, 2.142557953296737e-10, 5.415502714436963e-02, 1.300293847976000e-04
3772, 5.890486225480862e+00, 0.000000000000000e+00, 5.105088062083414e+00, -3.333005750086921e-04, 1.997319984812263e-10, 1.929416161568256e-10, 1.183996079097238e-04
3773, 6.283185307179586e+00, 0.000000000000000e+00, 5.105088062083414e+00, -3.794105490910177e-04, 6.173158441983367e-11, -5.415502677538198e-02, 1.300294419534131e-04
3774, 0.000000000000000e+00, 3.926990816987241e-01, 5.105088062083414e+00, -1.156613009798710e-03, 6.888162029976332e-11, -4.644564338880353e-02, 2.061779994836694e-04
3775, 3.926990816987241e-01, 3.926990816987241e-01, 5.105088062083414e+00, -1.925134888825762e-04, -9.156500909385060e-03, -1.022594467987728e-04, 8.630979827226929e-05
3776, 7.853981633974483e-01, 3.926990816987241e-01, 5.105088062083414e+00, 8.109591090222448e-04, -1.903759533848070e-10, 4.633437436532820e-02, -4.606318210591499e-05
3777, 1.178097245096172e+00, 3.926990816987241e-01, 5.105088062083414e+00, -1.925123385831458e-04, 9.156500592136331e-03, -1.022593667681096e-04, 8.630974009266129e-05
3778, 1.570796326794897e+00, 3.926990816987241e-01, 5.105088062083414e+00, -1.156611449669341e-03, -1.298246298822603e-10, -4.644564325249369e-02, 2.061778998848502e-04
3779, 1.963495408493621e+00, 3.926990816987241e-01, 5.105088062083414e+00, -1.925123586798325e-04, -9.156500850628713e-03, -1.022592634683365e-04, 8.630968324565689e-05
3780, 2.356194490192345e+00, 3.926990816987241e-01, 5.105088062083414e+00, 8.109593140562380e-04, -5.106663165146272e-11, 4.633437455507107e-02, -4.606329120175869e-05
3781, 2.748893571891069e+00, 3.926990816987241e-01, 5.105088062083414e+00, -1.925128021607553e-04, 9.156500738641767e-03, -1.022592029571458e-04, 8.630964893620446e-05
3782, 3.141592653589793e+00, 3.926990816987241e-01, 5.105088062083414e+00, -1.156612121777825e-03, -7.480373017810170e-12, -4.644564313340110e-02, 2.061778330057506e-04
3783, 3.534291735288517e+00, 3.926990816987241e-01, 5.105088062083414e+00, -1.925128417982839e-04, -9.156500754875759e-03, -1.022591954610779e-04, 8.630964433112195e-05
3784, 3.926990816987241e+00, 3.926990816987241e-01, 5.105088062083414e+00, 8.109592565979004e-04, 3.160151767715601e-11, 4.633437456973348e-02, -4.606330030363103e-05
3785, 4.319689898685965e+00, 3.926990816987241e-01, 5.105088062083414e+00, -1.925123906771906e-04, 9.156500827487417e-03, -1.022592423946876e-04, 8.630967005866974e-05
3786, 4.712388980384690e+00, 3.926990816987241e-01, 5.105088062083414e+00, -1.156611395556355e-03, 1.052526670770808e-10, -4.644564322604684e-02, 2.061778834466835e-04
3787, 5.105088062083414e+00, 3.926990816987241e-01, 5.105088062083414e+00, -1.925121370750247e-04, -9.156500611295583e-03, -1.022593375899397e-04, 8.630972181991894e-05
3788, 5.497787143782138e+00, 3.926990816987241e-01, 5.105088062083414e+00, 8.109594766382959e-04, 1.901992388164118e-10, 4.633437439098798e-02, -4.606319999603493e-05
3789, 5.890486225480862e+00, 3.926990816987241e-01, 5.105088062083414e+00, -1.925130765218379e-04, 9.156500951546473e-03, -1.022594331617537e-04, 8.630978488422299e-05
3790, 6.283185307179586e+00, 3.926990816987241e-01, 5.105088062083414e+00, -1.156613009798710e-03, 6.888162029976332e-11, -4.644564338880353e-02, 2.061779994836694e-04
3791, 0.000000000000000e+00, 7.853981633974483e-01, 5.105088062083414e+00, -1.181739212068516e-03, 4.926414511443659e-11, -2.895031273653312e-02, 1.704440726257979e-04
3792, 3.926990816987241e-01, 7.853981633974483e-01, 5.105088062083414e+00, 8.900777343806045e-05, -1.183535205691781e-02, -1.202433426532156e-04, 2.213825544049391e-05
3793, 7.853981633974483e-01, 7.853981633974483e-01, 5.105088062083414e+00, 1.527220799920457e-03, -1.182577230863735e-10, 2.880657415224231e-02, -1.721684143416149e-04
3794, 1.178097245096172e+00, 7.853981633974483e-01, 5.105088062083414e+00, 8.900852137162854e-05, 1.183535186368133e-02, -1.202431625341980e-04, 2.213820657960411e-05
3795, 1.570796326794897e+00, 7.853981633974483e-01, 5.105088062083414e+00, -1.181738243033533e-03, -5.440268255677743e-11, -2.895031242750051e-02, 1.704439896699898e-04
3796, 1.963495408493621e+00, 7.853981633974483e-01, 5.105088062083414e+00, 8.900828939547941e-05, -1.183535197965127e-02, -1.202429707329462e-04, 2.213816193695985e-05
3797, 2.356194490192345e+00, 7.853981633974483e-01, 5.105088062083414e+00, 1.527220564923471e-03, -6.968102691103562e-12, 2.880657451537972e-02, -1.721685005821123e-04
3798, 2.748893571891069e+00, 7.853981633974483e-01, 5.105088062083414e+00, 8.900781542596226e-05, 1.183535195442714e-02, -1.202428569166973e-04, 2.213813593947683e-05
3799, 3.141592653589793e+00, 7.853981633974483e-01, 5.105088062083414e+00, -1.181739017095209e-03, -2.124058781422573e-12, -2.895031220537157e-02, 1.704439385166166e-04
3800, 3.534291735288517e+00, 7.853981633974483e-01, 5.105088062083414e+00, 8.900777382780686e-05, -1.183535196009190e-02, -1.202428431061543e-04, 2.213813242829381e-05
3801, 3.926990816987241e+00, 7.853981633974483e-01, 5.105088062083414e+00, 1.527220498177389e-03, -2.425165746684115e-12, 2.880657454268023e-02, -1.721685075696747e-04
3802, 4.319689898685965e+00, 7.853981633974483e-01, 5.105088062083414e+00, 8.900823133005284e-05, 1.183535196543620e-02, -1.202429312020661e-04, 2.213815166716343e-05
3803, 4.712388980384690e+00, 7.853981633974483e-01, 5.105088062083414e+00, -1.181738243375163e-03, 3.620706020749956e-11, -2.895031237795604e-02, 1.704439766589598e-04
3804, 5.105088062083414e+00, 7.853981633974483e-01, 5.105088062083414e+00, 8.900863259068898e-05, -1.183535188142607e-02, -1.202431070965562e-04, 2.213819186045221e-05
3805, 5.497787143782138e+00, 7.853981633974483e-01, 5.105088062083414e+00, 1.527221049274854e-03, 1.116663081647984e-10, 2.880657420540997e-02, -1.721684290807559e-04
3806, 5.890486225480862e+00, 7.853981633974483e-01, 5.105088062083414e+00, 8.900807695442022e-05, 1.183535208239203e-02, -1.202433049639372e-04, 2.213824412753578e-05
3807, 6.283185307179586e+00, 7.853981633974483e-01, 5.105088062083414e+00, -1.181739212068516e-03, 4.926414511443659e-11, -2.895031273653312e-02, 1.704440726257979e-04
3808, 0.000000000000000e+00, 1.178097245096172e+00, 5.105088062083414e+00, -7.274229054212158e-04, 1.580915779245762e-11, -1.260818598156650e-02, 9.223368834393594e-05
3809, 3.926990816987241e-01, 1.178097245096172e+00, 5.105088062083414e+00, 2.795235035858762e-04, -8.234378772525362e-03, -8.206817531413886e-05, -2.414564065736063e-05
3810, 7.853981633974483e-01, 1.178097245096172e+00, 5.105088062083414e+00, 1.394484465890741e-03, -4.434993117557606e-13, 1.249068825488373e-02, -1.687679783479831e-04
3811, 1.178097245096172e+00, 1.178097245096172e+00, 5.105088062083414e+00, 2.795235744927739e-04, 8.234378783497620e-03, -8.206792231887516e-05, -2.414567429728234e-05
3812, 1.570796326794897e+00, 1.178097245096172e+00, 5.105088062083414e+00, -7.274229485711047e-04, 5.889866443334164e-11, -1.260818555210678e-02, 9.223363232896417e-05
3813, 1.963495408493621e+00, 1.178097245096172e+00, 5.105088062083414e+00, 2.795230921250187e-04, -8.234378682736070e-03, -8.206767157757301e-05, -2.414570176613197e-05
3814, 2.356194490192345e+00, 1.178097245096172e+00, 5.105088062083414e+00, 1.394483665897314e-03, 5.897624242822091e-11, 1.249068873448134e-02, -1.687680319218675e-04
3815, 2.748893571891069e+00, 1.178097245096172e+00, 5.105088062083414e+00, 2.795226288456062e-04, 8.234378787053083e-03, -8.206752439766900e-05, -2.414571583338775e-05
3816, 3.141592653589793e+00, 1.178097245096172e+00, 5.105088062083414e+00, -7.274237713854886e-04, 5.812064255453892e-12, -1.260818526419476e-02, 9.223360368613131e-05
3817, 3.534291735288517e+00, 1.178097245096172e+00, 5.105088062083414e+00, 2.795225923209228e-04, -8.234378777011652e-03, -8.206750668330439e-05, -2.414571779465732e-05
3818, 3.926990816987241e+00, 1.178097245096172e+00, 5.105088062083414e+00, 1.394483600598858e-03, -5.332006971699248e-11, 1.249068876956029e-02, -1.687680359151532e-04
3819, 4.319689898685965e+00, 1.178097245096172e+00, 5.105088062083414e+00, 2.795230153773861e-04, 8.234378682006134e-03, -8.206762045776604e-05, -2.414570786717626e-05
3820, 4.712388980384690e+00, 1.178097245096172e+00, 5.105088062083414e+00, -7.274230093384396e-04, -6.683672190358920e-11, -1.260818548754209e-02, 9.223362422271092e-05
3821, 5.105088062083414e+00, 1.178097245096172e+00, 5.105088062083414e+00, 2.795235637919905e-04, -8.234378797080666e-03, -8.206784908630253e-05, -2.414568394299788e-05
3822, 5.497787143782138e+00, 1.178097245096172e+00, 5.105088062083414e+00, 1.394484530450124e-03, -1.296191998042735e-11, 1.249068832722829e-02, -1.687679884570113e-04
3823, 5.890486225480862e+00, 1.178097245096172e+00, 5.105088062083414e+00, 2.795236161819011e-04, 8.234378771141347e-03, -8.206812225593977e-05, -2.414564866751390e-05
3824, 6.283185307179586e+00, 1.178097245096172e+00, 5.105088062083414e+00, -7.274229054212158e-04, 1.580915779245762e-11, -1.260818598156650e-02, 9.223368834393594e-05
3825, 0.000000000000000e+00, 1.570796326794897e+00, 5.105088062083414e+00, -1.688916020286261e-04, -2.466011423989053e-11, -3.533645886571484e-03, 1.308332254316602e-05
3826, 3.926990816987241e-01, 1.570796326794897e+00, 5.105088062083414e+00, 2.977485243670096e-04, -3.372805905120437e-03, -4.209281919531090e-05, -3.811351460810760e-05
3827, 7.853981633974483e-01, 1.570796326794897e+00, 5.105088062083414e+00, 7.898374231332604e-04, 1.450830042193740e-10, 3.460636990489105e-03, -9.529721056164838e-05
3828, 1.178097245096172e+00, 1.570796326794897e+00, 5.105088062083414e+00, 2.977477606354074e-04, 3.372806166302217e-03, -4.209253627690055e-05, -3.811352982166220e-05
3829, 1.570796326794897e+00, 1.570796326794897e+00, 5.105088062083414e+00, -1.688928860617750e-04, 1.929889920680101e-10, -3.533645408483814e-03, 1.308329879020480e-05
3830, 1.963495408493621e+00, 1.570796326794897e+00, 5.105088062083414e+00, 2.977470192985741e-04, -3.372805807242394e-03, -4.209226271702761e-05, -3.811353748967802e-05
3831, 2.356194490192345e+00, 1.570796326794897e+00, 5.105088062083414e+00, 7.898360098189203e-04, 1.360574115765697e-10, 3.460637514729168e-03, -9.529722636626813e-05
3832, 2.748893571891069e+00, 1.570796326794897e+00, 5.105088062083414e+00, 2.977466088978991e-04, 3.372806063191481e-03, -4.209210463472538e-05, -3.811353806086193e-05
3833, 3.141592653589793e+00, 1.570796326794897e+00, 5.105088062083414e+00, -1.688936953471336e-04, 1.503672514222823e-11, -3.533645097765255e-03, 1.308329574535414e-05
3834, 3.534291735288517e+00, 1.570796326794897e+00, 5.105088062083414e+00, 2.977465840454662e-04, -3.372806034853272e-03, -4.209208567562885e-05, -3.811353825795940e-05
3835, 3.926990816987241e+00, 1.570796326794897e+00, 5.105088062083414e+00, 7.898359571053633e-04, -1.127570535014921e-10, 3.460637552285840e-03, -9.529722696343068e-05
3836, 4.319689898685965e+00, 1.570796326794897e+00, 5.105088062083414e+00, 2.977469347652192e-04, 3.372805822561177e-03, -4.209220769772136e-05, -3.811353885291422e-05
3837, 4.712388980384690e+00, 1.570796326794897e+00, 5.105088062083414e+00, -1.688930041827675e-04, -1.881504929223956e-10, -3.533645338444055e-03, 1.308329628916104e-05
3838, 5.105088062083414e+00, 1.570796326794897e+00, 5.105088062083414e+00, 2.977476142740152e-04, -3.372806173711053e-03, -4.209245617196268e-05, -3.811353359900949e-05
3839, 5.497787143782138e+00, 1.570796326794897e+00, 5.105088062083414e+00, 7.898372681238307e-04, -1.656217145822961e-10, 3.460637070315404e-03, -9.529721518553438e-05
3840, 5.890486225480862e+00, 1.570796326794897e+00, 5.105088062083414e+00, 2.977484043737282e-04, 3.372805870929195e-03, -4.209276032788562e-05, -3.811351856149903e-05
3841, 6.283185307179586e+00, 1.570796326794897e+00, 5.105088062083414e+00, -1.688916020286261e-04, -2.466011423989053e-11, -3.533645886571484e-03, 1.308332254316602e-05
3842, 0.000000000000000e+00, 1.963495408493621e+00, 5.105088062083414e+00, 1.661538529505920e-04, -6.552504258341715e-11, -5.352406738896500e-04, -3.424379319338266e-05
3843, 3.926990816987241e-01, 1.963495408493621e+00, 5.105088062083414e+00, 2.077655394229990e-04, -7.142090179532171e-04, -1.699581290991829e-05, -3.354788745422278e-05
3844, 7.853981633974483e-01, 1.963495408493621e+00, 5.105088062083414e+00, 2.491694118042609e-04, 2.945376397908812e-10, 5.019039746107213e-04, -3.262289132527089e-05
3845, 1.178097245096172e+00, 1.963495408493621e+00, 5.105088062083414e+00, 2.077639302765249e-04, 7.142095347890562e-04, -1.699554611354319e-05, -3.354788401879177e-05
3846, 1.570796326794897e+00, 1.963495408493621e+00, 5.105088062083414e+00, 1.661513198267662e-04, 3.283724895899207e-10, -5.352402235066926e-04, -3.424378446617388e-05
3847, 1.963495408493621e+00, 1.963495408493621e+00, 5.105088062083414e+00, 2.077629513618158e-04, -7.142089144267519e-04, -1.699529002078796e-05, -3.354787193998249e-05
3848, 2.356194490192345e+00, 1.963495408493621e+00, 5.105088062083414e+00, 2.491674198206395e-04, 2.128226316436334e-10, 5.019044651783914e-04, -3.262286950340698e-05
3849, 2.748893571891069e+00, 1.963495408493621e+00, 5.105088062083414e+00, 2.077626209940041e-04, 7.142093218833850e-04, -1.699514379221250e-05, -3.354785938672544e-05
3850, 3.141592653589793e+00, 1.963495408493621e+00, 5.105088062083414e+00, 1.661505709532810e-04, 2.419597299733101e-11, -5.352399350256490e-04, -3.424376246578337e-05
3851, 3.534291735288517e+00, 1.963495408493621e+00, 5.105088062083414e+00, 2.077626117329148e-04, -7.142092753521892e-04, -1.699512630733392e-05, -3.354785785412014e-05
3852, 3.926990816987241e+00, 1.963495408493621e+00, 5.105088062083414e+00, 2.491673870185746e-04, -1.718657000927743e-10, 5.019044998491754e-04, -3.262286677879691e-05
3853, 4.319689898685965e+00, 1.963495408493621e+00, 5.105088062083414e+00, 2.077628684148283e-04, 7.142089460358269e-04, -1.699523902550164e-05, -3.354786866830097e-05
3854, 4.712388980384690e+00, 1.963495408493621e+00, 5.105088062083414e+00, 1.661511532715232e-04, -3.102531347061244e-10, -5.352401582359079e-04, -3.424378145152816e-05
3855, 5.105088062083414e+00, 1.963495408493621e+00, 5.105088062083414e+00, 2.077636538306322e-04, -7.142095354334601e-04, -1.699547114706732e-05, -3.354788194217859e-05
3856, 5.497787143782138e+00, 1.963495408493621e+00, 5.105088062083414e+00, 2.491690383185267e-04, -3.219829435706552e-10, 5.019040494816079e-04, -3.262289037140188e-05
3857, 5.890486225480862e+00, 1.963495408493621e+00, 5.105088062083414e+00, 2.077651852901565e-04, 7.142089502763336e-04, -1.699575766228666e-05, -3.354788718439162e-05
3858, 6.283185307179586e+00, 1.963495408493621e+00, 5.105088062083414e+00, 1.661538529505920e-04, -6.552504258341715e-11, -5.352406738896500e-04, -3.424379319338266e-05
3859, 0.000000000000000e+00, 2.356194490192345e+00, 5.105088062083414e+00, 1.955613034325617e-04, -1.007206201547124e-10, -1.782934641771516e-05, -4.062913146633412e-05
3860, 3.926990816987241e-01, 2.356194490192345e+00, 5.105088062083414e+00, 9.697399696357274e-05, -3.412748186058766e-05, -4.755937506697935e-06, -2.489775663665488e-05
3861, 7.853981633974483e-01, 2.356194490192345e+00, 5.105088062083414e+00, -3.214478586270479e-06, 4.239799154697940e-10, 7.913275236854733e-06, -8.795487594158418e-06
3862, 1.178097245096172e+00, 2.356194490192345e+00, 5.105088062083414e+00, 9.697167052165651e-05, 3.412821986233669e-05, -4.755728285681624e-06, -2.489773718340378e-05
3863, 1.570796326794897e+00, 2.356194490192345e+00, 5.105088062083414e+00, 1.955577160839204e-04, 4.450480821147395e-10, -1.782899335241238e-05, -4.062909490466586e-05
3864, 1.963495408493621e+00, 2.356194490192345e+00, 5.105088062083414e+00, 9.697050786801595e-05, -3.412737437462693e-05, -4.755528006099859e-06, -2.489770827731892e-05
3865, 2.356194490192345e+00, 2.356194490192345e+00, 5.105088062083414e+00, -3.216930787279246e-06, 2.782732952083995e-10, 7.913658758767596e-06, -8.795433719385605e-06
3866, 2.748893571891069e+00, 2.356194490192345e+00, 5.105088062083414e+00, 9.697026506327645e-05, 3.412791141525921e-05, -4.755414478170110e-06, -2.489768470749664e-05
3867, 3.141592653589793e+00, 2.356194490192345e+00, 5.105088062083414e+00, 1.955570530227062e-04, 3.198929422983857e-11, -1.782876892328983e-05, -4.062905180941719e-05
3868, 3.534291735288517e+00, 2.356194490192345e+00, 5.105088062083414e+00, 9.697027194605597e-05, -3.412784938533275e-05, -4.755400939279671e-06, -2.489768172205642e-05
3869, 3.926990816987241e+00, 2.356194490192345e+00, 5.105088062083414e+00, -3.216941387916082e-06, -2.221905652110313e-10, 7.913685647843418e-06, -8.795428203262053e-06
3870, 4.319689898685965e+00, 2.356194490192345e+00, 5.105088062083414e+00, 9.697043290126974e-05, 3.412742008825496e-05, -4.755488343318961e-06, -2.489770110211720e-05
3871, 4.712388980384690e+00, 2.356194490192345e+00, 5.105088062083414e+00, 1.955575148080416e-04, -4.153019737225646e-10, -1.782894242463916e-05, -4.062908721817680e-05
3872, 5.105088062083414e+00, 2.356194490192345e+00, 5.105088062083414e+00, 9.697128821519581e-05, -3.412821450798851e-05, -4.755669666378078e-06, -2.489773010072717e-05
3873, 5.497787143782138e+00, 2.356194490192345e+00, 5.105088062083414e+00, -3.215035512881620e-06, -4.573225404260099e-10, 7.913333822092589e-06, -8.795481819027868e-06
3874, 5.890486225480862e+00, 2.356194490192345e+00, 5.105088062083414e+00, 9.697344409212657e-05, 3.412738524325308e-05, -4.755894288047669e-06, -2.489775268555845e-05
3875, 6.283185307179586e+00, 2.356194490192345e+00, 5.105088062083414e+00, 1.955613034325617e-04, -1.007206201547124e-10, -1.782934641771516e-05, -4.062913146633412e-05
3876, 0.000000000000000e+00, 2.748893571891069e+00, 5.105088062083414e+00, 8.217137901489858e-05, -1.250418530848577e-10, 1.373822763152035e-05, -2.777783596025363e-05
3877, 3.926990816987241e-01, 2.748893571891069e+00, 5.105088062083414e+00, 1.719724098624020e-05, 1.399546004092248e-05, -5.318484640301252e-07, -1.861597858286209e-05
3878, 7.853981633974483e-01, 2.748893571891069e+00, 5.105088062083414e+00, -4.814437060486473e-05, 5.134670156810085e-10, -1.493433380764598e-05, -9.390225826313256e-06
3879, 1.178097245096172e+00, 2.748893571891069e+00, 5.105088062083414e+00, 1.719443703160266e-05, -1.399456916058323e-05, -5.317285404692142e-07, -1.861594816575994e-05
3880, 1.570796326794897e+00, 2.748893571891069e+00, 5.105088062083414e+00, 8.216709533324666e-05, 5.255168117616530e-10, 1.373842989069026e-05, -2.777778037271451e-05
3881, 1.963495408493621e+00, 2.748893571891069e+00, 5.105088062083414e+00, 1.719317138821613e-05, 1.399556985268374e-05, -5.316141419362931e-07, -1.861590782805634e-05
3882, 2.356194490192345e+00, 2.748893571891069e+00, 5.105088062083414e+00, -4.814709619571675e-05, 3.230874274648677e-10, -1.493411471829276e-05, -9.390150160971327e-06
3883, 2.748893571891069e+00, 2.748893571891069e+00, 5.105088062083414e+00, 1.719300629274911e-05, -1.399494389756482e-05, -5.315496617708109e-07, -1.861587682392022e-05
3884, 3.141592653589793e+00, 2.748893571891069e+00, 5.105088062083414e+00, 8.216652397741168e-05, 3.731947719234026e-11, 1.373855754537200e-05, -2.777772302357237e-05
3885, 3.534291735288517e+00, 2.748893571891069e+00, 5.105088062083414e+00, 1.719302667465042e-05, 1.399501654264599e-05, -5.315419727085621e-07, -1.861587286110015e-05
3886, 3.926990816987241e+00, 2.748893571891069e+00, 5.105088062083414e+00, -4.814708706048419e-05, -2.565962759074549e-10, -1.493409942173280e-05, -9.390142762700058e-06
3887, 4.319689898685965e+00, 2.748893571891069e+00, 5.105088062083414e+00, 1.719310784269974e-05, -1.399551436427256e-05, -5.315915260320495e-07, -1.861589801168811e-05
3888, 4.712388980384690e+00, 2.748893571891069e+00, 5.105088062083414e+00, 8.216687674663434e-05, -4.876649548098743e-10, 1.373845900031459e-05, -2.777776950905108e-05
3889, 5.105088062083414e+00, 2.748893571891069e+00, 5.105088062083414e+00, 1.719398820693793e-05, 1.399457871720634e-05, -5.316949706317057e-07, -1.861593765806614e-05
3890, 5.497787143782138e+00, 2.748893571891069e+00, 5.105088062083414e+00, -4.814504855528260e-05, -5.508696701793394e-10, -1.493430022062281e-05, -9.390216736080373e-06
3891, 5.890486225480862e+00, 2.748893571891069e+00, 5.105088062083414e+00, 1.719655454709891e-05, -1.399557665627554e-05, -5.318236771043627e-07, -1.861597209751551e-05
3892, 6.283185307179586e+00, 2.748893571891069e+00, 5.105088062083414e+00, 8.217137901489858e-05, -1.250418530848577e-10, 1.373822763152035e-05, -2.777783596025363e-05
3893, 0.000000000000000e+00, 3.141592653589793e+00, 5.105088062083414e+00, -1.099657294418094e-05, -1.349035787343244e-10, 1.122872586833495e-05, -1.644180972504783e-05
3894, 3.926990816987241e-01, 3.141592653589793e+00, 5.105088062083414e+00, -1.099676566549813e-05, 3.554316173242264e-10, -1.238100892586081e-10, -1.643693364855249e-05
3895, 7.853981633974483e-01, 3.141592653589793e+00, 5.105088062083414e+00, -1.099884689695888e-05, 5.495233245055447e-10, -1.122896986394895e-05, -1.644178853865983e-05
3896, 1.178097245096172e+00, 3.141592653589793e+00, 5.105088062083414e+00, -1.099973529376232e-05, 5.969899001797024e-10, -1.111656315617913e-10, -1.643689898363683e-05
3897, 1.570796326794897e+00, 3.141592653589793e+00, 5.105088062083414e+00, -1.100109019090268e-05, 5.576696304922241e-10, 1.122874698921229e-05, -1.644174678233235e-05
3898, 1.963495408493621e+00, 3.141592653589793e+00, 5.105088062083414e+00, -1.100100780271326e-05, 4.657573846253827e-10, -9.980366949679558e-11, -1.643685428444278e-05
3899, 2.356194490192345e+00, 3.141592653589793e+00, 5.105088062083414e+00, -1.100161824768479e-05, 3.408295744976520e-10, -1.122894796650911e-05, -1.644170454207212e-05
3900, 2.748893571891069e+00, 3.141592653589793e+00, 5.105088062083414e+00, -1.100111814303845e-05, 1.954865396366575e-10, -9.373255069264037e-11, -1.643682045723998e-05
3901, 3.141592653589793e+00, 3.141592653589793e+00, 5.105088062083414e+00, -1.100157997794572e-05, 3.943985717394558e-11, 1.122875918000691e-05, -1.644168401619263e-05
3902, 3.534291735288517e+00, 3.141592653589793e+00, 5.105088062083414e+00, -1.100108938694581e-05, -1.186102152294420e-10, -9.296994717398240e-11, -1.643681612222742e-05
3903, 3.926990816987241e+00, 3.141592653589793e+00, 5.105088062083414e+00, -1.100159556952659e-05, -2.701651621701646e-10, -1.122894643382724e-05, -1.644169642512117e-05
3904, 4.319689898685965e+00, 3.141592653589793e+00, 5.105088062083414e+00, -1.100105905978689e-05, -4.063153562471552e-10, -9.750017876331513e-11, -1.643684345499365e-05
3905, 4.712388980384690e+00, 3.141592653589793e+00, 5.105088062083414e+00, -1.100130682456036e-05, -5.165050263110519e-10, 1.122875001640786e-05, -1.644173469186917e-05
3906, 5.105088062083414e+00, 3.141592653589793e+00, 5.105088062083414e+00, -1.100020190005604e-05, -5.856809575049055e-10, -1.075947915178139e-10, -1.643688714252686e-05
3907, 5.497787143782138e+00, 3.141592653589793e+00, 5.105088062083414e+00, -1.099956591528070e-05, -5.885197377164534e-10, -1.122896621412101e-05, -1.644177814721146e-05
3908, 5.890486225480862e+00, 3.141592653589793e+00, 5.105088062083414e+00, -1.099750118898735e-05, -4.801156818300389e-10, -1.210692553484657e-10, -1.643692616278870e-05
3909, 6.283185307179586e+00, 3.141592653589793e+00, 5.105088062083414e+00, -1.099657294418094e-05, -1.349035787343244e-10, 1.122872586833495e-05, -1.644180972504783e-05
3910, 0.000000000000000e+00, 3.534291735288517e+00, 5.105088062083414e+00, -4.814251834606565e-05, -1.288774021794092e-10, 1.493417225998784e-05, -9.390264379295084e-06
3911, 3.926990816987241e-01, 3.534291735288517e+00, 5.105088062083414e+00, 1.719695371109113e-05, -1.399478946071284e-05, 5.316164306173992e-07, -1.861599847825769e-05
3912, 7.853981633974483e-01, 3.534291735288517e+00, 5.105088062083414e+00, 8.216895408254989e-05, 5.267432588617834e-10, -1.373852345448712e-05, -2.777783691139213e-05
3913, 1.178097245096172e+00, 3.534291735288517e+00, 5.105088062083414e+00, 1.719415507526295e-05, 1.399570285584534e-05, 5.315198630788370e-07, -1.861596695591310e-05
3914, 1.570796326794897e+00, 3.534291735288517e+00, 5.105088062083414e+00, -4.814677140406703e-05, 5.366782423457323e-10, 1.493400903221997e-05, -9.390206901099086e-06
3915, 1.963495408493621e+00, 3.534291735288517e+00, 5.105088062083414e+00, 1.719297294646071e-05, -1.399468048257346e-05, 5.314264912152008e-07, -1.861592561200729e-05
3916, 2.356194490192345e+00, 3.534291735288517e+00, 5.105088062083414e+00, 8.216637165992117e-05, 3.289434837294860e-10, -1.373870202938244e-05, -2.777775929695777e-05
3917, 2.748893571891069e+00, 3.534291735288517e+00, 5.105088062083414e+00, 1.719288596456137e-05, 1.399531824743363e-05, 5.313733081629155e-07, -1.861589397398783e-05
3918, 3.141592653589793e+00, 3.534291735288517e+00, 5.105088062083414e+00, -4.814720241366221e-05, 3.805843553781203e-11, 1.493390404001748e-05, -9.390148324333144e-06
3919, 3.534291735288517e+00, 3.534291735288517e+00, 5.105088062083414e+00, 1.719291652196354e-05, -1.399524411651594e-05, 5.313670509607336e-07, -1.861588991879469e-05
3920, 3.926990816987241e+00, 3.534291735288517e+00, 5.105088062083414e+00, 8.216639936230986e-05, -2.609506280661313e-10, -1.373871445732710e-05, -2.777775172055516e-05
3921, 4.319689898685965e+00, 3.534291735288517e+00, 5.105088062083414e+00, 1.719293270391150e-05, 1.399473745416703e-05, 5.314081721207066e-07, -1.861591554090848e-05
3922, 4.712388980384690e+00, 3.534291735288517e+00, 5.105088062083414e+00, -4.814696736316672e-05, -4.975074730313288e-10, 1.493398555308626e-05, -9.390195717888055e-06
3923, 5.105088062083414e+00, 3.534291735288517e+00, 5.105088062083414e+00, 1.719372185025498e-05, -1.399569250642370e-05, 5.314929222171806e-07, -1.861595608070047e-05
3924, 5.497787143782138e+00, 3.534291735288517e+00, 5.105088062083414e+00, 8.216827975446500e-05, -5.646121748233910e-10, -1.373855026514229e-05, -2.777782743481715e-05
3925, 5.890486225480862e+00, 3.534291735288517e+00, 5.105088062083414e+00, 1.719626048821522e-05, 1.399466982990125e-05, 5.315967427481421e-07, -1.861599167347354e-05
3926, 6.283185307179586e+00, 3.534291735288517e+00, 5.105088062083414e+00, -4.814251834606565e-05, -1.288774021794092e-10, 1.493417225998784e-05, -9.390264379295084e-06
3927, 0.000000000000000e+00, 3.926990816987241e+00, 5.105088062083414e+00, -3.213226014728942e-06, -1.078442878437599e-10, -7.913335351296251e-06, -8.795536588016653e-06
3928, 3.926990816987241e-01, 3.926990816987241e+00, 5.105088062083414e+00, 9.697349542835986e-05, 3.412803753029674e-05, 4.755750498110732e-06, -2.489779389559571e-05
3929, 7.853981633974483e-01, 3.926990816987241e+00, 5.105088062083414e+00, 1.955590515473500e-04, 4.484992995225303e-10, 1.782903762154320e-05, -4.062915649073720e-05
3930, 1.178097245096172e+00, 3.926990816987241e+00, 5.105088062083414e+00, 9.697117983272466e-05, -3.412725794979020e-05, 4.755559057744826e-06, -2.489777251018141e-05
3931, 1.570796326794897e+00, 3.926990816987241e+00, 5.105088062083414e+00, -3.216755439378581e-06, 4.656983984791907e-10, -7.913658636722099e-06, -8.795496684037975e-06
3932, 1.963495408493621e+00, 3.926990816987241e+00, 5.105088062083414e+00, 9.697017175233629e-05, 3.412814356368778e-05, 4.755374977475973e-06, -2.489774176332080e-05
3933, 2.356194490192345e+00, 3.926990816987241e+00, 5.105088062083414e+00, 1.955568649344080e-04, 2.891905893777735e-10, 1.782868527519562e-05, -4.062909909687700e-05
3934, 2.748893571891069e+00, 3.926990816987241e+00, 5.105088062083414e+00, 9.697007346838939e-05, -3.412758455057788e-05, 4.755270367882100e-06, -2.489771702537697e-05
3935, 3.141592653589793e+00, 3.926990816987241e+00, 5.105088062083414e+00, -3.217159070284301e-06, 3.337769799055541e-11, -7.913865262345343e-06, -8.795451312779394e-06
3936, 3.534291735288517e+00, 3.926990816987241e+00, 5.105088062083414e+00, 9.697009898691620e-05, 3.412764936514979e-05, 4.755257992052965e-06, -2.489771385999100e-05
3937, 3.926990816987241e+00, 3.926990816987241e+00, 5.105088062083414e+00, 1.955568884215923e-04, -2.303126292305415e-10, 1.782866069371423e-05, -4.062909324215650e-05
3938, 4.319689898685965e+00, 3.926990816987241e+00, 5.105088062083414e+00, 9.697013966984930e-05, -3.412809511235583e-05, 4.755338731267777e-06, -2.489773411670955e-05
3939, 4.712388980384690e+00, 3.926990816987241e+00, 5.105088062083414e+00, -3.216914987697611e-06, -4.335313230749325e-10, -7.913705139855838e-06, -8.795488421247850e-06
3940, 5.105088062083414e+00, 3.926990816987241e+00, 5.105088062083414e+00, 9.697082633779290e-05, 3.412726476184540e-05, 4.755505598755006e-06, -2.489776477698249e-05
3941, 5.497787143782138e+00, 3.926990816987241e+00, 5.105088062083414e+00, 1.955585012115605e-04, -4.826937200176309e-10, 1.782898429863383e-05, -4.062915002794616e-05
3942, 5.890486225480862e+00, 3.926990816987241e+00, 5.105088062083414e+00, 9.697292972098433e-05, -3.412813973629742e-05, 4.755711265328356e-06, -2.489778935914659e-05
3943, 6.283185307179586e+00, 3.926990816987241e+00, 5.105088062083414e+00, -3.213226014728942e-06, -1.078442878437599e-10, -7.913335351296251e-06, -8.795536588016653e-06
3944, 0.000000000000000e+00, 4.319689898685965e+00, 5.105088062083414e+00, 2.491700037720177e-04, -7.484205299936496e-11, -5.019039278183190e-04, -3.262294255369951e-05
3945, 3.926990816987241e-01, 4.319689898685965e+00, 5.105088062083414e+00, 2.077649565991610e-04, 7.142094011713902e-04, 1.699569542910379e-05, -3.354793724927995e-05
3946, 7.853981633974483e-01, 4.319689898685965e+00, 5.105088062083414e+00, 1.661521013591692e-04, 3.265482226648015e-10, 5.352403948888353e-04, -3.424384098427417e-05
3947, 1.178097245096172e+00, 4.319689898685965e+00, 5.105088062083414e+00, 2.077633651024045e-04, -7.142088301943420e-04, 1.699543793799469e-05, -3.354793158103004e-05
3948, 1.570796326794897e+00, 4.319689898685965e+00, 5.105088062083414e+00, 2.491675507266538e-04, 3.553695477755010e-10, -5.019043626442373e-04, -3.262292986641012e-05
3949, 1.963495408493621e+00, 4.319689898685965e+00, 5.105088062083414e+00, 2.077625883637848e-04, 7.142095031724741e-04, 1.699519077362952e-05, -3.354791714858813e-05
3950, 2.356194490192345e+00, 4.319689898685965e+00, 5.105088062083414e+00, 1.661504585718617e-04, 2.273956366016138e-10, 5.352399216418972e-04, -3.424381476937581e-05
3951, 2.748893571891069e+00, 4.319689898685965e+00, 5.105088062083414e+00, 2.077624466979355e-04, -7.142090665989783e-04, 1.699505002505673e-05, -3.354790305451130e-05
3952, 3.141592653589793e+00, 4.319689898685965e+00, 5.105088062083414e+00, 2.491671400453018e-04, 2.605911807065510e-11, -5.019046405536906e-04, -3.262290484773695e-05
3953, 3.534291735288517e+00, 4.319689898685965e+00, 5.105088062083414e+00, 2.077624613307821e-04, 7.142091168654409e-04, 1.699503328045250e-05, -3.354790126553357e-05
3954, 3.926990816987241e+00, 4.319689898685965e+00, 5.105088062083414e+00, 1.661504696512423e-04, -1.827203408692517e-10, 5.352398884340521e-04, -3.424381157685783e-05
3955, 4.319689898685965e+00, 4.319689898685965e+00, 5.105088062083414e+00, 2.077625608254422e-04, -7.142094679895056e-04, 1.699514188363149e-05, -3.354791325027798e-05
3956, 4.712388980384690e+00, 4.319689898685965e+00, 5.105088062083414e+00, 2.491674382904403e-04, -3.341388694735623e-10, -5.019044253010812e-04, -3.262292612393317e-05
3957, 5.105088062083414e+00, 4.319689898685965e+00, 5.105088062083414e+00, 2.077631262331887e-04, 7.142088314142963e-04, 1.699536591912200e-05, -3.354792872876265e-05
3958, 5.497787143782138e+00, 4.319689898685965e+00, 5.105088062083414e+00, 1.661517364891667e-04, -3.551054938556456e-10, 5.352403229642648e-04, -3.424383922590962e-05
3959, 5.890486225480862e+00, 4.319689898685965e+00, 5.105088062083414e+00, 2.077645853139238e-04, -7.142094761757994e-04, 1.699564240233049e-05, -3.354793626259142e-05
3960, 6.283185307179586e+00, 4.319689898685965e+00, 5.105088062083414e+00, 2.491700037720177e-04, -7.484205299936496e-11, -5.019039278183190e-04, -3.262294255369951e-05
3961, 0.000000000000000e+00, 4.712388980384690e+00, 5.105088062083414e+00, 7.898374159300504e-04, -3.475563509090725e-11, -3.460636844819845e-03, -9.529725561540320e-05
3962, 3.926990816987241e-01, 4.712388980384690e+00, 5.105088062083414e+00, 2.977480266646683e-04, 3.372806084559916e-03, 4.209278858609587e-05, -3.811357032971612e-05
3963, 7.853981633974483e-01, 4.712388980384690e+00, 5.105088062083414e+00, -1.688925808354589e-04, 1.794785652453149e-10, 3.533645679772130e-03, 1.308325658342054e-05
3964, 1.178097245096172e+00, 4.712388980384690e+00, 5.105088062083414e+00, 2.977472899993164e-04, -3.372805765370591e-03, 4.209250478739636e-05, -3.811358365372946e-05
3965, 1.570796326794897e+00, 4.712388980384690e+00, 5.105088062083414e+00, 7.898362285580790e-04, 2.222055527767365e-10, -3.460637324936884e-03, -9.529727581748191e-05
3966, 1.963495408493621e+00, 4.712388980384690e+00, 5.105088062083414e+00, 2.977467674273630e-04, 3.372806181789647e-03, 4.209223149844103e-05, -3.811358893357356e-05
3967, 2.356194490192345e+00, 4.712388980384690e+00, 5.105088062083414e+00, -1.688936130698296e-04, 1.525365902885359e-10, 3.533645157002115e-03, 1.308324512178186e-05
3968, 2.748893571891069e+00, 4.712388980384690e+00, 5.105088062083414e+00, 2.977465590402954e-04, -3.372805893475787e-03, 4.209207502645928e-05, -3.811358771324417e-05
3969, 3.141592653589793e+00, 4.712388980384690e+00, 5.105088062083414e+00, 7.898357808707207e-04, 1.712386869207750e-11, -3.460637633761086e-03, -9.529727540980769e-05
3970, 3.534291735288517e+00, 4.712388980384690e+00, 5.105088062083414e+00, 2.977465592164569e-04, 3.372805926027020e-03, 4.209205625191823e-05, -3.811358760483163e-05
3971, 3.926990816987241e+00, 4.712388980384690e+00, 5.105088062083414e+00, -1.688936196529269e-04, -1.250601437549375e-10, 3.533645119887594e-03, 1.308324507469878e-05
3972, 4.319689898685965e+00, 4.712388980384690e+00, 5.105088062083414e+00, 2.977467412397430e-04, -3.372806162583011e-03, 4.209217701695495e-05, -3.811358957661930e-05
3973, 4.712388980384690e+00, 4.712388980384690e+00, 5.105088062083414e+00, 7.898361676447541e-04, -2.140878585964658e-10, -3.460637394545043e-03, -9.529727753991205e-05
3974, 5.105088062083414e+00, 4.712388980384690e+00, 5.105088062083414e+00, 2.977471839081498e-04, 3.372805759853266e-03, 4.209242503195403e-05, -3.811358671830147e-05
3975, 5.497787143782138e+00, 4.712388980384690e+00, 5.105088062083414e+00, -1.688927259834190e-04, -2.013580151385865e-10, 3.533645600155961e-03, 1.308325259358477e-05
3976, 5.890486225480862e+00, 4.712388980384690e+00, 5.105088062083414e+00, 2.977478886223328e-04, -3.372806126705321e-03, 4.209272966837234e-05, -3.811357372162584e-05
3977, 6.283185307179586e+00, 4.712388980384690e+00, 5.105088062083414e+00, 7.898374159300504e-04, -3.475563509090725e-11, -3.460636844819845e-03, -9.529725561540320e-05
3978, 0.000000000000000e+00, 5.105088062083414e+00, 5.105088062083414e+00, 1.394484025681413e-03, 6.091679920236741e-12, -1.249068802974371e-02, -1.687680100303162e-04
3979, 3.926990816987241e-01, 5.105088062083414e+00, 5.105088062083414e+00, 2.795232487549848e-04, 8.234378749439863e-03, 8.206824161425024e-05, -2.414569482033688e-05
3980, 7.853981633974483e-01, 5.105088062083414e+00, 5.105088062083414e+00, -7.274229618322561e-04, 3.023105749874007e-11, 1.260818588612992e-02, 9.223361174686388e-05
3981, 1.178097245096172e+00, 5.105088062083414e+00, 5.105088062083414e+00, 2.795233579849701e-04, -8.234378686088374e-03, 8.206797672247975e-05, -2.414572736869937e-05
3982, 1.570796326794897e+00, 5.105088062083414e+00, 5.105088062083414e+00, 1.394484089652034e-03, 8.612747332967042e-11, -1.249068847993588e-02, -1.687680636466414e-04
3983, 1.963495408493621e+00, 5.105088062083414e+00, 5.105088062083414e+00, 2.795230765498017e-04, 8.234378840578784e-03, 8.206771805974865e-05, -2.414575296775341e-05
3984, 2.356194490192345e+00, 5.105088062083414e+00, 5.105088062083414e+00, -7.274234083020664e-04, 7.534108188893650e-11, 1.260818539282641e-02, 9.223356159232918e-05
3985, 2.748893571891069e+00, 5.105088062083414e+00, 5.105088062083414e+00, 2.795227927811047e-04, -8.234378704879069e-03, 8.206756832653512e-05, -2.414576501650600e-05
3986, 3.141592653589793e+00, 5.105088062083414e+00, 5.105088062083414e+00, 1.394483588760411e-03, 7.826691961990859e-12, -1.249068877522267e-02, -1.687680886364197e-04
3987, 3.534291735288517e+00, 5.105088062083414e+00, 5.105088062083414e+00, 2.795227782202164e-04, 8.234378719043124e-03, 8.206755017148239e-05, -2.414576667454479e-05
3988, 3.926990816987241e+00, 5.105088062083414e+00, 5.105088062083414e+00, -7.274234332031847e-04, -6.558321488848312e-11, 1.260818535707403e-02, 9.223355816243580e-05
3989, 4.319689898685965e+00, 5.105088062083414e+00, 5.105088062083414e+00, 2.795230504750782e-04, -8.234378837617677e-03, 8.206766575267342e-05, -2.414575830871862e-05
3990, 4.712388980384690e+00, 5.105088062083414e+00, 5.105088062083414e+00, 1.394484078481775e-03, -9.109389042844677e-11, -1.249068854638077e-02, -1.687680709813869e-04
3991, 5.105088062083414e+00, 5.105088062083414e+00, 5.105088062083414e+00, 2.795233829740127e-04, 8.234378673992737e-03, 8.206790131805140e-05, -2.414573649547716e-05
3992, 5.497787143782138e+00, 5.105088062083414e+00, 5.105088062083414e+00, -7.274228872243292e-04, -4.538295067941229e-11, 1.260818581135658e-02, 9.223360182628370e-05
3993, 5.890486225480862e+00, 5.105088062083414e+00, 5.105088062083414e+00, 2.795233471459977e-04, -8.234378758208384e-03, 8.206818609439288e-05, -2.414570282046048e-05
3994, 6.283185307179586e+00, 5.105088062083414e+00, 5.105088062083414e+00, 1.394484025681413e-03, 6.091679920236741e-12, -1.249068802974371e-02, -1.687680100303162e-04
3995, 0.000000000000000e+00, 5.497787143782138e+00, 5.105088062083414e+00, 1.527220145314923e-03, 4.089968740248445e-11, -2.880657387337282e-02, -1.721684279977270e-04
3996, 3.926990816987241e-01, 5.497787143782138e+00, 5.105088062083414e+00, 8.900784401401572e-05, 1.183535186826468e-02, 1.202435105838401e-04, 2.213821017258875e-05
3997, 7.853981633974483e-01, 5.497787143782138e+00, 5.105088062083414e+00, -1.181738408096646e-03, -9.669822741521288e-11, 2.895031278766765e-02, 1.704439953987230e-04
3998, 1.178097245096172e+00, 5.497787143782138e+00, 5.105088062083414e+00, 8.900863763718819e-05, -1.183535202352109e-02, 1.202433078646005e-04, 2.213816165852780e-05
3999, 1.570796326794897e+00, 5.497787143782138e+00, 5.105088062083414e+00, 1.527221225842881e-03, -3.270108724430695e-11, -2.880657421974720e-02, -1.721685097439943e-04
4000, 1.963495408493621e+00, 5.497787143782138e+00, 5.105088062083414e+00, 8.900855351836873e-05, 1.183535194995724e-02, 1.202431023900019e-04, 2.213811815004735e-05
4001, 2.356194490192345e+00, 5.497787143782138e+00, 5.105088062083414e+00, -1.181738380475196e-03, 6.835852255898646e-12, 2.895031239760635e-02, 1.704439114516346e-04
4002, 2.748893571891069e+00, 5.497787143782138e+00, 5.105088062083414e+00, 8.900820479702415e-05, -1.183535194916465e-02, 1.202429809200810e-04, 2.213809424190019e-05
4003, 3.141592653589793e+00, 5.497787143782138e+00, 5.105088062083414e+00, 1.527220677769913e-03, -4.790952926993072e-13, -2.880657445852162e-02, -1.721685574266600e-04
4004, 3.534291735288517e+00, 5.497787143782138e+00, 5.105088062083414e+00, 8.900817859990679e-05, 1.183535194690380e-02, 1.202429660894081e-04, 2.213809097875538e-05
4005, 3.926990816987241e+00, 5.497787143782138e+00, 5.105088062083414e+00, -1.181738419299623e-03, -1.281373338907867e-11, 2.895031236842611e-02, 1.704439049637141e-04
4006, 4.319689898685965e+00, 5.497787143782138e+00, 5.105088062083414e+00, 8.900852951887913e-05, -1.183535196114460e-02, 1.202430597607483e-04, 2.213810859800636e-05
4007, 4.712388980384690e+00, 5.497787143782138e+00, 5.105088062083414e+00, 1.527221258212819e-03, 1.682319187529783e-11, -2.880657427343578e-02, -1.721685220496657e-04
4008, 5.105088062083414e+00, 5.497787143782138e+00, 5.105088062083414e+00, 8.900877261072971e-05, 1.183535200659554e-02, 1.202432481182320e-04, 2.213814726888672e-05
4009, 5.497787143782138e+00, 5.497787143782138e+00, 5.105088062083414e+00, -1.181738151519455e-03, 8.798070166287461e-11, 2.895031272982803e-02, 1.704439804304152e-04
4010, 5.890486225480862e+00, 5.497787143782138e+00, 5.105088062083414e+00, 8.900813946396914e-05, -1.183535184855817e-02, 1.202434683882452e-04, 2.213819824335163e-05
4011, 6.283185307179586e+00, 5.497787143782138e+00, 5.105088062083414e+00, 1.527220145314923e-03, 4.089968740248445e-11, -2.880657387337282e-02, -1.721684279977270e-04
4012, 0.000000000000000e+00, 5.890486225480862e+00, 5.105088062083414e+00, 8.109583861917535e-04, 6.354911112914485e-11, -4.633437405113237e-02, -4.606317445993329e-05
4013, 3.926990816987241e-01, 5.890486225480862e+00, 5.105088062083414e+00, -1.925131999110375e-04, 9.156500624422191e-03, 1.022597193638961e-04, 8.630976958446234e-05
4014, 7.853981633974483e-01, 5.890486225480862e+00, 5.105088062083414e+00, -1.156611729446701e-03, -1.797372306106802e-10, 4.644564361292222e-02, 2.061779342171976e-04
4015, 1.178097245096172e+00, 5.890486225480862e+00, 5.105088062083414e+00, -1.925120142569019e-04, -9.156500924474689e-03, 1.022596102760152e-04, 8.630971149371615e-05
4016, 1.570796326794897e+00, 5.890486225480862e+00, 5.105088062083414e+00, 8.109600498994270e-04, -1.169342463959175e-10, -4.633437423348772e-02, -4.606327363319052e-05
4017, 1.963495408493621e+00, 5.890486225480862e+00, 5.105088062083414e+00, -1.925119662118977e-04, 9.156500690708672e-03, 1.022594890303653e-04, 8.630965533555515e-05
4018, 2.356194490192345e+00, 5.890486225480862e+00, 5.105088062083414e+00, -1.156611402988896e-03, -4.267495671659880e-11, 4.644564338332309e-02, 2.061778267745850e-04
4019, 2.748893571891069e+00, 5.890486225480862e+00, 5.105088062083414e+00, -1.925123533846100e-04, -9.156500786954134e-03, 1.022594146946286e-04, 8.630962256705351e-05
4020, 3.141592653589793e+00, 5.890486225480862e+00, 5.105088062083414e+00, 8.109594800325693e-04, -6.494685238380750e-12, -4.633437437829716e-02, -4.606333813696520e-05
4021, 3.534291735288517e+00, 5.890486225480862e+00, 5.105088062083414e+00, -1.925123860943486e-04, 9.156500772766524e-03, 1.022594056465295e-04, 8.630961812212906e-05
4022, 3.926990816987241e+00, 5.890486225480862e+00, 5.105088062083414e+00, -1.156611448347790e-03, 2.526684493352658e-11, 4.644564336539420e-02, 2.061778180263406e-04
4023, 4.319689898685965e+00, 5.890486225480862e+00, 5.105088062083414e+00, -1.925119842523592e-04, -9.156500712026894e-03, 1.022594627429816e-04, 8.630964265394935e-05
4024, 4.712388980384690e+00, 5.890486225480862e+00, 5.105088062083414e+00, 8.109601165376807e-04, 9.371485731403792e-11, -4.633437426626454e-02, -4.606328959232018e-05
4025, 5.105088062083414e+00, 5.890486225480862e+00, 5.105088062083414e+00, -1.925118046486645e-04, 9.156500905597637e-03, 1.022595747976501e-04, 8.630969344070383e-05
4026, 5.497787143782138e+00, 5.890486225480862e+00, 5.105088062083414e+00, -1.156611361100580e-03, 1.779052112980182e-10, 4.644564358054372e-02, 2.061779161089878e-04
4027, 5.890486225480862e+00, 5.890486225480862e+00, 5.105088062083414e+00, -1.925127921900233e-04, -9.156500585650445e-03, 1.022596996172235e-04, 8.630975557367306e-05
4028, 6.283185307179586e+00, 5.890486225480862e+00, 5.105088062083414e+00, 8.109583861917535e-04, 6.354911112914485e-11, -4.633437405113237e-02, -4.606317445993329e-05
4029, 0.000000000000000e+00, 6.283185307179586e+00, 5.105088062083414e+00, -3.794105490910177e-04, 6.173158441983367e-11, -5.415502677538198e-02, 1.300294419534131e-04
4030, 3.926990816987241e-01, 6.283185307179586e+00, 5.105088062083414e+00, -3.333009831850798e-04, -1.441957534337278e-10, 1.961752821465454e-10, 1.183996216572851e-04
4031, 7.853981633974483e-01, 6.283185307179586e+00, 5.105088062083414e+00, -3.794095303762671e-04, -2.089270726938085e-10, 5.415502714885627e-02, 1.300294038133518e-04
4032, 1.178097245096172e+00, 6.283185307179586e+00, 5.105088062083414e+00, -3.332997384069895e-04, -1.962933374661071e-10, 1.793917856244223e-10, 1.183995612212865e-04
4033, 1.570796326794897e+00, 6.283185307179586e+00, 5.105088062083414e+00, -3.794088348442216e-04, -1.537078243941796e-10, -5.415502678703554e-02, 1.300293399026653e-04
4034, 1.963495408493621e+00, 6.283185307179586e+00, 5.105088062083414e+00, -3.332996434937723e-04, -1.065083389474090e-10, 1.670195394049292e-10, 1.183994996628706e-04
4035, 2.356194490192345e+00, 6.283185307179586e+00, 5.105088062083414e+00, -3.794091140777775e-04, -6.469417103510444e-11, 5.415502712111327e-02, 1.300292865649964e-04
4036, 2.748893571891069e+00, 6.283185307179586e+00, 5.105088062083414e+00, -3.333000457016414e-04, -3.268858106173283e-11, 1.571528706796261e-10, 1.183994625402814e-04
4037, 3.141592653589793e+00, 6.283185307179586e+00, 5.105088062083414e+00, -3.794094127416821e-04, -9.173764606003143e-12, -5.415502680497780e-02, 1.300292673239954e-04
4038, 3.534291735288517e+00, 6.283185307179586e+00, 5.105088062083414e+00, -3.333000805889057e-04, 1.316165463474538e-11, 1.560495865046417e-10, 1.183994575507552e-04
4039, 3.926990816987241e+00, 6.283185307179586e+00, 5.105088062083414e+00, -3.794091609604509e-04, 4.212517244956561e-11, 5.415502711874957e-02, 1.300292767596278e-04
4040, 4.319689898685965e+00, 6.283185307179586e+00, 5.105088062083414e+00, -3.332996567242543e-04, 8.058252289262067e-11, 1.632910791320628e-10, 1.183994854709153e-04
4041, 4.712388980384690e+00, 6.283185307179586e+00, 5.105088062083414e+00, -3.794087511164136e-04, 1.272187216950507e-10, -5.415502679138672e-02, 1.300293221925490e-04
4042, 5.105088062083414e+00, 6.283185307179586e+00, 5.105088062083414e+00, -3.332994981824009e-04, 1.773604900835983e-10, 1.750303264585787e-10, 1.183995415902223e-04
4043, 5.497787143782138e+00, 6.283185307179586e+00, 5.105088062083414e+00, -3.794091301651980e-04, 2.142557953296737e-10, 5.415502714436963e-02, 1.300293847976000e-04
4044, 5.890486225480862e+00, 6.283185307179586e+00, 5.105088062083414e+00, -3.333005750086921e-04, 1.997319984812263e-10, 1.929416161568256e-10, 1.183996079097238e-04
4045, 6.283185307179586e+00, 6.283185307179586e+00, 5.105088062083414e+00, -3.794105490910177e-04, 6.173158441983367e-11, -5.415502677538198e-02, 1.300294419534131e-04
4046, 0.000000000000000e+00, 0.000000000000000e+00, 5.497787143782138e+00, -1.040572379328932e-03, 6.967953895123964e-11, -1.258760260215395e-01, 1.823298336600782e-04
4047, 3.926990816987241e-01, 0.000000000000000e+00, 5.497787143782138e+00, -8.098587607105112e-04, -1.626685763881801e-10, 2.186300916947712e-10, 1.491026190656795e-04
4048, 7.853981633974483e-01, 0.000000000000000e+00, 5.497787143782138e+00, -1.040571223138370e-03, -2.364561026122283e-10, 1.258760264300174e-01, 1.823298086178705e-04
4049, 1.178097245096172e+00, 0.000000000000000e+00, 5.497787143782138e+00, -8.098573617601272e-04, -2.254120210707801e-10, 1.932961602863666e-10, 1.491025783154695e-04
4050, 1.570796326794897e+00, 0.000000000000000e+00, 5.497787143782138e+00, -1.040570437793152e-03, -1.826303492839759e-10, -1.258760260350947e-01, 1.823297615835434e-04
4051, 1.963495408493621e+00, 0.000000000000000e+00, 5.497787143782138e+00, -8.098572052905180e-04, -1.321159269602076e-10, 1.845496367758681e-10, 1.491025272527381e-04
4052, 2.356194490192345e+00, 0.000000000000000e+00, 5.497787143782138e+00, -1.040570671883040e-03, -8.237655043105868e-11, 1.258760264002085e-01, 1.823297139130730e-04
4053, 2.748893571891069e+00, 0.000000000000000e+00, 5.497787143782138e+00, -8.098576088231778e-04, -4.167412081857492e-11, 1.724501232936824e-10, 1.491024943541489e-04
4054, 3.141592653589793e+00, 0.000000000000000e+00, 5.497787143782138e+00, -1.040570999378752e-03, -1.157023631516527e-11, -1.258760260542439e-01, 1.823296979360621e-04
4055, 3.534291735288517e+00, 0.000000000000000e+00, 5.497787143782138e+00, -8.098576419063510e-04, 1.743094981004566e-11, 1.714504324878560e-10, 1.491024898485284e-04
4056, 3.926990816987241e+00, 0.000000000000000e+00, 5.497787143782138e+00, -1.040570712998848e-03, 5.539036775552623e-11, 1.258760263976499e-01, 1.823297050906082e-04
4057, 4.319689898685965e+00, 0.000000000000000e+00, 5.497787143782138e+00, -8.098572048796089e-04, 1.024330903894043e-10, 1.801382077055635e-10, 1.491025146011165e-04
4058, 4.712388980384690e+00, 0.000000000000000e+00, 5.497787143782138e+00, -1.040570328016752e-03, 1.537163035454952e-10, -1.258760260395912e-01, 1.823297461745254e-04
4059, 5.105088062083414e+00, 0.000000000000000e+00, 5.497787143782138e+00, -8.098570810008203e-04, 2.061299878774247e-10, 1.894485971033873e-10, 1.491025622042751e-04
4060, 5.497787143782138e+00, 0.000000000000000e+00, 5.497787143782138e+00, -1.040570769674941e-03, 2.443352608413558e-10, 1.258760264255480e-01, 1.823297944871869e-04
4061, 5.890486225480862e+00, 0.000000000000000e+00, 5.497787143782138e+00, -8.098583017784784e-04, 2.258243591588464e-10, 2.155320036495362e-10, 1.491026098363367e-04
4062, 6.283185307179586e+00, 0.000000000000000e+00, 5.497787143782138e+00, -1.040572379328932e-03, 6.967953895123964e-11, -1.258760260215395e-01, 1.823298336600782e-04
4063, 0.000000000000000e+00, 3.926990816987241e-01, 5.497787143782138e+00, -2.507554562856802e-03, 7.876338978212512e-11, -1.077389339460424e-01, 2.551313433057037e-04
4064, 3.926990816987241e-01, 3.926990816987241e-01, 5.497787143782138e+00, -5.122363308172823e-04, -2.124403040071172e-02, -2.966154938562641e-04, 1.056467616585744e-04
4065, 7.853981633974483e-01, 3.926990816987241e-01, 5.497787143782138e+00, 1.669154084351141e-03, -2.159258326149653e-10, 1.076560080300814e-01, -7.776484289930042e-05
4066, 1.178097245096172e+00, 3.926990816987241e-01, 5.497787143782138e+00, -5.122350304872569e-04, 2.124403003612760e-02, -2.966154164308743e-04, 1.056467228832820e-04
4067, 1.570796326794897e+00, 3.926990816987241e-01, 5.497787143782138e+00, -2.507552776844660e-03, -1.562932259110074e-10, -1.077389338027611e-01, 2.551312729575854e-04
4068, 1.963495408493621e+00, 3.926990816987241e-01, 5.497787143782138e+00, -5.122350080520444e-04, -2.124403034507868e-02, -2.966153014169211e-04, 1.056466762313240e-04
4069, 2.356194490192345e+00, 3.926990816987241e-01, 5.497787143782138e+00, 1.669154394124394e-03, -6.757527922649882e-11, 1.076560082350535e-01, -7.776493018266014e-05
4070, 2.748893571891069e+00, 3.926990816987241e-01, 5.497787143782138e+00, -5.122354609607360e-04, 2.124403020126250e-02, -2.966152359897867e-04, 1.056466459950951e-04
4071, 3.141592653589793e+00, 3.926990816987241e-01, 5.497787143782138e+00, -2.507553451329846e-03, -9.659532644417643e-12, -1.077389336723119e-01, 2.551312148253996e-04
4072, 3.534291735288517e+00, 3.926990816987241e-01, 5.497787143782138e+00, -5.122355000374724e-04, -2.124403022185653e-02, -2.966152275658925e-04, 1.056466418615777e-04
4073, 3.926990816987241e+00, 3.926990816987241e-01, 5.497787143782138e+00, 1.669154340315393e-03, 4.397215992014893e-11, 1.076560082512021e-01, -7.776493835140035e-05
4074, 4.319689898685965e+00, 3.926990816987241e-01, 5.497787143782138e+00, -5.122350295233185e-04, 2.124403031843218e-02, -2.966152785425765e-04, 1.056466645182543e-04
4075, 4.712388980384690e+00, 3.926990816987241e-01, 5.497787143782138e+00, -2.507552701293872e-03, 1.294035744759951e-10, -1.077389337738930e-01, 2.551312587451779e-04
4076, 5.105088062083414e+00, 3.926990816987241e-01, 5.497787143782138e+00, -5.122347940789041e-04, -2.124403005561100e-02, -2.966153843166404e-04, 1.056467080180397e-04
4077, 5.497787143782138e+00, 3.926990816987241e-01, 5.497787143782138e+00, 1.669154500095707e-03, 2.181822896355824e-10, 1.076560080575904e-01, -7.776485593008908e-05
4078, 5.890486225480862e+00, 3.926990816987241e-01, 5.497787143782138e+00, -5.122358694982565e-04, 2.124403044888503e-02, -2.966154803861447e-04, 1.056467530153757e-04
4079, 6.283185307179586e+00, 3.926990816987241e-01, 5.497787143782138e+00, -2.507554562856802e-03, 7.876338978212512e-11, -1.077389339460424e-01, 2.551313433057037e-04
4080, 0.000000000000000e+00, 7.853981633974483e-01, 5.497787143782138e+00, -2.346426162790691e-03, 5.773685387120773e-11, -6.704118833342378e-02, 1.813634323492861e-04
4081, 3.926990816987241e-01, 7.853981633974483e-01, 5.497787143782138e+00, 5.779907889005698e-05, -2.744816395265565e-02, -2.926037156629692e-04, 2.237577968252561e-05
4082, 7.853981633974483e-01, 7.853981633974483e-01, 5.497787143782138e+00, 3.250689549742456e-03, -1.395554204244691e-10, 6.697625416634313e-02, -2.612394138187123e-04
4083, 1.178097245096172e+00, 7.853981633974483e-01, 5.497787143782138e+00, 5.779994690125739e-05, 2.744816372046857e-02, -2.926035278806193e-04, 2.237574820974531e-05
4084, 1.570796326794897e+00, 7.853981633974483e-01, 5.497787143782138e+00, -2.346425017789654e-03, -7.458631210592651e-11, -6.704118800609615e-02, 1.813633759777017e-04
4085, 1.963495408493621e+00, 7.853981633974483e-01, 5.497787143782138e+00, 5.779972572777861e-05, -2.744816387565336e-02, -2.926033201918646e-04, 2.237571294017798e-05
4086, 2.356194490192345e+00, 7.853981633974483e-01, 5.497787143782138e+00, 3.250689357330252e-03, -1.936141292415415e-11, 6.697625455797790e-02, -2.612394800593038e-04
4087, 2.748893571891069e+00, 7.853981633974483e-01, 5.497787143782138e+00, 5.779922316108487e-05, 2.744816382667691e-02, -2.926031959322996e-04, 2.237569092232472e-05
4088, 3.141592653589793e+00, 7.853981633974483e-01, 5.497787143782138e+00, -2.346425830553227e-03, -3.737214457389683e-12, -6.704118776464291e-02, 1.813633331940304e-04
4089, 3.534291735288517e+00, 7.853981633974483e-01, 5.497787143782138e+00, 5.779917977633896e-05, -2.744816383563686e-02, -2.926031806966933e-04, 2.237568786872517e-05
4090, 3.926990816987241e+00, 7.853981633974483e-01, 5.497787143782138e+00, 3.250689289251821e-03, 6.728552791702273e-12, 6.697625458804288e-02, -2.612394861414033e-04
4091, 4.319689898685965e+00, 7.853981633974483e-01, 5.497787143782138e+00, 5.779967097674120e-05, 2.744816385861044e-02, -2.926032770781579e-04, 2.237570406463326e-05
4092, 4.712388980384690e+00, 7.853981633974483e-01, 5.497787143782138e+00, -2.346425005891708e-03, 5.436622249058449e-11, -6.704118795242289e-02, 1.813633650140362e-04
4093, 5.105088062083414e+00, 7.853981633974483e-01, 5.497787143782138e+00, 5.780008226326378e-05, -2.744816373878321e-02, -2.926034679294067e-04, 2.237573655996972e-05
4094, 5.497787143782138e+00, 7.853981633974483e-01, 5.497787143782138e+00, 3.250689836224325e-03, 1.346794261948852e-10, 6.697625422318766e-02, -2.612394242229957e-04
4095, 5.890486225480862e+00, 7.853981633974483e-01, 5.497787143782138e+00, 5.779942278121712e-05, 2.744816398298963e-02, -2.926036762118411e-04, 2.237577260253845e-05
4096, 6.283185307179586e+00, 7.853981633974483e-01, 5.497787143782138e+00, -2.346426162790691e-03, 5.773685387120773e-11, -6.704118833342378e-02, 1.813634323492861e-04
4097, 0.000000000000000e+00, 1.178097245096172e+00, 5.497787143782138e+00, -1.493424488385049e-03, 2.140007113034447e-11, -2.913843717269205e-02, 9.735368520695921e-05
4098, 3.926990816987241e-01, 1.178097245096172e+00, 5.497787143782138e+00, 4.226728377099497e-04, -1.908849988773657e-02, -1.431275391412416e-04, -3.229159209692347e-05
4099, 7.853981633974483e-01, 1.178097245096172e+00, 5.497787143782138e+00, 2.836630415129647e-03, -1.534783400698774e-11, 2.909535342990165e-02, -2.369368521633970e-04
4100, 1.178097245096172e+00, 1.178097245096172e+00, 5.497787143782138e+00, 4.226729809850305e-04, 1.908849987302740e-02, -1.431272716389917e-04, -3.229161257633745e-05
4101, 1.570796326794897e+00, 1.178097245096172e+00, 5.497787143782138e+00, -1.493424435404275e-03, 4.745607328043472e-11, -2.913843671736867e-02, 9.735364995617561e-05
4102, 1.963495408493621e+00, 1.178097245096172e+00, 5.497787143782138e+00, 4.226724736073309e-04, -1.908849979534344e-02, -1.431270022131719e-04, -3.229163138864180e-05
4103, 2.356194490192345e+00, 1.178097245096172e+00, 5.497787143782138e+00, 2.836629584965692e-03, 5.280113476142438e-11, 2.909535394569445e-02, -2.369368879825042e-04
4104, 2.748893571891069e+00, 1.178097245096172e+00, 5.497787143782138e+00, 4.226719588209024e-04, 1.908849988764577e-02, -1.431268414051883e-04, -3.229164111260433e-05
4105, 3.141592653589793e+00, 1.178097245096172e+00, 5.497787143782138e+00, -1.493425340620985e-03, 4.992923442472677e-12, -2.913843640483740e-02, 9.735363007356856e-05
4106, 3.534291735288517e+00, 1.178097245096172e+00, 5.497787143782138e+00, 4.226719179620682e-04, -1.908849987936146e-02, -1.431268219578995e-04, -3.229164257995339e-05
4107, 3.926990816987241e+00, 1.178097245096172e+00, 5.497787143782138e+00, 2.836629512830691e-03, -4.904087023250113e-11, 2.909535398422279e-02, -2.369368910001258e-04
4108, 4.319689898685965e+00, 1.178097245096172e+00, 5.497787143782138e+00, 4.226723914753464e-04, 1.908849979277709e-02, -1.431269464354100e-04, -3.229163603247040e-05
4109, 4.712388980384690e+00, 1.178097245096172e+00, 5.497787143782138e+00, -1.493424495377546e-03, -5.700128738388924e-11, -2.913843664752045e-02, 9.735364383999953e-05
4110, 5.105088062083414e+00, 1.178097245096172e+00, 5.497787143782138e+00, 4.226729813911112e-04, -1.908849988755620e-02, -1.431271929090372e-04, -3.229161956357826e-05
4111, 5.497787143782138e+00, 1.178097245096172e+00, 5.497787143782138e+00, 2.836630503245701e-03, 2.495242803424695e-12, 2.909535350706085e-02, -2.369368589435643e-04
4112, 5.890486225480862e+00, 1.178097245096172e+00, 5.497787143782138e+00, 4.226729791967626e-04, 1.908849988959152e-02, -1.431274831053079e-04, -3.229159711814050e-05
4113, 6.283185307179586e+00, 1.178097245096172e+00, 5.497787143782138e+00, -1.493424488385049e-03, 2.140007113034447e-11, -2.913843717269205e-02, 9.735368520695921e-05
4114, 0.000000000000000e+00, 1.570796326794897e+00, 5.497787143782138e+00, -4.696161480480955e-04, -2.208501638469986e-11, -8.121059709442791e-03, 1.842198680129400e-05
4115, 3.926990816987241e-01, 1.570796326794897e+00, 5.497787143782138e+00, 4.421552402616878e-04, -7.815913707878513e-03, -4.333420847752375e-05, -4.276996910229570e-05
4116, 7.853981633974483e-01, 1.570796326794897e+00, 5.497787143782138e+00, 1.466353052285669e-03, 1.383550166362601e-10, 8.089745929304710e-03, -1.191319910961568e-04
4117, 1.178097245096172e+00, 1.570796326794897e+00, 5.497787143782138e+00, 4.421544937747259e-04, 7.815913958965734e-03, -4.333390889773899e-05, -4.276997673961430e-05
4118, 1.570796326794897e+00, 1.570796326794897e+00, 5.497787143782138e+00, -4.696174271321655e-04, 1.914713424352741e-10, -8.121059202175103e-03, 1.842197611946084e-05
4119, 1.963495408493621e+00, 1.570796326794897e+00, 5.497787143782138e+00, 4.421536886189925e-04, -7.815913604105730e-03, -4.333361532523152e-05, -4.276997618983343e-05
4120, 2.356194490192345e+00, 1.570796326794897e+00, 5.497787143782138e+00, 1.466351531258733e-03, 1.371091277999641e-10, 8.089746491900605e-03, -1.191319913491640e-04
4121, 2.748893571891069e+00, 1.570796326794897e+00, 5.497787143782138e+00, 4.421532053399978e-04, 7.815913861401102e-03, -4.333344297666940e-05, -4.276997166959848e-05
4122, 3.141592653589793e+00, 1.570796326794897e+00, 5.497787143782138e+00, -4.696183616808643e-04, 1.512286060293866e-11, -8.121058865037388e-03, 1.842198292223409e-05
4123, 3.534291735288517e+00, 1.570796326794897e+00, 5.497787143782138e+00, 4.421531736121151e-04, -7.815913833043271e-03, -4.333342217298262e-05, -4.276997128072040e-05
4124, 3.926990816987241e+00, 1.570796326794897e+00, 5.497787143782138e+00, 1.466351466346618e-03, -1.141339935018208e-10, 8.089746533060148e-03, -1.191319907981547e-04
4125, 4.319689898685965e+00, 1.570796326794897e+00, 5.497787143782138e+00, 4.421535900937905e-04, 7.815913618698787e-03, -4.333355535576114e-05, -4.276997590019811e-05
4126, 4.712388980384690e+00, 1.570796326794897e+00, 5.497787143782138e+00, -4.696175561535754e-04, -1.877721663500643e-10, -8.121059126437518e-03, 1.842197566549418e-05
4127, 5.105088062083414e+00, 1.570796326794897e+00, 5.497787143782138e+00, 4.421543445766983e-04, -7.815913967641832e-03, -4.333382294901593e-05, -4.276997827355533e-05
4128, 5.497787143782138e+00, 1.570796326794897e+00, 5.497787143782138e+00, 1.466352905323582e-03, -1.594771942752046e-10, 8.089746014350030e-03, -1.191319936139251e-04
4129, 5.890486225480862e+00, 1.570796326794897e+00, 5.497787143782138e+00, 4.421551346606681e-04, 7.815913675017539e-03, -4.333414603260000e-05, -4.276997159949466e-05
4130, 6.283185307179586e+00, 1.570796326794897e+00, 5.497787143782138e+00, -4.696161480480955e-04, -2.208501638469986e-11, -8.121059709442791e-03, 1.842198680129400e-05
4131, 0.000000000000000e+00, 1.963495408493621e+00, 5.497787143782138e+00, 2.059508864541839e-04, -6.567332374443871e-11, -1.199446353023132e-03, -3.409055431334590e-05
4132, 3.926990816987241e-01, 1.963495408493621e+00, 5.497787143782138e+00, 2.790069067099726e-04, -1.657641299789680e-03, -5.263183286721366e-06, -3.252885484700239e-05
4133, 7.853981633974483e-01, 1.963495408493621e+00, 5.497787143782138e+00, 3.504394862199072e-04, 2.964162164796859e-10, 1.191621783123995e-03, -3.030884942125180e-05
4134, 1.178097245096172e+00, 1.963495408493621e+00, 5.497787143782138e+00, 2.790052604208473e-04, 1.657641822181286e-03, -5.262901000081724e-06, -3.252884959789762e-05
4135, 1.570796326794897e+00, 1.963495408493621e+00, 5.497787143782138e+00, 2.059482688472314e-04, 3.367587592472018e-10, -1.199445875035732e-03, -3.409054040445349e-05
4136, 1.963495408493621e+00, 1.963495408493621e+00, 5.497787143782138e+00, 2.790041796362336e-04, -1.657641187122122e-03, -5.262626213391509e-06, -3.252882955238784e-05
4137, 2.356194490192345e+00, 1.963495408493621e+00, 5.497787143782138e+00, 3.504373118160163e-04, 2.209149643966954e-10, 1.191622308851529e-03, -3.030881403071109e-05
4138, 2.748893571891069e+00, 1.963495408493621e+00, 5.497787143782138e+00, 2.790037587202802e-04, 1.657641609029172e-03, -5.262467098284919e-06, -3.252881101331617e-05
4139, 3.141592653589793e+00, 1.963495408493621e+00, 5.497787143782138e+00, 2.059473574003845e-04, 2.517967635526230e-11, -1.199445562187330e-03, -3.409050718018526e-05
4140, 3.534291735288517e+00, 1.963495408493621e+00, 5.497787143782138e+00, 2.790037403052402e-04, -1.657641560726114e-03, -5.262447915373916e-06, -3.252880877534832e-05
4141, 3.926990816987241e+00, 1.963495408493621e+00, 5.497787143782138e+00, 3.504372621072986e-04, -1.787409562210173e-10, 1.191622346787060e-03, -3.030880993939987e-05
4142, 4.319689898685965e+00, 1.963495408493621e+00, 5.497787143782138e+00, 2.790040751650075e-04, 1.657641219095612e-03, -5.262570697844208e-06, -3.252882437743316e-05
4143, 4.712388980384690e+00, 1.963495408493621e+00, 5.497787143782138e+00, 2.059480808234251e-04, -3.193032360827114e-10, -1.199445804482957e-03, -3.409053523512226e-05
4144, 5.105088062083414e+00, 1.963495408493621e+00, 5.497787143782138e+00, 2.790049677083226e-04, -1.657641824309631e-03, -5.262820609839174e-06, -3.252884565935232e-05
4145, 5.497787143782138e+00, 1.963495408493621e+00, 5.497787143782138e+00, 3.504391047940569e-04, -3.253409343053324e-10, 1.191621862872641e-03, -3.030884756643142e-05
4146, 5.890486225480862e+00, 1.963495408493621e+00, 5.497787143782138e+00, 2.790065509385107e-04, 1.657641231495762e-03, -5.263124559327171e-06, -3.252885461760365e-05
4147, 6.283185307179586e+00, 1.963495408493621e+00, 5.497787143782138e+00, 2.059508864541839e-04, -6.567332374443871e-11, -1.199446353023132e-03, -3.409055431334590e-05
4148, 0.000000000000000e+00, 2.356194490192345e+00, 5.497787143782138e+00, 3.111627059537525e-04, -1.031984036767264e-10, -2.518497247004128e-05, -4.150623490565491e-05
4149, 3.926990816987241e-01, 2.356194490192345e+00, 5.497787143782138e+00, 1.054338022356145e-04, -8.437864972030010e-05, 4.582484409030495e-06, -2.113135862249961e-05
4150, 7.853981633974483e-01, 2.356194490192345e+00, 5.497787143782138e+00, -1.069752572550689e-04, 4.332467699037185e-10, 3.242010894339970e-05, 1.103725044220305e-07
4151, 1.178097245096172e+00, 2.356194490192345e+00, 5.497787143782138e+00, 1.054313924199286e-04, 8.437940672861165e-05, 4.582705647795468e-06, -2.113134229378802e-05
4152, 1.570796326794897e+00, 2.356194490192345e+00, 5.497787143782138e+00, 3.111589585637219e-04, 4.619603608849500e-10, -2.518459786423014e-05, -4.150619989679232e-05
4153, 1.963495408493621e+00, 2.356194490192345e+00, 5.497787143782138e+00, 1.054300967705562e-04, -8.437853043690981e-05, 4.582920416518678e-06, -2.113130558276400e-05
4154, 2.356194490192345e+00, 2.356194490192345e+00, 5.497787143782138e+00, -1.069779531953845e-04, 2.922288094076975e-10, 3.242051957665106e-05, 1.104383293076238e-07
4155, 2.748893571891069e+00, 2.356194490192345e+00, 5.497787143782138e+00, 1.054297501410526e-04, 8.437909299816906e-05, 4.583043804173583e-06, -2.113127519814744e-05
4156, 3.141592653589793e+00, 2.356194490192345e+00, 5.497787143782138e+00, 3.111581042491161e-04, 3.373609123817111e-11, -2.518435467156908e-05, -4.150614428438018e-05
4157, 3.534291735288517e+00, 2.356194490192345e+00, 5.497787143782138e+00, 1.054297461718748e-04, -8.437902772023714e-05, 4.583058644486925e-06, -2.113127139475436e-05
4158, 3.926990816987241e+00, 2.356194490192345e+00, 5.497787143782138e+00, -1.069779842514842e-04, -2.336370466385270e-10, 3.242054896134853e-05, 1.104454161729996e-07
4159, 4.319689898685965e+00, 2.356194490192345e+00, 5.497787143782138e+00, 1.054299944907721e-04, 8.437857745075647e-05, 4.582963550183959e-06, -2.113129626967504e-05
4160, 4.712388980384690e+00, 2.356194490192345e+00, 5.497787143782138e+00, 3.111587274088086e-04, -4.324429404779262e-10, -2.518454284740915e-05, -4.150618994403674e-05
4161, 5.105088062083414e+00, 2.356194490192345e+00, 5.497787143782138e+00, 1.054309826645132e-04, -8.437940299243489e-05, 4.582768487357064e-06, -2.113133365976103e-05
4162, 5.497787143782138e+00, 2.356194490192345e+00, 5.497787143782138e+00, -1.069758359658075e-04, -4.687581902142143e-10, 3.242017134234117e-05, 1.103781655977379e-07
4163, 5.890486225480862e+00, 2.356194490192345e+00, 5.497787143782138e+00, 1.054332334952785e-04, 8.437855079085573e-05, 4.582530368707629e-06, -2.113135597015096e-05
4164, 6.283185307179586e+00, 2.356194490192345e+00, 5.497787143782138e+00, 3.111627059537525e-04, -1.031984036767264e-10, -2.518497247004128e-05, -4.150623490565491e-05
4165, 0.000000000000000e+00, 2.748893571891069e+00, 5.497787143782138e+00, 1.249229265440963e-04, -1.291503718632183e-10, 3.459674098797119e-05, -2.598065291706776e-05
4166, 3.926990816987241e-01, 2.748893571891069e+00, 5.497787143782138e+00, -7.158898328117674e-06, 2.873060172755895e-05, 4.007589674546994e-06, -1.431234107223434e-05
4167, 7.853981633974483e-01, 2.748893571891069e+00, 5.497787143782138e+00, -1.406478904898459e-04, 5.277480604108259e-10, -2.714647728969457e-05, -2.510409921250769e-06
4168, 1.178097245096172e+00, 2.748893571891069e+00, 5.497787143782138e+00, -7.161816568409051e-06, -2.872968261154162e-05, 4.007716365448290e-06, -1.431231716199764e-05
4169, 1.570796326794897e+00, 2.748893571891069e+00, 5.497787143782138e+00, 1.249184327551540e-04, 5.482583195972490e-10, 3.459695536681238e-05, -2.598060348957058e-05
4170, 1.963495408493621e+00, 2.748893571891069e+00, 5.497787143782138e+00, -7.163234494807077e-06, 2.873072503468339e-05, 4.007838861847853e-06, -1.431226912232992e-05
4171, 2.356194490192345e+00, 2.748893571891069e+00, 5.497787143782138e+00, -1.406508984639579e-04, 3.409837493887388e-10, -2.714624303138720e-05, -2.510323395058000e-06
4172, 2.748893571891069e+00, 2.748893571891069e+00, 5.497787143782138e+00, -7.163511183220197e-06, -2.873006605346706e-05, 4.007908839755598e-06, -1.431223070857437e-05
4173, 3.141592653589793e+00, 2.748893571891069e+00, 5.497787143782138e+00, 1.249176531679130e-04, 3.958284301647072e-11, 3.459709348600225e-05, -2.598053269569849e-05
4174, 3.534291735288517e+00, 2.748893571891069e+00, 5.497787143782138e+00, -7.163502582822634e-06, 2.873014294133443e-05, 4.007917252302359e-06, -1.431222584743557e-05
4175, 3.926990816987241e+00, 2.748893571891069e+00, 5.497787143782138e+00, -1.406509118109688e-04, -2.711103957075915e-10, -2.714622634369749e-05, -2.510314280388260e-06
4176, 4.319689898685965e+00, 2.748893571891069e+00, 5.497787143782138e+00, -7.163328819808320e-06, -2.873066759577746e-05, 4.007863419843338e-06, -1.431225699982030e-05
4177, 4.712388980384690e+00, 2.748893571891069e+00, 5.497787143782138e+00, 1.249181790258697e-04, -5.103184338895221e-10, 3.459698677557407e-05, -2.598059027568991e-05
4178, 5.105088062083414e+00, 2.748893571891069e+00, 5.497787143782138e+00, -7.162300111827049e-06, 2.872969047053688e-05, 4.007752320523174e-06, -1.431230530988260e-05
4179, 5.497787143782138e+00, 2.748893571891069e+00, 5.497787143782138e+00, -1.406485994787001e-04, -5.677849504917528e-10, -2.714644153901332e-05, -2.510401636485970e-06
4180, 5.890486225480862e+00, 2.748893571891069e+00, 5.497787143782138e+00, -7.159610261016347e-06, -2.873072182048578e-05, 4.007616015537759e-06, -1.431233674644328e-05
4181, 6.283185307179586e+00, 2.748893571891069e+00, 5.497787143782138e+00, 1.249229265440963e-04, -1.291503718632183e-10, 3.459674098797119e-05, -2.598065291706776e-05
4182, 0.000000000000000e+00, 3.141592653589793e+00, 5.497787143782138e+00, -4.479254335997097e-05, -1.396606113654770e-10, 2.308016319460556e-05, -1.216970581529965e-05
4183, 3.926990816987241e-01, 3.141592653589793e+00, 5.497787143782138e+00, -4.481350108891991e-05, 3.654947260912798e-10, -1.340222461903446e-10, -1.215655058602761e-05
4184, 7.853981633974483e-01, 3.141592653589793e+00, 5.497787143782138e+00, -4.479489663834816e-05, 5.657296977359401e-10, -2.308042750191638e-05, -1.216969381767885e-05
4185, 1.178097245096172e+00, 3.141592653589793e+00, 5.497787143782138e+00, -4.481659538081925e-05, 6.187265787055720e-10, -1.209150516259104e-10, -1.215652379232652e-05
4186, 1.570796326794897e+00, 3.141592653589793e+00, 5.497787143782138e+00, -4.479728706883656e-05, 5.826375833340131e-10, 2.308018514196852e-05, -1.216965089066321e-05
4187, 1.963495408493621e+00, 3.141592653589793e+00, 5.497787143782138e+00, -4.481802488170094e-05, 4.899152264096817e-10, -1.090376435456347e-10, -1.215647143221987e-05
4188, 2.356194490192345e+00, 3.141592653589793e+00, 5.497787143782138e+00, -4.479796042552916e-05, 3.602245142382480e-10, -2.308040463027292e-05, -1.216959939620798e-05
4189, 2.748893571891069e+00, 3.141592653589793e+00, 5.497787143782138e+00, -4.481824794013859e-05, 2.072181232722829e-10, -1.026139830641543e-10, -1.215642994936890e-05
4190, 3.141592653589793e+00, 3.141592653589793e+00, 5.497787143782138e+00, -4.479798803633836e-05, 4.190063617187042e-11, 2.308019800391245e-05, -1.216957429701346e-05
4191, 3.534291735288517e+00, 3.141592653589793e+00, 5.497787143782138e+00, -4.481823106450531e-05, -1.257189674890270e-10, -1.018014001901074e-10, -1.215642468288702e-05
4192, 3.926990816987241e+00, 3.141592653589793e+00, 5.497787143782138e+00, -4.479796053824458e-05, -2.858416096435409e-10, -2.308040300053889e-05, -1.216958950250901e-05
4193, 4.319689898685965e+00, 3.141592653589793e+00, 5.497787143782138e+00, -4.481810764123804e-05, -4.282658742094994e-10, -1.065952247086703e-10, -1.215645822638257e-05
4194, 4.712388980384690e+00, 3.141592653589793e+00, 5.497787143782138e+00, -4.479754021447615e-05, -5.412541266245210e-10, 2.308018834021195e-05, -1.216963641336840e-05
4195, 5.105088062083414e+00, 3.141592653589793e+00, 5.497787143782138e+00, -4.481709891150186e-05, -6.091396714095074e-10, -1.171576577668853e-10, -1.215651068787374e-05
4196, 5.497787143782138e+00, 3.141592653589793e+00, 5.497787143782138e+00, -4.479564982423036e-05, -6.075364812598225e-10, -2.308042367303001e-05, -1.216968450940982e-05
4197, 5.890486225480862e+00, 3.141592653589793e+00, 5.497787143782138e+00, -4.481426558707060e-05, -4.941085421891008e-10, -1.311457524252045e-10, -1.215654560729873e-05
4198, 6.283185307179586e+00, 3.141592653589793e+00, 5.497787143782138e+00, -4.479254335997097e-05, -1.396606113654770e-10, 2.308016319460556e-05, -1.216970581529965e-05
4199, 0.000000000000000e+00, 3.534291735288517e+00, 5.497787143782138e+00, -1.406459746273058e-04, -1.331992245553946e-10, 2.714630061477441e-05, -2.510440202543664e-06
4200, 3.926990816987241e-01, 3.534291735288517e+00, 5.497787143782138e+00, -7.159192986646964e-06, -2.872991338529447e-05, -4.007840823614291e-06, -1.431236082669611e-05
4201, 7.853981633974483e-01, 3.534291735288517e+00, 5.497787143782138e+00, 1.249204238769293e-04, 5.414785997759155e-10, -3.459705972274528e-05, -2.598066204011215e-05
4202, 1.178097245096172e+00, 3.534291735288517e+00, 5.497787143782138e+00, -7.162104078182130e-06, 2.873085589824166e-05, -4.007943363843633e-06, -1.431233634284945e-05
4203, 1.570796326794897e+00, 3.534291735288517e+00, 5.497787143782138e+00, -1.406504337375300e-04, 5.599363967807340e-10, 2.714612671909353e-05, -2.510389606176558e-06
4204, 1.963495408493621e+00, 3.534291735288517e+00, 5.497787143782138e+00, -7.163432682835210e-06, -2.872979084890735e-05, -4.008043886171363e-06, -1.431228731070900e-05
4205, 2.356194490192345e+00, 3.534291735288517e+00, 5.497787143782138e+00, 1.249175693594783e-04, 3.471819540609547e-10, -3.459725171729093e-05, -2.598057373335566e-05
4206, 2.748893571891069e+00, 3.534291735288517e+00, 5.497787143782138e+00, -7.163626542155654e-06, 2.873046230894949e-05, -4.008101922816374e-06, -1.431224816665238e-05
4207, 3.141592653589793e+00, 3.534291735288517e+00, 5.497787143782138e+00, -1.406510643305665e-04, 4.037257010654888e-11, 2.714601250662954e-05, -2.510317432438303e-06
4208, 3.534291735288517e+00, 3.534291735288517e+00, 5.497787143782138e+00, -7.163607159925885e-06, -2.873038383955211e-05, -4.008108806020702e-06, -1.431224319960622e-05
4209, 3.926990816987241e+00, 3.534291735288517e+00, 5.497787143782138e+00, 1.249175756923966e-04, -2.757216494481773e-10, -3.459726535310541e-05, -2.598056441573322e-05
4210, 4.319689898685965e+00, 3.534291735288517e+00, 5.497787143782138e+00, -7.163502300463445e-06, 2.872984984325320e-05, -4.008063891740338e-06, -1.431227490345879e-05
4211, 4.712388980384690e+00, 3.534291735288517e+00, 5.497787143782138e+00, -1.406506634415034e-04, -5.206323649669726e-10, 2.714610124929434e-05, -2.510376054435307e-06
4212, 5.105088062083414e+00, 3.534291735288517e+00, 5.497787143782138e+00, -7.162570967990464e-06, -2.873084723836886e-05, -4.007972359552538e-06, -1.431232415058748e-05
4213, 5.497787143782138e+00, 3.534291735288517e+00, 5.497787143782138e+00, 1.249197188916699e-04, -5.820093660877132e-10, -3.459708837725486e-05, -2.598065347397432e-05
4214, 5.890486225480862e+00, 3.534291735288517e+00, 5.497787143782138e+00, -7.159912049116959e-06, 2.872979015880778e-05, -4.007861812381219e-06, -1.431235631503661e-05
4215, 6.283185307179586e+00, 3.534291735288517e+00, 5.497787143782138e+00, -1.406459746273058e-04, -1.331992245553946e-10, 2.714630061477441e-05, -2.510440202543664e-06
4216, 0.000000000000000e+00, 3.926990816987241e+00, 5.497787143782138e+00, -1.069739699611632e-04, -1.107012145487365e-10, -3.242017707423974e-05, 1.103291373158163e-07
4217, 3.926990816987241e-01, 3.926990816987241e+00, 5.497787143782138e+00, 1.054332887599822e-04, 8.437921641795943e-05, -4.582686716024935e-06, -2.113139553675819e-05
4218, 7.853981633974483e-01, 3.926990816987241e+00, 5.497787143782138e+00, 3.111603969450296e-04, 4.585569717743402e-10, 2.518464120936875e-05, -4.150626520836942e-05
4219, 1.178097245096172e+00, 3.926990816987241e+00, 5.497787143782138e+00, 1.054308942927812e-04, -8.437841631444343e-05, -4.582889756962275e-06, -2.113137827806126e-05
4220, 1.570796326794897e+00, 3.926990816987241e+00, 5.497787143782138e+00, -1.069776505556898e-04, 4.835522928545026e-10, -3.242052106306043e-05, 1.103661329069851e-07
4221, 1.963495408493621e+00, 3.926990816987241e+00, 5.497787143782138e+00, 1.054297638545690e-04, 8.437933445849437e-05, -4.583087618834659e-06, -2.113133974084532e-05
4222, 2.356194490192345e+00, 3.926990816987241e+00, 5.497787143782138e+00, 3.111579863021149e-04, 3.037785124753514e-10, 2.518426295525829e-05, -4.150619617798041e-05
4223, 2.748893571891069e+00, 3.926990816987241e+00, 5.497787143782138e+00, 1.054295708622642e-04, -8.437874869700864e-05, -4.583201610371821e-06, -2.113130802082938e-05
4224, 3.141592653589793e+00, 3.926990816987241e+00, 5.497787143782138e+00, -1.069782291775548e-04, 3.522346113462802e-11, -3.242074549040321e-05, 1.104242963049248e-07
4225, 3.534291735288517e+00, 3.926990816987241e+00, 5.497787143782138e+00, 1.054295865910080e-04, 8.437881694382133e-05, -4.583215197793867e-06, -2.113130401201075e-05
4226, 3.926990816987241e+00, 3.926990816987241e+00, 5.497787143782138e+00, 3.111579913632695e-04, -2.422377240324682e-10, 2.518423603341521e-05, -4.150618870709308e-05
4227, 4.319689898685965e+00, 3.926990816987241e+00, 5.497787143782138e+00, 1.054297071018402e-04, -8.437928459152987e-05, -4.583127138728306e-06, -2.113132990205480e-05
4228, 4.712388980384690e+00, 3.926990816987241e+00, 5.497787143782138e+00, -1.069778372799114e-04, -4.515494639394986e-10, -3.242057144113076e-05, 1.103766948413354e-07
4229, 5.105088062083414e+00, 3.926990816987241e+00, 5.497787143782138e+00, 1.054305154818797e-04, 8.437842152166876e-05, -4.582947232660056e-06, -2.113136904538136e-05
4230, 5.497787143782138e+00, 3.926990816987241e+00, 5.497787143782138e+00, 3.111598256661959e-04, -4.949516089909495e-10, 2.518458426821786e-05, -4.150625905509299e-05
4231, 5.890486225480862e+00, 3.926990816987241e+00, 5.497787143782138e+00, 1.054327064905437e-04, -8.437932114165621e-05, -4.582728502591094e-06, -2.113139254576115e-05
4232, 6.283185307179586e+00, 3.926990816987241e+00, 5.497787143782138e+00, -1.069739699611632e-04, -1.107012145487365e-10, -3.242017707423974e-05, 1.103291373158163e-07
4233, 0.000000000000000e+00, 4.319689898685965e+00, 5.497787143782138e+00, 3.504400763150318e-04, -7.536105855498204e-11, -1.191621736096374e-03, -3.030889889572152e-05
4234, 3.926990816987241e-01, 4.319689898685965e+00, 5.497787143782138e+00, 2.790063119910652e-04, 1.657641683899705e-03, 5.263056463061275e-06, -3.252890392783815e-05
4235, 7.853981633974483e-01, 4.319689898685965e+00, 5.497787143782138e+00, 2.059491157559121e-04, 3.294393904702670e-10, 1.199446055276541e-03, -3.409060288043385e-05
4236, 1.178097245096172e+00, 4.319689898685965e+00, 5.497787143782138e+00, 2.790046924330100e-04, -1.657641105737373e-03, 5.262783443948653e-06, -3.252889780256092e-05
4237, 1.570796326794897e+00, 4.319689898685965e+00, 5.497787143782138e+00, 3.504375543937077e-04, 3.648547669202194e-10, -1.191622198822652e-03, -3.030888286131196e-05
4238, 1.963495408493621e+00, 4.319689898685965e+00, 5.497787143782138e+00, 2.790038274136272e-04, 1.657641795659515e-03, 5.262517793758143e-06, -3.252887540050204e-05
4239, 2.356194490192345e+00, 4.319689898685965e+00, 5.497787143782138e+00, 2.059473180372933e-04, 2.363843573479760e-10, 1.199445547439557e-03, -3.409056351193344e-05
4240, 2.748893571891069e+00, 4.319689898685965e+00, 5.497787143782138e+00, 2.790036080661923e-04, -1.657641343064964e-03, 5.262364502132674e-06, -3.252885513516120e-05
4241, 3.141592653589793e+00, 4.319689898685965e+00, 5.497787143782138e+00, 3.504370029679222e-04, 2.717676666400406e-11, -1.191622500631926e-03, -3.030884629091847e-05
4242, 3.534291735288517e+00, 4.319689898685965e+00, 5.497787143782138e+00, 2.790036147719162e-04, 1.657641395365652e-03, 5.262346123440600e-06, -3.252885260685142e-05
4243, 3.926990816987241e+00, 4.319689898685965e+00, 5.497787143782138e+00, 2.059473147531423e-04, -1.902823872372844e-10, 1.199445511093395e-03, -3.409055889468008e-05
4244, 4.319689898685965e+00, 4.319689898685965e+00, 5.497787143782138e+00, 2.790037818575285e-04, -1.657641760008692e-03, 5.262464513000126e-06, -3.252886953231067e-05
4245, 4.712388980384690e+00, 4.319689898685965e+00, 5.497787143782138e+00, 3.504374242800913e-04, -3.442641390768663e-10, -1.191622266694141e-03, -3.030887692672900e-05
4246, 5.105088062083414e+00, 4.319689898685965e+00, 5.497787143782138e+00, 2.790044406240023e-04, 1.657641105475023e-03, 5.262706011968280e-06, -3.252889316188056e-05
4247, 5.497787143782138e+00, 4.319689898685965e+00, 5.497787143782138e+00, 2.059487446727722e-04, -3.594880753665909e-10, 1.199445978459346e-03, -3.409060048299497e-05
4248, 5.890486225480862e+00, 4.319689898685965e+00, 5.497787143782138e+00, 2.790059383783500e-04, -1.657641759748109e-03, 5.262999955330412e-06, -3.252890330631754e-05
4249, 6.283185307179586e+00, 4.319689898685965e+00, 5.497787143782138e+00, 3.504400763150318e-04, -7.536105855498204e-11, -1.191621736096374e-03, -3.030889889572152e-05
4250, 0.000000000000000e+00, 4.712388980384690e+00, 5.497787143782138e+00, 1.466353005057779e-03, -3.241780799308914e-11, -8.089745774916933e-03, -1.191320386562915e-04
4251, 3.926990816987241e-01, 4.712388980384690e+00, 5.497787143782138e+00, 4.421547357404615e-04, 7.815913876186558e-03, 4.333417603415699e-05, -4.277002336132229e-05
4252, 7.853981633974483e-01, 4.712388980384690e+00, 5.497787143782138e+00, -4.696170955782166e-04, 1.737522492056928e-10, 8.121059490808890e-03, 1.842192578074357e-05
4253, 1.178097245096172e+00, 4.712388980384690e+00, 5.497787143782138e+00, 4.421540318546399e-04, -7.815913565953132e-03, 4.333387519556260e-05, -4.277003064042774e-05
4254, 1.570796326794897e+00, 4.712388980384690e+00, 5.497787143782138e+00, 1.466351847053652e-03, 2.214819814889685e-10, -8.089746286384494e-03, -1.191320478893227e-04
4255, 1.963495408493621e+00, 4.712388980384690e+00, 5.497787143782138e+00, 4.421534607409446e-04, 7.815913980520759e-03, 4.333358119288824e-05, -4.277002771327646e-05
4256, 2.356194490192345e+00, 4.712388980384690e+00, 5.497787143782138e+00, -4.696182016971189e-04, 1.548364559435132e-10, 8.121058930053819e-03, 1.842192937390616e-05
4257, 2.748893571891069e+00, 4.712388980384690e+00, 5.497787143782138e+00, 4.421531941079599e-04, -7.815913689145897e-03, 4.333341094346340e-05, -4.277002125535520e-05
4258, 3.141592653589793e+00, 4.712388980384690e+00, 5.497787143782138e+00, 1.466351297762787e-03, 1.734450845045952e-11, -8.089746621967882e-03, -1.191320373636351e-04
4259, 3.534291735288517e+00, 4.712388980384690e+00, 5.497787143782138e+00, 4.421531885255102e-04, 7.815913722033602e-03, 4.333339031704668e-05, -4.277002052747724e-05
4260, 3.926990816987241e+00, 4.712388980384690e+00, 5.497787143782138e+00, -4.696182179208899e-04, -1.274084375884671e-10, 8.121058889455954e-03, 1.842193053179067e-05
4261, 4.319689898685965e+00, 4.712388980384690e+00, 5.497787143782138e+00, 4.421534242264391e-04, -7.815913961980468e-03, 4.333352183758851e-05, -4.277002664214027e-05
4262, 4.712388980384690e+00, 4.712388980384690e+00, 5.497787143782138e+00, 1.466351779528358e-03, -2.145810861585734e-10, -8.089746361821895e-03, -1.191320475396223e-04
4263, 5.105088062083414e+00, 4.712388980384690e+00, 5.497787143782138e+00, 4.421539275817440e-04, 7.815913559070228e-03, 4.333378943320929e-05, -4.277003155842583e-05
4264, 5.497787143782138e+00, 4.712388980384690e+00, 5.497787143782138e+00, -4.696172288757307e-04, -1.963450695402340e-10, 8.121059405754291e-03, 1.842192358919948e-05
4265, 5.890486225480862e+00, 4.712388980384690e+00, 5.497787143782138e+00, 4.421546132235809e-04, -7.815913917133020e-03, 4.333411310361593e-05, -4.277002568238269e-05
4266, 6.283185307179586e+00, 4.712388980384690e+00, 5.497787143782138e+00, 1.466353005057779e-03, -3.241780799308914e-11, -8.089745774916933e-03, -1.191320386562915e-04
4267, 0.000000000000000e+00, 5.105088062083414e+00, 5.497787143782138e+00, 2.836629904121579e-03, 1.107946544365752e-11, -2.909535318872213e-02, -2.369368898844181e-04
4268, 3.926990816987241e-01, 5.105088062083414e+00, 5.497787143782138e+00, 4.226725868990789e-04, 1.908849984170371e-02, 1.431276124943384e-04, -3.229164338350226e-05
4269, 7.853981633974483e-01, 5.105088062083414e+00, 5.497787143782138e+00, -1.493424458311021e-03, 1.547555898671442e-11, 2.913843707499980e-02, 9.735361990953098e-05
4270, 1.178097245096172e+00, 5.105088062083414e+00, 5.497787143782138e+00, 4.226727890011597e-04, -1.908849980369808e-02, 1.431273312885823e-04, -3.229166420239246e-05
4271, 1.570796326794897e+00, 5.105088062083414e+00, 5.497787143782138e+00, 2.836630095274674e-03, 7.490920439110188e-11, -2.909535366918735e-02, -2.369369247533677e-04
4272, 1.963495408493621e+00, 5.105088062083414e+00, 5.497787143782138e+00, 4.226725004195915e-04, 1.908849993700444e-02, 1.431270528617393e-04, -3.229168131737951e-05
4273, 2.356194490192345e+00, 5.105088062083414e+00, 5.497787143782138e+00, -1.493424896066622e-03, 7.081225362275432e-11, 2.913843654618496e-02, 9.735358684387235e-05
4274, 2.748893571891069e+00, 5.105088062083414e+00, 5.497787143782138e+00, 4.226721770425554e-04, -1.908849981153908e-02, 1.431268901027260e-04, -3.229168894295470e-05
4275, 3.141592653589793e+00, 5.105088062083414e+00, 5.497787143782138e+00, 2.836629531441637e-03, 7.103171207005563e-12, -2.909535399040590e-02, -2.369369408864449e-04
4276, 3.534291735288517e+00, 5.105088062083414e+00, 5.497787143782138e+00, 4.226721591245627e-04, 1.908849982426821e-02, 1.431268701318532e-04, -3.229169009211140e-05
4277, 3.926990816987241e+00, 5.105088062083414e+00, 5.497787143782138e+00, -1.493424925610489e-03, -6.260693925588023e-11, 2.913843650710527e-02, 9.735358442097884e-05
4278, 4.319689898685965e+00, 5.105088062083414e+00, 5.497787143782138e+00, 4.226724717475227e-04, -1.908849993582941e-02, 1.431269958717252e-04, -3.229168516688810e-05
4279, 4.712388980384690e+00, 5.105088062083414e+00, 5.497787143782138e+00, 2.836630088476378e-03, -8.162897942873586e-11, -2.909535374124554e-02, -2.369369301038732e-04
4280, 5.105088062083414e+00, 5.105088062083414e+00, 5.497787143782138e+00, 4.226728307666297e-04, 1.908849979031914e-02, 1.431272502762456e-04, -3.229167079976660e-05
4281, 5.497787143782138e+00, 5.105088062083414e+00, 5.497787143782138e+00, -1.493424352875668e-03, -3.076705920701636e-11, 2.913843699515825e-02, 9.735361296701576e-05
4282, 5.890486225480862e+00, 5.105088062083414e+00, 5.497787143782138e+00, 4.226727205393796e-04, -1.908849984717065e-02, 1.431275529490201e-04, -3.229164887167283e-05
4283, 6.283185307179586e+00, 5.105088062083414e+00, 5.497787143782138e+00, 2.836629904121579e-03, 1.107946544365752e-11, -2.909535318872213e-02, -2.369368898844181e-04
4284, 0.000000000000000e+00, 5.497787143782138e+00, 5.497787143782138e+00, 3.250688813437003e-03, 4.778411849417950e-11, -6.697625386738562e-02, -2.612394356129534e-04
4285, 3.926990816987241e-01, 5.497787143782138e+00, 5.497787143782138e+00, 5.779917191966294e-05, 2.744816373213253e-02, 2.926039012938491e-04, 2.237573911395348e-05
4286, 7.853981633974483e-01, 5.497787143782138e+00, 5.497787143782138e+00, -2.346425223031060e-03, -1.193640402121736e-10, 6.704118839350627e-02, 1.813633721254443e-04
4287, 1.178097245096172e+00, 5.497787143782138e+00, 5.497787143782138e+00, 5.780010455758852e-05, -2.744816392640092e-02, 2.926036840530092e-04, 2.237570699337892e-05
4288, 1.570796326794897e+00, 5.497787143782138e+00, 5.497787143782138e+00, 3.250690098289439e-03, -5.292528178850115e-11, -6.697625423731168e-02, -2.612394921294967e-04
4289, 1.963495408493621e+00, 5.497787143782138e+00, 5.497787143782138e+00, 5.780005048760851e-05, 2.744816381461379e-02, 2.926034638722241e-04, 2.237567238853557e-05
4290, 2.356194490192345e+00, 5.497787143782138e+00, 5.497787143782138e+00, -2.346425115905975e-03, -3.824443338737961e-12, 6.704118797553006e-02, 1.813633072694477e-04
4291, 2.748893571891069e+00, 5.497787143782138e+00, 5.497787143782138e+00, 5.779967805707668e-05, -2.744816383575161e-02, 2.926033315027356e-04, 2.237565245613382e-05
4292, 3.141592653589793e+00, 5.497787143782138e+00, 5.497787143782138e+00, 3.250689521605930e-03, -2.042294422614010e-12, -6.697625449726122e-02, -2.612395316156147e-04
4293, 3.534291735288517e+00, 5.497787143782138e+00, 5.497787143782138e+00, 5.779965093204890e-05, 2.744816383045211e-02, 2.926033152230160e-04, 2.237564963283827e-05
4294, 3.926990816987241e+00, 5.497787143782138e+00, 5.497787143782138e+00, -2.346425154572407e-03, -5.054808055299396e-12, 6.704118794364315e-02, 1.813633016725625e-04
4295, 4.319689898685965e+00, 5.497787143782138e+00, 5.497787143782138e+00, 5.780003090800767e-05, -2.744816382850808e-02, 2.926034173374739e-04, 2.237566421721706e-05
4296, 4.712388980384690e+00, 5.497787143782138e+00, 5.497787143782138e+00, 3.250690144641587e-03, 3.492710356050095e-11, -6.697625429554109e-02, -2.612395024425955e-04
4297, 5.105088062083414e+00, 5.497787143782138e+00, 5.497787143782138e+00, 5.780026893523177e-05, 2.744816390830645e-02, 2.926036201213989e-04, 2.237569550814861e-05
4298, 5.497787143782138e+00, 5.497787143782138e+00, 5.497787143782138e+00, -2.346424919847575e-03, 1.109153953911496e-10, 6.704118833187162e-02, 1.813633611214580e-04
4299, 5.890486225480862e+00, 5.497787143782138e+00, 5.497787143782138e+00, 5.779951962599012e-05, -2.744816370734139e-02, 2.926038558393310e-04, 2.237573086010979e-05
4300, 6.283185307179586e+00, 5.497787143782138e+00, 5.497787143782138e+00, 3.250688813437003e-03, 4.778411849417950e-11, -6.697625386738562e-02, -2.612394356129534e-04
4301, 0.000000000000000e+00, 5.890486225480862e+00, 5.497787143782138e+00, 1.669153288938061e-03, 7.166428667285349e-11, -1.076560076891992e-01, -7.776484541569289e-05
4302, 3.926990816987241e-01, 5.890486225480862e+00, 5.497787143782138e+00, -5.122360020993100e-04, 2.124403007980867e-02, 2.966157966818581e-04, 1.056467376804445e-04
4303, 7.853981633974483e-01, 5.890486225480862e+00, 5.497787143782138e+00, -2.507553123560750e-03, -2.069350143943685e-10, 1.077389341891408e-01, 2.551312969518549e-04
4304, 1.178097245096172e+00, 5.890486225480862e+00, 5.497787143782138e+00, -5.122346565380608e-04, -2.124403042718406e-02, 2.966156757404088e-04, 1.056466986083491e-04
4305, 1.570796326794897e+00, 5.890486225480862e+00, 5.497787143782138e+00, 1.669155194346614e-03, -1.433160238180773e-10, -1.076560078819802e-01, -7.776491555696731e-05
4306, 1.963495408493621e+00, 5.890486225480862e+00, 5.497787143782138e+00, -5.122345537224966e-04, 2.124403014334305e-02, 2.966155483637983e-04, 1.056466521091807e-04
4307, 2.356194490192345e+00, 5.890486225480862e+00, 5.497787143782138e+00, -2.507552672996334e-03, -5.799448461868588e-11, 1.077389339430398e-01, 2.551312105357883e-04
4308, 2.748893571891069e+00, 5.890486225480862e+00, 5.497787143782138e+00, -5.122349511957115e-04, -2.124403027003274e-02, 2.966154662758695e-04, 1.056466233315350e-04
4309, 3.141592653589793e+00, 5.890486225480862e+00, 5.497787143782138e+00, 1.669154623952989e-03, -8.648070100512721e-12, -1.076560080396569e-01, -7.776497169563236e-05
4310, 3.534291735288517e+00, 5.890486225480862e+00, 5.497787143782138e+00, -5.122349829227411e-04, 2.124403025163712e-02, 2.966154564577776e-04, 1.056466193261975e-04
4311, 3.926990816987241e+00, 5.890486225480862e+00, 5.497787143782138e+00, -2.507552714382225e-03, 3.666736767018906e-11, 1.077389339234101e-01, 2.551312026873630e-04
4312, 4.319689898685965e+00, 5.890486225480862e+00, 5.497787143782138e+00, -5.122345615419424e-04, -2.124403016802747e-02, 2.966155194462335e-04, 1.056466408539584e-04
4313, 4.712388980384690e+00, 5.890486225480862e+00, 5.497787143782138e+00, 1.669155282553806e-03, 1.177785195683961e-10, -1.076560079175053e-01, -7.776492938187174e-05
4314, 5.105088062083414e+00, 5.890486225480862e+00, 5.497787143782138e+00, -5.122344093130854e-04, 2.124403040746810e-02, 2.966156381948324e-04, 1.056466838141478e-04
4315, 5.497787143782138e+00, 5.890486225480862e+00, 5.497787143782138e+00, -2.507552700858007e-03, 2.062207349806427e-10, 1.077389341548760e-01, 2.551312834375564e-04
4316, 5.890486225480862e+00, 5.890486225480862e+00, 5.497787143782138e+00, -5.122355357283677e-04, -2.124403003493014e-02, 2.966157754237720e-04, 1.056467279914178e-04
4317, 6.283185307179586e+00, 5.890486225480862e+00, 5.497787143782138e+00, 1.669153288938061e-03, 7.166428667285349e-11, -1.076560076891992e-01, -7.776484541569289e-05
4318, 0.000000000000000e+00, 6.283185307179586e+00, 5.497787143782138e+00, -1.040572379328932e-03, 6.967953895123964e-11, -1.258760260215395e-01, 1.823298336600782e-04
4319, 3.926990816987241e-01, 6.283185307179586e+00, 5.497787143782138e+00, -8.098587607105112e-04, -1.626685763881801e-10, 2.186300916947712e-10, 1.491026190656795e-04
4320, 7.853981633974483e-01, 6.283185307179586e+00, 5.497787143782138e+00, -1.040571223138370e-03, -2.364561026122283e-10, 1.258760264300174e-01, 1.823298086178705e-04
4321, 1.178097245096172e+00, 6.283185307179586e+00, 5.497787143782138e+00, -8.098573617601272e-04, -2.254120210707801e-10, 1.932961602863666e-10, 1.491025783154695e-04
4322, 1.570796326794897e+00, 6.283185307179586e+00, 5.497787143782138e+00, -1.040570437793152e-03, -1.826303492839759e-10, -1.258760260350947e-01, 1.823297615835434e-04
4323, 1.963495408493621e+00, 6.283185307179586e+00, 5.497787143782138e+00, -8.098572052905180e-04, -1.321159269602076e-10, 1.845496367758681e-10, 1.491025272527381e-04
4324, 2.356194490192345e+00, 6.283185307179586e+00, 5.497787143782138e+00, -1.040570671883040e-03, -8.237655043105868e-11, 1.258760264002085e-01, 1.823297139130730e-04
4325, 2.748893571891069e+00, 6.283185307179586e+00, 5.497787143782138e+00, -8.098576088231778e-04, -4.167412081857492e-11, 1.724501232936824e-10, 1.491024943541489e-04
4326, 3.141592653589793e+00, 6.283185307179586e+00, 5.497787143782138e+00, -1.040570999378752e-03, -1.157023631516527e-11, -1.258760260542439e-01, 1.823296979360621e-04
4327, 3.534291735288517e+00, 6.283185307179586e+00, 5.497787143782138e+00, -8.098576419063510e-04, 1.743094981004566e-11, 1.714504324878560e-10, 1.491024898485284e-04
4328, 3.926990816987241e+00, 6.283185307179586e+00, 5.497787143782138e+00, -1.040570712998848e-03, 5.539036775552623e-11, 1.258760263976499e-01, 1.823297050906082e-04
4329, 4.319689898685965e+00, 6.283185307179586e+00, 5.497787143782138e+00, -8.098572048796089e-04, 1.024330903894043e-10, 1.801382077055635e-10, 1.491025146011165e-04
4330, 4.712388980384690e+00, 6.283185307179586e+00, 5.497787143782138e+00, -1.040570328016752e-03, 1.537163035454952e-10, -1.258760260395912e-01, 1.823297461745254e-04
4331, 5.105088062083414e+00, 6.283185307179586e+00, 5.497787143782138e+00, -8.098570810008203e-04, 2.061299878774247e-10, 1.894485971033873e-10, 1.491025622042751e-04
4332, 5.497787143782138e+00, 6.283185307179586e+00, 5.497787143782138e+00, -1.040570769674941e-03, 2.443352608413558e-10, 1.258760264255480e-01, 1.823297944871869e-04
4333, 5.890486225480862e+00, 6.283185307179586e+00, 5.497787143782138e+00, -8.098583017784784e-04, 2.258243591588464e-10, 2.155320036495362e-10, 1.491026098363367e-04
4334, 6.283185307179586e+00, 6.283185307179586e+00, 5.497787143782138e+00, -1.040572379328932e-03, 6.967953895123964e-11, -1.258760260215395e-01, 1.823298336600782e-04
4335, 0.000000000000000e+00, 0.000000000000000e+00, 5.890486225480862e+00, -1.919844984329939e-03, 7.380326266513313e-11, -2.031020225751995e-01, 1.489690047203958e-04
4336, 3.926990816987241e-01, 0.000000000000000e+00, 5.890486225480862e+00, -1.355891691952064e-03, -1.697860899041494e-10, 2.365608621420508e-10, 1.123858027955554e-04
4337, 7.853981633974483e-01, 0.000000000000000e+00, 5.890486225480862e+00, -1.919843799255717e-03, -2.511183049735050e-10, 2.031020230076047e-01, 1.489690059301590e-04
4338, 1.178097245096172e+00, 0.000000000000000e+00, 5.890486225480862e+00, -1.355890250644138e-03, -2.452572194344239e-10, 2.016095184186633e-10, 1.123857885740356e-04
4339, 1.570796326794897e+00, 0.000000000000000e+00, 5.890486225480862e+00, -1.919842976755603e-03, -2.046992822205456e-10, -2.031020225903442e-01, 1.489689768727988e-04
4340, 1.963495408493621e+00, 0.000000000000000e+00, 5.890486225480862e+00, -1.355890042798173e-03, -1.523403634410200e-10, 1.980018287481786e-10, 1.123857548241942e-04
4341, 2.356194490192345e+00, 0.000000000000000e+00, 5.890486225480862e+00, -1.919843157623189e-03, -9.647590846374595e-11, 2.031020229758633e-01, 1.489689462436434e-04
4342, 2.748893571891069e+00, 0.000000000000000e+00, 5.890486225480862e+00, -1.355890433738726e-03, -4.890212358944360e-11, 1.833342630499101e-10, 1.123857321653965e-04
4343, 3.141592653589793e+00, 0.000000000000000e+00, 5.890486225480862e+00, -1.919843502341064e-03, -1.350867020512414e-11, -2.031020226099631e-01, 1.489689332896793e-04
4344, 3.534291735288517e+00, 0.000000000000000e+00, 5.890486225480862e+00, -1.355890463117013e-03, 2.084564985905981e-11, 1.825503827588574e-10, 1.123857290075586e-04
4345, 3.926990816987241e+00, 0.000000000000000e+00, 5.890486225480862e+00, -1.919843189874415e-03, 6.593597374978074e-11, 2.031020229731545e-01, 1.489689400484184e-04
4346, 4.319689898685965e+00, 0.000000000000000e+00, 5.890486225480862e+00, -1.355890026083695e-03, 1.197284745538555e-10, 1.928763391448004e-10, 1.123857459727656e-04
4347, 4.712388980384690e+00, 0.000000000000000e+00, 5.890486225480862e+00, -1.919842841768479e-03, 1.743013603865496e-10, -2.031020225947994e-01, 1.489689662034696e-04
4348, 5.105088062083414e+00, 0.000000000000000e+00, 5.890486225480862e+00, -1.355889939356376e-03, 2.270195979416606e-10, 1.983990014323821e-10, 1.123857779149092e-04
4349, 5.497787143782138e+00, 0.000000000000000e+00, 5.890486225480862e+00, -1.919843317994706e-03, 2.628229345113424e-10, 2.031020230031101e-01, 1.489689983122484e-04
4350, 5.890486225480862e+00, 0.000000000000000e+00, 5.890486225480862e+00, -1.355891216501826e-03, 2.377464336481368e-10, 2.335645997061674e-10, 1.123858012190203e-04
4351, 6.283185307179586e+00, 0.000000000000000e+00, 5.890486225480862e+00, -1.919844984329939e-03, 7.380326266513313e-11, -2.031020225751995e-01, 1.489690047203958e-04
4352, 0.000000000000000e+00, 3.926990816987241e-01, 5.890486225480862e+00, -3.897129530507158e-03, 8.450529695587273e-11, -1.734894923095031e-01, 1.840091160128888e-04
4353, 3.926990816987241e-01, 3.926990816987241e-01, 5.890486225480862e+00, -8.945141826177333e-04, -3.424671130959027e-02, -6.164511812236334e-04, 7.921424153175474e-05
4354, 7.853981633974483e-01, 3.926990816987241e-01, 5.890486225480862e+00, 2.553903392532842e-03, -2.285837148892965e-10, 1.735993120234441e-01, -6.197650489451261e-05
4355, 1.178097245096172e+00, 3.926990816987241e-01, 5.890486225480862e+00, -8.945128464609764e-04, 3.424671091842964e-02, -6.164511086583838e-04, 7.921423002502621e-05
4356, 1.570796326794897e+00, 3.926990816987241e-01, 5.890486225480862e+00, -3.897127683381215e-03, -1.764357650811676e-10, -1.734894921598980e-01, 1.840090922169918e-04
4357, 1.963495408493621e+00, 3.926990816987241e-01, 5.890486225480862e+00, -8.945127896932895e-04, -3.424671126399394e-02, -6.164509827248423e-04, 7.921419899741104e-05
4358, 2.356194490192345e+00, 3.926990816987241e-01, 5.890486225480862e+00, 2.553903765724951e-03, -8.073699304452774e-11, 1.735993122401419e-01, -6.197655967880122e-05
4359, 2.748893571891069e+00, 3.926990816987241e-01, 5.890486225480862e+00, -8.945132374982057e-04, 3.424671109494890e-02, -6.164509137724580e-04, 7.921417804608743e-05
4360, 3.141592653589793e+00, 3.926990816987241e-01, 5.890486225480862e+00, -3.897128339276538e-03, -1.141070018640179e-11, -1.734894920197186e-01, 1.840090520695371e-04
4361, 3.534291735288517e+00, 3.926990816987241e-01, 5.890486225480862e+00, -8.945132740738485e-04, -3.424671111905878e-02, -6.164509044851011e-04, 7.921417512615191e-05
4362, 3.926990816987241e+00, 3.926990816987241e-01, 5.890486225480862e+00, 2.553903718835653e-03, 5.380596807387284e-11, 1.735993122574824e-01, -6.197656544629243e-05
4363, 4.319689898685965e+00, 3.926990816987241e-01, 5.890486225480862e+00, -8.945127975807323e-04, 3.424671123458792e-02, -6.164509584877919e-04, 7.921419072324406e-05
4364, 4.712388980384690e+00, 3.926990816987241e-01, 5.890486225480862e+00, -3.897127586513879e-03, 1.480783620411273e-10, -1.734894921290341e-01, 1.840090822404857e-04
4365, 5.105088062083414e+00, 3.926990816987241e-01, 5.890486225480862e+00, -8.945125841515045e-04, -3.424671093679823e-02, -6.164510741390381e-04, 7.921422009603115e-05
4366, 5.497787143782138e+00, 3.926990816987241e-01, 5.890486225480862e+00, 2.553903831007861e-03, 2.349280658573599e-10, 1.735993120523047e-01, -6.197651162792277e-05
4367, 5.890486225480862e+00, 3.926990816987241e-01, 5.890486225480862e+00, -8.945137097001061e-04, 3.424671136138634e-02, -6.164511682217322e-04, 7.921424148468552e-05
4368, 6.283185307179586e+00, 3.926990816987241e-01, 5.890486225480862e+00, -3.897129530507158e-03, 8.450529695587273e-11, -1.734894923095031e-01, 1.840091160128888e-04
4369, 0.000000000000000e+00, 7.853981633974483e-01, 5.890486225480862e+00, -3.316818455611356e-03, 6.267287076950810e-11, -1.078180234875760e-01, 1.110284065236294e-04
4370, 3.926990816987241e-01, 7.853981633974483e-01, 5.890486225480862e+00, -2.701510119002086e-05, -4.423652994879221e-02, -5.637262697869341e-04, 1.679219939136987e-05
4371, 7.853981633974483e-01, 7.853981633974483e-01, 5.890486225480862e+00, 5.121948203078135e-03, -1.495401433098709e-10, 1.080393632688824e-01, -2.110105197558582e-04
4372, 1.178097245096172e+00, 7.853981633974483e-01, 5.890486225480862e+00, -2.701421470513969e-05, 4.423652969610360e-02, -5.637260791231483e-04, 1.679219137801616e-05
4373, 1.570796326794897e+00, 7.853981633974483e-01, 5.890486225480862e+00, -3.316817284613654e-03, -8.932792227819214e-11, -1.078180231484265e-01, 1.110283906076392e-04
4374, 1.963495408493621e+00, 7.853981633974483e-01, 5.890486225480862e+00, -2.701443362879431e-05, -4.423652987861150e-02, -5.637258571967906e-04, 1.679216887960541e-05
4375, 2.356194490192345e+00, 7.853981633974483e-01, 5.890486225480862e+00, 5.121948014346691e-03, -2.890104059296776e-11, 1.080393636845009e-01, -2.110105593590955e-04
4376, 2.748893571891069e+00, 7.853981633974483e-01, 5.890486225480862e+00, -2.701495367005848e-05, 4.423652981157102e-02, -5.637257236783950e-04, 1.679215432102620e-05
4377, 3.141592653589793e+00, 7.853981633974483e-01, 5.890486225480862e+00, -3.316818120462610e-03, -4.987079561962310e-12, -1.078180228896274e-01, 1.110283624473780e-04
4378, 3.534291735288517e+00, 7.853981633974483e-01, 5.890486225480862e+00, -2.701499727189866e-05, -4.423652982311400e-02, -5.637257071333438e-04, 1.679215222589797e-05
4379, 3.926990816987241e+00, 7.853981633974483e-01, 5.890486225480862e+00, 5.121947947547341e-03, 1.371814497175343e-11, 1.080393637170517e-01, -2.110105635482814e-04
4380, 4.319689898685965e+00, 7.853981633974483e-01, 5.890486225480862e+00, -2.701448266681483e-05, 4.423652985938936e-02, -5.637258109283905e-04, 1.679216277304919e-05
4381, 4.712388980384690e+00, 7.853981633974483e-01, 5.890486225480862e+00, -3.316817260824194e-03, 6.781729876085188e-11, -1.078180230911313e-01, 1.110283831240563e-04
4382, 5.105088062083414e+00, 7.853981633974483e-01, 5.890486225480862e+00, -2.701406315643315e-05, -4.423652971373414e-02, -5.637260153653755e-04, 1.679218380866735e-05
4383, 5.497787143782138e+00, 7.853981633974483e-01, 5.890486225480862e+00, 5.121948504626913e-03, 1.478417003564449e-10, 1.080393633283239e-01, -2.110105248892681e-04
4384, 5.890486225480862e+00, 7.853981633974483e-01, 5.890486225480862e+00, -2.701474922042884e-05, 4.423652998192374e-02, -5.637262299745650e-04, 1.679219949479927e-05
4385, 6.283185307179586e+00, 7.853981633974483e-01, 5.890486225480862e+00, -3.316818455611356e-03, 6.267287076950810e-11, -1.078180234875760e-01, 1.110284065236294e-04
4386, 0.000000000000000e+00, 1.178097245096172e+00, 5.890486225480862e+00, -2.121836248249528e-03, 2.451399735984304e-11, -4.683091418967011e-02, 5.812941249967872e-05
4387, 3.926990816987241e-01, 1.178097245096172e+00, 5.890486225480862e+00, 5.363507813695320e-04, -3.075528790745535e-02, -2.304346862318648e-04, -2.302751089980977e-05
4388, 7.853981633974483e-01, 1.178097245096172e+00, 5.890486225480862e+00, 4.351484977794113e-03, -2.208800285652540e-11, 4.698506472003437e-02, -1.839855391488564e-04
4389, 1.178097245096172e+00, 1.178097245096172e+00, 5.890486225480862e+00, 5.363509236807431e-04, 3.075528788056289e-02, -2.304344109532050e-04, -2.302751492958370e-05
4390, 1.570796326794897e+00, 1.178097245096172e+00, 5.890486225480862e+00, -2.121836209384023e-03, 4.066487410866126e-11, -4.683091371873069e-02, 5.812940527981700e-05
4391, 1.963495408493621e+00, 1.178097245096172e+00, 5.890486225480862e+00, 5.363503757261832e-04, -3.075528781627935e-02, -2.304341246502201e-04, -2.302752376941498e-05
4392, 2.356194490192345e+00, 1.178097245096172e+00, 5.890486225480862e+00, 4.351484073753070e-03, 4.904743679762287e-11, 4.698506526733771e-02, -1.839855546657567e-04
4393, 2.748893571891069e+00, 1.178097245096172e+00, 5.890486225480862e+00, 5.363498107785610e-04, 3.075528790148848e-02, -2.304339509650015e-04, -2.302752800123576e-05
4394, 3.141592653589793e+00, 1.178097245096172e+00, 5.890486225480862e+00, -2.121837198404777e-03, 4.477231541739820e-12, -4.683091338321913e-02, 5.812939637216754e-05
4395, 3.534291735288517e+00, 1.178097245096172e+00, 5.890486225480862e+00, 5.363497659730549e-04, -3.075528789436817e-02, -2.304339298885138e-04, -2.302752877126811e-05
4396, 3.926990816987241e+00, 1.178097245096172e+00, 5.890486225480862e+00, 4.351483995190464e-03, -4.660218934749698e-11, 4.698506530912494e-02, -1.839855562978688e-04
4397, 4.319689898685965e+00, 1.178097245096172e+00, 5.890486225480862e+00, 5.363502877903939e-04, 3.075528781244917e-02, -2.304340645186614e-04, -2.302752633936979e-05
4398, 4.712388980384690e+00, 1.178097245096172e+00, 5.890486225480862e+00, -2.121836271397362e-03, -5.122828908121012e-11, -4.683091364404569e-02, 5.812940184726557e-05
4399, 5.105088062083414e+00, 1.178097245096172e+00, 5.890486225480862e+00, 5.363509271575748e-04, -3.075528789525245e-02, -2.304343274680425e-04, -2.302751873163725e-05
4400, 5.497787143782138e+00, 1.178097245096172e+00, 5.890486225480862e+00, 4.351485072943718e-03, 1.052363446080816e-11, 4.698506480057542e-02, -1.839855420475905e-04
4401, 5.890486225480862e+00, 1.178097245096172e+00, 5.890486225480862e+00, 5.363509302191096e-04, 3.075528791098460e-02, -2.304346291930809e-04, -2.302751125581737e-05
4402, 6.283185307179586e+00, 1.178097245096172e+00, 5.890486225480862e+00, -2.121836248249528e-03, 2.451399735984304e-11, -4.683091418967011e-02, 5.812941249967872e-05
4403, 0.000000000000000e+00, 1.570796326794897e+00, 5.890486225480862e+00, -7.413428092167189e-04, -2.060442512206628e-11, -1.303172063591595e-02, 1.275244329576918e-05
4404, 3.926990816987241e-01, 1.570796326794897e+00, 5.890486225480862e+00, 5.731124285803929e-04, -1.259077755100280e-02, -4.426083483946218e-05, -2.899208646536766e-05
4405, 7.853981633974483e-01, 1.570796326794897e+00, 5.890486225480862e+00, 2.141762479690593e-03, 1.357988453874947e-10, 1.307770926348496e-02, -8.655174091707614e-05
4406, 1.178097245096172e+00, 1.570796326794897e+00, 5.890486225480862e+00, 5.731116628361113e-04, 1.259077779915381e-02, -4.426052604690883e-05, -2.899208627913888e-05
4407, 1.570796326794897e+00, 1.570796326794897e+00, 5.890486225480862e+00, -7.413441416397628e-04, 1.938852727191776e-10, -1.303172011084644e-02, 1.275244548416431e-05
4408, 1.963495408493621e+00, 1.570796326794897e+00, 5.890486225480862e+00, 5.731107665524383e-04, -1.259077744104447e-02, -4.426021420963544e-05, -2.899207860549293e-05
4409, 2.356194490192345e+00, 1.570796326794897e+00, 5.890486225480862e+00, 2.141760796940085e-03, 1.402904318770843e-10, 1.307770985968974e-02, -8.655172756711959e-05
4410, 2.748893571891069e+00, 1.570796326794897e+00, 5.890486225480862e+00, 5.731101977889378e-04, 1.259077770400263e-02, -4.426002811341921e-05, -2.899207054711098e-05
4411, 3.141592653589793e+00, 1.570796326794897e+00, 5.890486225480862e+00, -7.413452276604773e-04, 1.546482383523874e-11, -1.303171974853204e-02, 1.275245958484007e-05
4412, 3.534291735288517e+00, 1.570796326794897e+00, 5.890486225480862e+00, 5.731101577876852e-04, -1.259077767512001e-02, -4.426000554491971e-05, -2.899206972390402e-05
4413, 3.926990816987241e+00, 1.570796326794897e+00, 5.890486225480862e+00, 2.141760716903419e-03, -1.171361227585953e-10, 1.307770990431134e-02, -8.655172613034650e-05
4414, 4.319689898685965e+00, 1.570796326794897e+00, 5.890486225480862e+00, 5.731106493129028e-04, 1.259077745540728e-02, -4.426014951594792e-05, -2.899207693471577e-05
4415, 4.712388980384690e+00, 1.570796326794897e+00, 5.890486225480862e+00, -7.413442883790736e-04, -1.909273935939746e-10, -1.303172002978865e-02, 1.275244690955103e-05
4416, 5.105088062083414e+00, 1.570796326794897e+00, 5.890486225480862e+00, 5.731115018883218e-04, -1.259077780893546e-02, -4.426043499843777e-05, -2.899208556086310e-05
4417, 5.497787143782138e+00, 1.570796326794897e+00, 5.890486225480862e+00, 2.141762330727494e-03, -1.577685102853005e-10, 1.307770935219706e-02, -8.655174115757351e-05
4418, 5.890486225480862e+00, 1.570796326794897e+00, 5.890486225480862e+00, 5.731123290765834e-04, 1.259077751853028e-02, -4.426077094548861e-05, -2.899208738742388e-05
4419, 6.283185307179586e+00, 1.570796326794897e+00, 5.890486225480862e+00, -7.413428092167189e-04, -2.060442512206628e-11, -1.303172063591595e-02, 1.275244329576918e-05
4420, 0.000000000000000e+00, 1.963495408493621e+00, 5.890486225480862e+00, 2.438621212884242e-04, -6.545140270560323e-11, -1.910339695761761e-03, -2.168759096920815e-05
4421, 3.926990816987241e-01, 1.963495408493621e+00, 5.890486225480862e+00, 3.442972836695034e-04, -2.672770111009461e-03, 7.472949865558502e-06, -2.035427145829590e-05
4422, 7.853981633974483e-01, 1.963495408493621e+00, 5.890486225480862e+00, 4.400414242966241e-04, 2.984049595869273e-10, 1.930991219590462e-03, -1.830236347418300e-05
4423, 1.178097245096172e+00, 1.963495408493621e+00, 5.890486225480862e+00, 3.442956013677170e-04, 2.672770639685830e-03, 7.473240697031972e-06, -2.035426714026249e-05
4424, 1.570796326794897e+00, 1.963495408493621e+00, 5.890486225480862e+00, 2.438594134830169e-04, 3.484083102746780e-10, -1.910339200678416e-03, -2.168757944368693e-05
4425, 1.963495408493621e+00, 1.963495408493621e+00, 5.890486225480862e+00, 3.442943783386747e-04, -2.672769984593617e-03, 7.473532633748575e-06, -2.035424275106666e-05
4426, 2.356194490192345e+00, 1.963495408493621e+00, 5.890486225480862e+00, 4.400390013384796e-04, 2.309395311056963e-10, 1.930991776101680e-03, -1.830232107471962e-05
4427, 2.748893571891069e+00, 1.963495408493621e+00, 5.890486225480862e+00, 3.442938392354680e-04, 2.672770424810380e-03, 7.473704249810815e-06, -2.035422245639967e-05
4428, 3.141592653589793e+00, 1.963495408493621e+00, 5.890486225480862e+00, 2.438582863928073e-04, 2.638289285037284e-11, -1.910338864386128e-03, -2.168754231629361e-05
4429, 3.534291735288517e+00, 1.963495408493621e+00, 5.890486225480862e+00, 3.442938082999354e-04, -2.672770374295151e-03, 7.473725072533782e-06, -2.035422003278066e-05
4430, 3.926990816987241e+00, 1.963495408493621e+00, 5.890486225480862e+00, 4.400389281299360e-04, -1.870989551744651e-10, 1.930991817190934e-03, -1.830231656679583e-05
4431, 4.319689898685965e+00, 1.963495408493621e+00, 5.890486225480862e+00, 3.442942428972265e-04, 2.672770017353754e-03, 7.473592493826798e-06, -2.035423683837234e-05
4432, 4.712388980384690e+00, 1.963495408493621e+00, 5.890486225480862e+00, 2.438591927666394e-04, -3.314304403832177e-10, -1.910339125153436e-03, -2.168757314531456e-05
4433, 5.105088062083414e+00, 1.963495408493621e+00, 5.890486225480862e+00, 3.442952823116599e-04, -2.672770643789739e-03, 7.473325834704536e-06, -2.035426185730447e-05
4434, 5.497787143782138e+00, 1.963495408493621e+00, 5.890486225480862e+00, 4.400410313265325e-04, -3.301148053545796e-10, 1.930991302767885e-03, -1.830236098107223e-05
4435, 5.890486225480862e+00, 1.963495408493621e+00, 5.890486225480862e+00, 3.442969313076814e-04, 2.672770041805118e-03, 7.473010097520218e-06, -2.035427286576327e-05
4436, 6.283185307179586e+00, 1.963495408493621e+00, 5.890486225480862e+00, 2.438621212884242e-04, -6.545140270560323e-11, -1.910339695761761e-03, -2.168759096920815e-05
4437, 0.000000000000000e+00, 2.356194490192345e+00, 5.890486225480862e+00, 4.280590440773513e-04, -1.040361789339152e-10, -3.486082390360072e-05, -2.697963475578996e-05
4438, 3.926990816987241e-01, 2.356194490192345e+00, 5.890486225480862e+00, 1.159110298871322e-04, -1.404850022071494e-04, 1.309408813873506e-05, -1.212800505149011e-05
4439, 7.853981633974483e-01, 2.356194490192345e+00, 5.890486225480862e+00, -2.107931983072185e-04, 4.391390662566419e-10, 5.654450640353062e-05, 3.590638412215085e-06
4440, 1.178097245096172e+00, 2.356194490192345e+00, 5.890486225480862e+00, 1.159085698712197e-04, 1.404857734155816e-04, 1.309431600313728e-05, -1.212799717085071e-05
4441, 1.570796326794897e+00, 2.356194490192345e+00, 5.890486225480862e+00, 4.280551754744399e-04, 4.815903842465049e-10, -3.486043588757640e-05, -2.697961519979781e-05
4442, 1.963495408493621e+00, 2.356194490192345e+00, 5.890486225480862e+00, 1.159070892970658e-04, -1.404848627164497e-04, 1.309454408348176e-05, -1.212795847086710e-05
4443, 2.356194490192345e+00, 2.356194490192345e+00, 5.890486225480862e+00, -2.107962151214667e-04, 3.079764785530009e-10, 5.654494076712130e-05, 3.590705633375990e-06
4444, 2.748893571891069e+00, 2.356194490192345e+00, 5.890486225480862e+00, 1.159065978816205e-04, 1.404854543082436e-04, 1.309467707215943e-05, -1.212792778084841e-05
4445, 3.141592653589793e+00, 2.356194490192345e+00, 5.890486225480862e+00, 4.280540530329419e-04, 3.567723684916515e-11, -3.486017456456712e-05, -2.697955845725634e-05
4446, 3.534291735288517e+00, 2.356194490192345e+00, 5.890486225480862e+00, 1.159065779444544e-04, -1.404853853852682e-04, 1.309469317497119e-05, -1.212792399642876e-05
4447, 3.926990816987241e+00, 2.356194490192345e+00, 5.890486225480862e+00, -2.107962764819784e-04, -2.464678081808050e-10, 5.654497256990521e-05, 3.590712749658151e-06
4448, 4.319689898685965e+00, 2.356194490192345e+00, 5.890486225480862e+00, 1.159069460570211e-04, 1.404849113832408e-04, 1.309459056393821e-05, -1.212794894853394e-05
4449, 4.712388980384690e+00, 2.356194490192345e+00, 5.890486225480862e+00, 4.280548992814509e-04, -4.523048457048322e-10, -3.486037700889068e-05, -2.697960473782841e-05
4450, 5.105088062083414e+00, 2.356194490192345e+00, 5.890486225480862e+00, 1.159081214884145e-04, -1.404857723484129e-04, 1.309438254200477e-05, -1.212798796511292e-05
4451, 5.497787143782138e+00, 2.356194490192345e+00, 5.890486225480862e+00, -2.107937969216557e-04, -4.790223528990317e-10, 5.654457148746414e-05, 3.590643287222942e-06
4452, 5.890486225480862e+00, 2.356194490192345e+00, 5.890486225480862e+00, 1.159104617293528e-04, 1.404849012237255e-04, 1.309413530190428e-05, -1.212800682699872e-05
4453, 6.283185307179586e+00, 2.356194490192345e+00, 5.890486225480862e+00, 4.280590440773513e-04, -1.040361789339152e-10, -3.486082390360072e-05, -2.697963475578996e-05
4454, 0.000000000000000e+00, 2.748893571891069e+00, 5.890486225480862e+00, 1.754566171058724e-04, -1.307471228621438e-10, 5.476926342960279e-05, -1.613641511009342e-05
4455, 3.926990816987241e-01, 2.748893571891069e+00, 5.890486225480862e+00, -2.264477291994265e-05, 4.319324372834121e-05, 7.660441181629820e-06, -7.682166283595392e-06
4456, 7.853981633974483e-01, 2.748893571891069e+00, 5.890486225480862e+00, -2.236429520427851e-04, 5.362630712944188e-10, -4.067110221969132e-05, 8.982931309914405e-07
4457, 1.178097245096172e+00, 2.748893571891069e+00, 5.890486225480862e+00, -2.264775056195629e-05, -4.319230494025968e-05, 7.660571572483404e-06, -7.682155981110642e-06
4458, 1.570796326794897e+00, 2.748893571891069e+00, 5.890486225480862e+00, 1.754519821776257e-04, 5.733577180378248e-10, 5.476948530631591e-05, -1.613639010594144e-05
4459, 1.963495408493621e+00, 2.748893571891069e+00, 5.890486225480862e+00, -2.264938079848811e-05, 4.319339148326004e-05, 7.660701513045856e-06, -7.682107537430004e-06
4460, 2.356194490192345e+00, 2.748893571891069e+00, 5.890486225480862e+00, -2.236463274785149e-04, 3.605887666188685e-10, -4.067085468534705e-05, 8.983772498107053e-07
4461, 2.748893571891069e+00, 2.748893571891069e+00, 5.890486225480862e+00, -2.264981938330317e-05, -4.319269615088060e-05, 7.660776863689681e-06, -7.682069779716433e-06
4462, 3.141592653589793e+00, 2.748893571891069e+00, 5.890486225480862e+00, 1.754509008197553e-04, 4.202592632885835e-11, 5.476963356736610e-05, -1.613632002102667e-05
4463, 3.534291735288517e+00, 2.748893571891069e+00, 5.890486225480862e+00, -2.264982890665598e-05, 4.319277764948166e-05, 7.660785980634556e-06, -7.682065072395364e-06
4464, 3.926990816987241e+00, 2.748893571891069e+00, 5.890486225480862e+00, -2.236463754415653e-04, -2.869520031090977e-10, -4.067083664512955e-05, 8.983861372994137e-07
4465, 4.319689898685965e+00, 2.748893571891069e+00, 5.890486225480862e+00, -2.264952250101698e-05, -4.319333177915795e-05, 7.660727949209352e-06, -7.682095557351296e-06
4466, 4.712388980384690e+00, 2.748893571891069e+00, 5.890486225480862e+00, 1.754516753775956e-04, -5.354654507122842e-10, 5.476951889093164e-05, -1.613637679891510e-05
4467, 5.105088062083414e+00, 2.748893571891069e+00, 5.890486225480862e+00, -2.264828081658680e-05, 4.319230965025322e-05, 7.660609619617578e-06, -7.682144085072980e-06
4468, 5.497787143782138e+00, 2.748893571891069e+00, 5.890486225480862e+00, -2.236436864790871e-04, -5.817548369445696e-10, -4.067106494792988e-05, 8.982996472932171e-07
4469, 5.890486225480862e+00, 2.748893571891069e+00, 5.890486225480862e+00, -2.264548612433715e-05, -4.319336665501460e-05, 7.660468198867379e-06, -7.682168307427435e-06
4470, 6.283185307179586e+00, 2.748893571891069e+00, 5.890486225480862e+00, 1.754566171058724e-04, -1.307471228621438e-10, 5.476926342960279e-05, -1.613641511009342e-05
4471, 0.000000000000000e+00, 3.141592653589793e+00, 5.890486225480862e+00, -6.711647043254340e-05, -1.415549999554029e-10, 3.474741459056717e-05, -6.370681412555992e-06
4472, 3.926990816987241e-01, 3.141592653589793e+00, 5.890486225480862e+00, -6.718942311181555e-05, 3.659146891956475e-10, -1.431652055104727e-10, -6.356807947667445e-06
4473, 7.853981633974483e-01, 3.141592653589793e+00, 5.890486225480862e+00, -6.711880220598564e-05, 5.752130730642392e-10, -3.474769715599038e-05, -6.370694108898583e-06
4474, 1.178097245096172e+00, 3.141592653589793e+00, 5.890486225480862e+00, -6.719257883044449e-05, 6.400375186819227e-10, -1.299095783546905e-10, -6.356796813810862e-06
4475, 1.570796326794897e+00, 3.141592653589793e+00, 5.890486225480862e+00, -6.712136008370042e-05, 6.098322974411669e-10, 3.474743689918419e-05, -6.370654477179013e-06
4476, 1.963495408493621e+00, 3.141592653589793e+00, 5.890486225480862e+00, -6.719422877742792e-05, 5.164257894945142e-10, -1.175513226740441e-10, -6.356744637935661e-06
4477, 2.356194490192345e+00, 3.141592653589793e+00, 5.890486225480862e+00, -6.712224709243821e-05, 3.813050875379923e-10, -3.474767345020090e-05, -6.370603537732272e-06
4478, 2.748893571891069e+00, 3.141592653589793e+00, 5.890486225480862e+00, -6.719461871275163e-05, 2.198657265975115e-10, -1.107622896733015e-10, -6.356704164109759e-06
4479, 3.141592653589793e+00, 3.141592653589793e+00, 5.890486225480862e+00, -6.712237266141834e-05, 4.453674913836443e-11, 3.474745044694161e-05, -6.370579267055658e-06
4480, 3.534291735288517e+00, 3.141592653589793e+00, 5.890486225480862e+00, -6.719462056804965e-05, -1.333845280140489e-10, -1.098984103256391e-10, -6.356699100854124e-06
4481, 3.926990816987241e+00, 3.141592653589793e+00, 5.890486225480862e+00, -6.712228307807227e-05, -3.028311140139890e-10, -3.474767172101789e-05, -6.370593965711852e-06
4482, 4.319689898685965e+00, 3.141592653589793e+00, 5.890486225480862e+00, -6.719436086464392e-05, -4.522693563562832e-10, -1.149678492364330e-10, -6.356731704952086e-06
4483, 4.712388980384690e+00, 3.141592653589793e+00, 5.890486225480862e+00, -6.712166883038995e-05, -5.684196273768662e-10, 3.474744026495897e-05, -6.370640063023190e-06
4484, 5.105088062083414e+00, 3.141592653589793e+00, 5.890486225480862e+00, -6.719313166230946e-05, -6.337867374725635e-10, -1.259892591811343e-10, -6.356783869081209e-06
4485, 5.497787143782138e+00, 3.141592653589793e+00, 5.890486225480862e+00, -6.711958255627306e-05, -6.229024968305693e-10, -3.474769321343055e-05, -6.370686959526930e-06
4486, 5.890486225480862e+00, 3.141592653589793e+00, 5.890486225480862e+00, -6.719018932969220e-05, -4.976612406152855e-10, -1.402478999194480e-10, -6.356810091722583e-06
4487, 6.283185307179586e+00, 3.141592653589793e+00, 5.890486225480862e+00, -6.711647043254340e-05, -1.415549999554029e-10, 3.474741459056717e-05, -6.370681412555992e-06
4488, 0.000000000000000e+00, 3.534291735288517e+00, 5.890486225480862e+00, -2.236410451128869e-04, -1.348764554899100e-10, 4.067090966711351e-05, 8.982893654013651e-07
4489, 3.926990816987241e-01, 3.534291735288517e+00, 5.890486225480862e+00, -2.264505588888220e-05, -4.319255513942078e-05, -7.660709425676547e-06, -7.682182078785578e-06
4490, 7.853981633974483e-01, 3.534291735288517e+00, 5.890486225480862e+00, 1.754541478151284e-04, 5.501038860537324e-10, -5.476960044203145e-05, -1.613644288812630e-05
4491, 1.178097245096172e+00, 3.534291735288517e+00, 5.890486225480862e+00, -2.264802236623243e-05, 4.319351767389365e-05, -7.660815451911023e-06, -7.682171894525210e-06
4492, 1.570796326794897e+00, 3.534291735288517e+00, 5.890486225480862e+00, -2.236456384109358e-04, 5.855382554703205e-10, 4.067072886949665e-05, 8.983143397466257e-07
4493, 1.963495408493621e+00, 3.534291735288517e+00, 5.890486225480862e+00, -2.264955916930144e-05, -4.319240767515274e-05, -7.660922529331529e-06, -7.682122551779755e-06
4494, 2.356194490192345e+00, 3.534291735288517e+00, 5.890486225480862e+00, 1.754509338484191e-04, 3.671431212599796e-10, -5.476980421670375e-05, -1.613635729644314e-05
4495, 2.748893571891069e+00, 3.534291735288517e+00, 5.890486225480862e+00, -2.264991184498793e-05, 4.319311618048968e-05, -7.660985271940128e-06, -7.682084113352863e-06
4496, 3.141592653589793e+00, 3.534291735288517e+00, 5.890486225480862e+00, -2.236465650966095e-04, 4.286766542883263e-11, 4.067060578803874e-05, 8.983857093498099e-07
4497, 3.534291735288517e+00, 3.534291735288517e+00, 5.890486225480862e+00, -2.264991019980057e-05, -4.319303300250427e-05, -7.660992760111630e-06, -7.682079308612573e-06
4498, 3.926990816987241e+00, 3.534291735288517e+00, 5.890486225480862e+00, 1.754509062643095e-04, -2.918321103223014e-10, -5.476981901801520e-05, -1.613634822172119e-05
4499, 4.319689898685965e+00, 3.534291735288517e+00, 5.890486225480862e+00, -2.264967530509562e-05, 4.319246900577693e-05, -7.660944153187013e-06, -7.682110308762123e-06
4500, 4.712388980384690e+00, 3.534291735288517e+00, 5.890486225480862e+00, -2.236459203312176e-04, -5.462568757883736e-10, 4.067070152789338e-05, 8.983279561079589e-07
4501, 5.105088062083414e+00, 3.534291735288517e+00, 5.890486225480862e+00, -2.264853519609214e-05, -4.319351222244381e-05, -7.660846250537401e-06, -7.682159707694403e-06
4502, 5.497787143782138e+00, 3.534291735288517e+00, 5.890486225480862e+00, 1.754534180978312e-04, -5.962209832752215e-10, -5.476963041840661e-05, -1.613643622046355e-05
4503, 5.890486225480862e+00, 3.534291735288517e+00, 5.890486225480862e+00, -2.264577565198299e-05, 4.319242901530304e-05, -7.660731015162822e-06, -7.682184207137057e-06
4504, 6.283185307179586e+00, 3.534291735288517e+00, 5.890486225480862e+00, -2.236410451128869e-04, -1.348764554899100e-10, 4.067090966711351e-05, 8.982893654013651e-07
4505, 0.000000000000000e+00, 3.926990816987241e+00, 5.890486225480862e+00, -2.107919069394554e-04, -1.116690988045840e-10, -5.654458595039888e-05, 3.590618969066504e-06
4506, 3.926990816987241e-01, 3.926990816987241e+00, 5.890486225480862e+00, 1.159105394649191e-04, 1.404855674849378e-04, -1.309430406770722e-05, -1.212803454449696e-05
4507, 7.853981633974483e-01, 3.926990816987241e+00, 5.890486225480862e+00, 4.280567793764270e-04, 4.646062616449186e-10, 3.486047681057980e-05, -2.697967424721849e-05
4508, 1.178097245096172e+00, 3.926990816987241e+00, 5.890486225480862e+00, 1.159081032987105e-04, -1.404847526215004e-04, -1.309451375662482e-05, -1.212802698754868e-05
4509, 1.570796326794897e+00, 3.926990816987241e+00, 5.890486225480862e+00, -2.107956946229055e-04, 5.041015928442506e-10, -5.654494315222144e-05, 3.590638335421156e-06
4510, 1.963495408493621e+00, 3.926990816987241e+00, 5.890486225480862e+00, 1.159067953435959e-04, 1.404857066718717e-04, -1.309472424703816e-05, -1.212798662555944e-05
4511, 2.356194490192345e+00, 3.926990816987241e+00, 5.890486225480862e+00, 4.280540632155024e-04, 3.201831021311923e-10, 3.486007586111850e-05, -2.697960435681916e-05
4512, 2.748893571891069e+00, 3.926990816987241e+00, 5.890486225480862e+00, 1.159064636553153e-04, -1.404850905945958e-04, -1.309484735314830e-05, -1.212795468757335e-05
4513, 3.141592653589793e+00, 3.926990816987241e+00, 5.890486225480862e+00, -2.107965306372840e-04, 3.726516262832784e-11, -5.654518473111373e-05, 3.590697453222045e-06
4514, 3.534291735288517e+00, 3.926990816987241e+00, 5.890486225480862e+00, 1.159064640726476e-04, 1.404851626723313e-04, -1.309486211296354e-05, -1.212795071603847e-05
4515, 3.926990816987241e+00, 3.926990816987241e+00, 5.890486225480862e+00, 4.280540392363988e-04, -2.555671182928861e-10, 3.486004667751816e-05, -2.697959688745677e-05
4516, 4.319689898685965e+00, 3.926990816987241e+00, 5.890486225480862e+00, 1.159066992590124e-04, -1.404856550319435e-04, -1.309476691359343e-05, -1.212797661660640e-05
4517, 4.712388980384690e+00, 3.926990816987241e+00, 5.890486225480862e+00, -2.107959247071176e-04, -4.723008403469350e-10, -5.654499717747109e-05, 3.590649359995012e-06
4518, 5.105088062083414e+00, 3.926990816987241e+00, 5.890486225480862e+00, 1.159076874421390e-04, 1.404847550420235e-04, -1.309457475177942e-05, -1.212801726334461e-05
4519, 5.497787143782138e+00, 3.926990816987241e+00, 5.890486225480862e+00, 4.280561896435970e-04, -5.056019016357176e-10, 3.486041729287437e-05, -2.697966911358593e-05
4520, 5.890486225480862e+00, 3.926990816987241e+00, 5.890486225480862e+00, 1.159099588081256e-04, -1.404856743647669e-04, -1.309434700907417e-05, -1.212803652639422e-05
4521, 6.283185307179586e+00, 3.926990816987241e+00, 5.890486225480862e+00, -2.107919069394554e-04, -1.116690988045840e-10, -5.654458595039888e-05, 3.590618969066504e-06
4522, 0.000000000000000e+00, 4.319689898685965e+00, 5.890486225480862e+00, 4.400420308391266e-04, -7.517927586094285e-11, -1.930991177816533e-03, -1.830239566073785e-05
4523, 3.926990816987241e-01, 4.319689898685965e+00, 5.890486225480862e+00, 3.442967219304295e-04, 2.672770491255289e-03, -7.473084860274549e-06, -2.035431063112127e-05
4524, 7.853981633974483e-01, 4.319689898685965e+00, 5.890486225480862e+00, 2.438604039130648e-04, 3.316269951517679e-10, 1.910339387071192e-03, -2.168763715646201e-05
4525, 1.178097245096172e+00, 4.319689898685965e+00, 5.890486225480862e+00, 3.442950804873645e-04, -2.672769906488872e-03, -7.473366660585081e-06, -2.035430699741855e-05
4526, 1.570796326794897e+00, 4.319689898685965e+00, 5.890486225480862e+00, 4.400394408282947e-04, 3.775699900622051e-10, -1.930991658274370e-03, -1.830238472460625e-05
4527, 1.963495408493621e+00, 4.319689898685965e+00, 5.890486225480862e+00, 3.442940822958637e-04, 2.672770618514578e-03, -7.473649242076557e-06, -2.035428044031316e-05
4528, 2.356194490192345e+00, 4.319689898685965e+00, 5.890486225480862e+00, 2.438583790217666e-04, 2.473386495169872e-10, 1.910338849032350e-03, -2.168759138148697e-05
4529, 2.748893571891069e+00, 4.319689898685965e+00, 5.890486225480862e+00, 3.442937537584627e-04, -2.672770146038707e-03, -7.473814707029553e-06, -2.035425853117778e-05
4530, 3.141592653589793e+00, 4.319689898685965e+00, 5.890486225480862e+00, 4.400386883679418e-04, 2.851338749232494e-11, -1.930991983118727e-03, -1.830234449701379e-05
4531, 3.534291735288517e+00, 4.319689898685965e+00, 5.890486225480862e+00, 3.442937486400424e-04, 2.672770200821720e-03, -7.473834664646819e-06, -2.035425584699542e-05
4532, 3.926990816987241e+00, 4.319689898685965e+00, 5.890486225480862e+00, 2.438583537873705e-04, -1.993527227003033e-10, 1.910338809659696e-03, -2.168758639239209e-05
4533, 4.319689898685965e+00, 4.319689898685965e+00, 5.890486225480862e+00, 3.442940079552603e-04, -2.672770581985287e-03, -7.473706740572927e-06, -2.035427388579012e-05
4534, 4.712388980384690e+00, 4.319689898685965e+00, 5.890486225480862e+00, 4.400392804451625e-04, -3.574710040915418e-10, -1.930991731056978e-03, -1.830237771199322e-05
4535, 5.105088062083414e+00, 4.319689898685965e+00, 5.890486225480862e+00, 3.442948048611905e-04, 2.672769904114965e-03, -7.473448827430715e-06, -2.035430108738627e-05
4536, 5.497787143782138e+00, 4.319689898685965e+00, 5.890486225480862e+00, 2.438600237170028e-04, -3.647441106235631e-10, 1.910339306791572e-03, -2.168763439364211e-05
4537, 5.890486225480862e+00, 4.319689898685965e+00, 5.890486225480862e+00, 3.442963532771977e-04, -2.672770568127316e-03, -7.473142933977227e-06, -2.035431236323109e-05
4538, 6.283185307179586e+00, 4.319689898685965e+00, 5.890486225480862e+00, 4.400420308391266e-04, -7.517927586094285e-11, -1.930991177816533e-03, -1.830239566073785e-05
4539, 0.000000000000000e+00, 4.712388980384690e+00, 5.890486225480862e+00, 2.141762458125074e-03, -3.085750629245853e-11, -1.307770910676827e-02, -8.655178094725998e-05
4540, 3.926990816987241e-01, 4.712388980384690e+00, 5.890486225480862e+00, 5.731119630654717e-04, 1.259077771254851e-02, 4.426080136055894e-05, -2.899212971578176e-05
4541, 7.853981633974483e-01, 4.712388980384690e+00, 5.890486225480862e+00, -7.413436987020646e-04, 1.713597022536482e-10, 1.303172041355790e-02, 1.275239663292471e-05
4542, 1.178097245096172e+00, 4.712388980384690e+00, 5.890486225480862e+00, 5.731112602777033e-04, -1.259077740547612e-02, 4.426049104099613e-05, -2.899213065172332e-05
4543, 1.570796326794897e+00, 4.712388980384690e+00, 5.890486225480862e+00, 2.141761277394090e-03, 2.246323570299908e-10, -1.307770963826646e-02, -8.655177993965001e-05
4544, 1.963495408493621e+00, 4.712388980384690e+00, 5.890486225480862e+00, 5.731106079963567e-04, 1.259077782549978e-02, 4.426017806476045e-05, -2.899212072104076e-05
4545, 2.356194490192345e+00, 4.712388980384690e+00, 5.890486225480862e+00, -7.413449401700636e-04, 1.593068836814845e-10, 1.303171981983991e-02, 1.275241343678143e-05
4546, 2.748893571891069e+00, 4.712388980384690e+00, 5.890486225480862e+00, 5.731102666091339e-04, -1.259077752679841e-02, 4.425999451423836e-05, -2.899211088524869e-05
4547, 3.141592653589793e+00, 4.712388980384690e+00, 5.890486225480862e+00, 2.141760592809729e-03, 1.781389089355516e-11, -1.307770999963114e-02, -8.655176248400491e-05
4548, 3.534291735288517e+00, 4.712388980384690e+00, 5.890486225480862e+00, 5.731102533108951e-04, 1.259077756053288e-02, 4.425997210506433e-05, -2.899210976145322e-05
4549, 3.926990816987241e+00, 4.712388980384690e+00, 5.890486225480862e+00, -7.413449700021573e-04, -1.314132674790182e-10, 1.303171977590544e-02, 1.275241542860571e-05
4550, 4.319689898685965e+00, 4.712388980384690e+00, 5.890486225480862e+00, 5.731105550643447e-04, -1.259077780714508e-02, 4.426011404309802e-05, -2.899211833483356e-05
4551, 4.712388980384690e+00, 4.712388980384690e+00, 5.890486225480862e+00, 2.141761194989023e-03, -2.185732678704330e-10, -1.307770971919981e-02, -8.655177776934095e-05
4552, 5.105088062083414e+00, 4.712388980384690e+00, 5.890486225480862e+00, 5.731111479043885e-04, 1.259077739726798e-02, 4.426040003823962e-05, -2.899212934639024e-05
4553, 5.497787143782138e+00, 4.712388980384690e+00, 5.890486225480862e+00, -7.413438297621076e-04, -1.952289271471522e-10, 1.303172032469560e-02, 1.275239653004910e-05
4554, 5.890486225480862e+00, 4.712388980384690e+00, 5.890486225480862e+00, 5.731118499490541e-04, -1.259077775313815e-02, 4.426073659496991e-05, -2.899213114325594e-05
4555, 6.283185307179586e+00, 4.712388980384690e+00, 5.890486225480862e+00, 2.141762458125074e-03, -3.085750629245853e-11, -1.307770910676827e-02, -8.655178094725998e-05
4556, 0.000000000000000e+00, 5.105088062083414e+00, 5.890486225480862e+00, 4.351484495660449e-03, 1.369302702913729e-11, -4.698506446801443e-02, -1.839855803395692e-04
4557, 3.926990816987241e-01, 5.105088062083414e+00, 5.890486225480862e+00, 5.363505685602835e-04, 3.075528785191702e-02, 2.304347677692409e-04, -2.302755142114393e-05
4558, 7.853981633974483e-01, 5.105088062083414e+00, 5.890486225480862e+00, -2.121836163227657e-03, 8.162290773168489e-12, 4.683091409715669e-02, 5.812937229263711e-05
4559, 1.178097245096172e+00, 5.105088062083414e+00, 5.890486225480862e+00, 5.363507931168559e-04, -3.075528782691142e-02, 2.304344771764566e-04, -2.302755674371080e-05
4560, 1.570796326794897e+00, 5.105088062083414e+00, 5.890486225480862e+00, 4.351484707673712e-03, 6.829042077011841e-11, -4.698506496820318e-02, -1.839855890945421e-04
4561, 1.963495408493621e+00, 5.105088062083414e+00, 5.890486225480862e+00, 5.363504770104242e-04, 3.075528794858794e-02, 2.304341808128638e-04, -2.302756383420204e-05
4562, 2.356194490192345e+00, 5.105088062083414e+00, 5.890486225480862e+00, -2.121836643334171e-03, 6.871171539273910e-11, 4.683091353782563e-02, 5.812935959132288e-05
4563, 2.748893571891069e+00, 5.105088062083414e+00, 5.890486225480862e+00, 5.363501122633828e-04, -3.075528782858216e-02, 2.304340056234720e-04, -2.302756627043038e-05
4564, 3.141592653589793e+00, 5.105088062083414e+00, 5.890486225480862e+00, 4.351484073480016e-03, 6.667180325304234e-12, -4.698506531420141e-02, -1.839855948714683e-04
4565, 3.534291735288517e+00, 5.105088062083414e+00, 5.890486225480862e+00, 5.363500909449561e-04, 3.075528784046370e-02, 2.304339839270777e-04, -2.302756675987700e-05
4566, 3.926990816987241e+00, 5.105088062083414e+00, 5.890486225480862e+00, -2.121836677927581e-03, -6.148065132284023e-11, 4.683091349560625e-02, 5.812935850363973e-05
4567, 4.319689898685965e+00, 5.105088062083414e+00, 5.890486225480862e+00, 5.363504442460526e-04, -3.075528794864602e-02, 2.304341193819520e-04, -2.302756570596760e-05
4568, 4.712388980384690e+00, 5.105088062083414e+00, 5.890486225480862e+00, 4.351484701238267e-03, -7.615878324823629e-11, -4.698506504552254e-02, -1.839855918595101e-04
4569, 5.105088062083414e+00, 5.105088062083414e+00, 5.890486225480862e+00, 5.363508425964470e-04, 3.075528781296879e-02, 2.304343913101872e-04, -2.302756012851602e-05
4570, 5.497787143782138e+00, 5.105088062083414e+00, 5.890486225480862e+00, -2.121836043622060e-03, -2.309137747008496e-11, 4.683091401380239e-02, 5.812936926921784e-05
4571, 5.890486225480862e+00, 5.105088062083414e+00, 5.890486225480862e+00, 5.363507173180430e-04, -3.075528785561659e-02, 2.304347062475580e-04, -2.302755252883234e-05
4572, 6.283185307179586e+00, 5.105088062083414e+00, 5.890486225480862e+00, 4.351484495660449e-03, 1.369302702913729e-11, -4.698506446801443e-02, -1.839855803395692e-04
4573, 0.000000000000000e+00, 5.497787143782138e+00, 5.890486225480862e+00, 5.121947492699028e-03, 5.091479590620020e-11, -1.080393629525217e-01, -2.110105534663175e-04
4574, 3.926990816987241e-01, 5.497787143782138e+00, 5.890486225480862e+00, -2.701497910452085e-05, 4.423652971689214e-02, 5.637264746966907e-04, 1.679216935214287e-05
4575, 7.853981633974483e-01, 5.497787143782138e+00, 5.890486225480862e+00, -3.316817474283985e-03, -1.312322995479928e-10, 1.078180235610190e-01, 1.110283796348618e-04
4576, 1.178097245096172e+00, 5.497787143782138e+00, 5.890486225480862e+00, -2.701400901621283e-05, -4.423652993232358e-02, 5.637262472426189e-04, 1.679216043806842e-05
4577, 1.570796326794897e+00, 5.497787143782138e+00, 5.890486225480862e+00, 5.121948831514987e-03, -6.773690806141699e-11, -1.080393633384834e-01, -2.110105703711784e-04
4578, 1.963495408493621e+00, 5.497787143782138e+00, 5.890486225480862e+00, -2.701404379337931e-05, 4.423652979389323e-02, 5.637260145169356e-04, 1.679213868804534e-05
4579, 2.356194490192345e+00, 5.497787143782138e+00, 5.890486225480862e+00, -3.316817330751037e-03, -1.172717793763524e-11, 1.078180231194144e-01, 1.110283415805562e-04
4580, 2.748893571891069e+00, 5.497787143782138e+00, 5.890486225480862e+00, -2.701443039837884e-05, -4.423652983149539e-02, 5.637258719324403e-04, 1.679212568966288e-05
4581, 3.141592653589793e+00, 5.497787143782138e+00, 5.890486225480862e+00, 5.121948239045273e-03, -3.265346750076547e-12, -1.080393636178870e-01, -2.110105961726545e-04
4582, 3.534291735288517e+00, 5.497787143782138e+00, 5.890486225480862e+00, -2.701445701136468e-05, 4.423652982383601e-02, 5.637258543417252e-04, 1.679212378665449e-05
4583, 3.926990816987241e+00, 5.497787143782138e+00, 5.890486225480862e+00, -3.316817366938306e-03, 6.031644184043832e-13, 1.078180230850483e-01, 1.110283378081572e-04
4584, 4.319689898685965e+00, 5.497787143782138e+00, 5.890486225480862e+00, -2.701405698597402e-05, -4.423652980985449e-02, 5.637259643704285e-04, 1.679213313544762e-05
4585, 4.712388980384690e+00, 5.497787143782138e+00, 5.890486225480862e+00, 5.121948891008586e-03, 4.840839878133118e-11, -1.080393634008038e-01, -2.110105773722435e-04
4586, 5.105088062083414e+00, 5.497787143782138e+00, 5.890486225480862e+00, -2.701382377988642e-05, 4.423652991428711e-02, 5.637261798075738e-04, 1.679215304862312e-05
4587, 5.497787143782138e+00, 5.497787143782138e+00, 5.890486225480862e+00, -3.316817146955336e-03, 1.244303994709316e-10, 1.078180234966962e-01, 1.110283741271400e-04
4588, 5.890486225480862e+00, 5.497787143782138e+00, 5.890486225480862e+00, -2.701461093888380e-05, -4.423652968911315e-02, 5.637264272328871e-04, 1.679216855207692e-05
4589, 6.283185307179586e+00, 5.497787143782138e+00, 5.890486225480862e+00, 5.121947492699028e-03, 5.091479590620020e-11, -1.080393629525217e-01, -2.110105534663175e-04
4590, 0.000000000000000e+00, 5.890486225480862e+00, 5.890486225480862e+00, 2.553902619140702e-03, 7.534946763280370e-11, -1.735993116599763e-01, -6.197652158158313e-05
4591, 3.926990816987241e-01, 5.890486225480862e+00, 5.890486225480862e+00, -8.945138363125926e-04, 3.424671097629126e-02, 6.164515117291469e-04, 7.921422902058806e-05
4592, 7.853981633974483e-01, 5.890486225480862e+00, 5.890486225480862e+00, -3.897128067440418e-03, -2.215299758441634e-10, 1.734894925683002e-01, 1.840091062930771e-04
4593, 1.178097245096172e+00, 5.890486225480862e+00, 5.890486225480862e+00, -8.945124464368743e-04, -3.424671135011924e-02, 6.164513792949281e-04, 7.921421720454323e-05
4594, 1.570796326794897e+00, 5.890486225480862e+00, 5.890486225480862e+00, 2.553904596185997e-03, -1.634532710680573e-10, -1.735993118604693e-01, -6.197654480825929e-05
4595, 1.963495408493621e+00, 5.890486225480862e+00, 5.890486225480862e+00, -8.945122959876496e-04, 3.424671102953360e-02, 6.164512484254969e-04, 7.921418599017128e-05
4596, 2.356194490192345e+00, 5.890486225480862e+00, 5.890486225480862e+00, -3.897127533213913e-03, -7.013011181921472e-11, 1.734894923087135e-01, 1.840090515815834e-04
4597, 2.748893571891069e+00, 5.890486225480862e+00, 5.890486225480862e+00, -8.945126890469010e-04, -3.424671118030295e-02, 6.164511591688745e-04, 7.921416585396308e-05
4598, 3.141592653589793e+00, 5.890486225480862e+00, 5.890486225480862e+00, 2.553904047165917e-03, -1.039765587172246e-11, -1.735993120286702e-01, -6.197658397558693e-05
4599, 3.534291735288517e+00, 5.890486225480862e+00, 5.890486225480862e+00, -8.945127176975521e-04, 3.424671115849269e-02, 6.164511487726552e-04, 7.921416300241744e-05
4600, 3.926990816987241e+00, 5.890486225480862e+00, 5.890486225480862e+00, -3.897127567144561e-03, 4.564543331127898e-11, 1.734894922876047e-01, 1.840090459985211e-04
4601, 4.319689898685965e+00, 5.890486225480862e+00, 5.890486225480862e+00, -8.945122902681271e-04, -3.424671105683638e-02, 6.164512171868025e-04, 7.921417796849978e-05
4602, 4.712388980384690e+00, 5.890486225480862e+00, 5.890486225480862e+00, 2.553904706145789e-03, 1.364959652272879e-10, -1.735993118981800e-01, -6.197655460039145e-05
4603, 5.105088062083414e+00, 5.890486225480862e+00, 5.890486225480862e+00, -8.945121704000086e-04, 3.424671133098044e-02, 6.164513402621195e-04, 7.921420723431877e-05
4604, 5.497787143782138e+00, 5.890486225480862e+00, 5.890486225480862e+00, -3.897127615699741e-03, 2.236080842836666e-10, 1.734894925325793e-01, 1.840090991578063e-04
4605, 5.890486225480862e+00, 5.890486225480862e+00, 5.890486225480862e+00, -8.945133483843697e-04, -3.424671092772032e-02, 6.164514887771891e-04, 7.921422826913082e-05
4606, 6.283185307179586e+00, 5.890486225480862e+00, 5.890486225480862e+00, 2.553902619140702e-03, 7.534946763280370e-11, -1.735993116599763e-01, -6.197652158158313e-05
4607, 0.000000000000000e+00, 6.283185307179586e+00, 5.890486225480862e+00, -1.919844984329939e-03, 7.380326266513313e-11, -2.031020225751995e-01, 1.489690047203958e-04
4608, 3.926990816987241e-01, 6.283185307179586e+00, 5.890486225480862e+00, -1.355891691952064e-03, -1.697860899041494e-10, 2.365608621420508e-10, 1.123858027955554e-04
4609, 7.853981633974483e-01, 6.283185307179586e+00, 5.890486225480862e+00, -1.919843799255717e-03, -2.511183049735050e-10, 2.031020230076047e-01, 1.489690059301590e-04
4610, 1.178097245096172e+00, 6.283185307179586e+00, 5.890486225480862e+00, -1.355890250644138e-03, -2.452572194344239e-10, 2.016095184186633e-10, 1.123857885740356e-04
4611, 1.570796326794897e+00, 6.283185307179586e+00, 5.890486225480862e+00, -1.919842976755603e-03, -2.046992822205456e-10, -2.031020225903442e-01, 1.489689768727988e-04
4612, 1.963495408493621e+00, 6.283185307179586e+00, 5.890486225480862e+00, -1.355890042798173e-03, -1.523403634410200e-10, 1.980018287481786e-10, 1.123857548241942e-04
4613, 2.356194490192345e+00, 6.283185307179586e+00, 5.890486225480862e+00, -1.919843157623189e-03, -9.647590846374595e-11, 2.031020229758633e-01, 1.489689462436434e-04
4614, 2.748893571891069e+00, 6.283185307179586e+00, 5.890486225480862e+00, -1.355890433738726e-03, -4.890212358944360e-11, 1.833342630499101e-10, 1.123857321653965e-04
4615, 3.141592653589793e+00, 6.283185307179586e+00, 5.890486225480862e+00, -1.919843502341064e-03, -1.350867020512414e-11, -2.031020226099631e-01, 1.489689332896793e-04
4616, 3.534291735288517e+00, 6.283185307179586e+00, 5.890486225480862e+00, -1.355890463117013e-03, 2.084564985905981e-11, 1.825503827588574e-10, 1.123857290075586e-04
4617, 3.926990816987241e+00, 6.283185307179586e+00, 5.890486225480862e+00, -1.919843189874415e-03, 6.593597374978074e-11, 2.031020229731545e-01, 1.489689400484184e-04
4618, 4.319689898685965e+00, 6.283185307179586e+00, 5.890486225480862e+00, -1.355890026083695e-03, 1.197284745538555e-10, 1.928763391448004e-10, 1.123857459727656e-04
4619, 4.712388980384690e+00, 6.283185307179586e+00, 5.890486225480862e+00, -1.919842841768479e-03, 1.743013603865496e-10, -2.031020225947994e-01, 1.489689662034696e-04
4620, 5.105088062083414e+00, 6.283185307179586e+00, 5.890486225480862e+00, -1.355889939356376e-03, 2.270195979416606e-10, 1.983990014323821e-10, 1.123857779149092e-04
4621, 5.497787143782138e+00, 6.283185307179586e+00, 5.890486225480862e+00, -1.919843317994706e-03, 2.628229345113424e-10, 2.031020230031101e-01, 1.489689983122484e-04
4622, 5.890486225480862e+00, 6.283185307179586e+00, 5.890486225480862e+00, -1.355891216501826e-03, 2.377464336481368e-10, 2.335645997061674e-10, 1.123858012190203e-04
4623, 6.283185307179586e+00, 6.283185307179586e+00, 5.890486225480862e+00, -1.919844984329939e-03, 7.380326266513313e-11, -2.031020225751995e-01, 1.489690047203958e-04
4624, 0.000000000000000e+00, 0.000000000000000e+00, 6.283185307179586e+00, -2.364237924265536e-03, 6.754673828500187e-11, -2.372254190013069e-01, 9.061161555082596e-11
4625, 3.926990816987241e-01, 0.000000000000000e+00, 6.283185307179586e+00, -1.609468745150827e-03, -1.570923660437374e-10, 2.290017297405343e-10, 9.928537507728986e-11
4626, 7.853981633974483e-01, 0.000000000000000e+00, 6.283185307179586e+00, -2.364236864400611e-03, -2.535660612653922e-10, 2.372254194231613e-01, 9.990887834634633e-11
4627, 1.178097245096172e+00, 0.000000000000000e+00, 6.283185307179586e+00, -1.609467355400160e-03, -2.562980892806911e-10, 1.930021304243722e-10, 9.785165231746608e-11
4628, 1.570796326794897e+00, 0.000000000000000e+00, 6.283185307179586e+00, -2.364236007757069e-03, -2.161675363072521e-10, -2.372254190181437e-01, 9.537167138932265e-11
4629, 1.963495408493621e+00, 0.000000000000000e+00, 6.283185307179586e+00, -1.609467112367942e-03, -1.613780935555887e-10, 1.934805495937884e-10, 9.233095095458758e-11
4630, 2.356194490192345e+00, 0.000000000000000e+00, 6.283185307179586e+00, -2.364236175829573e-03, -1.037769605098809e-10, 2.372254193927350e-01, 9.027125223356626e-11
4631, 2.748893571891069e+00, 0.000000000000000e+00, 6.283185307179586e+00, -1.609467487892137e-03, -5.402133513788296e-11, 1.777982516256076e-10, 8.867827781318203e-11
4632, 3.141592653589793e+00, 0.000000000000000e+00, 6.283185307179586e+00, -2.364236499108196e-03, -1.453473712010085e-11, -2.372254190372921e-01, 8.828203213510017e-11
4633, 3.534291735288517e+00, 0.000000000000000e+00, 6.283185307179586e+00, -1.609467513859421e-03, 2.393930993614627e-11, 1.772427513421070e-10, 8.811059408665609e-11
4634, 3.926990816987241e+00, 0.000000000000000e+00, 6.283185307179586e+00, -2.364236200576248e-03, 7.134015078956464e-11, 2.372254193901490e-01, 8.914361731338695e-11
4635, 4.319689898685965e+00, 0.000000000000000e+00, 6.283185307179586e+00, -1.609467083447669e-03, 1.271841182120884e-10, 1.881818836571639e-10, 9.068096974394758e-11
4636, 4.712388980384690e+00, 0.000000000000000e+00, 6.283185307179586e+00, -2.364235855718554e-03, 1.848903268113288e-10, -2.372254190224157e-01, 9.327461932435492e-11
4637, 5.105088062083414e+00, 0.000000000000000e+00, 6.283185307179586e+00, -1.609467025745256e-03, 2.389586361579259e-10, 1.904101550105647e-10, 9.550538223112963e-11
4638, 5.497787143782138e+00, 0.000000000000000e+00, 6.283185307179586e+00, -2.364236376394021e-03, 2.700424065080691e-10, 2.372254194189991e-01, 9.765146633090482e-11
4639, 5.890486225480862e+00, 0.000000000000000e+00, 6.283185307179586e+00, -1.609468293030821e-03, 2.330100896801412e-10, 2.284878837640565e-10, 9.772422341599188e-11
4640, 6.283185307179586e+00, 0.000000000000000e+00, 6.283185307179586e+00, -2.364237924265536e-03, 6.754673828500187e-11, -2.372254190013069e-01, 9.061161555082596e-11
4641, 0.000000000000000e+00, 3.926990816987241e-01, 6.283185307179586e+00, -4.500264845496622e-03, 7.193447840555600e-11, -2.024602242401598e-01, 9.325237961288986e-11
4642, 3.926990816987241e-01, 3.926990816987241e-01, 6.283185307179586e+00, -1.076452977648088e-03, -3.999015304490738e-02, -7.949840273018783e-04, 1.081038275579177e-10
4643, 7.853981633974483e-01, 3.926990816987241e-01, 6.283185307179586e+00, 2.941526683012176e-03, -2.295994974539989e-10, 2.027075205837703e-01, 1.085308737538911e-10
4644, 1.178097245096172e+00, 3.926990816987241e-01, 6.283185307179586e+00, -1.076451710880391e-03, 3.999015266198867e-02, -7.949839526975188e-04, 1.064280065346817e-10
4645, 1.570796326794897e+00, 3.926990816987241e-01, 6.283185307179586e+00, -4.500263124849906e-03, -1.876851121448559e-10, -2.024602240821205e-01, 1.032204656115441e-10
4646, 1.963495408493621e+00, 3.926990816987241e-01, 6.283185307179586e+00, -1.076451625069393e-03, -3.999015302690934e-02, -7.949838210981470e-04, 1.005533216962980e-10
4647, 2.356194490192345e+00, 3.926990816987241e-01, 6.283185307179586e+00, 2.941527089872978e-03, -8.775530392502085e-11, 2.027075208052503e-01, 9.823725033389340e-11
4648, 2.748893571891069e+00, 3.926990816987241e-01, 6.283185307179586e+00, -1.076452060264265e-03, 3.999015284413483e-02, -7.949837510330865e-04, 9.675264404421927e-11
4649, 3.141592653589793e+00, 3.926990816987241e-01, 6.283185307179586e+00, -4.500263751666169e-03, -1.239921076709394e-11, -2.024602239371026e-01, 9.586841797910802e-11
4650, 3.534291735288517e+00, 3.926990816987241e-01, 6.283185307179586e+00, -1.076452093857766e-03, -3.999015287019569e-02, -7.949837413037122e-04, 9.615728787192567e-11
4651, 3.926990816987241e+00, 3.926990816987241e-01, 6.283185307179586e+00, 2.941527049666832e-03, 5.898646815642176e-11, 2.027075208230616e-01, 9.705693352607361e-11
4652, 4.319689898685965e+00, 3.926990816987241e-01, 6.283185307179586e+00, -1.076451621502927e-03, 3.999015299589516e-02, -7.949837963609740e-04, 9.882392193491533e-11
4653, 4.712388980384690e+00, 3.926990816987241e-01, 6.283185307179586e+00, -4.500263011560538e-03, 1.583452021412857e-10, -2.024602240503163e-01, 1.010372655685930e-10
4654, 5.105088062083414e+00, 3.926990816987241e-01, 6.283185307179586e+00, -1.076451431442482e-03, -3.999015267940145e-02, -7.949839171473862e-04, 1.039688933030880e-10
4655, 5.497787143782138e+00, 3.926990816987241e-01, 6.283185307179586e+00, 2.941527124334726e-03, 2.416372640046933e-10, 2.027075206134290e-01, 1.061568164925194e-10
4656, 5.890486225480862e+00, 3.926990816987241e-01, 6.283185307179586e+00, -1.076452540823989e-03, 3.999015310880687e-02, -7.949840105415903e-04, 1.064156632563099e-10
4657, 6.283185307179586e+00, 3.926990816987241e-01, 6.283185307179586e+00, -4.500264845496622e-03, 7.193447840555600e-11, -2.024602242401598e-01, 9.325237961288986e-11
4658, 0.000000000000000e+00, 7.853981633974483e-01, 6.283185307179586e+00, -3.671263806261281e-03, 5.277743242596164e-11, -1.257595710339632e-01, 7.330902351985355e-11
4659, 3.926990816987241e-01, 7.853981633974483e-01, 6.283185307179586e+00, -8.040868615555587e-05, -5.165061312166988e-02, -7.131379033565153e-04, 8.493929940347316e-11
4660, 7.853981633974483e-01, 7.853981633974483e-01, 6.283185307179586e+00, 5.966908144788455e-03, -1.496812800195276e-10, 1.261699974489812e-01, 8.596896303457397e-11
4661, 1.178097245096172e+00, 7.853981633974483e-01, 6.283185307179586e+00, -8.040786805615787e-05, 5.165061287716918e-02, -7.131377106063479e-04, 8.458368730574496e-11
4662, 1.570796326794897e+00, 7.853981633974483e-01, 6.283185307179586e+00, -3.671262767867155e-03, -9.714316194382206e-11, -1.257595706929280e-01, 8.270988797651303e-11
4663, 1.963495408493621e+00, 7.853981633974483e-01, 6.283185307179586e+00, -8.040808121137945e-05, -5.165061307332112e-02, -7.131374789585239e-04, 8.128610272624923e-11
4664, 2.356194490192345e+00, 7.853981633974483e-01, 6.283185307179586e+00, 5.966907950781825e-03, -3.363783991521120e-11, 1.261699978804374e-01, 8.028159687464007e-11
4665, 2.748893571891069e+00, 7.853981633974483e-01, 6.283185307179586e+00, -8.040860588214452e-05, 5.165061299715755e-02, -7.131373393927644e-04, 7.931142801233553e-11
4666, 3.141592653589793e+00, 7.853981633974483e-01, 6.283185307179586e+00, -3.671263607432271e-03, -5.662078041575492e-12, -1.257595704224717e-01, 7.880878026333399e-11
4667, 3.534291735288517e+00, 7.853981633974483e-01, 6.283185307179586e+00, -8.040864849888384e-05, -5.165061301008247e-02, -7.131373219713104e-04, 7.895706966601315e-11
4668, 3.926990816987241e+00, 7.853981633974483e-01, 6.283185307179586e+00, 5.966907886762108e-03, 1.710177411347319e-11, 1.261699979146219e-01, 7.956047556586475e-11
4669, 4.319689898685965e+00, 7.853981633974483e-01, 6.283185307179586e+00, -8.040812444600315e-05, 5.165061305289122e-02, -7.131374305992588e-04, 8.020460834652552e-11
4670, 4.712388980384690e+00, 7.853981633974483e-01, 6.283185307179586e+00, -3.671262734612608e-03, 7.478691798637123e-11, -1.257595706331802e-01, 8.129755021563136e-11
4671, 5.105088062083414e+00, 7.853981633974483e-01, 6.283185307179586e+00, -8.040770596414027e-05, -5.165061289416809e-02, -7.131376442855295e-04, 8.292758811616799e-11
4672, 5.497787143782138e+00, 7.853981633974483e-01, 6.283185307179586e+00, 5.966908446280029e-03, 1.524523587135517e-10, 1.261699975100515e-01, 8.429468848510519e-11
4673, 5.890486225480862e+00, 7.853981633974483e-01, 6.283185307179586e+00, -8.040836424658223e-05, 5.165061316389440e-02, -7.131378628774724e-04, 8.370325143042639e-11
4674, 6.283185307179586e+00, 7.853981633974483e-01, 6.283185307179586e+00, -3.671263806261281e-03, 5.277743242596164e-11, -1.257595710339632e-01, 7.330902351985355e-11
4675, 0.000000000000000e+00, 1.178097245096172e+00, 6.283185307179586e+00, -2.348651802605668e-03, 1.962040785954477e-11, -5.461661088502410e-02, 3.969510252767221e-11
4676, 3.926990816987241e-01, 1.178097245096172e+00, 6.283185307179586e+00, 5.760820129470745e-04, -3.590626255539948e-02, -2.775464350864035e-04, 4.588828587516564e-11
4677, 7.853981633974483e-01, 1.178097245096172e+00, 6.283185307179586e+00, 5.022124026430284e-03, -2.157004526718999e-11, 5.489246218867402e-02, 4.711273356468411e-11
4678, 1.178097245096172e+00, 1.178097245096172e+00, 6.283185307179586e+00, 5.760820980925336e-04, 3.590626253451212e-02, -2.775461575497124e-04, 4.746482921069555e-11
4679, 1.570796326794897e+00, 1.178097245096172e+00, 6.283185307179586e+00, -2.348651874566502e-03, 3.864925539794018e-11, -5.461661041421560e-02, 4.778581734008698e-11
4680, 1.963495408493621e+00, 1.178097245096172e+00, 6.283185307179586e+00, 5.760815146717237e-04, -3.590626247403796e-02, -2.775458590119328e-04, 4.840434501269505e-11
4681, 2.356194490192345e+00, 1.178097245096172e+00, 6.283185307179586e+00, 5.022123048726145e-03, 4.822582638435209e-11, 5.489246275803235e-02, 4.905892961670608e-11
4682, 2.748893571891069e+00, 1.178097245096172e+00, 6.283185307179586e+00, 5.760809150709763e-04, 3.590626255771944e-02, -2.775456763727867e-04, 4.939051786875038e-11
4683, 3.141592653589793e+00, 1.178097245096172e+00, 6.283185307179586e+00, -2.348652923961222e-03, 4.316012264614591e-12, -5.461661006253604e-02, 4.949006098679023e-11
4684, 3.534291735288517e+00, 1.178097245096172e+00, 6.283185307179586e+00, 5.760808676583414e-04, -3.590626255100928e-02, -2.775456541527045e-04, 4.942618191313153e-11
4685, 3.926990816987241e+00, 1.178097245096172e+00, 6.283185307179586e+00, 5.022122965809808e-03, -4.629553698483370e-11, 5.489246280210285e-02, 4.909076848516127e-11
4686, 4.319689898685965e+00, 1.178097245096172e+00, 6.283185307179586e+00, 5.760814221820407e-04, 3.590626246966141e-02, -2.775457958287818e-04, 4.837562553064215e-11
4687, 4.712388980384690e+00, 1.178097245096172e+00, 6.283185307179586e+00, -2.348651939619588e-03, -4.976614080851304e-11, -5.461661033608740e-02, 4.763082322081940e-11
4688, 5.105088062083414e+00, 1.178097245096172e+00, 6.283185307179586e+00, 5.760821003576231e-04, -3.590626254917839e-02, -2.775460706175068e-04, 4.713529572035739e-11
4689, 5.497787143782138e+00, 1.178097245096172e+00, 6.283185307179586e+00, 5.022124117393268e-03, 1.206511625323966e-11, 5.489246227135357e-02, 4.664071064888616e-11
4690, 5.890486225480862e+00, 1.178097245096172e+00, 6.283185307179586e+00, 5.760821448967537e-04, 3.590626256352685e-02, -2.775463787037078e-04, 4.545410196994771e-11
4691, 6.283185307179586e+00, 1.178097245096172e+00, 6.283185307179586e+00, -2.348651802605668e-03, 1.962040785954477e-11, -5.461661088502410e-02, 3.969510252767221e-11
4692, 0.000000000000000e+00, 1.570796326794897e+00, 6.283185307179586e+00, -8.485457479591574e-04, -1.988030039492426e-11, -1.519401411178978e-02, -1.220326479374774e-12
4693, 3.926990816987241e-01, 1.570796326794897e+00, 6.283185307179586e+00, 6.260808982769401e-04, -1.469867963230448e-02, -4.530949364169412e-05, -1.515907952539359e-12
4694, 7.853981633974483e-01, 1.570796326794897e+00, 6.283185307179586e+00, 2.431991259729883e-03, 1.371936217248815e-10, 1.528282165754674e-02, -1.943172508105649e-14
4695, 1.178097245096172e+00, 1.570796326794897e+00, 6.283185307179586e+00, 6.260800922765587e-04, 1.469867988318521e-02, -4.530918258446447e-05, 2.393847369845422e-12
4696, 1.570796326794897e+00, 1.570796326794897e+00, 6.283185307179586e+00, -8.485471588668594e-04, 1.987062177907922e-10, -1.519401358703940e-02, 5.368875139937336e-12
4697, 1.963495408493621e+00, 1.570796326794897e+00, 6.283185307179586e+00, 6.260791095751255e-04, -1.469867951680981e-02, -4.530885746187635e-05, 8.467741960618154e-12
4698, 2.356194490192345e+00, 1.570796326794897e+00, 6.283185307179586e+00, 2.431989420378859e-03, 1.442938582692840e-10, 1.528282227734915e-02, 1.116851147154815e-11
4699, 2.748893571891069e+00, 1.570796326794897e+00, 6.283185307179586e+00, 6.260784709158817e-04, 1.469867978725148e-02, -4.530866163622192e-05, 1.302476316399408e-11
4700, 3.141592653589793e+00, 1.570796326794897e+00, 6.283185307179586e+00, -8.485483725733389e-04, 1.591132823912423e-11, -1.519401320678383e-02, 1.383742095309691e-11
4701, 3.534291735288517e+00, 1.570796326794897e+00, 6.283185307179586e+00, 6.260784239057254e-04, -1.469867975759213e-02, -4.530863782423965e-05, 1.352792822347266e-11
4702, 3.926990816987241e+00, 1.570796326794897e+00, 6.283185307179586e+00, 2.431989327324885e-03, -1.206124535115150e-10, 1.528282232441284e-02, 1.210422475783573e-11
4703, 4.319689898685965e+00, 1.570796326794897e+00, 6.283185307179586e+00, 6.260789753438112e-04, 1.469867953138580e-02, -4.530878942055594e-05, 9.706930510384215e-12
4704, 4.712388980384690e+00, 1.570796326794897e+00, 6.283185307179586e+00, -8.485473236121890e-04, -1.959738123233663e-10, -1.519401350214614e-02, 6.734939490860185e-12
4705, 5.105088062083414e+00, 1.570796326794897e+00, 6.283185307179586e+00, 6.260799159069512e-04, -1.469867989362861e-02, -4.530908779332897e-05, 3.681945282503485e-12
4706, 5.497787143782138e+00, 1.570796326794897e+00, 6.283185307179586e+00, 2.431991101578251e-03, -1.600829671749523e-10, 1.528282174854133e-02, 9.903705929464353e-13
4707, 5.890486225480862e+00, 1.570796326794897e+00, 6.283185307179586e+00, 6.260807978404802e-04, 1.469867959894960e-02, -4.530943074854452e-05, -9.514979779373696e-13
4708, 6.283185307179586e+00, 1.570796326794897e+00, 6.283185307179586e+00, -8.485457479591574e-04, -1.988030039492426e-11, -1.519401411178978e-02, -1.220326479374774e-12
4709, 0.000000000000000e+00, 1.963495408493621e+00, 6.283185307179586e+00, 2.595648839496164e-04, -5.937747204772528e-11, -2.223641532193854e-03, -4.267029738100793e-11
4710, 3.926990816987241e-01, 1.963495408493621e+00, 6.283185307179586e+00, 3.710497986368361e-04, -3.121164631063060e-03, 1.304142344155276e-05, -4.945448437410187e-11
4711, 7.853981633974483e-01, 1.963495408493621e+00, 6.283185307179586e+00, 4.759948395958537e-04, 3.008212358681689e-10, 2.256976733633310e-03, -4.760222282608951e-11
4712, 1.178097245096172e+00, 1.963495408493621e+00, 6.283185307179586e+00, 3.710480942819904e-04, 3.121165158991412e-03, 1.304171634907787e-05, -4.313821283637004e-11
4713, 1.570796326794897e+00, 1.963495408493621e+00, 6.283185307179586e+00, 2.595621312506503e-04, 3.600547398581957e-10, -2.223641037257870e-03, -3.750804379318372e-11
4714, 1.963495408493621e+00, 1.963495408493621e+00, 6.283185307179586e+00, 3.710467332956069e-04, -3.121164483433629e-03, 1.304202074033081e-05, -3.185916913747811e-11
4715, 2.356194490192345e+00, 1.963495408493621e+00, 6.283185307179586e+00, 4.759921772651427e-04, 2.397897096686566e-10, 2.256977311793089e-03, -2.704950749738681e-11
4716, 2.748893571891069e+00, 1.963495408493621e+00, 6.283185307179586e+00, 3.710460899273352e-04, 3.121164940157535e-03, 1.304220127893066e-05, -2.369848713024272e-11
4717, 3.141592653589793e+00, 1.963495408493621e+00, 6.283185307179586e+00, 2.595608100972631e-04, 2.743728848023436e-11, -2.223640684170984e-03, -2.220126628337272e-11
4718, 3.534291735288517e+00, 1.963495408493621e+00, 6.283185307179586e+00, 3.710460475920017e-04, -3.121164887673841e-03, 1.304222325852312e-05, -2.272525125532236e-11
4719, 3.926990816987241e+00, 1.963495408493621e+00, 6.283185307179586e+00, 4.759920824737902e-04, -1.943675996273452e-10, 2.256977355114744e-03, -2.520469047061819e-11
4720, 4.319689898685965e+00, 1.963495408493621e+00, 6.283185307179586e+00, 3.710465686211059e-04, 3.121164517168316e-03, 1.304208369565329e-05, -2.934042927791276e-11
4721, 4.712388980384690e+00, 1.963495408493621e+00, 6.283185307179586e+00, 2.595618777294311e-04, -3.429860947531474e-10, -2.223640958131479e-03, -3.460012252897625e-11
4722, 5.105088062083414e+00, 1.963495408493621e+00, 6.283185307179586e+00, 3.710477455898143e-04, -3.121165164414717e-03, 1.304180497635542e-05, -4.020383379880457e-11
4723, 5.497787143782138e+00, 1.963495408493621e+00, 6.283185307179586e+00, 4.759944323249718e-04, -3.364775522189654e-10, 2.256976818926728e-03, -4.507812910903895e-11
4724, 5.890486225480862e+00, 1.963495408493621e+00, 6.283185307179586e+00, 3.710494613874743e-04, 3.121164555345560e-03, 1.304148276662907e-05, -4.786439426077593e-11
4725, 6.283185307179586e+00, 1.963495408493621e+00, 6.283185307179586e+00, 2.595648839496164e-04, -5.937747204772528e-11, -2.223641532193854e-03, -4.267029738100793e-11
4726, 0.000000000000000e+00, 2.356194490192345e+00, 6.283185307179586e+00, 4.778211887837355e-04, -9.342875806539465e-11, -3.953980746494434e-05, -7.831062758134481e-11
4727, 3.926990816987241e-01, 2.356194490192345e+00, 6.283185307179586e+00, 1.205176648624448e-04, -1.656603821793041e-04, 1.655716832357275e-05, -9.063445586946331e-11
4728, 7.853981633974483e-01, 2.356194490192345e+00, 6.283185307179586e+00, -2.555224729463055e-04, 4.424318179003835e-10, 6.673085674690741e-05, -8.843357038740971e-11
4729, 1.178097245096172e+00, 2.356194490192345e+00, 6.283185307179586e+00, 1.205151985334295e-04, 1.656611496593204e-04, 1.655739781165688e-05, -8.222563217693296e-11
4730, 1.570796326794897e+00, 2.356194490192345e+00, 6.283185307179586e+00, 4.778173043409425e-04, 4.991232652862774e-10, -3.953941953454980e-05, -7.432994310576542e-11
4731, 1.963495408493621e+00, 2.356194490192345e+00, 6.283185307179586e+00, 1.205135365106509e-04, -1.656602080613348e-04, 1.655763557366342e-05, -6.647110748621944e-11
4732, 2.356194490192345e+00, 2.356194490192345e+00, 6.283185307179586e+00, -2.555257987010282e-04, 3.209143163634367e-10, 6.673130783349789e-05, -5.983336860170279e-11
4733, 2.748893571891069e+00, 2.356194490192345e+00, 6.283185307179586e+00, 1.205129120841567e-04, 1.656608238645184e-04, 1.655777544047574e-05, -5.522609599002257e-11
4734, 3.141592653589793e+00, 2.356194490192345e+00, 6.283185307179586e+00, 4.778159321386568e-04, 3.725291660926065e-11, -3.953914518332047e-05, -5.316021672211213e-11
4735, 3.534291735288517e+00, 2.356194490192345e+00, 6.283185307179586e+00, 1.205128770905630e-04, -1.656607519597192e-04, 1.655779243720884e-05, -5.385099254858541e-11
4736, 3.926990816987241e+00, 2.356194490192345e+00, 6.283185307179586e+00, -2.555258887734476e-04, -2.569304691061656e-10, 6.673134135425584e-05, -5.721130936735742e-11
4737, 4.319689898685965e+00, 2.356194490192345e+00, 6.283185307179586e+00, 1.205133538075692e-04, 1.656602583613457e-04, 1.655768444700647e-05, -6.285565823417690e-11
4738, 4.712388980384690e+00, 2.356194490192345e+00, 6.283185307179586e+00, 4.778169828864168e-04, -4.694668752765007e-10, -3.953935785217330e-05, -7.009628088094918e-11
4739, 5.105088062083414e+00, 2.356194490192345e+00, 6.283185307179586e+00, 1.205147084703906e-04, -1.656611504606883e-04, 1.655746706987859e-05, -7.787269122201182e-11
4740, 5.497787143782138e+00, 2.356194490192345e+00, 6.283185307179586e+00, -2.555230902286074e-04, -4.888455021193988e-10, 6.673092348319110e-05, -8.460257329771841e-11
4741, 5.890486225480862e+00, 2.356194490192345e+00, 6.283185307179586e+00, 1.205171254931867e-04, 1.656602698284826e-04, 1.655721480599430e-05, -8.815724210905035e-11
4742, 6.283185307179586e+00, 2.356194490192345e+00, 6.283185307179586e+00, 4.778211887837355e-04, -9.342875806539465e-11, -3.953980746494434e-05, -7.831062758134481e-11
4743, 0.000000000000000e+00, 2.748893571891069e+00, 6.283185307179586e+00, 1.980686262808435e-04, -1.170044573059660e-10, 6.324502419672851e-05, -1.028926931137167e-10
4744, 3.926990816987241e-01, 2.748893571891069e+00, 6.283185307179586e+00, -2.801228584684705e-05, 4.931794145143817e-05, 9.048577699116833e-06, -1.190274144478570e-10
4745, 7.853981633974483e-01, 2.748893571891069e+00, 6.283185307179586e+00, -2.577505009637232e-04, 5.401253783735723e-10, -4.671557691130332e-05, -1.165827994875848e-10
4746, 1.178097245096172e+00, 2.748893571891069e+00, 6.283185307179586e+00, -2.801525867891342e-05, -4.931700843901442e-05, 9.048708961389008e-06, -1.091843759115745e-10
4747, 1.570796326794897e+00, 2.748893571891069e+00, 6.283185307179586e+00, 1.980639962928329e-04, 5.949333821876924e-10, 6.324524590074038e-05, -9.974102452919738e-11
4748, 1.963495408493621e+00, 2.748893571891069e+00, 6.283185307179586e+00, -2.801709907300420e-05, 4.931813296110857e-05, 9.048844337078768e-06, -9.036602077535637e-11
4749, 2.356194490192345e+00, 2.748893571891069e+00, 6.283185307179586e+00, -2.577542311884151e-04, 3.762905689030280e-10, -4.671531999823797e-05, -8.247611569172344e-11
4750, 2.748893571891069e+00, 2.748893571891069e+00, 6.283185307179586e+00, -2.801768968306088e-05, -4.931740814784108e-05, 9.048923546722510e-06, -7.701652659973062e-11
4751, 3.141592653589793e+00, 2.748893571891069e+00, 6.283185307179586e+00, 1.980626283705098e-04, 4.395767004405735e-11, 6.324540147449869e-05, -7.456648946529942e-11
4752, 3.534291735288517e+00, 2.748893571891069e+00, 6.283185307179586e+00, -2.801771665112238e-05, 4.931749331457968e-05, 9.048933164941942e-06, -7.536699751356523e-11
4753, 3.926990816987241e+00, 2.748893571891069e+00, 6.283185307179586e+00, -2.577543125428921e-04, -2.995716716085433e-10, -4.671530099329450e-05, -7.932302102009382e-11
4754, 4.319689898685965e+00, 2.748893571891069e+00, 6.283185307179586e+00, -2.801728699854976e-05, -4.931807116155136e-05, 9.048872120571595e-06, -8.599999577179585e-11
4755, 4.712388980384690e+00, 2.748893571891069e+00, 6.283185307179586e+00, 1.980636359465854e-04, -5.564697612948713e-10, 6.324528106906044e-05, -9.459813281009258e-11
4756, 5.105088062083414e+00, 2.748893571891069e+00, 6.283185307179586e+00, -2.801583865125620e-05, 4.931701089981229e-05, 9.048748547920153e-06, -1.038570643185835e-10
4757, 5.497787143782138e+00, 2.748893571891069e+00, 6.283185307179586e+00, -2.577512569192888e-04, -5.939154088622521e-10, -4.671553870528505e-05, -1.118532237963833e-10
4758, 5.890486225480862e+00, 2.748893571891069e+00, 6.283185307179586e+00, -2.801296085041511e-05, -4.931807907992799e-05, 9.048604322183133e-06, -1.159398115804765e-10
4759, 6.283185307179586e+00, 2.748893571891069e+00, 6.283185307179586e+00, 1.980686262808435e-04, -1.170044573059660e-10, 6.324502419672851e-05, -1.028926931137167e-10
4760, 0.000000000000000e+00, 3.141592653589793e+00, 6.283185307179586e+00, -7.496879975424664e-05, -1.265301105911582e-10, 3.969692558848057e-05, -1.128747264041728e-10
4761, 3.926990816987241e-01, 3.141592653589793e+00, 6.283185307179586e+00, -7.507386296688906e-05, 3.400537632707578e-10, -1.491479440431875e-10, -1.305587584499732e-10
4762, 7.853981633974483e-01, 3.141592653589793e+00, 6.283185307179586e+00, -7.497095264702571e-05, 5.792464208351275e-10, -3.969721983475589e-05, -1.280313349174897e-10
4763, 1.178097245096172e+00, 3.141592653589793e+00, 6.283185307179586e+00, -7.507700841116964e-05, 6.591888882696890e-10, -1.359678281796602e-10, -1.201750366488106e-10
4764, 1.570796326794897e+00, 3.141592653589793e+00, 6.283185307179586e+00, -7.497367421594745e-05, 6.329689105726889e-10, 3.969694756335803e-05, -1.101327113132145e-10
4765, 1.963495408493621e+00, 3.141592653589793e+00, 6.283185307179586e+00, -7.507887819067302e-05, 5.379732702267955e-10, -1.232297339606362e-10, -1.001702890987799e-10
4766, 2.356194490192345e+00, 3.141592653589793e+00, 6.283185307179586e+00, -7.497476743202234e-05, 3.980693332078164e-10, -3.969719550279160e-05, -9.179616305251768e-11
4767, 2.748893571891069e+00, 3.141592653589793e+00, 6.283185307179586e+00, -7.507942653306969e-05, 2.298297020840930e-10, -1.161649731248179e-10, -8.600791674886759e-11
4768, 3.141592653589793e+00, 3.141592653589793e+00, 6.283185307179586e+00, -7.497498572872430e-05, 4.660645267189446e-11, 3.969696163361513e-05, -8.340973793216697e-11
4769, 3.534291735288517e+00, 3.141592653589793e+00, 6.283185307179586e+00, -7.507944662858536e-05, -1.394145115263301e-10, -1.152623374892389e-10, -8.425142299400684e-11
4770, 3.926990816987241e+00, 3.141592653589793e+00, 6.283185307179586e+00, -7.497483838461056e-05, -3.162770618642121e-10, -3.969719369838988e-05, -8.843585384007873e-11
4771, 4.319689898685965e+00, 3.141592653589793e+00, 6.283185307179586e+00, -7.507905880973625e-05, -4.715388507408379e-10, -1.205394925165860e-10, -9.551077439916192e-11
4772, 4.712388980384690e+00, 3.141592653589793e+00, 6.283185307179586e+00, -7.497403937858216e-05, -5.909032414852882e-10, 3.969695105721433e-05, -1.046333064209318e-10
4773, 5.105088062083414e+00, 3.141592653589793e+00, 6.283185307179586e+00, -7.507761374790857e-05, -6.553372000230549e-10, -1.319222329314545e-10, -1.144645403229935e-10
4774, 5.497787143782138e+00, 3.141592653589793e+00, 6.283185307179586e+00, -7.497175532669358e-05, -6.359414122555862e-10, -3.969721582561759e-05, -1.229473729981480e-10
4775, 5.890486225480862e+00, 3.141592653589793e+00, 6.283185307179586e+00, -7.507458707054882e-05, -4.878416288969172e-10, -1.462977201334778e-10, -1.272298352120969e-10
4776, 6.283185307179586e+00, 3.141592653589793e+00, 6.283185307179586e+00, -7.496879975424664e-05, -1.265301105911582e-10, 3.969692558848057e-05, -1.128747264041728e-10
4777, 0.000000000000000e+00, 3.534291735288517e+00, 6.283185307179586e+00, -2.577487380235626e-04, -1.206037471128225e-10, 4.671536949240763e-05, -1.068505636156427e-10
4778, 3.926990816987241e-01, 3.534291735288517e+00, 6.283185307179586e+00, -2.801254703309985e-05, -4.931730105634793e-05, -9.048857121002583e-06, -1.236044519076164e-10
4779, 7.853981633974483e-01, 3.534291735288517e+00, 6.283185307179586e+00, 1.980663445505104e-04, 5.538630547865261e-10, -6.324536818522594e-05, -1.211718752109762e-10
4780, 1.178097245096172e+00, 3.534291735288517e+00, 6.283185307179586e+00, -2.801550384461988e-05, 4.931825715327229e-05, -9.048964191866233e-06, -1.136635779608618e-10
4781, 1.570796326794897e+00, 3.534291735288517e+00, 6.283185307179586e+00, -2.577533174207965e-04, 6.075175378887420e-10, 4.671518821000205e-05, -1.040633536005407e-10
4782, 1.963495408493621e+00, 3.534291735288517e+00, 6.283185307179586e+00, -2.801724969724136e-05, -4.931710850862235e-05, -9.049076001286239e-06, -9.452988175235816e-11
4783, 2.356194490192345e+00, 3.534291735288517e+00, 6.283185307179586e+00, 1.980627787468104e-04, 3.831148761418837e-10, -6.324558019668950e-05, -8.651040512314252e-11
4784, 2.748893571891069e+00, 3.534291735288517e+00, 6.283185307179586e+00, -2.801775350029253e-05, 4.931784701995209e-05, -9.049142095422906e-06, -8.096607869425918e-11
4785, 3.141592653589793e+00, 3.534291735288517e+00, 6.283185307179586e+00, -2.577545290786500e-04, 4.483827144233358e-11, 4.671505878310893e-05, -7.847782022502668e-11
4786, 3.534291735288517e+00, 3.534291735288517e+00, 6.283185307179586e+00, -2.801776919788879e-05, -4.931776009966774e-05, -9.049150010931793e-06, -7.928539443131209e-11
4787, 3.926990816987241e+00, 3.534291735288517e+00, 6.283185307179586e+00, 1.980627179425358e-04, -3.046551106577853e-10, -6.324559582132469e-05, -8.329667301246102e-11
4788, 4.319689898685965e+00, 3.534291735288517e+00, 6.283185307179586e+00, -2.801741187982123e-05, 4.931717199001982e-05, -9.049098774658008e-06, -9.007695207522208e-11
4789, 4.712388980384690e+00, 3.534291735288517e+00, 6.283185307179586e+00, -2.577536527683305e-04, -5.676370928600194e-10, 4.671515951942625e-05, -9.881302626650687e-11
4790, 5.105088062083414e+00, 3.534291735288517e+00, 6.283185307179586e+00, -2.801606626730144e-05, -4.931825400118152e-05, -9.048996302807192e-06, -1.082183707490714e-10
4791, 5.497787143782138e+00, 3.534291735288517e+00, 6.283185307179586e+00, 1.980655939070696e-04, -6.085320335408461e-10, -6.324539897830510e-05, -1.163306777242531e-10
4792, 5.890486225480862e+00, 3.534291735288517e+00, 6.283185307179586e+00, -2.801322677870515e-05, 4.931715974042330e-05, -9.048878444984805e-06, -1.204389904609332e-10
4793, 6.283185307179586e+00, 3.534291735288517e+00, 6.283185307179586e+00, -2.577487380235626e-04, -1.206037471128225e-10, 4.671536949240763e-05, -1.068505636156427e-10
4794, 0.000000000000000e+00, 3.926990816987241e+00, 6.283185307179586e+00, -2.555212684915075e-04, -1.000765855235908e-10, -6.673095235923261e-05, -8.571375127337557e-11
4795, 3.926990816987241e-01, 3.926990816987241e+00, 6.283185307179586e+00, 1.205172156833726e-04, 1.656609093623345e-04, -1.655739314221215e-05, -9.919225398642591e-11
4796, 7.853981633974483e-01, 3.926990816987241e+00, 6.283185307179586e+00, 4.778190937231775e-04, 4.676813895928776e-10, 3.953945899903343e-05, -9.701584181750217e-11
4797, 1.178097245096172e+00, 3.926990816987241e+00, 6.283185307179586e+00, 1.205147827700884e-04, -1.656600995086214e-04, -1.655760469743350e-05, -9.060900864003240e-11
4798, 1.570796326794897e+00, 3.926990816987241e+00, 6.283185307179586e+00, -2.555250547711390e-04, 5.223728527369441e-10, -6.673131011547977e-05, -8.242588360396837e-11
4799, 1.963495408493621e+00, 3.926990816987241e+00, 6.283185307179586e+00, 1.205132953209925e-04, 1.656610856777541e-04, -1.655782432842747e-05, -7.427188843025502e-11
4800, 2.356194490192345e+00, 3.926990816987241e+00, 6.283185307179586e+00, 4.778160743052351e-04, 3.336239146895658e-10, 3.953904217152604e-05, -6.739167407107201e-11
4801, 2.748893571891069e+00, 3.926990816987241e+00, 6.283185307179586e+00, 1.205128324500334e-04, -1.656604444155812e-04, -1.655795392828540e-05, -6.262765893797153e-11
4802, 3.141592653589793e+00, 3.926990816987241e+00, 6.283185307179586e+00, -2.555261374911554e-04, 3.891452670137887e-11, -6.673156398434919e-05, -6.049158703626760e-11
4803, 3.534291735288517e+00, 3.926990816987241e+00, 6.283185307179586e+00, 1.205128179708853e-04, 1.656605196150348e-04, -1.655796951857776e-05, -6.119413780013861e-11
4804, 3.926990816987241e+00, 3.926990816987241e+00, 6.283185307179586e+00, 4.778160219113316e-04, -2.664098608535541e-10, 3.953901138722613e-05, -6.465617282631229e-11
4805, 4.319689898685965e+00, 3.926990816987241e+00, 6.283185307179586e+00, 1.205131601105245e-04, -1.656610323070235e-04, -1.655786923331875e-05, -7.049429488451250e-11
4806, 4.712388980384690e+00, 3.926990816987241e+00, 6.283185307179586e+00, -2.555253298578905e-04, -4.901572023518908e-10, -6.673136677181341e-05, -7.799239396415064e-11
4807, 5.105088062083414e+00, 3.926990816987241e+00, 6.283185307179586e+00, 1.205143255286206e-04, 1.656600999633814e-04, -1.655766825347270e-05, -8.603740383890044e-11
4808, 5.497787143782138e+00, 3.926990816987241e+00, 6.283185307179586e+00, 4.778184864979907e-04, -5.156814395339231e-10, 3.953939789798359e-05, -9.297791258746571e-11
4809, 5.890486225480862e+00, 3.926990816987241e+00, 6.283185307179586e+00, 1.205166672617343e-04, -1.656610285186036e-04, -1.655743553027241e-05, -9.657027714672653e-11
4810, 6.283185307179586e+00, 3.926990816987241e+00, 6.283185307179586e+00, -2.555212684915075e-04, -1.000765855235908e-10, -6.673095235923261e-05, -8.571375127337557e-11
4811, 0.000000000000000e+00, 4.319689898685965e+00, 6.283185307179586e+00, 4.759954312033122e-04, -6.782961907440322e-11, -2.256976706930410e-03, -5.253456266801980e-11
4812, 3.926990816987241e-01, 4.319689898685965e+00, 6.283185307179586e+00, 3.710492930194004e-04, 3.121164988491003e-03, -1.304156378101012e-05, -6.086582825877069e-11
4813, 7.853981633974483e-01, 4.319689898685965e+00, 6.283185307179586e+00, 2.595632947726084e-04, 3.337516718639680e-10, 2.223641227958185e-03, -5.906837987092824e-11
4814, 1.178097245096172e+00, 4.319689898685965e+00, 6.283185307179586e+00, 3.710476435496147e-04, -3.121164406385334e-03, -1.304184793737275e-05, -5.433870002199081e-11
4815, 1.570796326794897e+00, 4.319689898685965e+00, 6.283185307179586e+00, 4.759928205032097e-04, 3.900915433236230e-10, -2.256977187891372e-03, -4.832582819839475e-11
4816, 1.963495408493621e+00, 4.319689898685965e+00, 6.283185307179586e+00, 3.710465096197275e-04, 3.121165140548317e-03, -1.304214275525036e-05, -4.230007813256893e-11
4817, 2.356194490192345e+00, 4.319689898685965e+00, 6.283185307179586e+00, 2.595610383357536e-04, 2.569032518857735e-10, 2.223640668827802e-03, -3.717714352771132e-11
4818, 2.748893571891069e+00, 4.319689898685965e+00, 6.283185307179586e+00, 3.710460796688539e-04, -3.121164650351030e-03, -1.304231688452150e-05, -3.360775754855854e-11
4819, 3.141592653589793e+00, 4.319689898685965e+00, 6.283185307179586e+00, 4.759918783039980e-04, 2.966306734714882e-11, -2.256977529221269e-03, -3.200872351490465e-11
4820, 3.534291735288517e+00, 4.319689898685965e+00, 6.283185307179586e+00, 3.710460632789903e-04, 3.121164707300866e-03, -1.304233795902419e-05, -3.255641334413016e-11
4821, 3.926990816987241e+00, 4.319689898685965e+00, 6.283185307179586e+00, 2.595609918360653e-04, -2.071653506004810e-10, 2.223640627315167e-03, -3.518041896079578e-11
4822, 4.319689898685965e+00, 4.319689898685965e+00, 6.283185307179586e+00, 3.710464064998981e-04, -3.121165102950253e-03, -1.304220325202952e-05, -3.956541458725156e-11
4823, 4.712388980384690e+00, 4.319689898685965e+00, 6.283185307179586e+00, 4.759926277587110e-04, -3.698686196982095e-10, -2.256977264212252e-03, -4.515398142648645e-11
4824, 5.105088062083414e+00, 4.319689898685965e+00, 6.283185307179586e+00, 3.710473388554392e-04, 3.121164402578001e-03, -1.304193353890946e-05, -5.111691127740882e-11
4825, 5.497787143782138e+00, 4.319689898685965e+00, 6.283185307179586e+00, 2.595629020564595e-04, -3.714665052451071e-10, 2.223641145569651e-03, -5.627301692242464e-11
4826, 5.890486225480862e+00, 4.319689898685965e+00, 6.283185307179586e+00, 3.710489442843888e-04, -3.121165073094413e-03, -1.304162111084697e-05, -5.908610971534255e-11
4827, 6.283185307179586e+00, 4.319689898685965e+00, 6.283185307179586e+00, 4.759954312033122e-04, -6.782961907440322e-11, -2.256976706930410e-03, -5.253456266801980e-11
4828, 0.000000000000000e+00, 4.712388980384690e+00, 6.283185307179586e+00, 2.431991300087370e-03, -2.866230472555542e-11, -1.528282151273184e-02, -1.217278446501992e-11
4829, 3.926990816987241e-01, 4.712388980384690e+00, 6.283185307179586e+00, 6.260804971799491e-04, 1.469867978930025e-02, 4.530945922299659e-05, -1.424745088494128e-11
4830, 7.853981633974483e-01, 4.712388980384690e+00, 6.283185307179586e+00, -8.485465684546198e-04, 1.724489910768842e-10, 1.519401389926533e-02, -1.289969500707104e-11
4831, 1.178097245096172e+00, 4.712388980384690e+00, 6.283185307179586e+00, 6.260797712303953e-04, -1.469867948183624e-02, 4.530914659821548e-05, -1.014156961079583e-11
4832, 1.570796326794897e+00, 4.712388980384690e+00, 6.283185307179586e+00, 2.431990069340760e-03, 2.301760325259466e-10, -1.528282204449335e-02, -6.696795161296425e-12
4833, 1.963495408493621e+00, 4.712388980384690e+00, 6.283185307179586e+00, 6.260790347527217e-04, 1.469867991202791e-02, 4.530881999915734e-05, -3.248358888918934e-12
4834, 2.356194490192345e+00, 4.712388980384690e+00, 6.283185307179586e+00, -8.485479574886734e-04, 1.642527960627986e-10, 1.519401328262627e-02, -2.510692252724304e-13
4835, 2.748893571891069e+00, 4.712388980384690e+00, 6.283185307179586e+00, 6.260786270745568e-04, -1.469867960459736e-02, 4.530862696947450e-05, 1.905054316379052e-12
4836, 3.141592653589793e+00, 4.712388980384690e+00, 6.283185307179586e+00, 2.431989262280817e-03, 1.835291064623994e-11, -1.528282242427063e-02, 2.881432125787928e-12
4837, 3.534291735288517e+00, 4.712388980384690e+00, 6.283185307179586e+00, 6.260786067975307e-04, 1.469867963934635e-02, 4.530860330812372e-05, 2.495439160189232e-12
4838, 3.926990816987241e+00, 4.712388980384690e+00, 6.283185307179586e+00, -8.485480001339951e-04, -1.356177061999961e-10, 1.519401323634148e-02, 8.563648304434437e-13
4839, 4.319689898685965e+00, 4.712388980384690e+00, 6.283185307179586e+00, 6.260789652819097e-04, -1.469867989340261e-02, 4.530875266331598e-05, -1.767855876801332e-12
4840, 4.712388980384690e+00, 4.712388980384690e+00, 6.283185307179586e+00, 2.431989969569722e-03, -2.243410821039195e-10, -1.528282212938300e-02, -5.040982175163877e-12
4841, 5.105088062083414e+00, 4.712388980384690e+00, 6.283185307179586e+00, 6.260796443955471e-04, 1.469867947284215e-02, 4.530905180601035e-05, -8.539437528702318e-12
4842, 5.497787143782138e+00, 4.712388980384690e+00, 6.283185307179586e+00, -8.485467062960175e-04, -1.979976529403628e-10, 1.519401380813323e-02, -1.159583865088175e-11
4843, 5.890486225480862e+00, 4.712388980384690e+00, 6.283185307179586e+00, 6.260803888074827e-04, -1.469867983208957e-02, 4.530939532231777e-05, -1.348194245256229e-11
4844, 6.283185307179586e+00, 4.712388980384690e+00, 6.283185307179586e+00, 2.431991300087370e-03, -2.866230472555542e-11, -1.528282151273184e-02, -1.217278446501992e-11
4845, 0.000000000000000e+00, 5.105088062083414e+00, 6.283185307179586e+00, 5.022123673309320e-03, 1.075765209740561e-11, -5.489246194269422e-02, 2.925584615718979e-11
4846, 3.926990816987241e-01, 5.105088062083414e+00, 6.283185307179586e+00, 5.760818626581158e-04, 3.590626251387419e-02, 2.775465208176863e-04, 3.360841971652104e-11
4847, 7.853981633974483e-01, 5.105088062083414e+00, 6.283185307179586e+00, -2.348651719538890e-03, 8.182856242976311e-12, 5.461661080671430e-02, 3.450386314743102e-11
4848, 1.178097245096172e+00, 5.105088062083414e+00, 6.283185307179586e+00, 5.760820459471315e-04, -3.590626248490830e-02, 2.775462284742439e-04, 3.532074253602623e-11
4849, 1.570796326794897e+00, 5.105088062083414e+00, 6.283185307179586e+00, 5.022123801650255e-03, 6.680274284354846e-11, -5.489246244245508e-02, 3.622170552602454e-11
4850, 1.963495408493621e+00, 5.105088062083414e+00, 6.283185307179586e+00, 5.760816978118922e-04, 3.590626260455754e-02, 2.775459193750978e-04, 3.702254365844987e-11
4851, 2.356194490192345e+00, 5.105088062083414e+00, 6.283185307179586e+00, -2.348652263451558e-03, 6.894417620231036e-11, 5.461661022638224e-02, 3.783466851232002e-11
4852, 2.748893571891069e+00, 5.105088062083414e+00, 6.283185307179586e+00, 5.760813015344559e-04, -3.590626248497329e-02, 2.775457352968559e-04, 3.858862679406779e-11
4853, 3.141592653589793e+00, 5.105088062083414e+00, 6.283185307179586e+00, 5.022123112152145e-03, 6.578955992094536e-12, -5.489246280612316e-02, 3.896897451427758e-11
4854, 3.534291735288517e+00, 5.105088062083414e+00, 6.283185307179586e+00, 5.760812776295493e-04, 3.590626249668483e-02, 2.775457124054513e-04, 3.870868508008585e-11
4855, 3.926990816987241e+00, 5.105088062083414e+00, 6.283185307179586e+00, -2.348652302303348e-03, -6.200581159324635e-11, 5.461661018197155e-02, 3.803655087245173e-11
4856, 4.319689898685965e+00, 5.105088062083414e+00, 6.283185307179586e+00, 5.760816607751025e-04, -3.590626260514491e-02, 2.775458547992495e-04, 3.722764960733959e-11
4857, 4.712388980384690e+00, 5.105088062083414e+00, 6.283185307179586e+00, 5.022123792867724e-03, -7.521506114862355e-11, -5.489246252356931e-02, 3.633926212058855e-11
4858, 5.105088062083414e+00, 5.105088062083414e+00, 6.283185307179586e+00, 5.760820956004384e-04, 3.590626247083921e-02, 2.775461390945888e-04, 3.528656121885127e-11
4859, 5.497787143782138e+00, 5.105088062083414e+00, 6.283185307179586e+00, -2.348651601194966e-03, -2.173616679502683e-11, 5.461661072136220e-02, 3.430398192391936e-11
4860, 5.890486225480862e+00, 5.105088062083414e+00, 6.283185307179586e+00, 5.760819999510542e-04, -3.590626251399000e-02, 2.775464605083041e-04, 3.334752557773290e-11
4861, 6.283185307179586e+00, 5.105088062083414e+00, 6.283185307179586e+00, 5.022123673309320e-03, 1.075765209740561e-11, -5.489246194269422e-02, 2.925584615718979e-11
4862, 0.000000000000000e+00, 5.497787143782138e+00, 6.283185307179586e+00, 5.966907594017110e-03, 4.364110333310434e-11, -1.261699971264576e-01, 6.499069567903212e-11
4863, 3.926990816987241e-01, 5.497787143782138e+00, 6.283185307179586e+00, -8.040852564918044e-05, 5.165061291909807e-02, 7.131381195367561e-04, 7.495467904080155e-11
4864, 7.853981633974483e-01, 5.497787143782138e+00, 6.283185307179586e+00, -3.671262905780731e-03, -1.322723397897797e-10, 1.257595711239114e-01, 7.547581775102674e-11
4865, 1.178097245096172e+00, 5.497787143782138e+00, 6.283185307179586e+00, -8.040761432350646e-05, -5.165061312703376e-02, 7.131378906880448e-04, 7.465625523755794e-11
4866, 1.570796326794897e+00, 5.497787143782138e+00, 6.283185307179586e+00, 5.966908817769407e-03, -7.503319901083762e-11, -1.261699975111376e-01, 7.344482037220554e-11
4867, 1.963495408493621e+00, 5.497787143782138e+00, 6.283185307179586e+00, -8.040763692333618e-05, 5.165061297597401e-02, 7.131376492694530e-04, 7.196613478339523e-11
4868, 2.356194490192345e+00, 5.497787143782138e+00, 6.283185307179586e+00, -3.671262756061347e-03, -1.564619315140841e-11, 1.257595706665721e-01, 7.090766084664495e-11
4869, 2.748893571891069e+00, 5.497787143782138e+00, 6.283185307179586e+00, -8.040802648201312e-05, -5.165061302178896e-02, 7.131374994787426e-04, 7.046234194930182e-11
4870, 3.141592653589793e+00, 5.497787143782138e+00, 6.283185307179586e+00, 5.966908225868393e-03, -3.887988882126659e-12, -1.261699978042254e-01, 7.036141975738667e-11
4871, 3.534291735288517e+00, 5.497787143782138e+00, 6.283185307179586e+00, -8.040805188756508e-05, 5.165061301291698e-02, 7.131374810080459e-04, 7.017759268363108e-11
4872, 3.926990816987241e+00, 5.497787143782138e+00, 6.283185307179586e+00, -3.671262789212307e-03, 3.319451319310102e-12, 1.257595706305209e-01, 7.033011887235785e-11
4873, 4.319689898685965e+00, 5.497787143782138e+00, 6.283185307179586e+00, -8.040764411164549e-05, -5.165061299310637e-02, 7.131375966225979e-04, 7.107562024883378e-11
4874, 4.712388980384690e+00, 5.497787143782138e+00, 6.283185307179586e+00, 5.966908887404176e-03, 5.493495914190456e-11, -1.261699975763798e-01, 7.224683860120516e-11
4875, 5.105088062083414e+00, 5.497787143782138e+00, 6.283185307179586e+00, -8.040741677868927e-05, 5.165061310940554e-02, 7.131378207241563e-04, 7.323472758056701e-11
4876, 5.497787143782138e+00, 5.497787143782138e+00, 6.283185307179586e+00, -3.671262575364526e-03, 1.295680333510375e-10, 1.257595710581921e-01, 7.401341024841900e-11
4877, 5.890486225480862e+00, 5.497787143782138e+00, 6.283185307179586e+00, -8.040818359326058e-05, -5.165061288256104e-02, 7.131380741036930e-04, 7.383667881069968e-11
4878, 6.283185307179586e+00, 5.497787143782138e+00, 6.283185307179586e+00, 5.966907594017110e-03, 4.364110333310434e-11, -1.261699971264576e-01, 6.499069567903212e-11
4879, 0.000000000000000e+00, 5.890486225480862e+00, 6.283185307179586e+00, 2.941526030534274e-03, 6.507335797499973e-11, -2.027075201962053e-01, 8.839608292202284e-11
4880, 3.926990816987241e-01, 5.890486225480862e+00, 6.283185307179586e+00, -1.076452651409761e-03, 3.999015274821489e-02, 7.949843765562516e-04, 1.022198039592787e-10
4881, 7.853981633974483e-01, 5.890486225480862e+00, 6.283185307179586e+00, -4.500263533344222e-03, -2.235103556238241e-10, 2.024602245121365e-01, 1.023878110600807e-10
4882, 1.178097245096172e+00, 5.890486225480862e+00, 6.283185307179586e+00, -1.076451327168383e-03, -3.999015311285862e-02, 7.949842416269449e-04, 1.005484520013667e-10
4883, 1.570796326794897e+00, 5.890486225480862e+00, 6.283185307179586e+00, 2.941527880238917e-03, -1.743891287838499e-10, -2.027075203989038e-01, 9.769563741727001e-11
4884, 1.963495408493621e+00, 5.890486225480862e+00, 6.283185307179586e+00, -1.076451139160995e-03, 3.999015277277669e-02, 7.949841092405268e-04, 9.503418771755318e-11
4885, 2.356194490192345e+00, 5.890486225480862e+00, 6.283185307179586e+00, -4.500262951604754e-03, -7.686177470962394e-11, 2.024602242450523e-01, 9.272705785602277e-11
4886, 2.748893571891069e+00, 5.890486225480862e+00, 6.283185307179586e+00, -1.076451518004449e-03, -3.999015293682100e-02, 7.949840155849498e-04, 9.150578702218434e-11
4887, 3.141592653589793e+00, 5.890486225480862e+00, 6.283185307179586e+00, 2.941527365145013e-03, -1.136539555959164e-11, -2.027075205730215e-01, 9.082569004977801e-11
4888, 3.534291735288517e+00, 5.890486225480862e+00, 6.283185307179586e+00, -1.076451543180444e-03, 3.999015291310200e-02, 7.949840048943612e-04, 9.095260383909915e-11
4889, 3.926990816987241e+00, 5.890486225480862e+00, 6.283185307179586e+00, -4.500262978112214e-03, 5.056965553517115e-11, 2.024602242230743e-01, 9.163193815991234e-11
4890, 4.319689898685965e+00, 5.890486225480862e+00, 6.283185307179586e+00, -1.076451121301337e-03, -3.999015280163196e-02, 7.949840766596792e-04, 9.341745240141529e-11
4891, 4.712388980384690e+00, 5.890486225480862e+00, 6.283185307179586e+00, 2.941528007631705e-03, 1.465358250266668e-10, -2.027075204378197e-01, 9.563906306217650e-11
4892, 5.105088062083414e+00, 5.890486225480862e+00, 6.283185307179586e+00, -1.076451031923657e-03, 3.999015309444871e-02, 7.949842017613863e-04, 9.822578826638849e-11
4893, 5.497787143782138e+00, 5.890486225480862e+00, 6.283185307179586e+00, -4.500263075681837e-03, 2.312222337828396e-10, 2.024602244758263e-01, 1.001314366654042e-10
4894, 5.890486225480862e+00, 5.890486225480862e+00, 6.283185307179586e+00, -1.076452196947022e-03, -3.999015268734858e-02, 7.949843555488403e-04, 1.005915259258088e-10
4895, 6.283185307179586e+00, 5.890486225480862e+00, 6.283185307179586e+00, 2.941526030534274e-03, 6.507335797499973e-11, -2.027075201962053e-01, 8.839608292202284e-11
4896, 0.000000000000000e+00, 6.283185307179586e+00, 6.283185307179586e+00, -2.364237924265536e-03, 6.754673828500187e-11, -2.372254190013069e-01, 9.061161555082596e-11
4897, 3.926990816987241e-01, 6.283185307179586e+00, 6.283185307179586e+00, -1.609468745150827e-03, -1.570923660437374e-10, 2.290017297405343e-10, 9.928537507728986e-11
4898, 7.853981633974483e-01, 6.283185307179586e+00, 6.283185307179586e+00, -2.364236864400611e-03, -2.535660612653922e-10, 2.372254194231613e-01, 9.990887834634633e-11
4899, 1.178097245096172e+00, 6.283185307179586e+00, 6.283185307179586e+00, -1.609467355400160e-03, -2.562980892806911e-10, 1.930021304243722e-10, 9.785165231746608e-11
4900, 1.570796326794897e+00, 6.283185307179586e+00, 6.283185307179586e+00, -2.364236007757069e-03, -2.161675363072521e-10, -2.372254190181437e-01, 9.537167138932265e-11
4901, 1.963495408493621e+00, 6.283185307179586e+00, 6.283185307179586e+00, -1.609467112367942e-03, -1.613780935555887e-10, 1.934805495937884e-10, 9.233095095458758e-11
4902, 2.356194490192345e+00, 6.283185307179586e+00, 6.283185307179586e+00, -2.364236175829573e-03, -1.037769605098809e-10, 2.372254193927350e-01, 9.027125223356626e-11
4903, 2.748893571891069e+00, 6.283185307179586e+00, 6.283185307179586e+00, -1.609467487892137e-03, -5.402133513788296e-11, 1.777982516256076e-10, 8.867827781318203e-11
4904, 3.141592653589793e+00, 6.283185307179586e+00, 6.283185307179586e+00, -2.364236499108196e-03, -1.453473712010085e-11, -2.372254190372921e-01, 8.828203213510017e-11
4905, 3.534291735288517e+00, 6.283185307179586e+00, 6.283185307179586e+00, -1.609467513859421e-03, 2.393930993614627e-11, 1.772427513421070e-10, 8.811059408665609e-11
4906, 3.926990816987241e+00, 6.283185307179586e+00, 6.283185307179586e+00, -2.364236200576248e-03, 7.134015078956464e-11, 2.372254193901490e-01, 8.914361731338695e-11
4907, 4.319689898685965e+00, 6.283185307179586e+00, 6.283185307179586e+00, -1.609467083447669e-03, 1.271841182120884e-10, 1.881818836571639e-10, 9.068096974394758e-11
4908, 4.712388980384690e+00, 6.283185307179586e+00, 6.283185307179586e+00, -2.364235855718554e-03, 1.848903268113288e-10, -2.372254190224157e-01, 9.327461932435492e-11
4909, 5.105088062083414e+00, 6.283185307179586e+00, 6.283185307179586e+00, -1.609467025745256e-03, 2.389586361579259e-10, 1.904101550105647e-10, 9.550538223112963e-11
4910, 5.497787143782138e+00, 6.283185307179586e+00, 6.283185307179586e+00, -2.364236376394021e-03, 2.700424065080691e-10, 2.372254194189991e-01, 9.765146633090482e-11
4911, 5.890486225480862e+00, 6.283185307179586e+00, 6.283185307179586e+00, -1.609468293030821e-03, 2.330100896801412e-10, 2.284878837640565e-10, 9.772422341599188e-11
4912, 6.283185307179586e+00, 6.283185307179586e+00, 6.283185307179586e+00, -2.364237924265536e-03, 6.754673828500187e-11, -2.372254190013069e-01, 9.061161555082596e-11
