Building ComparatorChallenges.Euler
⚠ [8763/8763] Built ComparatorChallenges.Euler (6.1s)
warning: ComparatorChallenges/Euler.lean:85:8: declaration uses `sorry`
warning: ComparatorChallenges/Euler.lean:170:8: declaration uses `sorry`
Build completed successfully (8763 jobs).
Exporting #[Nat, String, String.mk, Char, Quot, Quot.mk, Quot.lift, Quot.ind, Euler.euler_breakdown_R3, Euler.exists_compact_smooth_euler_singularity, propext, Quot.sound, Classical.choice, Nat.add, Nat.sub, Nat.mul, Nat.pow, Nat.gcd, Nat.div, Nat.mod, Nat.beq, Nat.ble, Nat.land, Nat.lor, Nat.xor, Nat.shiftLeft, Nat.shiftRight, String.ofList, Char.ofNat, List, eagerReduce] from ComparatorChallenges.Euler
Building Euler.Solution
✔ [8762/9652] Built Euler.IsometricActionCalculus (11s)
✔ [8763/9660] Built Euler.LpBochnerRealization (13s)
✔ [8764/9662] Built Euler.CompactParameterIntegral (15s)
✔ [8765/9662] Built Euler.GevreyCompositionPartitions (15s)
✔ [8766/9664] Built Euler.FiniteGradeAlgebra (16s)
✔ [8767/9665] Built Euler.VorticityTransport (17s)
✔ [8768/9665] Built Euler.NonnegativeLogConvex (17s)
✔ [8769/9665] Built Euler.HilbertProductSubspaceRetraction (20s)
✔ [8770/9665] Built Euler.FlowEscapeBound (16s)
✔ [8771/9668] Built Euler.SmoothImplicitLift (11s)
✔ [8772/9672] Built Euler.ContinuousInverseDerivative (14s)
✔ [8773/9677] Built Euler.GevreyComposition (15s)
✔ [8774/9695] Built Euler.FiniteGradeSupport (13s)
✔ [8775/9695] Built Euler.LocalFlowTrap (11s)
✔ [8776/9703] Built Euler.LpParameterIntegral (17s)
✔ [8777/9706] Built Euler.FiniteGradeDiagonal (19s)
✔ [8778/9727] Built Euler.CompactSupportBoundedPath (10s)
✔ [8779/9846] Built Euler.NoIncomingVorticity (23s)
✔ [8780/9884] Built Euler.FiniteGradeAssembly (16s)
✔ [8781/9975] Built Euler.PacketResidualGrades (16s)
✔ [8782/9975] Built Euler.RadialPotentialL2 (24s)
✔ [8783/10284] Built Euler.PolynomialCostMajorant (16s)
✔ [8784/10536] Built Euler.WeakHilbertODE (19s)
✔ [8785/10543] Built Euler.FiniteGradeTriangular (17s)
✔ [8786/10560] Built Euler.StageDisplacementBound (8.9s)
✔ [8787/10564] Built Euler.ClosedIntervalDerivativeExtension (10s)
✔ [8788/10582] Built Euler.GevreyGeneratingAlgebra (20s)
✔ [8790/10591] Built Euler.GevreyFlowBootstrap (17s)
✔ [8791/10591] Built Euler.BoundedEvaluationDifferentiation (15s)
✔ [8792/10591] Built Euler.FrameWronskian (14s)
✔ [8793/10591] Built Euler.GevreyInversePartitions (16s)
✔ [8794/10591] Built Euler.LogarithmicCutoffOptimization (11s)
✔ [8795/10591] Built Euler.IsometricActionDerivativeBound (8.7s)
✔ [8796/10591] Built Euler.NonnegativeImproperIntegral (8.1s)
✔ [8797/10591] Built Euler.GevreyGeneratingComposition (10s)
✔ [8798/10591] Built Euler.SolutionDefinitions (61s)
✔ [8799/10591] Built Euler.GevreyInverseMap (9.7s)
✔ [8800/10591] Built Euler.GevreyGeneratingDerivatives (8.5s)
✔ [8801/10591] Built Euler.InverseMapJetContinuity (10s)
✔ [8802/10591] Built Euler.InitialDataBridge (15s)
✔ [8803/10591] Built Euler.GevreyFlowFinite (8.7s)
✔ [8804/10591] Built Euler.ClassicalBridge (17s)
✔ [8805/10591] Built Euler.ComparatorTimeShift (14s)
✔ [8806/10591] Built Euler.CompactSmoothBounds (14s)
✔ [8807/10591] Built Euler.WeakTimeContinuity (15s)
✔ [8808/10591] Built Euler.EulerProof (300s)
✔ [8809/10591] Built Euler.PacketReferenceRatio (15s)
✔ [8810/10591] Built Euler.PacketShiftArithmetic (15s)
✔ [8811/10591] Built Euler.PacketCoefficientMotion (17s)
✔ [8812/10591] Built Euler.PacketScalarUniqueness (17s)
✔ [8813/10591] Built Euler.BoundedLipschitzFlow (17s)
✔ [8814/10591] Built Euler.PacketIdealSize (20s)
✔ [8815/10591] Built Euler.PacketSourceScaleBounds (20s)
✔ [8816/10591] Built Euler.PacketScaledVelocityAlgebra (21s)
✔ [8817/10591] Built Euler.DirichletEndpointReduction (23s)
✔ [8818/10591] Built Euler.PacketPhysicalEulerTransform (31s)
✔ [8819/10591] Built Euler.OrdinaryQuadraticStability (16s)
✔ [8820/10591] Built Euler.CylinderMeasureDescent (18s)
✔ [8821/10591] Built Euler.ResolventCalculus (14s)
✔ [8822/10591] Built Euler.MetricHeatEnergy (25s)
✔ [8823/10591] Built Euler.GaussianCylinderHeat (24s)
✔ [8824/10591] Built Euler.GeneralCylinderAlgebra (26s)
✔ [8825/10591] Built Euler.PacketCrossProduct (17s)
✔ [8826/10591] Built Euler.IntegralEnergyBootstrap (33s)
✔ [8827/10591] Built Euler.PacketPointJets (28s)
✔ [8828/10591] Built Euler.CoerciveEndpointBounds (36s)
✔ [8829/10591] Built Euler.LpSupportedSubspace (24s)
✔ [8830/10591] Built Euler.PacketMajorantShift (14s)
✔ [8831/10591] Built Euler.MeanCutoffCurlBound (28s)
✔ [8832/10591] Built Euler.BoundedFlowContinuity (14s)
✔ [8833/10591] Built Euler.ClassicalPressureCurl (32s)
✔ [8834/10591] Built Euler.ClosedTranslationGraph (24s)
✔ [8835/10591] Built Euler.H6Pressure (29s)
✔ [8836/10591] Built Euler.PacketFrameRenewalAlgebra (19s)
✔ [8837/10591] Built Euler.PacketSourceScaleChoice (21s)
✔ [8838/10591] Built Euler.HilbertQuadraticFlow (24s)
✔ [8839/10591] Built Euler.EulerSpatialRescaling (19s)
✔ [8840/10591] Built Euler.CylinderCoverDescent (18s)
✔ [8841/10591] Built Euler.MeanSolenoidalSpace (40s)
✔ [8842/10591] Built Euler.GeneralRealCylinderAlgebra (20s)
✔ [8843/10591] Built Euler.PacketParentFlowDifferentiation (29s)
✔ [8844/10591] Built Euler.PacketMomentumExpansion (18s)
✔ [8845/10591] Built Euler.PacketJetAssembly (18s)
✔ [8846/10591] Built Euler.PacketTriangular (18s)
✔ [8847/10591] Built Euler.PacketPotentialMultiplier (21s)
✔ [8848/10591] Built Euler.PacketNormalizedPrimary (21s)
✔ [8849/10591] Built Euler.FiniteMetricEnergy (35s)
✔ [8850/10591] Built Euler.PacketCoarseMajorant (14s)
✔ [8851/10591] Built Euler.BoundedFlowPeriodicity (12s)
✔ [8852/10591] Built Euler.PacketSlicedJets (21s)
✔ [8853/10591] Built Euler.GraphInvariantFlow (17s)
✔ [8854/10591] Built Euler.ClassicalDivergence (16s)
✔ [8855/10591] Built Euler.FiniteIntervalFlow (18s)
✔ [8856/10591] Built Euler.GraphPressurePotential (19s)
✔ [8857/10591] Built Euler.CoefficientJetPressureBounds (18s)
✔ [8858/10591] Built Euler.FiniteEnergyTruncation (34s)
✔ [8859/10591] Built Euler.PacketSourceScaleSequence (22s)
✔ [8860/10591] Built Euler.GaussianHeatDerivative (29s)
✔ [8861/10591] Built Euler.EulerTimeRescaling (22s)
✔ [8862/10591] Built Euler.CylinderDescentJets (15s)
✔ [8863/10591] Built Euler.LpSupportedMultiplier (47s)
✔ [8864/10591] Built Euler.H6PressureCommutator (27s)
✔ [8865/10591] Built Euler.LpOperatorField (49s)
✔ [8866/10591] Built Euler.CylinderSobolevSpace (39s)
✔ [8867/10591] Built Euler.MeanWeakCurl (24s)
✔ [8868/10591] Built Euler.MeanSolenoidalTranslation (18s)
✔ [8869/10591] Built Euler.MeanHarmonicEnergy (18s)
✔ [8870/10591] Built Euler.MeanGradientTestSpace (28s)
✔ [8871/10591] Built Euler.H5CylinderAlgebra (18s)
✔ [8872/10591] Built Euler.PacketTailBound (16s)
✔ [8873/10591] Built Euler.PacketLowGrades (16s)
✔ [8874/10591] Built Euler.LpDerivativeMap (24s)
✔ [8875/10591] Built Euler.BaseWordMetric (15s)
✔ [8876/10591] Built Euler.CylinderPeriodicFlow (15s)
✔ [8877/10591] Built Euler.PacketTailBase (15s)
✔ [8878/10591] Built Euler.PacketMovingFrame (26s)
✔ [8879/10591] Built Euler.CylinderViscousEnergy (21s)
✔ [8880/10591] Built Euler.GraphVelocityTrace (18s)
✔ [8881/10591] Built Euler.CylinderClassicalSolenoidal (18s)
✔ [8882/10591] Built Euler.PacketPressureJet (20s)
✔ [8883/10591] Built Euler.GraphDivergence (15s)
✔ [8884/10591] Built Euler.CanonicalGraphPotential (14s)
✔ [8885/10591] Built Euler.TruncationFamilySmooth (15s)
✔ [8886/10591] Built Euler.PacketBaseGuardScales (13s)
✔ [8887/10591] Built Euler.MeanCoefficientMultipliers (51s)
✔ [8888/10591] Built Euler.PacketUniformFrequencyScales (18s)
✔ [8889/10591] Built Euler.GaussianHeatSmoothing (20s)
✔ [8890/10591] Built Euler.H6PressureInverse (19s)
✔ [8891/10591] Built Euler.PacketSourceScaleActual (25s)
✔ [8892/10591] Built Euler.CompactPressurePairing (13s)
✔ [8893/10591] Built Euler.CylinderJetGraphTrace (26s)
✔ [8894/10591] Built Euler.VolterraConvolution (20s)
✔ [8895/10591] Built Euler.MeanSolenoidalReflection (18s)
✔ [8896/10591] Built Euler.CylinderSobolevOperators (31s)
✔ [8897/10591] Built Euler.PacketExponentialTail (15s)
✔ [8898/10591] Built Euler.MeanHarmonicLaplacian (22s)
✔ [8899/10591] Built Euler.H5RealCylinderAlgebra (14s)
✔ [8900/10591] Built Euler.PacketRecursionAlgebra (22s)
✔ [8901/10591] Built Euler.LpDominatedConvergence (17s)
✔ [8902/10591] Built Euler.LpDerivativeBundling (20s)
✔ [8903/10591] Built Euler.MetricRootLimit (15s)
✔ [8904/10591] Built Euler.PacketSlicedResidual (16s)
✔ [8905/10591] Built Euler.PacketMovingRay (22s)
✔ [8906/10591] Built Euler.PacketSlicedAssembly (19s)
✔ [8907/10591] Built Euler.MeanBoundaryOperator (43s)
✔ [8908/10591] Built Euler.PacketLowBoundPropagation (21s)
✔ [8909/10591] Built Euler.PacketFrameCoefficients (32s)
✔ [8910/10591] Built Euler.PacketSourceParameterScales (21s)
✔ [8911/10591] Built Euler.MeanPressurePotential (22s)
✔ [8912/10591] Built Euler.H6PressureConstants (17s)
✔ [8913/10591] Built Euler.GaussianHeatTotal (20s)
✔ [8914/10591] Built Euler.PacketSourceScaleFromCosts (18s)
✔ [8915/10591] Built Euler.IntegralPathLimit (14s)
✔ [8916/10591] Built Euler.TimeLp (13s)
✔ [8917/10591] Built Euler.VolterraFixedPoint (21s)
✔ [8918/10591] Built Euler.PacketSourceScaleGuards (27s)
✔ [8919/10591] Built Euler.CylinderSobolevDensity (14s)
✔ [8920/10591] Built Euler.PacketFiniteFrequencyBounds (14s)
✔ [8921/10591] Built Euler.CylinderAnglePrimitive (20s)
✔ [8922/10591] Built Euler.MeanScalarProductDerivatives (12s)
✔ [8923/10591] Built Euler.CylinderSobolevDerivatives (26s)
✔ [8924/10591] Built Euler.MeanHarmonicDerivatives (12s)
✔ [8925/10591] Built Euler.SobolevCoefficientPressure (29s)
✔ [8926/10591] Built Euler.MeanScalarSobolev (17s)
✔ [8927/10591] Built Euler.LpDominatedDerivative (15s)
✔ [8928/10591] Built Euler.LpTranslation (70s)
✔ [8929/10591] Built Euler.LpMultilinearBundling (17s)
✔ [8930/10591] Built Euler.WeightedRootLimit (14s)
✔ [8931/10591] Built Euler.LpPointwiseMultiplier (24s)
✔ [8932/10591] Built Euler.PacketMovingVelocity (16s)
✔ [8933/10591] Built Euler.CurlMatrixSymmetry (14s)
✔ [8934/10591] Built Euler.CurlSupport (14s)
✔ [8935/10591] Built Euler.PacketScaledRay (18s)
✔ [8936/10591] Built Euler.MeanScaledCutoff (12s)
✔ [8937/10591] Built Euler.PacketSourceScaleShift (11s)
✔ [8938/10591] Built Euler.PacketPiolaAlgebra (19s)
✔ [8939/10591] Built Euler.MeanCurlTensor (24s)
✔ [8940/10591] Built Euler.CurlTimeDerivative (29s)
✔ [8941/10591] Built Euler.UnshiftedPressure (20s)
✔ [8942/10591] Built Euler.PacketInitialScaleSummability (22s)
✔ [8943/10591] Built Euler.H6NonlinearProduct (21s)
✔ [8944/10591] Built Euler.InjectivePathDerivative (20s)
✔ [8945/10591] Built Euler.GaussianHeatGenerator (25s)
✔ [8946/10591] Built Euler.QuadraticCauchy (15s)
✔ [8947/10591] Built Euler.FamilyNormTime (24s)
✔ [8948/10591] Built Euler.TimeLpPairing (20s)
✔ [8949/10591] Built Euler.MeanBoundaryMixed (42s)
✔ [8950/10591] Built Euler.PacketNestedHorizons (17s)
✔ [8951/10591] Built Euler.TimeLpMap (19s)
✔ [8952/10591] Built Euler.ParentRenewalPrefix (16s)
✔ [8953/10591] Built Euler.SobolevTranslationDifferentiation (17s)
✔ [8954/10591] Built Euler.MeanHarmonicCutoffEnergy (16s)
✔ [8955/10591] Built Euler.LpCompactTranslation (20s)
✔ [8956/10591] Built Euler.SobolevOperatorCoordinates (33s)
✔ [8957/10591] Built Euler.CylinderReflection (27s)
✔ [8958/10591] Built Euler.SobolevSmoothing (37s)
✔ [8959/10591] Built Euler.SobolevPressureResolvent (31s)
✔ [8960/10591] Built Euler.LpSmoothFamily (27s)
✔ [8961/10591] Built Euler.PacketOrientedCoordinates (20s)
✔ [8962/10591] Built Euler.WeightedCylinderEnergy (28s)
✔ [8963/10591] Built Euler.PacketPhysicalCoefficients (17s)
✔ [8964/10591] Built Euler.PacketPropagationTime (13s)
✔ [8965/10591] Built Euler.PacketScaledVelocity (13s)
✔ [8966/10591] Built Euler.PacketTangentInvariant (15s)
✔ [8967/10591] Built Euler.LpFiniteTensorReconstruction (37s)
✔ [8968/10591] Built Euler.InjectivePathDerivativeWithin (11s)
✔ [8969/10591] Built Euler.MeanBoundaryPhysicalSupport (17s)
✔ [8970/10591] Built Euler.PressureCommutatorWeights (15s)
✔ [8971/10591] Built Euler.CylinderSobolevEmbedding (12s)
✔ [8972/10591] Built Euler.MeanVectorIdentities (20s)
✔ [8973/10591] Built Euler.PacketVolumeDivergence (25s)
✔ [8974/10591] Built Euler.MixedH5Product (17s)
✔ [8975/10591] Built Euler.FiniteQuadraticCauchy (14s)
✔ [8976/10591] Built Euler.StrongOperatorDerivative (21s)
✔ [8977/10591] Built Euler.TimeLpSubinterval (18s)
✔ [8978/10591] Built Euler.H6TransportSource (28s)
✔ [8979/10591] Built Euler.ParentHistoryFrequencyGuard (23s)
✔ [8980/10591] Built Euler.MeanBoundaryReflection (29s)
✔ [8981/10591] Built Euler.TimeLpStrongOperators (23s)
✔ [8982/10591] Built Euler.TimeLpLinearity (18s)
✔ [8983/10591] Built Euler.TimeLpObservation (27s)
✔ [8984/10591] Built Euler.MeanBoundaryTranslation (41s)
✔ [8985/10591] Built Euler.TimeLpMultiplier (32s)
✔ [8986/10591] Built Euler.MeanInteriorCutoffs (27s)
✔ [8987/10591] Built Euler.GradientReflection (21s)
✔ [8988/10591] Built Euler.SobolevRestriction (36s)
✔ [8989/10591] Built Euler.LpSpatialCutoff (27s)
✔ [8990/10591] Built Euler.LpSmoothFamilyJets (23s)
✔ [8991/10591] Built Euler.SobolevHeat (28s)
✔ [8992/10591] Built Euler.MetricPathConvergence (16s)
✔ [8993/10591] Built Euler.WeightedForcingAlgebra (17s)
✔ [8994/10591] Built Euler.PacketShearMotion (20s)
✔ [8995/10591] Built Euler.SobolevPressureTime (38s)
✔ [8996/10591] Built Euler.PacketMatrixContinuity (21s)
✔ [8997/10591] Built Euler.PacketPhysicalSize (20s)
✔ [8998/10591] Built Euler.PacketInitialGeometry (15s)
✔ [8999/10591] Built Euler.PacketScaledVelocitySystem (21s)
✔ [9000/10591] Built Euler.TensorCoordinateEnergyBound (18s)
✔ [9001/10591] Built Euler.CompactCurlBounds (94s)
✔ [9002/10591] Built Euler.SobolevPointEvaluation (21s)
✔ [9003/10591] Built Euler.SobolevL2Product (26s)
✔ [9004/10591] Built Euler.MixedWordProduct (14s)
✔ [9005/10591] Built Euler.CurlTransportAlgebra (20s)
✔ [9006/10591] Built Euler.TimeFamily (13s)
✔ [9007/10591] Built Euler.H6NonlinearPressure (16s)
✔ [9008/10591] Built Euler.CylinderHeatEquation (22s)
✔ [9009/10591] Built Euler.MeanHarmonicInteriorEnergy (14s)
✔ [9010/10591] Built Euler.TimePathApply (16s)
✔ [9011/10591] Built Euler.MeanCurlIntegration (36s)
✔ [9012/10591] Built Euler.TimeForcingRepresentative (19s)
✔ [9013/10591] Built Euler.SobolevInterpolation (18s)
✔ [9014/10591] Built Euler.TerminalTimePrimitive (31s)
✔ [9015/10591] Built Euler.TransverseVariationalOperator (25s)
✔ [9016/10591] Built Euler.MeanBoundaryDifference (32s)
✔ [9017/10591] Built Euler.SobolevReflection (31s)
✔ [9018/10591] Built Euler.PacketPhysicalCompression (18s)
✔ [9019/10591] Built Euler.PacketWithinStage (16s)
✔ [9020/10591] Built Euler.LpSmoothApproximation (26s)
✔ [9021/10591] Built Euler.DivCurlRecovery (32s)
✔ [9022/10591] Built Euler.PacketPhysicalFrameRenewal (17s)
✔ [9023/10591] Built Euler.WeightedForcingTime (20s)
✔ [9024/10591] Built Euler.SobolevHeatKernel (25s)
✔ [9025/10591] Built Euler.SobolevWordBlocks (31s)
✔ [9026/10591] Built Euler.SobolevPointMultiplication (16s)
✔ [9027/10591] Built Euler.BaseTransportCommutator (17s)
✔ [9028/10591] Built Euler.MeanHarmonicDecomposition (19s)
✔ [9029/10591] Built Euler.SobolevSmoothApproximation (44s)
✔ [9030/10591] Built Euler.SobolevJointEvaluation (24s)
✔ [9031/10591] Built Euler.CylinderHeatLaplacian (26s)
✔ [9032/10591] Built Euler.MeanHarmonicH2 (26s)
✔ [9033/10591] Built Euler.AngleMeanZeroPrimitive (16s)
✔ [9034/10591] Built Euler.InitialTimePrimitive (25s)
✔ [9035/10591] Built Euler.TimeH1PointwiseBounds (20s)
✔ [9036/10591] Built Euler.SobolevProductJet (46s)
✔ [9037/10591] Built Euler.SobolevPathInterpolation (41s)
✔ [9038/10591] Built Euler.TimeWeakDerivative (28s)
✔ [9039/10591] Built Euler.HilbertCoerciveTransport (23s)
✔ [9040/10591] Built Euler.TimeH1OperatorProduct (37s)
✔ [9041/10591] Built Euler.MeanVariationalOperator (26s)
✔ [9042/10591] Built Euler.TransverseFrameCoordinates (25s)
✔ [9043/10591] Built Euler.TimeLpBoundedMap (34s)
✔ [9044/10591] Built Euler.PacketWithinRay (21s)
✔ [9045/10591] Built Euler.MeanCutoffDifferenceBound (24s)
✔ [9046/10591] Built Euler.HilbertCoerciveParameter (27s)
✔ [9047/10591] Built Euler.PacketNeighborStability (22s)
✔ [9048/10591] Built Euler.CompactSpatialJets (18s)
✔ [9049/10591] Built Euler.PacketPhysicalNormBounds (22s)
✔ [9050/10591] Built Euler.TransverseGramInverse (40s)
✔ [9051/10591] Built Euler.PacketActualFrameEstimates (18s)
✔ [9052/10591] Built Euler.SobolevWordBlockCoordinates (19s)
✔ [9053/10591] Built Euler.VolterraUniqueness (20s)
✔ [9054/10591] Built Euler.ExternalScalarCommutator (18s)
✔ [9055/10591] Built Euler.OrdinarySobolevL4 (38s)
✔ [9056/10591] Built Euler.SobolevHeatVolterra (25s)
✔ [9057/10591] Built Euler.MeanHarmonicInterior (15s)
✔ [9058/10591] Built Euler.ScalarEulerVorticity (104s)
✔ [9059/10591] Built Euler.PeriodicDerivativeMean (11s)
✔ [9060/10591] Built Euler.AnglePrimitiveSpatialRegularity (15s)
✔ [9061/10591] Built Euler.SobolevHeatGenerator (23s)
✔ [9062/10591] Built Euler.AnglePrimitiveBounds (14s)
✔ [9063/10591] Built Euler.AnglePrimitiveMap (13s)
✔ [9064/10591] Built Euler.AnglePrimitiveTranslation (13s)
✔ [9065/10591] Built Euler.TimeH1ContinuousDerivative (15s)
✔ [9066/10591] Built Euler.TerminalLayerRamp (17s)
✔ [9067/10591] Built Euler.TimeWeakBoundary (17s)
✔ [9068/10591] Built Euler.TimeH1WeakPairing (19s)
✔ [9069/10591] Built Euler.LpSmoothField (67s)
✔ [9070/10591] Built Euler.SobolevSmoothProduct (32s)
✔ [9071/10591] Built Euler.ContinuousTimeIntegral (26s)
✔ [9072/10591] Built Euler.TimeH1FieldProduct (25s)
✔ [9073/10591] Built Euler.LinearDuhamel (32s)
✔ [9074/10591] Built Euler.SobolevCauchyInterpolation (43s)
✔ [9075/10591] Built Euler.TimeLpStrongContinuity (20s)
✔ [9076/10591] Built Euler.PacketTangentNorm (15s)
✔ [9077/10591] Built Euler.PacketPhysicalStage (30s)
✔ [9078/10591] Built Euler.TimeLpCoefficientMap (60s)
✔ [9079/10591] Built Euler.PacketVelocityPropagator (24s)
✔ [9080/10591] Built Euler.TransverseVariationalInverse (44s)
✔ [9081/10591] Built Euler.MeanCutoffTaylor (31s)
✔ [9082/10591] Built Euler.MeanCoefficientTime (63s)
✔ [9083/10591] Built Euler.PacketNeighborControlled (26s)
✔ [9084/10591] Built Euler.PacketTargetAmplification (26s)
✔ [9085/10591] Built Euler.PacketPotentialNormalMap (24s)
✔ [9086/10591] Built Euler.PacketPiola (26s)
✔ [9087/10591] Built Euler.GramNaturality (27s)
✔ [9088/10591] Built Euler.SobolevTopBlocks (25s)
✔ [9089/10591] Built Euler.HilbertCoerciveGevrey (59s)
✔ [9090/10591] Built Euler.PacketPhysicalSign (33s)
✔ [9091/10591] Built Euler.ExternalTransportCommutator (17s)
✔ [9092/10591] Built Euler.TransverseGramPath (43s)
✔ [9093/10591] Built Euler.MeanHarmonicSmallBall (19s)
✔ [9094/10591] Built Euler.PacketKnownGrade (14s)
✔ [9095/10591] Built Euler.QuadraticSource (26s)
✔ [9096/10591] Built Euler.MeanVariationalInverse (97s)
✔ [9097/10591] Built Euler.DivergenceFreeHeat (33s)
✔ [9098/10591] Built Euler.ViscosityDefect (19s)
✔ [9099/10591] Built Euler.AnglePrimitiveParity (14s)
✔ [9100/10591] Built Euler.PacketAngularPotential (17s)
✔ [9101/10591] Built Euler.PacketSizeComparison (62s)
✔ [9102/10591] Built Euler.TimeIntervalGlue (15s)
✔ [9103/10591] Built Euler.AnglePrimitiveKernel (17s)
✔ [9104/10591] Built Euler.DuhamelDifferentiation (29s)
✔ [9105/10591] Built Euler.DivCurlTensorRecovery (28s)
✔ [9106/10591] Built Euler.HeatAllOrders (18s)
✔ [9107/10591] Built Euler.WholeSpaceGaussian (29s)
✔ [9108/10591] Built Euler.TerminalProjectionTrial (47s)
✔ [9109/10591] Built Euler.LpSmoothFieldJets (35s)
✔ [9110/10591] Built Euler.SobolevProductApproximation (33s)
✔ [9111/10591] Built Euler.TimeContinuousPrimitive (21s)
✔ [9112/10591] Built Euler.BoundedPathFamily (16s)
✔ [9113/10591] Built Euler.DevelopmentBridge (47s)
✔ [9114/10591] Built Euler.ComparatorUniformSpatialJets (82s)
✔ [9115/10591] Built Euler.ReversedVorticityTransport (84s)
✔ [9116/10591] Built Euler.SeparatingTimeDerivative (16s)
✔ [9117/10591] Built Euler.IntervalPathConcatenation (18s)
✔ [9118/10591] Built Euler.ContinuousTimeWeight (17s)
✔ [9119/10591] Built Euler.ProjectedEulerPairing (60s)
✔ [9120/10591] Built Euler.BoundedFieldTimeDerivative (16s)
✔ [9121/10591] Built Euler.LinearDuhamelNaturality (15s)
✔ [9122/10591] Built Euler.LinearFundamentalExistence (16s)
✔ [9123/10591] Built Euler.LinearDuhamelOperator (25s)
✔ [9124/10591] Built Euler.FinitePathTensor (52s)
✔ [9125/10591] Built Euler.InitialH1OperatorProduct (26s)
✔ [9126/10591] Built Euler.MeanTimeTranslation (24s)
✔ [9127/10591] Built Euler.TransverseMomentumRegularity (31s)
✔ [9128/10591] Built Euler.PacketControlledPropagator (18s)
✔ [9129/10591] Built Euler.MeanCoefficientFrame (31s)
✔ [9130/10591] Built Euler.TransverseEndpointEnergy (37s)
✔ [9131/10591] Built Euler.MeanCoefficientSpatial (36s)
✔ [9132/10591] Built Euler.PacketLiftedCurl (25s)
✔ [9133/10591] Built Euler.PacketPhysicalNeighbor (33s)
✔ [9134/10591] Built Euler.PacketNormalTimeMap (32s)
✔ [9135/10591] Built Euler.MeanBoundaryDerivative (48s)
✔ [9136/10591] Built Euler.LowerTransportSource (14s)
✔ [9137/10591] Built Euler.BoundedInverseGevrey (19s)
✔ [9138/10591] Built Euler.TopBlockTimeNorm (31s)
✔ [9139/10591] Built Euler.TransverseInitialCoordinates (19s)
✔ [9140/10591] Built Euler.MeanLocalL2Energy (17s)
✔ [9141/10591] Built Euler.OperatorGevreyCalculus (26s)
✔ [9142/10591] Built Euler.MeanHarmonicScaling (18s)
✔ [9143/10591] Built Euler.PacketProfileRecursion (16s)
✔ [9144/10591] Built Euler.QuadraticCoefficients (18s)
✔ [9145/10591] Built Euler.SobolevWordConstraints (17s)
✔ [9146/10591] Built Euler.PacketPotentialParity (16s)
✔ [9147/10591] Built Euler.TransverseStrongAlgebra (36s)
✔ [9148/10591] Built Euler.PacketBeforeTargetSize (17s)
✔ [9149/10591] Built Euler.MeanScalarMollification (32s)
✔ [9150/10591] Built Euler.FrozenEvolutionGevrey (53s)
✔ [9151/10591] Built Euler.SmoothInequalityTransfer (15s)
✔ [9152/10591] Built Euler.CylinderAngleRepresentative (27s)
✔ [9153/10591] Built Euler.DuhamelEquation (26s)
✔ [9154/10591] Built Euler.WholeSpaceGaussianKernel (21s)
✔ [9155/10591] Built Euler.ShortTimeLinearGrowth (19s)
✔ [9156/10591] Built Euler.LinearFundamentalPath (19s)
✔ [9157/10591] Built Euler.LinearDuhamelWeighted (22s)
✔ [9158/10591] Built Euler.SobolevProduct (38s)
✔ [9159/10591] Built Euler.FinitePathTensorIntegral (27s)
✔ [9160/10591] Built Euler.MeanDisplacementRegularity (78s)
✔ [9161/10591] Built Euler.MeanOrdinaryLift (28s)
✔ [9162/10591] Built Euler.LpSmoothFieldAlgebra (66s)
✔ [9163/10591] Built Euler.OrdinaryMollifier (42s)
✔ [9164/10591] Built Euler.PacketPhysicalPropagator (33s)
✔ [9165/10591] Built Euler.TransverseCoordinateRegularity (40s)
✔ [9166/10591] Built Euler.LpSupportedEvolution (73s)
✔ [9167/10591] Built Euler.TimeEndpointEnergyUniqueness (27s)
✔ [9168/10591] Built Euler.MeanForcingTranslation (58s)
✔ [9169/10591] Built Euler.ContinuousBoundedTensor (73s)
✔ [9170/10591] Built Euler.MovingNormalProjection (32s)
✔ [9171/10591] Built Euler.TransverseEndpointUniqueness (29s)
✔ [9172/10591] Built Euler.DeformationTimeInverse (28s)
✔ [9173/10591] Built Euler.UnshiftedProducts (22s)
✔ [9174/10591] Built Euler.TransverseEndpointMomentum (43s)
✔ [9175/10591] Built Euler.TopBlockCauchy (21s)
✔ [9176/10591] Built Euler.LpOperatorFieldPath (111s)
✔ [9177/10591] Built Euler.MeanLocalizedQuadraticBound (16s)
✔ [9178/10591] Built Euler.PacketLiftedPiola (40s)
✔ [9179/10591] Built Euler.BoundedCoefficientSmooth (47s)
✔ [9180/10591] Built Euler.GevreyFixedShift (14s)
✔ [9181/10591] Built Euler.TimeLpCoefficientGevrey (32s)
✔ [9182/10591] Built Euler.ParameterWordGevrey (20s)
✔ [9183/10591] Built Euler.QuadraticSourceLimit (17s)
✔ [9184/10591] Built Euler.MeanBoundaryFrechet (56s)
✔ [9185/10591] Built Euler.PacketRecursiveForcing (24s)
✔ [9186/10591] Built Euler.MeanFormGevrey (31s)
✔ [9187/10591] Built Euler.ContinuousPathCalculus (33s)
✔ [9188/10591] Built Euler.MeanMollifierLimit (14s)
✔ [9189/10591] Built Euler.QuadraticHeatLocal (27s)
✔ [9190/10591] Built Euler.TransverseNormalResidual (25s)
✔ [9191/10591] Built Euler.PacketHorizonSize (19s)
✔ [9192/10591] Built Euler.WholeSpaceGaussianScale (14s)
✔ [9193/10591] Built Euler.WholeSpaceGaussianTimeKernel (14s)
✔ [9194/10591] Built Euler.PacketCofactorOperator (49s)
✔ [9195/10591] Built Euler.PacketPhysicalFamily (28s)
✔ [9196/10591] Built Euler.LinearDuhamelWeightedNaturality (12s)
✔ [9197/10591] Built Euler.WholeSpaceGaussianIntegration (26s)
✔ [9198/10591] Built Euler.LinearDuhamelSymmetry (15s)
✔ [9199/10591] Built Euler.LinearEvolutionDeterminant (18s)
✔ [9200/10591] Built Euler.SmoothPathTimeJets (29s)
✔ [9201/10591] Built Euler.MeanSmoothRepresentative (22s)
✔ [9202/10591] Built Euler.MeanOperatorTranslation (32s)
✔ [9203/10591] Built Euler.OrdinaryL2Integration (23s)
✔ [9204/10591] Built Euler.MeanFrameCoefficients (33s)
✔ [9205/10591] Built Euler.MildEquationBridge (59s)
✔ [9206/10591] Built Euler.MeanMomentumRegularity (41s)
✔ [9207/10591] Built Euler.SobolevTransport (50s)
✔ [9208/10591] Built Euler.TransverseStrongEquation (38s)
✔ [9209/10591] Built Euler.SobolevGevreyProduct (19s)
✔ [9210/10591] Built Euler.LpSupportedConstructedEvolution (27s)
✔ [9211/10591] Built Euler.NonlinearPressureLower (17s)
✔ [9212/10591] Built Euler.LpSmoothJetField (46s)
✔ [9213/10591] Built Euler.FrameEndpointUniqueness (31s)
✔ [9214/10591] Built Euler.TransverseEndpointGreen (27s)
✔ [9215/10591] Built Euler.ParameterWordCalculus (14s)
✔ [9216/10591] Built Euler.TransverseActivationTrial (39s)
✔ [9217/10591] Built Euler.BoundedCoefficientJets (32s)
✔ [9218/10591] Built Euler.PacketPiolaPair (36s)
✔ [9219/10591] Built Euler.PacketRecursiveCancellation (21s)
✔ [9220/10591] Built Euler.TimeH1Reconstruction (31s)
✔ [9221/10591] Built Euler.TimeLpGramInverse (32s)
✔ [9222/10591] Built Euler.MeanL2Scaling (18s)
✔ [9223/10591] Built Euler.MeanHarmonicComponents (15s)
✔ [9224/10591] Built Euler.LinearDuhamelParameter (30s)
✔ [9225/10591] Built Euler.MeanMollificationHarmonic (22s)
✔ [9226/10591] Built Euler.MeanBoundaryIterated (45s)
✔ [9227/10591] Built Euler.QuadraticHeatConstraint (19s)
✔ [9228/10591] Built Euler.PacketAmplitudeBounds (18s)
✔ [9229/10591] Built Euler.UniformHeatLocal (27s)
✔ [9230/10591] Built Euler.PacketEarlyPhysical (22s)
✔ [9231/10591] Built Euler.WholeSpaceGaussianLow (16s)
✔ [9232/10591] Built Euler.WholeSpaceGaussianEvolution (20s)
✔ [9233/10591] Built Euler.MeanCoefficientPath (73s)
✔ [9234/10591] Built Euler.TransverseForwardInverse (38s)
✔ [9235/10591] Built Euler.MeanClassicalConstraints (17s)
✔ [9236/10591] Built Euler.PacketCofactorGevrey (34s)
✔ [9237/10591] Built Euler.SmoothPathJoint (25s)
✔ [9238/10591] Built Euler.ContinuousPathComposition (65s)
✔ [9239/10591] Built Euler.LiftedTransportComponents (15s)
✔ [9240/10591] Built Euler.MeanOrbitSobolev (38s)
✔ [9241/10591] Built Euler.SobolevGevreyOperators (26s)
✔ [9242/10591] Built Euler.GainedMildFormula (37s)
✔ [9243/10591] Built Euler.TransverseSourceFrame (29s)
✔ [9244/10591] Built Euler.PacketTimePathGluing (23s)
✔ [9245/10591] Built Euler.ParameterWordLocal (15s)
✔ [9246/10591] Built Euler.ParameterWordHigher (11s)
✔ [9247/10591] Built Euler.TransverseStrongEstimates (44s)
✔ [9248/10591] Built Euler.MildWordEquation (52s)
✔ [9249/10591] Built Euler.TransverseEndpointVelocity (42s)
✔ [9250/10591] Built Euler.MeanMomentumBoundary (55s)
✔ [9251/10591] Built Euler.PacketPotentialRegularity (23s)
✔ [9252/10591] Built Euler.PacketResidualTailDecomposition (19s)
✔ [9253/10591] Built Euler.ParameterWordProduct (26s)
✔ [9254/10591] Built Euler.PacketRecursiveBase (21s)
✔ [9255/10591] Built Euler.TimeH1ReconstructionNaturality (20s)
✔ [9256/10591] Built Euler.TimeLpGramGevrey (23s)
✔ [9257/10591] Built Euler.PhysicalL2Scaling (22s)
✔ [9258/10591] Built Euler.TimePathGluing (13s)
✔ [9259/10591] Built Euler.MeanWeakHarmonicInterior (19s)
✔ [9260/10591] Built Euler.MeanConcreteTranslation (12s)
✔ [9261/10591] Built Euler.CorrectionOperators (79s)
✔ [9262/10591] Built Euler.PacketGeometryData (26s)
✔ [9263/10591] Built Euler.FunctionalVelocity (13s)
✔ [9264/10591] Built Euler.LinearDuhamelGevrey (37s)
✔ [9265/10591] Built Euler.LpSupportedTranslation (27s)
✔ [9266/10591] Built Euler.ContinuousAccelerationForcing (24s)
✔ [9267/10591] Built Euler.MeanBoundaryGevrey (46s)
✔ [9268/10591] Built Euler.GevreyMetricComparison (17s)
✔ [9269/10591] Built Euler.MeanSpatialEvaluation (22s)
✔ [9270/10591] Built Euler.SobolevMetricTransport (29s)
✔ [9271/10591] Built Euler.SobolevWordLevel (22s)
✔ [9272/10591] Built Euler.ContinuousGramAcceleration (27s)
✔ [9273/10591] Built Euler.ContinuousGramPath (39s)
✔ [9274/10591] Built Euler.ContinuousSpatialFamily (66s)
✔ [9275/10591] Built Euler.TimeH1FrameTransport (33s)
✔ [9276/10591] Built Euler.SmoothCoefficientPath (75s)
✔ [9277/10591] Built Euler.TransverseEndpointDifferentiation (34s)
✔ [9278/10591] Built Euler.PacketPeriodicPotential (15s)
✔ [9279/10591] Built Euler.TransverseActivationSelection (48s)
✔ [9280/10591] Built Euler.HeatRestart (50s)
✔ [9281/10591] Built Euler.ParameterWordInverse (21s)
✔ [9282/10591] Built Euler.ParameterSobolevBlocks (23s)
✔ [9283/10591] Built Euler.PacketRecursiveResidual (19s)
✔ [9284/10591] Built Euler.MildTopWord (58s)
✔ [9285/10591] Built Euler.MeanTimeContinuousTranslation (24s)
✔ [9286/10591] Built Euler.MeanTimeReflection (22s)
✔ [9287/10591] Built Euler.MeanWeakHarmonicScaling (20s)
✔ [9288/10591] Built Euler.PacketActivationScales (11s)
✔ [9289/10591] Built Euler.GevreyOrderZero (22s)
✔ [9290/10591] Built Euler.PacketGeometryGuards (18s)
✔ [9291/10591] Built Euler.TimeLpAccelerationForcing (28s)
✔ [9292/10591] Built Euler.LinearDuhamelFrozenOperator (23s)
✔ [9293/10591] Built Euler.LpCylinderTranslation (29s)
✔ [9294/10591] Built Euler.MeanStrongEquation (86s)
✔ [9295/10591] Built Euler.SobolevTransportCompatibility (18s)
✔ [9296/10591] Built Euler.MeanSobolevBoundedField (31s)
✔ [9297/10591] Built Euler.MeanSpatialDerivative (29s)
✔ [9298/10591] Built Euler.MeanSpatialTimeDerivative (31s)
✔ [9299/10591] Built Euler.MeanScaledBoundaryGevrey (40s)
✔ [9300/10591] Built Euler.SobolevParityOperators (69s)
✔ [9301/10591] Built Euler.SobolevViscousEnergy (25s)
✔ [9302/10591] Built Euler.TransportL2Time (26s)
✔ [9303/10591] Built Euler.TransverseForwardRegularity (28s)
✔ [9304/10591] Built Euler.CorrectionTime (85s)
✔ [9305/10591] Built Euler.SobolevLaplacian (45s)
✔ [9306/10591] Built Euler.PacketConstructedPiola (13s)
✔ [9307/10591] Built Euler.MeanFixedFrameTransport (43s)
✔ [9308/10591] Built Euler.SmoothPathSuperposition (30s)
✔ [9309/10591] Built Euler.ContinuousGramGevrey (52s)
✔ [9310/10591] Built Euler.ParameterSobolevLocal (13s)
✔ [9311/10591] Built Euler.TransverseFixedSpaceInverse (48s)
✔ [9312/10591] Built Euler.SobolevDriftNorm (70s)
✔ [9313/10591] Built Euler.ParameterSobolevPair (16s)
✔ [9314/10591] Built Euler.IsometricActionWords (23s)
✔ [9315/10591] Built Euler.TransverseEndpointEquation (44s)
✔ [9316/10591] Built Euler.HeatRegularizedPaths (27s)
✔ [9317/10591] Built Euler.MeanCoefficientPathJets (55s)
✔ [9318/10591] Built Euler.DuhamelPasting (37s)
✔ [9319/10591] Built Euler.ParameterSobolevLinear (13s)
✔ [9320/10591] Built Euler.ParameterSobolevInverse (18s)
✔ [9321/10591] Built Euler.ParameterSobolevCommutator (20s)
✔ [9322/10591] Built Euler.ParameterSobolevCoefficient (14s)
✔ [9323/10591] Built Euler.MeanPathSpatialRepresentative (17s)
✔ [9324/10591] Built Euler.MeanBoundaryLocalization (16s)
✔ [9325/10591] Built Euler.CompactSolenoidalDensity (25s)
✔ [9326/10591] Built Euler.CylinderPathIntegral (16s)
✔ [9327/10591] Built Euler.BoundedFieldCalculus (242s)
✔ [9328/10591] Built Euler.PacketGeometryAssembly (23s)
✔ [9329/10591] Built Euler.CylinderTranslationAdjoint (16s)
✔ [9330/10591] Built Euler.CylinderSpatialEmbedding (24s)
✔ [9331/10591] Built Euler.MeanStrongInverse (15s)
✔ [9332/10591] Built Euler.ContinuousForcingTranslation (42s)
✔ [9333/10591] Built Euler.SobolevEnergyPaths (22s)
✔ [9334/10591] Built Euler.CylinderCompactTranslation (40s)
✔ [9335/10591] Built Euler.SobolevL2Stability (26s)
✔ [9336/10591] Built Euler.AsymmetricTransport (45s)
✔ [9337/10591] Built Euler.WeightedSobolevEnergy (23s)
✔ [9338/10591] Built Euler.SquaredMetricStability (30s)
✔ [9339/10591] Built Euler.SobolevHeatDerivativeCommutation (25s)
✔ [9340/10591] Built Euler.EulerCorrectionLocal (28s)
✔ [9341/10591] Built Euler.HeatGradientEnergy (35s)
✔ [9342/10591] Built Euler.SmoothTimeField (22s)
✔ [9343/10591] Built Euler.ContinuousAccelerationGevrey (20s)
✔ [9344/10591] Built Euler.TransverseFixedStrong (23s)
✔ [9345/10591] Built Euler.SmoothCoefficientPathMap (16s)
✔ [9346/10591] Built Euler.CoefficientPathOrbit (19s)
✔ [9347/10591] Built Euler.TransverseFixedEndpoint (44s)
✔ [9348/10591] Built Euler.FixedFrameNaturality (41s)
✔ [9349/10591] Built Euler.GainedMildPasting (19s)
✔ [9350/10591] Built Euler.SmoothCoefficientTimeRestriction (21s)
✔ [9351/10591] Built Euler.MeanClassicalWordBounds (21s)
✔ [9352/10591] Built Euler.TransverseParameterRegularity (60s)
✔ [9353/10591] Built Euler.TransverseSourceCoefficientPath (46s)
✔ [9354/10591] Built Euler.MeanPathLpBlocks (16s)
✔ [9355/10591] Built Euler.CylinderConstantMap (23s)
✔ [9356/10591] Built Euler.ParameterSobolevProductGevrey (13s)
✔ [9357/10591] Built Euler.MeanFixedSpaceInverse (85s)
✔ [9358/10591] Built Euler.ParameterSobolevGevrey (17s)
✔ [9359/10591] Built Euler.ParameterWordRestriction (11s)
✔ [9360/10591] Built Euler.ParameterNestedWordSum (14s)
✔ [9361/10591] Built Euler.LinearDuhamelFrozenGevrey (22s)
✔ [9362/10591] Built Euler.MeanBoundaryCoercivity (16s)
✔ [9363/10591] Built Euler.TransverseForwardCoefficientGevrey (95s)
✔ [9364/10591] Built Euler.SobolevTimeRegularization (84s)
✔ [9365/10591] Built Euler.BoundedFieldMultilinear (23s)
✔ [9366/10591] Built Euler.MeanCylinderSolenoidal (21s)
✔ [9367/10591] Built Euler.MeanPathTimeDerivative (38s)
✔ [9368/10591] Built Euler.CylinderGradientEmbedding (22s)
✔ [9369/10591] Built Euler.LpOperatorFieldAlgebra (34s)
✔ [9370/10591] Built Euler.ContinuousForcingTimeLp (21s)
✔ [9371/10591] Built Euler.PacketTerminalDatum (17s)
✔ [9372/10591] Built Euler.CylinderCompactBounds (33s)
✔ [9373/10591] Built Euler.PDEEnergyLimit (26s)
✔ [9374/10591] Built Euler.LpCylinderPaths (98s)
✔ [9375/10591] Built Euler.MeanVelocityPressure (50s)
✔ [9376/10591] Built Euler.WeightedSobolevMajorant (30s)
✔ [9377/10591] Built Euler.CorrectionTimeRestriction (18s)
✔ [9378/10591] Built Euler.PacketTimeWordGluing (88s)
✔ [9379/10591] Built Euler.EulerCorrectionEquation (24s)
✔ [9380/10591] Built Euler.HeatGradientIntegral (18s)
✔ [9381/10591] Built Euler.SobolevNonlinearCompatibility (52s)
✔ [9382/10591] Built Euler.BoundedFieldPullback (20s)
✔ [9383/10591] Built Euler.SmoothTimeFieldDerivativeBounds (26s)
✔ [9384/10591] Built Euler.SmoothTimeFieldOrdinary (12s)
✔ [9385/10591] Built Euler.SmoothTimeFieldFromPaths (31s)
✔ [9386/10591] Built Euler.TruncationFamily (18s)
✔ [9387/10591] Built Euler.BoundedFieldGramInverse (104s)
✔ [9388/10591] Built Euler.BoundedTensorCoordinates (47s)
✔ [9389/10591] Built Euler.HeatHessianEnergy (50s)
✔ [9390/10591] Built Euler.SmoothTimeSuperposition (26s)
✔ [9391/10591] Built Euler.SmoothL2CoefficientPath (20s)
✔ [9392/10591] Built Euler.CompactSmoothTimeField (35s)
✔ [9393/10591] Built Euler.WindowSource (17s)
✔ [9394/10591] Built Euler.RegularizedMildEquation (87s)
✔ [9395/10591] Built Euler.MeanOrbitSmoothL2Field (21s)
✔ [9396/10591] Built Euler.PacketParentLabelBounds (21s)
✔ [9397/10591] Built Euler.TransverseFixedEvolution (43s)
✔ [9398/10591] Built Euler.CylinderConstantMapBounds (18s)
✔ [9399/10591] Built Euler.TimeH1SobolevReconstruction (16s)
✔ [9400/10591] Built Euler.PacketCoefficientLipschitz (30s)
✔ [9401/10591] Built Euler.TransverseBoundedFrame (32s)
✔ [9402/10591] Built Euler.ParameterSobolevProductAt (15s)
✔ [9403/10591] Built Euler.LpSmoothCoefficientProduct (52s)
✔ [9404/10591] Built Euler.ParameterSobolevOperations (19s)
✔ [9405/10591] Built Euler.CylinderScalarPrimitive (30s)
✔ [9406/10591] Built Euler.TransverseEndpointParameter (45s)
✔ [9407/10591] Built Euler.ParameterSobolevTensorInverse (17s)
✔ [9408/10591] Built Euler.ParameterSobolevGevreyAt (16s)
✔ [9409/10591] Built Euler.MeanOperatorReflection (27s)
✔ [9410/10591] Built Euler.PacketTerminalDatumBounds (19s)
✔ [9411/10591] Built Euler.LpCylinderOrbit (17s)
✔ [9412/10591] Built Euler.PDESubintervalEnergyLimit (23s)
✔ [9413/10591] Built Euler.TransverseCoefficientGevrey (70s)
✔ [9414/10591] Built Euler.MeanSourceVariationalInverse (34s)
✔ [9415/10591] Built Euler.PacketShiftedTimeGluing (15s)
✔ [9416/10591] Built Euler.MeanContinuousVelocity (28s)
✔ [9417/10591] Built Euler.PacketMatchingFamily (21s)
✔ [9418/10591] Built Euler.MeanFixedTranslation (54s)
✔ [9419/10591] Built Euler.TimeSobolevTransport (60s)
✔ [9420/10591] Built Euler.CorrectionParity (33s)
✔ [9421/10591] Built Euler.InviscidSobolevEvolution (35s)
✔ [9422/10591] Built Euler.MeanVelocityOperator (56s)
✔ [9423/10591] Built Euler.SobolevCorrectionCompatibility (34s)
✔ [9424/10591] Built Euler.SmoothTimeFieldComposition (34s)
✔ [9425/10591] Built Euler.SobolevEllipticBound (23s)
✔ [9426/10591] Built Euler.SmoothBanachFlow (22s)
✔ [9427/10591] Built Euler.SmoothTimeFieldJoint (21s)
✔ [9428/10591] Built Euler.GevreyCorrectionSplit (67s)
✔ [9429/10591] Built Euler.SmoothFieldSobolevTime (37s)
✔ [9430/10591] Built Euler.QuadraticMildPasting (38s)
✔ [9431/10591] Built Euler.OrdinaryPressureCancellation (34s)
✔ [9432/10591] Built Euler.ParameterSobolevScaling (16s)
✔ [9433/10591] Built Euler.TransverseFixedClassical (46s)
✔ [9434/10591] Built Euler.BoundedFieldGramGevrey (98s)
✔ [9435/10591] Built Euler.LpCylinderCoefficients (139s)
✔ [9436/10591] Built Euler.RegularizedTopBlocks (70s)
✔ [9437/10591] Built Euler.ParameterSobolevAcceleration (18s)
✔ [9438/10591] Built Euler.FixedEvolutionNaturality (68s)
✔ [9439/10591] Built Euler.TransverseBoundedGeometry (53s)
✔ [9440/10591] Built Euler.ParameterSobolevCostMonotone (18s)
✔ [9441/10591] Built Euler.TimeLpGramSobolev (24s)
✔ [9442/10591] Built Euler.LpSmoothCoefficientContinuity (58s)
✔ [9443/10591] Built Euler.LinearDuhamelSobolevGevrey (29s)
✔ [9444/10591] Built Euler.ComparatorTruncationFamily (103s)
✔ [9445/10591] Built Euler.TimeLpSubintervalBound (18s)
✔ [9446/10591] Built Euler.CylinderAngleWordBounds (33s)
✔ [9447/10591] Built Euler.CylinderSmoothOrbit (29s)
✔ [9448/10591] Built Euler.MeanSourceStrongInverse (20s)
✔ [9449/10591] Built Euler.PDEMajorantLimit (26s)
✔ [9450/10591] Built Euler.ElapsedTimePathGluing (20s)
✔ [9451/10591] Built Euler.TransverseEndpointBounds (65s)
✔ [9452/10591] Built Euler.LpCylinderRectangular (198s)
✔ [9453/10591] Built Euler.CylinderActionWords (45s)
✔ [9454/10591] Built Euler.SmoothFlowParity (12s)
✔ [9455/10591] Built Euler.MeanFixedReflection (75s)
✔ [9456/10591] Built Euler.SmoothFlowJets (23s)
✔ [9457/10591] Built Euler.SmoothFlowJacobian (24s)
✔ [9458/10591] Built Euler.TransverseGevreyInverse (65s)
✔ [9459/10591] Built Euler.CorrectionResidualCancellation (48s)
✔ [9460/10591] Built Euler.SmoothTimeFieldRestriction (18s)
✔ [9461/10591] Built Euler.SmoothTimeFieldTimeJets (30s)
✔ [9462/10591] Built Euler.SmoothTimeFieldLinear (25s)
✔ [9463/10591] Built Euler.BasePressureCommutator (15s)
✔ [9464/10591] Built Euler.MeanStrongEstimates (63s)
✔ [9465/10591] Built Euler.SmoothTimeFieldPrecomp (28s)
✔ [9466/10591] Built Euler.MeanTranslatedInverse (78s)
✔ [9467/10591] Built Euler.ParameterSobolevFiniteSum (16s)
✔ [9468/10591] Built Euler.BoundedMildContinuation (22s)
✔ [9469/10591] Built Euler.TimeCorrectionSource (76s)
✔ [9470/10591] Built Euler.FixedEvolutionRegularity (29s)
✔ [9471/10591] Built Euler.CoefficientCostMonotone (13s)
✔ [9472/10591] Built Euler.RegularizedWordEquation (27s)
✔ [9473/10591] Built Euler.CorrectionDifference (61s)
✔ [9474/10591] Built Euler.TransversePacketData (31s)
✔ [9475/10591] Built Euler.HeatMaximalEstimate (98s)
✔ [9476/10591] Built Euler.ContinuousGramSobolev (20s)
✔ [9477/10591] Built Euler.CylinderRawSupport (11s)
✔ [9478/10591] Built Euler.TimeLpAccelerationSobolev (26s)
✔ [9479/10591] Built Euler.LpCylinderRegularCoefficient (56s)
✔ [9480/10591] Built Euler.SobolevTransportCommutator (82s)
✔ [9481/10591] Built Euler.CylinderOrbitSobolev (25s)
✔ [9482/10591] Built Euler.ElapsedTimePathNaturality (26s)
✔ [9483/10591] Built Euler.LpCylinderSolutionTranslation (60s)
✔ [9484/10591] Built Euler.SmoothEulerEvolution (42s)
✔ [9485/10591] Built Euler.TransverseInitialInverse (26s)
✔ [9486/10591] Built Euler.TimeH1GeneratorBounds (34s)
✔ [9487/10591] Built Euler.BoundedFieldForwardGenerator (91s)
✔ [9488/10591] Built Euler.TransverseGeneratorDifference (36s)
✔ [9489/10591] Built Euler.SmoothFlowAcceleration (19s)
✔ [9490/10591] Built Euler.SmoothFlowGevrey (18s)
✔ [9491/10591] Built Euler.SmoothTimeFieldParity (15s)
✔ [9492/10591] Built Euler.SmoothFlowVolume (17s)
✔ [9493/10591] Built Euler.CylinderFieldReflection (48s)
✔ [9494/10591] Built Euler.TransverseEndpointDifference (59s)
✔ [9495/10591] Built Euler.CylinderAngleAverage (45s)
✔ [9496/10591] Built Euler.SmoothTimeAmplitudeScaling (15s)
✔ [9497/10591] Built Euler.SmoothTimeFieldSecondJoint (18s)
✔ [9498/10591] Built Euler.LpCylinderTimeWeight (58s)
✔ [9499/10591] Built Euler.SmoothTimeFieldAlgebra (23s)
✔ [9500/10591] Built Euler.LpCylinderRectangularRegularity (64s)
✔ [9501/10591] Built Euler.MeanStrongCoordinates (21s)
✔ [9502/10591] Built Euler.CorrectionContinuation (21s)
✔ [9503/10591] Built Euler.LpCylinderCoefficientTime (73s)
✔ [9504/10591] Built Euler.TimeCorrectionRestriction (33s)
✔ [9505/10591] Built Euler.SmoothTimeFieldBilinear (50s)
✔ [9506/10591] Built Euler.CorrectionStabilityConstants (29s)
✔ [9507/10591] Built Euler.RegularizedWordConvergence (34s)
✔ [9508/10591] Built Euler.MeanClassicalTime (51s)
✔ [9509/10591] Built Euler.ContinuousAccelerationSobolev (24s)
✔ [9510/10591] Built Euler.PacketParentCoefficientBounds (39s)
✔ [9511/10591] Built Euler.BaseTransportL2 (19s)
✔ [9512/10591] Built Euler.CylinderClassicalWordBounds (20s)
✔ [9513/10591] Built Euler.GevreyTransportCommutator (30s)
✔ [9514/10591] Built Euler.TransportL2Bilinear (31s)
✔ [9515/10591] Built Euler.TransverseFixedSobolev (72s)
✔ [9516/10591] Built Euler.SmoothGraphFlow (18s)
✔ [9517/10591] Built Euler.CylinderTimeRegularity (36s)
✔ [9518/10591] Built Euler.SmoothFlowJoint (23s)
✔ [9519/10591] Built Euler.SmoothCylinderFlow (19s)
✔ [9520/10591] Built Euler.MeanFixedCoefficientRegularity (98s)
✔ [9521/10591] Built Euler.SmoothFlowTimeGevrey (32s)
✔ [9522/10591] Built Euler.TruncatedBackwardFlow (21s)
✔ [9523/10591] Built Euler.SourceForwardCoefficient (52s)
✔ [9524/10591] Built Euler.CylinderAngleAverageRepresentative (25s)
✔ [9525/10591] Built Euler.CylinderSpatialMean (45s)
✔ [9526/10591] Built Euler.LpCylinderPathBounds (39s)
✔ [9527/10591] Built Euler.CorrectionMildEquation (24s)
✔ [9528/10591] Built Euler.TransverseEndpointCoordinates (59s)
✔ [9529/10591] Built Euler.LpCylinderRegularForward (87s)
✔ [9530/10591] Built Euler.PacketCurlCoordinates (61s)
✔ [9531/10591] Built Euler.LpCylinderNormalBounds (67s)
✔ [9532/10591] Built Euler.SmoothTimeFieldChain (20s)
✔ [9533/10591] Built Euler.TimeCorrectionStrongIdentity (30s)
✔ [9534/10591] Built Euler.CylinderForwardParity (36s)
✔ [9535/10591] Built Euler.HeatMaximalCauchy (148s)
✔ [9536/10591] Built Euler.MeanGramTranslation (75s)
✔ [9537/10591] Built Euler.CylinderAngleAverageEvolution (65s)
✔ [9538/10591] Built Euler.SobolevDifferenceEnergy (28s)
✔ [9539/10591] Built Euler.PacketParentLabelCoefficients (16s)
✔ [9540/10591] Built Euler.LpCylinderFullTime (50s)
✔ [9541/10591] Built Euler.GevreyLowNorms (21s)
✔ [9542/10591] Built Euler.GevreyPressureTransport (23s)
✔ [9543/10591] Built Euler.ParentPacketFrames (47s)
✔ [9544/10591] Built Euler.PacketInverseFlowGevrey (29s)
✔ [9545/10591] Built Euler.CylinderScalarTime (20s)
✔ [9546/10591] Built Euler.CylinderScalarClassical (17s)
✔ [9547/10591] Built Euler.CylinderCoveringDerivative (15s)
✔ [9548/10591] Built Euler.CylinderAngleEvolution (28s)
✔ [9549/10591] Built Euler.CylinderRetractRepresentative (30s)
✔ [9550/10591] Built Euler.SobolevBaseCommutator (48s)
✔ [9551/10591] Built Euler.CylinderTimeWords (29s)
✔ [9552/10591] Built Euler.SmoothScaledFlow (19s)
✔ [9553/10591] Built Euler.SmoothCylinderJets (30s)
✔ [9554/10591] Built Euler.SmoothFlowCoefficientPaths (21s)
✔ [9555/10591] Built Euler.FixedEvolutionSobolev (56s)
✔ [9556/10591] Built Euler.PacketGraphFlowFrequency (36s)
✔ [9557/10591] Built Euler.PacketTerminalAdmissible (23s)
✔ [9558/10591] Built Euler.MeanSourceOperatorRegularity (51s)
✔ [9559/10591] Built Euler.SourceNormalCoefficient (30s)
✔ [9560/10591] Built Euler.CylinderAngleAverageTime (35s)
✔ [9561/10591] Built Euler.PacketSourcePropagator (42s)
✔ [9562/10591] Built Euler.CylinderSpatialMeanRepresentative (31s)
✔ [9563/10591] Built Euler.SourceCylinderForcing (51s)
✔ [9564/10591] Built Euler.TransverseHistoryBounds (42s)
✔ [9565/10591] Built Euler.CorrectionDifferencePDE (43s)
✔ [9566/10591] Built Euler.MeanFixedCoefficientGevrey (90s)
✔ [9567/10591] Built Euler.ChildParticleTime (25s)
✔ [9568/10591] Built Euler.LpCylinderUnweightedForward (31s)
✔ [9569/10591] Built Euler.CylinderSpatialMeanPath (48s)
✔ [9570/10591] Built Euler.FixedEndpointStrong (43s)
✔ [9571/10591] Built Euler.PacketInverseFlowContinuity (19s)
✔ [9572/10591] Built Euler.GevreyPressureShifted (22s)
✔ [9573/10591] Built Euler.PacketInverseFlowSobolevBound (24s)
✔ [9574/10591] Built Euler.HeatMaximalRegularity (46s)
✔ [9575/10591] Built Euler.CylinderSliceRepresentatives (25s)
✔ [9576/10591] Built Euler.CylinderTimePrecomposition (25s)
✔ [9577/10591] Built Euler.MeanPointwiseGramTranslation (37s)
✔ [9578/10591] Built Euler.CylinderScalarParity (10s)
✔ [9579/10591] Built Euler.ComparatorLocalCompactVorticity (114s)
✔ [9580/10591] Built Euler.CylinderScalarRepresentative (17s)
✔ [9581/10591] Built Euler.CylinderCoverTensor (19s)
✔ [9582/10591] Built Euler.LpCylinderRegularSobolev (76s)
✔ [9583/10591] Built Euler.PacketCylinderField (21s)
✔ [9584/10591] Built Euler.SmoothPhysicalGraphFlow (24s)
✔ [9585/10591] Built Euler.CylinderTimeGradient (27s)
✔ [9586/10591] Built Euler.GevreyBaseTransport (37s)
✔ [9587/10591] Built Euler.CylinderDirichletData (69s)
✔ [9588/10591] Built Euler.SmoothFlowDeformation (36s)
✔ [9589/10591] Built Euler.PacketGeometrySourceGrowth (20s)
✔ [9590/10591] Built Euler.CylinderPotentialPath (53s)
✔ [9591/10591] Built Euler.InviscidDifferencePDE (16s)
✔ [9592/10591] Built Euler.CylinderPathWords (50s)
✔ [9593/10591] Built Euler.SourceNormalResidualBounds (37s)
✔ [9594/10591] Built Euler.TransverseHistoryLipschitz (20s)
✔ [9595/10591] Built Euler.ChildParticleJacobian (13s)
✔ [9596/10591] Built Euler.CorrectionDifferenceMetric (37s)
✔ [9597/10591] Built Euler.CylinderSpatialMeanTime (26s)
✔ [9598/10591] Built Euler.MeanSourceFixedInverse (75s)
✔ [9599/10591] Built Euler.FixedEndpointClassical (35s)
✔ [9600/10591] Built Euler.DriftPreservingTransport (21s)
✔ [9601/10591] Built Euler.MeanAccelerationGevrey (52s)
✔ [9602/10591] Built Euler.GevreyPressureEnergy (15s)
✔ [9603/10591] Built Euler.SourcePotentialCoefficient (89s)
✔ [9604/10591] Built Euler.PacketContinuousInverse (25s)
✔ [9605/10591] Built Euler.FixedEndpointForcing (42s)
✔ [9606/10591] Built Euler.MeanTranslatedGevrey (69s)
✔ [9607/10591] Built Euler.CylinderScalarAverage (16s)
✔ [9608/10591] Built Euler.PacketCylinderParity (14s)
✔ [9609/10591] Built Euler.MaximalTopCauchy (30s)
✔ [9610/10591] Built Euler.CylinderJetLp (19s)
✔ [9611/10591] Built Euler.ElapsedTimePathWeight (25s)
✔ [9612/10591] Built Euler.SourceCylinderTimeBounds (98s)
✔ [9613/10591] Built Euler.MeanPhysicalTranslation (86s)
✔ [9614/10591] Built Euler.SourceCylinderForward (37s)
✔ [9615/10591] Built Euler.PacketCurlTime (23s)
✔ [9616/10591] Built Euler.PacketCylinderFieldAlgebra (35s)
✔ [9617/10591] Built Euler.CylinderGraphRealization (17s)
✔ [9618/10591] Built Euler.TransversePacketHistoryData (40s)
✔ [9619/10591] Built Euler.PacketNeighborInitial (26s)
✔ [9620/10591] Built Euler.CorrectionStabilityBudget (27s)
✔ [9621/10591] Built Euler.CylinderSobolevOrbit (44s)
✔ [9622/10591] Built Euler.CylinderEndpointData (53s)
✔ [9623/10591] Built Euler.SobolevDriftTransport (29s)
✔ [9624/10591] Built Euler.GevreyForcingComponents (22s)
✔ [9625/10591] Built Euler.CylinderPotentialWeight (62s)
✔ [9626/10591] Built Euler.PacketCylinderTimeParity (13s)
✔ [9627/10591] Built Euler.GevreyPressureComplete (20s)
✔ [9628/10591] Built Euler.CylinderSlowCurl (56s)
✔ [9629/10591] Built Euler.MeanAccelerationSobolev (60s)
✔ [9630/10591] Built Euler.SobolevMaximalRegularity (27s)
✔ [9631/10591] Built Euler.MeanSourceGevrey (36s)
✔ [9632/10591] Built Euler.PacketCylinderConvolution (13s)
✔ [9633/10591] Built Euler.SourceCylinderForwardSobolev (31s)
✔ [9634/10591] Built Euler.CylinderDirichletNaturality (101s)
✔ [9635/10591] Built Euler.PacketTimeAlgebra (13s)
✔ [9636/10591] Built Euler.PacketCylinderSpatialJet (16s)
✔ [9637/10591] Built Euler.PacketCylinderFieldUnique (11s)
✔ [9638/10591] Built Euler.MeanStrongGevrey (50s)
✔ [9639/10591] Built Euler.CylinderPhysicalTensor (17s)
✔ [9640/10591] Built Euler.CylinderGraphAffine (18s)
✔ [9641/10591] Built Euler.CylinderGraphPath (18s)
✔ [9642/10591] Built Euler.PacketParentJacobiCoefficient (27s)
✔ [9643/10591] Built Euler.TransversePacketIntervalData (34s)
✔ [9644/10591] Built Euler.CylinderPotentialTime (69s)
✔ [9645/10591] Built Euler.SourceCylinderEquation (77s)
✔ [9646/10591] Built Euler.MeanFixedSobolevGevrey (95s)
✔ [9647/10591] Built Euler.InviscidCorrectionUniqueness (36s)
✔ [9648/10591] Built Euler.CorrectionViscosityStability (42s)
✔ [9649/10591] Built Euler.CylinderEndpointLabels (25s)
✔ [9650/10591] Built Euler.CylinderSobolevWordBounds (42s)
✔ [9651/10591] Built Euler.GevreyCorrectionForcing (19s)
✔ [9652/10591] Built Euler.CylinderSlowCurlBounds (36s)
✔ [9653/10591] Built Euler.CylinderEndpointForcing (45s)
✔ [9654/10591] Built Euler.CylinderLocalSupport (41s)
✔ [9655/10591] Built Euler.CylinderPathProduct (71s)
✔ [9656/10591] Built Euler.CylinderCorrectorMeanZero (48s)
✔ [9657/10591] Built Euler.PacketFiniteFieldAlgebra (15s)
✔ [9658/10591] Built Euler.PacketCylinderKnownJets (15s)
✔ [9659/10591] Built Euler.CylinderDirichletParity (51s)
✔ [9660/10591] Built Euler.SourcePotentialTimeCoefficient (171s)
✔ [9661/10591] Built Euler.CylinderDirichletSupport (56s)
✔ [9662/10591] Built Euler.MeanCoordinatePath (35s)
✔ [9663/10591] Built Euler.CylinderGraphGevrey (27s)
✔ [9664/10591] Built Euler.RegularizedWordTime (82s)
✔ [9665/10591] Built Euler.CylinderGraphDerivative (20s)
✔ [9666/10591] Built Euler.PacketPhysicalGevrey (37s)
✔ [9667/10591] Built Euler.MeanSourceSpatialRegularity (85s)
✔ [9668/10591] Built Euler.CylinderPhysicalTensorLp (34s)
✔ [9669/10591] Built Euler.CylinderDirichletMean (74s)
✔ [9670/10591] Built Euler.CylinderDirichletTranslation (75s)
✔ [9671/10591] Built Euler.SourceCylinderMeanZero (35s)
✔ [9672/10591] Built Euler.MeanSourceSobolev (27s)
✔ [9673/10591] Built Euler.InviscidCorrectionParity (32s)
✔ [9674/10591] Built Euler.GevreyUniformConstants (13s)
✔ [9675/10591] Built Euler.SourceCylinderWeight (44s)
✔ [9676/10591] Built Euler.SourceCylinderRegularity (48s)
✔ [9677/10591] Built Euler.ViscosityCauchy (30s)
✔ [9678/10591] Built Euler.SourceCylinderParity (53s)
✔ [9679/10591] Built Euler.CylinderPotentialTimeWeight (84s)
✔ [9680/10591] Built Euler.CylinderBoundedCover (44s)
✔ [9681/10591] Built Euler.TransverseSolutionHomogeneity (82s)
✔ [9682/10591] Built Euler.SourcePotentialTime (23s)
✔ [9683/10591] Built Euler.CylinderPathBilinear (32s)
✔ [9684/10591] Built Euler.CylinderPhysicalTensorDifference (17s)
✔ [9685/10591] Built Euler.CylinderEndpointParity (36s)
✔ [9686/10591] Built Euler.GevreyDifferentiatedEquation (57s)
✔ [9687/10591] Built Euler.CylinderEndpointSupport (34s)
✔ [9688/10591] Built Euler.CylinderPathProductBounds (66s)
✔ [9689/10591] Built Euler.RegularizedForcingWord (51s)
✔ [9690/10591] Built Euler.MeanSourceStrongSobolev (30s)
✔ [9691/10591] Built Euler.SourceCylinderDerivativeWeight (38s)
✔ [9692/10591] Built Euler.CylinderSlowCurlTime (87s)
✔ [9693/10591] Built Euler.MeanContinuousAcceleration (74s)
✔ [9694/10591] Built Euler.ViscousPathDerivative (18s)
✔ [9695/10591] Built Euler.CylinderDirichletEquation (63s)
✔ [9696/10591] Built Euler.SobolevPathLimits (27s)
✔ [9697/10591] Built Euler.CylinderSmoothTimeField (38s)
✔ [9698/10591] Built Euler.GevreyRestriction (32s)
✔ [9699/10591] Built Euler.CylinderPathDerivativeProduct (34s)
✔ [9700/10591] Built Euler.CylinderPathBilinearBounds (42s)
✔ [9701/10591] Built Euler.CylinderDirichletRegularity (94s)
✔ [9702/10591] Built Euler.SourceCylinderPressureSource (70s)
✔ [9703/10591] Built Euler.SourceCylinderClassical (94s)
✔ [9704/10591] Built Euler.RegularizedEnergyFamily (51s)
✔ [9705/10591] Built Euler.SourcePotentialTimePath (66s)
✔ [9706/10591] Built Euler.SourceCylinderDerivativeBounds (56s)
✔ [9707/10591] Built Euler.GevreyCorrectionBound (24s)
✔ [9708/10591] Built Euler.MeanContinuousSobolev (52s)
✔ [9709/10591] Built Euler.GevreyRadiusReduction (17s)
✔ [9710/10591] Built Euler.CylinderSlowCurlWeight (44s)
✔ [9711/10591] Built Euler.CylinderEndpointEquation (46s)
✔ [9712/10591] Built Euler.CylinderPathAdvection (33s)
✔ [9713/10591] Built Euler.CorrectionFamilyCompactness (57s)
✔ [9714/10591] Built Euler.EnergyWordCoordinates (20s)
✔ [9715/10591] Built Euler.RegularizedMetricPaths (23s)
✔ [9716/10591] Built Euler.MeanContinuousPhysical (85s)
✔ [9717/10591] Built Euler.SourceCylinderClassicalEquation (47s)
✔ [9718/10591] Built Euler.GevreyNonlinearEstimate (26s)
✔ [9719/10591] Built Euler.DriftCorrectionForcing (26s)
✔ [9720/10591] Built Euler.RegularizedForcingRepresentative (40s)
✔ [9721/10591] Built Euler.CylinderEndpointRegularity (61s)
✔ [9722/10591] Built Euler.ViscousSourcePathLimit (91s)
✔ [9723/10591] Built Euler.PacketCylinderFieldProducts (36s)
✔ [9724/10591] Built Euler.CylinderPathProductSupport (25s)
✔ [9725/10591] Built Euler.SobolevWordValueIdentity (22s)
✔ [9726/10591] Built Euler.EnergyForcingIdentity (32s)
✔ [9727/10591] Built Euler.CylinderDirichletSobolev (84s)
✔ [9728/10591] Built Euler.MeanClassicalSpatialTime (29s)
✔ [9729/10591] Built Euler.MildMajorantEnergy (35s)
✔ [9730/10591] Built Euler.MeanStrongContinuousGevrey (36s)
✔ [9731/10591] Built Euler.DriftNonlinearEstimate (25s)
✔ [9732/10591] Built Euler.GevreyMetricEstimate (20s)
✔ [9733/10591] Built Euler.TransversePacketTimeData (75s)
✔ [9734/10591] Built Euler.PacketCylinderFieldSupport (13s)
✔ [9735/10591] Built Euler.SourceCylinderPressureMean (42s)
✔ [9736/10591] Built Euler.CylinderTerminalAmplitude (27s)
✔ [9737/10591] Built Euler.PacketCylinderFieldAdvection (36s)
✔ [9738/10591] Built Euler.GevreyEnergyLimit (22s)
✔ [9739/10591] Built Euler.ProjectedEnergyForcing (36s)
✔ [9740/10591] Built Euler.PacketCylinderCoefficientData (43s)
✔ [9741/10591] Built Euler.GevreyContinuationNorm (22s)
✔ [9742/10591] Built Euler.EnergyMetricPaths (33s)
✔ [9743/10591] Built Euler.MeanTimeSobolev (68s)
✔ [9744/10591] Built Euler.GevreyGrowthCoefficient (19s)
✔ [9745/10591] Built Euler.PacketCylinderSpatialInvariance (17s)
✔ [9746/10591] Built Euler.GevreyEnergyCutoff (13s)
✔ [9747/10591] Built Euler.GevreyMetricForcing (23s)
✔ [9748/10591] Built Euler.PacketCylinderJetOperations (20s)
✔ [9749/10591] Built Euler.LiftedVelocitySplit (23s)
✔ [9750/10591] Built Euler.ProjectedForcingFields (24s)
✔ [9751/10591] Built Euler.GevreyPathNorm (13s)
✔ [9752/10591] Built Euler.CylinderDirichletTimeBounds (73s)
✔ [9753/10591] Built Euler.CylinderEndpointPointwise (88s)
✔ [9754/10591] Built Euler.PacketCylinderPrefixLocality (17s)
✔ [9755/10591] Built Euler.GevreyGrowthBudget (22s)
✔ [9756/10591] Built Euler.MeanStrongSobolev (38s)
✔ [9757/10591] Built Euler.GevreyEnergyPathLimit (28s)
✔ [9758/10591] Built Euler.PacketCylinderJetParity (22s)
✔ [9759/10591] Built Euler.PacketCylinderCoefficientBounds (46s)
✔ [9760/10591] Built Euler.PacketCylinderScalarGradient (21s)
✔ [9761/10591] Built Euler.PacketMatrixCoefficientAlgebra (61s)
✔ [9762/10591] Built Euler.PacketCylinderFieldBounds (28s)
✔ [9763/10591] Built Euler.MeanContinuousPressure (50s)
✔ [9764/10591] Built Euler.PacketCylinderPressureLocality (17s)
✔ [9765/10591] Built Euler.PacketGradeAbsorption (17s)
✔ [9766/10591] Built Euler.SourceCylinderPressureField (97s)
✔ [9767/10591] Built Euler.PacketCylinderFieldWeight (25s)
✔ [9768/10591] Built Euler.PacketCylinderScalarGradientBounds (38s)
✔ [9769/10591] Built Euler.MeanPressureSobolev (32s)
✔ [9770/10591] Built Euler.PacketLinearCostAbsorption (18s)
✔ [9771/10591] Built Euler.PacketMatrixCoefficientGevrey (57s)
✔ [9772/10591] Built Euler.MeanPressureRepresentative (41s)
✔ [9773/10591] Built Euler.CorrectionEnergyTime (79s)
✔ [9774/10591] Built Euler.PacketCylinderWeightedProduct (20s)
✔ [9775/10591] Built Euler.MeanSourceTimeSobolev (71s)
✔ [9776/10591] Built Euler.CylinderDirichletPhysicalBounds (73s)
✔ [9777/10591] Built Euler.PacketGraphHessian (49s)
✔ [9778/10591] Built Euler.SourceCylinderPressureWeight (44s)
✔ [9779/10591] Built Euler.SourceCylinderPressureRegularity (39s)
✔ [9780/10591] Built Euler.PacketCylinderScalarGradientWeight (29s)
✔ [9781/10591] Built Euler.PacketTimeProfileArithmetic (17s)
✔ [9782/10591] Built Euler.CylinderEndpointBudget (22s)
✔ [9783/10591] Built Euler.CorrectionEnergyBound (26s)
✔ [9784/10591] Built Euler.MeanPacketData (30s)
✔ [9785/10591] Built Euler.NonlinearEnergyConstants (11s)
✔ [9786/10591] Built Euler.TransversePacketForcing (28s)
✔ [9787/10591] Built Euler.MeanSourcePressureSobolev (51s)
✔ [9788/10591] Built Euler.MeanPacketForcing (20s)
✔ [9789/10591] Built Euler.CylinderEndpointUnitBounds (26s)
✔ [9790/10591] Built Euler.DriftEnergyConstants (16s)
✔ [9791/10591] Built Euler.CorrectionLowerData (58s)
✔ [9792/10591] Built Euler.PacketTerminalInitialData (15s)
✔ [9793/10591] Built Euler.MeanPacketForcingAlgebra (19s)
✔ [9794/10591] Built Euler.TransversePacketProvider (26s)
✔ [9795/10591] Built Euler.CorrectionEnergyData (33s)
✔ [9796/10591] Built Euler.MeanPacketProvider (24s)
✔ [9797/10591] Built Euler.PacketParentMeanCoercivity (46s)
✔ [9798/10591] Built Euler.CylinderEndpointBounds (26s)
✔ [9799/10591] Built Euler.PacketTerminalEnvelope (16s)
✔ [9800/10591] Built Euler.DriftMetricForcing (32s)
✔ [9801/10591] Built Euler.TransversePacketHistory (43s)
✔ [9802/10591] Built Euler.TransversePacketJets (15s)
✔ [9803/10591] Built Euler.TransversePacketPressureGradient (18s)
✔ [9804/10591] Built Euler.TransversePacketRegularity (18s)
✔ [9805/10591] Built Euler.CorrectionEnergyRestriction (35s)
✔ [9806/10591] Built Euler.GevreyStabilityBudget (15s)
✔ [9807/10591] Built Euler.CorrectionBudgetRestriction (18s)
✔ [9808/10591] Built Euler.MeanPacketForcingProduct (17s)
✔ [9809/10591] Built Euler.TransversePacketInitial (32s)
✔ [9810/10591] Built Euler.CorrectionEnergyMajorants (22s)
✔ [9811/10591] Built Euler.CorrectionSourceRestriction (56s)
✔ [9812/10591] Built Euler.GevreyCorrectionSourceBounds (31s)
✔ [9813/10591] Built Euler.TransversePacketCorrector (44s)
✔ [9814/10591] Built Euler.MeanPacketConstraints (24s)
✔ [9815/10591] Built Euler.TransversePacketIntervalForcing (26s)
✔ [9816/10591] Built Euler.DriftCorrectionBudget (19s)
✔ [9817/10591] Built Euler.MeanPacketNonlinearForcing (18s)
✔ [9818/10591] Built Euler.TransversePacketHistoryPressure (36s)
✔ [9819/10591] Built Euler.GevreyFamilyCompactness (33s)
✔ [9820/10591] Built Euler.TransversePacketPressureGradientBounds (34s)
✔ [9821/10591] Built Euler.CorrectionMildEnergy (31s)
✔ [9822/10591] Built Euler.CorrectionLimitDerivative (19s)
✔ [9823/10591] Built Euler.TransversePacketEndpoint (45s)
✔ [9824/10591] Built Euler.TransverseHistoryPolynomialCost (62s)
✔ [9825/10591] Built Euler.TransversePacketCorrectorSupport (19s)
✔ [9826/10591] Built Euler.TransversePacketCorrectorMean (30s)
✔ [9827/10591] Built Euler.MeanPacketJets (23s)
✔ [9828/10591] Built Euler.TransversePacketLocalHistory (19s)
✔ [9829/10591] Built Euler.InviscidCorrectionRestriction (55s)
✔ [9830/10591] Built Euler.MeanPacketReflection (32s)
✔ [9831/10591] Built Euler.MeanPacketOrbitForcing (22s)
✔ [9832/10591] Built Euler.TransversePacketCorrectorBounds (55s)
✔ [9833/10591] Built Euler.CorrectionEnergyScalar (27s)
✔ [9834/10591] Built Euler.TransversePacketCylinderFields (19s)
✔ [9835/10591] Built Euler.TransversePacketEndpointPointwise (24s)
✔ [9836/10591] Built Euler.TransverseHistoryParentCost (26s)
✔ [9837/10591] Built Euler.TransversePacketCoefficientBounds (51s)
✔ [9838/10591] Built Euler.TransversePacketHistoryBounds (44s)
✔ [9839/10591] Built Euler.MeanPacketPressureForcing (20s)
✔ [9840/10591] Built Euler.MeanPacketParity (24s)
✔ [9841/10591] Built Euler.MeanPacketAngularForcing (22s)
✔ [9842/10591] Built Euler.DriftEnergyMajorants (16s)
✔ [9843/10591] Built Euler.MeanPacketCylinderFields (29s)
✔ [9844/10591] Built Euler.TransversePacketMatching (50s)
✔ [9845/10591] Built Euler.MeanPacketSobolevData (37s)
✔ [9846/10591] Built Euler.CorrectionEnergyBootstrap (20s)
✔ [9847/10591] Built Euler.TransversePacketCorrectorOperator (20s)
✔ [9848/10591] Built Euler.ParentHistoryCostPolynomial (21s)
✔ [9849/10591] Built Euler.CorrectionLimitPathDerivative (72s)
✔ [9850/10591] Built Euler.MeanPacketHomogeneity (41s)
✔ [9851/10591] Built Euler.TransversePacketInitialRepresentative (25s)
✔ [9852/10591] Built Euler.InviscidCorrectionCompatibility (59s)
✔ [9853/10591] Built Euler.MeanPacketContract (15s)
✔ [9854/10591] Built Euler.PacketCylinderFieldAverage (15s)
✔ [9855/10591] Built Euler.DriftCorrectionEnergyBound (22s)
✔ [9856/10591] Built Euler.PacketSourceOperators (20s)
✔ [9857/10591] Built Euler.TransversePacketPiolaData (19s)
✔ [9858/10591] Built Euler.TransverseHighSolveFields (18s)
✔ [9859/10591] Built Euler.MeanCylinderWordBounds (35s)
✔ [9860/10591] Built Euler.TransversePacketCorrectorParity (24s)
✔ [9861/10591] Built Euler.MeanPacketInitialZero (14s)
✔ [9862/10591] Built Euler.MeanPacketZeroForcing (16s)
✔ [9863/10591] Built Euler.PartialCorrectionBootstrap (39s)
✔ [9864/10591] Built Euler.PacketCylinderKnownForce (23s)
✔ [9865/10591] Built Euler.PacketCylinderAngularRegularity (15s)
✔ [9866/10591] Built Euler.PacketCylinderPiolaCorrector (13s)
✔ [9867/10591] Built Euler.DriftCorrectionMildEnergy (21s)
✔ [9868/10591] Built Euler.PacketCylinderWeightedLinear (36s)
✔ [9869/10591] Built Euler.TransversePacketTraceMatching (62s)
✔ [9870/10591] Built Euler.PacketKnownPieces (18s)
✔ [9871/10591] Built Euler.PacketCylinderHighMean (14s)
✔ [9872/10591] Built Euler.MeanPacketEnvelopeBounds (31s)
✔ [9873/10591] Built Euler.PacketCylinderHighSupport (22s)
✔ [9874/10591] Built Euler.GlobalGevreyCorrection (24s)
✔ [9875/10591] Built Euler.PacketCylinderMeanParity (14s)
✔ [9876/10591] Built Euler.TransversePacketParity (38s)
✔ [9877/10591] Built Euler.TransversePacketForwardBounds (94s)
✔ [9878/10591] Built Euler.CorrectionLimitEquation (72s)
✔ [9879/10591] Built Euler.PacketCylinderPiolaPair (21s)
✔ [9880/10591] Built Euler.PacketCylinderBoundTransfer (14s)
✔ [9881/10591] Built Euler.DriftCorrectionBootstrap (19s)
✔ [9882/10591] Built Euler.PacketCylinderProfileChange (15s)
✔ [9883/10591] Built Euler.PacketCylinderHighPartBounds (18s)
✔ [9884/10591] Built Euler.PacketCylinderWeightedAdvection (26s)
✔ [9885/10591] Built Euler.MeanPacketPathEnvelope (14s)
✔ [9886/10591] Built Euler.PacketCylinderMeanStep (16s)
✔ [9887/10591] Built Euler.PacketCylinderHighForcing (23s)
✔ [9888/10591] Built Euler.ViscousCorrectionFamily (20s)
✔ [9889/10591] Built Euler.PacketCylinderForcingParity (28s)
✔ [9890/10591] Built Euler.TransversePacketPressureParity (28s)
✔ [9891/10591] Built Euler.PacketCylinderTimeUnique (20s)
✔ [9892/10591] Built Euler.PacketTimeProfiles (16s)
✔ [9893/10591] Built Euler.TransversePacketJoinedPaths (52s)
✔ [9894/10591] Built Euler.PacketKnownDecomposition (44s)
✔ [9895/10591] Built Euler.TransversePacketPrimaryMatching (58s)
✔ [9896/10591] Built Euler.PacketFiniteSumBounds (18s)
✔ [9897/10591] Built Euler.PacketConvolutionBounds (16s)
✔ [9898/10591] Built Euler.TransversePacketBudget (39s)
✔ [9899/10591] Built Euler.TransversePacketForwardBudget (44s)
✔ [9900/10591] Built Euler.PacketCylinderRecursiveAdmissibility (16s)
✔ [9901/10591] Built Euler.PacketCylinderHighParity (15s)
✔ [9902/10591] Built Euler.MeanPacketBudget (24s)
✔ [9903/10591] Built Euler.PacketCylinderTermBudget (26s)
✔ [9904/10591] Built Euler.TransversePacketPressureGradientProperties (14s)
✔ [9905/10591] Built Euler.DriftPartialCorrectionBootstrap (47s)
✔ [9906/10591] Built Euler.PacketKnownPieceScales (17s)
✔ [9907/10591] Built Euler.TransversePacketHistoryParity (24s)
✔ [9908/10591] Built Euler.PacketFiniteRemainderBounds (16s)
✔ [9909/10591] Built Euler.PacketKnownTermFields (20s)
✔ [9910/10591] Built Euler.GevreyInviscidEnergyCompactness (41s)
✔ [9911/10591] Built Euler.TransversePacketJoinedField (27s)
✔ [9912/10591] Built Euler.PacketParentTransverseCosts (30s)
✔ [9913/10591] Built Euler.PacketProfileRegularity (21s)
✔ [9914/10591] Built Euler.TransversePacketPrimaryBudget (31s)
✔ [9915/10591] Built Euler.TransversePacketNormalBudget (32s)
✔ [9916/10591] Built Euler.PacketMeanGradeBounds (21s)
✔ [9917/10591] Built Euler.PacketCylinderLinearTermBudget (25s)
✔ [9918/10591] Built Euler.PacketSourceCoefficientBudget (28s)
✔ [9919/10591] Built Euler.PacketParentMeanBudget (37s)
✔ [9920/10591] Built Euler.PacketKnownPieceBounds (20s)
✔ [9921/10591] Built Euler.DriftGlobalGevreyCorrection (29s)
✔ [9922/10591] Built Euler.TransversePacketJoinedUnitBounds (62s)
✔ [9923/10591] Built Euler.PacketKnownTermScales (32s)
✔ [9924/10591] Built Euler.PacketKnownTermSums (23s)
✔ [9925/10591] Built Euler.TransversePacketJoinedEquation (22s)
✔ [9926/10591] Built Euler.TransversePacketHomogeneity (86s)
✔ [9927/10591] Built Euler.PacketParentForwardBudget (21s)
✔ [9928/10591] Built Euler.PacketResidualTailFields (16s)
✔ [9929/10591] Built Euler.PacketProfileParity (19s)
✔ [9930/10591] Built Euler.PacketFiniteProfileFields (24s)
✔ [9931/10591] Built Euler.PacketProfileStepRegularity (21s)
✔ [9932/10591] Built Euler.GlobalInviscidGevrey (46s)
✔ [9933/10591] Built Euler.PacketParentJoinedBudget (29s)
✔ [9934/10591] Built Euler.TransversePacketJoinedSupport (33s)
✔ [9935/10591] Built Euler.PacketPrimaryRegularity (12s)
✔ [9936/10591] Built Euler.PacketUnweightedAdvection (13s)
✔ [9937/10591] Built Euler.PacketTailNormalization (15s)
✔ [9938/10591] Built Euler.PacketParentNormalBudget (20s)
✔ [9939/10591] Built Euler.PacketKnownTermProfiles (11s)
✔ [9940/10591] Built Euler.PacketProfileBudget (14s)
✔ [9941/10591] Built Euler.TransversePacketJoinedPressure (59s)
✔ [9942/10591] Built Euler.PacketMaskedProductBounds (18s)
✔ [9943/10591] Built Euler.DriftViscousCorrectionFamily (17s)
✔ [9944/10591] Built Euler.PacketTailSumBounds (15s)
✔ [9945/10591] Built Euler.PacketProfilesRegularity (13s)
✔ [9946/10591] Built Euler.PacketProfileStepParity (18s)
✔ [9947/10591] Built Euler.PacketPrimaryParity (13s)
✔ [9948/10591] Built Euler.PacketShortTimePropagator (30s)
✔ [9949/10591] Built Euler.PacketFiniteParity (24s)
✔ [9950/10591] Built Euler.PacketApproximationNormalization (16s)
✔ [9951/10591] Built Euler.AllOrderCorrectionData (29s)
✔ [9952/10591] Built Euler.PacketProfileBudgetTransport (16s)
✔ [9953/10591] Built Euler.PacketBudgetTimeChange (17s)
✔ [9954/10591] Built Euler.TransversePacketJoinedCorrector (36s)
✔ [9955/10591] Built Euler.PacketProfileCoarseBounds (16s)
✔ [9956/10591] Built Euler.PacketParentLabelBudgets (28s)
✔ [9957/10591] Built Euler.TransversePacketAmplitude (53s)
✔ [9958/10591] Built Euler.ParentCoefficientPolynomial (30s)
✔ [9959/10591] Built Euler.PacketFieldTimeFreeze (30s)
✔ [9960/10591] Built Euler.PacketConstructedProfiles (12s)
✔ [9961/10591] Built Euler.TransversePacketPrimaryPaths (50s)
✔ [9962/10591] Built Euler.PacketKnownTermBounds (25s)
✔ [9963/10591] Built Euler.PacketProfilesParity (15s)
✔ [9964/10591] Built Euler.PacketFieldParityAlgebra (17s)
✔ [9965/10591] Built Euler.PacketMatrixNormalization (17s)
✔ [9966/10591] Built Euler.PacketForwardPrimary (22s)
✔ [9967/10591] Built Euler.PacketShortTimePhysicalGrowth (25s)
✔ [9968/10591] Built Euler.PacketFieldTower (21s)
✔ [9969/10591] Built Euler.FieldTowerGraph (20s)
✔ [9970/10591] Built Euler.FieldTowerRepresentative (14s)
✔ [9971/10591] Built Euler.PacketGevreyProfileChoice (15s)
✔ [9972/10591] Built Euler.PacketProfileBudgetTimeChange (17s)
✔ [9973/10591] Built Euler.CorrectionAssemblyData (26s)
✔ [9974/10591] Built Euler.DriftGevreyInviscidEnergyCompactness (45s)
✔ [9975/10591] Built Euler.AllOrderCorrectionCoherence (27s)
✔ [9976/10591] Built Euler.PacketFiniteVelocityBounds (15s)
✔ [9977/10591] Built Euler.CoefficientPathSmooth (41s)
✔ [9978/10591] Built Euler.TransversePacketJoinedCorrectorSupport (30s)
✔ [9979/10591] Built Euler.PacketFiniteAssemblyBounds (23s)
✔ [9980/10591] Built Euler.PacketSourceProfiles (15s)
✔ [9981/10591] Built Euler.PacketParentPhysicalBudgets (20s)
✔ [9982/10591] Built Euler.SmoothL2Gevrey (21s)
✔ [9983/10591] Built Euler.TransversePacketJoinedBounds (21s)
✔ [9984/10591] Built Euler.LiftedTransportTrace (20s)
✔ [9985/10591] Built Euler.PacketForcingBounds (28s)
✔ [9986/10591] Built Euler.FieldTowerGraphDerivative (26s)
✔ [9987/10591] Built Euler.TransversePacketJoinedCorrectorBounds (61s)
✔ [9988/10591] Built Euler.TransversePacketPrimaryEquation (41s)
✔ [9989/10591] Built Euler.TransversePacketPrimaryUnitBounds (55s)
✔ [9990/10591] Built Euler.PacketFieldSobolev (41s)
✔ [9991/10591] Built Euler.FieldTowerAlgebra (40s)
✔ [9992/10591] Built Euler.FieldTowerPointwiseGevrey (22s)
✔ [9993/10591] Built Euler.TransversePacketPrimaryParity (49s)
✔ [9994/10591] Built Euler.PacketProfileEnvelope (20s)
✔ [9995/10591] Built Euler.TransversePacketPrimaryHomogeneity (64s)
✔ [9996/10591] Built Euler.AllOrderDriftBudget (17s)
✔ [9997/10591] Built Euler.PacketTailProductBounds (17s)
✔ [9998/10591] Built Euler.PacketTailLinearBounds (19s)
✔ [9999/10591] Built Euler.AllOrderCorrectionBudget (24s)
✔ [10000/10591] Built Euler.FieldTowerTimeRestriction (38s)
✔ [10001/10591] Built Euler.DriftGlobalInviscidGevrey (33s)
✔ [10002/10591] Built Euler.CorrectionAssemblyCompatibility (46s)
✔ [10003/10591] Built Euler.PacketFiniteProfileBounds (17s)
✔ [10004/10591] Built Euler.CoefficientPathBounds (35s)
✔ [10005/10591] Built Euler.PacketSourceRegularity (16s)
✔ [10006/10591] Built Euler.PacketSourceParity (19s)
✔ [10007/10591] Built Euler.PacketSourceEquations (24s)
✔ [10008/10591] Built Euler.TransversePacketJoinedParity (37s)
✔ [10009/10591] Built Euler.PacketInitialFields (40s)
✔ [10010/10591] Built Euler.SobolevSourceExponent (20s)
✔ [10011/10591] Built Euler.OrdinarySmoothWords (21s)
✔ [10012/10591] Built Euler.StaticCylinderField (28s)
✔ [10013/10591] Built Euler.PhysicalGraphGevrey (24s)
✔ [10014/10591] Built Euler.CoefficientPathSobolev (57s)
✔ [10015/10591] Built Euler.PacketFieldSobolevBudget (24s)
✔ [10016/10591] Built Euler.PacketFieldMap (21s)
✔ [10017/10591] Built Euler.PacketFieldGraphBounds (20s)
✔ [10018/10591] Built Euler.AllOrderCorrectionStability (15s)
✔ [10019/10591] Built Euler.PacketTailNonlinearBounds (18s)
✔ [10020/10591] Built Euler.TransversePacketPrimaryField (25s)
✔ [10021/10591] Built Euler.FieldTowerCanonicalGraph (20s)
✔ [10022/10591] Built Euler.TransversePacketJoinedFullBounds (51s)
✔ [10023/10591] Built Euler.FieldTowerSmoothTimeField (34s)
✔ [10024/10591] Built Euler.PacketInitialAmplitude (35s)
✔ [10025/10591] Built Euler.PacketFiniteCoarseBounds (16s)
✔ [10026/10591] Built Euler.AllOrderDriftFinite (28s)
✔ [10027/10591] Built Euler.PacketSourceMeanZero (15s)
✔ [10028/10591] Built Euler.PacketSourceResidual (15s)
✔ [10029/10591] Built Euler.CorrectionAssemblyCommon (27s)
✔ [10030/10591] Built Euler.ConstantCorrectionData (48s)
✔ [10031/10591] Built Euler.CoefficientPathWeightedBounds (27s)
✔ [10032/10591] Built Euler.PacketCylinderMeanSolenoidal (19s)
✔ [10033/10591] Built Euler.TransversePacketPairAmplitude (63s)
✔ [10034/10591] Built Euler.PacketInitialSupport (18s)
✔ [10035/10591] Built Euler.OrdinaryWordConstraints (16s)
✔ [10036/10591] Built Euler.SmoothTimeAmplitudeBounds (18s)
✔ [10037/10591] Built Euler.TransversePacketJoinedProvider (30s)
✔ [10038/10591] Built Euler.SmoothL2ScalingContinuity (21s)
✔ [10039/10591] Built Euler.ParentPacketSourceData (36s)
✔ [10040/10591] Built Euler.OrdinaryFieldAlgebra (31s)
✔ [10041/10591] Built Euler.PacketCoefficientTower (24s)
✔ [10042/10591] Built Euler.PacketFieldDrift (20s)
✔ [10043/10591] Built Euler.PacketFieldTensorBounds (20s)
✔ [10044/10591] Built Euler.PacketTailGradeBounds (17s)
✔ [10045/10591] Built Euler.TransversePacketPrimaryHistory (19s)
✔ [10046/10591] Built Euler.FieldTowerPhysicalL2 (20s)
✔ [10047/10591] Built Euler.FieldTowerJetLp (23s)
✔ [10048/10591] Built Euler.TransversePacketPrimaryBounds (22s)
✔ [10049/10591] Built Euler.AllOrderCorrectionFamily (47s)
✔ [10050/10591] Built Euler.PacketInitialBounds (27s)
✔ [10051/10591] Built Euler.PacketCorrectionConstants (25s)
✔ [10052/10591] Built Euler.PacketJoinedGradeBounds (32s)
✔ [10053/10591] Built Euler.TransversePacketPrimaryCorrector (43s)
✔ [10054/10591] Built Euler.TransversePacketPrimaryPressure (44s)
✔ [10055/10591] Built Euler.PacketFiniteApproximationBounds (21s)
✔ [10056/10591] Built Euler.PacketSourcePiola (18s)
✔ [10057/10591] Built Euler.SmallCorrectionScales (19s)
✔ [10058/10591] Built Euler.PacketJoinedSourceOperators (15s)
✔ [10059/10591] Built Euler.PacketJoinedStepParity (23s)
✔ [10060/10591] Built Euler.CoefficientPathPressureBounds (28s)
✔ [10061/10591] Built Euler.CorrectionAssemblyPressure (35s)
✔ [10062/10591] Built Euler.PacketJoinedStepRegularity (25s)
✔ [10063/10591] Built Euler.OrdinaryWordTime (34s)
✔ [10064/10591] Built Euler.TransversePacketForwardNorms (36s)
✔ [10065/10591] Built Euler.ParentPacketPhysicalCoefficients (32s)
✔ [10066/10591] Built Euler.OrdinaryTransportCancellation (22s)
✔ [10067/10591] Built Euler.OrdinaryGradientInterpolation (30s)
✔ [10068/10591] Built Euler.PacketFieldSmoothTimeField (23s)
✔ [10069/10591] Built Euler.PacketFieldPhysicalSobolev (23s)
✔ [10070/10591] Built Euler.PacketPhysicalFrequencyBounds (25s)
✔ [10071/10591] Built Euler.PacketFieldJetLp (15s)
✔ [10072/10591] Built Euler.PacketPrimaryShearIdentity (32s)
✔ [10073/10591] Built Euler.PacketSourceCorrectionCoefficients (38s)
✔ [10074/10591] Built Euler.FieldTowerPhysicalContinuity (21s)
✔ [10075/10591] Built Euler.PacketPressureFastHessian (42s)
✔ [10076/10591] Built Euler.AllOrderLiftedCorrection (23s)
✔ [10077/10591] Built Euler.PacketCorrectionScalar (22s)
✔ [10078/10591] Built Euler.PacketPrimarySourceRegularity (13s)
✔ [10079/10591] Built Euler.PacketJoinedStepBudget (21s)
✔ [10080/10591] Built Euler.PacketCommonRadius (21s)
✔ [10081/10591] Built Euler.PacketApproximationBounds (18s)
✔ [10082/10591] Built Euler.SmallCorrectionBounds (14s)
✔ [10083/10591] Built Euler.PacketSourceSolenoidal (21s)
✔ [10084/10591] Built Euler.PacketPrimaryFactorization (31s)
✔ [10085/10591] Built Euler.PacketJoinedProfilesRegularity (15s)
✔ [10086/10591] Built Euler.CorrectionAssemblyRealizations (24s)
✔ [10087/10591] Built Euler.PacketCoefficientTowerBounds (30s)
✔ [10088/10591] Built Euler.PacketInitialPhysical (20s)
✔ [10089/10591] Built Euler.ParentLagrangianEuler (23s)
✔ [10090/10591] Built Euler.ParentPacketHessianSymmetry (30s)
✔ [10091/10591] Built Euler.TransversePacketForwardFullBounds (44s)
✔ [10092/10591] Built Euler.FlowL2Transport (20s)
✔ [10093/10591] Built Euler.PacketCoordinateJets (34s)
✔ [10094/10591] Built Euler.TransversePacketPrimaryFullBounds (78s)
✔ [10095/10591] Built Euler.PacketPhysicalPressureGevrey (45s)
✔ [10096/10591] Built Euler.PacketCorrectionMetric (42s)
✔ [10097/10591] Built Euler.PacketSourceFrequency (23s)
✔ [10098/10591] Built Euler.AllOrderPressureCoherence (35s)
✔ [10099/10591] Built Euler.PacketTerminalPrimaryFields (18s)
✔ [10100/10591] Built Euler.TransversePacketPrimaryRadius (15s)
✔ [10101/10591] Built Euler.PacketPrimarySourceParity (23s)
✔ [10102/10591] Built Euler.PacketMeanPressureStepBound (20s)
✔ [10103/10591] Built Euler.ParentPacketStrainEvolution (75s)
✔ [10104/10591] Built Euler.SmallCorrectionBudget (16s)
✔ [10105/10591] Built Euler.PacketRemainderBounds (20s)
✔ [10106/10591] Built Euler.PacketJoinedProfilesParity (17s)
✔ [10107/10591] Built Euler.PacketSourceCoefficientGevrey (59s)
✔ [10108/10591] Built Euler.PacketPrimaryFullShear (25s)
✔ [10109/10591] Built Euler.CorrectionAssemblyParity (21s)
✔ [10110/10591] Built Euler.PacketPhysicalFieldTower (21s)
✔ [10111/10591] Built Euler.TransversePacketForwardGradeBounds (24s)
✔ [10112/10591] Built Euler.PacketResidualTailActual (271s)
✔ [10113/10591] Built Euler.PacketPrimaryGradeBounds (24s)
✔ [10114/10591] Built Euler.VolumeSobolevComposition (34s)
✔ [10115/10591] Built Euler.PacketCorrectionSourceData (18s)
✔ [10116/10591] Built Euler.PacketCorrectionRapidDecay (18s)
✔ [10117/10591] Built Euler.PacketCoordinateResidual (36s)
✔ [10118/10591] Built Euler.PacketNormalDriftBounds (19s)
✔ [10119/10591] Built Euler.PacketPressureFastBounds (31s)
✔ [10120/10591] Built Euler.AllOrderSmoothPressure (25s)
✔ [10121/10591] Built Euler.PacketJoinedSourceProfiles (19s)
✔ [10122/10591] Built Euler.PacketCorrectionMetricTime (39s)
✔ [10123/10591] Built Euler.PacketForwardForcedBounds (18s)
✔ [10124/10591] Built Euler.PacketPrimaryScaling (21s)
✔ [10125/10591] Built Euler.PacketCorrectionCoefficientBudget (25s)
✔ [10126/10591] Built Euler.PacketProfileTailGrade (15s)
✔ [10127/10591] Built Euler.PacketPrimaryCommonRadius (12s)
✔ [10128/10591] Built Euler.PacketForwardCommonRadius (17s)
✔ [10129/10591] Built Euler.PacketTerminalPrimaryBudget (16s)
✔ [10130/10591] Built Euler.PacketForwardPrimaryBounds (31s)
✔ [10131/10591] Built Euler.GevreyCompositionLp (21s)
✔ [10132/10591] Built Euler.CommonPressureRepresentative (17s)
✔ [10133/10591] Built Euler.PacketCorrectionCoefficientParity (25s)
✔ [10134/10591] Built Euler.PacketSourceInitialMean (18s)
✔ [10135/10591] Built Euler.PacketLiftedSmallness (27s)
✔ [10136/10591] Built Euler.PacketScalarPressureGradient (30s)
✔ [10137/10591] Built Euler.LiftedSmoothTimeField (32s)
✔ [10138/10591] Built Euler.PacketCoordinateSobolev (40s)
✔ [10139/10591] Built Euler.PacketForwardStepBudget (20s)
✔ [10140/10591] Built Euler.VolumeSobolevPath (51s)
✔ [10141/10591] Built Euler.PacketJoinedSourceEquations (28s)
✔ [10142/10591] Built Euler.PacketPrimaryPressureShear (25s)
✔ [10143/10591] Built Euler.PacketForwardCoefficientBudgets (15s)
✔ [10144/10591] Built Euler.PacketPrimaryDynamics (32s)
✔ [10145/10591] Built Euler.PacketJoinedCoefficientBudgets (17s)
✔ [10146/10591] Built Euler.PacketCorrectionPrimitivePolynomial (27s)
✔ [10147/10591] Built Euler.PacketInitializedRadius (15s)
✔ [10148/10591] Built Euler.PacketProfileTailEstimates (23s)
✔ [10149/10591] Built Euler.PacketPrimaryGlobalShear (38s)
✔ [10150/10591] Built Euler.PacketCorrectionMetricBudget (50s)
✔ [10151/10591] Built Euler.GevreyJetCompositionLp (22s)
✔ [10152/10591] Built Euler.GevreyProductLp (19s)
✔ [10153/10591] Built Euler.CorrectionAssemblyReconstruction (19s)
✔ [10154/10591] Built Euler.PacketUniformFrequencyMargin (18s)
✔ [10155/10591] Built Euler.PacketForwardUniformProfiles (16s)
✔ [10156/10591] Built Euler.PacketPressureWitness (29s)
✔ [10157/10591] Built Euler.PacketScalarPressureGrade (32s)
✔ [10158/10591] Built Euler.PacketJoinedSourceConstraints (17s)
✔ [10159/10591] Built Euler.FieldTowerGraphGevrey (29s)
✔ [10160/10591] Built Euler.LiftedSmoothTimeFieldBounds (28s)
✔ [10161/10591] Built Euler.PacketJoinedSourceRegularity (22s)
✔ [10162/10591] Built Euler.CylinderJetLpMap (40s)
✔ [10163/10591] Built Euler.PacketInitializedCanonicalRadius (19s)
✔ [10164/10591] Built Euler.PacketActivationRay (25s)
✔ [10165/10591] Built Euler.GevreyFlowLpIntegration (17s)
✔ [10166/10591] Built Euler.PacketCorrectionGrowth (22s)
✔ [10167/10591] Built Euler.PacketPhysicalLowBounds (40s)
✔ [10168/10591] Built Euler.CorrectionAssemblyPressureParity (15s)
✔ [10169/10591] Built Euler.OrdinaryWordBounds (21s)
✔ [10170/10591] Built Euler.FieldTowerVolumeSobolev (63s)
✔ [10171/10591] Built Euler.PacketPrimaryUncut (47s)
✔ [10172/10591] Built Euler.PacketCorrectionMetricBounds (43s)
✔ [10173/10591] Built Euler.SmoothL2ClassicalBounds (30s)
✔ [10174/10591] Built Euler.SmoothL2GevreyCalculus (37s)
✔ [10175/10591] Built Euler.CorrectionAssemblyTime (30s)
✔ [10176/10591] Built Euler.PacketForwardInitializedProfiles (19s)
✔ [10177/10591] Built Euler.PacketForwardApproximationBounds (21s)
✔ [10178/10591] Built Euler.PacketAngularPressureStepBound (16s)
✔ [10179/10591] Built Euler.PacketPressureCovector (23s)
✔ [10180/10591] Built Euler.PacketJoinedUniformProfiles (16s)
✔ [10181/10591] Built Euler.PacketJoinedSourcePiola (16s)
✔ [10182/10591] Built Euler.PacketMeanPressureGradient (27s)
✔ [10183/10591] Built Euler.PacketJoinedSourceResidual (20s)
✔ [10184/10591] Built Euler.PacketRadiusCostPolynomial (19s)
✔ [10185/10591] Built Euler.PacketForwardScalarPressureGrade (34s)
✔ [10186/10591] Built Euler.AllOrderDriftPressure (15s)
✔ [10187/10591] Built Euler.CylinderJetLpAlgebra (28s)
✔ [10188/10591] Built Euler.OrdinaryH3Norms (19s)
✔ [10189/10591] Built Euler.OrdinaryWordInterpolation (18s)
✔ [10190/10591] Built Euler.PacketActivationSourceData (30s)
✔ [10191/10591] Built Euler.OrdinaryH3Products (22s)
✔ [10192/10591] Built Euler.SmoothCylinderGevrey (38s)
✔ [10193/10591] Built Euler.PacketSourceVolumeSobolev (31s)
✔ [10194/10591] Built Euler.PacketForwardFactorization (28s)
✔ [10195/10591] Built Euler.CompactSmoothL2Bounds (18s)
✔ [10196/10591] Built Euler.GevreyCompactProduct (19s)
✔ [10197/10591] Built Euler.ChildParticleFieldBounds (34s)
✔ [10198/10591] Built Euler.PacketCorrectionPrimitiveBounds (36s)
✔ [10199/10591] Built Euler.PacketForwardInitializedProfilesParity (17s)
✔ [10200/10591] Built Euler.PacketInitializedProfiles (18s)
✔ [10201/10591] Built Euler.PacketActivationHistory (42s)
✔ [10202/10591] Built Euler.PacketSourceResidualFields (241s)
✔ [10203/10591] Built Euler.PacketSourcePressureAssembly (14s)
✔ [10204/10591] Built Euler.PacketJoinedSourceSolenoidal (26s)
✔ [10205/10591] Built Euler.PacketPhysicalCorrectionPotential (25s)
✔ [10206/10591] Built Euler.OrdinaryTameProduct (24s)
✔ [10207/10591] Built Euler.OrdinaryFieldScaling (29s)
✔ [10208/10591] Built Euler.AllOrderDriftCorrection (60s)
✔ [10209/10591] Built Euler.OrdinaryH3Commutator (25s)
✔ [10210/10591] Built Euler.OrdinaryGradientProducts (36s)
✔ [10211/10591] Built Euler.WholeSpaceGaussianFields (41s)
✔ [10212/10591] Built Euler.PacketInitializedRadiusPolynomial (48s)
✔ [10213/10591] Built Euler.PacketActivationLipschitz (92s)
✔ [10214/10591] Built Euler.SmoothCylinderComposition (28s)
✔ [10215/10591] Built Euler.BaseEulerDatum (19s)
✔ [10216/10591] Built Euler.PacketSourceSmoothField (30s)
✔ [10217/10591] Built Euler.ParentCorrectionCostEnvelope (16s)
✔ [10218/10591] Built Euler.ChildParticleFieldTime (21s)
✔ [10219/10591] Built Euler.PacketSourcePrimitiveBounds (17s)
✔ [10220/10591] Built Euler.ChildParticleSourceBound (24s)
✔ [10221/10591] Built Euler.PacketFirstPressureSign (37s)
✔ [10222/10591] Built Euler.PacketJoinedPressureAssembly (17s)
✔ [10223/10591] Built Euler.PacketForwardPrimaryShear (35s)
✔ [10224/10591] Built Euler.PacketInitializedProfilesParity (17s)
✔ [10225/10591] Built Euler.PacketForwardInitializedPressure (11s)
✔ [10226/10591] Built Euler.PacketInitializedPressureBudgets (21s)
✔ [10227/10591] Built Euler.PacketForwardResidualBounds (17s)
✔ [10228/10591] Built Euler.PacketJoinedApproximationBounds (15s)
✔ [10229/10591] Built Euler.AllOrderDriftRadiusBounds (17s)
✔ [10230/10591] Built Euler.OrdinaryH3Energy (20s)
✔ [10231/10591] Built Euler.WholeSpaceGaussianHigh (25s)
✔ [10232/10591] Built Euler.BaseEulerGevrey (29s)
✔ [10233/10591] Built Euler.CorrectionAssemblySourceTower (42s)
✔ [10234/10591] Built Euler.AllOrderDriftEquation (44s)
✔ [10235/10591] Built Euler.PacketSourceRadiusPolynomial (38s)
✔ [10236/10591] Built Euler.PacketActivationData (57s)
✔ [10237/10591] Built Euler.PacketForwardPressureBudgets (25s)
✔ [10238/10591] Built Euler.PacketPressureRemainder (19s)
✔ [10239/10591] Built Euler.SmoothCylinderAccelerationLp (47s)
✔ [10240/10591] Built Euler.OrdinaryTameEnergy (16s)
✔ [10241/10591] Built Euler.PacketForwardInitializedBounds (20s)
✔ [10242/10591] Built Euler.WholeSpaceGaussianElliptic (16s)
✔ [10243/10591] Built Euler.PacketEulerianRegularity (44s)
✔ [10244/10591] Built Euler.OrdinaryEulerDifference (22s)
✔ [10245/10591] Built Euler.BaseEulerUniform (16s)
✔ [10246/10591] Built Euler.AllOrderDriftPressureBounds (19s)
✔ [10247/10591] Built Euler.AllOrderDriftGraph (22s)
✔ [10248/10591] Built Euler.WholeSpaceLogarithmic (14s)
✔ [10249/10591] Built Euler.SmoothCylinderAccelerationComposition (19s)
✔ [10250/10591] Built Euler.PacketForwardRadiusPolynomial (22s)
✔ [10251/10591] Built Euler.PacketForwardInitializedCorrectionData (16s)
✔ [10252/10591] Built Euler.PacketActivationFrame (23s)
✔ [10253/10591] Built Euler.OrdinaryGradientEnergy (19s)
✔ [10254/10591] Built Euler.OrdinaryH3Envelope (21s)
✔ [10255/10591] Built Euler.EvolutionTimeShift (20s)
✔ [10256/10591] Built Euler.PacketForwardCanonicalRadius (12s)
✔ [10257/10591] Built Euler.CorrectionSmoothTimeField (19s)
✔ [10258/10591] Built Euler.AllOrderDriftResidualBounds (16s)
✔ [10259/10591] Built Euler.PacketForwardInitializedSolenoidal (14s)
✔ [10260/10591] Built Euler.PacketForwardInitializedResidualEquation (18s)
✔ [10261/10591] Built Euler.AllOrderDriftPointwiseBounds (20s)
✔ [10262/10591] Built Euler.PacketForwardInitializedCorrectionNorms (17s)
✔ [10263/10591] Built Euler.PacketForwardInitializedFieldParity (15s)
✔ [10264/10591] Built Euler.PhysicalGraphFlowBounds (27s)
✔ [10265/10591] Built Euler.PacketActivationInitial (20s)
✔ [10266/10591] Built Euler.PacketForwardInitializedTimeBounds (14s)
✔ [10267/10591] Built Euler.OrdinaryEulerStability (21s)
✔ [10268/10591] Built Euler.PacketForwardInitializedSpatialBudget (15s)
✔ [10269/10591] Built Euler.PacketForwardInitializedCorrectionParity (14s)
✔ [10270/10591] Built Euler.PacketForwardRemainder (21s)
✔ [10271/10591] Built Euler.PhysicalGraphFlowSupBounds (13s)
✔ [10272/10591] Built Euler.PacketGraphFlowFieldBounds (16s)
✔ [10273/10591] Built Euler.PhysicalGraphTimeFields (18s)
✔ [10274/10591] Built Euler.PacketActivationNeighbor (18s)
✔ [10275/10591] Built Euler.H3CurlConvergence (17s)
✔ [10276/10591] Built Euler.PacketActivationConstructed (20s)
✔ [10277/10591] Built Euler.OrdinaryEulerRestriction (15s)
✔ [10278/10591] Built Euler.PhysicalChildFields (17s)
✔ [10279/10591] Built Euler.OrdinaryEulerL2Stability (21s)
✔ [10280/10591] Built Euler.PacketForwardPressureRemainder (20s)
✔ [10281/10591] Built Euler.PacketForwardInitializedAllOrderBudget (25s)
✔ [10282/10591] Built Euler.PhysicalChildStructure (15s)
✔ [10283/10591] Built Euler.OrdinaryEulerVaryingHorizon (16s)
✔ [10284/10591] Built Euler.PhysicalChildSourceBound (14s)
✔ [10285/10591] Built Euler.OrdinaryVariableGronwall (13s)
✔ [10286/10591] Built Euler.OrdinaryQuadraticControl (15s)
✔ [10287/10591] Built Euler.PacketGraphFlowSupBounds (31s)
✔ [10288/10591] Built Euler.OrdinaryEulerHigherEnergy (17s)
✔ [10289/10591] Built Euler.PacketForwardInitializedCorrectionChoice (15s)
✔ [10290/10591] Built Euler.PacketUniversalFrequency (10s)
✔ [10291/10591] Built Euler.PacketSourceGeometryData (33s)
✔ [10292/10591] Built Euler.PhysicalChildParent (16s)
✔ [10293/10591] Built Euler.PacketJoinedResidualFields (242s)
✔ [10294/10591] Built Euler.PacketForwardHessianError (23s)
✔ [10295/10591] Built Euler.OrdinaryEulerGradientControl (17s)
✔ [10296/10591] Built Euler.PacketJoinedResidualBounds (18s)
✔ [10297/10591] Built Euler.PhysicalChildVelocity (18s)
✔ [10298/10591] Built Euler.ParentPacketLabelData (23s)
✔ [10299/10591] Built Euler.ParentFrameReframe (24s)
✔ [10300/10591] Built Euler.OrdinaryGradientStability (16s)
✔ [10301/10591] Built Euler.PacketGraphFlowExplicitBounds (39s)
✔ [10302/10591] Built Euler.OrdinaryEulerVorticity (21s)
✔ [10303/10591] Built Euler.OrdinaryCauchyInterpolation (41s)
✔ [10304/10591] Built Euler.PacketInitializedBounds (14s)
✔ [10305/10591] Built Euler.PacketSourceGeometryAssembly (33s)
✔ [10306/10591] Built Euler.OrdinaryEulerRescaling (19s)
✔ [10307/10591] Built Euler.ParentPacketGeometryFrame (40s)
✔ [10308/10591] Built Euler.ParentPacketRestriction (17s)
✔ [10309/10591] Built Euler.ParentPacketScaledBounds (19s)
✔ [10310/10591] Built Euler.OrdinaryVorticityCoordinates (17s)
✔ [10311/10591] Built Euler.PacketInitializedCorrectionData (13s)
✔ [10312/10591] Built Euler.PacketSourceGeometryGrowth (14s)
✔ [10313/10591] Built Euler.OrdinarySobolevTower (28s)
✔ [10314/10591] Built Euler.ParentPacketJoinedInput (18s)
✔ [10315/10591] Built Euler.ParentPacketForwardInput (16s)
✔ [10316/10591] Built Euler.OrdinaryLogarithmicGradient (16s)
✔ [10317/10591] Built Euler.PacketForwardGeometryData (30s)
✔ [10318/10591] Built Euler.ParentPacketPhysicalFrame (25s)
✔ [10319/10591] Built Euler.BaseEulerGuards (23s)
✔ [10320/10591] Built Euler.ParentStageHorizon (24s)
✔ [10321/10591] Built Euler.PacketInitializedResidualEquation (18s)
✔ [10322/10591] Built Euler.PacketInitializedSolenoidal (16s)
✔ [10323/10591] Built Euler.PacketInitializedCorrectionNorms (16s)
✔ [10324/10591] Built Euler.ParentPacketNeighborBounds (40s)
✔ [10325/10591] Built Euler.PacketInitializedFieldParity (25s)
✔ [10326/10591] Built Euler.OrdinaryStrongTime (24s)
✔ [10327/10591] Built Euler.ParentPacketHistoryLowBounds (23s)
✔ [10328/10591] Built Euler.PacketGeometryLowBounds (31s)
✔ [10329/10591] Built Euler.ParentInitializedRadiusPolynomial (32s)
✔ [10330/10591] Built Euler.OrdinaryHelmholtzField (33s)
✔ [10331/10591] Built Euler.PacketForwardGeometryAssembly (21s)
✔ [10332/10591] Built Euler.PacketInitializedTimeBounds (20s)
✔ [10333/10591] Built Euler.ParentPacketPrimaryCenter (29s)
✔ [10334/10591] Built Euler.PacketInitializedSpatialBudget (18s)
✔ [10335/10591] Built Euler.PacketInitializedCorrectionParity (18s)
✔ [10336/10591] Built Euler.BaseEulerSign (33s)
✔ [10337/10591] Built Euler.ParentStageDirection (42s)
✔ [10338/10591] Built Euler.PacketInitializedRemainder (29s)
✔ [10339/10591] Built Euler.OrdinarySmoothLimit (56s)
✔ [10340/10591] Built Euler.ParentForwardGeometryGuards (23s)
✔ [10341/10591] Built Euler.ParentPacketHistoryNeighbor (30s)
✔ [10342/10591] Built Euler.PacketParameterEnvelope (21s)
✔ [10343/10591] Built Euler.OrdinaryEulerUniqueness (17s)
✔ [10344/10591] Built Euler.CompactProjectedPairing (14s)
✔ [10345/10591] Built Euler.OrdinaryEulerKineticEnergy (15s)
✔ [10346/10591] Built Euler.PacketForwardGeometryLowBounds (17s)
✔ [10347/10591] Built Euler.PacketInitializedInitial (16s)
✔ [10348/10591] Built Euler.PacketInitializedAllOrderBudget (22s)
✔ [10349/10591] Built Euler.ParentShortForwardRadius (32s)
✔ [10350/10591] Built Euler.PacketInitializedPressureRemainder (24s)
✔ [10351/10591] Built Euler.SmoothL2Series (29s)
✔ [10352/10591] Built Euler.ParentPacketHistoryPolynomial (26s)
✔ [10353/10591] Built Euler.OrdinaryEulerLogarithmicControl (20s)
✔ [10354/10591] Built Euler.PacketFirstLowBounds (19s)
✔ [10355/10591] Built Euler.PacketGeometryControlledGrowth (21s)
✔ [10356/10591] Built Euler.OrdinaryAdvectionLimit (36s)
✔ [10357/10591] Built Euler.ParentPacketGeometryGuards (44s)
✔ [10358/10591] Built Euler.PacketInitializedCorrectionBounds (17s)
✔ [10359/10591] Built Euler.PacketInitializedCorrectionChoice (24s)
✔ [10360/10591] Built Euler.OrdinarySmoothingOperator (50s)
✔ [10361/10591] Built Euler.ParentForwardGeometryInput (21s)
✔ [10362/10591] Built Euler.PacketInitializedHessianError (31s)
✔ [10363/10591] Built Euler.PacketGeometryJoinedBudget (20s)
✔ [10364/10591] Built Euler.ParentPacketNeighborPolynomial (35s)
✔ [10365/10591] Built Euler.OrdinaryEulerLimit (29s)
✔ [10366/10591] Built Euler.PacketFiveCostPolynomial (48s)
✔ [10367/10591] Built Euler.PacketInitializedExactLifted (34s)
✔ [10368/10591] Built Euler.OrdinaryRegularizer (24s)
✔ [10369/10591] Built Euler.PacketForwardInitializedCorrectionEstimates (40s)
✔ [10370/10591] Built Euler.ParentPacketGeometryInput (18s)
✔ [10371/10591] Built Euler.OrdinaryRegularizedEquation (28s)
✔ [10372/10591] Built Euler.PacketInitializedCorrectionEstimateChoice (39s)
✔ [10373/10591] Built Euler.PacketGeometryProfileEnvelope (16s)
✔ [10374/10591] Built Euler.ParentForwardRadiusPolynomial (28s)
✔ [10375/10591] Built Euler.ParentPacketNeighborScaleGuard (15s)
✔ [10376/10591] Built Euler.ParentPacketParameterCaps (17s)
✔ [10377/10591] Built Euler.OrdinaryEulerCauchy (20s)
✔ [10378/10591] Built Euler.AllOrderDriftFieldDecomposition (17s)
✔ [10379/10591] Built Euler.CompactProjectedEulerLaw (109s)
✔ [10380/10591] Built Euler.PacketForwardInitializedExactLifted (20s)
✔ [10381/10591] Built Euler.ComparatorEvolutionIdentification (113s)
✔ [10382/10591] Built Euler.PacketCorrectionOutputPolynomial (29s)
✔ [10383/10591] Built Euler.PacketFiveCostGuards (31s)
✔ [10384/10591] Built Euler.PacketInitializedPointwiseChoice (21s)
✔ [10385/10591] Built Euler.ParentNeighborThreshold (17s)
✔ [10386/10591] Built Euler.OrdinaryGradientLimit (16s)
✔ [10387/10591] Built Euler.ExactLiftedPointwise (35s)
✔ [10388/10591] Built Euler.PacketLiftedCoefficient (20s)
✔ [10389/10591] Built Euler.PacketExactShearError (22s)
✔ [10390/10591] Built Euler.OrdinaryEulerLocalCauchy (15s)
✔ [10391/10591] Built Euler.ParentPacketBadRatioPolynomial (26s)
✔ [10392/10591] Built Euler.OrdinaryRegularizedFlow (37s)
✔ [10393/10591] Built Euler.PacketInitializedUniformCosts (18s)
✔ [10394/10591] Built Euler.PacketInitializedPhysicalChoice (23s)
✔ [10395/10591] Built Euler.PacketLiftedParity (14s)
✔ [10396/10591] Built Euler.OrdinaryEulerEndpoint (17s)
✔ [10397/10591] Built Euler.PacketInitializedInitialExact (15s)
✔ [10398/10591] Built Euler.OrdinaryRegularizationError (18s)
✔ [10399/10591] Built Euler.PacketPressureScaleCosts (22s)
✔ [10400/10591] Built Euler.SmallCorrectionResidual (28s)
✔ [10401/10591] Built Euler.PacketInitializedParameterBounds (13s)
✔ [10402/10591] Built Euler.PacketExactGlobalShear (26s)
✔ [10403/10591] Built Euler.OrdinaryRegularizedEnergy (18s)
✔ [10404/10591] Built Euler.PacketInitializedUniformBudget (17s)
✔ [10405/10591] Built Euler.ExactLiftedJointDifferentiability (34s)
✔ [10406/10591] Built Euler.OrdinaryEulerLifespan (12s)
✔ [10407/10591] Built Euler.PacketLiftedCoefficientBounds (37s)
✔ [10408/10591] Built Euler.PacketInitialSmoothFields (13s)
✔ [10409/10591] Built Euler.SmallCorrectionParity (13s)
✔ [10410/10591] Built Euler.StaticEulerCorrection (15s)
✔ [10411/10591] Built Euler.PacketForwardUniformCosts (13s)
✔ [10412/10591] Built Euler.OrdinaryPerturbedEnergy (19s)
✔ [10413/10591] Built Euler.PacketGeometryPressureCosts (21s)
✔ [10414/10591] Built Euler.PacketInitializedPhysicalFieldsChoice (35s)
✔ [10415/10591] Built Euler.PhysicalChildPacketMatch (17s)
✔ [10416/10591] Built Euler.ExactLiftedGraphPressure (15s)
✔ [10417/10591] Built Euler.PacketInitializedUniformBounds (26s)
✔ [10418/10591] Built Euler.OrdinaryEulerConcatenation (20s)
✔ [10419/10591] Built Euler.PacketExactSourceEquation (26s)
✔ [10420/10591] Built Euler.StaticEulerWeightedBounds (19s)
✔ [10421/10591] Built Euler.PacketPressureSeries (15s)
✔ [10422/10591] Built Euler.OrdinaryEulerMaximal (23s)
✔ [10423/10591] Built Euler.PacketInitializedHessianChoice (19s)
✔ [10424/10591] Built Euler.OrdinaryRegularizedCauchy (24s)
✔ [10425/10591] Built Euler.PacketLiftedTimeBounds (33s)
✔ [10426/10591] Built Euler.PacketWeightedPhysicalErrors (31s)
✔ [10427/10591] Built Euler.PacketExactPressureError (21s)
✔ [10428/10591] Built Euler.ParentNormalizedGeometry (28s)
✔ [10429/10591] Built Euler.OrdinaryEulerSobolevClass (21s)
✔ [10430/10591] Built Euler.PacketExactPhysicalMomentum (20s)
✔ [10431/10591] Built Euler.PacketForwardUniformBudget (29s)
✔ [10432/10591] Built Euler.PacketForwardExactFields (33s)
✔ [10433/10591] Built Euler.PacketCommonScaleChoice (25s)
✔ [10434/10591] Built Euler.PacketLiftedFlowData (24s)
✔ [10435/10591] Built Euler.OrdinaryEulerLocalExistence (25s)
✔ [10436/10591] Built Euler.ParentNormalizedEuler (22s)
✔ [10437/10591] Built Euler.ParentParticleInverse (24s)
✔ [10438/10591] Built Euler.PacketExactPhysicalDivergence (20s)
✔ [10439/10591] Built Euler.PacketExactGlobalChoice (31s)
✔ [10440/10591] Built Euler.PacketForwardExactPressureError (21s)
✔ [10441/10591] Built Euler.PacketForwardInitialSupport (19s)
✔ [10442/10591] Built Euler.PacketForwardGlobalShear (34s)
✔ [10443/10591] Built Euler.PacketPhysicalCostPolynomial (35s)
✔ [10444/10591] Built Euler.PacketForwardInitializedFlowBounds (29s)
✔ [10445/10591] Built Euler.OrdinaryEulerContinuation (29s)
✔ [10446/10591] Built Euler.ParentPacketSobolevFields (29s)
✔ [10447/10591] Built Euler.ParentParticleRegularity (21s)
✔ [10448/10591] Built Euler.PacketExactPhysicalEuler (35s)
✔ [10449/10591] Built Euler.ConstantEulerGraph (94s)
✔ [10450/10591] Built Euler.OrdinaryEulerClassicalClass (68s)
✔ [10451/10591] Built Euler.OrdinaryBKMReduction (16s)
✔ [10452/10591] Built Euler.ParentPacketParity (24s)
✔ [10453/10591] Built Euler.OrdinaryMaximalVorticity (16s)
✔ [10454/10591] Built Euler.BaseEulerParent (24s)
✔ [10455/10591] Built Euler.PacketInitializedOutputCosts (24s)
✔ [10456/10591] Built Euler.OrdinaryEulerNontriviality (18s)
✔ [10457/10591] Built Euler.PacketForwardInitializedFlowAndShear (28s)
✔ [10458/10591] Built Euler.ComparatorIdentification (101s)
✔ [10459/10591] Built Euler.ParentEulerState (17s)
✔ [10460/10591] Built Euler.PacketExactEulerianField (18s)
✔ [10461/10591] Built Euler.PacketInitializedFlowAndShear (38s)
✔ [10462/10591] Built Euler.StaticEulerTime (18s)
✔ [10463/10591] Built Euler.ParentPacketCorrectionParity (20s)
✔ [10464/10591] Built Euler.BaseEulerParity (14s)
✔ [10465/10591] Built Euler.StaticEulerSolution (26s)
✔ [10466/10591] Built Euler.OrdinaryMaximalVorticityIntegral (18s)
✔ [10467/10591] Built Euler.PacketSourceUniformEnvelope (16s)
✔ [10468/10591] Built Euler.PacketForwardOutputCosts (24s)
✔ [10469/10591] Built Euler.PacketPressureSymmetry (22s)
✔ [10470/10591] Built Euler.ParentEulerParity (17s)
✔ [10471/10591] Built Euler.ParentEulerLowBounds (19s)
✔ [10472/10591] Built Euler.BaseEulerFlowL2 (33s)
✔ [10473/10591] Built Euler.PacketForwardInitializedChildShear (27s)
✔ [10474/10591] Built Euler.ParentEulerSobolev (18s)
✔ [10475/10591] Built Euler.OrdinaryEulerBKM (18s)
✔ [10476/10591] Built Euler.ParentPacketExactEuler (35s)
✔ [10477/10591] Built Euler.StaticEulerRegularity (22s)
✔ [10478/10591] Built Euler.PacketInitializedChildBounds (26s)
✔ [10479/10591] Built Euler.PacketInitialCostPolynomial (21s)
✔ [10480/10591] Built Euler.PacketGeometryInitialAmplitude (20s)
✔ [10481/10591] Built Euler.StaticEulerParity (23s)
✔ [10482/10591] Built Euler.PacketInitializedUniformFlow (37s)
✔ [10483/10591] Built Euler.ParentForwardUniformCosts (32s)
✔ [10484/10591] Built Euler.ParentOrdinaryEvolution (17s)
✔ [10485/10591] Built Euler.BaseEulerLabelData (20s)
✔ [10486/10591] Built Euler.ParentEulerEndpoints (22s)
✔ [10487/10591] Built Euler.ParentInitializedUniformCosts (28s)
✔ [10488/10591] Built Euler.PacketCurlTransport (27s)
✔ [10489/10591] Built Euler.ParentPacketForwardChildChoice (26s)
✔ [10490/10591] Built Euler.ParentPacketExactDivergence (20s)
✔ [10491/10591] Built Euler.StaticEulerForceField (17s)
✔ [10492/10591] Built Euler.PacketForwardUniformFlow (39s)
✔ [10493/10591] Built Euler.CompactVorticityTimeUpgrade (109s)
✔ [10494/10591] Built Euler.ParentPacketExactPressure (30s)
✔ [10495/10591] Built Euler.ParentPacketChildChoice (24s)
✔ [10496/10591] Built Euler.StaticEulerGevrey (27s)
✔ [10497/10591] Built Euler.PacketUniformInitialBounds (25s)
✔ [10498/10591] Built Euler.PacketInitializedUniformChild (25s)
✔ [10499/10591] Built Euler.PacketForwardUniformChild (24s)
✔ [10500/10591] Built Euler.ParentChildEulerMatch (20s)
✔ [10501/10591] Built Euler.PacketInitialPolynomialBounds (17s)
✔ [10502/10591] Built Euler.PacketChildFieldMatch (22s)
✔ [10503/10591] Built Euler.ParentUniformJoinedChild (21s)
✔ [10504/10591] Built Euler.BaseStaticEuler (23s)
✔ [10505/10591] Built Euler.ParentEulerChild (18s)
✔ [10506/10591] Built Euler.ParentForwardInitialSupport (17s)
✔ [10507/10591] Built Euler.ParentUniformForwardChild (27s)
✔ [10508/10591] Built Euler.BaseEulerInput (16s)
✔ [10509/10591] Built Euler.ParentGeometryInitialBounds (23s)
✔ [10510/10591] Built Euler.CompactVorticityContradiction (86s)
✔ [10511/10591] Built Euler.ComparatorLocalEvolution (49s)
✔ [10512/10591] Built Euler.BaseEulerSobolev (6.9s)
✔ [10513/10591] Built Euler.ParentEulerSobolevChild (10s)
✔ [10514/10591] Built Euler.PacketChildLowBounds (26s)
✔ [10515/10591] Built Euler.PacketInitialInput (7.4s)
✔ [10516/10591] Built Euler.ParentState (4.6s)
✔ [10517/10591] Built Euler.BaseEulerState (6.0s)
✔ [10518/10591] Built Euler.PacketInitialSummability (5.3s)
✔ [10519/10591] Built Euler.ParentInitializedState (7.6s)
✔ [10520/10591] Built Euler.BaseSmoothState (6.1s)
✔ [10521/10591] Built Euler.ParentStateGeometry (9.1s)
✔ [10522/10591] Built Euler.PacketForwardChildLowBounds (13s)
✔ [10523/10591] Built Euler.PacketInitialSmoothLimit (9.9s)
✔ [10524/10591] Built Euler.ParentPacketStateGeometry (10s)
✔ [10525/10591] Built Euler.ParentPacketInitialLowBounds (13s)
✔ [10526/10591] Built Euler.BasePacketSetup (15s)
✔ [10527/10591] Built Euler.PacketInitialExactLimit (12s)
✔ [10528/10591] Built Euler.ParentRenewalParameters (16s)
✔ [10529/10591] Built Euler.ParentHomogeneousPacketLowBounds (22s)
✔ [10530/10591] Built Euler.PacketLowConstants (15s)
✔ [10531/10591] Built Euler.ParentPacketChildLowGuards (17s)
✔ [10532/10591] Built Euler.BasePacketFrameValues (17s)
✔ [10533/10591] Built Euler.ParentRenewalScaleCosts (19s)
✔ [10534/10591] Built Euler.BasePacketUniformCosts (22s)
✔ [10535/10591] Built Euler.ParentFirstPacketLowGuards (18s)
✔ [10536/10591] Built Euler.BasePacketLowBounds (18s)
✔ [10537/10591] Built Euler.ParentNormalPacketParameters (12s)
✔ [10538/10591] Built Euler.ParentRenewalScaleApplication (13s)
✔ [10539/10591] Built Euler.BasePacketFrequencyCost (12s)
✔ [10540/10591] Built Euler.NormalPacketFrequencyGuards (11s)
✔ [10541/10591] Built Euler.ParentForwardNormalParameters (11s)
✔ [10542/10591] Built Euler.BaseFirstPacketScales (9.0s)
✔ [10543/10591] Built Euler.ParentGeometryForwardChoice (60s)
✔ [10544/10591] Built Euler.PacketInductionScales (5.8s)
✔ [10545/10591] Built Euler.ParentGeometryJoinedChoice (52s)
✔ [10546/10591] Built Euler.PacketInductionScaleBounds (6.3s)
✔ [10547/10591] Built Euler.ParentTargetRenewal (60s)
✔ [10548/10591] Built Euler.BaseFirstPacket (35s)
✔ [10549/10591] Built Euler.ParentGeometryChoiceLow (21s)
✔ [10550/10591] Built Euler.ParentGeometryChoiceCenter (25s)
✔ [10551/10591] Built Euler.ParentGeometryChoiceRenewal (6.0s)
✔ [10552/10591] Built Euler.BaseFirstPacketChoice (22s)
✔ [10553/10591] Built Euler.BaseLiteralFirstPacket (3.3s)
✔ [10554/10591] Built Euler.ParentGeometryChoiceInitial (15s)
✔ [10555/10591] Built Euler.ParentChoiceInitialSupport (2.9s)
✔ [10556/10591] Built Euler.BaseFirstPacketEvolution (14s)
✔ [10557/10591] Built Euler.BaseFirstPacketFrame (4.8s)
✔ [10558/10591] Built Euler.PacketInductionStage (2.9s)
✔ [10559/10591] Built Euler.PacketStageLocalExistence (7.5s)
✔ [10560/10591] Built Euler.PacketStageLowPropagation (7.7s)
✔ [10561/10591] Built Euler.PacketStageRestriction (8.6s)
✔ [10562/10591] Built Euler.PacketStageGrowth (8.7s)
✔ [10563/10591] Built Euler.PacketStagePhysicalBounds (4.2s)
✔ [10564/10591] Built Euler.PacketStageContradiction (4.5s)
✔ [10565/10591] Built Euler.PacketStageGeometry (6.8s)
✔ [10566/10591] Built Euler.PacketStageGuards (4.4s)
✔ [10567/10591] Built Euler.BaseInductionStage (21s)
✔ [10568/10591] Built Euler.PacketStageInputs (5.7s)
✔ [10569/10591] Built Euler.PacketStageEstimates (5.7s)
✔ [10570/10591] Built Euler.PacketStageInitialLimit (9.0s)
✔ [10571/10591] Built Euler.PacketForwardSuccessor (12s)
✔ [10572/10591] Built Euler.PacketInitialDatumSupport (6.3s)
✔ [10573/10591] Built Euler.PacketJoinedSuccessor (23s)
✔ [10574/10591] Built Euler.PacketInfiniteConstruction (2.1s)
✔ [10575/10591] Built Euler.BaseFirstPacketSupport (31s)
✔ [10576/10591] Built Euler.PacketFiniteLifespan (3.7s)
✔ [10577/10591] Built Euler.StageDisplacementConfinement (4.2s)
✔ [10578/10591] Built Euler.CanonicalPacketHorizons (2.2s)
✔ [10579/10591] Built Euler.PacketFirstStageSupport (12s)
✔ [10580/10591] Built Euler.StageInitialSupport (9.2s)
✔ [10581/10591] Built Euler.StageVorticityConfinement (1.9s)
✔ [10582/10591] Built Euler.EulerFiniteLifespan (12s)
✔ [10583/10591] Built Euler.CanonicalVorticityConfinement (2.1s)
✔ [10584/10591] Built Euler.EulerC1Breakdown (2.9s)
✔ [10585/10591] Built Euler.EulerC1Limsup (2.1s)
✔ [10586/10591] Built Euler.EulerSingularity (2.2s)
✔ [10587/10591] Built Euler.ComparatorSingularityNorms (5.4s)
✔ [10588/10591] Built Euler.ComparatorSobolevEvolution (6.3s)
✔ [10589/10591] Built Euler.ComparatorMaximalFields (3.7s)
✔ [10590/10591] Built Euler.ComparatorMaximalSolution (3.9s)
ℹ [10591/10591] Built Euler.Solution (3.5s)
info: Euler/Solution.lean:73:0: 'Euler.euler_breakdown_R3' depends on axioms: [propext, Classical.choice, Quot.sound]
info: Euler/Solution.lean:75:0: 'Euler.exists_compact_smooth_euler_singularity' depends on axioms: [propext, Classical.choice, Quot.sound]
Build completed successfully (10591 jobs).
Exporting #[Nat, String, String.mk, Char, Quot, Quot.mk, Quot.lift, Quot.ind, Euler.euler_breakdown_R3, Euler.exists_compact_smooth_euler_singularity, propext, Quot.sound, Classical.choice, Nat.add, Nat.sub, Nat.mul, Nat.pow, Nat.gcd, Nat.div, Nat.mod, Nat.beq, Nat.ble, Nat.land, Nat.lor, Nat.xor, Nat.shiftLeft, Nat.shiftRight, String.ofList, Char.ofNat, List, eagerReduce] from Euler.Solution
Running nanoda kernel on solution
nanoda kernel accepts the solution
Running Lean default kernel on solution.
Lean default kernel accepts the solution
Your solution is okay!
